inr,project,source,entity,detail
15INR0064b,Harald (BearKat Wind B),eia860m/Planned,"McCrae Wind Energy II, LLC","plant=McCrae Wind Energy II 162.1MW (TS) Construction complete, but not yet  @31.75404,-101.6752 planned=2026-06"
16INR0049,Nazareth Solar,puct-index,(parse failed — read description),"Prj. 35077 - Sharyland Utilities, L.P. Generation Interconnection Agreement with TX Nazareth Solar, LLC"
16INR0049,Nazareth Solar,puct-index,"TX Nazareth Solar, LLC","Prj. 35077 - Amendment No. 1 to Generation Interconnection Agreement between Sharyland Utilities, L.P. and TX "
16INR0049,Nazareth Solar,puct-index,"TX Nazareth Solar, LLC","Interconnection agreement between Oncor Electric Delivery Company LLC and TX Nazareth Solar, LLC"
16INR0049,Nazareth Solar,puct-index,"TX Nazareth Solar, LLC",Amendment No. 1 to the Standard Generation Interconnection Agreement between Oncor Electric Delivery Company L
16INR0081,Mesteno Wind,eia860m/Operating,Duke Energy Renewables Services,"plant=Los Vientos Windpower III 200.0MW (OP) Operating @26.38861,-98.80611 planned="
16INR0081,Mesteno Wind,eia860m/Operating,Duke Energy Renewables Services,"plant=Los Vientos Windpower IV 200.0MW (OP) Operating @26.38056,-98.81833 planned="
16INR0081,Mesteno Wind,eia860m/Operating,Duke Energy Renewables Services,"plant=Mesteno 201.6MW (OP) Operating @26.52369,-98.74552 planned="
16INR0085,Priddy Wind ,eia860m/Operating,Engie North America,"plant=Priddy Wind Project 302.4MW (OP) Operating @31.5481,-98.49491 planned="
16INR0085,Priddy Wind ,puct-index,Priddy Wind Project LLC,Interconnection Agreement between Oncor Electric Delivery Company LLC and Priddy Wind Project LLC
16INR0104,Big Sampson Wind ,eia860m/Planned,"Big Sampson Wind Project, LLC","plant=Big Sampson Wind 265.0MW (TS) Construction complete, but not yet  @30.98188,-101.8505 planned=2026-06"
16INR0104,Big Sampson Wind ,puct-index,Big Sampson Wind Project LLC,ERCOT Standard Generation Interconnection Agreement between LCRA Transmission Services Corporation and Big Sam
16INR0104,Big Sampson Wind ,puct-index,"Big Sampson Wind Project, LLC",Amended and Restated ERCOT Standard Generation Interconnection Agreement between LCRA Transmission Services Co
16INR0104,Big Sampson Wind ,puct-index,"Big Sampson Wind Project, LLC",First Amendment to the Amended and Restated ERCOT Standard Interconnection Agreement between LCRA Transmission
16INR0104,Big Sampson Wind ,puct-index,"Big Sampson Wind Project, LLC",Second Amendment to the Amended and Restated ERCOT Standard Interconnection Agreement between LCRA Transmissio
18INR0031,Maryneal Wind,eia860m/Operating,Duke Energy Renewables Services,"plant=Maryneal Windpower 182.4MW (OP) Operating @32.19937,-100.4919 planned="
18INR0031,Maryneal Wind,puct-index,(parse failed — read description),ERCOT Standard Generation Interconnection Agreement between LCRA Transmission Services Corporation and Sweetwa
18INR0031,Maryneal Wind,puct-index,(parse failed — read description),First Amendment to the ERCOT Standard Generation Interconnection Agreement between LCRA Transmission Services 
18INR0031,Maryneal Wind,puct-index,(parse failed — read description),Second Amendment to the ERCOT Standard General Interconnection Agreement between LCRA Transmission Services Co
19INR0002,Grandfalls Solar,eia860m/Planned,"King Mountain Solar, LLC","plant=King Mountain Solar 175.0MW (V) Under construction, more than 50 per @31.23593,-102.1229 planned=2026-12"
19INR0002,Grandfalls Solar,eia860m/Operating,Upton County Solar 2 LLC,"plant=Castle Gap Solar Hybrid 180.0MW (OP) Operating @31.255,-102.272 planned="
19INR0041,Myrtle Solar,eia860m/Planned,"Myrtle Solar, LLC","plant=Myrtle Solar, LLC 313.0MW (TS) Construction complete, but not yet  @29.22849,-95.42744 planned=2026-07"
19INR0041,Myrtle Solar,puct-index,"MYRTLE SOLAR, LLC","ERCOT STANDARD GENERATION INTERCONNECTION AGREEMENT BETWEEN CENTERPOINT ENERGY HOUSTON ELECTRIC, LLC AND MYRTL"
19INR0041,Myrtle Solar,puct-index,Myrtle Solar,P35077 - ERCOT SGIA between Myrtle Solar and CEHE for Myrtle Solar II.pdf
19INR0041,Myrtle Solar,puct-index,"MYRTLE SOLAR, LLC",AMENDMENT ONE TO THE ERCOT STANDARD GENERATION INTERCONNECTION AGREEMENT BETWEEN CENTERPOINT ENERGY HOUSTON EL
19INR0100,Prairie Hill Wind,puct-index,"Prairie Hill Wind Project, LLC","Interconnection Agreement between Oncor Electric Delivery Company LLC and Prairie Hill Wind Project, LLC"
19INR0103,Rodeo Solar,puct-index,"Core Solar SPV I, LLC","Interconnection Agreement between Oncor Electric Delivery Company LLC and Core Solar SPV I, LLC (Rodeo Solar)"
19INR0103,Rodeo Solar,puct-index,Core Solar SPV I LLC,Amendment No. 2 to the Generation Interconnection Agreement between Oncor Electric Delivery Company LLC and Co
19INR0110,Azalea Springs Solar ,eia860m/Operating,Azalea Springs Solar Park LLC,"plant=Azalea Springs Solar Park 180.0MW (OP) Operating @31.40391,-94.8719 planned="
19INR0110,Azalea Springs Solar ,puct-index,"Azalea Springs Solar Park, LLC","Interconnection agreement between Oncor Electric Delivery Company LLC and Azalea Springs Solar Park, LLC"
19INR0110,Azalea Springs Solar ,puct-index,"Azalea Springs Solar Park, LLC",Amendment No. 1 to the Standard Generation Interconnection Agreement between Oncor Electric Delivery Company L
19INR0134,Cottonwood Bayou Solar,eia860m/Planned,"Cottonwood Bayou Solar, LLC","plant=Cottonwood Bayou Solar 350.0MW (TS) Construction complete, but not yet  @29.26312,-95.258 planned=2026-06"
19INR0134,Cottonwood Bayou Solar,puct-index,"COTTONWOOD BAYOU SOLAR, LLC","ERCOT STANDARD GENERATION INTERCONNECTION AGREEMENT BETWEEN CENTERPOINT ENERGY HOUSTON ELECTRIC, LLC AND COTTO"
19INR0134,Cottonwood Bayou Solar,puct-index,"COTTONWOOD BAYOU SOLAR II, LLC","ERCOT STANDARD GENERATION INTERCONNECTION AGREEMENT BETWEEN CENTERPOINT ENERGY HOUSTON ELECTRIC, LLC AND COTTO"
19INR0134,Cottonwood Bayou Solar,puct-index,"Cottonwood Bayou Solar, LLC.",Amendment One to the ERCOT Standard Generation Interconnection Agreement between CenterPoint Energy Houston El
20INR0019,Trinity Hills Wind repower,eia860m/Operating,Trinity Hills Wind Farm LLC,"plant=Trinity Hills 198.0MW (OP) Operating @33.38361,-98.71194 planned="
20INR0069,Danish Fields Solar,eia860m/Planned,"Danish Fields Solar, LLC","plant=Danish Fields Solar, LLC 600.0MW (TS) Construction complete, but not yet  @29.01364,-96.22054 planned=2026-06"
20INR0069,Danish Fields Solar,puct-index,"DANISH FIELDS SOLAR, LLC","AMENDMENT TO ERCOT STANDARD GENERATION INTERCONNECTION AGREEMENT BETWEEN CENTERPOINT ENERGY HOUSTON ELECTRIC, "
20INR0069,Danish Fields Solar,puct-index,"DANISH FIELDS SOLAR, LLC",AMENDMENT TWO TO ERCOT STANDARD GENERATION INTERCONNECTION AGREEMENT BETWEEN CENTERPOINT ENERGY HOUSTON ELECTR
20INR0083,Baird North Wind,eia860m/Operating,BMP Wind LLC,"plant=BMP Wind (TX) 340.0MW (OP) Operating @32.28938,-99.2916 planned="
20INR0086,Arroyo Solar,puct-index,"BT CANTWELL SOLAR, LLC",FIRST AMENDED AND RESTATED ERCOT STANDARD GENERATION INTERCONNECTION AGREEMENT BETWEEN AEP TEXAS INC. AND BT C
20INR0086,Arroyo Solar,puct-index,"BT CANTWELL SOLAR, LLC",SECOND AMENDED AND RESTATED ERCOT STANDARD GENERATION INTERCONNECTION AGREEMENT BETWEEN AEP TEXAS INC. AND BT 
20INR0097,El Sauz Ranch,eia860m/Operating,"El Sauz Ranch Wind, LLC","plant=El Sauz Ranch Wind, LLC 301.0MW (OP) Operating @26.50088,-97.59906 planned="
20INR0097,El Sauz Ranch,puct-index,"El Sauz Ranch Wind, LLC","ERCOT Standard Generation Interconnection Agreement between AEP Texas Inc. and El Sauz Ranch Wind, LLC"
20INR0097,El Sauz Ranch,puct-index,"EL SAUZ RANCH WIND, LLC",FIRST AMENDED AND RESTATED ERCOT STANDARD GENERATION INTERCONNECTION AGREEMENT BETWEEN AEP TEXAS INC. AND EL S
20INR0129,Foxtrot Wind,eia860m/Operating,"Helena Wind, LLC","plant=Helena Wind 268.2MW (OP) Operating @28.62196,-97.93763 planned="
20INR0155,Peyton Creek Wind II,eia860m/Operating,RWE Clean Energy,"plant=Peyton Creek Wind Farm II 243.0MW (OP) Operating @28.89678,-95.86518 planned="
20INR0162,Diamondback solar,eia860m/Planned,"Diamondback Solar, LLC","plant=Diamondback Solar 200.0MW (T) Regulatory approvals received. Not u @26.42668,-98.70102 planned=2027-12"
20INR0162,Diamondback solar,puct-index,"DIAMONDBACK SOLAR, LLC","ERCOT STANDARD GENERATION INTERCONNECTION AGREEMENT BETWEEN ELECTRIC TRANSMISSION TEXAS, LLC AND DIAMONDBACK S"
20INR0162,Diamondback solar,puct-index,"DIAMONDBACK SOLAR, LLC",FIRST AMENDED AND RESTATED ERCOT STANDARD GENERATION INTERCONNECTION AGREEMENT BETWEEN ELECTRIC TRANSMISSION T
20INR0162,Diamondback solar,puct-index,"DIAMONDBACK SOLAR, LLC",SECOND AMENDED AND RESTATED ERCOT STANDARD GENERATION INTERCONNECTION AGREEMENT BETWEEN ELECTRIC TRANSMISSION 
20INR0203,Pine Forest Solar,eia860m/Operating,RWE Clean Energy,"plant=Bright Arrow Solar, LLC 300.0MW (OP) Operating @33.22392,-95.73077 planned="
20INR0203,Pine Forest Solar,eia860m/Operating,"Pine Forest Solar I, LLC","plant=Pine Forest Solar I 300.0MW (OP) Operating @33.10078,-95.39229 planned="
20INR0203,Pine Forest Solar,puct-index,"Pine Forest Solar I, LLC","Interconnection Agreement between Oncor Electric Delivery Company LLC and Pine Forest Solar I, LLC"
20INR0203,Pine Forest Solar,puct-index,"Pine Forest Solar I, LLC",Amended and Restated Standard Generation Interconnection Agreement between Oncor Electric Delivery Company LLC
20INR0203,Pine Forest Solar,puct-index,"Pine Forest Solar I, LLC",Amendment No. 1 to the Standard Generation Interconnection Agreement between Oncor Electric Delivery Company L
20INR0236,New Hickory Solar,eia860m/Planned,New Hickory Solar LLC,"plant=New Hickory Solar 206.0MW (V) Under construction, more than 50 per @29.06975,-96.8782 planned=2026-08"
20INR0236,New Hickory Solar,puct-index,New Hickory Solar LLC,Seventh Amendment to Generation Interconnection Agreement by and between CPS Energy and New Hickory Solar LLC 
20INR0236,New Hickory Solar,puct-index,New Hickory Solar LLC,Eighth Amendment to the Generation Interconnection Agreement between CPS Energy and New Hickory Solar LLC
20INR0241,Crowded Star Solar,eia860m/Planned,"Lightsource Renewable Energy Asset Management, LLC","plant=Jones City 1 Solar 215.0MW (V) Under construction, more than 50 per @32.78117,-100.0065 planned=2026-06"
20INR0241,Crowded Star Solar,eia860m/Planned,"Anson Solar Center 2, LLC","plant=Anson 2 Solar 218.5MW (V) Under construction, more than 50 per @32.80561,-99.91901 planned=2026-07"
20INR0241,Crowded Star Solar,puct-index,"Jones City Solar, LLC","ERCOT Standard Generation Interconnection Agreement between Lone Star Transmission, LLC and Jones City Solar, "
20INR0241,Crowded Star Solar,puct-index,"Jones City Solar II, LLC","ERCOT Standard Generation Interconnection Agreement between Lone Star Transmission, LLC and Jones City Solar I"
20INR0241,Crowded Star Solar,puct-index,Jones City Solar II,"Amendment No 1 to the IA between Lone Star Transmission, LLC and Jones City Solar II for the Crowded Star Sola"
20INR0241,Crowded Star Solar,puct-index,Jones City Solar,"Amendment No 1 to the IA between Lone Star Transmission, LLC and Jones City Solar for the Crowded Star Solar P"
20INR0241,Crowded Star Solar,puct-index,Jones City Solar,"Amendment No. 3 to the SGIA between Lone Star Transmission, LLC and Jones City Solar for the Crowded Star Sola"
20INR0241,Crowded Star Solar,puct-index,Jones City Solar II,"Amendment No. 3 to the SGIA between Lone Star Transmission, LLC and Jones City Solar II for the Crowded Star S"
20INR0241,Crowded Star Solar,puct-index,"Jones City Solar, LLC","First Amended and Restated Generation Interconnection Agreement between Lone Star Transmission, LLC and Jones "
20INR0241,Crowded Star Solar,puct-index,"Jones City Solar II, LLC","First Amended and Restated Generation Interconnection Agreement between Lone Star Transmission, LLC and Jones "
20INR0241,Crowded Star Solar,puct-index,"Jones City Solar, LLC","Third Amendment to the Standard Generation Interconnection Agreement between Lone Star Transmission, LLC and J"
20INR0241,Crowded Star Solar,puct-index,"Jones City Solar II, LLC","Third Amendment to the Standard Generation Interconnection Agreement between Lone Star Transmission, LLC and J"
20INR0246,Ryan Energy Storage,eia860m/Planned,Ryan Storage LLC,"plant=Ryan Storage 50.0MW (U) Under construction, less than or equ @31.53576,-97.79874 planned=2027-02"
20INR0247,Water Valley Wind Energy,eia860m/Planned,"Tri Global Energy, LLC","plant=Water Valley Wind Energy 180.0MW (P) Planned for installation, but regula @31.61122,-100.8133 planned=2027-12"
20INR0255,Renegade Project,eia860m/Planned,"Renegade Renewables, LLC","plant=Renegade Solar Project (Dawn) 515.0MW (T) Regulatory approvals received. Not u @34.913,-102.2706 planned=2026-12"
20INR0255,Renegade Project,eia860m/Planned,"Intersect USA, LLC","plant=IP Roman Solar 500.0MW (L) Regulatory approvals pending. Not un @34.99089,-102.6076 planned=2028-06"
21INR0031,Indigo Solar,eia860m/Planned,Innovative Solar 245 LLC,"plant=Indigo Solar & Storage 150.0MW (P) Planned for installation, but regula @32.62806,-100.236 planned=2027-05"
21INR0031,Indigo Solar,puct-index,"Innovative Solar 245, LLC","Second Amendment to Generation Interconnection Agreement between Lone Star Transmission, LLC and Innovative So"
21INR0031,Indigo Solar,puct-index,"Innovative Solar 245, LLC","Third Amendment to Generation Interconnection Agreement between Lone Star Transmission, LLC and Innovative Sol"
21INR0031,Indigo Solar,puct-index,"Innovative Solar 245, LLC","Fourth Amendment to Generation Interconnection Agreement between Lone Star Transmission, LLC and Innovative So"
21INR0210,Adamstown Solar,puct-index,"Adamstown Solar & Storage / Adams Creek Solar Project, LLC",Interconnection Agreement between Oncor Electric Delivery Company and Adamstown Solar & Storage / Adams Creek 
21INR0210,Adamstown Solar,puct-index,"Adams Creek Solar Project, LLC",Standard Generation Interconnection Agreement between Oncor Electric Delivery Company LLC and Adams Creek Sola
21INR0210,Adamstown Solar,puct-index,"Adams Creek Solar Project, LLC",Amendment No. 1 to the Standard Generation Interconnection Agreement between Oncor Electric Delivery Company L
21INR0221,Samson Solar 1,eia860m/Operating,Invenergy Services LLC,"plant=Samson Solar Energy III LLC 250.0MW (OP) Operating @33.4265,-95.35745 planned="
21INR0221,Samson Solar 1,eia860m/Operating,"Paris Farm Solar, LLC","plant=Eiffel Solar Project 240.0MW (OP) Operating @33.59917,-95.52506 planned="
21INR0223,Tulsita Solar,eia860m/Planned,Ray Ranch Solar LLC,"plant=Ray Ranch Solar 255.2MW (TS) Construction complete, but not yet  @28.628,-97.724 planned=2026-06"
21INR0223,Tulsita Solar,puct-index,"TULSITA SOLAR, L.L.C.","ERCOT STANDARD GENERATION INTERCONNECTION AGREEMENT BETWEEN AEP TEXAS INC. AND TULSITA SOLAR, L.L.C. (Tulsita "
21INR0223,Tulsita Solar,puct-index,RAY RANCH SOLAR LLC,FIRST AMENDED AND RESTATED ERCOT STANDARD GENERATION INTERCONNECTION AGREEMENT BETWEEN AEP TEXAS INC. AND RAY 
21INR0240,La Casa Wind,eia860m/Operating,"La Casa Wind, LLC","plant=La Casa Wind 150.0MW (OP) Operating @32.63511,-98.6772 planned="
21INR0240,La Casa Wind,puct-index,"La Casa Wind, LLC","Interconnection agreement between Oncor Electric Delivery Company LLC and La Casa Wind, LLC"
21INR0240,La Casa Wind,puct-index,"La Casa Wind, LLC",Amendment No. 1 to the Standard Generation Interconnection Agreement between Oncor Electric Delivery Company L
21INR0253,Ulysses Solar,eia860m/Planned,BNB Tennyson Solar LLC,"plant=Tennyson Solar 150.0MW (U) Under construction, less than or equ @31.72623,-100.2771 planned=2026-12"
21INR0253,Ulysses Solar,puct-index,BNB TENNYSON SOLAR LLC,ERCOT STANDARD GENERATION INTERCONNECTION AGREEMENT BETWEEN AEP TEXAS INC. AND BNB TENNYSON SOLAR LLC (Ulysses
21INR0253,Ulysses Solar,puct-index,BNB TENNYSON SOLAR LLC,FIRST AMENDED AND RESTATED ERCOT STANDARD GENERATION INTERCONNECTION AGREEMENT BETWEEN AEP TEXAS INC. AND BNB 
21INR0260,Chariot Storage,eia860m/Planned,"Gransolar Texas Sixteen, LLC","plant=Findley PV and BESS 50.3MW (L) Regulatory approvals pending. Not un @31.64339,-96.77961 planned=2028-01"
21INR0263,Monarch Creek Wind,eia860m/Planned,"Monarch Creek Wind, LLC","plant=Monarch Creek Wind, LLC 287.6MW (U) Under construction, less than or equ @33.1839,-99.42239 planned=2027-02"
21INR0263,Monarch Creek Wind,puct-index,Monarch Creek Wind,Interconnection Agreement between Oncor Electric Delivery Company LLC and Monarch Creek Wind
21INR0263,Monarch Creek Wind,puct-index,"Monarch Creek Wind, LLC",Amended and Restated Standard Generation Interconnection Agreement between Oncor Electric Delivery Company LLC
21INR0263,Monarch Creek Wind,puct-index,"Monarch Creek Wind, LLC",Amendment No. 2 to the Standard Generation Interconnection Agreement between Oncor Electric Delivery Company L
21INR0265,Sisters Solar,eia860m/Operating,"Origis Energy USA, Inc","plant=Swift Air Solar II 100.0MW (OP) Operating @31.72309,-102.5196 planned="
21INR0265,Sisters Solar,eia860m/Operating,"Origis Energy USA, Inc","plant=Swift Air Solar III 100.0MW (OP) Operating @31.72309,-102.5196 planned="
21INR0265,Sisters Solar,puct-index,"Oberon Solar, LLC","Standard Generation Interconnection Agreement between Oncor Electric Delivery Company LLC and Oberon Solar, LL"
21INR0324,Board Creek Wind,eia860m/Operating,"Limestone Wind Project, LLC","plant=Limestone Wind Project 299.2MW (OP) Operating @31.85346,-96.62446 planned="
21INR0334,Nightfall Solar,eia860m/Planned,Sol Systems,"plant=Nightfall Solar 180.0MW (U) Under construction, less than or equ @29.2593,-99.72513 planned=2026-12"
21INR0334,Nightfall Solar,puct-index,"BDPU SOLAR NIGHTFALL, LLC",FIRST AMENDED AND RESTATED ERCOT STANDARD GENERATION INTERCONNECTION AGREEMENT BETWEEN ELECTRIC TRANSMISSION T
21INR0341,Space City Solar,eia860m/Operating,"Acciona Energy USA Global, LLC","plant=Red Tailed Hawk Solar LLC 360.0MW (OP) Operating @29.15923,-96.14157 planned="
21INR0341,Space City Solar,puct-index,"Apollo Solar Ranch, LLC",ERCOT Standard Generation Interconnection Agreement (SGIA) and Amendment One between CenterPoint Energy Housto
21INR0362,Oystercatcher Solar,eia860m/Planned,"Cardinal Investment Company, Inc.","plant=Oystercatcher Solar 197.0MW (V) Under construction, more than 50 per @32.19256,-96.91867 planned=2026-11"
21INR0362,Oystercatcher Solar,puct-index,"Oystercatcher Solar, LLC","Interconnection Agreement between Oncor Electric Delivery Company LLC and Oystercatcher Solar, LLC"
21INR0362,Oystercatcher Solar,puct-index,"Oystercatcher Solar, LLC",Amendment No. 3 to the Standard Generation Interconnection Agreement between Oncor Electric Delivery Company L
21INR0362,Oystercatcher Solar,puct-index,"Oystercatcher Solar, LLC",Amendment No. 4 to the Standard Generation Interconnection Agreement between Oncor Electric Delivery Company L
21INR0362,Oystercatcher Solar,puct-index,"Oystercatcher Solar, LLC",Amendment No. 5 to the Standard Generation Interconnection Agreement between Oncor Electric Delivery Company L
21INR0371,Pecan Prairie South,eia860m/Planned,Repsol Renewables NA,"plant=Pecan Prairie South Solar 130.0MW (L) Regulatory approvals pending. Not un @31.05001,-96.221 planned=2027-03"
21INR0406,Buffalo Creek,eia860m/Operating,"Old 300 Solar Center, LLC","plant=Old 300 Solar Center, LLC 430.0MW (OP) Operating @29.33355,-95.82544 planned="
21INR0406,Buffalo Creek,puct-index,"OLD 300 STORAGE CENTER, LLC – BUFFALO CREEK BESS","ERCOT STANDARD GENERATION INTERCONNECTION AGREEMENT BETWEEN CENTERPOINT ENERGY HOUSTON ELECTRIC, LLC, AND OLD "
21INR0406,Buffalo Creek,puct-index,"Old 300 Storage Center, LLC - Buffalo Creek BESS Project",Amendment One to ERCOT Standard Generation Interconnection Agreement between CenterPoint Energy Houston Electr
21INR0421,Armadillo Solar ,eia860m/Planned,AES Clean Energy,"plant=Armadillo Solar Center 175.0MW (U) Under construction, less than or equ @32.00014,-96.2027 planned=2027-05"
21INR0421,Armadillo Solar ,eia860m/Planned,Sunraycer Assets I LLC,"plant=Gaia Hybrid 152.7MW (TS) Construction complete, but not yet  @32.16077,-96.19527 planned=2026-06"
21INR0421,Armadillo Solar ,eia860m/Planned,"Greenalia Solar Power Wensowitch, LLC","plant=Wensowitch Solar Park 145.6MW (T) Regulatory approvals received. Not u @32.30026,-96.37123 planned=2028-11"
21INR0421,Armadillo Solar ,puct-index,"Armadillo Solar Center, LLC","Interconnection Agreement between Oncor Electric Delivery Company LLC and Armadillo Solar Center, LLC"
21INR0421,Armadillo Solar ,puct-index,"Armadillo Solar Center, LLC",Amendment No. 5 to the Standard Generation Interconnection Agreement between Oncor Electric Delivery Company L
21INR0421,Armadillo Solar ,puct-index,"Armadillo Solar Center, LLC",Amendment No. 6 to the Standard Generation Interconnection Agreement between Oncor Electric Delivery Company L
21INR0421,Armadillo Solar ,puct-index,"Armadillo Solar Center, LLC",Amendment No. 7 to the Standard Generation Interconnection Agreement between Oncor Electric Delivery Company L
21INR0428,Pecan Prairie North,eia860m/Planned,Repsol Renewables NA,"plant=Pecan Prairie North Solar 350.0MW (L) Regulatory approvals pending. Not un @31.13718,-96.26925 planned=2027-05"
21INR0428,Pecan Prairie North,puct-index,"CG Leon Co II, Pecan Prairie North Solar","Third amendment to SGIA between CTT and CG Leon Co II, Pecan Prairie North Solar"
21INR0444,Long Point Storage,eia860m/Operating,Gambit Energy Storage LLC,"plant=Gambit Energy Storage - Angleton Storage 100.0MW (OP) Operating @29.16801,-95.44506 planned="
21INR0444,Long Point Storage,puct-index,Long Point Storage LLC,ERCOT SGIA between CenterPoint Energy Houston Electric LLC and Long Point Storage LLC
21INR0490,Samson Solar 2,eia860m/Planned,"SGT Hoskins Solar Project, LLC","plant=SGT Hoskins Solar Project Hybrid 204.1MW (P) Planned for installation, but regula @33.63124,-95.33785 planned=2027-12"
21INR0490,Samson Solar 2,eia860m/Planned,"BT Ferguson Solar, LLC","plant=Echols Creek Solar 201.2MW (L) Regulatory approvals pending. Not un @33.61647,-95.45837 planned=2027-12"
21INR0490,Samson Solar 2,eia860m/Operating,"Lightsource Renewable Energy Asset Management, LLC","plant=Impact Solar 1 198.5MW (OP) Operating @33.4678,-95.37086 planned="
21INR0490,Samson Solar 2,eia860m/Operating,Invenergy Services LLC,"plant=Samson Solar Energy II LLC 200.0MW (OP) Operating @33.458,-95.349 planned="
21INR0491,Samson Solar 3,eia860m/Operating,Invenergy Services LLC,"plant=Samson Solar Energy III LLC 250.0MW (OP) Operating @33.4265,-95.35745 planned="
21INR0491,Samson Solar 3,eia860m/Operating,"Paris Farm Solar, LLC","plant=Eiffel Solar Project 240.0MW (OP) Operating @33.59917,-95.52506 planned="
21INR0520,Yellow Viking Solar,eia860m/Planned,Lydian Energy,"plant=Yellow Viking Solar 170.0MW (L) Regulatory approvals pending. Not un @32.31664,-97.62889 planned=2027-10"
21INR0520,Yellow Viking Solar,puct-index,"Yellow Viking Development One, LLC",Amendment No. 2 to the Standard Generation Interconnection Agreement between Oncor Electric Delivery Company L
22INR0202,Delilah Solar 1,puct-index,Delilah Solar 1,Interconnection Agreement between Oncor Electric Delivery Company LLC and Delilah Solar 1
22INR0202,Delilah Solar 1,puct-index,Delilah Solar Energy LLC,Amendment No. 2 to the Standard Generation Interconnection Agreement between Oncor Electric Delivery Company L
22INR0203,Delilah Solar 2,puct-index,Delilah Solar 2,Interconnection Agreement between Oncor Electric Delivery Company LLC and Delilah Solar 2
22INR0205,Sbranch Solar ,eia860m/Operating,"Bernard Creek Solar, LLC","plant=Bernard Creek Solar 230.0MW (OP) Operating @29.45527,-96.08825 planned="
22INR0239,Rockefeller Storage,puct-index,MITTEL ROCKEFELLER STORAGE LLC,"ERCOT STANDARD GENERATION INTERCONNECTION AGREEMENT BETWEEN ELECTRIC TRANSMISSION TEXAS, LLC AND MITTEL ROCKEF"
22INR0262,Sequoia II Solar,eia860m/Planned,"Enbridge Solar (Sequoia II), LLC","plant=Enbridge Solar (Sequoia II) 415.0MW (V) Under construction, more than 50 per @32.34108,-99.17308 planned=2026-12"
22INR0274,Crowded Star Solar II,eia860m/Planned,"Lightsource Renewable Energy Asset Management, LLC","plant=Jones City 2 Solar 185.0MW (V) Under construction, more than 50 per @32.79493,-99.99293 planned=2026-06"
22INR0274,Crowded Star Solar II,puct-index,"Jones City Solar II, LLC","Third Amendment to the Standard Generation Interconnection Agreement between Lone Star Transmission, LLC and J"
22INR0301,Fortuna Wind,puct-index,"RWE Clean Energy Development, LLC",Standard Generation Interconnection Agreement between Oncor Electric Delivery Company LLC and RWE Clean Energy
22INR0357,Loma Pinta Solar,eia860m/Planned,Dahlia Energy LLC,"plant=Dahlia Energy 200.0MW (P) Planned for installation, but regula @28.3696,-98.96762 planned=2028-06"
22INR0426,LUBIO SOLAR,puct-index,BDPU Solar Lubio LLC,Standard Generation Interconnection Agreement between Oncor Electric Delivery Company LLC and BDPU Solar Lubio
22INR0426,LUBIO SOLAR,puct-index,"BDPU Solar Lubio, LLC",Amendment No. 1 to the Standard Generation Interconnection Agreement between Oncor Electric Delivery Company L
22INR0437,TORMES SOLAR,puct-index,BDPU Solar Tormes LLC,Generation Interconnection Agreement between Oncor Electric Delivery Company LLC and BDPU Solar Tormes LLC (To
22INR0437,TORMES SOLAR,puct-index,BDPU Solar Tormes LLC,Amendment No. 1 to the Standard Generation Interconnection Agreement between Oncor Electric Delivery Company L
22INR0454,Wallace Solar,eia860m/Planned,"Delaware Ranch Solar, LLC","plant=Wallace Solar - (TX) 36.0MW (TS) Construction complete, but not yet  @31.91764,-104.3148 planned=2026-11"
22INR0455,Blue Sky Sol,puct-index,BLUE SKY SOLAR LLC,ERCOT STANDARD GENERATION INTERCONNECTION AGREEMENT BETWEEN AEP TEXAS INC. AND BLUE SKY SOLAR LLC (Blue Sky So
22INR0455,Blue Sky Sol,puct-index,BLUE SKY SOLAR LLC,ERCOT STANDARD GENERATION INTERCONNECTION AGREEMENT BETWEEN AEP TEXAS INC. AND BLUE SKY SOLAR LLC (Blue Sky So
22INR0455,Blue Sky Sol,puct-index,BLUE SKY SOLAR LLC,SECOND AMENDED AND RESTATED ERCOT STANDARD GENERATION INTERCONNECTION AGREEMENT BETWEEN AEP TEXAS INC. AND BLU
22INR0457,Anson BAT,puct-index,Anson II Storage LLC,"ERCOT Standard Generation Interconnection Agreement between Lone Star Transmission, LLC and Anson II Storage L"
22INR0473,TAIN SOLAR,puct-index,"Gail Mountain Solar, LLC","Generation Interconnection Agreement between Wind Energy Transmission Texas, LLC and Gail Mountain Solar, LLC"
22INR0499,Aquilla Lake 3 Wind,eia860m/Planned,"Hubbard Wind II, LLC","plant=Hubbard Wind II 304.5MW (V) Under construction, more than 50 per @31.97274,-96.91386 planned=2026-08"
22INR0499,Aquilla Lake 3 Wind,puct-index,"Hubbard Wind II, LLC","ERCOT Standard Generation Interconnection Agreement between Lone Star Transmission, LLC and Hubbard Wind II, L"
22INR0499,Aquilla Lake 3 Wind,puct-index,"Hubbard Wind II, LLC","First Amendment to the ERCOT Standard Generation Interconnection Agreement between Lone Star Transmission, LLC"
22INR0503,Tidwell Prairie II Batt,eia860m/Planned,Tidwell Prairie IIA LLC,"plant=Tidwell Prairie II 200.0MW (V) Under construction, more than 50 per @31.10306,-96.66494 planned=2026-08"
22INR0503,Tidwell Prairie II Batt,eia860m/Planned,Barton Branch IA LLC,"plant=Barton Branch IA 200.0MW (U) Under construction, less than or equ @31.10306,-96.66494 planned=2026-11"
22INR0503,Tidwell Prairie II Batt,eia860m/Operating,Tidwell Prairie,"plant=Tidwell Prairie Storage 1 200.0MW (OP) Operating @31.09828,-96.66368 planned="
22INR0504,Barton Branch IA,eia860m/Planned,Tidwell Prairie IIA LLC,"plant=Tidwell Prairie II 200.0MW (V) Under construction, more than 50 per @31.10306,-96.66494 planned=2026-08"
22INR0504,Barton Branch IA,eia860m/Planned,Barton Branch IA LLC,"plant=Barton Branch IA 200.0MW (U) Under construction, less than or equ @31.10306,-96.66494 planned=2026-11"
22INR0504,Barton Branch IA,eia860m/Operating,Tidwell Prairie,"plant=Tidwell Prairie Storage 1 200.0MW (OP) Operating @31.09828,-96.66368 planned="
22INR0504,Barton Branch IA,puct-index,Barton Branch IA LLC,ERCOT STANDARD GENERATION INTERCONNECTION AGREEMENT Between Barton Branch IA LLC and Texas-New Mexico Power Co
22INR0552,Sowers Storage,puct-index,(parse failed — read description),Solar Generation Interconnection Agreement between REC and Belltown Power Texas (Sowers Storage 22INR0552)
22INR0558,Callisto II Energy Center,eia860m/Planned,Cypress Creek Renewables,"plant=Destiny Storage 200.0MW (U) Under construction, less than or equ @29.88719,-95.02366 planned=2026-05"
22INR0558,Callisto II Energy Center,eia860m/Planned,Callisto II Energy Center LLC,"plant=Callisto II Energy Center 400.0MW (U) Under construction, less than or equ @29.64534,-95.45025 planned=2026-11"
22INR0558,Callisto II Energy Center,eia860m/Operating,Citadel BESS LLC,"plant=Citadel Battery Storage Plant 204.0MW (OP) Operating @29.87404,-95.01824 planned="
22INR0558,Callisto II Energy Center,puct-index,Callisto II Energy Center LLC,"ERCOT Standard Generation Interconnection Agreement (SGIA) between CenterPoint Energy Houston Electric, LLC an"
22INR0558,Callisto II Energy Center,puct-index,Callisto II Energy Center LLC,Amendment Two to ERCOT Standard Generation Interconnection Agreement between CenterPoint Energy Houston Electr
22INR0558,Callisto II Energy Center,puct-index,Callisto II Energy Center LLC,Amendment One to ERCOT Standard Generation Interconnection Agreement between CenterPoint Energy Houston Electr
22INR0605,Camino Santiago Solar,eia860m/Planned,"Yaupon Solar, LLC","plant=Yaupon Solar Project (Hybrid) 200.0MW (V) Under construction, more than 50 per @31.0444,-96.8514 planned=2026-09"
22INR0605,Camino Santiago Solar,eia860m/Planned,Cattlemen Solar Park II LLC,"plant=Cattlemen Solar II 200.0MW (TS) Construction complete, but not yet  @31.08356,-96.85732 planned=2026-10"
22INR0605,Camino Santiago Solar,eia860m/Operating,Ben Milam Solar 1 LLC,"plant=Orion I Solar Project 200.0MW (OP) Operating @30.99651,-97.00151 planned="
23INR0026,Baker Branch Solar ,eia860m/Operating,"Mockingbird Solar Center, LLC","plant=Mockingbird Solar Center 471.0MW (OP) Operating @33.39167,-95.42519 planned="
23INR0026,Baker Branch Solar ,puct-index,"Mockingbird Solar Center, LLC","Interconnection Agreement between Oncor Electric Delivery Company and Mockingbird Solar Center, LLC (Baker Bra"
23INR0026,Baker Branch Solar ,puct-index,"Mockingbird Solar Center, LLC",Amendment No. 1 to the Generation Interconnection Agreement between Oncor Electric Delivery Company LLC and Mo
23INR0027,Cachena Solar SLF,eia860m/Planned,Clear Fork,"plant=Clear Fork Creek Solar and BESS SLF 600.0MW (U) Under construction, less than or equ @29.26357,-97.78055 planned=2027-03"
23INR0029,Cedar Bayou 5 (TEF - Due Diligence),puct-index,NRG CEDAR BAYOU 5 LLC,"ERCOT STANDARD GENERATION INTERCONNECTION AGREEMENT BETWEEN CENTERPOINT ENERGY HOUSTON ELECTRIC, LLC AND NRG C"
23INR0029,Cedar Bayou 5 (TEF - Due Diligence),puct-index,NRG Cedar Bayou 5 LLC,Amendment One to ERCOT Standard Generation Interconnection Agreement between CenterPoint Energy Houston Electr
23INR0045,Caney Creek Solar,puct-index,(parse failed — read description),Solar Generation Interconnection Agreement between REC and hep Caney Creek Solar LLC
23INR0047,Charger Solar,eia860m/Planned,AP Solar 4 LLC,"plant=Charger Solar 394.4MW (U) Under construction, less than or equ @28.41666,-97.03519 planned=2026-09"
23INR0047,Charger Solar,puct-index,"AP SOLAR 4, LLC",SECOND AMENDED AND RESTATED ERCOT STANDARD GENERATION INTERCONNECTION AGREEMENT BETWEEN AEP TEXAS INC. AND AP 
23INR0047,Charger Solar,puct-index,"AP SOLAR 4, LLC",THIRD AMENDED AND RESTATED ERCOT STANDARD GENERATION INTERCONNECTION AGREEMENT BETWEEN AEP TEXAS INC. AND AP S
23INR0056,Caliche Mound Solar ,puct-index,"Caliche Mound Solar, LLC","Interconnection agreement between Oncor Electric Delivery Company LLC and Caliche Mound Solar, LLC"
23INR0057,Duffy Solar,puct-index,"VDA Solar Texas 1, LLC – Duffy Solar","ERCOT Standard Generation Interconnection Agreement (SGIA) between CenterPoint Energy Houston Electric, LLC an"
23INR0057,Duffy Solar,puct-index,Duffy Project Co LLC,Amendment One to ERCOT Standard Generation Interconnection Agreement (SGIA) between CenterPoint Energy Houston
23INR0059,Briggs Solar,eia860m/Planned,"Intersect USA, LLC","plant=Briggs Solar, LLC 305.0MW (L) Regulatory approvals pending. Not un @33.14433,-99.55977 planned=2027-12"
23INR0059,Briggs Solar,eia860m/Planned,Southern Power Co,"plant=Millers Branch Solar 312.0MW (V) Under construction, more than 50 per @33.22132,-99.58652 planned=2026-06"
23INR0059,Briggs Solar,puct-index,"BRIGGS SOLAR, LLC","ERCOT STANDARD GENERATION INTERCONNECTION AGREEMENT BETWEEN ELECTRIC TRANSMISSION TEXAS, LLC AND BRIGGS SOLAR,"
23INR0059,Briggs Solar,puct-index,"IP QUANTUM III, LLC",FIRST AMENDED AND RESTATED ERCOT STANDARD GENERATION INTERCONNECTION AGREEMENT BETWEEN ELECTRIC TRANSMISSION T
23INR0070,Chillingham Solar,eia860m/Planned,Chillingham Solar LLC,"plant=Chillingham Solar 350.0MW (TS) Construction complete, but not yet  @31.006,-97.262 planned=2026-06"
23INR0070,Chillingham Solar,eia860m/Operating,"Five Wells Solar Center, LLC","plant=Five Wells Solar Center - Hybrid 355.4MW (OP) Operating @30.99865,-97.25902 planned="
23INR0070,Chillingham Solar,puct-index,250LB 8ME LLC,Interconnection Agreement between Oncor Electric Delivery Company LLC and 250LB 8ME LLC (Chillingham Solar and
23INR0070,Chillingham Solar,puct-index,Chillingham Solar LLC,Amendment No. 3 to the Standard Generation Interconnection Agreement between Oncor Electric Delivery Company L
23INR0070,Chillingham Solar,puct-index,Chillingham Solar LLC,Amendment No. 4 to the Standard Generation Interconnection Agreement between Oncor Electric Delivery Company L
23INR0070,Chillingham Solar,puct-index,"Chillingham Solar, LLC",Amended and Restated Standard Generation Interconnection Agreement between Oncor Electric Delivery Company LLC
23INR0078,Shaw Solar,eia860m/Planned,"Rio Lago Solar, LLC","plant=Rio Lago Solar 123.0MW (TS) Construction complete, but not yet  @29.75613,-99.09524 planned=2026-06"
23INR0086,Hanson Solar,eia860m/Planned,Cypress Creek Renewables,"plant=Hanson 396.0MW (L) Regulatory approvals pending. Not un @31.69037,-99.51389 planned=2027-07"
23INR0086,Hanson Solar,puct-index,"Hanson Solar, LLC","Interconnection agreement between Oncor Electric Delivery Company LLC and Hanson Solar, LLC"
23INR0086,Hanson Solar,puct-index,"Hanson Solar, LLC",Amendment No. 1 to the Standard Generation Interconnection Agreement between Oncor Electric Delivery Company L
23INR0089,Donegal Solar,eia860m/Planned,"Greenalia Solar Power Donegal, LLC","plant=Donegal Solar Project 204.2MW (T) Regulatory approvals received. Not u @33.79625,-100.8728 planned=2028-10"
23INR0091,Cascade Solar,puct-index,"CASCADE SOLAR ENERGY, LLC WITH SGIA AMENDMENT PROVISIONS","ERCOT STANDARD GENERATION INTERCONNECTION AGREEMENT BETWEEN CENTERPOINT ENERGY HOUSTON ELECTRIC, LLC AND CASCA"
23INR0137,Diran BESS,eia860m/Planned,"Raven Storage, LLC","plant=Raven Storage 100.0MW (U) Under construction, less than or equ @29.57562,-96.08872 planned=2026-10"
23INR0137,Diran BESS,puct-index,BRP Diran BESS LLC – BRP Diran BESS,"ERCOT Standard Generation Interconnection Agreement Between CenterPoint Energy Houston Electric, LLC, and BRP "
23INR0140,Seine BESS,puct-index,BRP SEINE BESS LLC,"ERCOT STANDARD GENERATION INTERCONNECTION AGREEMENT BETWEEN ELECTRIC TRANSMISSION TEXAS, LLC AND BRP SEINE BES"
23INR0150,Cradle Solar,eia860m/Operating,"Brazoria West Solar Project, LLC","plant=Brazoria West 200.0MW (OP) Operating @29.191,-95.663 planned="
23INR0150,Cradle Solar,eia860m/Operating,"Brazoria County Solar Project, LLC","plant=Brazoria County Solar Project (Danciger) 200.0MW (OP) Operating @29.1779,-95.7612 planned="
23INR0150,Cradle Solar,puct-index,"Cradle Solar, LLC.","ERCOT Standard Generation Interconnection Agreement (SGIA) between CenterPoint Energy Houston Electric, LLC an"
23INR0194,Pequin Energy Storage,eia860m/Operating,Gambit Energy Storage LLC,"plant=Gambit Energy Storage - Angleton Storage 100.0MW (OP) Operating @29.16801,-95.44506 planned="
23INR0200,Paradiso BESS,puct-index,VESI 13 LLC,ERCOT STANDARD GENERATION INTERCONNECTION AGREEMENT BETWEEN AEP TEXAS INC. AND VESI 13 LLC (Paradiso BESS Proj
23INR0207,El Patrimonio Solar,eia860m/Planned,Heritage Solar LLC,"plant=El Patrimonio 150.0MW (L) Regulatory approvals pending. Not un @29.2405,-98.51006 planned=2027-07"
23INR0207,El Patrimonio Solar,puct-index,"Heritage Solar, LLC","Interconnection Agreement by and between Heritage Solar, LLC and The City Public Service Board of San Antonio,"
23INR0207,El Patrimonio Solar,puct-index,through the City Public Service Board,First Amendment to Generation Interconnection Agreement by and between the City of San Antonio acting by and t
23INR0216,Venus Mill Storage,puct-index,"AIH Texas Acquisitions, LLC",Standard Generation Interconnection Agreement between Oncor Electric Delivery Company LLC and AIH Texas Acquis
23INR0229,CH Solterra LLC,puct-index,CH Solterra LLC,Standard Generation Interconnection Agreement between Oncor Electric Delivery Company LLC and CH Solterra LLC 
23INR0235,Hoyte Solar,eia860m/Planned,"Yaupon Solar, LLC","plant=Yaupon Solar Project (Hybrid) 200.0MW (V) Under construction, more than 50 per @31.0444,-96.8514 planned=2026-09"
23INR0235,Hoyte Solar,eia860m/Planned,Cattlemen Solar Park II LLC,"plant=Cattlemen Solar II 200.0MW (TS) Construction complete, but not yet  @31.08356,-96.85732 planned=2026-10"
23INR0235,Hoyte Solar,eia860m/Planned,"Two Rivers Solar, LLC","plant=Two Rivers Solar 214.0MW (P) Planned for installation, but regula @30.86849,-96.7357 planned=2027-08"
23INR0235,Hoyte Solar,eia860m/Operating,Ben Milam Solar 1 LLC,"plant=Orion I Solar Project 200.0MW (OP) Operating @30.99651,-97.00151 planned="
23INR0235,Hoyte Solar,puct-index,"Milano Solar, LLC","Interconnection agreement between Oncor Electric Delivery Company LLC and Milano Solar, LLC (Hoyte Solar)"
23INR0235,Hoyte Solar,puct-index,(parse failed — read description),Amendment No. 1 to the Standard Generator Interconnection Agreement (SGIA) for the Hoyte Solar Project (23INR0
23INR0235,Hoyte Solar,puct-index,"Milano Solar, LLC",Amendment No. 2 to the Standard Generation Interconnection Agreement between Oncor Electric Delivery Company L
23INR0244,Tiger Solar,eia860m/Planned,"Vaca Del Sol, LLC","plant=Tiger Solar 250.0MW (V) Under construction, more than 50 per @32.79692,-99.88089 planned=2026-12"
23INR0244,Tiger Solar,puct-index,"Vaca Del Sol, LLC","ERCOT Standard Generation Interconnection Agreement between Lone Star Transmission, LLC and Vaca Del Sol, LLC "
23INR0289,Skull Creek Solar,puct-index,"Skull Creek Solar, LLC",Standard Generation Interconnection Agreement between Oncor Electric Delivery Company LLC and Skull Creek Sola
23INR0289,Skull Creek Solar,puct-index,"Power Resources, LTD",Amendment No. 1 to the Standard Generation Interconnection Agreement between Oncor Electric Delivery Company L
23INR0289,Skull Creek Solar,puct-index,"Skull Creek Solar, LLC",Amendment No. 2 to the Standard Generation Interconnection Agreement between Oncor Electric Delivery Company L
23INR0289,Skull Creek Solar,puct-index,"Skull Creek Solar, LLC",Amendment No. 3 to the Standard Generation Interconnection Agreement between Oncor Electric Delivery Company L
23INR0290,Zeya BESS,eia860m/Planned,Engie North America,"plant=Zeya 250.0MW (U) Under construction, less than or equ @29.38876,-94.94793 planned=2026-09"
23INR0290,Zeya BESS,puct-index,BRP Zeya BESS LLC,ERCOT Standard Generation Interconnection Agreement between BRP Zeya BESS LLC and TNMP for Zeya Energy Storage
23INR0318,Marcelina Storage ,eia860m/Planned,Alina Energy LLC,"plant=Alina Energy LLC 200.0MW (P) Planned for installation, but regula @29.16113,-98.08988 planned=2028-06"
23INR0349,Tokio Solar,eia860m/Planned,"Gransolar Texas Eight, LLC","plant=Tokio Solar 170.4MW (P) Planned for installation, but regula @31.42742,-97.31086 planned=2027-08"
23INR0349,Tokio Solar,puct-index,"Gransolar Texas Eight, LLC","Generation Interconnection Agreement between Oncor Electric Delivery Company LLC and Gransolar Texas Eight, LL"
23INR0361,Third Coast BESS,eia860m/Planned,Cypress Creek Renewables,"plant=Third Coast BESS, LLC 100.0MW (T) Regulatory approvals received. Not u @28.85233,-96.55642 planned=2027-11"
23INR0361,Third Coast BESS,puct-index,Third Coast BESS LLC,ERCOT STANDARD GENERATION INTERCONNECTION AGREEMENT BETWEEN AEP TEXAS INC. AND Third Coast BESS LLC (Third Coa
23INR0361,Third Coast BESS,puct-index,THIRD COAST BESS LLC,FIRST AMENDED AND RESTATED ERCOT STANDARD GENERATION INTERCONNECTION AGREEMENT BETWEEN AEP TEXAS INC. AND THIR
23INR0367,Fewell Solar,eia860m/Planned,"Waco Solar II, LLC","plant=Waco Solar II 200.0MW (P) Planned for installation, but regula @31.71062,-96.7914 planned=2027-12"
23INR0367,Fewell Solar,puct-index,"Fewell Solar, LLC","Interconnection agreement between Oncor Electric Delivery Company LLC and Fewell Solar, LLC"
23INR0376,Cascade Storage,eia860m/Planned,Lydian Energy,"plant=Rock N' Roll 250.0MW (L) Regulatory approvals pending. Not un @29.29937,-95.42218 planned=2027-10"
23INR0382,Outer Loop BESS,eia860m/Planned,Cypress Creek Renewables,"plant=Destiny Storage 200.0MW (U) Under construction, less than or equ @29.88719,-95.02366 planned=2026-05"
23INR0382,Outer Loop BESS,eia860m/Operating,Citadel BESS LLC,"plant=Citadel Battery Storage Plant 204.0MW (OP) Operating @29.87404,-95.01824 planned="
23INR0401,Headcamp Energy Storage Plant,eia860m/Planned,Lydian Energy,"plant=Headcamp BESS 150.0MW (U) Under construction, less than or equ @30.91606,-102.8553 planned=2026-06"
23INR0401,Headcamp Energy Storage Plant,eia860m/Operating,Engie North America,"plant=Avila 160.0MW (OP) Operating @30.90463,-102.9159 planned="
23INR0401,Headcamp Energy Storage Plant,puct-index,Momentum Headcamp LLC,ERCOT STANDARD GENERATION INTERCONNECTION AGREEMENT Between Momentum Headcamp LLC and Texas-New Mexico Power C
23INR0421,Bee Branch IA,eia860m/Planned,Tidwell Prairie IIA LLC,"plant=Tidwell Prairie II 200.0MW (V) Under construction, more than 50 per @31.10306,-96.66494 planned=2026-08"
23INR0421,Bee Branch IA,eia860m/Planned,Barton Branch IA LLC,"plant=Barton Branch IA 200.0MW (U) Under construction, less than or equ @31.10306,-96.66494 planned=2026-11"
23INR0421,Bee Branch IA,eia860m/Operating,Tidwell Prairie,"plant=Tidwell Prairie Storage 1 200.0MW (OP) Operating @31.09828,-96.66368 planned="
23INR0421,Bee Branch IA,puct-index,Bee Branch IA LLC,ERCOT STANDARD GENERATION INTERCONNECTION AGREEMENT Between Bee Branch IA LLC and Texas-New Mexico Power Compa
23INR0421,Bee Branch IA,puct-index,Bee Branch IA LLC,ERCOT STANDARD GENERATION INTERCONNECTION AGREEMENT Between Bee Branch IA LLC and Texas-New Mexico Power Compa
23INR0425,Coneflower Storage Project,eia860m/Planned,"Acciona Energy USA Global, LLC","plant=Coneflower Storage Project LLC 170.9MW (L) Regulatory approvals pending. Not un @29.8547,-94.9254 planned=2027-09"
23INR0425,Coneflower Storage Project,puct-index,Coneflower Storage Project LLC,"ERCOT Standard Generation Interconnection Agreement (SGIA) between CenterPoint Energy Houston Electric, LLC an"
23INR0456,Bronze Quinta Storage,eia860m/Planned,Carambola BESS LLC,"plant=Carambola BESS 98.4MW (TS) Construction complete, but not yet  @26.24973,-98.23883 planned=2026-06"
23INR0456,Bronze Quinta Storage,eia860m/Operating,"Madero Grid, LLC","plant=Madero Grid 100.0MW (OP) Operating @26.16985,-98.32979 planned="
23INR0456,Bronze Quinta Storage,eia860m/Operating,"Ignacio Grid, LLC","plant=Ignacio Grid Energy Storage System 100.0MW (OP) Operating @26.16694,-98.325 planned="
23INR0456,Bronze Quinta Storage,eia860m/Operating,"Great Kiskadee Storage, LLC","plant=Great Kiskadee Storage 100.0MW (OP) Operating @26.10429,-98.17188 planned="
23INR0466,Shoshana Storage ,eia860m/Planned,Gransolar Texas Twelve LLC,"plant=Ventures BESS 226.8MW (L) Regulatory approvals pending. Not un @28.97448,-95.99381 planned=2028-09"
23INR0474,AP Greenport,eia860m/Operating,Key Capture Energy,"plant=TX12 Silicon Hill Storage 100.0MW (OP) Operating @30.41217,-97.57405 planned="
23INR0485,Hacienda Storage,eia860m/Planned,"Vertus Energy Storage, LLC","plant=Vertus Energy Storage Plant 200.0MW (U) Under construction, less than or equ @29.39299,-95.03924 planned=2026-08"
23INR0501,Soda Lake BESS 1,eia860m/Planned,Lydian Energy,"plant=Mendoza Trail BESS 200.0MW (U) Under construction, less than or equ @31.19371,-102.3159 planned=2026-07"
23INR0501,Soda Lake BESS 1,eia860m/Operating,Crossett Power Management LLC,"plant=Crossett Power Management LLC 203.0MW (OP) Operating @31.19169,-102.3172 planned="
23INR0502,Adelite Storage,eia860m/Planned,"Acciona Energy USA Global, LLC","plant=Adelite Storage Project LLC 230.0MW (T) Regulatory approvals received. Not u @30.62238,-97.2105 planned=2027-08"
23INR0502,Adelite Storage,puct-index,Adelite Storage Project LLC,Standard Generation Interconnection Agreement between Oncor Electric Delivery Company LLC and Adelite Storage 
23INR0548,Leakey BESS,eia860m/Planned,Regis Leakey LLC,"plant=Regis Leakey 9.9MW (V) Under construction, more than 50 per @29.68101,-99.76172 planned=2026-12"
23INR0556,IEP Orchard BESS,eia860m/Planned,"IEP Tejas Verde, LLC","plant=Orchard BESS 10.0MW (TS) Construction complete, but not yet  @29.53958,-95.95732 planned=2026-11"
23INR0561,Cascabel Wind 2,eia860m/Operating,Engie North America,"plant=Las Lomas Wind Project 201.6MW (OP) Operating @26.69842,-99.05745 planned="
23INR0603,Damon BESS 2,eia860m/Operating,GlidePath Power Operations LLC,"plant=Prospect Storage 9.9MW (OP) Operating @29.14917,-95.65111 planned="
23INR0603,Damon BESS 2,eia860m/Operating,Engie North America,"plant=Alvin 9.9MW (OP) Operating @29.43324,-95.24937 planned="
23INR0603,Damon BESS 2,eia860m/Operating,Engie North America,"plant=Angleton 9.9MW (OP) Operating @29.16707,-95.44065 planned="
23INR0603,Damon BESS 2,eia860m/Operating,Engie North America,"plant=Brazoria 9.9MW (OP) Operating @29.06264,-95.57759 planned="
23INR0603,Damon BESS 2,eia860m/Operating,Engie North America,"plant=Sweeny 9.9MW (OP) Operating @29.05561,-95.68724 planned="
23INR0637,Goodnight Wind II,eia860m/Planned,"FGE Goodnight II, LLC","plant=Goodnight Wind II 265.5MW (U) Under construction, less than or equ @34.93716,-101.4339 planned=2027-05"
23INR0637,Goodnight Wind II,eia860m/Operating,"FGE Goodnight I, LLC","plant=Goodnight 265.5MW (OP) Operating @35.09389,-101.3261 planned="
23INR0637,Goodnight Wind II,puct-index,"FGE Goodnight II, LLC",Standard Generation Interconnection Agreement between Oncor Electric Delivery Company LLC and FGE Goodnight II
24INR0031,Stoneridge Solar,eia860m/Planned,"Yaupon Solar, LLC","plant=Yaupon Solar Project (Hybrid) 200.0MW (V) Under construction, more than 50 per @31.0444,-96.8514 planned=2026-09"
24INR0031,Stoneridge Solar,eia860m/Planned,Cattlemen Solar Park II LLC,"plant=Cattlemen Solar II 200.0MW (TS) Construction complete, but not yet  @31.08356,-96.85732 planned=2026-10"
24INR0031,Stoneridge Solar,eia860m/Operating,Ben Milam Solar 1 LLC,"plant=Orion I Solar Project 200.0MW (OP) Operating @30.99651,-97.00151 planned="
24INR0031,Stoneridge Solar,eia860m/Operating,RWE Clean Energy,"plant=Stoneridge Solar, LLC 100.0MW (OP) Operating @30.56945,-97.11043 planned="
24INR0031,Stoneridge Solar,puct-index,"Stoneridge Solar, LLC","Interconnection agreement between Oncor Electric Delivery Company LLC and Stoneridge Solar, LLC"
24INR0031,Stoneridge Solar,puct-index,"Stoneridge Solar, LLC","Generation Interconnection Agreement between Oncor Electric Delivery Company LLC and Stoneridge Solar, LLC (St"
24INR0031,Stoneridge Solar,puct-index,"Stoneridge Solar, LLC",Amended and Restated Standard Generation Interconnection Agreement between Oncor Electric Delivery Company LLC
24INR0038,Jaguar Solar,puct-index,"SP-Jaguar Solar, LLC","Interconnection agreement between Oncor Electric Delivery Company LLC and SP-Jaguar Solar, LLC (Jaguar Solar &"
24INR0038,Jaguar Solar,puct-index,"SP Jaguar Solar, LLC",Amendment No. 2 to the Standard Generation Interconnection Agreement between Oncor Electric Delivery Company L
24INR0038,Jaguar Solar,puct-index,"PP Jaguar Solar, LLC",Amendment No. 4 to the Standard Generation Interconnection Agreement between Oncor Electric Delivery Company L
24INR0042,Yaupon Solar SLF,eia860m/Planned,"Yaupon Solar, LLC","plant=Yaupon Solar Project (Hybrid) 200.0MW (V) Under construction, more than 50 per @31.0444,-96.8514 planned=2026-09"
24INR0042,Yaupon Solar SLF,eia860m/Planned,Cattlemen Solar Park II LLC,"plant=Cattlemen Solar II 200.0MW (TS) Construction complete, but not yet  @31.08356,-96.85732 planned=2026-10"
24INR0042,Yaupon Solar SLF,eia860m/Operating,Ben Milam Solar 1 LLC,"plant=Orion I Solar Project 200.0MW (OP) Operating @30.99651,-97.00151 planned="
24INR0042,Yaupon Solar SLF,puct-index,"Yaupon Solar, LLC",Amendment No. 2 to the Standard Generation Interconnection Agreement between Oncor Electric Delivery Company L
24INR0058,Briggs Storage,puct-index,"BRIGGS SOLAR, LLC","ERCOT STANDARD GENERATION INTERCONNECTION AGREEMENT BETWEEN ELECTRIC TRANSMISSION TEXAS, LLC AND BRIGGS SOLAR,"
24INR0058,Briggs Storage,puct-index,"IP QUANTUM III, LLC",FIRST AMENDED AND RESTATED ERCOT STANDARD GENERATION INTERCONNECTION AGREEMENT BETWEEN ELECTRIC TRANSMISSION T
24INR0065,Keys Hollow Solar Phase II SLF,puct-index,"KEYS HOLLOW SOLAR, LLC","ERCOT STANDARD GENERATION INTERCONNECTION AGREEMENT BETWEEN AEP TEXAS INC. AND KEYS HOLLOW SOLAR, LLC (Keys Ho"
24INR0066,Keys Hollow Storage Phase II SLF,puct-index,"KEYS HOLLOW SOLAR, LLC","ERCOT STANDARD GENERATION INTERCONNECTION AGREEMENT BETWEEN AEP TEXAS INC. AND KEYS HOLLOW SOLAR, LLC (Keys Ho"
24INR0067,KEYS HOLLOW SOLAR SLF,puct-index,"KEYS HOLLOW SOLAR, LLC","ERCOT STANDARD GENERATION INTERCONNECTION AGREEMENT BETWEEN AEP TEXAS INC. AND KEYS HOLLOW SOLAR, LLC (Keys Ho"
24INR0068,KEYS HOLLOW STORAGE SLF,puct-index,"KEYS HOLLOW SOLAR, LLC","ERCOT STANDARD GENERATION INTERCONNECTION AGREEMENT BETWEEN AEP TEXAS INC. AND KEYS HOLLOW SOLAR, LLC (Keys Ho"
24INR0081,SANJAC BESS,eia860m/Planned,Cypress Creek Renewables,"plant=Destiny Storage 200.0MW (U) Under construction, less than or equ @29.88719,-95.02366 planned=2026-05"
24INR0081,SANJAC BESS,eia860m/Operating,Citadel BESS LLC,"plant=Citadel Battery Storage Plant 204.0MW (OP) Operating @29.87404,-95.01824 planned="
24INR0094,Dovetail Solar 1,eia860m/Operating,Repsol Renewables NA,"plant=Hecate Energy Longhorn Solar LLC 650.0MW (OP) Operating @33.04417,-98.34052 planned="
24INR0104,Braswell Solar,eia860m/Planned,Gransolar Texas Nine LLC,"plant=Braswell Solar 44.2MW (L) Regulatory approvals pending. Not un @31.34904,-97.21786 planned=2028-03"
24INR0106,Payne Battlecreek,eia860m/Planned,Gransolar Texas Ten LLC,"plant=Payne Battlecreek Solar 85.0MW (L) Regulatory approvals pending. Not un @31.8525,-96.75536 planned=2027-08"
24INR0106,Payne Battlecreek,puct-index,"Gransolar Texas Ten, LLC","Generation Interconnection Agreement between Oncor Electric Delivery Company LLC and Gransolar Texas Ten, LLC "
24INR0117,Utley Solar,puct-index,"Palmera Solar Development , LLC",Standard Generation Interconnection Agreement between Oncor Electric Delivery Company LLC and Palmera Solar De
24INR0117,Utley Solar,puct-index,"Palmera Solar Development, LLC",Amendment No. 1 to the Standard Generation Interconnection Agreement between Oncor Electric Delivery Company L
24INR0118,Possum Kingdom Solar,puct-index,"PK Solar, LLC","Standard Generation Interconnection Agreement between Oncor Electric Delivery Company LLC and PK Solar, LLC (P"
24INR0120,Eytcheson Ranches Solar,eia860m/Planned,"Gransolar Texas Fourteen, LLC","plant=Eytcheson Solar 76.4MW (P) Planned for installation, but regula @31.87262,-96.7 planned=2028-01"
24INR0127,Naduah Solar,eia860m/Planned,"Gransolar Texas Fifteen, LLC","plant=Naduah Solar 102.3MW (P) Planned for installation, but regula @31.52147,-96.67385 planned=2027-10"
24INR0131,Zelus BESS,eia860m/Planned,Bravo ESS LLC,"plant=Bravo ESS 200.0MW (P) Planned for installation, but regula @27.28504,-99.41187 planned=2027-07"
24INR0137,Eagle Springs Solar,puct-index,(parse failed — read description),Generation Interconnection Agreement between Lamar County Electric Cooperative Association and Eagle Springs S
24INR0137,Eagle Springs Solar,puct-index,(parse failed — read description),Amendment No. 1 to the Standard Generation Interconnection Agreement between Lamar County Electric Cooperative
24INR0137,Eagle Springs Solar,puct-index,(parse failed — read description),Amendment No. 2 to the Standard Generation Interconnection Agreement between Lamar County Electric Cooperative
24INR0150,Lupinus Solar 1,eia860m/Planned,Sunraycer Assets I LLC,"plant=Lupinus Solar 1, LLC 165.0MW (P) Planned for installation, but regula @30.30338,-95.25692 planned=2027-09"
24INR0150,Lupinus Solar 1,puct-index,"Lupinus Solar, LLC","Standard Generation Interconnection Agreement between Oncor Electric Delivery Company LLC and Lupinus Solar, L"
24INR0150,Lupinus Solar 1,puct-index,"Lupinus Solar, LLC",Amendment No. 1 to the Standard Generation Interconnection Agreement between Oncor Electric Delivery Company L
24INR0153,Lupinus Storage 1,eia860m/Planned,Sunraycer Assets I LLC,"plant=Lupinus Solar 1, LLC 83.0MW (P) Planned for installation, but regula @30.30338,-95.25692 planned=2027-09"
24INR0153,Lupinus Storage 1,puct-index,"Lupinus Solar, LLC","Standard Generation Interconnection Agreement between Oncor Electric Delivery Company LLC and Lupinus Solar, L"
24INR0153,Lupinus Storage 1,puct-index,"Lupinus Solar, LLC",Amendment No. 1 to the Standard Generation Interconnection Agreement between Oncor Electric Delivery Company L
24INR0154,Lupinus Solar 2,eia860m/Planned,Sunraycer Assets I LLC,"plant=Lupinus Solar 2, LLC 244.0MW (P) Planned for installation, but regula @30.30338,-95.25692 planned=2027-12"
24INR0154,Lupinus Solar 2,eia860m/Operating,Invenergy Services LLC,"plant=Samson Solar Energy 250.0MW (OP) Operating @33.25102,-95.19343 planned="
24INR0154,Lupinus Solar 2,puct-index,"Lupinus Solar 2, LLC",Amendment No. 1 to the Standard Generation Interconnection Agreement between Oncor Electric Delivery Company L
24INR0154,Lupinus Solar 2,puct-index,"Lupinus Solar 2, LLC",Amendment No. 2 to the Standard Generation Interconnection Agreement between Oncor Electric Delivery Company L
24INR0154,Lupinus Solar 2,puct-index,"Lupinus Solar 2, LLC",Amendment No. 3 to the Standard Generation Interconnection Agreement between Oncor Electric Delivery Company L
24INR0155,Lupinus Storage 2,eia860m/Planned,Sunraycer Assets I LLC,"plant=Lupinus Solar 2, LLC 122.9MW (P) Planned for installation, but regula @30.30338,-95.25692 planned=2027-12"
24INR0155,Lupinus Storage 2,puct-index,"Lupinus Solar 2, LLC",Amendment No. 1 to the Standard Generation Interconnection Agreement between Oncor Electric Delivery Company L
24INR0155,Lupinus Storage 2,puct-index,"Lupinus Solar 2, LLC",Amendment No. 2 to the Standard Generation Interconnection Agreement between Oncor Electric Delivery Company L
24INR0155,Lupinus Storage 2,puct-index,"Lupinus Solar 2, LLC",Amendment No. 3 to the Standard Generation Interconnection Agreement between Oncor Electric Delivery Company L
24INR0167,OCI SunRoper,eia860m/Planned,OCI Energy LLC,"plant=OCI SunRoper 260.0MW (L) Regulatory approvals pending. Not un @29.2404,-96.01154 planned=2027-12"
24INR0167,OCI SunRoper,puct-index,OCI SunRoper LLC - OCI SunRoper,"ERCOT Standard Generation Interconnection Agreement (SGIA) between CenterPoint Energy Houston Electric, LLC an"
24INR0167,OCI SunRoper,puct-index,OCI SunRoper LLC – SunRoper BESS,Amendment One to the ERCOT Standard Generation Interconnection Agreement (SGIA) between CenterPoint Energy Hou
24INR0167,OCI SunRoper,puct-index,"OCI SunRoper, LLC – OCI SunRoper",Amendment Two to ERCOT Standard Generation Interconnection Agreement between CenterPoint Energy Houston Electr
24INR0178,Cumulus Grid BESS,puct-index,"Cumulus Grid, LLC","Standard Generation Interconnection Agreement between Oncor Electric Delivery Company LLC and Cumulus Grid, LL"
24INR0186,Rowdy Creek Solar,eia860m/Planned,Solar Proponent LLC,"plant=Rowdy Creek Solar and BESS 700.0MW (L) Regulatory approvals pending. Not un @33.75694,-95.6458 planned=2027-05"
24INR0186,Rowdy Creek Solar,puct-index,Rowdy Creek Solar LLC,Standard Generation Interconnection Agreement between Oncor Electric Delivery Company LLC and Rowdy Creek Sola
24INR0188,Tehuacana Creek Solar,eia860m/Planned,Solar Proponent LLC,"plant=Tehuacana Creek Solar 836.8MW (L) Regulatory approvals pending. Not un @31.91406,-96.41347 planned=2026-10"
24INR0188,Tehuacana Creek Solar,puct-index,Tehuacana Creek Solar LLC,Standard Generation Interconnection Agreement between Oncor Electric Delivery Company LLC and Tehuacana Creek 
24INR0196,Dori BQ BESS,puct-index,"SUNNYSIDE ENERGY, LLC WITH SGIA AMENDMENT PROVISIONS","ERCOT STANDARD GENERATION INTERCONNECTION AGREEMENT BETWEEN CENTERPOINT ENERGY HOUSTON ELECTRIC, LLC AND SUNNY"
24INR0201,Short Creek Solar,eia860m/Planned,"Wichita Solar I, LLC","plant=Short Creek Solar 606.4MW (L) Regulatory approvals pending. Not un @34.01762,-98.8013 planned=2028-03"
24INR0206,Glasgow Solar,puct-index,"Glasgow Solar, LLC","Generation Interconnection Agreement between Oncor Electric Delivery Company LLC and Glasgow Solar, LLC"
24INR0206,Glasgow Solar,puct-index,Glasgow Solar LLC,Amendment No. 1 to the Standard Generation Interconnection Agreement between Oncor Electric Delivery Company L
24INR0208,Eastbell Milam Solar II,puct-index,"Cattlemen Solar Park II, LLC","Generation Interconnection Agreement between Oncor Electric Delivery Company LLC and Cattlemen Solar Park II, "
24INR0210,Raven Storage,eia860m/Planned,"Raven Storage, LLC","plant=Raven Storage 100.0MW (U) Under construction, less than or equ @29.57562,-96.08872 planned=2026-10"
24INR0210,Raven Storage,puct-index,"Raven Storage, LLC – Raven Storage, 24INR0210","ERCOT Standard Generation Interconnection Agreement (SGIA) between CenterPoint Energy Houston Electric, LLC an"
24INR0210,Raven Storage,puct-index,"Raven Storage, LLC – Raven Storage",Amendment One to ERCOT Standard Generation Interconnection Agreement (SGIA) between CenterPoint Energy Houston
24INR0210,Raven Storage,puct-index,"Raven Storage, LLC – Battey Energy Storage Project",Amendment Two to the ERCOT Standard Generation Interconnection Agreement between CenterPoint Energy Houston El
24INR0234,Rock N' Roll Storage SLF,eia860m/Planned,Lydian Energy,"plant=Rock N' Roll 250.0MW (L) Regulatory approvals pending. Not un @29.29937,-95.42218 planned=2027-10"
24INR0235,Rock N' Roll Storage Two,eia860m/Planned,Engie North America,"plant=Castor 200.0MW (U) Under construction, less than or equ @29.15028,-95.65118 planned=2026-06"
24INR0235,Rock N' Roll Storage Two,eia860m/Planned,Engie North America,"plant=Desna 200.0MW (U) Under construction, less than or equ @29.0633,-95.73543 planned=2026-06"
24INR0235,Rock N' Roll Storage Two,eia860m/Planned,Nexus Renewables U.S. Inc.,"plant=Bell Creek BESS LLC 200.9MW (P) Planned for installation, but regula @29.13752,-95.66797 planned=2028-11"
24INR0235,Rock N' Roll Storage Two,eia860m/Planned,Lydian Energy,"plant=Rock N' Roll 250.0MW (L) Regulatory approvals pending. Not un @29.29937,-95.42218 planned=2027-10"
24INR0269,Bar Candela Solar SLF,puct-index,"Bar C Solar, LLC","Standard Generation Interconnection Agreement between Oncor Electric Delivery Company LLC and Bar C Solar, LLC"
24INR0274,Bufflehead BESS,puct-index,Black Mountain Energy Storage II,Generation Interconnection Agreement between Oncor Electric Delivery Company LLC and Black Mountain Energy Sto
24INR0274,Bufflehead BESS,puct-index,Black Mountain Energy Storage II,Amendment No. 1 to the Standard Generation Interconnection Agreement between Oncor Electric Delivery Company L
24INR0274,Bufflehead BESS,puct-index,"Boxcar Energy Storage, LLC",Amendment No. 2 to the Standard Generation Interconnection Agreement between Oncor Electric Delivery Company L
24INR0274,Bufflehead BESS,puct-index,"Boxcar Energy Storage, LLC",Amendment No. 3 to the Standard Generation Interconnection Agreement between Oncor Electric Delivery Company L
24INR0274,Bufflehead BESS,puct-index,"Boxcar Energy Storage, LLC",Amendment No. 4 to the Standard Generation Interconnection Agreement between Oncor Electric Delivery Company L
24INR0275,Picadillo BESS,puct-index,Black Mountain Energy Storage II,Generation Interconnection Agreement between Oncor Electric Delivery Company LLC and Black Mountain Energy Sto
24INR0281,Red Egret BESS,eia860m/Planned,"Red Egret, LLC","plant=Red Egret 300.0MW (U) Under construction, less than or equ @29.4229,-95.0049 planned=2027-05"
24INR0282,Royal River BESS,eia860m/Planned,Elio Energy LLC,"plant=Elio Energy LLC 300.0MW (P) Planned for installation, but regula @29.24768,-95.68546 planned=2027-12"
24INR0282,Royal River BESS,eia860m/Operating,SMT Ironman BESS LLC,"plant=SMT Ironman Battery Storage Plant 304.0MW (OP) Operating @29.45566,-95.31001 planned="
24INR0282,Royal River BESS,puct-index,"Royal River, LLC",ERCOT Standard Generation Interconnection Agreement (SGIA) and Amendment One between CenterPoint Energy Housto
24INR0291,Rubicon Alpha Wind,eia860m/Planned,"Throckmorton Wind, LLC","plant=Throckmorton Wind 225.6MW (V) Under construction, more than 50 per @33.21347,-99.47612 planned=2026-12"
24INR0291,Rubicon Alpha Wind,eia860m/Operating,"Horse Creek Wind, LLC","plant=Horse Creek Wind Farm 230.0MW (OP) Operating @33.35,-99.54 planned="
24INR0291,Rubicon Alpha Wind,puct-index,"THROCKMORTON WIND, LLC","ERCOT STANDARD GENERATION INTERCONNECTION AGREEMENT BETWEEN ELECTRIC TRANSMISSION TEXAS, LLC AND THROCKMORTON "
24INR0291,Rubicon Alpha Wind,puct-index,"THROCKMORTON WIND, LLC",FIRST AMENDED AND RESTATED ERCOT STANDARD GENERATION INTERCONNECTION AGREEMENT BETWEEN ELECTRIC TRANSMISSION T
24INR0302,Pintail Pass BESS,eia860m/Planned,Lydian Energy,"plant=Pintail BESS 200.0MW (U) Under construction, less than or equ @28.04268,-97.44014 planned=2026-07"
24INR0302,Pintail Pass BESS,puct-index,PINTAIL PASS BESS LLC,ERCOT STANDARD GENERATION INTERCONNECTION AGREEMENT BETWEEN AEP TEXAS INC. AND PINTAIL PASS BESS LLC
24INR0302,Pintail Pass BESS,puct-index,PINTAIL PASS BESS LLC,FIRST AMENEDED AND RESTATED ERCOT STANDARD GENERATION INTERCONNECTION AGREEMENT BETWEEN AEP TEXAS INC. AND PIN
24INR0302,Pintail Pass BESS,puct-index,PINTAIL PASS BESS LLC,SECOND AMENDED AND RESTATED ERCOT STANDARD GENERATION INTERCONNECTION AGREEMENT BETWEEN AEP TEXAS INC. AND PIN
24INR0303,Erika Solar,eia860m/Planned,"Kaufman Solar, LLC","plant=Kaufman Solar 200.0MW (V) Under construction, more than 50 per @32.5367,-96.22112 planned=2026-12"
24INR0303,Erika Solar,puct-index,"Kaufman Solar, LLC","Interconnection agreement between Oncor Electric Delivery Company LLC and Kaufman Solar, LLC (Erika Solar)"
24INR0303,Erika Solar,puct-index,"Kaufman Solar, LLC",Amendment No. 2 to the Standard Generation Interconnection Agreement between Oncor Electric Delivery Company L
24INR0303,Erika Solar,puct-index,"Kaufman Solar, LLC",Amendment No. 3 to the Standard Generation Interconnection Agreement between Oncor Electric Delivery Company L
24INR0306,Arroyo Storage,eia860m/Planned,Gransolar Texas Four LLC,"plant=Harryoung PV and BESS 190.0MW (L) Regulatory approvals pending. Not un @26.27603,-97.63249 planned=2028-05"
24INR0306,Arroyo Storage,eia860m/Planned,"BT Cantwell Solar, LLC","plant=Arroyo Storage 180.0MW (TS) Construction complete, but not yet  @26.26431,-97.61156 planned=2026-09"
24INR0306,Arroyo Storage,puct-index,"BT CANTWELL SOLAR, LLC",FOURTH AMENDED AND RESTATED ERCOT STANDARD GENERATION INTERCONNECTION AGREEMENT BETWEEN AEP TEXAS INC. AND BT 
24INR0306,Arroyo Storage,puct-index,"BT CANTWELL SOLAR, LLC",FIFTH AMENDED AND RESTATED ERCOT STANDARD GENERATION INTERCONNECTION AGREEMENT BETWEEN AEP TEXAS INC. AND BT C
24INR0313,Backbone Creek BESS,eia860m/Planned,Backbone BESS LLC,"plant=Backbone Creek BESS 121.0MW (L) Regulatory approvals pending. Not un @30.55021,-98.25687 planned=2026-12"
24INR0313,Backbone Creek BESS,puct-index,Backbone Creek Bess LLC,ERCOT Standard Generation Interconnection Agreement between LCRA Transmission Services Corporation and Backbon
24INR0313,Backbone Creek BESS,puct-index,BACKBONE CREEK BESS LLC,FIRST AMENDMENT TO ERCOT STANDARD GENERATION INTERCONNECTION AGREEMENT BETWEEN LCRA TRANSMISSION SERVICES CORP
24INR0326,Blarney Solar,puct-index,"Sligsol, LLC","Generation Interconnection Agreement between Oncor Electric Delivery Company LLC and Sligsol, LLC (Blarney Sol"
24INR0326,Blarney Solar,puct-index,Blarney Solar Project LLC,Amendment No. 1 to the Standard Generation Interconnection Agreement between Oncor Electric Delivery Company L
24INR0331,Chisme Storage,eia860m/Planned,Red River Clean Energy,"plant=Chisme Solar and Storage 146.0MW (U) Under construction, less than or equ @31.56893,-98.82195 planned=2027-05"
24INR0333,Chisme Solar,eia860m/Planned,Red River Clean Energy,"plant=Chisme Solar and Storage 147.0MW (U) Under construction, less than or equ @31.56893,-98.82195 planned=2027-05"
24INR0333,Chisme Solar,puct-index,"Blue Heron Solar, LLC",Standard Generation Interconnection Agreement between Oncor Electric Delivery Company LLC and Blue Heron Solar
24INR0339,Mystic Springs Renewable Energy Solar SLF,eia860m/Planned,Vesper Energy Development LLC,"plant=Mystic Springs Renewable Energy (Hybrid) 250.0MW (P) Planned for installation, but regula @32.82126,-96.19042 planned=2028-03"
24INR0339,Mystic Springs Renewable Energy Solar SLF,puct-index,"Mystic Spring Renewable Energy, LLC",Standard Generation Interconnection Agreement between Oncor Electric Delivery Company LLC and Mystic Spring Re
24INR0365,Hermes Storage,eia860m/Planned,"Bell 1 Storage, LLC","plant=Hermes Storage BESS 100.4MW (V) Under construction, more than 50 per @30.98159,-97.1429 planned=2026-06"
24INR0365,Hermes Storage,puct-index,"Bell 1 Storage, LLC",Amended and Restated Standard Generation Interconnection Agreement between Oncor Electric Delivery Company LLC
24INR0375,Possum Kingdom BESS,puct-index,"PK Solar, LLC","Standard Generation Interconnection Agreement between Oncor Electric Delivery Company LLC and PK Solar, LLC (P"
24INR0381,Alexandrite Storage,eia860m/Planned,Red River Clean Energy,"plant=Resaca Oasis Storage 200.7MW (T) Regulatory approvals received. Not u @25.97878,-97.37263 planned=2027-09"
24INR0383,Soda Lake BESS 2 SLF,eia860m/Planned,Lydian Energy,"plant=Mendoza Trail BESS 200.0MW (U) Under construction, less than or equ @31.19371,-102.3159 planned=2026-07"
24INR0383,Soda Lake BESS 2 SLF,eia860m/Operating,Crossett Power Management LLC,"plant=Crossett Power Management LLC 203.0MW (OP) Operating @31.19169,-102.3172 planned="
24INR0386,Black & Gold Energy Storage,puct-index,"BLACK & GOLD ENERGY STORAGE, LLC","ERCOT STANDARD GENERATION INTERCONNECTION AGREEMENT BETWEEN ELECTRIC TRANSMISSION TEXAS, LLC AND BLACK & GOLD "
24INR0410,NRG Greens Bayou 6 (TEF-Due Diligence),eia860m/Planned,NRG Greens Bayou 6 LLC,"plant=Greens Bayou 6 447.0MW (U) Under construction, less than or equ @29.82122,-95.21786 planned=2028-05"
24INR0410,NRG Greens Bayou 6 (TEF-Due Diligence),eia860m/Operating,NRG Texas Power LLC,"plant=Greens Bayou 432.0MW (OP) Operating @29.8222,-95.21943 planned="
24INR0410,NRG Greens Bayou 6 (TEF-Due Diligence),puct-index,NRG Greens Bayou 6 LLC - NRG Greens Bayou 6,"ERCOT Standard Generation Interconnection Agreement (SGIA) between CenterPoint Energy Houston Electric, LLC an"
24INR0410,NRG Greens Bayou 6 (TEF-Due Diligence),puct-index,NRG Greens Bayou 6 LLC,Amendment One to ERCOT Standard Generation Interconnection Agreement between CenterPoint Energy Houston Electr
24INR0424,Cascabel Wind 1,eia860m/Operating,Engie North America,"plant=Las Lomas Wind Project 201.6MW (OP) Operating @26.69842,-99.05745 planned="
24INR0440,Starling Solar,puct-index,"Starling Solar, LLC","ERCOT Standard Generation Interconnection Agreement between LCRA TSC and Starling Solar, LLC"
24INR0440,Starling Solar,puct-index,"STARLING SOLAR, LLC",FIRST AMENDMENT TO THE AMENDED AND RESTATED ERCOT STANDARD GENERATION INTERCONNECTION AGREEMENT BETWEEN LCRA T
24INR0455,Longfellow BESS II,eia860m/Planned,Gatsby Energy Storage LLC,"plant=Gatsby Energy Storage Project 103.4MW (U) Under construction, less than or equ @30.66418,-101.7801 planned=2027-03"
24INR0455,Longfellow BESS II,eia860m/Operating,St. Gall Energy Storage I,"plant=St. Gall Energy Storage I 102.6MW (OP) Operating @30.92438,-102.9536 planned="
24INR0459,Exodus BESS,eia860m/Planned,Metro BESS LLC,"plant=Metro BESS 200.0MW (P) Planned for installation, but regula @30.00324,-97.67794 planned=2030-12"
24INR0472,Amador Storage,puct-index,(parse failed — read description),BT Amador Storage - Second A&R SGIA 20250126
24INR0481,Little York BESS,eia860m/Planned,Prologis Logistics Services Incorporated BESS,"plant=BESS TX Camarine - BSHOU001 9.9MW (U) Under construction, less than or equ @29.86648,-95.43066 planned=2026-11"
24INR0481,Little York BESS,eia860m/Planned,Hockley LLC,"plant=Hockley 9.9MW (V) Under construction, more than 50 per @30.02196,-95.84826 planned=2027-02"
24INR0481,Little York BESS,eia860m/Operating,Prologis Logistics Services Incorporated BESS,"plant=Crockett BESS 10.0MW (OP) Operating @29.77682,-95.37989 planned="
24INR0481,Little York BESS,eia860m/Operating,Regis Hidden Valley LLC,"plant=Regis Hidden Valley 9.9MW (OP) Operating @29.90963,-95.42364 planned="
24INR0481,Little York BESS,eia860m/Operating,Regis Gears Harris LLC,"plant=Regis Gears Harris 9.9MW (OP) Operating @29.96241,-95.44201 planned="
24INR0481,Little York BESS,eia860m/Operating,Prologis Logistics Services Incorporated BESS,"plant=BESS TX Top Gear - BSHOU002 10.0MW (OP) Operating @29.96307,-95.43693 planned="
24INR0481,Little York BESS,eia860m/Operating,Prologis Logistics Services Incorporated BESS,"plant=BESS TX Panda - BSHOU004 10.0MW (OP) Operating @29.83802,-95.35272 planned="
24INR0481,Little York BESS,eia860m/Operating,"Agilitas Energy, Inc.","plant=Telview ESS 10.0MW (OP) Operating @29.57954,-95.48749 planned="
24INR0485,Rutile BESS,puct-index,"RUTILE BESS, LLC","ERCOT STANDARD GENERATION INTERCONNECTION AGREEMENT BETWEEN AEP TEXAS INC. AND RUTILE BESS, LLC (Rutile BESS P"
24INR0491,Gunnar BESS,eia860m/Planned,Gunnar Reliability Project LLC,"plant=Gunnar Reliability Project 150.0MW (U) Under construction, less than or equ @26.31557,-98.14851 planned=2026-12"
24INR0493,Crowned Heron BESS 2,eia860m/Planned,RWE Clean Energy,"plant=Crowned Heron 1 - Storage, LLC 150.0MW (TS) Construction complete, but not yet  @29.48223,-95.61892 planned=2026-06"
24INR0493,Crowned Heron BESS 2,eia860m/Planned,RWE Clean Energy,"plant=Crowned Heron 2 - Storage, LLC 150.0MW (TS) Construction complete, but not yet  @29.48267,-95.61996 planned=2026-06"
24INR0493,Crowned Heron BESS 2,puct-index,"Crowned Heron BESS 2 – RWE Solar Development, LLC",Amendment One to ERCOT Standard Generation Interconnection Agreement (SGIA) between CenterPoint Energy Houston
24INR0496,Indigo Storage,puct-index,"Innovative Solar 245, LLC","Standard Generator Interconnection Agreement between Lone Star Transmission, LLC and Innovative Solar 245, LLC"
24INR0500,Claire BESS,eia860m/Planned,Callisto II Energy Center LLC,"plant=Callisto II Energy Center 400.0MW (U) Under construction, less than or equ @29.64534,-95.45025 planned=2026-11"
24INR0502,Medina City BESS,eia860m/Planned,Regis Medina LLC,"plant=Regis Medina 9.9MW (V) Under construction, more than 50 per @29.80788,-99.25467 planned=2026-12"
24INR0502,Medina City BESS,eia860m/Operating,Regis Medina Lake LLC,"plant=Regis Medina Lake 9.9MW (OP) Operating @29.61267,-98.93509 planned="
24INR0502,Medina City BESS,eia860m/Operating,Regis Utopia LLC,"plant=Regis Utopia 9.9MW (OP) Operating @29.64537,-99.52352 planned="
24INR0505,Corralitos Wind 1,eia860m/Operating,Engie North America,"plant=Las Lomas Wind Project 201.6MW (OP) Operating @26.69842,-99.05745 planned="
24INR0505,Corralitos Wind 1,puct-index,"LAS CRESTAS WIND ENERGY, LLC","ERCOT STANDARD GENERATION INTERCONNECTION AGREEMENT BETWEEN ELECTRIC TRANSMISSION TEXAS, LLC AND LAS CRESTAS W"
24INR0506,Corralitos Wind 2,eia860m/Operating,Engie North America,"plant=Las Lomas Wind Project 201.6MW (OP) Operating @26.69842,-99.05745 planned="
24INR0506,Corralitos Wind 2,puct-index,"LAS CRESTAS WIND ENERGY, LLC","ERCOT STANDARD GENERATION INTERCONNECTION AGREEMENT BETWEEN ELECTRIC TRANSMISSION TEXAS, LLC AND LAS CRESTAS W"
24INR0516,French Riviera Storage,eia860m/Planned,"Nexus Renewable Power, LLC","plant=Noria Hondo Solar (Hybrid) 75.0MW (L) Regulatory approvals pending. Not un @27.55335,-97.67528 planned=2027-12"
24INR0528,Blanquilla BESS,eia860m/Planned,Mission Clean Energy Devco LLC,"plant=Cumbia Energy Center 200.0MW (P) Planned for installation, but regula @27.73908,-97.44955 planned=2027-09"
24INR0528,Blanquilla BESS,puct-index,Blanquilla Bess LLC,ERCOT Standard Generation Interconnection Agreement between LCRA Transmission Services Corporation and Blanqui
24INR0532,Timber Cove Solar SLF,eia860m/Planned,Freestone Solar LLC,"plant=Timber Cove Solar 100.0MW (P) Planned for installation, but regula @31.87059,-96.15247 planned=2028-05"
24INR0567,Wolf Hollow III,eia860m/Operating,"Constellation Power, Inc","plant=Wolf Hollow II 720.0MW (OP) Operating @32.33768,-97.73461 planned="
24INR0570,Marcus Energy Storage,eia860m/Planned,Engie North America,"plant=Castor 200.0MW (U) Under construction, less than or equ @29.15028,-95.65118 planned=2026-06"
24INR0570,Marcus Energy Storage,eia860m/Planned,Engie North America,"plant=Desna 200.0MW (U) Under construction, less than or equ @29.0633,-95.73543 planned=2026-06"
24INR0570,Marcus Energy Storage,eia860m/Planned,Nexus Renewables U.S. Inc.,"plant=Bell Creek BESS LLC 200.9MW (P) Planned for installation, but regula @29.13752,-95.66797 planned=2028-11"
24INR0617,Serrano Storage,eia860m/Planned,"RIC Development, LLC","plant=Serrano BESS 185.6MW (P) Planned for installation, but regula @28.8379,-100.5487 planned=2028-04"
24INR0627,Champion Wind Repower,puct-index,Airtricity Champion Wind Farm LLC,Amendment No. 1 to the Generation Interconnection Agreement between Oncor Electric Delivery Company LLC and Ai
25INR0018,Yellow Cat Wind,eia860m/Planned,RWE Clean Energy,"plant=Yellow Cat Wind, LLC 270.0MW (V) Under construction, more than 50 per @32.07,-96.83 planned=2026-12"
25INR0018,Yellow Cat Wind,puct-index,"Steelhead Wind 2, LLC",Standard Generation Interconnection Agreement between Oncor Electric Delivery Company LLC and Steelhead Wind 2
25INR0018,Yellow Cat Wind,puct-index,"Steelhead Wind 2, LLC",Amendment No. 1 to the Standard Generation Interconnection Agreement between Oncor Electric Delivery Company L
25INR0018,Yellow Cat Wind,puct-index,"Yellow Cat Wind, LLC",Amendment No. 3 to the Standard Generation Interconnection Agreement between Oncor Electric Delivery Company L
25INR0021,Findley Solar,eia860m/Planned,"Gransolar Texas Sixteen, LLC","plant=Findley PV and BESS 50.3MW (L) Regulatory approvals pending. Not un @31.64339,-96.77961 planned=2028-01"
25INR0029,Whistle Solar,eia860m/Planned,Gransolar Texas Nineteen LLC,"plant=Whistle Solar 56.3MW (L) Regulatory approvals pending. Not un @31.985,-96.43658 planned=2028-05"
25INR0046,Blue Skies BESS,eia860m/Planned,ACTX BESS Project LLC,"plant=Ash Creek BESS 306.0MW (P) Planned for installation, but regula @31.90022,-97.01642 planned=2028-03"
25INR0046,Blue Skies BESS,puct-index,ACTX BESS Project LLC,"ERCOT Standard Generation Interconnection Agreement between Lone Star Transmission, LLC and ACTX BESS Project "
25INR0052,SanPat Solar II,puct-index,"CGRP 10, LLC, PADRE SOLAR LLC AND CGRP 04, LLC",FIRST AMENDED AND RESTATED ERCOT STANDARD GENERATION INTERCONNECTION AGREEMENT BETWEEN AEP TEXAS INC. AND CGRP
25INR0071,Albatross BESS,eia860m/Planned,Sunraycer Assets I LLC,"plant=Albatross Solar, LLC 50.4MW (P) Planned for installation, but regula @31.48434,-97.42239 planned=2027-12"
25INR0081,SanPat Solar I,puct-index,"CGRP 10, LLC, PADRE SOLAR LLC AND CGRP 04, LLC",FIRST AMENDED AND RESTATED ERCOT STANDARD GENERATION INTERCONNECTION AGREEMENT BETWEEN AEP TEXAS INC. AND CGRP
25INR0081,SanPat Solar I,puct-index,"CGRP 10, LLC, Individually and as Authorized Agent",SECOND AMENDED AND RESTATED ERCOT STANDARD GENERATION INTERCONNECTION AGREEMENT BETWEEN AEP TEXAS INC. AND CGR
25INR0082,Reis Solar ,eia860m/Planned,"Greenalia Solar Power Reis, LLC","plant=Reis Solar Park 105.5MW (T) Regulatory approvals received. Not u @28.65276,-98.45369 planned=2029-05"
25INR0100,Goldeneye BESS,puct-index,Black Mountain Energy Storage II,Generation Interconnection Agreement between Oncor Electric Delivery Company LLC and Black Mountain Energy Sto
25INR0100,Goldeneye BESS,puct-index,"Black Mountain Energy Storage, LLC",Amendment No. 1 to the Standard Generation Interconnection Agreement between Oncor Electric Delivery Company L
25INR0101,Drake BESS,eia860m/Planned,"Mallard Energy Storage, LLC","plant=Mallard Energy Storage 250.0MW (U) Under construction, less than or equ @33.06427,-96.45051 planned=2026-06"
25INR0102,Austin Bayou Solar,puct-index,"Austin Bayou Solar, LLC","ERCOT Standard Generation Interconnection Agreement (SGIA) between CenterPoint Energy Houston Electric, LLC an"
25INR0102,Austin Bayou Solar,puct-index,"Austin Bayou Solar, LLC – Austin Bayou Storage I, II, & III","ERCOT Standard Generation Interconnection Agreement (SGIA) between CenterPoint Energy Houston Electric, LLC an"
25INR0122,Vial BESS,eia860m/Planned,Gransolar Texas Eleven LLC,"plant=Vial BESS 141.4MW (L) Regulatory approvals pending. Not un @31.95377,-97.06248 planned=2027-09"
25INR0122,Vial BESS,puct-index,"Gransolar Texas Eleven, LLC",Standard Generation Interconnection Agreement between Oncor Electric Delivery Company LLC and Gransolar Texas 
25INR0135,Hayrick BESS,eia860m/Planned,Gransolar Texas Five LLC,"plant=Hayrick BESS 113.9MW (L) Regulatory approvals pending. Not un @32.02291,-100.2926 planned=2028-03"
25INR0138,Champaign BESS,eia860m/Planned,"Samsung C&T Renewables, LLC","plant=Champaign BESS, LLC 202.7MW (P) Planned for installation, but regula @31.87157,-101.7384 planned=2026-12"
25INR0138,Champaign BESS,puct-index,"Champaign BESS, LLC","Standard Generation Interconnection Agreement between Oncor Electric Delivery Company LLC and Champaign BESS, "
25INR0142,Sagewood BESS,eia860m/Planned,Red River Clean Energy,"plant=Cannibal Draw Solar and Storage 98.6MW (T) Regulatory approvals received. Not u @32.02386,-101.284 planned=2028-04"
25INR0143,Ariji BESS,puct-index,"Ariji BESS, LLC","Standard Generation Interconnection Agreement between Oncor Electric Delivery Company LLC and Ariji BESS, LLC"
25INR0166,Compadre Solar II,eia860m/Planned,HEC Renewable Energy America LLC,"plant=OCI Hillsboro 200.0MW (P) Planned for installation, but regula @31.941,-97.021 planned=2027-10"
25INR0166,Compadre Solar II,eia860m/Planned,"Hill Solar II, LLC","plant=Hill Solar II 200.0MW (TS) Construction complete, but not yet  @32.1152,-97.06783 planned=2026-06"
25INR0168,Piedra Solar,eia860m/Planned,"Piedra Solar, LLC","plant=Piedra Solar 280.0MW (U) Under construction, less than or equ @31.64899,-96.34517 planned=2026-12"
25INR0168,Piedra Solar,puct-index,"Piedra Solar, LLC","Standard Generation Interconnection Agreement between Oncor Electric Delivery Company LLC and Piedra Solar, LL"
25INR0168,Piedra Solar,puct-index,"Piedra Solar, LLC",Amendment No. 1 to the Standard Generation Interconnection Agreement between Oncor Electric Delivery Company L
25INR0169,Piedra BESS,puct-index,"Piedra Solar, LLC",Amendment No. 1 to the Standard Generation Interconnection Agreement between Oncor Electric Delivery Company L
25INR0170,Pinewood Solar,puct-index,"Brazoria Solar II, LLC – Pinewood Solar","ERCOT Standard Generation Interconnection Agreement (SGIA) between CenterPoint Energy Houston Electric, LLC an"
25INR0174,Concho Pearl Solar,eia860m/Planned,Red River Clean Energy,"plant=Concho Pearl Solar and Storage 171.9MW (T) Regulatory approvals received. Not u @31.46549,-99.93435 planned=2027-10"
25INR0174,Concho Pearl Solar,puct-index,"Concho Pearl Solar, LLC",ERCOT Standard Generation Interconnection Agreement between LCRA Transmission Services Corporation and Concho 
25INR0175,Concho Pearl Storage,eia860m/Planned,Red River Clean Energy,"plant=Concho Pearl Solar and Storage 162.4MW (T) Regulatory approvals received. Not u @31.46549,-99.93435 planned=2027-10"
25INR0189,Staccato BESS,eia860m/Planned,Sunraycer Assets I LLC,"plant=Staccato BESS 200.5MW (T) Regulatory approvals received. Not u @30.05306,-96.92122 planned=2026-12"
25INR0189,Staccato BESS,puct-index,"STACCATO STORAGE, LLC",ERCOT STANDARD GENERATION INTERCONNECTION AGREEMENT BETWEEN LCRA TRANSMISSION SERVICES CORPORATION AND STACCAT
25INR0192,Palmvalley Storage,eia860m/Planned,Carambola BESS LLC,"plant=Carambola BESS 98.4MW (TS) Construction complete, but not yet  @26.24973,-98.23883 planned=2026-06"
25INR0192,Palmvalley Storage,eia860m/Operating,"Madero Grid, LLC","plant=Madero Grid 100.0MW (OP) Operating @26.16985,-98.32979 planned="
25INR0192,Palmvalley Storage,eia860m/Operating,"Ignacio Grid, LLC","plant=Ignacio Grid Energy Storage System 100.0MW (OP) Operating @26.16694,-98.325 planned="
25INR0192,Palmvalley Storage,eia860m/Operating,"Great Kiskadee Storage, LLC","plant=Great Kiskadee Storage 100.0MW (OP) Operating @26.10429,-98.17188 planned="
25INR0195,Photo Solar 2,eia860m/Planned,RWE Clean Energy,"plant=Uvalde Solar 2 300.0MW (P) Planned for installation, but regula @29.22577,-99.69913 planned=2027-12"
25INR0204,Cedar Range Solar,eia860m/Planned,"BT Claxton Solar, LLC","plant=Claxton Solar 150.6MW (L) Regulatory approvals pending. Not un @33.05748,-95.82701 planned=2027-09"
25INR0227,SERENGETI SOLAR,puct-index,"Abei Energy Green XIV, LLC",Standard Generation Interconnection Agreement between Oncor Electric Delivery Company LLC and Abei Energy Gree
25INR0229,OCI Cobb Creek Solar,eia860m/Planned,HEC Renewable Energy America LLC,"plant=OCI Hillsboro 200.0MW (P) Planned for installation, but regula @31.941,-97.021 planned=2027-10"
25INR0229,OCI Cobb Creek Solar,eia860m/Planned,"Hill Solar II, LLC","plant=Hill Solar II 200.0MW (TS) Construction complete, but not yet  @32.1152,-97.06783 planned=2026-06"
25INR0229,OCI Cobb Creek Solar,puct-index,OCI Hillsboro Solar LLC,Standard Generation Interconnection Agreement between Oncor Electric Delivery Company LLC and OCI Hillsboro So
25INR0230,Great Rock BESS,puct-index,Black Mountain Energy Storage II,Generation Interconnection Agreement between CTT and Black Mountain Energy Storage II for Great Rock BESS
25INR0231,Apache Hill BESS,eia860m/Planned,Apache Hill Energy Center,"plant=Apache Hill Energy Center 200.0MW (V) Under construction, more than 50 per @32.38,-97.72782 planned=2026-11"
25INR0232,Isaac Solar,eia860m/Planned,"Industrial Bravo Project, LLC","plant=Isaac Solar 51.4MW (T) Regulatory approvals received. Not u @28.79722,-95.93717 planned=2026-11"
25INR0235,Austin Bayou Storage I,eia860m/Planned,Bocanova Power II LLC,"plant=Bocanova Energy Storage II 150.0MW (V) Under construction, more than 50 per @29.43542,-95.2511 planned=2026-08"
25INR0235,Austin Bayou Storage I,eia860m/Operating,"Myrtle Storage, LLC","plant=Myrtle Storage 150.0MW (OP) Operating @29.22775,-95.42806 planned="
25INR0235,Austin Bayou Storage I,eia860m/Operating,Bocanova Power LLC,"plant=Bocanova Energy Storage 150.0MW (OP) Operating @29.43542,-95.2511 planned="
25INR0235,Austin Bayou Storage I,eia860m/Operating,"Cottonwood Bayou Storage, LLC","plant=Cottonwood Bayou Storage 150.0MW (OP) Operating @29.24264,-95.25994 planned="
25INR0235,Austin Bayou Storage I,puct-index,"Austin Bayou Solar, LLC – Austin Bayou Storage I, II, & III","ERCOT Standard Generation Interconnection Agreement (SGIA) between CenterPoint Energy Houston Electric, LLC an"
25INR0236,Austin Bayou Storage II,eia860m/Planned,Bocanova Power II LLC,"plant=Bocanova Energy Storage II 150.0MW (V) Under construction, more than 50 per @29.43542,-95.2511 planned=2026-08"
25INR0236,Austin Bayou Storage II,eia860m/Operating,"Myrtle Storage, LLC","plant=Myrtle Storage 150.0MW (OP) Operating @29.22775,-95.42806 planned="
25INR0236,Austin Bayou Storage II,eia860m/Operating,Bocanova Power LLC,"plant=Bocanova Energy Storage 150.0MW (OP) Operating @29.43542,-95.2511 planned="
25INR0236,Austin Bayou Storage II,eia860m/Operating,"Cottonwood Bayou Storage, LLC","plant=Cottonwood Bayou Storage 150.0MW (OP) Operating @29.24264,-95.25994 planned="
25INR0238,Little Ridge Storage,eia860m/Planned,"Mallard Energy Storage, LLC","plant=Mallard Energy Storage 250.0MW (U) Under construction, less than or equ @33.06427,-96.45051 planned=2026-06"
25INR0239,Big Five Storage,eia860m/Planned,Carambola BESS LLC,"plant=Carambola BESS 98.4MW (TS) Construction complete, but not yet  @26.24973,-98.23883 planned=2026-06"
25INR0239,Big Five Storage,eia860m/Operating,"Madero Grid, LLC","plant=Madero Grid 100.0MW (OP) Operating @26.16985,-98.32979 planned="
25INR0239,Big Five Storage,eia860m/Operating,"Ignacio Grid, LLC","plant=Ignacio Grid Energy Storage System 100.0MW (OP) Operating @26.16694,-98.325 planned="
25INR0239,Big Five Storage,eia860m/Operating,"Great Kiskadee Storage, LLC","plant=Great Kiskadee Storage 100.0MW (OP) Operating @26.10429,-98.17188 planned="
25INR0247,Bluebonnet Prairie Wind,eia860m/Planned,"Leeward Asset Management, LLC","plant=Bluebonnet Prairie Wind 170.0MW (U) Under construction, less than or equ @32.14386,-96.30097 planned=2027-12"
25INR0247,Bluebonnet Prairie Wind,puct-index,"Bluebonnet Prairie Wind, LLC",Standard Generation Interconnection Agreement between Oncor Electric Delivery Company LLC and Bluebonnet Prair
25INR0262,Shepard Energy Storage,eia860m/Planned,Engie North America,"plant=Zeya 250.0MW (U) Under construction, less than or equ @29.38876,-94.94793 planned=2026-09"
25INR0270,Harryoung Solar,eia860m/Planned,"Accalia Point Solar, LLC","plant=Accalia Point Solar, LLC 190.5MW (P) Planned for installation, but regula @26.09808,-97.83752 planned=2028-05"
25INR0270,Harryoung Solar,eia860m/Planned,Gransolar Texas Four LLC,"plant=Harryoung PV and BESS 190.0MW (L) Regulatory approvals pending. Not un @26.27603,-97.63249 planned=2028-05"
25INR0271,City Breeze BESS,puct-index,Zenobe City Breeze BESS LLC,ERCOT STANDARD GENERATION INTERCONNECTION AGREEMENT BETWEEN AEP TEXAS INC. AND Zenobe City Breeze BESS LLC (Ci
25INR0271,City Breeze BESS,puct-index,City Breeze BESS LLC,FIRST AMENDED & RESTATED ERCOT STANDARD GENERATION INTERCONNECTION AGREEMENT BETWEEN AEP TEXAS INC. AND City B
25INR0271,City Breeze BESS,puct-index,City Breeze BESS LLC,SECOND AMENDED AND RESTATED ERCOT STANDARD GENERATION INTERCONNECTION AGREEMENT BETWEEN AEP TEXAS INC. AND Cit
25INR0281,Cosper Solar,eia860m/Planned,Gransolar Texas Twenty LLC,"plant=Cosper Solar 148.2MW (L) Regulatory approvals pending. Not un @30.99423,-97.79588 planned=2027-11"
25INR0281,Cosper Solar,puct-index,"Gransolar Texas Twenty, LLC",Standard Generation Interconnection Agreement between Oncor Electric Delivery Company LLC and Gransolar Texas 
25INR0281,Cosper Solar,puct-index,"Gransolar Texas Twenty, LLC",Amendment No. 1 to the Standard Generation Interconnection Agreement between Oncor Electric Delivery Company L
25INR0301,Van Zandt Energy Storage ,puct-index,Van Zandt Energy Storage LLC,Standard Generation Interconnection Agreement between Oncor Electric Delivery Company LLC and Van Zandt Energy
25INR0304,Flying Kite Solar,puct-index,FLYING KITE SOLAR LLC,ERCOT STANDARD GENERATION INTERCONNECTION AGREEMENT BETWEEN AEP TEXAS INC. AND FLYING KITE SOLAR LLC (XE Flyin
25INR0319,Northington Solar,puct-index,NORTHINGTON SOLAR LLC,ERCOT STANDARD GENERATION INTERCONNECTION AGREEMENT BETWEEN AEP TEXAS INC. AND NORTHINGTON SOLAR LLC (Northing
25INR0321,El Molino Solar SLF,eia860m/Operating,Corazon Energy LLC,"plant=Corazon Energy LLC 200.0MW (OP) Operating @27.63468,-99.25833 planned="
25INR0338,Les Energy Storage,eia860m/Planned,Cypress Creek Renewables,"plant=Bhalu 200.0MW (L) Regulatory approvals pending. Not un @32.31219,-101.3378 planned=2027-12"
25INR0354,Marshall Spring Storage,puct-index,"MARSHALL SPRINGS STORAGE, LLC",ERCOT STANDARD GENERATION INTERCONNECTION AGREEMENT BETWEEN LCRA TRANSMISSION SERVICES CORPORATION AND MARSHAL
25INR0368,Echols Grove Solar,eia860m/Planned,"SGT Hoskins Solar Project, LLC","plant=SGT Hoskins Solar Project Hybrid 204.1MW (P) Planned for installation, but regula @33.63124,-95.33785 planned=2027-12"
25INR0368,Echols Grove Solar,eia860m/Planned,"BT Ferguson Solar, LLC","plant=Echols Creek Solar 201.2MW (L) Regulatory approvals pending. Not un @33.61647,-95.45837 planned=2027-12"
25INR0368,Echols Grove Solar,eia860m/Operating,"Lightsource Renewable Energy Asset Management, LLC","plant=Impact Solar 1 198.5MW (OP) Operating @33.4678,-95.37086 planned="
25INR0368,Echols Grove Solar,eia860m/Operating,Invenergy Services LLC,"plant=Samson Solar Energy II LLC 200.0MW (OP) Operating @33.458,-95.349 planned="
25INR0370,Willis Storage,eia860m/Planned,"Belltown Power Texas 2, LLC","plant=Willis Storage 176.1MW (L) Regulatory approvals pending. Not un @32.87041,-95.74785 planned=2027-09"
25INR0370,Willis Storage,puct-index,"BT Majewski Storage, LLC",Standard Generation Interconnection Agreement between Oncor Electric Delivery Company LLC and BT Majewski Stor
25INR0370,Willis Storage,puct-index,"Majewski Storage, LLC",Amendment No. 1 to the Standard Generation Interconnection Agreement between Oncor Electric Delivery Company L
25INR0372,Elan BESS,eia860m/Planned,Rock Rose Energy Storage LLC,"plant=Rock Rose Energy Storage 200.0MW (U) Under construction, less than or equ @29.39524,-95.73535 planned=2027-03"
25INR0372,Elan BESS,eia860m/Operating,Bypass BESS LLC,"plant=Bypass BESS 200.0MW (OP) Operating @29.48445,-95.62164 planned="
25INR0375,NavBoot BESS,puct-index,NAVBOOT BESS LLC,ERCOT STANDARD GENERATION INTERCONNECTION AGREEMENT BETWEEN AEP TEXAS INC. AND NAVBOOT BESS LLC (Navboot BESS 
25INR0376,Hawkins BESS,eia860m/Planned,Gunnar Reliability Project LLC,"plant=Gunnar Reliability Project 150.0MW (U) Under construction, less than or equ @26.31557,-98.14851 planned=2026-12"
25INR0385,Bobcat Cameron BESS,eia860m/Planned,Red River Clean Energy,"plant=Resaca Oasis Storage 200.7MW (T) Regulatory approvals received. Not u @25.97878,-97.37263 planned=2027-09"
25INR0391,Purple Sage BESS 1,puct-index,"RWE Solar Development, LLC",Standard Generation Interconnection Agreement between Oncor Electric Delivery Company LLC and RWE Solar Develo
25INR0417,Mesa View Storage,puct-index,"Mesa View Storage, LLC.","First Amendment Standard Generation Interconnection Agreement between City of Garland and Mesa View Storage, L"
25INR0420,Houston BESS,eia860m/Operating,Callisto I Energy Center,"plant=Callisto I Energy Center 223.4MW (OP) Operating @29.64681,-95.45054 planned="
25INR0421,Aldrin 138 BESS,eia860m/Planned,Engie North America,"plant=Castor 200.0MW (U) Under construction, less than or equ @29.15028,-95.65118 planned=2026-06"
25INR0421,Aldrin 138 BESS,eia860m/Planned,Engie North America,"plant=Desna 200.0MW (U) Under construction, less than or equ @29.0633,-95.73543 planned=2026-06"
25INR0421,Aldrin 138 BESS,eia860m/Planned,Nexus Renewables U.S. Inc.,"plant=Bell Creek BESS LLC 200.9MW (P) Planned for installation, but regula @29.13752,-95.66797 planned=2028-11"
25INR0422,Waterloo Solar 1,eia860m/Operating,RWE Clean Energy,"plant=Big Star Solar, LLC (Hybrid) 200.0MW (OP) Operating @29.89405,-97.27054 planned="
25INR0432,Brotherton Storage,eia860m/Planned,"Belltown Power Texas 2, LLC","plant=Brotherton Storage 176.1MW (L) Regulatory approvals pending. Not un @31.68791,-95.73988 planned=2026-12"
25INR0441,Dios BESS,eia860m/Planned,"Samsung C&T Renewables, LLC","plant=Dios BESS, LLC 201.6MW (P) Planned for installation, but regula @29.013,-96.5051 planned=2027-03"
25INR0441,Dios BESS,puct-index,"DIOS BESS, LLC","ERCOT STANDARD GENERATION INTERCONNECTION AGREEMENT BETWEEN AEP TEXAS INC. AND DIOS BESS, LLC (Dios BESS Proje"
25INR0442,Happy Dog Storage,eia860m/Planned,"Yaupon Solar, LLC","plant=Yaupon Solar Project (Hybrid) 100.0MW (P) Planned for installation, but regula @31.0444,-96.8514 planned=2027-12"
25INR0442,Happy Dog Storage,eia860m/Planned,RWE Clean Energy,"plant=Stoneridge Solar, LLC 100.0MW (TS) Construction complete, but not yet  @30.56945,-97.11043 planned=2026-06"
25INR0442,Happy Dog Storage,puct-index,Rosula Storage LLC,Amended and Restated Standard Generation Interconnection Agreement between Oncor Electric Delivery Company LLC
25INR0460,Acker BESS,puct-index,Acker BESS LLC,Standard Generation Interconnection Agreement between Oncor Electric Delivery Company LLC and Acker BESS LLC
25INR0466,Yooperlite Storage,eia860m/Planned,"Belltown Power Texas 2, LLC","plant=Yooperlite Storage 175.7MW (L) Regulatory approvals pending. Not un @33.03319,-97.88031 planned=2027-12"
25INR0473,Crowded Star I BESS,eia860m/Planned,"Lightsource Renewable Energy Asset Management, LLC","plant=Jones City 2 Solar 200.0MW (V) Under construction, more than 50 per @32.79493,-99.99293 planned=2027-03"
25INR0480,Bell Creek BESS ,eia860m/Planned,Engie North America,"plant=Castor 200.0MW (U) Under construction, less than or equ @29.15028,-95.65118 planned=2026-06"
25INR0480,Bell Creek BESS ,eia860m/Planned,Engie North America,"plant=Desna 200.0MW (U) Under construction, less than or equ @29.0633,-95.73543 planned=2026-06"
25INR0480,Bell Creek BESS ,eia860m/Planned,Nexus Renewables U.S. Inc.,"plant=Bell Creek BESS LLC 200.9MW (P) Planned for installation, but regula @29.13752,-95.66797 planned=2028-11"
25INR0480,Bell Creek BESS ,puct-index,Bell Creek BESS. LLC,ERCOT Standard Generation Interconnection Agreement between Bell Creek BESS. LLC and TNMP
25INR0494,Willow Beach Wind,eia860m/Planned,AES Clean Energy,"plant=Willow Beach Wind 200.0MW (L) Regulatory approvals pending. Not un @29.24952,-95.13416 planned=2029-02"
25INR0494,Willow Beach Wind,puct-index,"Capital Wind, LLC – Willow Beach Wind","ERCOT Standard Generation Interconnection Agreement (SGIA) between CenterPoint Energy Houston Electric, LLC an"
25INR0495,Dolomite Storage,eia860m/Planned,"Belltown Power Texas 2, LLC","plant=Dolomite Storage 125.7MW (L) Regulatory approvals pending. Not un @32.45614,-96.73774 planned=2028-07"
25INR0498,Stegall Storage,eia860m/Operating,Key Capture Energy,"plant=TX11 Republic Road Storage 50.0MW (OP) Operating @30.88142,-96.62542 planned="
25INR0542,Hynes Bay Energy Storage,eia860m/Planned,"Raven Storage, LLC","plant=Raven Storage 100.0MW (U) Under construction, less than or equ @29.57562,-96.08872 planned=2026-10"
25INR0550,Carolina Storage Friendswood,eia860m/Operating,Gambit Energy Storage LLC,"plant=Gambit Energy Storage - Angleton Storage 100.0MW (OP) Operating @29.16801,-95.44506 planned="
25INR0552,HarryoungBESS,eia860m/Planned,Gransolar Texas Four LLC,"plant=Harryoung PV and BESS 190.0MW (L) Regulatory approvals pending. Not un @26.27603,-97.63249 planned=2028-05"
25INR0554,Dan Kearney BESS,eia860m/Planned,Engie North America,"plant=Castor 200.0MW (U) Under construction, less than or equ @29.15028,-95.65118 planned=2026-06"
25INR0554,Dan Kearney BESS,eia860m/Planned,Engie North America,"plant=Desna 200.0MW (U) Under construction, less than or equ @29.0633,-95.73543 planned=2026-06"
25INR0554,Dan Kearney BESS,eia860m/Planned,Nexus Renewables U.S. Inc.,"plant=Bell Creek BESS LLC 200.9MW (P) Planned for installation, but regula @29.13752,-95.66797 planned=2028-11"
25INR0556,Stargazer BESS,eia860m/Operating,Gambit Energy Storage LLC,"plant=Gambit Energy Storage - Angleton Storage 100.0MW (OP) Operating @29.16801,-95.44506 planned="
25INR0566,Copano Bay Energy Storage,eia860m/Planned,Engie North America,"plant=Castor 200.0MW (U) Under construction, less than or equ @29.15028,-95.65118 planned=2026-06"
25INR0566,Copano Bay Energy Storage,eia860m/Planned,Engie North America,"plant=Desna 200.0MW (U) Under construction, less than or equ @29.0633,-95.73543 planned=2026-06"
25INR0566,Copano Bay Energy Storage,eia860m/Planned,Nexus Renewables U.S. Inc.,"plant=Bell Creek BESS LLC 200.9MW (P) Planned for installation, but regula @29.13752,-95.66797 planned=2028-11"
25INR0578,Forest Creek Wind Repower,eia860m/Operating,RWE Clean Energy,"plant=Forest Creek Wind Farm LLC 124.2MW (OP) Operating @32.039,-101.22 planned="
25INR0578,Forest Creek Wind Repower,puct-index,"Forest Creek Wind Farm, LLC",Amendment No. 3 to the Standard Generation Interconnection Agreement between Oncor Electric Delivery Company L
25INR0593,Escondido BESS,eia860m/Planned,Regis Escondido LLC,"plant=Regis Escondido 9.9MW (TS) Construction complete, but not yet  @28.73068,-100.4746 planned=2026-10"
25INR0601,East Bernard BESS,eia860m/Planned,East Bernard LLC,"plant=East Bernard 9.5MW (V) Under construction, more than 50 per @29.52854,-96.07052 planned=2026-11"
25INR0601,East Bernard BESS,eia860m/Planned,Pledger LLC,"plant=Pledger 9.5MW (V) Under construction, more than 50 per @29.18772,-95.91223 planned=2026-11"
25INR0601,East Bernard BESS,eia860m/Operating,"Agilitas Energy, Inc.","plant=I-Eye ESS 10.0MW (OP) Operating @29.3133,-96.10837 planned="
25INR0604,Pledger BESS,eia860m/Planned,On Energy Storage,"plant=Matagorda Clean Energy Center (BESS) 10.1MW (V) Under construction, more than 50 per @28.99489,-96.12536 planned=2026-10"
25INR0604,Pledger BESS,eia860m/Operating,SMT Bay City LLC,"plant=SMT Bay City LLC 10.0MW (OP) Operating @28.98757,-95.96984 planned="
25INR0604,Pledger BESS,eia860m/Operating,"HEN Infrastructure, L.L.C.","plant=Pavlov 9.9MW (OP) Operating @28.99411,-96.1262 planned="
25INR0604,Pledger BESS,eia860m/Operating,Regis Palacios LLC,"plant=Regis Palacios 9.9MW (OP) Operating @28.75703,-96.21178 planned="
25INR0616,Bobcat Bluff Storage SLF,puct-index,"Cub Storage, LLC","Standard Generation Interconnection Agreement between Oncor Electric Delivery Company LLC and Cub Storage, LLC"
25INR0650,Buda BESS,eia860m/Planned,Buda Infra LLC,"plant=Buda BESS 9.9MW (U) Under construction, less than or equ @30.07557,-97.85101 planned=2026-06"
25INR0655,Elm Street BESS,eia860m/Planned,Elm St Infra LLC,"plant=Elm Street BESS 9.9MW (TS) Construction complete, but not yet  @31.42753,-103.4994 planned=2026-06"
25INR0655,Elm Street BESS,eia860m/Planned,County Rd Infra LLC,"plant=County Road BESS 9.9MW (TS) Construction complete, but not yet  @31.40078,-103.4944 planned=2026-06"
25INR0655,Elm Street BESS,eia860m/Operating,Key Capture Energy,"plant=TX7 Flat Top 9.9MW (OP) Operating @31.19791,-103.3607 planned="
25INR0655,Elm Street BESS,eia860m/Operating,Flower Valley,"plant=Flower Valley I 9.9MW (OP) Operating @31.19728,-103.3618 planned="
25INR0655,Elm Street BESS,eia860m/Operating,"HEN Infrastructure, L.L.C.","plant=Cedarville (TX) 9.9MW (OP) Operating @31.51411,-103.4524 planned="
25INR0655,Elm Street BESS,eia860m/Operating,"HEN Infrastructure, L.L.C.","plant=Coyote Springs (TX) 9.9MW (OP) Operating @31.39471,-103.6303 planned="
25INR0655,Elm Street BESS,eia860m/Operating,"HEN Infrastructure, L.L.C.","plant=Faulkner 9.9MW (OP) Operating @31.26238,-103.7949 planned="
25INR0655,Elm Street BESS,eia860m/Operating,"HEN Infrastructure, L.L.C.","plant=Saddleback 9.9MW (OP) Operating @31.33288,-103.4984 planned="
25INR0655,Elm Street BESS,eia860m/Operating,"HEN Infrastructure, L.L.C.","plant=Toyah Power Station 10.4MW (OP) Operating @31.11391,-103.6655 planned="
25INR0655,Elm Street BESS,eia860m/Operating,"HEN Infrastructure, L.L.C.","plant=Sandlake 9.9MW (OP) Operating @31.50879,-103.6175 planned="
25INR0655,Elm Street BESS,eia860m/Operating,Matta Power Station LLC,"plant=Matta Power Station 10.0MW (OP) Operating @31.04003,-103.6526 planned="
25INR0655,Elm Street BESS,eia860m/Operating,On Energy Storage,"plant=North Pecos Clean Energy Center (BESS) 10.1MW (OP) Operating @31.42246,-103.5091 planned="
25INR0656,Gilleys Energy Storage,puct-index,"Gilleys Energy Storage, LLC",Standard Generation Interconnection Agreement between Oncor Electric Delivery Company LLC and Gilleys Energy S
25INR0657,O'Bannion Energy Storage,puct-index,"O'Bannion Energy Storage, LLC",Standard Generation Interconnection Agreement between Oncor Electric Delivery Company LLC and O'Bannion Energy
25INR0693,Leon BESS,eia860m/Planned,"Gransolar Texas Three, LLC","plant=Pecan BESS 157.1MW (L) Regulatory approvals pending. Not un @31.07867,-96.22328 planned=2027-07"
25INR0706,Bocanova Power II,eia860m/Planned,Bocanova Power II LLC,"plant=Bocanova Energy Storage II 150.0MW (V) Under construction, more than 50 per @29.43542,-95.2511 planned=2026-08"
25INR0706,Bocanova Power II,eia860m/Operating,"Myrtle Storage, LLC","plant=Myrtle Storage 150.0MW (OP) Operating @29.22775,-95.42806 planned="
25INR0706,Bocanova Power II,eia860m/Operating,Bocanova Power LLC,"plant=Bocanova Energy Storage 150.0MW (OP) Operating @29.43542,-95.2511 planned="
25INR0706,Bocanova Power II,eia860m/Operating,"Cottonwood Bayou Storage, LLC","plant=Cottonwood Bayou Storage 150.0MW (OP) Operating @29.24264,-95.25994 planned="
25INR0706,Bocanova Power II,puct-index,Bocanova Power II LLC,ERCOT STANDARD GENERATION INTERCONNECTION AGREEMENT Between Bocanova Power II LLC and Texas-New Mexico Power C
25INR0706,Bocanova Power II,puct-index,BOCANOVA POWER II LLC,AMENDMENT NO. 1 TO THE ERCOT STANDARD GENERATION INTERCONNECTION AGREEMENT BETWEEN BOCANOVA POWER II LLC AND T
25INR0768,Stafford Hill BESS,eia860m/Planned,On Energy Storage,"plant=Colorado Clean Energy Center (BESS) 10.1MW (V) Under construction, more than 50 per @29.649,-96.51519 planned=2027-01"
25INR0768,Stafford Hill BESS,eia860m/Planned,On Energy Storage,"plant=Columbus Clean Energy Center (BESS) 10.1MW (V) Under construction, more than 50 per @29.6789,-96.53042 planned=2026-11"
25INR0769,Kleimann BESS,eia860m/Planned,On Energy Storage,"plant=Colorado Clean Energy Center (BESS) 10.1MW (V) Under construction, more than 50 per @29.649,-96.51519 planned=2027-01"
25INR0769,Kleimann BESS,eia860m/Planned,On Energy Storage,"plant=Columbus Clean Energy Center (BESS) 10.1MW (V) Under construction, more than 50 per @29.6789,-96.53042 planned=2026-11"
26INR0023,Leon Solar Park,eia860m/Planned,Ferrovial Energy US,"plant=Misae Solar IV LLC 209.0MW (TS) Construction complete, but not yet  @31.44307,-95.75183 planned=2026-07"
26INR0023,Leon Solar Park,puct-index,"MISAE SOLAR IV, LLC","Standard Generation Interconnection Agreement between Oncor Electric Delivery Company LLC and MISAE SOLAR IV, "
26INR0023,Leon Solar Park,puct-index,Misae Solar IV LLC,Amendment No. 1 to the Standard Generation Interconnection Agreement between Oncor Electric Delivery Company L
26INR0023,Leon Solar Park,puct-index,"Misae Solar IV, LLC",Amendment No. 2 to the Standard Generation Interconnection Agreement between Oncor Electric Delivery Company L
26INR0033,Fairway Storage,puct-index,"Fairway Storage, LLC","Standard Generation Interconnection Agreement between Oncor Electric Delivery Company LLC and Fairway Storage,"
26INR0034,Bracero Pecan Storage,puct-index,BRACERO PECAN STORAGE LLC,ERCOT STANDARD GENERATION INTERCONNECTION AGREEMENT BETWEEN AEP TEXAS INC. AND BRACERO PECAN STORAGE LLC (Brac
26INR0098,Douie Solar,puct-index,"Buffalo Spring Solar, LLC",Standard Generation Interconnection Agreement between Oncor Electric Delivery Company LLC and Buffalo Spring S
26INR0113,Meitner Wind,puct-index,IP Meitner Wind,Generation Interconnection Agreement between CTT and IP Meitner Wind
26INR0113,Meitner Wind,puct-index,(parse failed — read description),1st Amendment to SGIA CTT and IP Meitner Wind
26INR0113,Meitner Wind,puct-index,IP Meitner Wind,2nd Amendment to SGIA between CTT and IP Meitner Wind
26INR0113,Meitner Wind,puct-index,IP Meitner Wind,3rd Amendment to SGIA between CTT and IP Meitner Wind
26INR0116,Falcon Zapata Storage 138,eia860m/Planned,Bravo ESS LLC,"plant=Bravo ESS 200.0MW (P) Planned for installation, but regula @27.28504,-99.41187 planned=2027-07"
26INR0116,Falcon Zapata Storage 138,eia860m/Operating,Engie North America,"plant=Zapata 19.8MW (OP) Operating @26.93267,-99.23371 planned="
26INR0130,Elm Flats Solar SLF,eia860m/Planned,Birch Creek Development,"plant=Elm Flats Solar 125.0MW (U) Under construction, less than or equ @32.11358,-96.30476 planned=2026-06"
26INR0130,Elm Flats Solar SLF,eia860m/Operating,"Lightsource Renewable Energy Asset Management, LLC","plant=Briar Creek Solar 1 127.0MW (OP) Operating @32.06748,-96.58514 planned="
26INR0130,Elm Flats Solar SLF,puct-index,"Orca Falls Solar, LLC",Standard Generation Interconnection Agreement between Oncor Electric Delivery Company LLC and Orca Falls Solar
26INR0131,Elm Flats Storage SLF,puct-index,"Orca Falls Solar, LLC",Standard Generation Interconnection Agreement between Oncor Electric Delivery Company LLC and Orca Falls Solar
26INR0135,Myers Storage,eia860m/Planned,"Honeycomb Solar Holdco, LLC","plant=Honeycomb Solar and Storage 76.5MW (V) Under construction, more than 50 per @28.18434,-97.77169 planned=2026-06"
26INR0143,Santa Garcias Solar,puct-index,OXY RENEWABLE ENERGY LLC,ERCOT STANDARD GENERATION INTERCONNECTION AGREEMENT BETWEEN AEP TEXAS INC. AND OXY RENEWABLE ENERGY LLC (Santa
26INR0180,Cape Rich BESS,puct-index,Cape Rich BESS LLC,Standard Generation Interconnection Agreement between Oncor Electric Delivery Company LLC and Cape Rich BESS L
26INR0189,Skipjack Energy Storage,eia860m/Planned,Bocanova Power II LLC,"plant=Bocanova Energy Storage II 150.0MW (V) Under construction, more than 50 per @29.43542,-95.2511 planned=2026-08"
26INR0189,Skipjack Energy Storage,eia860m/Operating,"Myrtle Storage, LLC","plant=Myrtle Storage 150.0MW (OP) Operating @29.22775,-95.42806 planned="
26INR0189,Skipjack Energy Storage,eia860m/Operating,Bocanova Power LLC,"plant=Bocanova Energy Storage 150.0MW (OP) Operating @29.43542,-95.2511 planned="
26INR0189,Skipjack Energy Storage,eia860m/Operating,"Cottonwood Bayou Storage, LLC","plant=Cottonwood Bayou Storage 150.0MW (OP) Operating @29.24264,-95.25994 planned="
26INR0189,Skipjack Energy Storage,puct-index,"Skipper Energy Storage, LLC - Skipjack Energy Storage","ERCOT Standard Generation Interconnection Agreement (SGIA) between CenterPoint Energy Houston Electric, LLC an"
26INR0189,Skipjack Energy Storage,puct-index,"Skipper Energy Storage, LLC - Skipjack Energy Storage",Amendment One to ERCOT Standard Generation Interconnection Agreement between CenterPoint Energy Houston Electr
26INR0201,Rock Rose BESS,eia860m/Planned,Rock Rose Energy Storage LLC,"plant=Rock Rose Energy Storage 200.0MW (U) Under construction, less than or equ @29.39524,-95.73535 planned=2027-03"
26INR0201,Rock Rose BESS,eia860m/Operating,Bypass BESS LLC,"plant=Bypass BESS 200.0MW (OP) Operating @29.48445,-95.62164 planned="
26INR0201,Rock Rose BESS,puct-index,"Rock Rose Energy Storage, LLC – Rock Rose BESS Project",Amendment One to ERCOT Standard Generation Interconnection Agreement (SGIA) between CenterPoint Energy Houston
26INR0215,JackGard BESS,puct-index,"Jackgard BESS, LLC","Standard Generation Interconnection Agreement between Oncor Electric Delivery Company LLC and Jackgard BESS, L"
26INR0222,GOTHAM BESS,eia860m/Operating,Engie North America,"plant=Carina 150.0MW (OP) Operating @27.81922,-97.53546 planned="
26INR0226,First Capitol BESS,eia860m/Planned,Lydian Energy,"plant=Rock N' Roll 250.0MW (L) Regulatory approvals pending. Not un @29.29937,-95.42218 planned=2027-10"
26INR0241,Sol Marina Energy Center,puct-index,"Adapture Solar Development, LLC",Standard Generation Interconnection Agreement between Oncor Electric Delivery Company LLC and Adapture Solar D
26INR0250,Duffy BESS,eia860m/Planned,Duffy Energy Storage LLC,"plant=Duffy BESS 235.9MW (U) Under construction, less than or equ @28.85459,-96.08606 planned=2026-12"
26INR0250,Duffy BESS,puct-index,Duffy Energy Storage LLC – Duffy BESS,"ERCOT Standard Generation Interconnection Agreement (SGIA) between CenterPoint Energy Houston Electric, LLC an"
26INR0250,Duffy BESS,puct-index,Duffy Energy Storage LLC – Duffy BESS Project,Amendment One to ERCOT Standard Generation Interconnection Agreement (SGIA) between CenterPoint Energy Houston
26INR0252,Neutron Storage,eia860m/Operating,Geronimo Power,"plant=Copperhead Solar, LLC 100.0MW (OP) Operating @31.45,-96.86 planned="
26INR0252,Neutron Storage,puct-index,"Elawan Neutron Storage, LLC",Standard Generation Interconnection Agreement between Oncor Electric Delivery Company LLC and Elawan Neutron S
26INR0260,Evans Creek Energy Storage,eia860m/Planned,Evans Creek Energy Storage LLC,"plant=Evans Creek Energy Storage Project 103.0MW (U) Under construction, less than or equ @29.74601,-101.1406 planned=2026-06"
26INR0260,Evans Creek Energy Storage,eia860m/Operating,"Tierra Seca BESS, LLC","plant=Tierra Seca 100.0MW (OP) Operating @29.34911,-100.8734 planned="
26INR0269,Moccasin Solar,puct-index,SWENSON SOLAR LLC,"ERCOT STANDARD GENERATION INTERCONNECTION AGREEMENT BETWEEN ELECTRIC TRANSMISSION TEXAS, LLC AND SWENSON SOLAR"
26INR0269,Moccasin Solar,puct-index,SWENSON SOLAR LLC,FIRST AMENDED AND RESTATED ERCOT STANDARD GENERATION INTERCONNECTION AGREEMENT BETWEEN ELECTRIC TRANSMISSION T
26INR0296,Sherbino II BESS SLF,eia860m/Operating,"Dogfish ESS Assets, LLC","plant=Dogfish BESS 75.0MW (OP) Operating @30.91866,-102.85 planned="
26INR0301,Bhalu Storage,eia860m/Planned,Cypress Creek Renewables,"plant=Bhalu 200.0MW (L) Regulatory approvals pending. Not un @32.31219,-101.3378 planned=2027-12"
26INR0313,Edens Solar,eia860m/Planned,"RIC Development, LLC","plant=Edens Solar 70.0MW (P) Planned for installation, but regula @32.06313,-97.11104 planned=2028-09"
26INR0313,Edens Solar,eia860m/Operating,"Elawan Dileo Solar, LLC","plant=Dileo Solar 71.4MW (OP) Operating @31.78,-97.51 planned="
26INR0314,Brazos River BESS,eia860m/Planned,Nexus Renewables U.S. Inc.,"plant=Brazos River BESS LLC 180.0MW (P) Planned for installation, but regula @29.15041,-95.62124 planned=2028-11"
26INR0314,Brazos River BESS,eia860m/Operating,"Longbow BESS, LLC","plant=Longbow BESS, LLC 174.0MW (OP) Operating @29.2816,-95.29553 planned="
26INR0314,Brazos River BESS,puct-index,Brazos River BESS LLC,ERCOT STANDARD GENERATION INTERCONNECTION AGREEMENT Between Brazos River BESS LLC and Texas-New Mexico Power C
26INR0327,Sleepy Hollow BESS,eia860m/Operating,"Azure Sky Wind Project, LLC","plant=Azure Sky Wind Project, LLC Hybrid 120.0MW (OP) Operating @33.16914,-99.26601 planned="
26INR0340,SOUTHERN SELECT ENERGY STORAGE,eia860m/Planned,"Vertus Energy Storage, LLC","plant=Vertus Energy Storage Plant 200.0MW (U) Under construction, less than or equ @29.39299,-95.03924 planned=2026-08"
26INR0340,SOUTHERN SELECT ENERGY STORAGE,puct-index,SOUTHERN SELECT ENERGY STORAGE LLC,ERCOT STANDARD GENERATION INTERCONNECTION AGREEMENT Between SOUTHERN SELECT ENERGY STORAGE LLC and Texas-New M
26INR0343,Stinger Energy Storage,eia860m/Planned,Cypress Creek Renewables,"plant=Destiny Storage 200.0MW (U) Under construction, less than or equ @29.88719,-95.02366 planned=2026-05"
26INR0343,Stinger Energy Storage,eia860m/Operating,Citadel BESS LLC,"plant=Citadel Battery Storage Plant 204.0MW (OP) Operating @29.87404,-95.01824 planned="
26INR0345,NET Power Demonstration plant,eia860m/Planned,"NET Power, LLC","plant=NET Power La Porte Station 25.5MW (OT) Other @29.64679,-95.05415 planned=2027-09"
26INR0374,Cobra Clean Energy Center,eia860m/Operating,Gambit Energy Storage LLC,"plant=Gambit Energy Storage - Angleton Storage 100.0MW (OP) Operating @29.16801,-95.44506 planned="
26INR0374,Cobra Clean Energy Center,puct-index,Cobra Clean Energy Center LLC – Cobra Clean Energy Center,"ERCOT Standard Generation Interconnection Agreement (SGIA) between CenterPoint Energy Houston Electric, LLC an"
26INR0375,Avalon BESS,puct-index,"Avalon BESS, LLC – Avalon BESS","ERCOT Standard Generation Interconnection Agreement (SGIA) between CenterPoint Energy Houston Electric, LLC an"
26INR0376,Blackcat Storage,eia860m/Planned,Eldora Energy LLC,"plant=Eldora Energy LLC 200.0MW (P) Planned for installation, but regula @28.86599,-96.12169 planned=2028-07"
26INR0376,Blackcat Storage,eia860m/Planned,"RIC Development, LLC","plant=Blackcat BESS 200.6MW (P) Planned for installation, but regula @28.97488,-95.99499 planned=2028-04"
26INR0380,Pepper Solar Farm,eia860m/Planned,"Pepper Solar Farm, LLC","plant=Pepper Solar Farm 120.0MW (P) Planned for installation, but regula @31.67836,-97.04595 planned=2027-07"
26INR0380,Pepper Solar Farm,puct-index,"Pepper Solar Farm, LLC",Standard Generation Interconnection Agreement between Oncor Electric Delivery Company LLC and Pepper Solar Far
26INR0380,Pepper Solar Farm,puct-index,"Pepper Solar Farm, LLC",Amendment No. 1 to the Standard Generation Interconnection Agreement between Oncor Electric Delivery Company L
26INR0385,Nanulak BESS,puct-index,"Nanulak BESS, LLC","ERCOT STANDARD GENERATION INTERCONNECTION AGREEMENT Between Nanulak BESS, LLC and Texas-New Mexico Power Compa"
26INR0388,Aggie Solar Project SLF,eia860m/Operating,RWE Clean Energy,"plant=West of the Pecos Solar 100.0MW (OP) Operating @31.4308,-103.7289 planned="
26INR0409,Lucky 7 Solar,eia860m/Planned,Lucky 7 Solar Farm LLC,"plant=Lucky 7 Solar Farm LLC 100.0MW (U) Under construction, less than or equ @33.082,-95.721 planned=2027-10"
26INR0409,Lucky 7 Solar,puct-index,"Lucky 7 Solar Farm, LLC",Standard Generation Interconnection Agreement between Oncor Electric Delivery Company LLC and Lucky 7 Solar Fa
26INR0417,GAMAY ENERGY STORAGE,eia860m/Planned,"ESTX-PLD-HOUSTON2, LLC","plant=SAHARA BESS (SOHO BESS) 408.7MW (TS) Construction complete, but not yet  @29.45207,-95.30828 planned=2026-06"
26INR0417,GAMAY ENERGY STORAGE,puct-index,GAMAY ENERGY STORAGE LLC,ERCOT STANDARD GENERATION INTERCONNECTION AGREEMENT Between GAMAY ENERGY STORAGE LLC and Texas-New Mexico Powe
26INR0418,TE Smith Storage 2,eia860m/Operating,BT Smith Storage LLC,"plant=TE Smith Storage 125.0MW (OP) Operating @32.97116,-96.34768 planned="
26INR0427,BremRaek BESS,eia860m/Planned,Prost ESS LLC,"plant=Prost ESS 200.0MW (P) Planned for installation, but regula @29.95785,-96.53331 planned=2027-07"
26INR0427,BremRaek BESS,eia860m/Operating,"Sealy Power, LLC","plant=Sealy BESS 200.0MW (OP) Operating @29.84799,-96.19868 planned="
26INR0447,Honey Mesquite Wind Farm,puct-index,"Honey Mesquite Wind Farm, LLC","Generation Interconnection Agreement between Wind Energy Transmission Texas, LLC and Honey Mesquite Wind Farm,"
26INR0447,Honey Mesquite Wind Farm,puct-index,"Honey Mesquite Wind Farm, LLC","First Amendment to Generation Interconnection Agreement between Wind Energy Transmission Texas, LLC and Honey "
26INR0447,Honey Mesquite Wind Farm,puct-index,"Honey Mesquite Wind Farm, LLC","Second Amendment to Generation Interconnection Agreement between Wind Energy Transmission Texas, LLC and Honey"
26INR0447,Honey Mesquite Wind Farm,puct-index,"Honey Mesquite Wind Farm, LLC","Third Amendment to Generation Interconnection Agreement between Wind Energy Transmission Texas, LLC and Honey "
26INR0452,Cannibal Draw Solar,eia860m/Planned,Red River Clean Energy,"plant=Cannibal Draw Solar and Storage 149.5MW (T) Regulatory approvals received. Not u @32.02386,-101.284 planned=2028-04"
26INR0452,Cannibal Draw Solar,puct-index,"Cannibal Draw Solar, LLC","Generation Interconnection Agreement between Wind Energy Transmission Texas, LLC and Cannibal Draw Solar, LLC"
26INR0453,Cannibal Draw Storage,eia860m/Planned,Red River Clean Energy,"plant=Cannibal Draw Solar and Storage 98.6MW (T) Regulatory approvals received. Not u @32.02386,-101.284 planned=2028-04"
26INR0474,Sorghum BESS,puct-index,"Blue Creek BESS, LLC – Sorghum BESS","ERCOT Standard Generation Interconnection Agreement (SGIA) between CenterPoint Energy Houston Electric, LLC an"
26INR0485,Prospector Energy Storage,eia860m/Planned,Cypress Creek Renewables,"plant=Bhalu 200.0MW (L) Regulatory approvals pending. Not un @32.31219,-101.3378 planned=2027-12"
26INR0502,Fudge Ranch BESS,eia860m/Operating,"Ables Springs Solar, LLC","plant=Ables Springs Solar & Storage 100.0MW (OP) Operating @32.81957,-96.18484 planned="
26INR0512,County Road BESS,eia860m/Planned,Elm St Infra LLC,"plant=Elm Street BESS 9.9MW (TS) Construction complete, but not yet  @31.42753,-103.4994 planned=2026-06"
26INR0512,County Road BESS,eia860m/Planned,County Rd Infra LLC,"plant=County Road BESS 9.9MW (TS) Construction complete, but not yet  @31.40078,-103.4944 planned=2026-06"
26INR0512,County Road BESS,eia860m/Operating,Key Capture Energy,"plant=TX7 Flat Top 9.9MW (OP) Operating @31.19791,-103.3607 planned="
26INR0512,County Road BESS,eia860m/Operating,Flower Valley,"plant=Flower Valley I 9.9MW (OP) Operating @31.19728,-103.3618 planned="
26INR0512,County Road BESS,eia860m/Operating,"HEN Infrastructure, L.L.C.","plant=Cedarville (TX) 9.9MW (OP) Operating @31.51411,-103.4524 planned="
26INR0512,County Road BESS,eia860m/Operating,"HEN Infrastructure, L.L.C.","plant=Coyote Springs (TX) 9.9MW (OP) Operating @31.39471,-103.6303 planned="
26INR0512,County Road BESS,eia860m/Operating,"HEN Infrastructure, L.L.C.","plant=Faulkner 9.9MW (OP) Operating @31.26238,-103.7949 planned="
26INR0512,County Road BESS,eia860m/Operating,"HEN Infrastructure, L.L.C.","plant=Saddleback 9.9MW (OP) Operating @31.33288,-103.4984 planned="
26INR0512,County Road BESS,eia860m/Operating,"HEN Infrastructure, L.L.C.","plant=Toyah Power Station 10.4MW (OP) Operating @31.11391,-103.6655 planned="
26INR0512,County Road BESS,eia860m/Operating,"HEN Infrastructure, L.L.C.","plant=Sandlake 9.9MW (OP) Operating @31.50879,-103.6175 planned="
26INR0512,County Road BESS,eia860m/Operating,Matta Power Station LLC,"plant=Matta Power Station 10.0MW (OP) Operating @31.04003,-103.6526 planned="
26INR0512,County Road BESS,eia860m/Operating,On Energy Storage,"plant=North Pecos Clean Energy Center (BESS) 10.1MW (OP) Operating @31.42246,-103.5091 planned="
26INR0519,Sky Global West Houston,puct-index,"Sky Global Power Two, LLC – Sky Global West Houston","ERCOT Standard Generation Interconnection Agreement (SGIA) between CenterPoint Energy Houston Electric, LLC an"
26INR0520,Highway 6 BESS,eia860m/Planned,Hwy 6 Infra LLC,"plant=Highway 6 BESS 9.9MW (TS) Construction complete, but not yet  @30.44232,-96.13143 planned=2026-06"
26INR0521,Millers Branch Solar III,eia860m/Planned,Southern Power Co,"plant=Millers Branch Solar 312.0MW (V) Under construction, more than 50 per @33.22132,-99.58652 planned=2026-06"
26INR0521,Millers Branch Solar III,eia860m/Operating,Southern Power Co,"plant=Millers Branch Solar 200.0MW (OP) Operating @33.22132,-99.58652 planned="
26INR0524,Fagus Solar Park 3 SLF,eia860m/Planned,"Greenlia Solar Power Misae III, LLC","plant=Greenalia Solar Power Misae III 169.6MW (T) Regulatory approvals received. Not u @34.20349,-100.0404 planned=2027-05"
26INR0524,Fagus Solar Park 3 SLF,eia860m/Operating,"Excel Advantage Services, LLC","plant=Fagus Solar Park 331.6MW (OP) Operating @34.35099,-100.0493 planned="
26INR0525,Bypass BESS II,eia860m/Planned,Rock Rose Energy Storage LLC,"plant=Rock Rose Energy Storage 200.0MW (U) Under construction, less than or equ @29.39524,-95.73535 planned=2027-03"
26INR0525,Bypass BESS II,eia860m/Operating,Bypass BESS LLC,"plant=Bypass BESS 200.0MW (OP) Operating @29.48445,-95.62164 planned="
26INR0525,Bypass BESS II,puct-index,Bypass BESS II LLC,ERCOT Standard Generation Interconnection Agreement (SGIA) and Amendment One between CenterPoint Energy Housto
26INR0543,Three Canes Solar,puct-index,Three Canes Solar LLC,Standard Generation Interconnection Agreement between Oncor Electric Delivery Company LLC and Three Canes Sola
26INR0551,Hastings Park BESS,eia860m/Planned,Lydian Energy,"plant=Rock N' Roll 250.0MW (L) Regulatory approvals pending. Not un @29.29937,-95.42218 planned=2027-10"
26INR0551,Hastings Park BESS,puct-index,"Brazos Roots BESS, LLC","ERCOT STANDARD GENERATION INTERCONNECTION AGREEMENT Between Brazos Roots BESS, LLC and Texas-New Mexico Power "
26INR0574,Apple BESS,eia860m/Planned,"Apple Infra, LLC","plant=Apple BESS 9.9MW (U) Under construction, less than or equ @31.6757,-102.3638 planned=2026-06"
26INR0574,Apple BESS,eia860m/Operating,Engie North America,"plant=Odessa 9.9MW (OP) Operating @31.87131,-102.3984 planned="
26INR0574,Apple BESS,eia860m/Operating,"HEN Infrastructure, L.L.C.","plant=Judkins BESS 9.9MW (OP) Operating @31.71559,-102.5981 planned="
26INR0574,Apple BESS,eia860m/Operating,"Westover ESS Assets, LLC","plant=Westover BESS 10.0MW (OP) Operating @31.83553,-102.4435 planned="
26INR0574,Apple BESS,eia860m/Operating,Prologis Logistics Services Incorporated BESS,"plant=Non-PLD US-El Paso - BSSAT004 9.9MW (OP) Operating @31.84039,-102.7264 planned="
26INR0615,Bell County Morgan Storage,eia860m/Operating,"Five Wells Solar Center, LLC","plant=Five Wells Solar Center - Hybrid 262.5MW (OP) Operating @30.99865,-97.25902 planned="
26INR0622,Buffalo Gap 1 Wind Repower,puct-index,"BUFFALO GAP WIND FARM, LLC",SECOND AMENDED AND RESTATED ERCOT STANDARD GENERATION INTERCONNECTION AGREEMENT BETWEEN AEP TEXAS INC. AND BUF
26INR0625,Buffalo Gap 2 Wind Repower,eia860m/Operating,"Leeward Asset Management, LLC","plant=Sweetwater Wind 4 LLC 241.0MW (OP) Operating @32.3122,-100.5303 planned="
26INR0625,Buffalo Gap 2 Wind Repower,eia860m/Operating,AES Distributed Energy,"plant=Buffalo Gap 2 Wind Farm 232.5MW (OP) Operating @32.31822,-100.177 planned="
26INR0625,Buffalo Gap 2 Wind Repower,puct-index,"BUFFALO GAP WIND FARM 2, LLC",SECOND AMENDED AND RESTATED ERCOT STANDARD GENERATION INTERCONNECTION AGREEMENT BETWEEN AEP TEXAS INC. AND BUF
26INR0626,Buffalo Gap 3 Wind Repower,puct-index,"BUFFALO GAP WIND FARM 3, L.L.C.",SECOND AMENDED AND RESTATED ERCOT STANDARD GENERATION INTERCONNECTION AGREEMENT BETWEEN AEP TEXAS INC. AND BUF
26INR0640,Amberjack2 BESS,eia860m/Planned,"BT Cantwell Solar, LLC","plant=Arroyo Storage 180.0MW (TS) Construction complete, but not yet  @26.26431,-97.61156 planned=2026-09"
26INR0647,Wake Wind Energy Repower,eia860m/Operating,Southern Power Co,"plant=Wake Wind Energy Center 257.3MW (OP) Operating @33.825,-101.0997 planned="
26INR0664,Coleto Creek - Fuel Change Only,eia860m/Operating,Coleto Creek Power LP,"plant=Coleto Creek 622.4MW (OP) Operating @28.7128,-97.21417 planned="
26INR0682,North Edinburg BESS 1,eia860m/Planned,Edinburg ESS Assets LLC,"plant=North Edinburg BESS 1 10.0MW (V) Under construction, more than 50 per @26.34719,-98.18844 planned=2026-06"
26INR0682,North Edinburg BESS 1,eia860m/Planned,"Marubeni Power International, Inc.","plant=Palmview BESS 9.9MW (V) Under construction, more than 50 per @26.23833,-98.36946 planned=2026-06"
26INR0682,North Edinburg BESS 1,eia860m/Planned,"Marubeni Power International, Inc.","plant=SE Edinburg BESS 9.9MW (V) Under construction, more than 50 per @26.28827,-98.14674 planned=2026-06"
26INR0682,North Edinburg BESS 1,eia860m/Operating,"HEN Infrastructure, L.L.C.","plant=Val Verde 9.9MW (OP) Operating @26.23415,-98.07985 planned="
26INR0682,North Edinburg BESS 1,eia860m/Operating,SMT Mercedes LLC,"plant=SMT Mercedes LLC 10.0MW (OP) Operating @26.2305,-97.91256 planned="
26INR0682,North Edinburg BESS 1,eia860m/Operating,SMT Mission LLC,"plant=SMT Mission LLC 10.0MW (OP) Operating @26.18943,-98.32293 planned="
26INR0682,North Edinburg BESS 1,eia860m/Operating,SMT Alamo LLC,"plant=SMT Alamo LLC 10.0MW (OP) Operating @26.23068,-98.11404 planned="
26INR0682,North Edinburg BESS 1,eia860m/Operating,SMT Elsa LLC,"plant=SMT Elsa LLC 10.0MW (OP) Operating @26.2961,-98.0096 planned="
26INR0682,North Edinburg BESS 1,eia860m/Operating,Prologis Logistics Services Incorporated BESS,"plant=Citrus City BESS 9.9MW (OP) Operating @26.32162,-98.35149 planned="
26INR0682,North Edinburg BESS 1,eia860m/Operating,Regis Monte Cristo LLC,"plant=Regis Monte Cristo LLC 9.9MW (OP) Operating @26.36037,-98.31517 planned="
26INR0682,North Edinburg BESS 1,eia860m/Operating,SMT Mission II LLC,"plant=SME Mission II BESS 10.0MW (OP) Operating @26.16812,-98.32448 planned="
26INR0691,Harlingen #1 BESS 1,eia860m/Planned,Harlingen ESS Assets LLC,"plant=Harlingen #1 BESS 1 10.0MW (V) Under construction, more than 50 per @26.20611,-97.70842 planned=2026-06"
26INR0691,Harlingen #1 BESS 1,eia860m/Planned,On Energy Storage,"plant=Mesquite Clean Energy Center (BESS) 10.1MW (TS) Construction complete, but not yet  @26.09845,-97.82261 planned=2026-07"
26INR0691,Harlingen #1 BESS 1,eia860m/Operating,SMT Santa Rosa LLC,"plant=SMT Santa Rosa LLC 10.0MW (OP) Operating @26.23247,-97.82317 planned="
26INR0691,Harlingen #1 BESS 1,eia860m/Operating,SMT Los Fresnos LLC,"plant=SMT Los Fresnos LLC 10.0MW (OP) Operating @26.07468,-97.52318 planned="
26INR0691,Harlingen #1 BESS 1,eia860m/Operating,SMT Harlingen II LLC,"plant=SMT Harlingen II LLC 10.0MW (OP) Operating @26.18,-97.72561 planned="
26INR0691,Harlingen #1 BESS 1,eia860m/Operating,Grenergy USA LLC,"plant=BESS La Feria 10.0MW (OP) Operating @26.11688,-97.81167 planned="
26INR0691,Harlingen #1 BESS 1,eia860m/Operating,Regis Laureles LLC,"plant=Regis Laureles 9.9MW (OP) Operating @26.1224,-97.54792 planned="
26INR0691,Harlingen #1 BESS 1,eia860m/Operating,AETS AM LLC,"plant=Aggreko MSR Grid PC5 10.0MW (OP) Operating @26.19206,-97.66029 planned="
26INR0691,Harlingen #1 BESS 1,eia860m/Operating,AETS AM LLC,"plant=Aggreko MSR Grid PC7 10.0MW (OP) Operating @26.0014,-97.5218 planned="
26INR0702,Bexar Martinez BESS,eia860m/Planned,Bexar Corrilla LLC,"plant=Bexar Corrilla BESS 9.9MW (TS) Construction complete, but not yet  @29.37971,-98.3167 planned=2026-06"
26INR0702,Bexar Martinez BESS,eia860m/Operating,City of San Antonio - (TX),"plant=Commerce ESS 10.0MW (OP) Operating @29.43445,-98.61765 planned="
26INR0702,Bexar Martinez BESS,eia860m/Operating,Engie North America,"plant=Ranchtown 9.9MW (OP) Operating @29.61789,-98.73595 planned="
26INR0718,PHOTON SOLAR REPOWERING,eia860m/Planned,Erin Solar LLC,"plant=Erin 202.0MW (P) Planned for installation, but regula @29.163,-96.013 planned=2029-10"
26INR0718,PHOTON SOLAR REPOWERING,puct-index,"GulfStar Power, LLC – Photon Solar Repowering and Photon BESS Repowering",Amendment Three to the ERCOT Standard Generation Interconnection Agreement (SGIA) between CenterPoint Energy H
26INR0725,PHOTON BESS REPOWERING,eia860m/Operating,"GulfStar Power, LLC","plant=GulfStar Power, LLC 300.0MW (OP) Operating @29.1913,-95.96752 planned="
26INR0725,PHOTON BESS REPOWERING,puct-index,"GulfStar Power, LLC – Photon Solar Repowering and Photon BESS Repowering",Amendment Three to the ERCOT Standard Generation Interconnection Agreement (SGIA) between CenterPoint Energy H
26INR0726,Roadrunner Crossing Wind (Uprate),puct-index,"Roadrunner Crossing Wind Farm, LLC","ERCOT SGIA between Lone Star Transmission, LLC and Roadrunner Crossing Wind Farm, LLC"
26INR0726,Roadrunner Crossing Wind (Uprate),puct-index,"Roadrunner Crossing Wind Farm, LLC",First Amended and Restated ERCOT Standard Generation Interconnection Agreement between Roadrunner Crossing Win
26INR0726,Roadrunner Crossing Wind (Uprate),puct-index,"Roadrunner Crossing Wind Farm, LLC","Second Amended and Restated Standard Generation Interconnection Agreement between Lone Star Transmission, LLC "
26INR0726,Roadrunner Crossing Wind (Uprate),puct-index,"Roadrunner Crossing Wind Farm, LLC","Third Amended and Restated Standard Generation Interconnection Agreement between Lone Star Transmission, LLC a"
26INR0736,Hovey Solar 2,puct-index,"BARILLA SOLAR, LLC",THIRD AMENDED AND RESTATED ERCOT STANDARD GENERATION INTERCONNECTION AGREEMENT BETWEEN AEP TEXAS INC. AND BARI
27INR0049,Darkwood Solar,eia860m/Planned,"Mustang Creek Solar I, LLC","plant=Darkwood Solar 150.7MW (L) Regulatory approvals pending. Not un @31.92853,-98.4241 planned=2027-10"
27INR0049,Darkwood Solar,puct-index,"Mustang Creek Solar, LLC",Standard Generation Interconnection Agreement between Oncor Electric Delivery Company LLC and Mustang Creek So
27INR0063,Supra Wind  ,eia860m/Operating,"Blue Summit III Wind, LLC","plant=Blue Summit III Wind 200.2MW (OP) Operating @34.17049,-99.56344 planned="
27INR0085,Eagle Claw Energy Center,puct-index,"Eagle Claw Energy Center, LLC – Eagle Claw Energy Center","ERCOT Standard Generation Interconnection Agreement (SGIA) between CenterPoint Energy Houston Electric, LLC an"
27INR0095,Bulldog Power (TEF - Due Diligence) ,eia860m/Operating,Dow Chemical Company-Oyster Creek VIII,"plant=Oyster Creek Unit VIII 297.0MW (OP) Operating @28.9802,-95.342 planned="
27INR0096,Rubicon Power BESS,eia860m/Planned,Elio Energy LLC,"plant=Elio Energy LLC 300.0MW (P) Planned for installation, but regula @29.24768,-95.68546 planned=2027-12"
27INR0096,Rubicon Power BESS,eia860m/Operating,SMT Ironman BESS LLC,"plant=SMT Ironman Battery Storage Plant 304.0MW (OP) Operating @29.45566,-95.31001 planned="
27INR0127,Bigway Solar I,puct-index,"BIGWAY SOLAR, LLC","ERCOT STANDARD GENERATION INTERCONNECTION AGREEMENT BETWEEN ELECTRIC TRANSMISSION TEXAS, LLC AND BIGWAY SOLAR,"
27INR0128,Bigway Solar II,puct-index,"BIGWAY SOLAR, LLC","ERCOT STANDARD GENERATION INTERCONNECTION AGREEMENT BETWEEN ELECTRIC TRANSMISSION TEXAS, LLC AND BIGWAY SOLAR,"
27INR0132,Palo Verde Wind,eia860m/Operating,Avangrid Power LLC,"plant=Karankawa Wind LLC 307.1MW (OP) Operating @28.17018,-97.81751 planned="
27INR0132,Palo Verde Wind,puct-index,"RWE CLEAN ENERGY DEVELOPMENT, LLC","ERCOT STANDARD GENERATION INTERCONNECTION AGREEMENT BETWEEN AEP TEXAS INC. AND RWE CLEAN ENERGY DEVELOPMENT, L"
27INR0139,Gatsby Energy Storage,eia860m/Planned,Gatsby Energy Storage LLC,"plant=Gatsby Energy Storage Project 103.4MW (U) Under construction, less than or equ @30.66418,-101.7801 planned=2027-03"
27INR0139,Gatsby Energy Storage,eia860m/Operating,St. Gall Energy Storage I,"plant=St. Gall Energy Storage I 102.6MW (OP) Operating @30.92438,-102.9536 planned="
27INR0139,Gatsby Energy Storage,eia860m/Operating,St Gall Energy Storage II LLC,"plant=St Gall Energy Storage II 100.0MW (OP) Operating @30.92442,-102.9531 planned="
27INR0145,Steelhead Energy Storage,eia860m/Planned,"GRS BESS Texas Seven, LLC","plant=Steelhead Energy Storage 193.7MW (L) Regulatory approvals pending. Not un @33.6331,-96.15789 planned=2027-09"
27INR0147,Paloma Energy Center,puct-index,"La Paloma Energy Center, LLC Filing Pursuant to Substantive Rule 25.195",First Amended and Restated ERCOT Standard Generation Interconnection Agreement between AEP Texas Central Compa
27INR0147,Paloma Energy Center,puct-index,"LA PALOMA ENERGY CENTER, LLC",SECOND AMENDED AND RESTATED ERCOT STANDARD GENERATION INTERCONNECTION AGREEMENT BETWEEN AEP TEXAS CENTRAL COMP
27INR0147,Paloma Energy Center,puct-index,"La Paloma Energy Center, LLC Filing Pursuant to 16 Tex. Admin. Code § 25.195",Third Amended and Restated ERCOT Standard Generation Interconnection Agreement between AEP Texas Central Compa
27INR0147,Paloma Energy Center,puct-index,"La Paloma Energy Center, LLC",Fourth Amended and Restated ERCOT Standard Generation Interconnection Agreement between AEP Texas Central Comp
27INR0170,Marcos BESS,eia860m/Planned,GRS BESS Texas Eight LLC,"plant=Marcos PV and BESS 115.9MW (L) Regulatory approvals pending. Not un @28.90498,-97.71017 planned=2029-08"
27INR0173,Trenno BESS,puct-index,"JSB1, LLC","Standard Generation Interconnection Agreement between Oncor Electric Delivery Company LLC and JSB1, LLC (Trenn"
27INR0181,Elk Unit 4 ,eia860m/Planned,"Golden Spread Electric Cooperative, Inc","plant=Elk Station 199.8MW (U) Under construction, less than or equ @33.865,-101.8433 planned=2027-03"
27INR0181,Elk Unit 4 ,puct-index,"Golden Spread Electric Cooperative, Inc.",Standard Generation Interconnection Agreement between Oncor Electric Delivery Company LLC and Golden Spread El
27INR0186,Silver Dollar Solar,eia860m/Planned,Cypress Creek Renewables,"plant=Amerada 300.0MW (L) Regulatory approvals pending. Not un @31.86193,-96.11463 planned=2029-07"
27INR0198,Musgravite Solar,eia860m/Planned,"BT Thompson Solar, LLC","plant=Musgravite Solar 100.6MW (L) Regulatory approvals pending. Not un @32.16995,-95.5803 planned=2027-12"
27INR0209,Goby Energy Center,eia860m/Planned,Engie North America,"plant=Castor 200.0MW (U) Under construction, less than or equ @29.15028,-95.65118 planned=2026-06"
27INR0209,Goby Energy Center,eia860m/Planned,Engie North America,"plant=Desna 200.0MW (U) Under construction, less than or equ @29.0633,-95.73543 planned=2026-06"
27INR0209,Goby Energy Center,eia860m/Planned,Nexus Renewables U.S. Inc.,"plant=Bell Creek BESS LLC 200.9MW (P) Planned for installation, but regula @29.13752,-95.66797 planned=2028-11"
27INR0233,Anawa La BESS,eia860m/Operating,"Madero Grid, LLC","plant=Madero Grid 100.0MW (OP) Operating @26.16985,-98.32979 planned="
27INR0233,Anawa La BESS,eia860m/Operating,"Ignacio Grid, LLC","plant=Ignacio Grid Energy Storage System 100.0MW (OP) Operating @26.16694,-98.325 planned="
27INR0233,Anawa La BESS,eia860m/Operating,"Great Kiskadee Storage, LLC","plant=Great Kiskadee Storage 100.0MW (OP) Operating @26.10429,-98.17188 planned="
27INR0272,EMPower Odessa (TEF - Due Diligence) ,puct-index,"Empower USA, LLC","Standard Generation Interconnection Agreement between Oncor Electric Delivery Company LLC and Empower USA, LLC"
27INR0297,Tolivar Power Plant (TEF- Due Diligence),puct-index,"Pecos Power Plant, LLC","ERCOT STANDARD GENERATION INTERCONNECTION AGREEMENT Between Pecos Power Plant, LLC and Texas-New Mexico Power "
27INR0297,Tolivar Power Plant (TEF- Due Diligence),puct-index,"Pecos Power Plant, LLC","ERCOT STANDARD GENERATION INTERCONNECTION AGREEMENT Between Pecos Power Plant, LLC and Texas-New Mexico Power "
27INR0298,Symank Solar,eia860m/Planned,"Belltown Power Texas 2, LLC","plant=Symank Solar 66.6MW (L) Regulatory approvals pending. Not un @31.62604,-97.64211 planned=2027-12"
27INR0313,Spindletop Solar,puct-index,"Banita Creek Solar, LLC",Standard Generation Interconnection Agreement between Oncor Electric Delivery Company LLC and Banita Creek Sol
27INR0321,Rock Island Generating (TEF -Due Diligence),eia860m/Planned,Kerrville Public Utility Board Public Facility Corp,"plant=Rock Island Generating 121.8MW (L) Regulatory approvals pending. Not un @29.55068,-96.53675 planned=2027-08"
27INR0367,Goat Mountain Wind-Repower,eia860m/Operating,"Lacy Creek Wind, LLC","plant=Lacy Creek Wind Energy Center 301.3MW (OP) Operating @31.72991,-101.2989 planned="
27INR0371,Feather Dalea BESS,eia860m/Planned,"Samsung C&T Renewables, LLC","plant=Champaign BESS, LLC 202.7MW (P) Planned for installation, but regula @31.87157,-101.7384 planned=2026-12"
27INR0392,Cernan BESS,eia860m/Planned,East Bernard LLC,"plant=East Bernard 9.5MW (V) Under construction, more than 50 per @29.52854,-96.07052 planned=2026-11"
27INR0392,Cernan BESS,eia860m/Planned,Pledger LLC,"plant=Pledger 9.5MW (V) Under construction, more than 50 per @29.18772,-95.91223 planned=2026-11"
27INR0392,Cernan BESS,eia860m/Operating,"Agilitas Energy, Inc.","plant=I-Eye ESS 10.0MW (OP) Operating @29.3133,-96.10837 planned="
27INR0392,Cernan BESS,puct-index,Scarlet BESS LLC,"ERCOT Standard Generation Interconnection Agreement (SGIA) between CenterPoint Energy Houston Electric, LLC an"
27INR0392,Cernan BESS,puct-index,"Cernan BESS, LLC",Amendment One to ERCOT Standard Generation Interconnection Agreement (SGIA) between CenterPoint Energy Houston
27INR0393,Ferdinand Grid BESS II,eia860m/Planned,Alamo City ESS LLC,"plant=Alamo City ESS 200.0MW (P) Planned for installation, but regula @29.3453,-98.31948 planned=2027-07"
27INR0393,Ferdinand Grid BESS II,eia860m/Planned,Rush ESS LLC,"plant=Rush ESS 200.0MW (P) Planned for installation, but regula @29.30764,-98.29673 planned=2027-07"
27INR0393,Ferdinand Grid BESS II,eia860m/Planned,Padua 3,"plant=Padua 3 200.0MW (V) Under construction, more than 50 per @29.32506,-98.32562 planned=2026-07"
27INR0393,Ferdinand Grid BESS II,eia860m/Planned,"Ferdinand Grid, LLC","plant=Ferdinand Energy Center 200.0MW (TS) Construction complete, but not yet  @29.34836,-98.57653 planned=2026-06"
27INR0399,Resaca Oasis Storage,eia860m/Planned,Red River Clean Energy,"plant=Resaca Oasis Storage 200.7MW (T) Regulatory approvals received. Not u @25.97878,-97.37263 planned=2027-09"
27INR0399,Resaca Oasis Storage,puct-index,"Resaca Oasis Storage, LLC","Sharyland Utilities, L.L.C. Generation Interconnection Agreement between Sharyland Utilities, L.L.C. and Resac"
27INR0416,Kresge Land Battery Storage,eia860m/Planned,"Vertus Energy Storage, LLC","plant=Vertus Energy Storage Plant 200.0MW (U) Under construction, less than or equ @29.39299,-95.03924 planned=2026-08"
27INR0434,Lyra Solar,puct-index,"SE DC DevCo, LLC","Generation Interconnection Agreement between Wind Energy Transmission Texas, LLC and SE DC DevCo, LLC for the "
27INR0438,Wisdom Solar SLF,eia860m/Operating,Greasewood II LLC,"plant=Greasewood II LLC 306.0MW (OP) Operating @31.10409,-102.6063 planned="
27INR0440,Wisdom BESS SLF,eia860m/Planned,Gatsby Energy Storage LLC,"plant=Gatsby Energy Storage Project 103.4MW (U) Under construction, less than or equ @30.66418,-101.7801 planned=2027-03"
27INR0440,Wisdom BESS SLF,eia860m/Operating,St. Gall Energy Storage I,"plant=St. Gall Energy Storage I 102.6MW (OP) Operating @30.92438,-102.9536 planned="
27INR0440,Wisdom BESS SLF,eia860m/Operating,St Gall Energy Storage II LLC,"plant=St Gall Energy Storage II 100.0MW (OP) Operating @30.92442,-102.9531 planned="
27INR0485,Blackland Prairie 1 Energy Storage,eia860m/Operating,Key Capture Energy,"plant=TX12 Silicon Hill Storage 100.0MW (OP) Operating @30.41217,-97.57405 planned="
27INR0485,Blackland Prairie 1 Energy Storage,puct-index,BALCONES RIDGE RESILIENCY LLC,ERCOT STANDARD GENERATION INTERCONNECTION AGREEMENT BETWEEN LCRA TRANSMISSION SERVICES CORPORATION AND BALCONE
27INR0486,Blackland Prairie 2 Energy Storage,eia860m/Operating,Key Capture Energy,"plant=TX12 Silicon Hill Storage 100.0MW (OP) Operating @30.41217,-97.57405 planned="
27INR0487,Blackland Prairie 3 Energy Storage,eia860m/Operating,Key Capture Energy,"plant=TX12 Silicon Hill Storage 100.0MW (OP) Operating @30.41217,-97.57405 planned="
27INR0488,Dry Creek Solar II,eia860m/Operating,Vistra Zero LLC,"plant=Oak Hill - Dry Creek 200.0MW (OP) Operating @32.21226,-94.73632 planned="
27INR0501,Mesquite Creek Windpower Repower,eia860m/Operating,Duke Energy Renewables Services,"plant=Mesquite Creek Wind 211.2MW (OP) Operating @32.7,-101.7411 planned="
27INR0510,Pecos Wind,puct-index,"Woodward Mountain Wind, LLC",First Amendment to Standard Generation Interconnection Agmt between Texas-New Mexico Power Company and Woodwar
27INR0510,Pecos Wind,puct-index,"Woodward Mountain Wind, LLC","Amd. No. 2 to SGIA Between Texas-New Mexico Power Company and Woodward Mountain Wind, LLC (FPL Energy Pecos Wi"
27INR0536,Siete Wind,puct-index,"SIETE WIND, LLC","ERCOT STANDARD GENERATION INTERCONNECTION AGREEMENT BETWEEN ELECTRIC TRANSMISSION TEXAS, LLC AND SIETE WIND, L"
27INR0536,Siete Wind,puct-index,"SIETE WIND, LLC",FIRST AMENDED AND RESTATED ERCOT STANDARD GENERATION INTERCONNECTION AGREEMENT BETWEEN ELECTRIC TRANSMISSION T
28INR0048,Findley BESS,eia860m/Planned,"Gransolar Texas Sixteen, LLC","plant=Findley PV and BESS 50.3MW (L) Regulatory approvals pending. Not un @31.64339,-96.77961 planned=2028-01"
28INR0074,Massey Storage,eia860m/Planned,Pamela Heights I Energy Center LLC,"plant=Pamela Heights I Energy Center 100.0MW (U) Under construction, less than or equ @29.64534,-95.45021 planned=2027-01"
28INR0089,EmberYork ,puct-index,EMBERYORK ENERGY CENTER WITH SGIA AMENDMENT PROVISIONS,"ERCOT STANDARD GENERATION INTERCONNECTION AGREEMENT BETWEEN CENTERPOINT ENERGY HOUSTON ELECTRIC, LLC AND EMBER"
28INR0105,Vast Sands Power I (TEF -Due Diligence),eia860m/Planned,Permian Power I LLC,"plant=Vast Sands Power 880.0MW (U) Under construction, less than or equ @31.5841,-102.958 planned=2027-05"
28INR0105,Vast Sands Power I (TEF -Due Diligence),eia860m/Operating,Luminant Generation Company LLC,"plant=Permian Basin 447.0MW (OP) Operating @31.5839,-102.9633 planned="
28INR0154,Pamela Heights I,eia860m/Planned,Pamela Heights I Energy Center LLC,"plant=Pamela Heights I Energy Center 100.0MW (U) Under construction, less than or equ @29.64534,-95.45021 planned=2027-01"
28INR0154,Pamela Heights I,puct-index,Pamela Heights I Energy Center LLC – Pamela Heights I,"ERCOT Standard Generation Interconnection Agreement (SGIA) between CenterPoint Energy Houston Electric, LLC an"
28INR0155,Coke BESS,eia860m/Planned,"RIC Development, LLC","plant=Coke BESS 220.0MW (P) Planned for installation, but regula @31.8625,-100.7638 planned=2028-04"
28INR0156,Chimney Rock BESS,eia860m/Planned,"RIC Development, LLC","plant=Chimney Rock BESS 156.0MW (P) Planned for installation, but regula @32.38749,-99.84846 planned=2028-04"
28INR0337,Barrosos Creek Wind 3,eia860m/Operating,Engie North America,"plant=Las Lomas Wind Project 201.6MW (OP) Operating @26.69842,-99.05745 planned="
28INR0338,Barrosos Creek Wind 4,eia860m/Operating,Engie North America,"plant=Las Lomas Wind Project 201.6MW (OP) Operating @26.69842,-99.05745 planned="
28INR0339,Corralitos Wind 3,eia860m/Operating,Engie North America,"plant=Las Lomas Wind Project 201.6MW (OP) Operating @26.69842,-99.05745 planned="
28INR0340,Corralitos Wind 4,eia860m/Operating,Engie North America,"plant=Las Lomas Wind Project 201.6MW (OP) Operating @26.69842,-99.05745 planned="
28INR0389,Tri-X BESS 1 SLF,eia860m/Planned,Lydian Energy,"plant=Mendoza Trail BESS 200.0MW (U) Under construction, less than or equ @31.19371,-102.3159 planned=2026-07"
28INR0389,Tri-X BESS 1 SLF,eia860m/Operating,Crossett Power Management LLC,"plant=Crossett Power Management LLC 203.0MW (OP) Operating @31.19169,-102.3172 planned="
28INR0413,Tolivar Power Plant Phase 2,puct-index,"Pecos Power Plant, LLC","ERCOT STANDARD GENERATION INTERCONNECTION AGREEMENT Between Pecos Power Plant, LLC and Texas-New Mexico Power "
28INR0436,Englehardt BESS,eia860m/Operating,"Ebony Energy Storage, LLC","plant=Ebony Energy Storage 207.9MW (OP) Operating @29.62009,-98.33448 planned="
28INR0437,Barbara BESS,eia860m/Planned,Mission Clean Energy Devco LLC,"plant=Cumbia Energy Center 200.0MW (P) Planned for installation, but regula @27.73908,-97.44955 planned=2027-09"
28INR0490,Vertus Energy Storage 2,eia860m/Planned,"Vertus Energy Storage, LLC","plant=Vertus Energy Storage Plant 200.0MW (U) Under construction, less than or equ @29.39299,-95.03924 planned=2026-08"
29INR0015,Funston Solar,eia860m/Planned,"Funston Solar, LLC","plant=Funston Solar 350.0MW (V) Under construction, more than 50 per @32.78367,-99.72019 planned=2026-12"
29INR0015,Funston Solar,puct-index,"Funston Solar, LLC","ERCOT Standard Generation Interconnection Agreement between Lone Star Transmission, LLC and Funston Solar, LLC"
