ckey,days_top,days_other,bind_hours_top,max_sp_top,sp_sum_top,max_sp_s26,sp_sum_s26,days_s26,last_active,p_top,p_other,netload_lift,aug25_days,aug25_max_sp,aug25_sp_sum,sp_sum_recent21d,sp_sum_earlier,ercotCongConstRecord_n26,ercot_sppCongConstRecord_n26,score,example_name
LPLMK:115KV-LPLNE:115KV|SBWDDBM5,15,56,268,927.0545654296875,13771.77116164565,1000.3545532226562,54448.10803536698,71,2026-07-14,1.0,0.9333333333333333,1.0706713780918728,31.0,785.594970703125,31381.363970380276,10181.996564563364,44266.11147080362,,,53.75464921318978, LPLMK_LPLNE_1 [ LPLMK: 115 KV - LPLNE: 115 KV ] CONT:SBWDDBM5
LAKENASW:69KV-SAMATHIS:69KV|DBAKCED5,14,58,195,2760.870849609375,66030.16260582209,2760.870849609375,213512.08872318268,72,2026-07-14,0.9333333333333333,0.9666666666666667,0.9658703071672355,2.0,508.3110046386719,3458.04500579834,9345.570176035166,204166.5185471475,,,53.68044962718053, LAKENA_SAMATH1_1 [ LAKENASW: 69 KV - SAMATHIS: 69 KV ] CONT:DBAKCED5
INTF|BASE,15,60,316,131.3419952392578,6810.331262038555,445.2926330566406,44905.59395516079,75,2026-07-14,1.0,1.0,1.0,31.0,980.06298828125,56526.313567854464,15168.659062715102,29736.934892445686,,,53.48172451579923,INTF:  AJO_ZO CONT:BASE CASE
SCRCV:138KV-KNAPP:138KV|DMTSCOS5,14,55,180,620.6538696289062,9574.535563021898,1068.8326416015625,61450.52426036075,69,2026-07-14,0.9333333333333333,0.9166666666666666,1.0179856115107915,28.0,1036.38525390625,32210.33177926764,10507.28982912004,50943.23443124071,,,53.18176288180769, 6437__F [ SCRCV: 138 KV - KNAPP: 138 KV ] CONT:DMTSCOS5
TWINBU:138KV-HARGROVE:138KV|DBAKCED5,14,57,102,1086.5130615234375,4519.919384548441,2291.22509765625,29472.77883326495,71,2026-07-14,0.9333333333333333,0.95,0.982638888888889,31.0,2833.9658203125,337830.2169502005,1320.4489991609007,28152.32983410405,,,52.79815696899173, HARGRO_TWINBU1_1 [ TWINBU: 138 KV - HARGROVE: 138 KV ] CONT:DBAKCED5
CRDSW:69KV-OLNEY:69KV|DGRMGRS8,14,56,142,2710.349853515625,11039.886236874387,2710.349853515625,82845.50056937523,70,2026-07-14,0.9333333333333333,0.9333333333333333,1.0,20.0,477.2611999511719,4246.9113827236,25015.733569337055,57829.76700003818,,,51.993140298011255,6830_B        @CRDSW||LN|| 6830_B||_B [CRDSW: 69 KV -OLNEY: 69 KV ] CONT:DGRMGRS8
TREADWEL:138KV-YELWJCKT:138KV|DBIGKEN5,10,45,131,367.81353759765625,4363.4102146960795,1037.7020263671875,80156.04414698482,55,2026-07-11,0.6666666666666666,0.75,0.8903508771929824,10.0,310.4599304199219,12291.236736118793,19448.330517806113,60707.7136291787,,,51.305544025064776, TREADW_YELWJC1_1 [ TREADWEL: 138 KV - YELWJCKT: 138 KV ] CONT:DBIGKEN5
SANA:138KV-SANA:69KV|SCOLBAL8,14,34,153,1133.0867919921875,2958.072657460347,1133.0867919921875,4135.423538706033,48,2026-07-14,0.9333333333333333,0.5666666666666667,1.6358381502890174,30.0,3474.91162109375,11548.865039472934,3697.8385395351797,437.5849991708528,,,50.412810092127046, SANA_FMR1 [ SANA: 138 KV - SANA: 69 KV ] CONT:SCOLBAL8
NLARSW:138KV-PILONCIL:138KV|DFOAVLO5,15,59,236,371.6217041015625,8225.412049525417,2021.0855712890625,46130.57491677464,74,2026-07-14,1.0,0.9833333333333333,1.016778523489933,8.0,12.979000091552734,161.65000070631504,9113.505777660757,37017.06913911388,,,47.55697970798291, NLARSW_PILONC1_1 [ NLARSW: 138 KV - PILONCIL: 138 KV ] CONT:DFOAVLO5
PALOUSE:138KV-WOLFCAMP:138KV|DBIGSCH5,8,25,62,459.9219970703125,7197.099200472236,459.9219970703125,16881.849197782576,33,2026-07-14,0.5333333333333333,0.4166666666666667,1.2734375,10.0,359.7918701171875,7044.899463802576,9458.70383003354,7423.145367749035,,,47.51253577079056,PALOUS_WOLFCA1@PALOUSE||LN||PALOUS_WOLFCA1||1 [PALOUSE: 138 KV -WOLFCAMP: 138 KV ] CONT:DBIGSCH5
GN:138KV-PZ:138KV|SMDOOAS5,14,53,153,353.52972412109375,4967.271094109863,606.9006958007812,29497.12390885176,67,2026-07-12,0.9333333333333333,0.8833333333333333,1.0559701492537314,17.0,46.23899841308594,574.1259223818779,3830.4777075527236,25666.646201299038,,,47.4713276576098, GN_PZ_08_A [ GN: 138 KV - PZ: 138 KV ] CONT:SMDOOAS5
STP:345KV-WAP:345.1KV|DWPWFWP5,11,36,71,86.2750015258789,1597.0260117650032,160.69200134277344,8273.543026305735,47,2026-07-14,0.7333333333333333,0.6,1.2185792349726776,19.0,62.172000885009766,1612.6140072643757,3645.9910113289952,4627.55201497674,,,46.99286258807579, STPWAP39_1 [ STP: 345 KV - WAP: 345.1 KV ] CONT:DWPWFWP5
CRDSW:69KV-OLNEY:69KV|SGRMGRS8,9,43,82,518.8351440429688,7684.174028337002,1443.291015625,80248.5534285903,52,2026-07-14,0.6,0.7166666666666667,0.8394495412844036,5.0,26.722999572753906,286.3499985784292,35069.849341306835,45178.70408728346,,,46.75851669590248,6830_B        @CRDSW||LN|| 6830_B||_B [CRDSW: 69 KV -OLNEY: 69 KV ] CONT:SGRMGRS8
MDO:345KV-PHR:345KV|DWAP_OB5,11,45,84,69.89796447753906,1394.566412448883,247.12132263183594,17162.89632899314,56,2026-07-11,0.7333333333333333,0.75,0.9780701754385964,21.0,178.61643981933594,1934.4059889689088,3549.8548635840416,13613.0414654091,,,46.60722873702924, MDOPHR99_A [ MDO: 345 KV - PHR: 345 KV ] CONT:DWAP_OB5
SEA:138KV-SEA:69KV|DFRYTM58,10,22,88,1462.9034423828125,26021.22825741768,1462.9034423828125,49479.70502412319,32,2026-07-13,0.6666666666666666,0.36666666666666664,1.7964601769911503,,,,41686.400871276855,7793.304152846336,,,46.31358843029105, SEA_AAT1 [ SEA: 138 KV - SEA: 69 KV ] CONT:DFRYTM58
BCKSW:138KV-CGRSW:138.1KV|SECRDMT8,15,47,133,91.49700164794922,1772.0599996838719,91.49700164794922,6054.565009171143,62,2026-07-14,1.0,0.7833333333333333,1.273109243697479,29.0,53.255001068115234,818.2789989262819,2110.4180039111525,3944.1470052599907,,,46.133899999193886, 6215__A [ BCKSW: 138 KV - CGRSW: 138.1 KV ] CONT:SECRDMT8
HOWARD:138KV-LEON_CRK:138KV|SP5CAG8,15,50,124,33.38003158569336,507.30132907023653,704.3372802734375,3468.294296083972,65,2026-07-14,1.0,0.8333333333333334,1.1976284584980237,24.0,535.4945068359375,9977.642242532223,735.4212148501538,2732.873081233818,,,45.86830208091355, D5_S1_1 [ HOWARD: 138 KV - LEON_CRK: 138 KV ] CONT:SP5CAG8
TWINBU:138KV-HARGROVE:138KV|SRUSBIG8,14,60,151,45.09700012207031,973.809999847319,45.09700012207031,6456.239989546593,74,2026-07-14,0.9333333333333333,1.0,0.933993399339934,15.0,69.10800170898438,1943.0340033397079,1882.5129983569495,4573.726991189644,,,45.5303157447948, HARGRO_TWINBU1_1 [ TWINBU: 138 KV - HARGROVE: 138 KV ] CONT:SRUSBIG8
CDCSW:138KV-OKCLS:138KV|DCDHMCS8,13,20,90,45.20100021362305,748.899999262765,96.68399810791016,1814.9060013814596,33,2026-07-14,0.8666666666666667,0.3333333333333333,2.5533980582524274,12.0,30.819000244140625,608.2860012520105,981.9849956501275,832.9210057313321,,,45.31385600450667, 3160__A [ CDCSW: 138 KV - OKCLS: 138 KV ] CONT:DCDHMCS8
YELWJCKT:69KV-HEXT:69KV|SJUNYEL9,11,58,104,72.76000213623047,756.8327647335827,176.29100036621094,5670.896471589804,69,2026-07-14,0.7333333333333333,0.9666666666666667,0.7610921501706485,25.0,188.85000610351562,3676.6800066828728,1212.375467658043,4458.521003931761,,,45.179405018322235, HEXT_YELWJC1_1 [ YELWJCKT: 69 KV - HEXT: 69 KV ] CONT:SJUNYEL9
MDO:345KV-PHR:345KV|DPHRCTR5,14,54,80,180.49627685546875,1451.3096455931664,180.49627685546875,13821.471058391966,68,2026-07-13,0.9333333333333333,0.9,1.0366300366300367,23.0,23.593000411987305,322.9279999360442,2009.664807215333,11811.806251176633,,,44.54044192882884, MDOPHR99_A [ MDO: 345 KV - PHR: 345 KV ] CONT:DPHRCTR5
MADDUX:138KV-TREADWEL:138KV|DBIGKEN5,11,33,62,356.7615966796875,1111.1206506653689,369.94964599609375,12368.84457766544,44,2026-07-09,0.7333333333333333,0.55,1.327380952380952,10.0,101.08380889892578,879.329330265522,518.3728997497819,11850.471677915659,,,44.52502936108272,MADDUX_TREADW1@MADDUX||LN||MADDUX_TREADW1||1.0 [MADDUX: 138 KV -TREADWEL: 138 KV ] CONT:DBIGKEN5
WLY:345KV-WAP:345KV|DBLW2JC5,10,33,73,48.15327072143555,653.5841455459595,50.13774490356445,2590.256807588041,43,2026-07-14,0.6666666666666666,0.55,1.2083333333333333,28.0,58.6180419921875,1436.5237167011946,913.2646715268493,1676.9921360611916,,,44.48698181166956,WAPWLY72_A [WLY: 345 KV -WAP: 345 KV ] CONT:DBLW2JC5
REVEILLE:138KV-COTULLA:138KV|DFOWSMG5,12,47,76,129.1820068359375,1935.3940132409334,156.24200439453125,9060.595006931573,59,2026-07-14,0.8,0.7833333333333333,1.0210084033613447,5.0,40.297000885009766,141.94499933719635,2369.680004298687,6690.915002632886,,,44.25432296107092, COTULL_REVEIL1_1 [ REVEILLE: 138 KV - COTULLA: 138 KV ] CONT:DFOWSMG5
SALDS:138KV-SONTERRA:138KV|DSALHUT5,10,31,76,528.8740234375,10899.730196475983,1016.2784423828125,59968.5318839082,41,2026-07-10,0.6666666666666666,0.5166666666666667,1.2848101265822782,,,,30778.34214514494,29190.189738763263,,,44.17467563640314,1710_A        @SALDS||LN||1710_A||_A [SALDS: 138 KV -SONTERRA: 138 KV ] CONT:DSALHUT5
BRAUNIG:345KV-HOWARD:345KV|DSKYCAL5,11,11,68,28.913999557495117,262.86099897825625,28.913999557495117,308.1089989984175,22,2026-07-14,0.7333333333333333,0.18333333333333332,3.8448275862068964,19.0,71.22599792480469,885.2870074918028,247.67499901296105,60.43399998545647,,,44.021019593231124, S2_U3_1 [ BRAUNIG: 345 KV - HOWARD: 345 KV ] CONT:DSKYCAL5
STER:69KV-STCO:69KV|XBSP89,15,45,121,23.08799934387207,449.1559985913336,23.08799934387207,1384.4880001051351,60,2026-07-14,1.0,0.75,1.3289473684210527,29.0,119.12799835205078,941.1229961607605,833.6090026721358,550.8789974329993,,,43.59399880761075, STCO_STER1_1 [ STER: 69 KV - STCO: 69 KV ] CONT:XBSP89
MEXTP:69KV-ITALY:69KV|SBLURDH8,12,24,79,413.06719970703125,7173.838434129953,478.2461242675781,22568.826986819506,36,2026-07-14,0.8,0.4,1.975609756097561,,,,11276.509501338005,11292.3174854815,,,43.58677450165093,2270_B        @ITALY||LN||2270_B||_B [MEXTP: 69 KV -ITALY: 69 KV ] CONT:SBLURDH8
VICTORIA:138.1KV-MAGRUDER:138KV|DELMSAN5,10,30,76,28.132999420166016,492.7220017099753,28.132999420166016,1278.925001511816,40,2026-07-14,0.6666666666666666,0.5,1.326797385620915,14.0,73.8010025024414,759.3120051026344,680.3330015116371,598.5920000001788,,,43.36320460598624, MAGRUD_VICTOR2_1 [ VICTORIA: 138.1 KV - MAGRUDER: 138 KV ] CONT:DELMSAN5
ESCONDID:138KV-GANSO:138KV|SBRAHAM8,9,17,114,35.49700164794922,663.3186340499669,549.782958984375,5621.824220540002,26,2026-07-14,0.6,0.2833333333333333,2.0795454545454546,20.0,84.057861328125,2063.869328015484,455.54654181189835,5166.277678728104,,,43.34807908690274,ESCOND_GANSO1 @ESCONDID||LN|| ESCOND_GANSO1||1 [ESCONDID: 138 KV -GANSO: 138 KV ] CONT:SBRAHAM8
BRUNI:138KV-BRUNI:69KV|DFOAVLO5,12,49,90,1156.050048828125,11540.688700079918,2036.4285888671875,69662.29768699408,61,2026-07-14,0.8,0.8166666666666667,0.9798387096774194,,,,15516.789603471756,54145.50808352232,,,43.31693421151955, BRUNI_69_1 [ BRUNI: 138 KV - BRUNI: 69 KV ] CONT:DFOAVLO5
DUNLAP:138KV-DECKER:138KV|SDAFAUS8,8,4,42,39.85499954223633,334.0900012254715,39.85499954223633,365.955000936985,12,2026-07-14,0.5333333333333333,0.06666666666666667,7.086956521739131,15.0,193.69200134277344,2027.9866154193878,332.2340009212494,33.721000015735626,,,42.964281562193314, CKT_1027_1 [ DUNLAP: 138 KV - DECKER: 138 KV ] CONT:SDAFAUS8
MEXTP:69KV-ITALY:69KV|SBLAWDB8,9,7,58,624.3047485351562,6060.562401231378,624.3047485351562,7444.490730222315,16,2026-07-14,0.6,0.11666666666666667,4.81578947368421,,,,6774.207612928003,670.2831172943115,,,42.96208289404139, 2270__B [ MEXTP: 69 KV - ITALY: 69 KV ] CONT:SBLAWDB8
MV_HBRG4:138KV-MV_WESL4:138KV|MHARNED5,11,32,96,292.31341552734375,5016.113789021969,292.31341552734375,26537.74048330635,43,2026-07-14,0.7333333333333333,0.5333333333333333,1.3680981595092023,,,,15586.268160901964,10951.472322404385,,,42.60783395070929,WESLCO_HIDLBRG_1 [MV_HBRG4: 138 KV -MV_WESL4: 138 KV ] CONT:MHARNED5
JN:345KV-BI:345KV|DWAP_BI5,8,26,45,148.72988891601562,1190.3337656222284,148.72988891601562,4999.93907508906,34,2026-07-10,0.5333333333333333,0.43333333333333335,1.225563909774436,14.0,223.7193603515625,1938.6731582581997,1904.9944623671472,3094.9446127219126,,,42.25911828004592,BI_JN_64_A [JN: 345 KV -BI: 345 KV ] CONT:DWAP_BI5
STP:345KV-WAP:345KV|DWPWFWP5,8,34,34,112.03427124023438,1014.346548512578,218.13067626953125,13565.203968450427,42,2026-07-12,0.5333333333333333,0.5666666666666667,0.9421965317919075,6.0,130.2444305419922,1312.2913844585419,5511.306665584445,8053.897302865982,,,42.0172821945587,STPWAP39_1 [STP: 345 KV -WAP: 345 KV ] CONT:DWPWFWP5
BALLINGE:69KV-HUMBLTAP:69KV|SCOLBAL8,10,41,56,21.488000869750977,204.33100058883429,2099.388916015625,24929.10436792788,51,2026-07-10,0.6666666666666666,0.6833333333333333,0.9759615384615384,30.0,1400.0,2054.669594571693,294.16000170074403,24634.944366227137,,,41.92409547702888, BALLIN_HUMBLT1_1 [ BALLINGE: 69 KV - HUMBLTAP: 69 KV ] CONT:SCOLBAL8
OZONA:69KV-MIDW:69KV|SWOLPAL8,12,33,85,773.822021484375,11342.860965248197,2707.01806640625,34488.25750344619,45,2026-07-13,0.8,0.55,1.4464285714285714,,,,1074.6749986074865,33413.582504838705,,,41.92406343086336, MIDW_OZONA1_1 [ OZONA: 69 KV - MIDW: 69 KV ] CONT:SWOLPAL8
BRUNI:138KV-BRUNI:69KV|SLAQLOB8,7,17,20,316.2745361328125,2128.296468734741,316.2745361328125,3820.486581284553,24,2026-07-11,0.4666666666666667,0.2833333333333333,1.625,19.0,274.54852294921875,4450.131648570299,927.0894238837063,2893.3971574008465,,,41.91632276323893, BRUNI_69_1 [ BRUNI: 138 KV - BRUNI: 69 KV ] CONT:SLAQLOB8
VICTORIA:138.1KV-MAGRUDER:138KV|XVIC89,14,49,86,13.513999938964844,209.50799994170666,26.81399917602539,910.4109951041173,63,2026-07-14,0.9333333333333333,0.8166666666666667,1.1411290322580645,31.0,94.86900329589844,2101.3390044011176,179.6889988561161,730.7219962480012,,,41.856674112322814, MAGRUD_VICTOR2_1 [ VICTORIA: 138.1 KV - MAGRUDER: 138 KV ] CONT:XVIC89
TYPRK:138KV-PLYAM:138KV|DCDHTVW5,10,34,59,307.9079895019531,3676.6095847189426,1595.658203125,30930.790451344103,44,2026-07-10,0.6666666666666666,0.5666666666666667,1.1734104046242775,,,,14750.060267314315,16180.730184029788,,,41.84322270405939, 6200__F [ TYPRK: 138 KV - PLYAM: 138 KV ] CONT:DCDHTVW5
SCRCV:138KV-KNAPP:138KV|SECRDMT8,9,10,49,27.351999282836914,338.5270007252693,27.351999282836914,549.4920001588762,19,2026-07-14,0.6,0.16666666666666666,3.452830188679245,16.0,63.32099914550781,874.5730018019676,163.39900028705597,386.0929998718202,,,41.82355071890906, 6437__F [ SCRCV: 138 KV - KNAPP: 138 KV ] CONT:SECRDMT8
SAMSW:345KV-VENSW:345KV|SVENFTS5,12,27,89,206.7041473388672,2302.657960210927,233.44973754882812,9277.565674942918,39,2026-07-14,0.8,0.45,1.7608695652173914,,,,7416.622713283636,1860.9429616592824,,,41.34372782578249, 35055__A [ SAMSW: 345 KV - VENSW: 345 KV ] CONT:SVENFTS5
DCDAM:138KV-HOD:138KV|SCRDJON5,12,21,72,115.57694244384766,521.0740799661726,207.1320037841797,2233.326079716906,33,2026-07-14,0.8,0.35,2.2500000000000004,7.0,9.604000091552734,40.09399984776974,343.62200061045587,1889.70407910645,,,41.02037747542308, HOOD_DECRDVA_1 [ DCDAM: 138 KV - HOD: 138 KV ] CONT:SCRDJON5
SNYDR:138KV-SNYDR:69KV|XCGR89,14,45,95,24.18400001525879,238.52800020202994,25.917999267578125,1987.1169980247505,59,2026-07-14,0.9333333333333333,0.75,1.2412280701754386,26.0,10.791999816894531,225.4770003692247,702.336000948213,1284.7809970765375,,,40.97859680948627, SNYDR_FMR1 [ SNYDR: 138 KV - SNYDR: 69 KV ] CONT:XCGR89
NEWMAN:138KV-WALNUT1:138KV|SOAKSHI8,8,6,19,1217.89990234375,8077.097644329071,1217.89990234375,9248.452093362808,14,2026-07-14,0.5333333333333333,0.1,4.9393939393939394,,,,3251.0692591667175,5997.382834196091,,,40.905473894782595, NEWM_WAL_1 [ NEWMAN: 138 KV - WALNUT1: 138 KV ] CONT:SOAKSHI8
HONDOCK:69KV-DEVINESW:69KV|SHONF38,9,37,47,1126.063232421875,8079.9038372933865,1126.063232421875,39091.78651215136,46,2026-07-09,0.6,0.6166666666666667,0.9734042553191489,,,,17302.319056361914,21789.467455789447,,,40.85415902008795,HON_DEVI      @HONDOCK||LN||HON_DEVI||1.0 [HONDOCK: 69 KV -DEVINESW: 69 KV ] CONT:SHONF38
MGSES:345KV-CATSW:345KV|SRGRMGS5,13,50,226,291.52178955078125,4559.2337452899665,1183.5712890625,28586.462395472452,63,2026-07-14,0.8666666666666667,0.8333333333333334,1.0395256916996047,,,,3156.1250628456473,25430.337332626805,,,40.8189083986261,6945          @MGSES||LN||6945||_A [MGSES: 345 KV -CATSW: 345 KV ] CONT:SRGRMGS5
SPUR:138KV-SPUR:69KV|SPA2PAD9,13,58,134,14.322999954223633,254.6899989033118,14.322999954223633,1105.2509983486962,71,2026-07-13,0.8666666666666667,0.9666666666666667,0.8976109215017065,28.0,17.540000915527344,715.8900011945516,137.64299981109798,967.6079985375982,,,40.51158483449187, SPUR_69_1 [ SPUR: 138 KV - SPUR: 69 KV ] CONT:SPA2PAD9
PGTP1:138KV-PDSES:138KV|MWTRWLV5,7,2,20,2005.3310546875,3955.7172679901123,2005.3310546875,6602.0379593372345,9,2026-07-14,0.4666666666666667,0.03333333333333333,11.0,,,,6602.0379593372345,0.0,,,40.47593877019505, 3610__G [ PGTP1: 138 KV - PDSES: 138 KV ] CONT:MWTRWLV5
BLESSING:138KV-BLESSING:69KV|DSTPREF5,10,41,52,19.93600082397461,156.27399990707636,299.3240051269531,3068.663009170443,51,2026-07-14,0.6666666666666666,0.6833333333333333,0.9759615384615384,24.0,229.73899841308594,1442.8200017213821,105.35699909925461,2963.306010071188,,,40.40529833691493, BLESSING_69A1 [ BLESSING: 138 KV - BLESSING: 69 KV ] CONT:DSTPREF5
FMRVL:345KV-RYSSW:345KV|SFMRRYS5,9,37,48,64.09432983398438,341.82784657366574,98.47821044921875,2538.8188478343654,46,2026-07-10,0.6,0.6166666666666667,0.9734042553191489,14.0,23.3552188873291,407.96517734229565,1427.1855167690665,1111.633331065299,,,40.25687297110676,400__A [FMRVL: 345 KV -RYSSW: 345 KV ] CONT:SFMRRYS5
ESCONDID:138KV-GANSO:138KV|SBRAPIN8,8,14,41,35.93000030517578,302.5629998273216,344.1872863769531,2372.013764112722,22,2026-07-14,0.5333333333333333,0.23333333333333334,2.232876712328767,17.0,73.53800201416016,1291.6160024926066,400.5939970440231,1971.419767068699,,,39.754505409929,ESCOND_GANSO1 @ESCONDID||LN||ESCOND_GANSO1||1 [ESCONDID: 138 KV -GANSO: 138 KV ] CONT:SBRAPIN8
COTULLA:138KV-COTULAS:138KV|DFOWSMG5,12,42,62,73.5739974975586,934.6790003553033,121.78099822998047,5336.359003700316,54,2026-07-14,0.8,0.7,1.1408450704225352,3.0,2.88700008392334,4.674000084400177,1264.7159963473678,4071.643007352948,,,39.638949921199114, COTULA_COTULL1_1 [ COTULLA: 138 KV - COTULAS: 138 KV ] CONT:DFOWSMG5
HEXT:69KV-MASONSW:69KV|SJUNYEL9,9,36,30,44.7239990234375,223.42999929189682,99.81300354003906,1593.171003561467,45,2026-07-07,0.6,0.6,1.0,17.0,190.47500610351562,737.1540001630783,600.4520031549037,992.7190004065633,,,39.60344984664784, HEXT_MASONS1_1 [ HEXT: 69 KV - MASONSW: 69 KV ] CONT:SJUNYEL9
NUECES_B:138KV-WHITE_PT:138KV|SMAYWHI8,14,32,107,133.5902099609375,1853.6491016652435,332.9364929199219,6902.865337106399,46,2026-07-14,0.9333333333333333,0.5333333333333333,1.7361963190184049,,,,816.3747057821602,6086.490631324239,,,39.33745566352265,NUECES_WHITE_2_1 [NUECES_B: 138 KV -WHITE_PT: 138 KV ] CONT:SMAYWHI8
WLVSW:138KV-GAILS:138KV|SVEAW_L5,9,46,100,783.52587890625,4044.66955909878,1162.5457763671875,29448.44942289777,55,2026-07-09,0.6,0.7666666666666667,0.7854077253218883,1.0,1.4498224258422852,1.4498224258422852,3772.557772576809,25675.891650320962,,,39.26988963410791, 6217__A [ WLVSW: 138 KV - GAILS: 138 KV ] CONT:SVEAW_L5
FRONTERA:138KV-S_MISSIN:138KV|SSHAFRO8,15,39,275,84.55648803710938,1904.9823338817805,194.44204711914062,5202.221093609929,54,2026-07-14,1.0,0.65,1.5303030303030303,,,,731.3966290950775,4470.824464514852,,,39.06138809207924,BENTS_FRTER_1B@FRONTERA||LN||BENTS_FRTER_1B||1 [FRONTERA: 138 KV -S_MISSIN: 138 KV ] CONT:SSHAFRO8
SCARBIDE:138KV-TITAN_SU:138KV|SSTILOM8,9,35,47,39.56700134277344,290.760001540184,69.62799835205078,2786.767994979862,44,2026-07-14,0.6,0.5833333333333334,1.0280898876404494,31.0,43.03900146484375,1589.293002316961,56.64200019836426,2730.125994781498,,,39.04754271228807, SCARBI_TITAN_1_1 [ SCARBIDE: 138 KV - TITAN_SU: 138 KV ] CONT:SSTILOM8
FTST:138KV-LEONCRK:138KV|BASE,15,57,81,15.287850379943848,111.76257246546447,15.287850379943848,359.48499517550226,72,2026-07-14,1.0,0.95,1.0520833333333335,31.0,11.427000045776367,477.7288853597129,121.10316296713427,238.381832208368,,,39.01927748120712,138_FTS_LNC_1 [FTST: 138 KV -LEONCRK: 138 KV ] CONT:BASE CASE
FLTSW:138KV-PRSSW:138KV|SPRSPAR8,15,43,186,39.70621109008789,1488.0382888019085,293.2859191894531,3909.4938308309065,58,2026-07-14,1.0,0.7166666666666667,1.389908256880734,,,,1166.0310225784779,2743.4628082524287,,,38.86925721842337, 1545__A [ FLTSW: 138 KV - PRSSW: 138 KV ] CONT:SPRSPAR8
LIPTON:138KV-ASHERTON:138KV|SBIGASH8,14,45,79,81.31900024414062,1159.874001890421,86.31500244140625,5125.0559977144,59,2026-07-14,0.9333333333333333,0.75,1.2412280701754386,,,,2101.846004217863,3023.209993496537,,,38.74474976893508, ASHERT_LIPTON1_1 [ LIPTON: 138 KV - ASHERTON: 138 KV ] CONT:SBIGASH8
ZEN:345KV-THW:345KV|DRNS_TB5,7,35,45,233.87831115722656,2082.4501646086574,233.87831115722656,8040.209310185164,42,2026-07-10,0.4666666666666667,0.5833333333333334,0.8033707865168539,6.0,53.03204345703125,224.88175946474075,3351.6852999180555,4688.524010267109,,,38.739792854261104, THWZEN71_A [ ZEN: 345 KV - THW: 345 KV ] CONT:DRNS_TB5
NVKSW:69KV-ANARN:69KV|SRICGRS8,7,22,42,56.23400115966797,636.1310047805309,181.343994140625,11721.77714976098,29,2026-07-11,0.4666666666666667,0.36666666666666664,1.265486725663717,8.0,134.31214904785156,829.7470160424709,2518.9589886943577,9202.818161066622,,,38.73515556231516, 6840__B [ NVKSW: 69 KV - ANARN: 69 KV ] CONT:SRICGRS8
LENSW:138KV-PUTN:138KV|SCISPUT8,9,21,82,2.4159998893737793,46.09399998001754,11.960000038146973,260.1869992632419,30,2026-07-14,0.6,0.35,1.6944444444444444,20.0,1613.585205078125,11292.319132841658,31.910000078380108,228.27699918486178,,,38.704093552741696, LENSW_PUTN2_1 [ LENSW: 138 KV - PUTN: 138 KV ] CONT:SCISPUT8
SMRTP:69KV-SMR:69KV|XOLN89,10,12,40,44.65599822998047,93.5099987089634,44.65599822998047,141.86299918219447,22,2026-07-14,0.6666666666666666,0.2,3.222222222222222,24.0,11.88599967956543,62.80399982188828,88.81499888002872,53.04800030216575,,,38.67327307177241, 6855_D_1 [ SMRTP: 69 KV - SMR: 69 KV ] CONT:XOLN89
BLESSING:138KV-BLESSING:69KV|SEL_ARR8,7,4,24,19.798999786376953,125.70999993011355,19.798999786376953,128.9849998615682,11,2026-07-14,0.4666666666666667,0.06666666666666667,6.217391304347827,26.0,150.55999755859375,2513.121004283428,120.85399985313416,8.131000008434057,,,38.62412845701649, BLESSING_69A1 [ BLESSING: 138 KV - BLESSING: 69 KV ] CONT:SEL_ARR8
YELWJCKT:69KV-HEXT:69KV|DYETRJU8,14,58,197,72.76100158691406,1299.4651410160586,176.29100036621094,6047.789149644785,72,2026-07-14,0.9333333333333333,0.9666666666666667,0.9658703071672355,,,,1707.2861415473744,4340.50300809741,,,38.36595549326279, HEXT_YELWJC1_1 [ YELWJCKT: 69 KV - HEXT: 69 KV ] CONT:DYETRJU8
NLARSW:138KV-PILONCIL:138KV|SBIGASH8,10,19,51,6.130000114440918,75.28799994289875,9.8149995803833,197.53399967215955,29,2026-07-12,0.6666666666666666,0.31666666666666665,2.071428571428571,15.0,15.642000198364258,480.9399959743023,14.42799985408783,183.10599981807172,,,38.09815947490393, NLARSW_PILONC1_1 [ NLARSW: 138 KV - PILONCIL: 138 KV ] CONT:SBIGASH8
VICTORIA:138.1KV-MAGRUDER:138KV|SPLUMUL8,8,9,25,13.536999702453613,111.84699990786612,13.536999702453613,178.47800020314753,17,2026-07-13,0.5333333333333333,0.15,3.3958333333333335,19.0,110.2490005493164,786.7260003685951,126.87700001709163,51.6010001860559,,,37.83847270744387, MAGRUD_VICTOR2_1 [ VICTORIA: 138.1 KV - MAGRUDER: 138 KV ] CONT:SPLUMUL8
HECKER:138KV-RESNIK:138KV|DMCDUPS8,9,26,97,164.94155883789062,1810.5319705605507,190.47203063964844,5770.595275258645,35,2026-07-11,0.6,0.43333333333333335,1.37593984962406,,,,2339.5234352499247,3431.0718400087208,,,37.66766889957621, HECKER_RESNIK1_1 [ HECKER: 138 KV - RESNIK: 138 KV ] CONT:DMCDUPS8
BLESSING:138KV-BLESSING:69KV|SDANBLE8,8,22,44,20.95199966430664,85.3899998255074,147.98199462890625,1414.877070914954,30,2026-07-14,0.5333333333333333,0.36666666666666664,1.4424778761061947,31.0,316.7969970703125,7583.377969482914,56.27500032261014,1358.6020705923438,,,37.337091086461314, BLESSING_69A1 [ BLESSING: 138 KV - BLESSING: 69 KV ] CONT:SDANBLE8
ANGLETON:138KV-WCOLLOCL:138KV|SWCOWCO8,10,18,215,6.421000003814697,272.2213687017793,747.44384765625,2516.4480238711694,28,2026-07-14,0.6666666666666666,0.3,2.182795698924731,,,,1391.3405197249958,1125.1075041461736,,,37.31775947287968,G138_15_1 [ANGLETON: 138 KV -WCOLLOCL: 138 KV ] CONT:SWCOWCO8
NORTMC:138KV-CROSSOVE:138KV|DBIGSCH5,5,8,19,535.2924194335938,1699.325307192281,535.2924194335938,5644.5436933059245,13,2026-07-08,0.3333333333333333,0.13333333333333333,2.395348837209302,5.0,104.96073913574219,858.6303243637085,1794.8072999734432,3849.7363933324814,,,37.20149172467944, CROSSO_NORTMC1_1 [ NORTMC: 138 KV - CROSSOVE: 138 KV ] CONT:DBIGSCH5
LPLCO:69KV-LPLMK:69KV|XLP259,15,51,127,2.4690001010894775,95.08400031551719,4.6519999504089355,463.49599955347367,66,2026-07-14,1.0,0.85,1.1744186046511629,25.0,3.638000011444092,41.58400024473667,193.4400003924966,270.0559991609771,,,36.882189507311125, LPLMK_LPLCO_1 [ LPLCO: 69 KV - LPLMK: 69 KV ] CONT:XLP259
MRVLY:69KV-ESTLD:69KV|SCLCGTN8,5,17,31,183.81195068359375,504.72995238006115,515.65576171875,22634.74304843694,22,2026-07-14,0.3333333333333333,0.2833333333333333,1.1704545454545454,19.0,1186.6549072265625,2926.787740945816,15081.359314188361,7553.383734248579,,,36.86177728601522, 6635__G [ MRVLY: 69 KV - ESTLD: 69 KV ] CONT:SCLCGTN8
TITAN_SU:138KV-PALOALTO:138KV|SSTILOM8,13,21,75,5.760000228881836,109.48400042578578,5.760000228881836,291.2819998152554,34,2026-07-14,0.8666666666666667,0.35,2.4351851851851856,7.0,2.0220000743865967,8.145000088959932,174.4539995752275,116.8280002400279,,,36.84825854834133, PALOAL_TITAN_1_1 [ TITAN_SU: 138 KV - PALOALTO: 138 KV ] CONT:SSTILOM8
MADDUX:138KV-SAPOWER:138KV|SMA2SAP8,13,31,80,16.625,298.8060002941638,129.8984832763672,1471.2880310714245,44,2026-07-13,0.8666666666666667,0.5166666666666667,1.6645569620253164,,,,1084.1230260822922,387.1650049891323,,,36.73690328738438,MADDUX_SAPOWE1@SAPOWER||LN||MADDUX_SAPOWE1||1.0 [MADDUX: 138 KV -SAPOWER: 138 KV ] CONT:SMA2SAP8
CONCHO:69KV-VRBS:69KV|XBAL89,5,3,19,2690.81201171875,14185.781461715698,2690.81201171875,17684.878804206848,8,2026-07-12,0.3333333333333333,0.05,5.722222222222221,,,,6612.679983139038,11072.19882106781,,,36.654026884409916, CONCHO_VRBS1_1 [ CONCHO: 69 KV - VRBS: 69 KV ] CONT:XBAL89
BERGHE:345KV-BERGHE:1KV|DZORHAY5,7,35,37,50.944000244140625,298.3709987550974,693.541015625,11805.27247557789,42,2026-07-10,0.4666666666666667,0.5833333333333334,0.8033707865168539,7.0,33.6879997253418,461.1550602018833,3370.3680925518274,8434.904383026063,,,36.54970401291095, BERGHE_AT1H [ BERGHE: 345 KV - BERGHE: 1 KV ] CONT:DZORHAY5
N_SHARPE:138KV-CELANEBI:138.1KV|SN_SLON5,13,51,50,7.0269999504089355,36.26599944406189,19.26799964904785,596.5539985415526,64,2026-07-13,0.8666666666666667,0.85,1.0193798449612403,26.0,11.227999687194824,142.14999945810996,194.43999904266093,402.11399949889164,,,36.4558265166229, CELANE_N_SHAR1_1 [ N_SHARPE: 138 KV - CELANEBI: 138.1 KV ] CONT:SN_SLON5
HEXT:69KV-MASONSW:69KV|DYETRJU8,11,36,49,44.7239990234375,388.2440006285906,103.8010025024414,1911.6760071739554,47,2026-07-07,0.7333333333333333,0.6,1.2185792349726776,,,,918.9570067673922,992.7190004065633,,,36.45515582009138, HEXT_MASONS1_1 [ HEXT: 69 KV - MASONSW: 69 KV ] CONT:DYETRJU8
LA_PALMA:138KV-VCAVAZOS:138KV|SSTILOM8,14,38,84,36.91600036621094,389.3189982101321,69.11299896240234,1704.2379948711023,52,2026-07-13,0.9333333333333333,0.6333333333333333,1.4663212435233162,,,,524.8269981192425,1179.4109967518598,,,36.357358712649926, LA_PAL_VCAVAZ1_1 [ LA_PALMA: 138 KV - VCAVAZOS: 138 KV ] CONT:SSTILOM8
FLGRV:138KV-HWPOD:138KV|STRBCGR8,8,19,28,6.7789998054504395,70.08300039172173,16.33099937438965,399.5900007635355,27,2026-07-11,0.5333333333333333,0.31666666666666665,1.663265306122449,31.0,60.45000076293945,1050.315998555394,197.91400039196014,201.67600037157536,,,36.261883526470044, 6137__B [ FLGRV: 138 KV - HWPOD: 138 KV ] CONT:STRBCGR8
VICTORIA:138KV-MAGRUDER:138KV|DELMSAN5,6,1,18,133.85659790039062,1054.560385942459,133.85659790039062,1056.861608505249,7,2026-07-12,0.4,0.016666666666666666,15.375000000000002,,,,1056.861608505249,0.0,,,36.0530115584462, MAGRUD_VICTOR2_1 [ VICTORIA: 138 KV - MAGRUDER: 138 KV ] CONT:DELMSAN5
FORTMA:138KV-YELWJCKT:138KV|DBIGKEN5,7,13,55,179.9600067138672,1328.1320180371404,3499.999755859375,30142.7708786577,20,2026-07-14,0.4666666666666667,0.21666666666666667,2.1029411764705883,2.0,2.3380000591278076,7.630000054836273,1455.9659910425544,28686.804887615144,,,35.80380147969086, FORTMA_YELWJC1_1 [ FORTMA: 138 KV - YELWJCKT: 138 KV ] CONT:DBIGKEN5
WAP:345KV-BI:345KV|DWAP_JN5,7,5,21,13.690999984741211,121.11000010371208,13.690999984741211,138.83300003409386,12,2026-07-08,0.4666666666666667,0.08333333333333333,5.107142857142858,13.0,53.5,717.3809949755669,26.833999693393707,111.99900034070015,,,35.70745433199303, BI_WAP50_A [ WAP: 345 KV - BI: 345 KV ] CONT:DWAP_JN5
COCS:69KV-FTST:69KV|SBROALP9,13,48,105,4.611999988555908,29.615000204066746,4.611999988555908,73.19400037825108,61,2026-07-14,0.8666666666666667,0.8,1.0823045267489713,31.0,4.308000087738037,251.45300009509083,43.11900027201045,30.075000106240623,,,35.70405380951326,COCS_FTST1_1 [COCS: 69 KV -FTST: 69 KV ] CONT:SBROALP9
ROBY:69KV-ROTN:69KV|XSPU89,12,36,54,4.934999942779541,64.74700027424842,5.113999843597412,255.10799983050674,48,2026-07-14,0.8,0.6,1.3278688524590165,12.0,3.739000082015991,35.09499999880791,71.25300027243793,183.8549995580688,,,35.609865391353935, ROBY_ROTN1_1 [ ROBY: 69 KV - ROTN: 69 KV ] CONT:XSPU89
SEA:138KV-SEA:69KV|DFRYBC58,5,8,21,3499.999755859375,24425.65253162384,3499.999755859375,38351.43840551376,13,2026-07-14,0.3333333333333333,0.13333333333333333,2.395348837209302,,,,8406.107090473175,29945.33131504059,,,35.59998924803362, SEA_AAT1 [ SEA: 138 KV - SEA: 69 KV ] CONT:DFRYBC58
FTST:138KV-SOLSTICE:138KV|DBAKSOL5,12,52,109,2.884999990463257,29.4859997817548,6.689000129699707,366.58599961246364,64,2026-07-12,0.8,0.8666666666666667,0.9239543726235742,29.0,3.7190001010894775,116.18799991044216,139.4469997944543,227.13899981800932,,,35.56145136936639,FTST_SOLSTI1_1 [FTST: 138 KV -SOLSTICE: 138 KV ] CONT:DBAKSOL5
RIO_GRAN:138KV-RIO_GRAN:69KV|XGAR89,11,28,60,13.326000213623047,189.10599979851395,13.326000213623047,528.9769991924986,39,2026-07-09,0.7333333333333333,0.4666666666666667,1.5594405594405594,2.0,0.6710000038146973,0.709000002592802,190.84799974644557,338.12899944605306,,,35.169174773362506, RIO_GRAN_138_ [ RIO_GRAN: 138 KV - RIO_GRAN: 69 KV ] CONT:XGAR89
DILLEYSW:1KV-DILLEYSW:69.1KV|DDILCOT8,6,31,25,67.3499984741211,522.888003830798,189.51499938964844,9127.865004547872,37,2026-07-10,0.4,0.5166666666666667,0.7784810126582278,20.0,140.66799926757812,3744.215982735157,152.59800056088716,8975.267003986984,,,35.12318447058074, DILLEYSW_XF1L [ DILLEYSW: 1 KV - DILLEYSW: 69.1 KV ] CONT:DDILCOT8
CRD:345KV-CRD:138KV|XCRD58,8,22,39,15.38700008392334,127.28700025379658,167.48899841308594,1522.8729987079278,30,2026-07-14,0.5333333333333333,0.36666666666666664,1.4424778761061947,3.0,41.24700164794922,242.23899847269058,130.94000094477087,1391.932997763157,,,35.11624900969951, CRD_CRD2 [ CRD: 345 KV - CRD: 138 KV ] CONT:XCRD58
DEVINESW:69KV-NATALISS:69KV|SHONF38,7,33,31,248.3560028076172,3154.167978286743,491.2099914550781,22041.305920287967,40,2026-07-06,0.4666666666666667,0.55,0.8511904761904762,,,,14124.712936162949,7916.592984125018,,,35.09949634263198, DEV_NATA_1 [ DEVINESW: 69 KV - NATALISS: 69 KV ] CONT:SHONF38
KLEBERG:138.1KV-CELANEBI:138KV|SN_SAJO5,10,22,88,1.6339999437332153,18.676999916438945,1.6339999437332153,39.44099998869933,32,2026-07-14,0.6666666666666666,0.36666666666666664,1.7964601769911503,31.0,4.210999965667725,138.1190003309166,28.47499996505212,10.966000023647211,,,35.027225358011385, CELANE_KLEBER1_1 [ KLEBERG: 138.1 KV - CELANEBI: 138 KV ] CONT:SN_SAJO5
PALOUSE:138KV-WOLFCAMP:138KV|DTWIBGL8,10,22,19,9.484000205993652,35.77400014363229,19.961999893188477,445.94300084002316,32,2026-07-14,0.6666666666666666,0.36666666666666664,1.7964601769911503,3.0,3.3359999656677246,7.710000007413328,325.00700139440596,120.9359994456172,,,34.99691073614998, PALOUS_WOLFCA1_1 [ PALOUSE: 138 KV - WOLFCAMP: 138 KV ] CONT:DTWIBGL8
CMNSW:138KV-CMNTP:138KV|DMBDRKC5,5,18,23,575.9141845703125,1442.1503262519836,575.9141845703125,3432.0008135437965,23,2026-07-11,0.3333333333333333,0.3,1.10752688172043,5.0,45.30400085449219,411.27475529164076,1874.194365143776,1557.8064484000206,,,34.8224617972389, 651__B [ CMNSW: 138 KV - CMNTP: 138 KV ] CONT:DMBDRKC5
BERGHE:1KV-BERGHE:138KV|DZORHAY5,6,35,44,112.56900024414062,591.0980012267828,112.56900024414062,5730.9640139862895,41,2026-07-11,0.4,0.5833333333333334,0.6910112359550562,7.0,33.6879997253418,425.1569999754429,1574.2290033996105,4156.735010586679,,,34.72791316673705, BERGHE_AT1L [ BERGHE: 1 KV - BERGHE: 138 KV ] CONT:DZORHAY5
SPUR:69KV-GIRA_TAP:69KV|SROTROB9,11,11,47,1.972000002861023,36.706999734044075,6.455999851226807,53.77299960702658,22,2026-07-14,0.7333333333333333,0.18333333333333332,3.8448275862068964,5.0,2.11899995803833,4.575999930500984,32.54199979454279,21.230999812483788,,,34.53157404128068, GIRA_T_SPUR1_1 [ SPUR: 69 KV - GIRA_TAP: 69 KV ] CONT:SROTROB9
MNRVA:69KV-HOBLK:69KV|BASE,12,35,32,38.319000244140625,213.58500207401812,44.43899917602539,604.8990041572833,47,2026-07-14,0.8,0.5833333333333334,1.3651685393258426,,,,160.06900093483273,444.8300032224506,,,34.44698139787856, 2340__F [ MNRVA: 69 KV - HOBLK: 69 KV ] CONT:BASE CASE
ASHERTON:138KV-CATARINA:138KV|DNLPIMI8,15,56,120,6.004000186920166,153.90800070157275,16.860000610351562,1054.456998966867,71,2026-07-14,1.0,0.9333333333333333,1.0706713780918728,,,,423.3159999269992,631.1409990398679,,,34.28572461643361, ASHERT_CATARI1_1 [ ASHERTON: 138 KV - CATARINA: 138 KV ] CONT:DNLPIMI8
MILHWY:138KV-SILASRAY:138KV|SSTILOM8,15,51,127,3.2300000190734863,77.74800022318959,4.763999938964844,361.8660002371762,66,2026-07-14,1.0,0.85,1.1744186046511629,2.0,2.0829999446868896,3.8689999356865883,149.3239999632351,212.54200027394108,,,34.22214657418726, MH_PP_1 [ MILHWY: 138 KV - SILASRAY: 138 KV ] CONT:SSTILOM8
LFKSW:138KV-LFKTP:138KV|SHTYRKY8,13,21,173,2.9739999771118164,83.85200020996854,3.2899999618530273,252.91000090213493,34,2026-07-14,0.8666666666666667,0.35,2.4351851851851856,,,,148.79800106259063,104.1119998395443,,,34.12054114899107, 1370__H [ LFKSW: 138 KV - LFKTP: 138 KV ] CONT:SHTYRKY8
THW:1KV-THW:13.3KV|BASE,13,34,59,2.6010000705718994,19.2920000749873,3.691999912261963,66.76600060856435,47,2026-07-14,0.8666666666666667,0.5666666666666667,1.5202312138728324,20.0,7.1579999923706055,51.02700017695315,42.66100026865024,24.105000339914113,,,34.07249629560633, THW_AT2T [ THW: 1 KV - THW: 13.3 KV ] CONT:BASE CASE
WAP:345KV-OB:345KV|SOBWAP5,4,1,10,70.29151916503906,265.65360593795776,70.29151916503906,289.6466428041458,5,2026-07-08,0.26666666666666666,0.016666666666666666,10.375,2.0,199.99986267089844,440.9536991119385,265.65360593795776,23.99303686618805,,,33.95384755311369, OB_WAP98_A [ WAP: 345 KV - OB: 345 KV ] CONT:SOBWAP5
IH20:138KV-TNCOLIET:138KV|SSTAWIC8,10,26,34,5.470706939697266,18.161066979169846,10.339142799377441,98.33232099283487,36,2026-07-14,0.6666666666666666,0.43333333333333335,1.526315789473684,31.0,5.268244743347168,83.47621636744589,17.993529841303825,80.33879115153104,,,33.85415060499997,138_IH2_COT   @IH20||LN||138_IH2_COT||1 [IH20: 138 KV -TNCOLIET: 138 KV ] CONT:SSTAWIC8
BLESSING:138KV-PAVLOV:138.1KV|SSTPESP8,8,27,43,8.307000160217285,104.26299986056983,64.28700256347656,969.5980001185089,35,2026-07-14,0.5333333333333333,0.45,1.181159420289855,4.0,15.85200023651123,30.063000470399857,863.8740011639893,105.72399895451963,,,33.83221799749587, BLESSI_PAVLOV1_1 [ BLESSING: 138 KV - PAVLOV: 138.1 KV ] CONT:SSTPESP8
PALOUSE:138KV-CROSSOVE:138KV|SWOLPAL8,6,29,42,52.154991149902344,189.57635025307536,83.00946044921875,3292.988163739443,35,2026-07-11,0.4,0.48333333333333334,0.8310810810810811,14.0,39.689998626708984,466.8409982919693,2330.3236140049994,962.6645497344434,,,33.65357108176154,CROSSO_PALOUS1_1 [PALOUSE: 138 KV -CROSSOVE: 138 KV ] CONT:SWOLPAL8
WLVSW:138KV-GAILS:138KV|SBUZHMP8,7,10,19,13.418999671936035,48.9627971816808,68.80899810791016,399.12771515734494,17,2026-07-14,0.4666666666666667,0.16666666666666666,2.69811320754717,18.0,38.16999816894531,513.7628991678357,114.05671809613705,285.0709970612079,,,33.593161555604965, 6217__A [ WLVSW: 138 KV - GAILS: 138 KV ] CONT:SBUZHMP8
CLCTY:69KV-PLOWB:69KV|SSWDSTR8,8,8,37,36.37699890136719,274.05300003290176,36.37699890136719,498.18899980932474,16,2026-07-14,0.5333333333333333,0.13333333333333333,3.7906976744186043,,,,373.96700064092875,124.221999168396,,,33.570602386877766, 6940__D [ CLCTY: 69 KV - PLOWB: 69 KV ] CONT:SSWDSTR8
DILLEYSW:138KV-DILLEYSW:1KV|DDILCOT8,4,30,21,226.3070526123047,1041.9208869934082,781.2623291015625,21704.986940596253,34,2026-07-09,0.26666666666666666,0.5,0.5424836601307189,20.0,140.6739959716797,3744.3019946217537,1567.4866592884064,20137.500281307846,,,33.47150997575897, DILLEYSW_XF1H [ DILLEYSW: 138 KV - DILLEYSW: 1 KV ] CONT:DDILCOT8
SCSES:345KV-SCSES:1KV|DDORELK5,14,47,138,4.583000183105469,117.61700002476573,6.7230000495910645,547.3130010757595,61,2026-07-14,0.9333333333333333,0.7833333333333333,1.1890756302521008,,,,188.99600052461028,358.31700055114925,,,33.44954009397927, SCSES_MR1H [ SCSES: 345 KV - SCSES: 1 KV ] CONT:DDORELK5
FRONTERA:138KV-S_MISSIN:138KV|SBENS_M8,14,46,74,5.122000217437744,68.00173506140709,38.74399948120117,410.94003900070675,60,2026-07-14,0.9333333333333333,0.7666666666666667,1.2145922746781115,2.0,2.1064140796661377,2.1414140798151493,103.21157658728771,307.72846241341904,,,33.36589287045712,BENTS_FRTER_1B@FRONTERA||LN|| BENTS_FRTER_1B||1 [FRONTERA: 138 KV -S_MISSIN: 138 KV ] CONT:SBENS_M8
WEAVERRD:69KV-GREENLK:69KV|DVICDUP8,7,44,28,228.2744903564453,373.53983921930194,228.2744903564453,1736.3298464408144,51,2026-07-13,0.4666666666666667,0.7333333333333333,0.641255605381166,9.0,11.065999984741211,121.17800016701221,162.1449995720759,1574.1848468687385,,,33.001390480549794, GREENL_WEAVER1_1 [ WEAVERRD: 69 KV - GREENLK: 69 KV ] CONT:DVICDUP8
PRKRW:138KV-TYPRK:138KV|DCDHTVW5,7,32,43,307.9079895019531,1797.2410006523132,307.9079895019531,14703.776491250843,39,2026-07-09,0.4666666666666667,0.5333333333333333,0.8773006134969326,,,,2269.171024516225,12434.605466734618,,,32.927058906410146, 6200__E [ PRKRW: 138 KV - TYPRK: 138 KV ] CONT:DCDHTVW5
BIG_FOOT:138KV-PLEASANT:138KV|SHONMOO8,8,35,26,64.8550033569336,510.483494579792,162.20913696289062,3890.5686663389206,43,2026-07-09,0.5333333333333333,0.5833333333333334,0.9157303370786516,,,,1787.5503130555153,2103.0183532834053,,,32.923140272586124, BIG_FO_PLEASA1_1 [ BIG_FOOT: 138 KV - PLEASANT: 138 KV ] CONT:SHONMOO8
N_SHARPE:138KV-CELANEBI:138.1KV|SAJORI25,12,25,45,1.0049999952316284,6.413000004715286,4.025000095367432,44.824000249500386,37,2026-07-12,0.8,0.4166666666666667,1.8984375,24.0,6.927000045776367,83.84300002176315,19.284000217798166,25.54000003170222,,,32.895545017038856, CELANE_N_SHAR1_1 [ N_SHARPE: 138 KV - CELANEBI: 138.1 KV ] CONT:SAJORI25
OZONA:69KV-MIDW:69KV|SCROPAL8,7,17,39,542.5430297851562,2614.256032168865,542.5430297851562,9837.579048901796,24,2026-07-13,0.4666666666666667,0.2833333333333333,1.625,,,,250.27400302886963,9587.305045872927,,,32.843826601206985, MIDW_OZONA1_1 [ OZONA: 69 KV - MIDW: 69 KV ] CONT:SCROPAL8
BENWH_RC:138KV-KELAM_SL:138KV|BASE,10,23,62,1.1490000486373901,8.20600005518645,1.1490000486373901,14.542000074870884,33,2026-07-14,0.6666666666666666,0.38333333333333336,1.7203389830508473,31.0,2.934999942779541,120.64299989899155,7.880000028759241,6.662000046111643,,,32.770994367874096, BW_KELLAM_RC_1 [ BENWH_RC: 138 KV - KELAM_SL: 138 KV ] CONT:BASE CASE
CMNSW:138KV-CMNTP:138KV|DBUCRGP5,5,38,63,138.24830627441406,2617.0169817209244,283.87298583984375,39377.51855245419,43,2026-07-10,0.3333333333333333,0.6333333333333333,0.533678756476684,2.0,4.349999904632568,12.0619997382164,12184.584827603772,27192.933724850416,,,32.71398039761183, 651__B [ CMNSW: 138 KV - CMNTP: 138 KV ] CONT:DBUCRGP5
SAPOWER:138KV-MADDUX:138KV|SMA2SAP8,9,32,44,38.85499954223633,420.68199970480055,257.263916015625,2130.0029374654405,41,2026-07-14,0.6,0.5333333333333333,1.1226993865030674,,,,70.34799923375249,2059.654938231688,,,32.52511991137327, MADDUX_SAPOWE1_1 [ SAPOWER: 138 KV - MADDUX: 138 KV ] CONT:SMA2SAP8
PICACHO:138KV-AMISTD:138KV|BASE,13,40,44,0.996999979019165,8.969999985769391,0.9980000257492065,57.090999752283096,53,2026-07-14,0.8666666666666667,0.6666666666666666,1.2955665024630543,20.0,16.82699966430664,125.59999968111515,8.840999986976385,48.24999976530671,,,32.49826034420751, AMIHY_HAMRD_1B_1 [ PICACHO: 138 KV - AMISTD: 138 KV ] CONT:BASE CASE
STER:69KV-STCO:69KV|DBAKCED5,6,18,30,51.88399887084961,432.7130032777786,158.0240020751953,2223.3009976148605,24,2026-07-07,0.4,0.3,1.3225806451612905,6.0,21.01099967956543,109.73900182545185,172.11700308322906,2051.1839945316315,,,32.209263153373236, STCO_STER1_1 [ STER: 69 KV - STCO: 69 KV ] CONT:DBAKCED5
LOBO:69KV-FREER:69KV|DFOAVLO5,5,31,23,424.3070068359375,3375.743010044098,492.97698974609375,32024.383189618587,36,2026-07-12,0.3333333333333333,0.5166666666666667,0.6518987341772151,1.0,3.1029999256134033,3.1029999256134033,12861.47880011797,19162.904389500618,,,32.20104719329946, FREER_LOBO1_1 [ LOBO: 69 KV - FREER: 69 KV ] CONT:DFOAVLO5
SOLSTICE:138KV-FTST:138KV|SBAKNOR5,11,21,70,6.651000022888184,75.34899978211615,6.651000022888184,137.90799934824463,32,2026-07-14,0.7333333333333333,0.35,2.064814814814815,,,,20.148999878554605,117.75899946969002,,,32.15162830446191, FTST_SOLSTI1_1 [ SOLSTICE: 138 KV - FTST: 138 KV ] CONT:SBAKNOR5
FORTMA:138KV-YELWJCKT:138KV|STREMAD8,6,15,37,22.365999221801758,196.01700040884316,83.10600280761719,1477.496005775407,21,2026-07-14,0.4,0.25,1.576923076923077,8.0,24.79199981689453,282.2100013680756,121.13000074215233,1356.3660050332546,,,32.014726496073855, FORTMA_YELWJC1_1 [ FORTMA: 138 KV - YELWJCKT: 138 KV ] CONT:STREMAD8
NVKSW:69KV-ANARN:69KV|DMGSRIC8,6,32,54,484.1401672363281,2025.9456047266722,484.1401672363281,21239.07186398469,38,2026-07-10,0.4,0.5333333333333333,0.7546012269938651,,,,9946.37095566094,11292.70090832375,,,32.01195047339609, 6840__B [ NVKSW: 69 KV - ANARN: 69 KV ] CONT:DMGSRIC8
BR:138KV-HOC:138.3KV|DJN_RO28,6,6,15,13.743000030517578,72.02900026738644,13.743000030517578,176.45600180327892,12,2026-07-11,0.4,0.1,3.7272727272727275,12.0,11.520999908447266,140.45499920845032,175.84000180661678,0.6159999966621399,,,31.929745950731576, BR_HOC09_A [ BR: 138 KV - HOC: 138.3 KV ] CONT:DJN_RO28
HUMBLTAP:69KV-NOVICTAP:69KV|SCOLBAL8,7,31,51,13.592000007629395,165.19400008395314,882.968017578125,11669.195066622691,38,2026-07-05,0.4666666666666667,0.5166666666666667,0.9050632911392404,30.0,15.163000106811523,585.514999673469,11.561999958008528,11657.633066664683,,,31.875484895127848, HUMBLT_NOVICT1_1 [ HUMBLTAP: 69 KV - NOVICTAP: 69 KV ] CONT:SCOLBAL8
HOWARD:138KV-LEON_CRK:138KV|DCAGHOW5,5,0,12,6.745999813079834,31.51900005340576,6.745999813079834,31.51900005340576,5,2026-07-13,0.3333333333333333,0.0,34.33333333333333,6.0,36.47999954223633,136.62599965929985,29.987000107765198,1.531999945640564,,,31.85601979902304, D5_S1_1 [ HOWARD: 138 KV - LEON_CRK: 138 KV ] CONT:DCAGHOW5
SONR:69KV-ATSO:69KV|SCARFRI8,5,21,10,75.5719985961914,250.78099930286407,1140.014892578125,7319.40229652077,26,2026-07-12,0.3333333333333333,0.35,0.9537037037037037,16.0,321.2770080566406,4803.606997251511,48.83399951457977,7270.56829700619,,,31.71087383985887,ATSO_SONR1_1 [SONR: 69 KV -ATSO: 69 KV ] CONT:SCARFRI8
LA_PALMA:138KV-HAINE_DR:138KV|SRAYRI38,5,20,26,244.7457733154297,411.1321449428797,244.7457733154297,876.7501926459372,25,2026-07-14,0.3333333333333333,0.3333333333333333,1.0,24.0,64.01599884033203,467.6479998975992,321.2443034313619,555.5058892145753,,,31.59279202531731, HAINE__LA_PAL1_1 [ LA_PALMA: 138 KV - HAINE_DR: 138 KV ] CONT:SRAYRI38
FURHMAN:138KV-VANBLTSS:138KV|SFURRAY8,11,48,37,4.741000175476074,60.051999390125275,14.295000076293945,390.40799890691414,59,2026-07-14,0.7333333333333333,0.8,0.9176954732510287,,,,97.97299969941378,292.43499920750037,,,31.567096809421432, FURHMAN_VANDB_1 [ FURHMAN: 138 KV - VANBLTSS: 138 KV ] CONT:SFURRAY8
FLCNS:345KV-FLCNS:138KV|SFL2PRM5,13,47,83,5.656000137329102,55.13900006655604,5.656000137329102,154.6980001112679,60,2026-07-14,0.8666666666666667,0.7833333333333333,1.1050420168067228,,,,69.90900028403848,84.78899982722942,,,31.470800447893275, FLCNS_AMR1 [ FLCNS: 345 KV - FLCNS: 138 KV ] CONT:SFL2PRM5
GLNHT:138KV-STERT:138KV|XVE2N58,7,12,28,90.8489990234375,354.41399873699993,90.8489990234375,1106.380002005957,19,2026-07-14,0.4666666666666667,0.2,2.2698412698412698,,,,891.6300000092015,214.7500019967556,,,31.459778403622146, 945__B [ GLNHT: 138 KV - STERT: 138 KV ] CONT:XVE2N58
MIDW:69KV-OZONA:69KV|SFTLMES8,6,24,36,208.25900268554688,1458.2309990115464,327.50799560546875,7528.775010291021,30,2026-07-12,0.4,0.4,1.0,,,,4663.2169948327355,2865.558015458286,,,31.343695275401764, MIDW_OZONA1_1 [ MIDW: 69 KV - OZONA: 69 KV ] CONT:SFTLMES8
DPREA:138KV-RCSES:138KV|DPRSHWK8,9,24,25,3.944999933242798,25.34599980711937,9.977999687194824,341.5120004341006,33,2026-07-14,0.6,0.4,1.4878048780487803,4.0,3.5350000858306885,16.978000074625015,32.65699986368418,308.85500057041645,,,31.167491502907463, 1561__A [ DPREA: 138 KV - RCSES: 138 KV ] CONT:DPRSHWK8
CLCTY:69KV-PLOWB:69KV|SFLNBHI9,9,37,38,6.210000038146973,60.63600026257336,32.20600128173828,408.9159993904177,46,2026-07-14,0.6,0.6166666666666667,0.9734042553191489,12.0,1.5169999599456787,5.818999998271465,51.936999964527786,356.9789994258899,,,31.11768920708492, 6940__D [ CLCTY: 69 KV - PLOWB: 69 KV ] CONT:SFLNBHI9
SACRC:138KV-DPCRK:138KV|DMTSCOS5,5,40,17,16.81705093383789,70.79270059615374,287.5576477050781,5059.4179161936045,45,2026-07-11,0.3333333333333333,0.6666666666666666,0.5073891625615764,16.0,187.509033203125,5733.0138711910695,539.9388025514781,4519.479113642126,,,31.015962261094206,6240__C [SACRC: 138 KV -DPCRK: 138 KV ] CONT:DMTSCOS5
SGVSW:138KV-CRAND:138KV|DTRSMAN8,6,2,12,15.095999717712402,40.3119992762804,15.095999717712402,63.99099923670292,8,2026-07-12,0.4,0.03333333333333333,9.461538461538462,3.0,11.888999938964844,41.63200006633997,27.772999942302704,36.217999294400215,,,30.8970293111494, 1263__B [ SGVSW: 138 KV - CRAND: 138 KV ] CONT:DTRSMAN8
FURHMAN:138KV-MOURSUND:138KV|SFURVAN8,9,11,23,4.776000022888184,34.86058892309666,4.848076820373535,80.36908911168575,20,2026-07-13,0.6,0.18333333333333332,3.1551724137931036,,,,75.52101229131222,4.848076820373535,,,30.895694135352276,MOURSUND_FUR_1 [FURHMAN: 138 KV -MOURSUND: 138 KV ] CONT:SFURVAN8
GRSES:138KV-GRMES:138KV|DLONPK25,6,34,32,353.8888244628906,2011.454547636211,1612.7708740234375,32611.912898890674,40,2026-07-10,0.4,0.5666666666666667,0.7109826589595376,,,,2492.0364768132567,30119.876422077417,,,30.887811751830043, 6375__A [ GRSES: 138 KV - GRMES: 138 KV ] CONT:DLONPK25
FMRVL:345KV-RYSSW:345KV|SFMRRY25,6,31,26,29.07282257080078,164.59397406876087,95.3941421508789,1127.9347311423626,37,2026-07-09,0.4,0.5166666666666667,0.7784810126582278,14.0,30.79583740234375,328.9085746742785,137.13526036590338,990.7994707764592,,,30.886577772306868,381           @FMRVL||LN|| 381||_A [FMRVL: 345 KV -RYSSW: 345 KV ] CONT:SFMRRY25
LAKENASW:69KV-SAMATHIS:69KV|SBGLTWI8,6,38,22,1800.7244873046875,4534.159716829658,1800.7244873046875,8280.632529666647,44,2026-07-10,0.4,0.6333333333333333,0.6373056994818653,,,,523.1898994296789,7757.442630236968,,,30.804969961618394, LAKENA_SAMATH1_1 [ LAKENASW: 69 KV - SAMATHIS: 69 KV ] CONT:SBGLTWI8
NVKSW:69KV-ANARN:69KV|SOLNRIC8,7,14,12,12.126999855041504,31.007000148296356,63.9370002746582,385.43900182982907,21,2026-07-14,0.4666666666666667,0.23333333333333334,1.9589041095890412,12.0,9.243000030517578,69.47599990665913,232.70099923899397,152.7380025908351,,,30.79919296282941, 6840__B [ NVKSW: 69 KV - ANARN: 69 KV ] CONT:SOLNRIC8
GRDSW:138KV-NACPW:138KV|BASE,14,54,123,1.718999981880188,28.521999969612807,2.2230000495910645,250.76899978867732,68,2026-07-14,0.9333333333333333,0.9,1.0366300366300367,2.0,0.04500000178813934,0.13500000501517206,50.771999802440405,199.99699998623691,,,30.298362867250315, NAC_L1_1 [ GRDSW: 138 KV - NACPW: 138 KV ] CONT:BASE CASE
NEWMAN:138KV-WALNUT1:138KV|SOAKMCC8,4,2,5,683.2689819335938,1318.3909816741943,683.2689819335938,1526.5089809894562,6,2026-07-12,0.26666666666666666,0.03333333333333333,6.384615384615384,,,,1318.3909816741943,208.11799931526184,,,30.1642789481043, NEWM_WAL_1 [ NEWMAN: 138 KV - WALNUT1: 138 KV ] CONT:SOAKMCC8
LA_PALMA:138KV-HAINE_DR:138KV|MHARNED5,5,18,20,16.05699920654297,83.17699870280921,29.33300018310547,656.4539165352471,23,2026-07-14,0.3333333333333333,0.3,1.10752688172043,19.0,64.51805114746094,1065.5944602787495,301.96257632784545,354.49134020740166,,,30.143361132198173, HAINE__LA_PAL1_1 [ LA_PALMA: 138 KV - HAINE_DR: 138 KV ] CONT:MHARNED5
DOWNIES:138KV-DOWNIES:69KV|SREAUVA8,7,9,28,20.756999969482422,176.2749993391335,20.756999969482422,359.1637053973973,16,2026-07-09,0.4666666666666667,0.15,2.9791666666666665,,,,264.17170514538884,94.99200025200844,,,30.095053714688962,DOWNIES_AX1H [DOWNIES: 138 KV -DOWNIES: 69 KV ] CONT:SREAUVA8
CMNSW:138KV-CMNTP:138KV|SCMNCPS5,3,33,24,217.3250732421875,1546.7284862995148,819.1448974609375,54988.860533587635,36,2026-07-10,0.2,0.55,0.375,3.0,51.22908020019531,133.9594725370407,14840.70724273473,40148.153290852904,,,30.08104860183402, 651__B [ CMNSW: 138 KV - CMNTP: 138 KV ] CONT:SCMNCPS5
YELWJCKT:138KV-FORTMA:138KV|DBIGKEN5,7,40,23,221.2334747314453,550.4938663840294,621.000244140625,13365.78128506313,47,2026-07-10,0.4666666666666667,0.6666666666666666,0.7044334975369458,,,,702.5302788093686,12663.251006253762,,,29.98572765035141, FORTMA_YELWJC1_1 [ YELWJCKT: 138 KV - FORTMA: 138 KV ] CONT:DBIGKEN5
ASHERTON:138KV-CATARINA:138KV|SLARLAS8,8,30,12,1.972000002861023,6.473999997135252,25.05699920654297,418.56999935535714,38,2026-07-13,0.5333333333333333,0.5,1.065359477124183,30.0,17.65399932861328,567.6860006004572,23.526000127196312,395.0439992281608,,,29.936187148514747, ASHERT_CATARI1_1 [ ASHERTON: 138 KV - CATARINA: 138 KV ] CONT:SLARLAS8
LENSW:138KV-PUTN:138KV|DBLUBUF8,12,28,56,3.3529999256134033,25.12500003608875,6.223999977111816,137.7760005996097,40,2026-07-11,0.8,0.4666666666666667,1.6993006993006994,,,,13.203000131063163,124.57300046854652,,,29.863407199459445, LENSW_PUTN2_1 [ LENSW: 138 KV - PUTN: 138 KV ] CONT:DBLUBUF8
RANDADO:138KV-ZAPATA:138KV|BASE,13,37,76,0.008999999612569809,0.2920000054873526,11.659000396728516,102.80403464299161,50,2026-07-14,0.8666666666666667,0.6166666666666667,1.3989361702127658,27.0,4.999000072479248,26.144000015570782,102.07003463082947,0.7340000121621415,,,29.787075801266592, RANDAD_ZAPATA1_1 [ RANDADO: 138 KV - ZAPATA: 138 KV ] CONT:BASE CASE
CGRSW:69KV-CLCTY:69KV|XRGR89,7,10,16,57.85599899291992,211.39899960160255,57.85599899291992,577.7780002206564,17,2026-07-14,0.4666666666666667,0.16666666666666666,2.69811320754717,,,,140.11000137031078,437.6679988503456,,,29.67332290944525, 6685__A [ CGRSW: 69 KV - CLCTY: 69 KV ] CONT:XRGR89
CELANEBI:138.1KV-N_SHARPE:138KV|SN_SAJO5,10,24,96,1.3350000381469727,18.379999961238354,1.3350000381469727,29.04799998109229,34,2026-07-07,0.6666666666666666,0.4,1.6504065040650404,,,,18.44499994488433,10.603000036207959,,,29.596193958256627, CELANE_N_SHAR1_1 [ CELANEBI: 138.1 KV - N_SHARPE: 138 KV ] CONT:SN_SAJO5
MADDUX:138KV-TREADWEL:138KV|SFERFER8,5,2,10,4.343999862670898,19.248999753966928,4.343999862670898,22.163999805226922,7,2026-07-12,0.3333333333333333,0.03333333333333333,7.9230769230769225,18.0,18.429000854492188,411.062002973631,19.221999753266573,2.942000051960349,,,29.35433275916667, MADDUX_TREADW1_1 [ MADDUX: 138 KV - TREADWEL: 138 KV ] CONT:SFERFER8
GARZA:138KV-GARZA:1KV|XRIO89,8,27,32,13.326000213623047,167.7750000800006,13.326000213623047,368.9149999287911,35,2026-07-11,0.5333333333333333,0.45,1.181159420289855,2.0,0.6710000038146973,0.709000002592802,30.786000482738018,338.12899944605306,,,29.162597312874837, GARZA_XF1H [ GARZA: 138 KV - GARZA: 1 KV ] CONT:XRIO89
TMPSW:138KV-FRYSW:138KV|DSALHUT5,4,16,16,539.1600341796875,2982.9603296518326,869.76708984375,15580.280331909657,20,2026-07-09,0.26666666666666666,0.26666666666666666,1.0,,,,11949.458161473274,3630.8221704363823,,,29.12234521437656,1715          @TMPSW||LN||1715||_B [TMPSW: 138 KV -FRYSW: 138 KV ] CONT:DSALHUT5
ZEN:345KV-THW:345KV|SZENTHW5,6,24,24,24.659000396728516,210.02499985694885,87.29000091552734,1412.2660017348826,30,2026-07-10,0.4,0.4,1.0,4.0,2.4660000801086426,9.064999908208847,451.8420003503561,960.4240013845265,,,29.00312796509821, THWZEN98_A [ ZEN: 345 KV - THW: 345 KV ] CONT:SZENTHW5
CMNSW:138KV-CMNTP:138KV|XCMB58,4,11,16,52.95399856567383,409.96099829673767,132.59100341796875,904.2187377046794,15,2026-07-12,0.26666666666666666,0.18333333333333332,1.4310344827586208,6.0,18.513999938964844,110.36199986934662,453.6209981441498,450.5977395605296,,,28.995082343068923, 651__B [ CMNSW: 138 KV - CMNTP: 138 KV ] CONT:XCMB58
VICTORIA:138KV-MAGRUDER:138KV|XVIC89,3,1,9,650.5423583984375,1480.5511411428452,650.5423583984375,1541.6131414175034,4,2026-07-12,0.2,0.016666666666666666,7.875000000000001,,,,1480.5511411428452,61.0620002746582,,,28.97661600016437, MAGRUD_VICTOR2_1 [ VICTORIA: 138 KV - MAGRUDER: 138 KV ] CONT:XVIC89
GARZA:1KV-GARZA:69KV|XRIO89,8,25,31,13.326000213623047,168.7760001043789,13.326000213623047,351.62599953683093,33,2026-07-03,0.5333333333333333,0.4166666666666667,1.2734375,2.0,0.6710000038146973,0.709000002592802,13.497000090777874,338.12899944605306,,,28.70696360132323, GARZA_XF1L [ GARZA: 1 KV - GARZA: 69 KV ] CONT:XRIO89
PCAKETNP:69KV-PANCAKE:69KV|XHA2S89,5,22,22,8.352999687194824,70.7549998909235,13.484999656677246,190.97999991476536,27,2026-07-11,0.3333333333333333,0.36666666666666664,0.911504424778761,20.0,55.41899871826172,819.0249960124493,103.14900022000074,87.83099969476461,,,28.547259821483095, PAN_PAN_1 [ PCAKETNP: 69 KV - PANCAKE: 69 KV ] CONT:XHA2S89
COMFOR:138KV-RAYBAR:138KV|SCOMCYP8,1,2,6,293.197998046875,1043.8430061340332,293.197998046875,1145.4020051956177,3,2026-07-11,0.06666666666666667,0.03333333333333333,1.769230769230769,5.0,317.1369934082031,2250.161994934082,1145.4020051956177,0.0,,,28.485631145914255, 122T122_1 [ COMFOR: 138 KV - RAYBAR: 138 KV ] CONT:SCOMCYP8
SGVSW:138KV-CRAND:138KV|DTRSEUS8,5,3,13,15.095999717712402,51.92299969494343,15.095999717712402,71.00599977374077,8,2026-07-14,0.3333333333333333,0.05,5.722222222222221,3.0,11.888999938964844,41.63200006633997,55.67700006067753,15.32899971306324,,,28.45014490580688, 1263__B [ SGVSW: 138 KV - CRAND: 138 KV ] CONT:DTRSEUS8
CARVER:138KV-TINSLEY:138KV|DBIGKEN5,6,31,20,11.626999855041504,53.95299983024597,32.21526336669922,1454.2091019954532,37,2026-07-05,0.4,0.5166666666666667,0.7784810126582278,9.0,23.64900016784668,138.5519999563694,141.74199981987476,1312.4671021755785,,,28.39621271005737, CARVER_TINSLE1_1 [ CARVER: 138 KV - TINSLEY: 138 KV ] CONT:DBIGKEN5
VRBS:69KV-HARI:69KV|SCRMSAR8,5,2,23,21.650999069213867,169.27399880439043,21.650999069213867,241.59500128775835,7,2026-07-12,0.3333333333333333,0.03333333333333333,7.9230769230769225,,,,236.35400111228228,5.241000175476074,,,28.37420037350601,HARI_VRBS1_1 [VRBS: 69 KV -HARI: 69 KV ] CONT:SCRMSAR8
CMNSW:138KV-MGPSW:138KV|DCMNFUL8,6,8,23,21.805999755859375,193.74100080132484,32.24700164794922,351.5220036804676,14,2026-07-11,0.4,0.13333333333333333,2.86046511627907,,,,350.66800367832184,0.8540000021457672,,,28.356884399417893, 663__A [ CMNSW: 138 KV - MGPSW: 138 KV ] CONT:DCMNFUL8
SNYDR:138KV-SNYDR:69KV|SSNYCGR8,6,18,9,7.961999893188477,21.335697561502457,149.04222106933594,1200.8505672365427,24,2026-07-10,0.4,0.3,1.3225806451612905,2.0,24.434999465942383,72.3280001282692,624.3616612106562,576.4889060258865,,,28.311006157469542, SNYDR_FMR1 [ SNYDR: 138 KV - SNYDR: 69 KV ] CONT:SSNYCGR8
PUTN:138KV-LENSW:138KV|SCLCGTN8,7,32,33,15.42300033569336,129.5250005404232,43.34199905395508,1633.2599901350914,39,2026-07-10,0.4666666666666667,0.5333333333333333,0.8773006134969326,,,,911.1989939174382,722.0609962176532,,,28.308745499610968, LENSW_PUTN2_1 [ PUTN: 138 KV - LENSW: 138 KV ] CONT:SCLCGTN8
OLINGR:138KV-OLINGR:69KV|BASE,14,43,151,0.8109999895095825,7.631000034511089,5.294000148773193,153.85899972193874,57,2026-07-14,0.9333333333333333,0.7166666666666667,1.298165137614679,30.0,0.164000004529953,1.8360000154934824,5.496999960276298,148.36199976166245,,,28.175273689212567, OLINGR_FMR1 [ OLINGR: 138 KV - OLINGR: 69 KV ] CONT:BASE CASE
WAP:345KV-OB:345KV|SOBWA2P5,2,0,8,79.86940002441406,282.81434440612793,79.86940002441406,282.81434440612793,2,2026-07-07,0.13333333333333333,0.0,14.333333333333334,1.0,14.23289966583252,21.2579607963562,282.81434440612793,0.0,,,28.001507748593895, OB_WAP99_A [ WAP: 345 KV - OB: 345 KV ] CONT:SOBWA2P5
BRUNI:138KV-BRUNI:69KV|DLOFOAV5,5,26,12,234.57200622558594,812.8230104446411,981.7628784179688,6219.186062246561,31,2026-07-14,0.3333333333333333,0.43333333333333335,0.7744360902255638,,,,3689.435898065567,2529.750164180994,,,27.933187290834653, BRUNI_69_1 [ BRUNI: 138 KV - BRUNI: 69 KV ] CONT:DLOFOAV5
CORONA:138KV-CORONA:69KV|SSANFER8,6,4,14,3.2309999465942383,25.610999941825867,19.136999130249023,81.52399903535843,10,2026-07-13,0.4,0.06666666666666667,5.347826086956522,2.0,6.690000057220459,9.381000081077218,62.386999905109406,19.136999130249023,,,27.91824552399258, CORONA_AT4 [ CORONA: 138 KV - CORONA: 69 KV ] CONT:SSANFER8
VRBS:69KV-HARI:69KV|XBAL89,3,3,16,337.0660095214844,1781.0280000567436,337.0660095214844,2911.1470044851303,6,2026-07-12,0.2,0.05,3.5,,,,2849.903005003929,61.24399948120117,,,27.707036471465603, HARI_VRBS1_1 [ VRBS: 69 KV - HARI: 69 KV ] CONT:XBAL89
RS:138KV-FB:138KV|SWAATH8,5,1,11,28.918092727661133,77.3250834196806,28.918092727661133,77.76408343017101,6,2026-07-07,0.3333333333333333,0.016666666666666666,12.875,,,,72.78508353233337,4.978999897837639,,,27.657435274986604, FB_RS_60_A [ RS: 138 KV - FB: 138 KV ] CONT:SWAATH8
BRONCO:69KV-ALPINE:69KV|SBROCOC9,11,46,45,1.4490000009536743,8.587000012747012,5.001999855041504,52.56199990469031,57,2026-07-14,0.7333333333333333,0.7666666666666667,0.9570815450643776,,,,19.10599988233298,33.45600002235733,,,27.655738795080936, ALPINE_BRONCO1_1 [ BRONCO: 69 KV - ALPINE: 69 KV ] CONT:SBROCOC9
WLVSW:138KV-GAILS:138KV|DWLDSCO5,4,1,8,3.4700000286102295,12.275000125169754,3.4700000286102295,13.016000121831894,5,2026-07-13,0.26666666666666666,0.016666666666666666,10.375,14.0,43.46200180053711,615.970778465271,13.016000121831894,0.0,,,27.578049078622968, 6217__A [ WLVSW: 138 KV - GAILS: 138 KV ] CONT:DWLDSCO5
HAYSEN:345KV-ZORN:345KV|SHAYZO25,8,35,42,4.679999828338623,40.393999750260264,14.606780052185059,273.41995533532463,43,2026-07-10,0.5333333333333333,0.5833333333333334,0.9157303370786516,2.0,0.5210000276565552,2.6200000513345003,37.52711755596101,235.89283777936362,,,27.559996485223785, 6T227_1 [ HAYSEN: 345 KV - ZORN: 345 KV ] CONT:SHAYZO25
FLCNS:345KV-FLCNS:138KV|SFLCRGR5,9,45,49,5.927999973297119,27.6909999884665,5.927999973297119,120.88099995313678,54,2026-07-10,0.6,0.75,0.8026315789473684,,,,36.09200012590736,84.78899982722942,,,27.512668970375934, FLCNS_AMR2 [ FLCNS: 345 KV - FLCNS: 138 KV ] CONT:SFLCRGR5
MARSFO:1KV-MARSFO:138KV|BASE,14,43,49,0.0989999994635582,2.8450000011362135,6.186999797821045,19.237999842502177,57,2026-07-14,0.9333333333333333,0.7166666666666667,1.298165137614679,7.0,0.6240000128746033,3.8220000276342034,5.187000026926398,14.050999815575778,,,27.456520045932546, MARSFO_SUT1 [ MARSFO: 1 KV - MARSFO: 138 KV ] CONT:BASE CASE
PLCEDOS:69KV-KAMEYS:69KV|SP_LNCA9,8,31,32,3.617000102996826,23.88100009970367,8.791000366210938,183.90599963068962,39,2026-07-14,0.5333333333333333,0.5166666666666667,1.0316455696202531,8.0,1.9670000076293945,6.650999968871474,25.074999948963523,158.8309996817261,,,27.428264069682257, PLC_KAME_1 [ PLCEDOS: 69 KV - KAMEYS: 69 KV ] CONT:SP_LNCA9
LEONCRK:138KV-FTST:138KV|STARLEO8,6,4,9,44.25126647949219,75.16009998321533,49.614830017089844,192.6803436279297,10,2026-07-10,0.4,0.06666666666666667,5.347826086956522,,,,81.57256245613098,111.1077811717987,,,27.35385186103601,138_FTS_LNC   @FTST||LN||138_FTS_LNC||1 [LEONCRK: 138 KV -FTST: 138 KV ] CONT:STARLEO8
PALOUSE:138KV-CROSSOVE:138KV|DBAKCED5,5,35,17,16.305999755859375,86.44799998402596,98.22199249267578,1585.0890874154866,40,2026-07-09,0.3333333333333333,0.5833333333333334,0.5786516853932584,6.0,12.852999687194824,83.56999975442886,432.6462650820613,1152.4428223334253,,,27.06803130248808,CROSSO_PALOUS1_1 [PALOUSE: 138 KV -CROSSOVE: 138 KV ] CONT:DBAKCED5
BOG:138KV-AZ:138KV|DCBYQNM8,9,17,45,0.4429999887943268,9.123999978415668,0.5120000243186951,31.483000049600378,26,2026-07-14,0.6,0.2833333333333333,2.0795454545454546,,,,18.016000064788386,13.466999984811991,,,27.05566983012951, AZ_BOG85_A [ BOG: 138 KV - AZ: 138 KV ] CONT:DCBYQNM8
ASHERTON:138KV-CATARINA:138KV|DLOFOAV5,7,24,36,70.75516510009766,319.5583025251981,96.74296569824219,2248.989137859782,31,2026-07-10,0.4666666666666667,0.4,1.1626016260162602,,,,14.593000072753057,2234.396137787029,,,27.02914869188716, ASHERT_CATARI1_1 [ ASHERTON: 138 KV - CATARINA: 138 KV ] CONT:DLOFOAV5
FROWS:138KV-MCLSW:138KV|SELMTH25,4,28,44,89.83020782470703,886.5665605962276,173.3048095703125,7846.9512575007975,32,2026-06-18,0.26666666666666666,0.4666666666666667,0.5804195804195804,24.0,78.93599700927734,1676.4059866294265,0.0,7846.9512575007975,,,26.98080020516283, 1025__B [ FROWS: 138 KV - MCLSW: 138 KV ] CONT:SELMTH25
DIESEL:69KV-DIESEL:13KV|BASE,14,52,162,0.49799999594688416,2.773999993223697,0.7459999918937683,8.590000008349307,66,2026-07-14,0.9333333333333333,0.8666666666666667,1.0760456273764258,31.0,0.39800000190734863,3.077000005636364,4.931000002892688,3.659000005456619,,,26.924104048655504, DIESEL_FMR1 [ DIESEL: 69 KV - DIESEL: 13 KV ] CONT:BASE CASE
ASHERTON:138KV-CATARINA:138KV|XNLA88,7,22,11,2.6510000228881836,16.771000035107136,10.001999855041504,182.24899942055345,29,2026-07-14,0.4666666666666667,0.36666666666666664,1.265486725663717,1.0,10.689000129699707,10.689000129699707,127.97799924015999,54.27100018039346,,,26.87310037375954, ASHERT_CATARI1_1 [ ASHERTON: 138 KV - CATARINA: 138 KV ] CONT:XNLA88
WFSSW:138KV-NSTAR:138KV|DRILKRW5,3,14,12,769.652587890625,1461.1757555007935,769.652587890625,5992.946353554726,17,2026-07-02,0.2,0.23333333333333334,0.863013698630137,1.0,11.170000076293945,21.389999747276306,565.3819937705994,5427.564359784126,,,26.66117358982529, 6085__E [ WFSSW: 138 KV - NSTAR: 138 KV ] CONT:DRILKRW5
NORTMC:138KV-CROSSOVE:138KV|DTWIBGL8,7,24,36,8.571999549865723,62.33599980920553,15.994999885559082,299.4199983373983,31,2026-07-14,0.4666666666666667,0.4,1.1626016260162602,1.0,1.034999966621399,1.4529999792575836,69.98199987411499,229.4379984632833,,,26.630748185832704, CROSSO_NORTMC1_1 [ NORTMC: 138 KV - CROSSOVE: 138 KV ] CONT:DTWIBGL8
MARSFO:13.8KV-MARSFO:1KV|BASE,13,44,48,0.09700000286102295,2.1749999965541065,6.186999797821045,16.34099981910549,57,2026-07-13,0.8666666666666667,0.7333333333333333,1.1793721973094171,7.0,0.6240000128746033,3.8220000276342034,2.29100000183098,14.04999981727451,,,26.536654392588137, MARSFO_BUT1 [ MARSFO: 13.8 KV - MARSFO: 1 KV ] CONT:BASE CASE
PLSNTOS:69KV-POTEETS:69KV|BASE,6,14,23,39.72700119018555,157.5370001513511,39.72700119018555,241.38400025852025,20,2026-07-12,0.4,0.23333333333333334,1.6849315068493151,,,,179.85800019092858,61.52600006759167,,,26.460231808041627, POT_PLSN_1 [ PLSNTOS: 69 KV - POTEETS: 69 KV ] CONT:BASE CASE
ASHERTON:138KV-CATARINA:138KV|DRAZSA89,7,11,14,3.6549999713897705,29.17599962465465,8.638999938964844,150.55500004254282,18,2026-07-10,0.4666666666666667,0.18333333333333332,2.4655172413793105,,,,121.0779999922961,29.477000050246716,,,26.44265117203596, ASHERT_CATARI1_1 [ ASHERTON: 138 KV - CATARINA: 138 KV ] CONT:DRAZSA89
MCFSW:69KV-MARAK:69KV|BASE,5,8,20,16.077999114990234,121.48599994182587,16.547000885009766,190.9199999421835,13,2026-07-05,0.3333333333333333,0.13333333333333333,2.395348837209302,2.0,2.4809999465942383,4.065999984741211,174.2690001875162,16.650999754667282,,,26.376507625750254, 2340__D [ MCFSW: 69 KV - MARAK: 69 KV ] CONT:BASE CASE
ELKTN:138KV-TSLVL:138KV|MDHLYTC5,9,14,26,0.6589999794960022,7.374000001698732,1.9579999446868896,28.90299983508885,23,2026-07-12,0.6,0.23333333333333334,2.506849315068493,,,,5.597999971359968,23.30499986372888,,,26.366926438042483, 1520__C [ ELKTN: 138 KV - TSLVL: 138 KV ] CONT:MDHLYTC5
MAXWELL:138KV-HAMILTON:138KV|DBIGKEN5,4,29,18,9.265000343322754,43.62800004705787,34.106285095214844,1222.0835552550852,33,2026-07-10,0.26666666666666666,0.48333333333333334,0.5608108108108109,9.0,109.58302307128906,829.8170170839876,459.3236791342497,762.7598761208355,,,26.35451550275859, HAMILT_MAXWEL1_1 [ MAXWELL: 138 KV - HAMILTON: 138 KV ] CONT:DBIGKEN5
SOLSTICE:138KV-FTST:138KV|DSLKSOL5,6,38,44,5.260000228881836,34.992000366561115,5.260000228881836,149.2600005492568,44,2026-07-08,0.4,0.6333333333333333,0.6373056994818653,26.0,14.677000045776367,1105.6419978262857,0.635000005364418,148.62500054389238,,,26.231918714226964, FTST_SOLSTI1_1 [ SOLSTICE: 138 KV - FTST: 138 KV ] CONT:DSLKSOL5
MOORE:138KV-DOWNIES:138KV|DRAZHON8,6,15,26,24.926000595092773,174.87200174853206,24.926000595092773,450.5050006918609,21,2026-07-14,0.4,0.25,1.576923076923077,,,,97.35700098797679,353.1479997038841,,,26.03587574064446, 2585_1 [ MOORE: 138 KV - DOWNIES: 138 KV ] CONT:DRAZHON8
LAREDO:138KV-DEL_MAR:138KV|SLARLAS8,4,5,10,9.51200008392334,24.33500000834465,9.51200008392334,52.71500027924776,9,2026-07-11,0.26666666666666666,0.08333333333333333,2.964285714285715,17.0,55.4900016784668,809.2270046286285,20.719000406563282,31.99599987268448,,,25.986212397485318, DEL_MA_LAREDO1_1 [ LAREDO: 138 KV - DEL_MAR: 138 KV ] CONT:SLARLAS8
W_BATESV:138KV-UVALDE:138KV|SDIMBEV8,2,1,9,21.61199951171875,48.86999979056418,21.61199951171875,57.73299982585013,3,2026-07-14,0.13333333333333333,0.016666666666666666,5.375000000000001,17.0,460.4412536621094,1705.2008863510564,57.73299982585013,0.0,,,25.918057479996783, UVALDE_W_BATE1_1 [ W_BATESV: 138 KV - UVALDE: 138 KV ] CONT:SDIMBEV8
OLSEN:69KV-JNESBORO:69KV|SOLSTUR9,6,9,12,12.906000137329102,66.0430009663105,12.925000190734863,180.04600247740746,15,2026-07-14,0.4,0.15,2.5625,,,,138.8840025961399,41.16199988126755,,,25.82499910998186, OLS_JNES_1 [ OLSEN: 69 KV - JNESBORO: 69 KV ] CONT:SOLSTUR9
COTULAS:69KV-BIGWELS:69KV|SBE2ASH8,5,5,11,36.29600143432617,168.19300323724747,42.16699981689453,322.9130011200905,10,2026-07-14,0.3333333333333333,0.08333333333333333,3.678571428571429,,,,86.32800137996674,236.58499974012375,,,25.677791950760945, BIG_COTU_1 [ COTULAS: 69 KV - BIGWELS: 69 KV ] CONT:SBE2ASH8
BEVO:69KV-CARIZOS:69KV|XASH89,4,7,20,235.0434112548828,541.8065802734345,235.0434112548828,633.3495805989951,11,2026-07-14,0.26666666666666666,0.11666666666666667,2.1842105263157894,,,,557.4615802075714,75.8880003914237,,,25.663632102522406, CARIZOSPG_BEVO_1 [ BEVO: 69 KV - CARIZOS: 69 KV ] CONT:XASH89
BATESVL:69KV-CRSTLSW:69KV|SW_BBAT8,6,12,9,18.499000549316406,81.532999843359,63.672000885009766,426.47199764847755,18,2026-07-10,0.4,0.2,1.9523809523809523,,,,113.5119997560978,312.95999789237976,,,25.423142873310805, BAT_CRST_1 [ BATESVL: 69 KV - CRSTLSW: 69 KV ] CONT:SW_BBAT8
LENSW:138KV-PUTN:138KV|SABSBLU8,9,16,19,0.8659999966621399,5.0269999811425805,3.1029999256134033,25.346999765373766,25,2026-07-12,0.6,0.26666666666666666,2.2048192771084336,,,,3.9879999766126275,21.35899978876114,,,25.393617427360226, LENSW_PUTN2_1 [ LENSW: 138 KV - PUTN: 138 KV ] CONT:SABSBLU8
ESTES:138KV-SOLANUM:138KV|SCLCGTN8,5,4,26,15.473999977111816,59.25500012002885,18.483999252319336,241.7439976055175,9,2026-07-12,0.3333333333333333,0.06666666666666667,4.478260869565218,,,,241.7439976055175,0.0,,,25.369246945935235, ESTES_SOLANU1_1 [ ESTES: 138 KV - SOLANUM: 138 KV ] CONT:SCLCGTN8
BCPSW:138KV-AZLES:138KV|DCMBCPS8,2,0,18,3015.211669921875,6502.899303674698,3015.211669921875,6502.899303674698,2,2026-06-16,0.13333333333333333,0.0,14.333333333333334,,,,0.0,6502.899303674698,,,25.360323076802395,6275_D        @BCPSW||LN||6275_D||_D [BCPSW: 138 KV -AZLES: 138 KV ] CONT:DCMBCPS8
CRDSW:69KV-OLNEY:69KV|SGR2GRM9,6,9,16,1.8980000019073486,7.607000007294118,9.994000434875488,47.68800080846995,15,2026-07-14,0.4,0.15,2.5625,6.0,21.632999420166016,113.06299870461226,7.10800002515316,40.58000078331679,,,25.346640716297593, 6830__B [ CRDSW: 69 KV - OLNEY: 69 KV ] CONT:SGR2GRM9
SAMSW:345KV-VENSW:345KV|MBULNAV5,4,9,11,84.90499877929688,357.45800256729126,84.90499877929688,1438.3159952126443,13,2026-07-10,0.26666666666666666,0.15,1.7291666666666667,,,,1438.3159952126443,0.0,,,25.2886486524668, 35055__A [ SAMSW: 345 KV - VENSW: 345 KV ] CONT:MBULNAV5
OAKC:138KV-OAKC:138.1KV|MXMB158,3,0,17,16.52400016784668,89.22299939393997,16.52400016784668,89.22299939393997,3,2026-07-13,0.2,0.0,21.0,,,,89.22299939393997,0.0,,,25.263707160881616, OAKC_SERDEV1_1 [ OAKC: 138 KV - OAKC: 138.1 KV ] CONT:MXMB158
CONCHO:69KV-VRBS:69KV|SCRMSAR8,1,5,8,2799.999755859375,12556.492492675781,2799.999755859375,44111.94472408295,6,2026-06-24,0.06666666666666667,0.08333333333333333,0.8214285714285714,,,,15849.651748657227,28262.29297542572,,,25.209196958016406, CONCHO_VRBS1_1 [ CONCHO: 69 KV - VRBS: 69 KV ] CONT:SCRMSAR8
PAWNEE:345KV-CALAVERS:345KV|DELMSAN5,3,6,8,66.39556884765625,211.1391626894474,199.46153259277344,694.8675568960607,9,2026-07-04,0.2,0.1,1.9090909090909092,3.0,70.89509582519531,178.66858839988708,32.620095279067755,662.247461616993,,,25.066842570420008,PAWNEE_SPRUCE @PAWNEE||LN|| PAWNEE_SPRUCE||1 [PAWNEE: 345 KV -CALAVERS: 345 KV ] CONT:DELMSAN5
BLESSING:345KV-BLESSING:138KV|DSTPSTA5,6,28,45,12.916999816894531,144.38400025013834,67.55309295654297,2759.0825285315514,34,2026-07-11,0.4,0.4666666666666667,0.8601398601398602,,,,125.70796813815832,2633.374560393393,,,24.96243654617978, BLESSING_1382 [ BLESSING: 345 KV - BLESSING: 138 KV ] CONT:DSTPSTA5
PUTN:138KV-LENSW:138KV|DABPAB98,6,36,28,9.529000282287598,100.92800045013428,67.96399688720703,2078.0470056380145,42,2026-07-04,0.4,0.6,0.6721311475409837,,,,353.1340016722679,1724.9130039657466,,,24.8809534094542, LENSW_PUTN2_1 [ PUTN: 138 KV - LENSW: 138 KV ] CONT:DABPAB98
PSA:138.2KV-BCV:138KV|SSCJFS8,6,16,47,3.5969998836517334,56.88500001654029,5.335000038146973,220.04600003454834,22,2026-07-11,0.4,0.26666666666666666,1.4819277108433735,1.0,0.41200000047683716,0.41200000047683716,139.07199981436133,80.97400022018701,,,24.866418679401885, BCVPSA03_A [ PSA: 138.2 KV - BCV: 138 KV ] CONT:SSCJFS8
COLLEGE:138KV-JUPITER:138KV|SWALNAA8,2,0,7,98.38600158691406,277.21200025081635,98.38600158691406,277.21200025081635,2,2026-07-06,0.13333333333333333,0.0,14.333333333333334,,,,277.21200025081635,0.0,,,24.85395000472956, COLLE_JUPIT_1 [ COLLEGE: 138 KV - JUPITER: 138 KV ] CONT:SWALNAA8
ELKTN:138KV-TSLVL:138KV|SSCSSTC8,7,15,28,12.815999984741211,52.16499973088503,12.815999984741211,80.62100000865757,22,2026-07-14,0.4666666666666667,0.25,1.8333333333333333,,,,8.650000132620335,71.97099987603724,,,24.784680491366682, 1520__C [ ELKTN: 138 KV - TSLVL: 138 KV ] CONT:SSCSSTC8
CTR:345KV-CBY:345KV|SPHRCTR5,7,6,18,1.065999984741211,3.3609999410109594,1.309000015258789,13.540000086068176,13,2026-07-14,0.4666666666666667,0.1,4.333333333333333,1.0,1.5089999437332153,2.947999984025955,11.725000087521039,1.8149999985471368,,,24.511866908227194, CBYCTR97_A [ CTR: 345 KV - CBY: 345 KV ] CONT:SPHRCTR5
ACSSW:345KV-ACSSW:1KV|SACSARE8,2,0,10,34.71638870239258,217.50387382507324,34.71638870239258,217.50387382507324,2,2026-07-05,0.13333333333333333,0.0,14.333333333333334,,,,217.50387382507324,0.0,,,24.310395746461754,ACSSW TRANSF AX1HH||XF||AX1HH||AX1H [ACSSW: 345 KV -ACSSW: 1 KV ] CONT:SACSARE8
PALOUSE:138KV-WOLFCAMP:138KV|DBIGKEN5,3,12,22,304.9300537109375,1034.8651560992002,304.9300537109375,3098.1349813640118,15,2026-07-10,0.2,0.2,1.0,,,,2145.0236388891935,953.1113424748182,,,24.24745887973574,PALOUS_WOLFCA1@PALOUSE||LN||PALOUS_WOLFCA1||1 [PALOUSE: 138 KV -WOLFCAMP: 138 KV ] CONT:DBIGKEN5
HEC:138.1KV-ADERHOLD:138KV|SMV_PHA8,6,9,24,9.687000274658203,58.565000116825104,12.071000099182129,162.72500003129244,15,2026-07-07,0.4,0.15,2.5625,,,,19.92099980264902,142.80400022864342,,,24.22255494192952, ADERHO_HEC1_1 [ HEC: 138.1 KV - ADERHOLD: 138 KV ] CONT:SMV_PHA8
MGPSW:138KV-ZEPHYR:138KV|DCMNFUL8,5,34,33,22.79800033569336,162.68299877247773,50.481998443603516,1964.298995472258,39,2026-07-10,0.3333333333333333,0.5666666666666667,0.5953757225433526,,,,964.2769966793712,1000.0219987928867,,,24.202536575636458, 660__B [ MGPSW: 138 KV - ZEPHYR: 138 KV ] CONT:DCMNFUL8
GIRA_TAP:69KV-DKEC:69KV|SROTROB9,6,3,14,2.3540000915527344,13.293000146746635,2.3540000915527344,16.38300012052059,9,2026-07-14,0.4,0.05,6.833333333333333,,,,14.114000089466572,2.26900003105402,,,24.201535377625504, JATN_SPUR_1C_1 [ GIRA_TAP: 69 KV - DKEC: 69 KV ] CONT:SROTROB9
OZONA:69KV-MIDW:69KV|SFTLMES8,1,6,4,124.55999755859375,394.8849983215332,764.40380859375,4375.29193508625,7,2026-07-13,0.06666666666666667,0.1,0.6969696969696969,1.0,757.8905639648438,1280.8756271600723,394.8849983215332,3980.406936764717,,,24.20014046768213, MIDW_OZONA1_1 [ OZONA: 69 KV - MIDW: 69 KV ] CONT:SFTLMES8
PADR:69KV-MATADOR:69KV|SMATMUL9,6,28,17,1.875,7.73599986359477,3.565999984741211,107.86899977130815,34,2026-07-07,0.4,0.4666666666666667,0.8601398601398602,19.0,9.857000350952148,98.49400122184306,21.997999935410917,85.87099983589724,,,24.06478643338085, MATADO_PADUCA1_1 [ PADR: 69 KV - MATADOR: 69 KV ] CONT:SMATMUL9
VICTORIA:138.1KV-MAGRUDER:138KV|SMULFLA8,6,11,28,5.681000232696533,29.023000054061413,9.633999824523926,251.2129986602813,17,2026-07-12,0.4,0.18333333333333332,2.120689655172414,,,,97.80199929885566,153.41099936142564,,,23.961946077019896, MAGRUD_VICTOR2_1 [ VICTORIA: 138.1 KV - MAGRUDER: 138 KV ] CONT:SMULFLA8
BRTSW:138KV-JUNPR:138KV|DLONPK25,4,39,25,73.75900268554688,280.97100119292736,1568.9403076171875,42549.966835811734,43,2026-07-10,0.26666666666666666,0.65,0.41919191919191917,,,,5358.4758618324995,37191.490973979235,,,23.952935362153433, 12020__B [ BRTSW: 138 KV - JUNPR: 138 KV ] CONT:DLONPK25
GANSO:138KV-MAVERICK:138KV|SBRAHAM8,3,14,42,35.49700164794922,314.5240026861429,62.84600067138672,961.136004447937,17,2026-06-20,0.2,0.23333333333333334,0.863013698630137,20.0,60.32400131225586,1724.6310014380142,0.0,961.136004447937,,,23.951286530273734,GANSO_MAVERI1 @GANSO||LN|| GANSO_MAVERI1||1 [GANSO: 138 KV -MAVERICK: 138 KV ] CONT:SBRAHAM8
CMNSW:1KV-CMNSW:138KV|BASE,4,7,9,9.623000144958496,46.778000354766846,9.623000144958496,70.03900006599724,11,2026-07-11,0.26666666666666666,0.11666666666666667,2.1842105263157894,3.0,13.718000411987305,34.469000309705734,58.35900014638901,11.679999919608235,,,23.905822992901555, CMNSW_MR1L [ CMNSW: 1 KV - CMNSW: 138 KV ] CONT:BASE CASE
CMNSW:138KV-CMNTP:138KV|SZEPCMN8,2,0,5,51.25600051879883,195.42200183868408,51.25600051879883,195.42200183868408,2,2026-07-04,0.13333333333333333,0.0,14.333333333333334,,,,140.26100158691406,55.16100025177002,,,23.823442387165578, 651__B [ CMNSW: 138 KV - CMNTP: 138 KV ] CONT:SZEPCMN8
KLEBERG:138KV-KINGSVIL:138KV|SN_SLON5,6,29,24,12.47599983215332,61.082000739872456,14.682999610900879,475.6660011461936,35,2026-07-07,0.4,0.48333333333333334,0.8310810810810811,,,,152.70600093901157,322.960000207182,,,23.783685066732303,KINGSV_KLEBER1_1 [KLEBERG: 138 KV -KINGSVIL: 138 KV ] CONT:SN_SLON5
BLASW:138KV-COFESSRC:138KV|BASE,9,27,16,0.4699999988079071,3.595000014640391,2.1019999980926514,70.06400005379692,36,2026-07-11,0.6,0.45,1.326086956521739,,,,2.5550000043585896,67.50900004943833,,,23.771281750770083, BLASCOFE_RC_1 [ BLASW: 138 KV - COFESSRC: 138 KV ] CONT:BASE CASE
TREADWEL:138KV-YELWJCKT:138KV|STREMAD8,4,15,15,5.443999767303467,30.045999817550182,9.616999626159668,227.7560003658291,19,2026-07-10,0.26666666666666666,0.25,1.064102564102564,9.0,7.104000091552734,88.13799934089184,172.70199985057116,55.05400051525794,,,23.685483182550723, TREADW_YELWJC1_1 [ TREADWEL: 138 KV - YELWJCKT: 138 KV ] CONT:STREMAD8
SMR:69KV-SMRTP:69KV|SOLNELB9,6,45,26,12.503999710083008,56.38999955356121,35.25,641.375001557637,51,2026-07-12,0.4,0.75,0.5394736842105263,3.0,0.5600000023841858,1.286999998614192,100.2509998306632,541.1240017269738,,,23.659569730087306, 6855_D_1 [ SMR: 69 KV - SMRTP: 69 KV ] CONT:SOLNELB9
RINCON:69KV-GREGORY:69KV|XARA89,6,19,22,7.254000186920166,47.5699999993667,7.254000186920166,93.65699989814311,25,2026-07-09,0.4,0.31666666666666665,1.2551020408163267,,,,61.62399991136044,32.03299998678267,,,23.36695619540715, GREGOR_RINCON1_1 [ RINCON: 69 KV - GREGORY: 69 KV ] CONT:XARA89
DOWNIES:138KV-DOWNIES:69KV|DRAZSA89,3,4,9,93.24299621582031,219.01599368453026,155.85610961914062,1007.6543971002102,7,2026-07-09,0.2,0.06666666666666667,2.7391304347826093,,,,1007.6543971002102,0.0,,,23.234388935483814,DOWNIES_AX1H [DOWNIES: 138 KV -DOWNIES: 69 KV ] CONT:DRAZSA89
FORTMA:138KV-YELWJCKT:138KV|XMAS89,5,1,6,3.2160000801086426,10.866999968886375,3.2160000801086426,10.986999966204166,6,2026-07-07,0.3333333333333333,0.016666666666666666,12.875,,,,7.711000084877014,3.2759998813271523,,,23.224348086424513, FORTMA_YELWJC1_1 [ FORTMA: 138 KV - YELWJCKT: 138 KV ] CONT:XMAS89
GANSO:138KV-MAVERICK:138KV|SBRAPIN8,3,12,19,35.93000030517578,199.84899979829788,41.60200119018555,704.8210039008409,15,2026-06-20,0.2,0.2,1.0,17.0,73.53800201416016,1291.6160024926066,0.0,704.8210039008409,,,23.197694965936005,GANSO_MAVERI1 @GANSO||LN||GANSO_MAVERI1||1 [GANSO: 138 KV -MAVERICK: 138 KV ] CONT:SBRAPIN8
VRBS:69KV-HARI:69KV|SOAKNIC8,3,1,9,25.601999282836914,104.99599879980087,25.601999282836914,124.30699962377548,4,2026-07-09,0.2,0.016666666666666666,7.875000000000001,,,,124.30699962377548,0.0,,,23.16789206787205, HARI_VRBS1_1 [ VRBS: 69 KV - HARI: 69 KV ] CONT:SOAKNIC8
BIGLAKE:69KV-PHBL_TAP:69KV|SOZNFRI9,1,9,9,55.94900131225586,215.06000137329102,466.1510009765625,4012.942002862692,10,2026-06-13,0.06666666666666667,0.15,0.47916666666666663,28.0,1359.6700439453125,150519.79797411524,0.0,4012.942002862692,,,23.159627374410025, BIGLAK_PHBL_T1_1 [ BIGLAKE: 69 KV - PHBL_TAP: 69 KV ] CONT:SOZNFRI9
FPPYD1:345KV-WINCHES:345KV|DFPPHOL5,3,1,15,9.164999961853027,55.53299981355667,9.164999961853027,62.84199994802475,4,2026-07-09,0.2,0.016666666666666666,7.875000000000001,5.0,3.86299991607666,14.76499989349395,10.010000109672546,52.8319998383522,,,23.15884706556934, CKT_3132_1 [ FPPYD1: 345 KV - WINCHES: 345 KV ] CONT:DFPPHOL5
PALOUSE:138KV-WOLFCAMP:138KV|SCROPAL8,5,28,26,8.232999801635742,79.37100038677454,33.176998138427734,973.4710000529885,33,2026-07-11,0.3333333333333333,0.4666666666666667,0.7202797202797202,,,,727.8649998530746,245.60600019991398,,,23.15105724324197,PALOUS_WOLFCA1@PALOUSE||LN||PALOUS_WOLFCA1||1 [PALOUSE: 138 KV -WOLFCAMP: 138 KV ] CONT:SCROPAL8
LAKENASW:69KV-SAMATHIS:69KV|DSGTSCH5,2,0,3,1326.88818359375,1479.3682084083557,1326.88818359375,1479.3682084083557,2,2026-06-19,0.13333333333333333,0.0,14.333333333333334,,,,0.0,1479.3682084083557,,,23.140156511383402, LAKENA_SAMATH1_1 [ LAKENASW: 69 KV - SAMATHIS: 69 KV ] CONT:DSGTSCH5
TWINBU:138KV-HARGROVE:138KV|SCROPAL8,3,12,14,18.983999252319336,110.75400042533875,44.845001220703125,753.1719993110746,15,2026-07-14,0.2,0.2,1.0,16.0,88.22799682617188,747.3820013999939,5.038999915122986,748.1329993959516,,,23.12048394856881, HARGRO_TWINBU1_1 [ TWINBU: 138 KV - HARGROVE: 138 KV ] CONT:SCROPAL8
LNGSW:345KV-PRLSW:345KV|DBAKCED5,3,44,25,178.36082458496094,1508.1536194905639,198.6700439453125,17555.651920558885,47,2026-07-09,0.2,0.7333333333333333,0.2825112107623319,,,,1199.9217130541801,16355.730207504705,,,23.043549978095562, 6965__A [ LNGSW: 345 KV - PRLSW: 345 KV ] CONT:DBAKCED5
MNTTP:138KV-SLBLF:138KV|DSSPMNS5,4,6,12,24.336000442504883,135.46500074863434,88.71299743652344,718.2359972000122,10,2026-07-05,0.26666666666666666,0.1,2.515151515151515,,,,167.9300013780594,550.3059958219528,,,22.992463481452482,1650_C        @MNTTP||LN||1650_C||_C [MNTTP: 138 KV -SLBLF: 138 KV ] CONT:DSSPMNS5
CANTN:138KV-CNTSW:138KV|SEUSCDR8,1,2,4,2123.639892578125,2522.1888848543167,2123.639892578125,3362.129906408256,3,2026-07-10,0.06666666666666667,0.03333333333333333,1.769230769230769,,,,3362.129906408256,0.0,,,22.89609746385974, 975__A [ CANTN: 138 KV - CNTSW: 138 KV ] CONT:SEUSCDR8
SCSES:1KV-SCSES:138KV|DDORELK5,6,40,88,4.583000183105469,85.74699984490871,6.7230000495910645,390.3290006350726,46,2026-07-14,0.4,0.6666666666666666,0.6059113300492611,,,,32.01200008392334,358.31700055114925,,,22.738221309142098, SCSES_MR1L [ SCSES: 1 KV - SCSES: 138 KV ] CONT:DDORELK5
OLNEY:69KV-GRAHM:69KV|SGRMGRS8,4,19,5,24.674999237060547,57.79399952292442,362.25,5416.408454142511,23,2026-07-08,0.26666666666666666,0.31666666666666665,0.8469387755102041,1.0,14.975000381469727,30.0910005569458,80.75699996948242,5335.6514541730285,,,22.69138033957403,6830__C [OLNEY: 69 KV -GRAHM: 69 KV ] CONT:SGRMGRS8
DPREA:138KV-RCSES:138KV|DVLSPAC5,4,9,13,37.11899948120117,117.38799995183945,105.29103088378906,415.9175245165825,13,2026-07-09,0.26666666666666666,0.15,1.7291666666666667,3.0,0.05700000002980232,0.228000002913177,309.241208255291,106.6763162612915,,,22.68133938186204, 1561__A [ DPREA: 138 KV - RCSES: 138 KV ] CONT:DVLSPAC5
RS:138KV-FB:138KV|MATHEB_8,5,5,14,31.002721786499023,109.78648014366627,31.002721786499023,131.8857402652502,10,2026-07-07,0.3333333333333333,0.08333333333333333,3.678571428571429,,,,2.551565110683441,129.33417515456676,,,22.640926845768046, FB_RS_60_A [ RS: 138 KV - FB: 138 KV ] CONT:MATHEB_8
BCESW:345KV-SNDSW:345KV|SSNDBGR5,5,31,17,15.229898452758789,68.5876363068819,176.9612579345703,5580.777440849692,36,2026-07-11,0.3333333333333333,0.5166666666666667,0.6518987341772151,,,,561.0435428321362,5019.7338980175555,,,22.61834098525579, 421__A [ BCESW: 345 KV - SNDSW: 345 KV ] CONT:SSNDBGR5
FBRSW:345KV-THSES:345KV|MBULNAV5,1,0,9,114.99630737304688,478.82310485839844,114.99630737304688,478.82310485839844,1,2026-07-01,0.06666666666666667,0.0,7.666666666666666,,,,478.82310485839844,0.0,,,22.368642133033234,505__B [FBRSW: 345 KV -THSES: 345 KV ] CONT:MBULNAV5
HCKSW:345KV-EXCSW:345KV|SHC2EXC5,3,28,16,71.89099884033203,373.8209991455078,482.5383605957031,16631.62823810801,31,2026-07-01,0.2,0.4666666666666667,0.4405594405594406,,,,4850.747215531766,11780.881022576243,,,22.350088107446773, 107__B [ HCKSW: 345 KV - EXCSW: 345 KV ] CONT:SHC2EXC5
CAPELLA:69KV-MERK:69KV|DMCEBUT8,3,1,5,19.825000762939453,53.85100197792053,19.825000762939453,56.37900201976299,4,2026-07-13,0.2,0.016666666666666666,7.875000000000001,2.0,2.7939999103546143,5.968999922275543,10.541000366210938,45.838001653552055,,,22.33254687674835, CAPELL_MERK1_1 [ CAPELLA: 69 KV - MERK: 69 KV ] CONT:DMCEBUT8
VICTORIA:138.1KV-MAGRUDER:138KV|BASE,5,24,11,1.8669999837875366,5.003999973414466,22.048999786376953,71.43299966794439,29,2026-07-14,0.3333333333333333,0.4,0.8373983739837397,13.0,112.35900115966797,498.9520003851503,6.125000033760443,65.30799963418394,,,22.20091018846851, MAGRUD_VICTOR2_1 [ VICTORIA: 138.1 KV - MAGRUDER: 138 KV ] CONT:BASE CASE
SAMSW:345KV-VENSW:345KV|SHELBUL5,2,0,6,53.6609992980957,84.05899941921234,53.6609992980957,84.05899941921234,2,2026-07-03,0.13333333333333333,0.0,14.333333333333334,,,,84.05899941921234,0.0,,,22.187613858135393, 35055__A [ SAMSW: 345 KV - VENSW: 345 KV ] CONT:SHELBUL5
GANSO:138KV-ESCONDID:138KV|SBRAPIN8,4,9,18,8.21500015258789,66.50432017445564,14.597000122070312,488.6725913994014,13,2026-07-10,0.26666666666666666,0.15,1.7291666666666667,,,,488.6725913994014,0.0,,,21.975579074718308,ESCOND_GANSO1_1 [GANSO: 138 KV -ESCONDID: 138 KV ] CONT:SBRAPIN8
ENWSW:138KV-TMPTN:138KV|SPEBTRU8,2,11,6,71.58535766601562,106.71494732052088,71.58535766601562,439.47281092207413,13,2026-07-12,0.13333333333333333,0.18333333333333332,0.7413793103448276,21.0,22.819000244140625,316.22851569741033,107.28560147434473,332.1872094477294,,,21.9564665906127,940_A         @ENWSW||LN||940_A||_A [ENWSW: 138 KV -TMPTN: 138 KV ] CONT:SPEBTRU8
HAMILTON:138KV-MAVERICK:138KV|SBRAPIN8,2,35,20,18.18199920654297,102.28299915790558,175.4090576171875,6763.405919440556,37,2026-06-24,0.13333333333333333,0.5833333333333334,0.24157303370786515,10.0,43.28657150268555,943.0134458988905,101.34300088882446,6662.062918551732,,,21.92673448534064, HAMILT_MAVERI1_1 [ HAMILTON: 138 KV - MAVERICK: 138 KV ] CONT:SBRAPIN8
CRD:138KV-WLDCATSW:138KV|BASE,2,0,4,31.030000686645508,73.8910002708435,31.030000686645508,73.8910002708435,2,2026-07-05,0.13333333333333333,0.0,14.333333333333334,,,,73.8910002708435,0.0,,,21.901163208552, CRD_WCTSW_1 [ CRD: 138 KV - WLDCATSW: 138 KV ] CONT:BASE CASE
CRSTLSW:69KV-TURTLCRK:69KV|SW_BBAT8,2,2,12,62.73099899291992,325.51800211519003,62.73099899291992,616.198003731668,4,2026-07-14,0.13333333333333333,0.03333333333333333,3.307692307692308,,,,616.198003731668,0.0,,,21.88282704015276, TURTLECK_CRSTL_1 [ CRSTLSW: 69 KV - TURTLCRK: 69 KV ] CONT:SW_BBAT8
MOORE:138KV-DOWNIES:138KV|SBATPAL8,4,5,10,12.020000457763672,65.28000064194202,27.97599983215332,185.66299998760223,9,2026-07-14,0.26666666666666666,0.08333333333333333,2.964285714285715,,,,89.93900060653687,95.72399938106537,,,21.805451095835526, 2585_1 [ MOORE: 138 KV - DOWNIES: 138 KV ] CONT:SBATPAL8
DENTON:69KV-SPNCER:69KV|BASE,3,3,18,7.245999813079834,63.28999955020845,10.529999732971191,113.72999896667898,6,2026-07-06,0.2,0.05,3.5,7.0,3.5899999141693115,7.125999963842332,47.57499975524843,66.15499921143055,,,21.76473886284934, SPE_DEN_1 [ DENTON: 69 KV - SPNCER: 69 KV ] CONT:BASE CASE
RAYBURN:138.1KV-L_463S:138KV|SFURVAN8,6,12,14,8.020999908447266,34.15699976682663,10.104000091552734,109.14399972558022,18,2026-07-13,0.4,0.2,1.9523809523809523,,,,3.177000045776367,105.96699967980385,,,21.65976642178899, RAY_L_46_1 [ RAYBURN: 138.1 KV - L_463S: 138 KV ] CONT:SFURVAN8
NVKSW:69KV-ANARN:69KV|XOLN89,5,6,5,2.1389999389648438,3.9739999510347843,31.06599998474121,135.35699931159616,11,2026-07-13,0.3333333333333333,0.1,3.121212121212121,2.0,3.7679998874664307,3.909999892115593,77.64899972453713,57.70799958705902,,,21.51979857947037, 6840__B [ NVKSW: 69 KV - ANARN: 69 KV ] CONT:XOLN89
WHTNY:69KV-WND:69KV|SBOSELM5,5,11,23,1.218999981880188,7.355999950319529,1.218999981880188,20.639999970793724,16,2026-07-13,0.3333333333333333,0.18333333333333332,1.7758620689655171,29.0,2.752000093460083,49.06000017921906,5.03300005197525,15.606999918818474,,,21.508509415576434, 100027_D_1 [ WHTNY: 69 KV - WND: 69 KV ] CONT:SBOSELM5
CAPELLA:69KV-MERK:69KV|SMCEABS8,2,1,5,18.711999893188477,28.529999911785126,18.711999893188477,32.79999989271164,3,2026-07-13,0.13333333333333333,0.016666666666666666,5.375000000000001,14.0,31.141000747680664,159.99500142037868,8.375,24.42499989271164,,,21.39517055860273, CAPELL_MERK1_1 [ CAPELLA: 69 KV - MERK: 69 KV ] CONT:SMCEABS8
OAKC:138KV-OAKC:138.1KV|SABSBLU8,3,0,4,6.427000045776367,15.651999831199646,6.427000045776367,15.651999831199646,3,2026-07-06,0.2,0.0,21.0,,,,12.710999846458435,2.940999984741211,,,21.31601160634602, OAKC_SERDEV1_1 [ OAKC: 138 KV - OAKC: 138.1 KV ] CONT:SABSBLU8
WAP:345.1KV-OB:345KV|SOBWA2P5,3,1,6,7.691999912261963,17.81499983370304,7.691999912261963,22.441999807953835,4,2026-07-12,0.2,0.016666666666666666,7.875000000000001,1.0,5.366000175476074,5.366000175476074,22.441999807953835,0.0,,,21.168564943150663, OB_WAP99_A [ WAP: 345.1 KV - OB: 345 KV ] CONT:SOBWA2P5
MARAK:69KV-HOBLK:69KV|BASE,4,6,9,10.467000007629395,58.456000074744225,10.467000007629395,82.5360002219677,10,2026-07-05,0.26666666666666666,0.1,2.515151515151515,,,,73.39400029182434,9.141999930143356,,,21.13113417860375, 2340__E [ MARAK: 69 KV - HOBLK: 69 KV ] CONT:BASE CASE
MOORE:138KV-DOWNIES:138KV|SDRYMIE8,3,0,8,7.010000228881836,26.19600021839142,7.010000228881836,26.19600021839142,3,2026-07-12,0.2,0.0,21.0,,,,2.8950001001358032,23.301000118255615,,,21.107942459485646, 2585_1 [ MOORE: 138 KV - DOWNIES: 138 KV ] CONT:SDRYMIE8
TWINBU:138KV-HARGROVE:138KV|DNOESGT5,1,0,1,26.79400062561035,26.79400062561035,26.79400062561035,26.79400062561035,1,2026-06-15,0.06666666666666667,0.0,7.666666666666666,10.0,562.5433959960938,1905.942954301834,0.0,26.79400062561035,,,21.018939728230162, HARGRO_TWINBU1_1 [ TWINBU: 138 KV - HARGROVE: 138 KV ] CONT:DNOESGT5
MARSW:138KV-DEVIT:138KV|DEVRHLS8,1,1,2,382.8858642578125,457.29383087158203,919.8588256835938,1993.9153480529785,2,2026-07-09,0.06666666666666667,0.016666666666666666,2.875,,,,1993.9153480529785,0.0,,,20.953670456486904,6293_C        @MARSW||LN||6293_C||_C [MARSW: 138 KV -DEVIT: 138 KV ] CONT:DEVRHLS8
TWINBU:138KV-HARGROVE:138KV|DNOETWL5,1,0,1,29.551000595092773,29.551000595092773,29.551000595092773,29.551000595092773,1,2026-06-15,0.06666666666666667,0.0,7.666666666666666,14.0,203.16299438476562,1520.9052678346634,0.0,29.551000595092773,,,20.93526719932605, HARGRO_TWINBU1_1 [ TWINBU: 138 KV - HARGROVE: 138 KV ] CONT:DNOETWL5
CHIEBR:138KV-GEORGE:138KV|SGEOHU48,5,7,14,4.642000198364258,23.73400023765862,16.545000076293945,155.75500078685582,12,2026-07-12,0.3333333333333333,0.11666666666666667,2.7105263157894735,,,,16.593000195920467,139.16200059093535,,,20.896415259442904,221T355       @CHIEBR||LN||221T355||1 [CHIEBR: 138 KV -GEORGE: 138 KV ] CONT:SGEOHU48
REDCREEK:138KV-ORNT:138KV|SNICBLU8,3,3,13,16.415000915527344,68.63700062036514,21.290000915527344,197.9040021598339,6,2026-07-12,0.2,0.05,3.5,,,,197.9040021598339,0.0,,,20.846792986957706, ORNT_REDCRE1_1 [ REDCREEK: 138 KV - ORNT: 138 KV ] CONT:SNICBLU8
PALOUSE:138KV-WOLFCAMP:138KV|SKINODE5,1,0,3,104.14219665527344,242.45261001586914,104.14219665527344,242.45261001586914,1,2026-07-07,0.06666666666666667,0.0,7.666666666666666,,,,242.45261001586914,0.0,,,20.842027930988372,PALOUS_WOLFCA1@PALOUSE||LN||PALOUS_WOLFCA1||1 [PALOUSE: 138 KV -WOLFCAMP: 138 KV ] CONT:SKINODE5
EL_CAMPO:138KV-RICEBI:138KV|SWRDYN8,2,0,5,20.834999084472656,44.82199877500534,20.834999084472656,44.82199877500534,2,2026-07-07,0.13333333333333333,0.0,14.333333333333334,,,,44.82199877500534,0.0,,,20.79580699486416, 589T589_1 [ EL_CAMPO: 138 KV - RICEBI: 138 KV ] CONT:SWRDYN8
FOWLRTON:138KV-TILDEN:138KV|DFOWSMG5,3,17,6,220.4782257080078,313.9445726275444,220.4782257080078,2160.611757069826,20,2026-07-10,0.2,0.2833333333333333,0.7159090909090909,,,,418.16717341542244,1742.4445836544037,,,20.77712642884193,FWLRTN_TILDEN @FOWLRTON||LN||FWLRTN_TILDEN||1 [FOWLRTON: 138 KV -TILDEN: 138 KV ] CONT:DFOWSMG5
UVALDE:138KV-W_BATESV:138KV|DRAZSA89,4,15,13,14.842000007629395,62.552999794483185,19.655000686645508,447.4999995082617,19,2026-07-09,0.26666666666666666,0.25,1.064102564102564,,,,323.1820008903742,124.3179986178875,,,20.73787673211902, UVALDE_W_BATE1_1 [ UVALDE: 138 KV - W_BATESV: 138 KV ] CONT:DRAZSA89
WHTNY:69KV-WND:69KV|DCMBCPS8,5,3,9,3.184000015258789,8.003999926149845,3.184000015258789,10.716999933123589,8,2026-07-13,0.3333333333333333,0.05,5.722222222222221,1.0,0.6489999890327454,0.6489999890327454,3.6899999603629112,7.026999972760677,,,20.672003202797264, 100027_D_1 [ WHTNY: 69 KV - WND: 69 KV ] CONT:DCMBCPS8
BLESSING:138KV-BLESSING:69KV|XDA2N89,3,0,3,6.139999866485596,13.745999693870544,6.139999866485596,13.745999693870544,3,2026-07-07,0.2,0.0,21.0,,,,6.139999866485596,7.605999827384949,,,20.6443096396202, BLESSING_69A1 [ BLESSING: 138 KV - BLESSING: 69 KV ] CONT:XDA2N89
E3:138KV-X2:138KV|DRAFOMI8,6,13,16,3.9609999656677246,11.280999949201941,13.727999687194824,78.36699972581118,19,2026-07-12,0.4,0.21666666666666667,1.8088235294117647,,,,7.692999921739101,70.67399980407208,,,20.482265762670103, E3_X2_1 [ E3: 138 KV - X2: 138 KV ] CONT:DRAFOMI8
FLTCK:138KV-FLTCK:138.1KV|BASE,4,5,6,2.1659998893737793,3.9199998565018177,11.463000297546387,73.82299936190248,9,2026-07-11,0.26666666666666666,0.08333333333333333,2.964285714285715,22.0,10.63700008392334,141.0820007021539,2.7949999310076237,71.02799943089485,,,20.478607480582358, SSI_TLINE_1 [ FLTCK: 138 KV - FLTCK: 138.1 KV ] CONT:BASE CASE
CALAVERS:345KV-HOWARD:345KV|DSKYCAL5,2,0,2,1.5169999599456787,1.9509999454021454,1.5169999599456787,1.9509999454021454,2,2026-07-13,0.13333333333333333,0.0,14.333333333333334,14.0,47.404998779296875,346.3290000408888,1.9509999454021454,0.0,,,20.475183955423866, N5_S2_1 [ CALAVERS: 345 KV - HOWARD: 345 KV ] CONT:DSKYCAL5
MCLSW:138KV-WCOLO:138KV|DELMWWE8,1,1,2,211.59324645996094,298.9011459350586,1307.262939453125,2351.531089782715,2,2026-07-09,0.06666666666666667,0.016666666666666666,2.875,,,,2351.531089782715,0.0,,,20.441251663879093,1035          @MCLSW||LN||1035||_A [MCLSW: 138 KV -WCOLO: 138 KV ] CONT:DELMWWE8
DILLY:69KV-PEARSAL1:69KV|SMOOPEA8,2,5,5,64.19999694824219,163.64899826049805,380.4070129394531,2958.7546330690384,7,2026-07-12,0.13333333333333333,0.08333333333333333,1.535714285714286,,,,2949.8486328125,8.906000256538391,,,20.439536047801035,DILLY_PEARSA1 @DILLY||LN||DILLY_PEARSA1||1 [DILLY: 69 KV -PEARSAL1: 69 KV ] CONT:SMOOPEA8
OLNEY:69KV-GRAHM:69KV|DGRMGRS8,2,22,3,330.6300048828125,456.15200424194336,330.6300048828125,5441.786608874798,24,2026-07-04,0.13333333333333333,0.36666666666666664,0.38053097345132747,4.0,5.465000152587891,17.800000190734863,81.18399810791016,5360.602610766888,,,20.395505828478843,6830__C [OLNEY: 69 KV -GRAHM: 69 KV ] CONT:DGRMGRS8
WLY:345KV-WAP:345KV|DOASSEB5,4,34,29,14.359999656677246,164.22200068831444,74.71385192871094,1346.848829349503,38,2026-06-30,0.26666666666666666,0.5666666666666667,0.47976878612716767,,,,107.99499970674515,1238.8538296427578,,,20.35506909758916,WAPWLY72_A [WLY: 345 KV -WAP: 345 KV ] CONT:DOASSEB5
SAMSW:345KV-VENSW:345KV|DTHSFBR5,2,9,4,39.24599838256836,82.8839979171753,72.51599884033203,1180.0049994289875,11,2026-07-01,0.13333333333333333,0.15,0.8958333333333334,2.0,37.80400085449219,39.70300081372261,220.08599638938904,959.9190030395985,,,20.318343419804886, 35055__A [ SAMSW: 345 KV - VENSW: 345 KV ] CONT:DTHSFBR5
SOLSTICE:138KV-SOLSTICE:138KV|STARLEO8,3,3,4,42.59290313720703,92.55523777008057,89.39228820800781,278.2373946905136,6,2026-07-08,0.2,0.05,3.5,,,,49.962334632873535,228.27506005764008,,,20.26837536799016,SOLSTICE TRANSF PST1||XF||PST1||PST1 [SOLSTICE: 138 KV -SOLSTICE: 138 KV ] CONT:STARLEO8
CASL_GAP:138KV-CASTIL:138KV|BASE,4,10,13,3.7170000076293945,16.272000022232533,3.7170000076293945,34.48000011406839,14,2026-07-05,0.26666666666666666,0.16666666666666666,1.5660377358490567,3.0,3.999000072479248,20.308000035583973,14.735000051558018,19.74500006251037,,,20.226717199370846, 634T634_1 [ CASL_GAP: 138 KV - CASTIL: 138 KV ] CONT:BASE CASE
PALACIOS:69KV-BLESSING:69KV|SP_LNCA9,4,7,19,10.710000038146973,48.499999944120646,10.710000038146973,130.5049996552989,11,2026-07-12,0.26666666666666666,0.11666666666666667,2.1842105263157894,,,,46.59899957757443,83.90600007772446,,,20.224680968083714, BLESSI_PALACI1_1 [ PALACIOS: 69 KV - BLESSING: 69 KV ] CONT:SP_LNCA9
LAKENASW:69KV-SAMATHIS:69KV|DNOESGT5,2,1,6,414.1440124511719,1212.5440216064453,695.052978515625,1907.5970001220703,3,2026-06-16,0.13333333333333333,0.016666666666666666,5.375000000000001,,,,0.0,1907.5970001220703,,,20.20910272473758, LAKENA_SAMATH1_1 [ LAKENASW: 69 KV - SAMATHIS: 69 KV ] CONT:DNOESGT5
NEDIN:138KV-NEDIN:138.1KV|BASE,5,21,34,0.9580000042915344,15.953000103589147,16.420000076293945,458.2329987983685,26,2026-07-06,0.3333333333333333,0.35,0.9537037037037037,30.0,5.9770002365112305,45.58599990629591,0.11500000301748514,458.117998795351,,,20.177788812706325, NEDIN_SERDEV5_1 [ NEDIN: 138 KV - NEDIN: 138.1 KV ] CONT:BASE CASE
WOLFCAMP:138KV-SANTARIT:138KV|DBIGSCH5,2,6,6,324.537353515625,1040.5423259735107,324.537353515625,1860.8257179260254,8,2026-06-08,0.13333333333333333,0.1,1.303030303030303,1.0,23.05255126953125,23.05255126953125,0.0,1860.8257179260254,,,20.10560525824645,SANTAR_WOLFCA1_1 [WOLFCAMP: 138 KV -SANTARIT: 138 KV ] CONT:DBIGSCH5
MADDUX:138KV-SANTIAGO:138KV|DBAKCED5,3,3,4,3.306999921798706,5.848999977111816,3.306999921798706,20.523000180721283,6,2026-07-14,0.2,0.05,3.5,16.0,18.437999725341797,84.819999685511,18.81000018119812,1.7129999995231628,,,20.090278397931534, MADDUX_SANTIA1_1 [ MADDUX: 138 KV - SANTIAGO: 138 KV ] CONT:DBAKCED5
BRONCO:69KV-BELDTAP:69KV|SBROALP9,7,31,29,1.4839999675750732,5.190999974845909,5.001999855041504,26.1789998752065,38,2026-07-10,0.4666666666666667,0.5166666666666667,0.9050632911392404,,,,5.491999910213053,20.686999964993447,,,20.07111860274331, BELDTA_BRONCO1_A [ BRONCO: 69 KV - BELDTAP: 69 KV ] CONT:SBROALP9
FURHMAN:138KV-VANBLTSS:138KV|SFURMOU8,5,4,5,1.9789999723434448,6.127999991178513,1.9789999723434448,12.565000027418137,9,2026-07-12,0.3333333333333333,0.06666666666666667,4.478260869565218,,,,12.565000027418137,0.0,,,20.004028817562478, FURHMAN_VANDB_1 [ FURHMAN: 138 KV - VANBLTSS: 138 KV ] CONT:SFURMOU8
BEVO:138KV-DIMMIT:138KV|SASPUVA8,3,1,16,17.393999099731445,79.73699828982353,17.393999099731445,81.5299982726574,4,2026-07-12,0.2,0.016666666666666666,7.875000000000001,,,,2.154000014066696,79.3759982585907,,,19.998014031707385, 463T463_1 [ BEVO: 138 KV - DIMMIT: 138 KV ] CONT:SASPUVA8
TINSLEY:138KV-CTHR:138KV|SBRAHAM8,2,0,10,8.868000030517578,30.773999899625778,8.868000030517578,30.773999899625778,2,2026-07-13,0.13333333333333333,0.0,14.333333333333334,,,,30.773999899625778,0.0,,,19.972046093275317, CTHR_TINSLE1_1 [ TINSLEY: 138 KV - CTHR: 138 KV ] CONT:SBRAHAM8
ATKINS:138KV-ATKINS:69KV|XEAS389,5,16,22,2.188999891281128,33.84699981799349,3.1589999198913574,109.6049996712245,21,2026-07-08,0.3333333333333333,0.26666666666666666,1.2409638554216866,5.0,2.0889999866485596,4.588999956846237,0.9430000125430524,108.66199965868145,,,19.966144020550836, ATKINS_FMR1 [ ATKINS: 138 KV - ATKINS: 69 KV ] CONT:XEAS389
EL_CAMPO:138KV-RICEBI:138KV|DVANEDN8,2,0,3,3.63100004196167,4.333000034093857,3.63100004196167,4.333000034093857,2,2026-07-08,0.13333333333333333,0.0,14.333333333333334,19.0,4.8470001220703125,50.436999797821045,4.333000034093857,0.0,,,19.896751437913547, 589T589_1 [ EL_CAMPO: 138 KV - RICEBI: 138 KV ] CONT:DVANEDN8
NACPW:138KV-GRDSW:138KV|BASE,5,4,10,3.760999917984009,7.182999960612506,3.760999917984009,12.097999923396856,9,2026-07-14,0.3333333333333333,0.06666666666666667,4.478260869565218,,,,7.916999958921224,4.180999964475632,,,19.896420985074318, NAC_L1_1 [ NACPW: 138 KV - GRDSW: 138 KV ] CONT:BASE CASE
TWINBU:138KV-HARGROVE:138KV|SWOLPAL8,2,5,2,2.015000104904175,2.176000103354454,23.917999267578125,118.07299970090389,7,2026-07-14,0.13333333333333333,0.08333333333333333,1.535714285714286,27.0,208.47900390625,2259.6250062123872,100.25599990785122,17.816999793052673,,,19.71149554187868, HARGRO_TWINBU1_1 [ TWINBU: 138 KV - HARGROVE: 138 KV ] CONT:SWOLPAL8
KENDAL:138KV-KERRST:138KV|SCOMKEN8,2,18,9,68.45899963378906,309.0540027618408,398.7449951171875,7088.514048099518,20,2026-07-10,0.13333333333333333,0.3,0.4623655913978495,,,,2760.366012573242,4328.148035526276,,,19.68789648116962, 115T123_1 [ KENDAL: 138 KV - KERRST: 138 KV ] CONT:SCOMKEN8
CALALS:69KV-BANQUETE:69KV|SSTAALI9,4,13,5,2.9760000705718994,6.235000044107437,10.651000022888184,48.12899975478649,17,2026-07-12,0.26666666666666666,0.21666666666666667,1.2205882352941175,3.0,22.597999572753906,43.25899946689606,25.50299960374832,22.62600015103817,,,19.609714112130153, 3023_1 [ CALALS: 69 KV - BANQUETE: 69 KV ] CONT:SSTAALI9
HEC:138KV-AZTECA:138KV|DMCOPHA8,2,7,15,22.95199966430664,153.17400059103966,116.41999816894531,792.5780014283955,9,2026-06-02,0.13333333333333333,0.11666666666666667,1.131578947368421,13.0,29.115055084228516,311.5760547397658,0.0,792.5780014283955,,,19.572559557402272,AZTECA_HEC1_1 [HEC: 138 KV -AZTECA: 138 KV ] CONT:DMCOPHA8
TWINBU:138KV-HARGROVE:138KV|DTWLCED5,1,3,2,35.33300018310547,47.73400020599365,35.33300018310547,102.99419069290161,4,2026-06-15,0.06666666666666667,0.05,1.2777777777777777,25.0,776.2282104492188,10218.935770645738,0.0,102.99419069290161,,,19.531261919496934, HARGRO_TWINBU1_1 [ TWINBU: 138 KV - HARGROVE: 138 KV ] CONT:DTWLCED5
SAMSW:345KV-FVLSW:345KV|DTHSFBR5,3,9,8,28.82900047302246,94.899001121521,54.50299835205078,672.0429985523224,12,2026-07-10,0.2,0.15,1.3125,,,,241.08299791812897,430.9600006341934,,,19.47689139568577,35045         @SAMSW||LN||35045||_A [SAMSW: 345 KV -FVLSW: 345 KV ] CONT:DTHSFBR5
CGRSW:138.1KV-SNYDR:138KV|SECRDMT8,3,8,4,2.062000036239624,5.447999954223633,3.88700008392334,31.6299998909235,11,2026-07-12,0.2,0.13333333333333333,1.4651162790697676,15.0,68.99600219726562,594.9210043884814,5.936999976634979,25.69299991428852,,,19.345132098497686, 6235__A [ CGRSW: 138.1 KV - SNYDR: 138 KV ] CONT:SECRDMT8
TYGND:1KV-TYGND:138.1KV|DELKDOR5,2,0,4,7.857999801635742,22.44000005722046,7.857999801635742,22.44000005722046,2,2026-07-03,0.13333333333333333,0.0,14.333333333333334,,,,22.44000005722046,0.0,,,19.287586249550362, TYGND_MR1L [ TYGND: 1 KV - TYGND: 138.1 KV ] CONT:DELKDOR5
MOORE:138KV-DOWNIES:138KV|SMIEUVA8,3,0,5,3.7809998989105225,11.266999959945679,3.7809998989105225,11.266999959945679,3,2026-07-12,0.2,0.0,21.0,,,,0.6460000276565552,10.620999932289124,,,19.267697492641247, 2585_1 [ MOORE: 138 KV - DOWNIES: 138 KV ] CONT:SMIEUVA8
FTST:138KV-LEONCRK:138KV|SLEOSGA8,6,4,8,0.3840000033378601,0.8790000025182962,0.3840000033378601,1.7980000167153776,10,2026-07-14,0.4,0.06666666666666667,5.347826086956522,,,,1.6450000125914812,0.15300000412389636,,,19.219950102547962, 138_FTS_LNC_1 [ FTST: 138 KV - LEONCRK: 138 KV ] CONT:SLEOSGA8
LNGSW:345KV-PRLSW:345KV|DBEANOR5,3,6,17,7.232999801635742,28.986999809741974,35.125999450683594,616.863997682929,9,2026-07-05,0.2,0.1,1.9090909090909092,,,,616.863997682929,0.0,,,19.12436908567988, 6965__A [ LNGSW: 345 KV - PRLSW: 345 KV ] CONT:DBEANOR5
NUECES_B:138KV-WHITE_PT:138KV|SWHILON5,3,10,9,66.38121032714844,237.1838140487671,66.38121032714844,595.0086888670921,13,2026-07-01,0.2,0.16666666666666666,1.188679245283019,,,,28.926000595092773,566.0826882719994,,,19.10850465367134,NUECES_WHITE_2_1 [NUECES_B: 138 KV -WHITE_PT: 138 KV ] CONT:SWHILON5
BCPSW:138KV-AZLES:138KV|SGRSJUN8,1,0,1,1140.79052734375,1140.79052734375,1140.79052734375,1140.79052734375,1,2026-06-16,0.06666666666666667,0.0,7.666666666666666,,,,0.0,1140.79052734375,,,19.038982168931362,6275_D        @BCPSW||LN||6275_D||_D [BCPSW: 138 KV -AZLES: 138 KV ] CONT:SGRSJUN8
CATARINA:138KV-ASHERTON:138KV|DLOFOAV5,3,3,3,160.43698120117188,162.45898127555847,160.43698120117188,167.05798131227493,6,2026-07-05,0.2,0.05,3.5,,,,2.0220000743865967,165.03598123788834,,,18.986514476397982, ASHERT_CATARI1_1 [ CATARINA: 138 KV - ASHERTON: 138 KV ] CONT:DLOFOAV5
FROWS:138KV-MCLSW:138KV|SMC2WEA8,2,8,14,1170.2415771484375,5365.332870483398,1170.2415771484375,10989.9889793396,10,2026-06-18,0.13333333333333333,0.13333333333333333,1.0,,,,0.0,10989.9889793396,,,18.961291635165075, 1025__B [ FROWS: 138 KV - MCLSW: 138 KV ] CONT:SMC2WEA8
HILLCTRY:345KV-CAGNON:345KV|DCALBRA5,3,1,4,0.33399999141693115,0.7449999898672104,1.1710000038146973,1.9159999936819077,4,2026-07-14,0.2,0.016666666666666666,7.875000000000001,8.0,34.83599853515625,137.0709985792637,1.3610000014305115,0.5549999922513962,,,18.956928810202754, R5_T5_1 [ HILLCTRY: 345 KV - CAGNON: 345 KV ] CONT:DCALBRA5
CORONA:138KV-CORONA:69KV|SCTEBUC9,4,3,6,2.2839999198913574,7.952999949455261,5.434999942779541,26.784000102430582,7,2026-07-07,0.26666666666666666,0.05,4.611111111111111,,,,26.784000102430582,0.0,,,18.9555745151913, CORONA_AT4 [ CORONA: 138 KV - CORONA: 69 KV ] CONT:SCTEBUC9
FBRSW:345KV-THSES:345KV|MBULSAM5,1,0,3,56.763999938964844,101.60300064086914,56.763999938964844,101.60300064086914,1,2026-07-01,0.06666666666666667,0.0,7.666666666666666,,,,101.60300064086914,0.0,,,18.89790389928323, 505__B [ FBRSW: 345 KV - THSES: 345 KV ] CONT:MBULSAM5
FREER:69KV-SAN_DIEG:69KV|DFOAVLO5,2,15,9,81.45700073242188,303.22100353240967,314.9150085449219,5926.97202372551,17,2026-07-03,0.13333333333333333,0.25,0.5512820512820513,,,,788.3180131316185,5138.654010593891,,,18.897253764179098, FREER_SAN_DI1_1 [ FREER: 69 KV - SAN_DIEG: 69 KV ] CONT:DFOAVLO5
ELKTN:138KV-TSLVL:138KV|MDHLYEK5,6,11,13,1.2230000495910645,4.11500003002584,1.9579999446868896,16.687999974936247,17,2026-07-11,0.4,0.18333333333333332,2.120689655172414,,,,2.8940000478178263,13.79399992711842,,,18.882005859491244, 1520__C [ ELKTN: 138 KV - TSLVL: 138 KV ] CONT:MDHLYEK5
ESTES:138KV-SOLANUM:138KV|DABPAB98,2,0,3,7.703000068664551,17.73799991607666,7.703000068664551,17.73799991607666,2,2026-07-04,0.13333333333333333,0.0,14.333333333333334,,,,17.73799991607666,0.0,,,18.783832795325946, ESTES_SOLANU1_1 [ ESTES: 138 KV - SOLANUM: 138 KV ] CONT:DABPAB98
TINSLEY:138KV-CTHR:138KV|SILLFTL8,3,2,6,7.820000171661377,16.41900037229061,16.63599967956543,62.656999334692955,5,2026-07-14,0.2,0.03333333333333333,4.846153846153847,,,,62.656999334692955,0.0,,,18.698826290980357, CTHR_TINSLE1_1 [ TINSLEY: 138 KV - CTHR: 138 KV ] CONT:SILLFTL8
CARVER:138KV-TINSLEY:138KV|SMAXFER8,3,19,8,8.887999534606934,38.77099925279617,20.243000030517578,360.81600105948746,22,2026-06-30,0.2,0.31666666666666665,0.6428571428571429,6.0,6.818999767303467,19.57499945908785,33.472000420093536,327.3440006393939,,,18.69320491563582, CARVER_TINSLE1_1 [ CARVER: 138 KV - TINSLEY: 138 KV ] CONT:SMAXFER8
MAXWELL:138KV-HAMILTON:138KV|SILLFTL8,4,33,5,2.809000015258789,6.567999973893166,32.52851486206055,725.745313713327,37,2026-07-10,0.26666666666666666,0.55,0.494047619047619,5.0,14.966267585754395,24.15426746569574,69.76500057429075,655.9803131390363,,,18.65991108655763, HAMILT_MAXWEL1_1 [ MAXWELL: 138 KV - HAMILTON: 138 KV ] CONT:SILLFTL8
LAKENASW:69KV-SAMATHIS:69KV|DBIGSCH5,1,0,1,854.89501953125,854.89501953125,854.89501953125,854.89501953125,1,2026-06-16,0.06666666666666667,0.0,7.666666666666666,,,,0.0,854.89501953125,,,18.606674339889462, LAKENA_SAMATH1_1 [ LAKENASW: 69 KV - SAMATHIS: 69 KV ] CONT:DBIGSCH5
LFSTW:138KV-DIBOL:138KV|BASE,6,34,44,1.7690000534057617,15.963000103831291,6.2270002365112305,97.15700016042683,40,2026-07-08,0.4,0.5666666666666667,0.7109826589595376,,,,1.6730000134557486,95.48400014697108,,,18.59515642257384, 1370__B [ LFSTW: 138 KV - DIBOL: 138 KV ] CONT:BASE CASE
LKWHITNY:138KV-WHTNY:138KV|SBOSWHT8,3,11,10,3.2839999198913574,8.658999882638454,18.79217529296875,284.25773375830613,14,2026-07-01,0.2,0.18333333333333332,1.0862068965517242,19.0,2.930999994277954,19.09499988821335,198.15969549119473,86.0980382671114,,,18.57892903866458, LKW_WHT_1 [ LKWHITNY: 138 KV - WHTNY: 138 KV ] CONT:SBOSWHT8
PCAKETNP:69KV-CORYELCO:69KV|SOLSTUR9,4,14,7,5.191999912261963,13.243999809026718,33.95100021362305,385.45399633049965,18,2026-07-11,0.26666666666666666,0.23333333333333334,1.136986301369863,,,,287.93299770355225,97.5209986269474,,,18.512339440848365, COR_PAN_1 [ PCAKETNP: 69 KV - CORYELCO: 69 KV ] CONT:SOLSTUR9
SAMSW:345KV-FVLSW:345KV|MDBHRSA5,2,0,5,5.927999973297119,15.532000243663788,5.927999973297119,15.532000243663788,2,2026-07-13,0.13333333333333333,0.0,14.333333333333334,,,,15.532000243663788,0.0,,,18.50200762408686, 35045__A [ SAMSW: 345 KV - FVLSW: 345 KV ] CONT:MDBHRSA5
MULBERRY:138.1KV-ABNTHWST:138.1KV|MXMUB58,3,4,10,10.329999923706055,30.07700002193451,12.175000190734863,88.1869999282062,7,2026-07-14,0.2,0.06666666666666667,2.7391304347826093,,,,88.1869999282062,0.0,,,18.479312701835088, ABNTHW_MULBER1_1 [ MULBERRY: 138.1 KV - ABNTHWST: 138.1 KV ] CONT:MXMUB58
EL_CAMPO:69KV-GARWCI:69KV|SNADRIC8,1,0,2,68.61900329589844,83.33100318908691,68.61900329589844,83.33100318908691,1,2026-07-07,0.06666666666666667,0.0,7.666666666666666,,,,83.33100318908691,0.0,,,18.456639279454826, 828T548_1 [ EL_CAMPO: 69 KV - GARWCI: 69 KV ] CONT:SNADRIC8
KNAPP:138KV-BCKSW:138KV|DMTSCOS5,3,20,5,20.025999069213867,30.666999101638794,102.55599975585938,939.9799970015883,23,2026-07-03,0.2,0.3333333333333333,0.6116504854368933,1.0,17.512451171875,17.512451171875,48.10999929904938,891.869997702539,,,18.453679592964484,6437__A [KNAPP: 138 KV -BCKSW: 138 KV ] CONT:DMTSCOS5
SAMSW:345KV-FVLSW:345KV|SHELBUL5,2,8,3,48.49840545654297,90.73328256607056,178.78831481933594,1557.7448657751083,10,2026-07-10,0.13333333333333333,0.13333333333333333,1.0,,,,1551.3550080060959,6.389857769012451,,,18.368415750276135,35045         @SAMSW||LN||35045||_A [SAMSW: 345 KV -FVLSW: 345 KV ] CONT:SHELBUL5
ELKTN:138KV-TSLVL:138KV|DMLSENT5,5,27,20,1.524999976158142,11.130000054836273,2.0969998836517334,113.78900027368218,32,2026-07-10,0.3333333333333333,0.45,0.7463768115942029,,,,48.58400018513203,65.20500008855015,,,18.343903489799686, 1520__C [ ELKTN: 138 KV - TSLVL: 138 KV ] CONT:DMLSENT5
OZONA:69KV-MIDW:69KV|DILLFR89,2,12,5,289.9460144042969,912.1580257415771,327.3699951171875,3738.414053440094,14,2026-07-12,0.13333333333333333,0.2,0.6825396825396826,,,,27.398000717163086,3711.016052722931,,,18.296015586724156, MIDW_OZONA1_1 [ OZONA: 69 KV - MIDW: 69 KV ] CONT:DILLFR89
RAYBURN:138.1KV-RAYBURN:69KV|SFURVAN8,3,4,3,22.5049991607666,37.99899911880493,22.5049991607666,54.536998987197876,7,2026-07-11,0.2,0.06666666666666667,2.7391304347826093,,,,41.20099902153015,13.335999965667725,,,18.258696134936287, RAYBURN_69_2 [ RAYBURN: 138.1 KV - RAYBURN: 69 KV ] CONT:SFURVAN8
LAKENASW:69KV-SAMATHIS:69KV|DBIGKEN5,1,0,2,54.542999267578125,75.80399894714355,54.542999267578125,75.80399894714355,1,2026-07-13,0.06666666666666667,0.0,7.666666666666666,,,,75.80399894714355,0.0,,,18.246280342010326, LAKENA_SAMATH1_1 [ LAKENASW: 69 KV - SAMATHIS: 69 KV ] CONT:DBIGKEN5
RIOHONDO:138KV-MV_RIOHO:138KV|MNEPAST5,2,12,16,23.224000930786133,136.87100246548653,38.25400161743164,476.61100373603404,14,2026-06-17,0.13333333333333333,0.2,0.6825396825396826,4.0,38.553001403808594,197.1640013717115,0.0,476.61100373603404,,,18.239485805643607, RIOHND_ERIOHND_1 [ RIOHONDO: 138 KV - MV_RIOHO: 138 KV ] CONT:MNEPAST5
SABNCRKT:138KV-SHELBY:138KV|SWALWLN8,4,4,7,2.0810000896453857,3.2200000677257776,2.0810000896453857,6.1940000001341105,8,2026-07-14,0.26666666666666666,0.06666666666666667,3.6086956521739135,4.0,0.8220000267028809,7.121000066399574,5.3490000162273645,0.8449999839067459,,,18.224263650228487, SABIN_SHELB_1 [ SABNCRKT: 138 KV - SHELBY: 138 KV ] CONT:SWALWLN8
FLGRV:138KV-HWPOD:138KV|SBSPBUZ8,2,2,6,6.958000183105469,21.364000348374248,6.958000183105469,26.81100025586784,4,2026-07-04,0.13333333333333333,0.03333333333333333,3.307692307692308,5.0,4.434999942779541,16.207999926060438,21.364000348374248,5.446999907493591,,,18.218349599658627, 6137__B [ FLGRV: 138 KV - HWPOD: 138 KV ] CONT:SBSPBUZ8
ABNTHWST:138.1KV-ABNTHWST:138KV|MXMUB58,4,4,11,0.8759999871253967,4.086000006645918,10.064000129699707,67.05300004407763,8,2026-07-14,0.26666666666666666,0.06666666666666667,3.6086956521739135,,,,67.05300004407763,0.0,,,18.188787247512376, ABNTHW_SERDEV1_1 [ ABNTHWST: 138.1 KV - ABNTHWST: 138 KV ] CONT:MXMUB58
COTULAS:69KV-HOLANDS:69KV|SLAQLOB8,4,17,10,3.0799999237060547,10.65899988077581,94.37999725341797,1416.764990111813,21,2026-07-08,0.26666666666666666,0.2833333333333333,0.9431818181818182,11.0,8.696000099182129,79.43000014871359,0.16200000047683716,1416.602990111336,,,18.177092068556203, COT_HOLA_1 [ COTULAS: 69 KV - HOLANDS: 69 KV ] CONT:SLAQLOB8
TMPSW:345KV-TMPCR:345KV|STMPTMP5,3,3,9,9.064000129699707,22.339000046253204,15.68408203125,50.024487018585205,6,2026-07-14,0.2,0.05,3.5,,,,48.83548703789711,1.188999980688095,,,18.16896635589555,300_A         @TMPCR||LN||300_A||_A [TMPSW: 345 KV -TMPCR: 345 KV ] CONT:STMPTMP5
NUECES_B:138KV-WHITE_PT:138KV|SPELWHI8,3,4,10,10.425000190734863,45.96500015258789,10.631999969482422,83.97799956798553,7,2026-07-12,0.2,0.06666666666666667,2.7391304347826093,,,,24.664999961853027,59.31299960613251,,,18.164509356910692, NUECES_WHITE_2_1 [ NUECES_B: 138 KV - WHITE_PT: 138 KV ] CONT:SPELWHI8
SPUR:138KV-SPUR:69KV|SSPUASP8,3,19,10,1.5449999570846558,6.37099988758564,85.93780517578125,354.09726792760193,22,2026-07-09,0.2,0.31666666666666665,0.6428571428571429,3.0,100.06450653076172,144.59969201683998,35.476999716833234,318.6202682107687,,,18.164013167782077, SPUR_69_1 [ SPUR: 138 KV - SPUR: 69 KV ] CONT:SSPUASP8
LAKENASW:69KV-SAMATHIS:69KV|DTWLCED5,2,3,5,339.0119934082031,1063.9620101451874,866.197021484375,3824.126744031906,5,2026-06-16,0.13333333333333333,0.05,2.388888888888889,,,,0.0,3824.126744031906,,,18.117547928254613, LAKENA_SAMATH1_1 [ LAKENASW: 69 KV - SAMATHIS: 69 KV ] CONT:DTWLCED5
BANDER:138KV-BANDER:69KV|XBAN89,4,17,9,9.307999610900879,23.77799990773201,27.482999801635742,165.55099945887923,21,2026-07-12,0.26666666666666666,0.2833333333333333,0.9431818181818182,,,,81.13100002706051,84.41999943181872,,,18.11415111489771, BANDER_AT3 [ BANDER: 138 KV - BANDER: 69 KV ] CONT:XBAN89
SCRCV:138KV-KNAPP:138KV|XWLV258,3,10,11,9.345000267028809,41.79800072312355,9.345000267028809,64.29900079360232,13,2026-06-19,0.2,0.16666666666666666,1.188679245283019,12.0,8.11400032043457,58.30500088259578,0.0,64.29900079360232,,,18.067325551156518, 6437__F [ SCRCV: 138 KV - KNAPP: 138 KV ] CONT:XWLV258
SCRCV:138KV-KNAPP:138KV|SWLVW_F5,3,11,11,15.27400016784668,50.94000068306923,15.27400016784668,83.08000069251284,14,2026-06-19,0.2,0.18333333333333332,1.0862068965517242,10.0,8.11400032043457,49.631000857800245,0.0,83.08000069251284,,,18.0557404880942, 6437__F [ SCRCV: 138 KV - KNAPP: 138 KV ] CONT:SWLVW_F5
KENDAL:345KV-BERGHE:345KV|DBAKCED5,2,6,7,27.2549991607666,118.15599769353867,27.2549991607666,327.6869989037514,8,2026-07-10,0.13333333333333333,0.1,1.303030303030303,,,,327.6869989037514,0.0,,,18.019657090988346, 656T656_1 [ KENDAL: 345 KV - BERGHE: 345 KV ] CONT:DBAKCED5
SGRSW:345KV-JEWET:345KV|MBULSAM5,1,0,3,31.858999252319336,67.74699974060059,31.858999252319336,67.74699974060059,1,2026-07-01,0.06666666666666667,0.0,7.666666666666666,,,,67.74699974060059,0.0,,,17.99692721283995, 235__A [ SGRSW: 345 KV - JEWET: 345 KV ] CONT:MBULSAM5
LENSW:138KV-PUTN:138KV|SFLTLNG8,4,13,9,3.4730000495910645,10.647999867796898,10.914999961853027,62.18399986787699,17,2026-07-08,0.26666666666666666,0.21666666666666667,1.2205882352941175,4.0,5.598999977111816,43.56700003147125,0.13300000131130219,62.05099986656569,,,17.966663528025137, LENSW_PUTN2_1 [ LENSW: 138 KV - PUTN: 138 KV ] CONT:SFLTLNG8
GARZA:138KV-GARZA:1KV|SLISBAT8,3,8,7,5.775000095367432,12.791000314056873,120.75299072265625,1299.8346395790577,11,2026-07-09,0.2,0.13333333333333333,1.4651162790697676,,,,1196.6832883358002,103.15135124325752,,,17.958849560197045, GARZA_XF1H [ GARZA: 138 KV - GARZA: 1 KV ] CONT:SLISBAT8
HHGT:345KV-OMEGA:345KV|BASE,1,24,7,64.32231140136719,431.2754707336426,78.137451171875,11506.221594333649,25,2026-06-30,0.06666666666666667,0.4,0.18699186991869915,,,,4584.454420566559,6921.76717376709,,,17.940844739678752,HHGTOM_1 [HHGT: 345 KV -OMEGA: 345 KV ] CONT:BASE CASE
NSTAR:138KV-LKARH:138KV|DRILKRW5,2,11,6,95.86100006103516,304.8780002593994,159.99899291992188,2006.9525997042656,13,2026-07-01,0.13333333333333333,0.18333333333333332,0.7413793103448276,,,,136.28899765014648,1870.663602054119,,,17.940378146557197, 6085__B [ NSTAR: 138 KV - LKARH: 138 KV ] CONT:DRILKRW5
DOWNIES:138KV-READING:138KV|SDRYMIE8,3,1,6,3.6510000228881836,10.675999939441681,3.6510000228881836,13.074999868869781,4,2026-07-13,0.2,0.016666666666666666,7.875000000000001,,,,7.70799994468689,5.366999924182892,,,17.85919978055763, DOWNIE_READIN1_1 [ DOWNIES: 138 KV - READING: 138 KV ] CONT:SDRYMIE8
PILONCIL:138KV-NLARSW:138KV|DRAZSA89,3,6,8,6.269999980926514,26.90999972820282,9.031000137329102,118.3429993391037,9,2026-07-09,0.2,0.1,1.9090909090909092,,,,117.31199932098389,1.031000018119812,,,17.77699334456285, NLARSW_PILONC1_1 [ PILONCIL: 138 KV - NLARSW: 138 KV ] CONT:DRAZSA89
MAXWELL:138KV-HAMILTON:138KV|SBRAHAM8,2,0,4,4.244999885559082,10.865999907255173,4.244999885559082,10.865999907255173,2,2026-07-06,0.13333333333333333,0.0,14.333333333333334,,,,10.865999907255173,0.0,,,17.75586093350894, HAMILT_MAXWEL1_1 [ MAXWELL: 138 KV - HAMILTON: 138 KV ] CONT:SBRAHAM8
ABNTHWST:138KV-ABNTHWST:138.1KV|MXMUB58,4,18,12,3.128000020980835,14.304999770596623,14.281000137329102,391.1759999366477,22,2026-07-01,0.26666666666666666,0.3,0.8924731182795699,,,,144.6210002526641,246.55499968398362,,,17.74167836016755, ABNTHW_SERDEV1_1 [ ABNTHWST: 138 KV - ABNTHWST: 138.1 KV ] CONT:MXMUB58
GARZA:138KV-GARZA:1KV|SGA2ROM8,3,11,14,8.821000099182129,27.33800021559,40.500999450683594,417.3018586188555,14,2026-07-09,0.2,0.18333333333333332,1.0862068965517242,,,,395.73099924623966,21.570859372615814,,,17.709791957221434, GARZA_XF1H [ GARZA: 138 KV - GARZA: 1 KV ] CONT:SGA2ROM8
CMNSW:138KV-CMNTP:138KV|SSTNFUL8,2,0,3,9.432999610900879,10.304999634623528,9.432999610900879,10.304999634623528,2,2026-07-04,0.13333333333333333,0.0,14.333333333333334,,,,10.304999634623528,0.0,,,17.64688873863553, 651__B [ CMNSW: 138 KV - CMNTP: 138 KV ] CONT:SSTNFUL8
CASSAVA:69KV-BARNHCV:69KV|SESMFRI8,4,10,8,7.251999855041504,21.679999947547913,40.474998474121094,241.21699857711792,14,2026-07-07,0.26666666666666666,0.16666666666666666,1.5660377358490567,,,,14.428000092506409,226.7889984846115,,,17.561452166128557, BARNHC_CASSAV1_1 [ CASSAVA: 69 KV - BARNHCV: 69 KV ] CONT:SESMFRI8
WC:138KV-WCOLMAIN:138KV|SWCOW2C8,4,3,5,4.179989814758301,5.056948972865939,4.179989814758301,8.454768896102905,7,2026-07-13,0.26666666666666666,0.05,4.611111111111111,,,,8.454768896102905,0.0,,,17.56094502652478,_WC_WCO_1 [WC: 138 KV -WCOLMAIN: 138 KV ] CONT:SWCOW2C8
CHERRTAP:69KV-CHERRYCR:69KV|BASE,4,9,13,1.8990000486373901,11.398000037297606,3.8980000019073486,33.67000025045127,13,2026-07-03,0.26666666666666666,0.15,1.7291666666666667,5.0,0.8740000128746033,1.5000000121071935,10.497999996878207,23.17200025357306,,,17.536212262226133, CHERRT_CHERRY1_1 [ CHERRTAP: 69 KV - CHERRYCR: 69 KV ] CONT:BASE CASE
BRONCO:69KV-ALPINE:69KV|XFTS89,4,21,17,2.4638333320617676,11.676418389892206,2.4638333320617676,17.274460034444928,25,2026-07-05,0.26666666666666666,0.35,0.7685185185185186,3.0,11.33531379699707,16.640830783173442,3.583418369293213,13.691041665151715,,,17.532091736834758, ALPINE_BRONCO1_1 [ BRONCO: 69 KV - ALPINE: 69 KV ] CONT:XFTS89
SANA:138KV-SANA:69KV|XBAL89,2,9,4,19.888999938964844,30.293999910354614,50.4900016784668,364.80100039672107,11,2026-07-11,0.13333333333333333,0.15,0.8958333333333334,1.0,7.684999942779541,7.684999942779541,294.94100069999695,69.85999969672412,,,17.513332538827388, SANA_FMR1 [ SANA: 138 KV - SANA: 69 KV ] CONT:XBAL89
NEWMAN:138KV-WALNUT1:138KV|SSHIMCC8,2,9,13,455.6940002441406,2273.164025068283,455.6940002441406,6091.570994913578,11,2026-06-03,0.13333333333333333,0.15,0.8958333333333334,,,,0.0,6091.570994913578,,,17.513027190345998, NEWM_WAL_1 [ NEWMAN: 138 KV - WALNUT1: 138 KV ] CONT:SSHIMCC8
SGRSW:345KV-JEWET:345KV|SHELBUL5,1,0,3,39.46086883544922,54.300506591796875,39.46086883544922,54.300506591796875,1,2026-07-01,0.06666666666666667,0.0,7.666666666666666,,,,54.300506591796875,0.0,,,17.50721240393633,235__A [SGRSW: 345 KV -JEWET: 345 KV ] CONT:SHELBUL5
WDDSW:345KV-MNSES:345KV|DVLSPAC5,2,4,6,4.296000003814697,9.93699997663498,12.513545036315918,68.7872644662857,6,2026-07-09,0.13333333333333333,0.06666666666666667,1.8695652173913047,26.0,4.0920000076293945,34.37100000772625,68.7872644662857,0.0,,,17.500689806913883, 389__A [ WDDSW: 345 KV - MNSES: 345 KV ] CONT:DVLSPAC5
BIG_FOOT:138KV-PLEASANT:138KV|SD1Z18,1,0,3,36.71200180053711,54.04800093173981,36.71200180053711,54.04800093173981,1,2026-07-01,0.06666666666666667,0.0,7.666666666666666,,,,54.04800093173981,0.0,,,17.49691523291891, BIG_FO_PLEASA1_1 [ BIG_FOOT: 138 KV - PLEASANT: 138 KV ] CONT:SD1Z18
MADDUX:138KV-TREADWEL:138KV|SFORGIL8,2,0,2,0.6710000038146973,0.7510000020265579,0.6710000038146973,0.7510000020265579,2,2026-07-13,0.13333333333333333,0.0,14.333333333333334,4.0,17.062999725341797,52.527998976409435,0.7510000020265579,0.0,,,17.430713058358393, MADDUX_TREADW1_1 [ MADDUX: 138 KV - TREADWEL: 138 KV ] CONT:SFORGIL8
PALODURO:138KV-DILLEYSW:138KV|SMOOPEA8,3,21,19,20.843000411987305,122.35888425260782,29.04599952697754,537.0647606700659,24,2026-07-09,0.2,0.35,0.5833333333333334,,,,42.46200030297041,494.60276036709547,,,17.430159035880532, PALDRO_DILLEY_1 [ PALODURO: 138 KV - DILLEYSW: 138 KV ] CONT:SMOOPEA8
SNDSW:1KV-SNDSW:138KV|MSNDWEY5,3,5,7,10.597000122070312,25.56700037419796,14.057000160217285,88.30399976670742,8,2026-07-05,0.2,0.08333333333333333,2.2500000000000004,,,,49.367000222206116,38.936999544501305,,,17.394971928654304, SNDSW_MR1L [ SNDSW: 1 KV - SNDSW: 138 KV ] CONT:MSNDWEY5
SPUR:138KV-SPUR:69KV|XPAD89,4,4,25,0.8849999904632568,6.296999994665384,1.444000005722046,12.414000038057566,8,2026-07-14,0.26666666666666666,0.06666666666666667,3.6086956521739135,,,,10.304000023752451,2.1100000143051147,,,17.383897076239975, SPUR_69_1 [ SPUR: 138 KV - SPUR: 69 KV ] CONT:XPAD89
MV_RIOHO:138KV-RIOHONDO:138KV|SMV_PAR8,3,5,13,11.755000114440918,28.392000220716,11.755000114440918,78.84999998472631,8,2026-07-03,0.2,0.08333333333333333,2.2500000000000004,1.0,1.7920000553131104,5.179000124335289,2.3739999532699585,76.47600003145635,,,17.340279486904556, RIOHND_ERIOHND_1 [ MV_RIOHO: 138 KV - RIOHONDO: 138 KV ] CONT:SMV_PAR8
WLY:345KV-WAP:345KV|SWLFWAP5,3,16,11,9.817000389099121,43.59200036525726,20.53499984741211,442.8660028874874,19,2026-06-28,0.2,0.26666666666666666,0.7590361445783134,,,,180.62800180912018,262.23800107836723,,,17.292100247079627,WAPWLY72_A [WLY: 345 KV -WAP: 345 KV ] CONT:SWLFWAP5
BANDER:138KV-BANDER:69KV|XBA2N89,4,9,9,4.613999843597412,25.31400002539158,59.869998931884766,193.2310008853674,13,2026-07-12,0.26666666666666666,0.15,1.7291666666666667,,,,5.170999988913536,188.06000089645386,,,17.282036286899462,BANDER_5AT2 [BANDER: 138 KV -BANDER: 69 KV ] CONT:XBA2N89
WHTNY:69KV-WND:69KV|DVENFTS5,3,2,6,0.47200000286102295,1.6229999884963036,0.4819999933242798,3.1539999917149544,5,2026-07-06,0.2,0.03333333333333333,4.846153846153847,27.0,2.5290000438690186,61.33400023309514,0.5140000022947788,2.6399999894201756,,,17.18740338767706, 100027_D_1 [ WHTNY: 69 KV - WND: 69 KV ] CONT:DVENFTS5
SNDSW:1KV-SNDSW:138KV|MWCRSD58,2,11,7,17.697999954223633,61.44400042295456,122.8010025024414,1449.6359967403114,13,2026-07-05,0.13333333333333333,0.18333333333333332,0.7413793103448276,,,,1092.179997086525,357.4559996537864,,,17.11307237891672, SNDSW_MR1L [ SNDSW: 1 KV - SNDSW: 138 KV ] CONT:MWCRSD58
DENTSW:69KV-DENT_RD:69KV|SNEVSHE8,2,0,5,3.0230000019073486,6.119000047445297,3.0230000019073486,6.119000047445297,2,2026-07-04,0.13333333333333333,0.0,14.333333333333334,1.0,0.6389999985694885,0.6389999985694885,6.119000047445297,0.0,,,17.100399986121115, DENT1_DENTSW_1 [ DENTSW: 69 KV - DENT_RD: 69 KV ] CONT:SNEVSHE8
STER:69KV-STCO:69KV|DNOESGT5,1,1,3,25.031999588012695,37.19700002670288,56.763999938964844,93.96099996566772,2,2026-06-15,0.06666666666666667,0.016666666666666666,2.875,2.0,162.8820037841797,262.04800152778625,0.0,93.96099996566772,,,17.100108988048937, STCO_STER1_1 [ STER: 69 KV - STCO: 69 KV ] CONT:DNOESGT5
BCKSW:138KV-CGRSW:138KV|DSCOTKW5,1,26,5,558.0372314453125,1533.7871837615967,1461.490966796875,32428.197278134525,27,2026-07-09,0.06666666666666667,0.43333333333333335,0.17293233082706766,,,,111.40656309574842,32316.790715038776,,,17.02433289366165,6215          @BCKSW||LN|| 6215||_A [BCKSW: 138 KV -CGRSW: 138 KV ] CONT:DSCOTKW5
BLESSING:69KV-PALACIOS:69KV|SP_LNCA9,4,24,39,3.1670000553131104,35.958000123500824,6.609000205993652,123.89699976891279,28,2026-07-05,0.26666666666666666,0.4,0.6747967479674797,,,,14.571000006049871,109.32599976286292,,,17.020806302082686, BLESSI_PALACI1_1 [ BLESSING: 69 KV - PALACIOS: 69 KV ] CONT:SP_LNCA9
SARDIS:138KV-WXHNW:138KV|XVE2N58,2,2,4,5.5289998054504395,12.76200008392334,5.5289998054504395,16.987000055611134,4,2026-07-07,0.13333333333333333,0.03333333333333333,3.307692307692308,2.0,3.5959999561309814,14.471000000834465,12.76200008392334,4.224999971687794,,,17.019474451588287, 950__B [ SARDIS: 138 KV - WXHNW: 138 KV ] CONT:XVE2N58
GARNET:138KV-FTCHADBT:138KV|SGARBAL8,4,16,11,6.710999965667725,37.1260002553463,21.988000869750977,426.97400108911097,20,2026-07-04,0.26666666666666666,0.26666666666666666,1.0,,,,5.577000200748444,421.3970008883625,,,16.95347030649517, FTCHAD_GARNET1_1 [ GARNET: 138 KV - FTCHADBT: 138 KV ] CONT:SGARBAL8
MDO:345KV-PHR:345KV|DTHWZEN5,3,12,5,9.527000427246094,28.157000303268433,69.81999969482422,474.9140048325062,15,2026-07-04,0.2,0.2,1.0,,,,152.0500017106533,322.8640031218529,,,16.911557596492216, MDOPHR99_A [ MDO: 345 KV - PHR: 345 KV ] CONT:DTHWZEN5
FORTMA:138KV-YELWJCKT:138KV|DBAKCED5,2,5,8,32.04899978637695,53.29200002551079,117.14299774169922,251.84000094234943,7,2026-07-14,0.13333333333333333,0.08333333333333333,1.535714285714286,,,,240.83100087940693,11.009000062942505,,,16.899170785002568, FORTMA_YELWJC1_1 [ FORTMA: 138 KV - YELWJCKT: 138 KV ] CONT:DBAKCED5
PUTN:138KV-LENSW:138KV|DSTVSTN8,4,8,9,9.597999572753906,12.072999592870474,15.20300006866455,84.78099963150453,12,2026-07-14,0.26666666666666666,0.13333333333333333,1.9302325581395348,,,,10.187999565154314,74.59300006635021,,,16.892200181283584, LENSW_PUTN2_1 [ PUTN: 138 KV - LENSW: 138 KV ] CONT:DSTVSTN8
RACHAL:138KV-FALFUR:138KV|DLOBCEN5,2,11,5,80.8290023803711,214.80200564861298,80.8290023803711,519.881007194519,13,2026-06-24,0.13333333333333333,0.18333333333333332,0.7413793103448276,,,,65.98399925231934,453.8970079421997,,,16.87891486938455,FALFUR_RACHAL1_1 [RACHAL: 138 KV -FALFUR: 138 KV ] CONT:DLOBCEN5
FBRSW:345KV-THSES:345KV|SHELBUL5,1,0,2,30.19700050354004,39.33800029754639,30.19700050354004,39.33800029754639,1,2026-07-01,0.06666666666666667,0.0,7.666666666666666,,,,39.33800029754639,0.0,,,16.797364158265506, 505__B [ FBRSW: 345 KV - THSES: 345 KV ] CONT:SHELBUL5
CARVER:138KV-TINSLEY:138KV|SBRAHAM8,2,1,4,3.7730000019073486,6.192999930121005,3.7730000019073486,6.887999922968447,3,2026-07-06,0.13333333333333333,0.016666666666666666,5.375000000000001,10.0,6.320000171661377,70.49100036919117,0.007000000216066837,6.88099992275238,,,16.791618038167687, CARVER_TINSLE1_1 [ CARVER: 138 KV - TINSLEY: 138 KV ] CONT:SBRAHAM8
S_BATES:69KV-BATESVL:69KV|SBATPAL8,1,0,2,25.259000778198242,38.65800094604492,25.259000778198242,38.65800094604492,1,2026-07-13,0.06666666666666667,0.0,7.666666666666666,,,,38.65800094604492,0.0,,,16.759111361381432, S_B_BATE_1 [ S_BATES: 69 KV - BATESVL: 69 KV ] CONT:SBATPAL8
FRONTERA:138KV-GOODWIN:138KV|DPRNPOM5,3,3,3,23.03700065612793,26.223000645637512,23.03700065612793,37.55600023269653,6,2026-06-19,0.2,0.05,3.5,2.0,1.7359999418258667,2.3719999194145203,0.0,37.55600023269653,,,16.68383154848832, 904T485_1 [ FRONTERA: 138 KV - GOODWIN: 138 KV ] CONT:DPRNPOM5
SALEM:138KV-HIGH36:138KV|SBRESAL8,1,6,5,112.63700103759766,275.4589982032776,112.63700103759766,587.2203569412231,7,2026-07-10,0.06666666666666667,0.1,0.6969696969696969,,,,491.4029974937439,95.81735944747925,,,16.669099281219363, 105T105_1 [ SALEM: 138 KV - HIGH36: 138 KV ] CONT:SBRESAL8
PGE:69KV-TMPTV:69KV|DFRYBC58,1,1,5,357.60101318359375,1121.4339981079102,357.60101318359375,1710.3099975585938,2,2026-06-23,0.06666666666666667,0.016666666666666666,2.875,,,,0.0,1710.3099975585938,,,16.598519216727954,2395_B        @PGE||LN||2395_B||_B [PGE: 69 KV -TMPTV: 69 KV ] CONT:DFRYBC58
MASN:69KV-KATEMCY:69KV|SFORYEL8,3,5,6,2.617000102996826,6.893000066280365,3.380000114440918,26.418999940156937,8,2026-07-14,0.2,0.08333333333333333,2.2500000000000004,2.0,3.072999954223633,9.578000009059906,7.440999984741211,18.977999955415726,,,16.59353139860606,KATEMC_MASN1_1 [MASN: 69 KV -KATEMCY: 69 KV ] CONT:SFORYEL8
PUTN:138KV-LENSW:138KV|DBIGKEN5,4,15,6,7.313000202178955,16.50800035893917,28.854999542236328,334.25900100474246,19,2026-07-04,0.26666666666666666,0.25,1.064102564102564,,,,15.606000006198883,318.6530009985436,,,16.57539658178959, LENSW_PUTN2_1 [ PUTN: 138 KV - LENSW: 138 KV ] CONT:DBIGKEN5
SOLSTICE:138KV-FTST:138KV|BASE,4,19,7,0.22499999403953552,0.661000001244247,2.009999990463257,15.401999957044609,23,2026-07-10,0.26666666666666666,0.31666666666666665,0.8469387755102041,15.0,14.00100040435791,161.38200013153255,2.1569999877829105,13.244999969261698,,,16.553886644091904, FTST_SOLSTI1_1 [ SOLSTICE: 138 KV - FTST: 138 KV ] CONT:BASE CASE
LNGSW:345KV-PRLSW:345KV|MCATPRL5,3,23,3,16.732999801635742,28.228999853134155,157.22943115234375,1446.1567742228508,26,2026-06-30,0.2,0.38333333333333336,0.5338983050847458,,,,259.96208998560905,1186.1946842372417,,,16.519460624287262, 6965__A [ LNGSW: 345 KV - PRLSW: 345 KV ] CONT:MCATPRL5
PSA:138KV-BCV:138KV|SCSDNK8,1,0,4,101.12557983398438,209.839262008667,101.12557983398438,209.839262008667,1,2026-06-19,0.06666666666666667,0.0,7.666666666666666,,,,0.0,209.839262008667,,,16.505096825666232,BCVPSA03_A [PSA: 138 KV -BCV: 138 KV ] CONT:SCSDNK8
SGRSW:345KV-JEWET:345KV|MBULNAV5,1,0,2,18.749000549316406,34.05400085449219,18.749000549316406,34.05400085449219,1,2026-07-01,0.06666666666666667,0.0,7.666666666666666,,,,34.05400085449219,0.0,,,16.48145469462185, 235__A [ SGRSW: 345 KV - JEWET: 345 KV ] CONT:MBULNAV5
NLARSW:138KV-PILONCIL:138KV|DLOFOAV5,3,34,9,13.373000144958496,52.43700063228607,34.40299987792969,755.0881708478555,37,2026-07-14,0.2,0.5666666666666667,0.3641618497109827,,,,114.40199993550777,640.6861709123477,,,16.460691997514754, NLARSW_PILONC1_1 [ NLARSW: 138 KV - PILONCIL: 138 KV ] CONT:DLOFOAV5
RGRSW:138KV-SUNSW:138KV|DDMTBCK8,1,2,3,2.8289999961853027,7.2829999923706055,3.2290000915527344,14.65499997138977,3,2026-07-12,0.06666666666666667,0.03333333333333333,1.769230769230769,20.0,35.630001068115234,521.7209997754544,12.565000057220459,2.0899999141693115,,,16.44168414726458, 6474__B [ RGRSW: 138 KV - SUNSW: 138 KV ] CONT:DDMTBCK8
DINNY:69KV-IRAAN:69KV|SFTLMES8,1,0,2,117.94599914550781,194.98500061035156,117.94599914550781,194.98500061035156,1,2026-05-28,0.06666666666666667,0.0,7.666666666666666,,,,0.0,194.98500061035156,,,16.395509941266013,DINNY_IRAAN1  @DINNY||LN|| DINNY_IRAAN1||1 [DINNY: 69 KV -IRAAN: 69 KV ] CONT:SFTLMES8
STNVL:138KV-STV:138KV|SDCDDCS8,2,0,2,3.374000072479248,5.427999973297119,3.374000072479248,5.427999973297119,2,2026-07-05,0.13333333333333333,0.0,14.333333333333334,,,,5.427999973297119,0.0,,,16.376580071835466, 1785__A [ STNVL: 138 KV - STV: 138 KV ] CONT:SDCDDCS8
HEC:138.1KV-AZTECA:138KV|DMCOPHA8,3,5,17,22.8439998626709,94.19300025701523,104.2030029296875,642.6780065870844,8,2026-06-22,0.2,0.08333333333333333,2.2500000000000004,,,,0.0,642.6780065870844,,,16.369824607598048, AZTECA_HEC1_1 [ HEC: 138.1 KV - AZTECA: 138 KV ] CONT:DMCOPHA8
ELKTN:345KV-ELKTN:1KV|MSTCHLY5,3,3,5,8.069000244140625,11.680000275373459,8.069000244140625,16.49100013077259,6,2026-07-05,0.2,0.05,3.5,,,,13.891000151634216,2.5999999791383743,,,16.347838906761424, ELKTN_MR3H [ ELKTN: 345 KV - ELKTN: 1 KV ] CONT:MSTCHLY5
WESLACO:138KV-MV_VALV4:138KV|SMV_PHA8,2,1,2,0.2879999876022339,0.4699999839067459,17.452999114990234,17.92299909889698,3,2026-07-08,0.13333333333333333,0.016666666666666666,5.375000000000001,30.0,11.289999961853027,353.60299961455166,0.4699999839067459,17.452999114990234,,,16.29499150303411,VAL_VERD_WSLCO_1 [WESLACO: 138 KV -MV_VALV4: 138 KV ] CONT:SMV_PHA8
ASHERTON:138KV-CATARINA:138KV|SDIMBEV8,3,4,3,2.739000082015991,5.16100013256073,2.739000082015991,8.893000139389187,7,2026-07-13,0.2,0.06666666666666667,2.7391304347826093,4.0,3.880000114440918,8.430000096559525,5.16100013256073,3.732000006828457,,,16.291493375842265, ASHERT_CATARI1_1 [ ASHERTON: 138 KV - CATARINA: 138 KV ] CONT:SDIMBEV8
OLSEN:69KV-TURKEYFT:69KV|XHA2S89,3,4,3,10.998000144958496,17.15100033581257,10.998000144958496,19.925000362098217,7,2026-07-11,0.2,0.06666666666666667,2.7391304347826093,,,,12.59900014102459,7.3260002210736275,,,16.26214495539019, 69_OLS_TKF_1 [ OLSEN: 69 KV - TURKEYFT: 69 KV ] CONT:XHA2S89
WESTSIDE:138KV-MCKENZIE:138KV|DLONEQU8,4,5,18,1.093000054359436,6.795000022277236,1.093000054359436,8.458000032231212,9,2026-07-12,0.26666666666666666,0.08333333333333333,2.964285714285715,,,,2.611999988555908,5.8460000436753035,,,16.175397055752622, MCKENZ_WESTSI1_1 [ WESTSIDE: 138 KV - MCKENZIE: 138 KV ] CONT:DLONEQU8
RAYBURN:138KV-RAYBURN:69KV|SFURVAN8,1,0,1,29.2884464263916,29.2884464263916,29.2884464263916,29.2884464263916,1,2026-07-06,0.06666666666666667,0.0,7.666666666666666,,,,29.2884464263916,0.0,,,16.152676998975114,RAYBURN_69_2 [RAYBURN: 138 KV -RAYBURN: 69 KV ] CONT:SFURVAN8
CARVER:138KV-TINSLEY:138KV|SILLFTL8,2,25,8,11.119000434875488,45.77982386946678,23.84600067138672,607.6155488435179,27,2026-06-24,0.13333333333333333,0.4166666666666667,0.3359375,6.0,10.692000389099121,50.65599999576807,7.039999961853027,600.5755488816649,,,16.145006035926542, CARVER_TINSLE1_1 [ CARVER: 138 KV - TINSLEY: 138 KV ] CONT:SILLFTL8
OAKC:138.1KV-PERSHING:138KV|MXMB158,1,0,6,11.116999626159668,28.87999999523163,11.116999626159668,28.87999999523163,1,2026-07-05,0.06666666666666667,0.0,7.666666666666666,,,,28.87999999523163,0.0,,,16.122128808296438, OAKC_PERSHI1_1 [ OAKC: 138.1 KV - PERSHING: 138 KV ] CONT:MXMB158
PALOUSE:138KV-WOLFCAMP:138KV|SBGLTWI8,3,2,7,0.9459999799728394,2.7589999809861183,1.4930000305175781,4.581000007688999,5,2026-07-04,0.2,0.03333333333333333,4.846153846153847,3.0,3.3359999656677246,5.210999994538724,2.7589999809861183,1.8220000267028809,,,16.103018020100833, PALOUS_WOLFCA1_1 [ PALOUSE: 138 KV - WOLFCAMP: 138 KV ] CONT:SBGLTWI8
SAMSW:345KV-FVLSW:345KV|MBULNAV5,2,9,6,14.697999954223633,29.208999514579773,64.3852767944336,837.1036750972271,11,2026-07-10,0.13333333333333333,0.15,0.8958333333333334,,,,837.1036750972271,0.0,,,16.079541660164022,35045         @SAMSW||LN||35045||_A [SAMSW: 345 KV -FVLSW: 345 KV ] CONT:MBULNAV5
GEOWEST:138KV-SIGMOR:138KV|DFOWSMG5,2,3,5,15.95300006866455,45.32418808341026,188.35670471191406,552.6789480447769,5,2026-07-13,0.13333333333333333,0.05,2.388888888888889,,,,33.74700045585632,518.9319475889206,,,16.076072624911443,GEO_SIG       @SIGMOR||LN||GEO_SIG||1 [GEOWEST: 138 KV -SIGMOR: 138 KV ] CONT:DFOWSMG5
BOW:69KV-BOW:138KV|SLKAWFS8,2,12,3,192.8159942626953,222.70199489593506,483.23309326171875,3656.9861199855804,14,2026-07-01,0.13333333333333333,0.2,0.6825396825396826,,,,23.020000457763672,3633.9661195278168,,,16.060550409221385, BOW_FMR1 [ BOW: 69 KV - BOW: 138 KV ] CONT:SLKAWFS8
FALCNSW:138KV-FALCON:138KV|SFALFAL8,1,1,8,9.541000366210938,69.22200107574463,9.541000366210938,114.28900074958801,2,2026-07-10,0.06666666666666667,0.016666666666666666,2.875,,,,114.28900074958801,0.0,,,16.00171100921515, FALCON_FALCNS2_1 [ FALCNSW: 138 KV - FALCON: 138 KV ] CONT:SFALFAL8
LOBO:345KV-LOBO:138KV|XLOB258,3,17,9,0.8679999709129333,3.291999965906143,4.603000164031982,46.91600011754781,20,2026-07-14,0.2,0.2833333333333333,0.7159090909090909,17.0,4.4770002365112305,71.7410002918914,10.119999893009663,36.79600022453815,,,15.898422442719475, LOBO_A2 [ LOBO: 345 KV - LOBO: 138 KV ] CONT:XLOB258
FTST:138KV-LEONCRK:138KV|SSOAHOL8,3,4,4,6.624213218688965,15.553915619850159,6.624213218688965,23.175343334674835,7,2026-07-09,0.2,0.06666666666666667,2.7391304347826093,,,,8.40657240152359,14.768770933151245,,,15.847549719203725,138_FTS_LNC_1 [FTST: 138 KV -LEONCRK: 138 KV ] CONT:SSOAHOL8
RTRSW:138KV-BTHOT:138KV|DODEMOS5,4,18,12,3.746000051498413,17.65999999269843,31.81100082397461,402.9959990270436,22,2026-07-05,0.26666666666666666,0.3,0.8924731182795699,,,,6.775000002235174,396.2209990248084,,,15.841411891961128, 6500__F [ RTRSW: 138 KV - BTHOT: 138 KV ] CONT:DODEMOS5
LNGSW:345KV-PRLSW:345KV|DSLKNOR5,2,6,6,8.123412132263184,24.737891227006912,31.771665573120117,380.4244178086519,8,2026-07-04,0.13333333333333333,0.1,1.303030303030303,,,,380.4244178086519,0.0,,,15.832558280287884, 6965__A [ LNGSW: 345 KV - PRLSW: 345 KV ] CONT:DSLKNOR5
BDGSW:345KV-KRWSW:345KV|DEXCHCK5,4,17,10,0.8399999737739563,4.12699992954731,1.5049999952316284,22.551999976858497,21,2026-07-01,0.26666666666666666,0.2833333333333333,0.9431818181818182,1.0,1.6100000143051147,2.559000015258789,14.838000074028969,7.713999902829528,,,15.786049945825653, 37015__A [ BDGSW: 345 KV - KRWSW: 345 KV ] CONT:DEXCHCK5
RAYBURN:138KV-L_463S:138KV|SFURVAN8,3,3,5,14.47638988494873,32.16978144645691,24.389005661010742,164.2493571192026,6,2026-06-17,0.2,0.05,3.5,,,,0.0,164.2493571192026,,,15.76469108639691,RAY_L_46_1 [RAYBURN: 138 KV -L_463S: 138 KV ] CONT:SFURVAN8
DEC:1KV-DEC:13.8KV|BASE,4,17,17,3.578000068664551,9.137000167975202,3.578000068664551,13.79700020805467,21,2026-07-06,0.26666666666666666,0.2833333333333333,0.9431818181818182,10.0,0.5740000009536743,2.455000024056062,2.5220000335248187,11.27500017452985,,,15.651362624406351, DEC_G1NX [ DEC: 1 KV - DEC: 13.8 KV ] CONT:BASE CASE
LAKENASW:69KV-SAMATHIS:69KV|DNOETWL5,1,3,5,567.3939819335938,1708.021993637085,567.3939819335938,2472.752757191658,4,2026-06-15,0.06666666666666667,0.05,1.2777777777777777,,,,0.0,2472.752757191658,,,15.635115754926574, LAKENA_SAMATH1_1 [ LAKENASW: 69 KV - SAMATHIS: 69 KV ] CONT:DNOETWL5
CMNSW:1KV-CMNSW:138KV|DBUCRGP5,3,23,6,7.804999828338623,13.537999749183655,30.1560001373291,463.2870006337762,26,2026-07-10,0.2,0.38333333333333336,0.5338983050847458,,,,314.3590009585023,148.9279996752739,,,15.613869817710139, CMNSW_MR1L [ CMNSW: 1 KV - CMNSW: 138 KV ] CONT:DBUCRGP5
BRKTP:138KV-BRKRG:138KV|SCLCGTN8,1,12,23,19.56800079345703,173.75600036978722,102.90203094482422,1101.7298215851188,13,2026-07-01,0.06666666666666667,0.2,0.365079365079365,,,,680.6340019702911,421.09581961482763,,,15.572093430535613,6360__A [BRKTP: 138 KV -BRKRG: 138 KV ] CONT:SCLCGTN8
ELKTN:138KV-TSLVL:138KV|DELKCRK8,4,2,6,0.2750000059604645,0.9899999834597111,0.6809999942779541,2.7399999760091305,6,2026-07-12,0.26666666666666666,0.03333333333333333,6.384615384615384,,,,0.9899999834597111,1.7499999925494194,,,15.546499420474468, 1520__C [ ELKTN: 138 KV - TSLVL: 138 KV ] CONT:DELKCRK8
RGRSW:138KV-LSPOI:138KV|SMCEABS8,1,0,4,3.3329999446868896,9.138999998569489,3.3329999446868896,9.138999998569489,1,2026-07-07,0.06666666666666667,0.0,7.666666666666666,3.0,1.781000018119812,5.252000033855438,9.138999998569489,0.0,,,15.523230257150528, 6285__G [ RGRSW: 138 KV - LSPOI: 138 KV ] CONT:SMCEABS8
VRBS:69KV-HARI:69KV|DBWN_AM5,1,0,2,11.854000091552734,21.8410005569458,11.854000091552734,21.8410005569458,1,2026-07-08,0.06666666666666667,0.0,7.666666666666666,,,,21.8410005569458,0.0,,,15.517706427922834,HARI_VRBS1_1 [VRBS: 69 KV -HARI: 69 KV ] CONT:DBWN_AM5
BCPSW:138KV-AZLES:138KV|DEXCHCK5,1,0,2,87.20099639892578,107.90699577331543,87.20099639892578,107.90699577331543,1,2026-06-01,0.06666666666666667,0.0,7.666666666666666,,,,0.0,107.90699577331543,,,15.51419415038749, 6275__D [ BCPSW: 138 KV - AZLES: 138 KV ] CONT:DEXCHCK5
FRONTERA:138KV-S_MISSIN:138KV|SPALFRO8,3,10,12,3.677000045776367,13.999099999666214,5.6620001792907715,66.79910027980804,13,2026-07-14,0.2,0.16666666666666666,1.188679245283019,,,,61.442100286483765,5.35699999332428,,,15.512559930550054,BENTS_FRTER_1B@FRONTERA||LN||BENTS_FRTER_1B||1 [FRONTERA: 138 KV -S_MISSIN: 138 KV ] CONT:SPALFRO8
I_DUPSW:138KV-RESNIK:138KV|SI_2RES8,2,2,7,26.913999557495117,110.61000108718872,26.913999557495117,120.95500111579895,4,2026-06-15,0.13333333333333333,0.03333333333333333,3.307692307692308,,,,0.0,120.95500111579895,,,15.453722991933716,I_DUPS_RESNIK3@I_DUPSW||LN||I_DUPS_RESNIK3||3 [I_DUPSW: 138 KV -RESNIK: 138 KV ] CONT:SI_2RES8
SOLSTICE:138KV-FTST:138KV|SNORNEV5,3,10,7,5.317999839782715,13.555999882519245,5.317999839782715,23.997000008821487,13,2026-07-01,0.2,0.16666666666666666,1.188679245283019,2.0,11.029000282287598,12.980000257492065,0.7900000028312206,23.207000005990267,,,15.441189211481204, FTST_SOLSTI1_1 [ SOLSTICE: 138 KV - FTST: 138 KV ] CONT:SNORNEV5
FTST:138KV-LEONCRK:138KV|SPIGSOL8,4,2,4,0.3959999978542328,0.722000002861023,0.3959999978542328,1.663000002503395,6,2026-07-01,0.26666666666666666,0.03333333333333333,6.384615384615384,,,,1.2320000007748604,0.4310000017285347,,,15.415599647169053,138_FTS_LNC_1 [FTST: 138 KV -LEONCRK: 138 KV ] CONT:SPIGSOL8
SPUR:138KV-SPUR:69KV|SROTROB9,3,14,8,3.259000062942505,11.572000116109848,3.9709999561309814,69.70900043100119,17,2026-07-11,0.2,0.23333333333333334,0.863013698630137,1.0,2.2179999351501465,2.479999929666519,26.50500015169382,43.204000279307365,,,15.396602658476883, SPUR_69_1 [ SPUR: 138 KV - SPUR: 69 KV ] CONT:SROTROB9
SNDSW:1KV-SNDSW:138KV|MSNDWCR5,2,7,6,33.099998474121094,56.131998375058174,33.099998474121094,150.0799980154261,9,2026-07-04,0.13333333333333333,0.11666666666666667,1.131578947368421,,,,57.77299842238426,92.30699959304184,,,15.39389741637451, SNDSW_MR1L [ SNDSW: 1 KV - SNDSW: 138 KV ] CONT:MSNDWCR5
SAMSW:345KV-FVLSW:345KV|DTCRTHS5,2,10,4,9.918999671936035,27.85099983215332,85.57843017578125,539.7124303039163,12,2026-07-10,0.13333333333333333,0.16666666666666666,0.8113207547169812,,,,416.0984296258539,123.61400067806244,,,15.350377483778345,35045         @SAMSW||LN||35045||_A [SAMSW: 345 KV -FVLSW: 345 KV ] CONT:DTCRTHS5
LAKENASW:69KV-SAMATHIS:69KV|SCROPAL8,1,0,2,78.60900115966797,95.17100143432617,78.60900115966797,95.17100143432617,1,2026-06-16,0.06666666666666667,0.0,7.666666666666666,,,,0.0,95.17100143432617,,,15.327644555816747, LAKENA_SAMATH1_1 [ LAKENASW: 69 KV - SAMATHIS: 69 KV ] CONT:SCROPAL8
BCKSW:138KV-CGRSW:138.1KV|DSCOTKW5,2,25,5,82.3219985961914,215.78200149536133,158.38699340820312,8029.744000928476,27,2026-06-29,0.13333333333333333,0.4166666666666667,0.3359375,,,,22.21299934387207,8007.531001584604,,,15.295772577253548, 6215__A [ BCKSW: 138 KV - CGRSW: 138.1 KV ] CONT:DSCOTKW5
BOG:138KV-AZ:138KV|DBT_CBY8,4,12,34,0.4429999887943268,7.6419999888166785,0.4429999887943268,20.02099999366328,16,2026-07-12,0.26666666666666666,0.2,1.3174603174603174,,,,6.55400000885129,13.466999984811991,,,15.272924659370426, AZ_BOG85_A [ BOG: 138 KV - AZ: 138 KV ] CONT:DBT_CBY8
WESTSIDE:138KV-MCKENZIE:138KV|SN_SLON5,2,1,3,10.906000137329102,17.21499991416931,10.906000137329102,21.80399990081787,3,2026-07-07,0.13333333333333333,0.016666666666666666,5.375000000000001,,,,5.054999828338623,16.749000072479248,,,15.261183673247157, MCKENZ_WESTSI1_1 [ WESTSIDE: 138 KV - MCKENZIE: 138 KV ] CONT:SN_SLON5
LAKENASW:69KV-SAMATHIS:69KV|SLGDSAP8,1,3,3,102.66200256347656,129.40100288391113,102.66200256347656,246.19485139846802,4,2026-07-11,0.06666666666666667,0.05,1.2777777777777777,,,,96.33084869384766,149.86400270462036,,,15.209109426477466, LAKENA_SAMATH1_1 [ LAKENASW: 69 KV - SAMATHIS: 69 KV ] CONT:SLGDSAP8
JEWET:345KV-SNG:345KV|DTOKJK_5,1,0,2,84.78073120117188,86.25380957126617,84.78073120117188,86.25380957126617,1,2026-06-19,0.06666666666666667,0.0,7.666666666666666,,,,0.0,86.25380957126617,,,15.18168458231602, 260_A_1 [ JEWET: 345 KV - SNG: 345 KV ] CONT:DTOKJK_5
CORONA:138KV-CORONA:69KV|BASE,2,8,5,3.365999937057495,8.735999882221222,29.763999938964844,322.8940016319975,10,2026-06-18,0.13333333333333333,0.13333333333333333,1.0,19.0,47.65999984741211,285.2140023401007,0.0,322.8940016319975,,,15.14992684800519, CORONA_AT4 [ CORONA: 138 KV - CORONA: 69 KV ] CONT:BASE CASE
PSA:138KV-BCV:138KV|DKG_NB_5,1,1,3,331.3811950683594,415.44781494140625,331.3811950683594,442.9117887020111,2,2026-06-19,0.06666666666666667,0.016666666666666666,2.875,,,,0.0,442.9117887020111,,,15.111278727663814, BCVPSA03_A [ PSA: 138 KV - BCV: 138 KV ] CONT:DKG_NB_5
MRVLY:69KV-ESTLD:69KV|STUDLEN8,1,3,3,76.78900146484375,79.69800138473511,76.78900146484375,275.76100231334567,4,2026-07-14,0.06666666666666667,0.05,1.2777777777777777,,,,208.11600133776665,67.64500097557902,,,15.062838486133163, 6635__G [ MRVLY: 69 KV - ESTLD: 69 KV ] CONT:STUDLEN8
THW:13.3KV-THW:1KV|BASE,5,36,10,0.574999988079071,2.525999972363934,4.736999988555908,71.27399989648256,41,2026-07-10,0.3333333333333333,0.6,0.5628415300546448,17.0,0.2840000092983246,2.287000016309321,1.215999998152256,70.05799989833031,,,15.01651621382438, THW_AT2T [ THW: 13.3 KV - THW: 1 KV ] CONT:BASE CASE
TNNALVIN:138KV-ALVIN:138KV|SMDOPHR5,2,32,5,5.5320000648498535,13.21176826953888,75.04000091552734,841.3852894976735,34,2026-07-11,0.13333333333333333,0.5333333333333333,0.2638036809815951,10.0,17.06479835510254,66.34904479049146,15.88131744042039,825.5039720572531,,,15.013027833228, 138_ALV_NAL_1 [ TNNALVIN: 138 KV - ALVIN: 138 KV ] CONT:SMDOPHR5
DPREA:138KV-RCSES:138KV|SWDDMNS5,1,1,3,47.82122039794922,51.3945837020874,47.82122039794922,58.63158369064331,2,2026-07-03,0.06666666666666667,0.016666666666666666,2.875,,,,51.3945837020874,7.236999988555908,,,14.970944236837148, 1561__A [ DPREA: 138 KV - RCSES: 138 KV ] CONT:SWDDMNS5
TINSLEY:138KV-CTHR:138KV|DBIGKEN5,2,9,8,5.22599983215332,27.91100025177002,13.897000312805176,205.30600142478943,11,2026-07-10,0.13333333333333333,0.15,0.8958333333333334,,,,205.30600142478943,0.0,,,14.962329101009642, CTHR_TINSLE1_1 [ TINSLEY: 138 KV - CTHR: 138 KV ] CONT:DBIGKEN5
HCKSW:345KV-EXCSW:345KV|SHCKEXC5,1,1,4,217.63870239257812,370.0625276565552,217.63870239257812,434.5489377975464,2,2026-06-01,0.06666666666666667,0.016666666666666666,2.875,,,,0.0,434.5489377975464,,,14.93819286826239,106_C         @HCKSW||LN||106_C||_C [HCKSW: 345 KV -EXCSW: 345 KV ] CONT:SHCKEXC5
SACRC:138KV-DPCRK:138KV|SSUNRGR8,2,11,6,17.52835464477539,34.73199772834778,27.31999969482422,445.4798526763916,13,2026-07-09,0.13333333333333333,0.18333333333333332,0.7413793103448276,,,,179.00402975082397,266.4758229255676,,,14.922836820889955,6240__C [SACRC: 138 KV -DPCRK: 138 KV ] CONT:SSUNRGR8
BGRSW:345KV-SNDSW:345KV|SBCESN35,2,11,3,16.371965408325195,36.72062969207764,85.02230834960938,600.4547966569662,13,2026-07-10,0.13333333333333333,0.18333333333333332,0.7413793103448276,,,,148.58546768128872,451.8693289756775,,,14.865244185841114, 455__A [ BGRSW: 345 KV - SNDSW: 345 KV ] CONT:SBCESN35
REDGATE:138KV-REDGATE:138.1KV|BASE,5,32,13,0.9829999804496765,3.9929999539162964,0.9890000224113464,33.43400008091703,37,2026-07-02,0.3333333333333333,0.5333333333333333,0.6319018404907976,,,,2.6800000369548798,30.75400004396215,,,14.85847827902522, RG_SC_1 [ REDGATE: 138 KV - REDGATE: 138.1 KV ] CONT:BASE CASE
DOWNIES:69KV-FERRISW:69KV|SHONMOO8,1,9,1,75.49099731445312,75.49099731445312,266.70001220703125,2140.5910058021545,10,2026-07-09,0.06666666666666667,0.15,0.47916666666666663,,,,988.6620049476624,1151.9290008544922,,,14.853218782783975, FER_DOWNI_1 [ DOWNIES: 69 KV - FERRISW: 69 KV ] CONT:SHONMOO8
CMNSW:138KV-CMNTP:138KV|DSTNCPS8,1,1,5,23.784000396728516,47.65100026130676,23.784000396728516,49.13700020313263,2,2026-07-05,0.06666666666666667,0.016666666666666666,2.875,,,,47.65100026130676,1.4859999418258667,,,14.804149818162816, 651__B [ CMNSW: 138 KV - CMNTP: 138 KV ] CONT:DSTNCPS8
FURHMAN:138KV-RAYBURN:138KV|SFURVAN8,3,30,4,8.254720687866211,23.32817566394806,25.934165954589844,383.06522481143475,33,2026-06-19,0.2,0.5,0.411764705882353,3.0,8.506832122802734,16.9867160320282,0.0,383.06522481143475,,,14.711607702592897,RAYBUR_FURHMAN_1 [FURHMAN: 138 KV -RAYBURN: 138 KV ] CONT:SFURVAN8
PANDA_T1:345KV-KNBSW:345KV|BASE,1,0,2,1.468999981880188,1.9659999907016754,1.468999981880188,1.9659999907016754,1,2026-07-06,0.06666666666666667,0.0,7.666666666666666,3.0,13.720000267028809,41.784000650048256,1.9659999907016754,0.0,,,14.680849005480102, PANDAT1_TL_1 [ PANDA_T1: 345 KV - KNBSW: 345 KV ] CONT:BASE CASE
LENSW:138KV-PUTN:138KV|DSTVSTN8,3,7,3,4.127999782562256,4.434999778866768,6.803999900817871,22.977999553084373,10,2026-07-04,0.2,0.11666666666666667,1.6578947368421053,4.0,5.116000175476074,18.48900020122528,0.306999996304512,22.67099955677986,,,14.642543329199976, LENSW_PUTN2_1 [ LENSW: 138 KV - PUTN: 138 KV ] CONT:DSTVSTN8
ASHERTON:138KV-CATARINA:138KV|SAVAOUT5,2,1,2,2.803999900817871,3.485999882221222,3.819000005722046,7.304999887943268,3,2026-07-05,0.13333333333333333,0.016666666666666666,5.375000000000001,1.0,2.2790000438690186,4.502000108361244,3.485999882221222,3.819000005722046,,,14.639427127478099, ASHERT_CATARI1_1 [ ASHERTON: 138 KV - CATARINA: 138 KV ] CONT:SAVAOUT5
MEXTP:69KV-ITALY:69KV|SBOSELM5,1,1,4,139.09300231933594,302.48999786376953,139.09300231933594,358.39499855041504,2,2026-06-23,0.06666666666666667,0.016666666666666666,2.875,,,,0.0,358.39499855041504,,,14.636659969398954, 2270__B [ MEXTP: 69 KV - ITALY: 69 KV ] CONT:SBOSELM5
LAKENASW:69KV-SAMATHIS:69KV|SWOLPAL8,1,3,1,9.380999565124512,9.380999565124512,101.16799926757812,204.08099842071533,4,2026-07-06,0.06666666666666667,0.05,1.2777777777777777,1.0,94.59400177001953,132.2300033569336,9.380999565124512,194.69999885559082,,,14.626626542812232, LAKENA_SAMATH1_1 [ LAKENASW: 69 KV - SAMATHIS: 69 KV ] CONT:SWOLPAL8
TMPSW:138.1KV-FRYSW:138KV|DSALHUT5,1,6,7,467.91400146484375,1558.7929916381836,583.8579711914062,6336.344981901348,7,2026-06-18,0.06666666666666667,0.1,0.6969696969696969,,,,0.0,6336.344981901348,,,14.614994978461961, 1715__B [ TMPSW: 138.1 KV - FRYSW: 138 KV ] CONT:DSALHUT5
WTHRW:138KV-MNWLE:138KV|SGRSMNW8,2,1,5,5.665999889373779,8.267999917268753,5.665999889373779,10.123999923467636,3,2026-07-06,0.13333333333333333,0.016666666666666666,5.375000000000001,,,,8.267999917268753,1.856000006198883,,,14.566929367831529, 2370__A [ WTHRW: 138 KV - MNWLE: 138 KV ] CONT:SGRSMNW8
WESLACO:138KV-MV_VALV4:138KV|SGANWES8,1,1,7,14.489999771118164,42.103999853134155,204.81500244140625,1096.3389852046967,2,2026-07-01,0.06666666666666667,0.016666666666666666,2.875,,,,42.103999853134155,1054.2349853515625,,,14.53177253126253,VAL_VERD_WSLCO_1 [WESLACO: 138 KV -MV_VALV4: 138 KV ] CONT:SGANWES8
LA_PALMA:138KV-HAINE_DR:138KV|SRAYHAR8,2,0,4,1.2680000066757202,1.8140000030398369,1.2680000066757202,1.8140000030398369,2,2026-07-08,0.13333333333333333,0.0,14.333333333333334,,,,1.8140000030398369,0.0,,,14.517952982950973, HAINE__LA_PAL1_1 [ LA_PALMA: 138 KV - HAINE_DR: 138 KV ] CONT:SRAYHAR8
NCARBIDE:69KV-PV_TAP:69KV|SPORNCA9,3,14,6,3.0339999198913574,6.593999892473221,9.652000427246094,119.31200025230646,17,2026-06-26,0.2,0.23333333333333334,0.863013698630137,12.0,2.325000047683716,20.124000115320086,1.0920000076293945,118.22000024467707,,,14.511624257929334, NCARBI_PV_TAP1_1 [ NCARBIDE: 69 KV - PV_TAP: 69 KV ] CONT:SPORNCA9
NEVILLSW:345KV-NORTMC:345KV|DBIGKEN5,1,1,6,9.664999961853027,39.146000146865845,9.664999961853027,46.569000124931335,2,2026-07-02,0.06666666666666667,0.016666666666666666,2.875,,,,46.569000124931335,0.0,,,14.49905717584441, NEVILL_NORTMC_1 [ NEVILLSW: 345 KV - NORTMC: 345 KV ] CONT:DBIGKEN5
PIPECR:138KV-MEDILA:138KV|DCAGCI58,3,25,4,4.098999977111816,13.201098918914795,191.0029296875,2207.9171264246106,28,2026-07-10,0.2,0.4166666666666667,0.4921875,,,,79.44899986684322,2128.4681265577674,,,14.471426099003175, 255T279_1 [ PIPECR: 138 KV - MEDILA: 138 KV ] CONT:DCAGCI58
ASHERTON:138KV-CATARINA:138KV|STORLOB5,3,4,3,2.864000082015991,5.46000000089407,2.864000082015991,10.38799992017448,7,2026-07-04,0.2,0.06666666666666667,2.7391304347826093,,,,7.639999948441982,2.747999971732497,,,14.372305150508893, ASHERT_CATARI1_1 [ ASHERTON: 138 KV - CATARINA: 138 KV ] CONT:STORLOB5
OZONA:69KV-MIDW:69KV|DFRIILL8,1,2,2,441.8800048828125,491.91100311279297,441.8800048828125,876.6790001392365,3,2026-06-15,0.06666666666666667,0.03333333333333333,1.769230769230769,,,,0.0,876.6790001392365,,,14.356201697999843, MIDW_OZONA1_1 [ OZONA: 69 KV - MIDW: 69 KV ] CONT:DFRIILL8
FTST:138KV-SOLSTICE:138KV|SFTSLEO8,4,7,12,0.3109999895095825,0.9009999795816839,2.388000011444092,14.419999853242189,11,2026-07-11,0.26666666666666666,0.11666666666666667,2.1842105263157894,1.0,0.009999999776482582,0.009999999776482582,11.654999868478626,2.7649999847635627,,,14.351672855094309, FTST_SOLSTI1_1 [ FTST: 138 KV - SOLSTICE: 138 KV ] CONT:SFTSLEO8
N_SHARPE:138KV-CELANEBI:138.1KV|SAJ2CEB5,4,11,12,0.3869999945163727,1.9960000349674374,0.3869999945163727,4.745000020368025,15,2026-07-09,0.26666666666666666,0.18333333333333332,1.4310344827586208,13.0,0.9879999756813049,3.534999994561076,1.0040000169537961,3.7410000034142286,,,14.344051731614494, CELANE_N_SHAR1_1 [ N_SHARPE: 138 KV - CELANEBI: 138.1 KV ] CONT:SAJ2CEB5
FORTMA:138KV-YELWJCKT:138KV|SMA2FOR8,2,0,2,2.9159998893737793,3.1559998840093613,2.9159998893737793,3.1559998840093613,2,2026-06-16,0.13333333333333333,0.0,14.333333333333334,,,,0.0,3.1559998840093613,,,14.326916891454626, FORTMA_YELWJC1_1 [ FORTMA: 138 KV - YELWJCKT: 138 KV ] CONT:SMA2FOR8
SAMSW:345KV-FVLSW:345KV|STHSVE65,2,0,2,1.86899995803833,3.11299991607666,1.86899995803833,3.11299991607666,2,2026-06-22,0.13333333333333333,0.0,14.333333333333334,,,,0.0,3.11299991607666,,,14.311316326728772,35045         @SAMSW||LN||35045||_A [SAMSW: 345 KV -FVLSW: 345 KV ] CONT:STHSVE65
QALSW:345KV-TESSW:345KV|SODETES5,1,0,4,4.76200008392334,12.258000254631042,4.76200008392334,12.258000254631042,1,2026-07-08,0.06666666666666667,0.0,7.666666666666666,,,,12.258000254631042,0.0,,,14.293805364866458, 6052__C [ QALSW: 345 KV - TESSW: 345 KV ] CONT:SODETES5
YELWJCKT:69KV-MENPHTAP:69KV|BASE,1,5,9,5.283999919891357,20.417999744415283,123.10600280761719,478.45500671863556,6,2026-06-09,0.06666666666666667,0.08333333333333333,0.8214285714285714,2.0,25.218000411987305,361.28700309991837,0.0,478.45500671863556,,,14.287647608663562, MENPHT_YELWJC1_1 [ YELWJCKT: 69 KV - MENPHTAP: 69 KV ] CONT:BASE CASE
SOLANUM:138KV-PUTN:138KV|SCLCGTN8,1,0,1,12.194999694824219,12.194999694824219,12.194999694824219,12.194999694824219,1,2026-07-01,0.06666666666666667,0.0,7.666666666666666,,,,12.194999694824219,0.0,,,14.283088128421202, PUTN_SOLANU1_1 [ SOLANUM: 138 KV - PUTN: 138 KV ] CONT:SCLCGTN8
W_BATESV:138KV-UVALDE:138KV|SDRYMIE8,1,0,4,8.871000289916992,12.180000305175781,8.871000289916992,12.180000305175781,1,2026-07-13,0.06666666666666667,0.0,7.666666666666666,,,,12.180000305175781,0.0,,,14.280528990574963, UVALDE_W_BATE1_1 [ W_BATESV: 138 KV - UVALDE: 138 KV ] CONT:SDRYMIE8
MV_HBRG4:138KV-MV_WESL4:138KV|DCC1DUKE,1,0,1,12.14709758758545,12.14709758758545,12.14709758758545,12.14709758758545,1,2026-07-03,0.06666666666666667,0.0,7.666666666666666,,,,12.14709758758545,0.0,,,14.274905039661475,WESLCO_HIDLBRG_1 [MV_HBRG4: 138 KV -MV_WESL4: 138 KV ] CONT:DCC1DUKE
STER:69KV-STCO:69KV|DTWLCED5,1,2,4,16.608999252319336,35.2049994468689,38.49399948120117,125.23299884796143,3,2026-06-15,0.06666666666666667,0.03333333333333333,1.769230769230769,2.0,23.905000686645508,44.8790009021759,0.0,125.23299884796143,,,14.265512082026605, STCO_STER1_1 [ STER: 69 KV - STCO: 69 KV ] CONT:DTWLCED5
DOWNIES:138KV-READING:138KV|SW_BBAT8,3,4,3,2.0739998817443848,4.1189998388290405,2.430999994277954,10.538999855518341,7,2026-07-13,0.2,0.06666666666666667,2.7391304347826093,1.0,1.6679999828338623,1.6679999828338623,2.0739998817443848,8.464999973773956,,,14.229561681563345, DOWNIE_READIN1_1 [ DOWNIES: 138 KV - READING: 138 KV ] CONT:SW_BBAT8
BLESSING:138KV-BLESSING:69KV|SDANDAN9,3,10,9,5.14300012588501,22.358000218868256,6.961999893188477,80.3570005139336,13,2026-06-25,0.2,0.16666666666666666,1.188679245283019,,,,3.613000124692917,76.74400038924068,,,14.22296297720737, BLESSING_69A1 [ BLESSING: 138 KV - BLESSING: 69 KV ] CONT:SDANDAN9
BLESSING:69KV-PALACIOS:69KV|DVICDUP8,4,19,7,2.7269999980926514,6.488000087440014,9.694999694824219,72.9659995958209,23,2026-07-12,0.26666666666666666,0.31666666666666665,0.8469387755102041,,,,5.075000062584877,67.89099953323603,,,14.213677783711214, BLESSI_PALACI1_1 [ BLESSING: 69 KV - PALACIOS: 69 KV ] CONT:DVICDUP8
WHITE_PT:1KV-WHITE_PT:138.1KV|SANGNAI5,2,20,10,8.583999633789062,36.149999096873216,8.583999633789062,238.6879984961124,22,2026-07-11,0.13333333333333333,0.3333333333333333,0.41747572815533984,,,,145.4809980818536,93.2070004142588,,,14.209250306305337, WHITE_PT_T3L [ WHITE_PT: 1 KV - WHITE_PT: 138.1 KV ] CONT:SANGNAI5
TURTLCRK:69KV-CHAPARRO:69KV|XUVA189,1,1,2,212.60032653808594,219.17319917678833,212.60032653808594,276.6232017278671,2,2026-06-16,0.06666666666666667,0.016666666666666666,2.875,,,,0.0,276.6232017278671,,,14.155258746822062,CHAPAR_TURTLC1@TURTLCRK||LN|| CHAPAR_TURTLC1||1 [TURTLCRK: 69 KV -CHAPARRO: 69 KV ] CONT:XUVA189
W_BATESV:138KV-UVALDE:138KV|SMIEUVA8,1,0,3,6.203999996185303,11.384999990463257,6.203999996185303,11.384999990463257,1,2026-07-13,0.06666666666666667,0.0,7.666666666666666,,,,11.384999990463257,0.0,,,14.14054638794554, UVALDE_W_BATE1_1 [ W_BATESV: 138 KV - UVALDE: 138 KV ] CONT:SMIEUVA8
MAXWELL:138KV-HAMILTON:138KV|SCT2CAR8,1,3,2,0.6589999794960022,0.8469999730587006,21.69139289855957,80.54534223582596,4,2026-07-01,0.06666666666666667,0.05,1.2777777777777777,12.0,40.348487854003906,230.20398934883997,80.54534223582596,0.0,,,14.134114756985213, HAMILT_MAXWEL1_1 [ MAXWELL: 138 KV - HAMILTON: 138 KV ] CONT:SCT2CAR8
RYSSW:138KV-NEVADA:138KV|SWALWLN8,2,0,2,0.8309999704360962,1.3339999914169312,0.8309999704360962,1.3339999914169312,2,2026-07-04,0.13333333333333333,0.0,14.333333333333334,,,,1.3339999914169312,0.0,,,14.09715026638361, 568__A [ RYSSW: 138 KV - NEVADA: 138 KV ] CONT:SWALWLN8
FAIRDALE:138KV-COLLEGE:138KV|DRYSALN5,1,0,1,40.63999938964844,40.63999938964844,40.63999938964844,40.63999938964844,1,2026-06-01,0.06666666666666667,0.0,7.666666666666666,,,,0.0,40.63999938964844,,,14.07204459169354, FAI_COLL_1 [ FAIRDALE: 138 KV - COLLEGE: 138 KV ] CONT:DRYSALN5
MASN:69KV-KATEMCY:69KV|DYELHE89,2,1,3,2.7909998893737793,5.8089998960494995,2.7909998893737793,8.365999832749367,3,2026-07-13,0.13333333333333333,0.016666666666666666,5.375000000000001,1.0,0.21299999952316284,0.21299999952316284,5.8089998960494995,2.5569999366998672,,,14.06630071797922,KATEMC_MASN1_1 [MASN: 69 KV -KATEMCY: 69 KV ] CONT:DYELHE89
TNFXTAIL:138KV-FLAT_TOP:138KV|DSLKSOL5,2,13,7,1.1430000066757202,5.917000025510788,42.926998138427734,366.047325335443,15,2026-06-22,0.13333333333333333,0.21666666666666667,0.6323529411764706,30.0,21.70800018310547,295.37863899581134,0.0,366.047325335443,,,14.062678541028166,138_FLT_FXT   @TNFXTAIL||LN||138_FLT_FXT||1.0 [TNFXTAIL: 138 KV -FLAT_TOP: 138 KV ] CONT:DSLKSOL5
CGRSW:69KV-CLCTY:69KV|XBSP89,3,5,3,5.918000221252441,8.101000189781189,17.013999938964844,73.62999998778105,8,2026-07-14,0.2,0.08333333333333333,2.2500000000000004,,,,3.748999945819378,69.88100004196167,,,14.016992010315544, 6685__A [ CGRSW: 69 KV - CLCTY: 69 KV ] CONT:XBSP89
CEDACA:345KV-BAKESW:345KV|SBAKCED5,2,12,3,2.5429999828338623,5.2950000166893005,19.870637893676758,57.06463788822293,14,2026-07-14,0.13333333333333333,0.2,0.6825396825396826,1.0,16.987916946411133,16.987916946411133,35.42699994519353,21.637637943029404,,,13.906729552424201, BAKRFLD_CEDCAN_1 [ CEDACA: 345 KV - BAKESW: 345 KV ] CONT:SBAKCED5
KENEDSW:138KV-KARNESCI:138KV|SLYSPLE8,2,1,4,2.4619998931884766,5.817999958992004,6.980000019073486,12.79799997806549,3,2026-07-13,0.13333333333333333,0.016666666666666666,5.375000000000001,,,,5.817999958992004,6.980000019073486,,,13.876176150460822, KARNES_KENEDS1_1 [ KENEDSW: 138 KV - KARNESCI: 138 KV ] CONT:SLYSPLE8
SAMSW:345KV-VENSW:345KV|MBULSAM5,1,1,2,16.19099998474121,27.409000396728516,16.19099998474121,39.57500076293945,2,2026-07-01,0.06666666666666667,0.016666666666666666,2.875,,,,39.57500076293945,0.0,,,13.861060103075594, 35055__A [ SAMSW: 345 KV - VENSW: 345 KV ] CONT:MBULSAM5
MNRVA:69KV-HOBLK:69KV|DHUTGIL8,1,1,3,12.668000221252441,30.32900047302246,12.668000221252441,31.95400047302246,2,2026-07-09,0.06666666666666667,0.016666666666666666,2.875,,,,31.95400047302246,0.0,,,13.851787788303984, 2340__F [ MNRVA: 69 KV - HOBLK: 69 KV ] CONT:DHUTGIL8
CRD:138KV-WLDCATSW:138KV|XCMB58,1,0,1,9.892999649047852,9.892999649047852,9.892999649047852,9.892999649047852,1,2026-07-05,0.06666666666666667,0.0,7.666666666666666,,,,9.892999649047852,0.0,,,13.851723533045005, CRD_WCTSW_1 [ CRD: 138 KV - WLDCATSW: 138 KV ] CONT:XCMB58
NORTMC:138KV-CROSSOVE:138KV|DBIGKEN5,1,5,2,63.665706634521484,84.41423797607422,63.665706634521484,134.43121488764882,6,2026-07-08,0.06666666666666667,0.08333333333333333,0.8214285714285714,,,,84.41423797607422,50.0169769115746,,,13.805767185488588, CROSSO_NORTMC1_1 [ NORTMC: 138 KV - CROSSOVE: 138 KV ] CONT:DBIGKEN5
RIO_GRAN:138KV-RIO_GRAN:69KV|DPROPOM5,1,0,9,4.7210001945495605,33.8560004234314,4.7210001945495605,33.8560004234314,1,2026-05-28,0.06666666666666667,0.0,7.666666666666666,,,,0.0,33.8560004234314,,,13.805290699504859, RIO_GRAN_138_ [ RIO_GRAN: 138 KV - RIO_GRAN: 69 KV ] CONT:DPROPOM5
PLPTP:138KV-MNWLL:138KV|SDBLBN28,1,0,2,8.343000411987305,9.508000373840332,8.343000411987305,9.508000373840332,1,2026-07-06,0.06666666666666667,0.0,7.666666666666666,,,,9.508000373840332,0.0,,,13.77076078971018, 1510__B [ PLPTP: 138 KV - MNWLL: 138 KV ] CONT:SDBLBN28
CEDACA:345KV-BAKESW:345KV|DBIGKEN5,1,1,3,9.87399959564209,24.25,9.87399959564209,43.651999950408936,2,2026-07-02,0.06666666666666667,0.016666666666666666,2.875,,,,43.651999950408936,0.0,,,13.75605054552939, BAKRFLD_CEDCAN_1 [ CEDACA: 345 KV - BAKESW: 345 KV ] CONT:DBIGKEN5
LASPULGA:138KV-RIOHONDO:138KV|SRAYRI38,2,6,7,5.492000102996826,21.42600017786026,5.492000102996826,50.4930002912879,8,2026-07-03,0.13333333333333333,0.1,1.303030303030303,,,,30.222000181674957,20.27100010961294,,,13.748851083679027, LASPUL_RIOHON1_1 [ LASPULGA: 138 KV - RIOHONDO: 138 KV ] CONT:SRAYRI38
FURHMAN:138KV-VANBLTSS:138KV|SL_4RAY8,3,5,3,2.4839999675750732,3.7199999392032623,2.4839999675750732,13.719000019133091,8,2026-07-05,0.2,0.08333333333333333,2.2500000000000004,,,,10.835000105202198,2.883999913930893,,,13.716974107991403, FURHMAN_VANDB_1 [ FURHMAN: 138 KV - VANBLTSS: 138 KV ] CONT:SL_4RAY8
RCHBR:345KV-BBSES:345KV|MDWTRWT5,1,0,7,9.065999984741211,31.66100001335144,9.065999984741211,31.66100001335144,1,2026-06-19,0.06666666666666667,0.0,7.666666666666666,,,,0.0,31.66100001335144,,,13.707725307024027, 30__A [ RCHBR: 345 KV - BBSES: 345 KV ] CONT:MDWTRWT5
PUTN:138KV-SOLANUM:138KV|SABSBLU8,2,0,3,0.48500001430511475,0.9619999974966049,0.48500001430511475,0.9619999974966049,2,2026-07-07,0.13333333333333333,0.0,14.333333333333334,,,,0.9619999974966049,0.0,,,13.706507133164227, PUTN_SOLANU1_1 [ PUTN: 138 KV - SOLANUM: 138 KV ] CONT:SABSBLU8
DIESEL:69KV-STEAM:69KV|XGN_89,2,0,3,0.4480000138282776,0.9180000126361847,0.4480000138282776,0.9180000126361847,2,2026-07-04,0.13333333333333333,0.0,14.333333333333334,,,,0.9180000126361847,0.0,,,13.65547403532423, DIE_STEA_1 [ DIESEL: 69 KV - STEAM: 69 KV ] CONT:XGN_89
SANTIAGO:138KV-LVOK:138KV|DBAKCED5,2,8,2,2.5510001182556152,3.361000120639801,12.37600040435791,92.03300016745925,10,2026-07-07,0.13333333333333333,0.13333333333333333,1.0,4.0,8.595999717712402,19.48999983072281,21.463000383228064,70.56999978423119,,,13.64233276663772, LVOK_SANTIA1_1 [ SANTIAGO: 138 KV - LVOK: 138 KV ] CONT:DBAKCED5
GEORGE:138KV-RIVERY:138KV|SGEOHU48,3,6,10,4.642000198364258,17.825000206008554,16.54400062561035,139.16100114025176,9,2026-06-19,0.2,0.1,1.9090909090909092,,,,0.0,139.16100114025176,,,13.606300566948029, 597T597_1 [ GEORGE: 138 KV - RIVERY: 138 KV ] CONT:SGEOHU48
BOW:69KV-BOW:138KV|DRILKRW5,2,11,7,37.212928771972656,195.62658023834229,3499.669189453125,26703.712733328342,13,2026-06-22,0.13333333333333333,0.18333333333333332,0.7413793103448276,,,,0.0,26703.712733328342,,,13.585992116123135, BOW_FMR1 [ BOW: 69 KV - BOW: 138 KV ] CONT:DRILKRW5
ESTES:138KV-SOLANUM:138KV|SGTNLAC8,1,0,2,6.818999767303467,8.65399980545044,6.818999767303467,8.65399980545044,1,2026-07-03,0.06666666666666667,0.0,7.666666666666666,,,,8.65399980545044,0.0,,,13.58004046150379, ESTES_SOLANU1_1 [ ESTES: 138 KV - SOLANUM: 138 KV ] CONT:SGTNLAC8
TYGND:138.2KV-TYSTH:138KV|DELKDOR5,1,0,2,5.191999912261963,8.379999876022339,5.191999912261963,8.379999876022339,1,2026-07-01,0.06666666666666667,0.0,7.666666666666666,,,,8.379999876022339,0.0,,,13.515257185112137, 990__B [ TYGND: 138.2 KV - TYSTH: 138 KV ] CONT:DELKDOR5
SACH:138KV-SACH:69KV|XSAP89,1,1,4,10.630999565124512,18.15999937057495,14.635000228881836,55.08299994468689,2,2026-07-14,0.06666666666666667,0.016666666666666666,2.875,,,,55.08299994468689,0.0,,,13.512998649440801, SACH_69T1 [ SACH: 138 KV - SACH: 69 KV ] CONT:XSAP89
HECKER:138KV-RESNIK:138KV|DNAIRES8,1,0,3,3.555000066757202,8.362000107765198,3.555000066757202,8.362000107765198,1,2026-07-08,0.06666666666666667,0.0,7.666666666666666,,,,8.362000107765198,0.0,,,13.510935395434904, HECKER_RESNIK1_1 [ HECKER: 138 KV - RESNIK: 138 KV ] CONT:DNAIRES8
MV_HBRG4:138KV-MV_WESL4:138KV|SNWEWES8,1,2,3,15.015999794006348,21.328999936580658,107.84676361083984,327.70283168554306,3,2026-07-09,0.06666666666666667,0.03333333333333333,1.769230769230769,,,,156.79099649190903,170.91183519363403,,,13.51049167454137,WESLCO_HIDLBRG@MV_HBRG4||LN|| WESLCO_HIDLBRG||1 [MV_HBRG4: 138 KV -MV_WESL4: 138 KV ] CONT:SNWEWES8
GT:138KV-BG:138KV|DBUNMYK8,1,0,4,12.281000137329102,27.33299994468689,12.281000137329102,27.33299994468689,1,2026-06-19,0.06666666666666667,0.0,7.666666666666666,,,,0.0,27.33299994468689,,,13.494493549702419, BG_GT_37_A [ GT: 138 KV - BG: 138 KV ] CONT:DBUNMYK8
SNDSW:345KV-SNDSW:1KV|MSNDWCR5,2,8,3,13.09449291229248,18.962353095412254,39.062339782714844,202.57794323470443,10,2026-07-01,0.13333333333333333,0.13333333333333333,1.0,,,,47.53135395050049,155.04658928420395,,,13.481871320116454, SNDSW_MR1H [ SNDSW: 345 KV - SNDSW: 1 KV ] CONT:MSNDWCR5
SAMSW:345KV-VENSW:345KV|SSAMFVL5,2,1,4,2.872999906539917,5.633999884128571,2.872999906539917,5.8169998824596405,3,2026-07-07,0.13333333333333333,0.016666666666666666,5.375000000000001,,,,3.055999904870987,2.7609999775886536,,,13.44561208984755, 35055__A [ SAMSW: 345 KV - VENSW: 345 KV ] CONT:SSAMFVL5
HUBRD:138KV-HAN1:138KV|SBLAWDB8,1,2,2,23.765621185302734,36.75056743621826,23.765621185302734,47.5074542760849,3,2026-07-10,0.06666666666666667,0.03333333333333333,1.769230769230769,,,,47.5074542760849,0.0,,,13.413497615401921,1210__B [HUBRD: 138 KV -HAN1: 138 KV ] CONT:SBLAWDB8
FBRSW:345KV-THSES:345KV|DVENFTS5,1,20,7,17.22100067138672,67.13300013542175,116.21381378173828,2071.7532706931233,21,2026-06-30,0.06666666666666667,0.3333333333333333,0.2233009708737864,,,,385.42951488494873,1686.3237558081746,,,13.404563387843577,505__B [FBRSW: 345 KV -THSES: 345 KV ] CONT:DVENFTS5
SOLSTICE:138KV-FTST:138KV|SLEOSGA8,4,6,7,0.2529999911785126,0.9289999902248383,0.3199999928474426,1.7199999820441008,10,2026-07-14,0.26666666666666666,0.1,2.515151515151515,,,,1.358999989926815,0.36099999211728573,,,13.4004288293204, FTST_SOLSTI1_1 [ SOLSTICE: 138 KV - FTST: 138 KV ] CONT:SLEOSGA8
W_BATESV:138KV-UVALDE:138KV|SMOOPEA8,1,1,2,98.30181121826172,129.22262382507324,98.30181121826172,132.2766238451004,2,2026-06-15,0.06666666666666667,0.016666666666666666,2.875,,,,0.0,132.2766238451004,,,13.367505203581313, UVALDE_W_BATE1_1 [ W_BATESV: 138 KV - UVALDE: 138 KV ] CONT:SMOOPEA8
CBY:345KV-CBY:1KV|DCHBJO25,2,1,9,0.32600000500679016,0.48700000368990004,381.33819580078125,1241.306417957181,3,2026-06-20,0.13333333333333333,0.016666666666666666,5.375000000000001,5.0,5.127999782562256,23.35899961180985,0.0,1241.306417957181,,,13.34519465323241, CBY_AT3 [ CBY: 345 KV - CBY: 1 KV ] CONT:DCHBJO25
WHTNY:1KV-WHTNY:138KV|SBOSELM5,1,0,10,2.575000047683716,24.435999989509583,2.575000047683716,24.435999989509583,1,2026-06-19,0.06666666666666667,0.0,7.666666666666666,,,,0.0,24.435999989509583,,,13.332700987549222, WHTNY_HT1L [ WHTNY: 1 KV - WHTNY: 138 KV ] CONT:SBOSELM5
WHTNY:345KV-WHTNY:1KV|SBOSELM5,1,0,10,2.575000047683716,24.435999989509583,2.575000047683716,24.435999989509583,1,2026-06-19,0.06666666666666667,0.0,7.666666666666666,,,,0.0,24.435999989509583,,,13.332700987549222, WHTNY_HT1H [ WHTNY: 345 KV - WHTNY: 1 KV ] CONT:SBOSELM5
W_BATESV:138KV-UVALDE:138KV|DRAZHON8,1,1,2,11.545000076293945,13.89300012588501,55.85900115966797,71.14900124073029,2,2026-07-14,0.06666666666666667,0.016666666666666666,2.875,,,,71.14900124073029,0.0,,,13.32402403868053, UVALDE_W_BATE1_1 [ W_BATESV: 138 KV - UVALDE: 138 KV ] CONT:DRAZHON8
HRN:138KV-GOODLAND:138KV|DTOKJK_5,1,9,2,1.968999981880188,3.746999979019165,21.042999267578125,132.43899780511856,10,2026-06-29,0.06666666666666667,0.15,0.47916666666666663,8.0,18.461999893188477,136.98099885508418,45.28199875354767,87.15699905157089,,,13.313886654599404, HRN_GOOD_1 [ HRN: 138 KV - GOODLAND: 138 KV ] CONT:DTOKJK_5
DPREA:138KV-RCSES:138KV|DTTRMNS5,1,1,5,8.902999877929688,23.18500000052154,15.618000030517578,51.97100025229156,2,2026-07-06,0.06666666666666667,0.016666666666666666,2.875,,,,23.18500000052154,28.78600025177002,,,13.23153535258308, 1561__A [ DPREA: 138 KV - RCSES: 138 KV ] CONT:DTTRMNS5
TRSES:138KV-MLKF2:138KV|SEUSFGR8,1,3,3,3.7260000705718994,7.361999988555908,3.994999885559082,22.137999802827835,4,2026-07-10,0.06666666666666667,0.05,1.2777777777777777,9.0,7.098999977111816,36.19199977442622,11.572999864816666,10.56499993801117,,,13.16990478724066, 1080__A [ TRSES: 138 KV - MLKF2: 138 KV ] CONT:SEUSFGR8
FBRSW:345KV-THSES:345KV|SSAMTCR5,2,6,2,10.147449493408203,16.99744939804077,19.34959602355957,59.11308857426047,8,2026-07-10,0.13333333333333333,0.1,1.303030303030303,,,,20.153119396418333,38.95996917784214,,,13.126862945936804,505__B [FBRSW: 345 KV -THSES: 345 KV ] CONT:SSAMTCR5
BRNSW:138KV-GOLDTH:138KV|DBIGKEN5,2,6,6,4.2170000076293945,15.396000146865845,14.29800033569336,99.56700074672699,8,2026-07-04,0.13333333333333333,0.1,1.303030303030303,,,,23.99899983406067,75.56800091266632,,,13.112360316931573, 680__A [ BRNSW: 138 KV - GOLDTH: 138 KV ] CONT:DBIGKEN5
PINNAC:138KV-CULSW:138KV|BASE,3,3,7,0.22699999809265137,1.2199999927543104,0.5040000081062317,2.8939999802969396,6,2026-07-12,0.2,0.05,3.5,2.0,0.16599999368190765,0.7089999914169312,2.0579999848268926,0.835999995470047,,,13.082722205279369, 720T720_1 [ PINNAC: 138 KV - CULSW: 138 KV ] CONT:BASE CASE
NVKSW:69KV-ANARN:69KV|DOLNOR89,1,1,1,1.3270000219345093,1.3270000219345093,1.3270000219345093,1.4420000235550106,2,2026-07-13,0.06666666666666667,0.016666666666666666,2.875,9.0,39.23899841308594,163.8989983703941,1.3270000219345093,0.11500000162050128,,,13.069274904728314, 6840__B [ NVKSW: 69 KV - ANARN: 69 KV ] CONT:DOLNOR89
VICTORIA:138.1KV-L_463S:138KV|DRICLOU8,1,0,1,0.07699999958276749,0.07699999958276749,0.07699999958276749,0.07699999958276749,1,2026-06-16,0.06666666666666667,0.0,7.666666666666666,17.0,3.875999927520752,87.19200027547777,0.0,0.07699999958276749,,,13.069238103815142, LOOP_VICTORIA_1 [ VICTORIA: 138.1 KV - L_463S: 138 KV ] CONT:DRICLOU8
FRONTERA:138KV-S_MISSIN:138KV|DCE_RIO5,3,6,4,4.414000034332275,9.12200003862381,10.01200008392334,76.77600035211071,9,2026-07-04,0.2,0.1,1.9090909090909092,,,,0.6850000023841858,76.09100034972653,,,13.066912978830095,BENTS_FRTER_1B@FRONTERA||LN||BENTS_FRTER_1B||1 [FRONTERA: 138 KV -S_MISSIN: 138 KV ] CONT:DCE_RIO5
LAKENASW:69KV-SAMATHIS:69KV|DTWIBGL8,2,6,2,10.680999755859375,16.418999671936035,31.589000701904297,181.90000104904175,8,2026-07-08,0.13333333333333333,0.1,1.303030303030303,,,,19.49899959564209,162.40100145339966,,,13.05430171850777, LAKENA_SAMATH1_1 [ LAKENASW: 69 KV - SAMATHIS: 69 KV ] CONT:DTWIBGL8
LAKENASW:69KV-SAMATHIS:69KV|SES2FRI8,2,1,2,2.687999963760376,4.812999963760376,2.687999963760376,4.908999964594841,3,2026-07-05,0.13333333333333333,0.016666666666666666,5.375000000000001,,,,2.125,2.783999964594841,,,13.051873159252207, LAKENA_SAMATH1_1 [ LAKENASW: 69 KV - SAMATHIS: 69 KV ] CONT:SES2FRI8
MRVLY:69KV-ESTLD:69KV|SFLTLNG8,1,3,11,8.149999618530273,35.676999658346176,113.28500366210938,785.9590005502105,4,2026-07-14,0.06666666666666667,0.05,1.2777777777777777,,,,67.48099955916405,718.4780009910464,,,13.042742941925823, 6635__G [ MRVLY: 69 KV - ESTLD: 69 KV ] CONT:SFLTLNG8
FRONTERA:138KV-GOODWIN:138KV|DPROPOM5,2,3,4,4.788000106811523,11.592999935150146,4.788000106811523,18.156999811530113,5,2026-06-17,0.13333333333333333,0.05,2.388888888888889,1.0,1.687999963760376,3.784999966621399,0.0,18.156999811530113,,,13.026703985071736, 904T485_1 [ FRONTERA: 138 KV - GOODWIN: 138 KV ] CONT:DPROPOM5
SN:138KV-STR:138KV|SVLGLO8,2,5,4,2.7260000705718994,4.468000091612339,19.016437530517578,158.5767893642187,7,2026-07-14,0.13333333333333333,0.08333333333333333,1.535714285714286,,,,130.36578904092312,28.211000323295593,,,12.998284790104764, SN_STR26_A [ SN: 138 KV - STR: 138 KV ] CONT:SVLGLO8
PILONCIL:138KV-NLARSW:138KV|DLOFOAV5,3,10,6,5.886000156402588,14.80700021982193,81.57771301269531,417.72637951374054,13,2026-07-06,0.2,0.16666666666666666,1.188679245283019,,,,0.956000030040741,416.7703794836998,,,12.993750363593705,NLARSW_PILONC1_1 [PILONCIL: 138 KV -NLARSW: 138 KV ] CONT:DLOFOAV5
TRSES:1KV-TRSES:138KV|BASE,2,1,6,1.2009999752044678,2.300999950617552,1.2009999752044678,2.311999950557947,3,2026-07-13,0.13333333333333333,0.016666666666666666,5.375000000000001,7.0,0.3100000023841858,1.0820000004023314,2.300999950617552,0.010999999940395355,,,12.977488478819716, TRSES_MR6L [ TRSES: 1 KV - TRSES: 138 KV ] CONT:BASE CASE
CATARINA:138KV-ASHERTON:138KV|DFOAVLO5,2,14,2,1.5752882957458496,3.089288353919983,255.69554138183594,597.2422408461571,16,2026-07-06,0.13333333333333333,0.23333333333333334,0.589041095890411,4.0,6.404157638549805,21.366157710552216,22.34644564986229,574.8957951962948,,,12.972331251260256, ASHERT_CATARI1_1 [ CATARINA: 138 KV - ASHERTON: 138 KV ] CONT:DFOAVLO5
BOG:138KV-AZ:138KV|SQNMCB28,3,3,12,0.25,1.4470000015571713,0.25,3.3919999811332673,6,2026-07-14,0.2,0.05,3.5,,,,3.3919999811332673,0.0,,,12.964364892907806, AZ_BOG85_A [ BOG: 138 KV - AZ: 138 KV ] CONT:SQNMCB28
BIGLAKE:138KV-RUSSEKST:138KV|DBIGSCH5,1,1,2,15.501999855041504,20.265999794006348,79.31600189208984,298.92900037765503,2,2026-07-08,0.06666666666666667,0.016666666666666666,2.875,,,,20.265999794006348,278.6630005836487,,,12.94213346138626, BIGLAK_RUSSEK1_1 [ BIGLAKE: 138 KV - RUSSEKST: 138 KV ] CONT:DBIGSCH5
MADDUX:138KV-TREADWEL:138KV|BASE,1,0,1,0.7059999704360962,0.7059999704360962,0.7059999704360962,0.7059999704360962,1,2026-07-12,0.06666666666666667,0.0,7.666666666666666,2.0,18.35099983215332,23.39799988269806,0.7059999704360962,0.0,,,12.874794626394078, MADDUX_TREADW1_1 [ MADDUX: 138 KV - TREADWEL: 138 KV ] CONT:BASE CASE
PSA:138KV-BCV:138KV|SSCJFS8,1,1,3,52.35350799560547,91.84183502197266,52.35350799560547,105.20955657958984,2,2026-06-19,0.06666666666666667,0.016666666666666666,2.875,,,,0.0,105.20955657958984,,,12.859983008368422, BCVPSA03_A [ PSA: 138 KV - BCV: 138 KV ] CONT:SSCJFS8
E_HARRIS:69KV-LA_PALMA:69KV|XOLE89,3,1,9,0.019999999552965164,0.1279999976977706,0.019999999552965164,0.14399999752640724,4,2026-07-08,0.2,0.016666666666666666,7.875000000000001,,,,0.14399999752640724,0.0,,,12.831282400733295, E_HARR_LA_PAL1_1 [ E_HARRIS: 69 KV - LA_PALMA: 69 KV ] CONT:XOLE89
BLESSING:69KV-PALACIOS:69KV|SPLAVIC9,2,0,2,0.25200000405311584,0.31600000709295273,0.25200000405311584,0.31600000709295273,2,2026-07-12,0.13333333333333333,0.0,14.333333333333334,,,,0.31600000709295273,0.0,,,12.807930209621997, BLESSI_PALACI1_1 [ BLESSING: 69 KV - PALACIOS: 69 KV ] CONT:SPLAVIC9
CBY:1KV-CBY:138.1KV|DCHBJO25,2,0,8,0.32600000500679016,0.484000003663823,0.32600000500679016,0.484000003663823,2,2026-06-16,0.13333333333333333,0.0,14.333333333333334,,,,0.0,0.484000003663823,,,12.782199044284065, CBY_AT1L [ CBY: 1 KV - CBY: 138.1 KV ] CONT:DCHBJO25
SAMSW:345KV-VENSW:345KV|SFTSFVL5,3,3,4,0.8080000281333923,1.561999998986721,1.2130000591278076,3.4960000589489937,6,2026-07-07,0.2,0.05,3.5,,,,2.0210000872612,1.4749999716877937,,,12.752605443414435, 35055__A [ SAMSW: 345 KV - VENSW: 345 KV ] CONT:SFTSFVL5
SCHNDR:345KV-BIGHIL:345KV|SBI2SCH5,1,0,4,2.240000009536743,5.629000008106232,2.240000009536743,5.629000008106232,1,2026-07-08,0.06666666666666667,0.0,7.666666666666666,,,,5.629000008106232,0.0,,,12.734224168144838, SCHNDR_BIGHIL_1 [ SCHNDR: 345 KV - BIGHIL: 345 KV ] CONT:SBI2SCH5
MAGRUDER:138KV-VICTORIA:138.1KV|XMAG89,3,6,11,0.2709999978542328,1.1379999881610274,4.683000087738037,56.077000013552606,9,2026-07-10,0.2,0.1,1.9090909090909092,,,,21.561999923549592,34.515000090003014,,,12.68052840444794, MAGRUD_VICTOR2_1 [ MAGRUDER: 138 KV - VICTORIA: 138.1 KV ] CONT:XMAG89
SANDMO:69KV-CTECBU:69KV|SBUCCOR9,2,10,4,2.0969998836517334,6.053999945521355,81.6520004272461,452.14599876105785,12,2026-06-29,0.13333333333333333,0.16666666666666666,0.8113207547169812,,,,191.74500001221895,260.4009987488389,,,12.65858712375817, 34T267_1 [ SANDMO: 69 KV - CTECBU: 69 KV ] CONT:SBUCCOR9
GANSO:138KV-ESCONDID:138KV|SBRAESC8,2,9,4,4.886000156402588,7.711000099778175,19.67099952697754,99.4719992429018,11,2026-07-10,0.13333333333333333,0.15,0.8958333333333334,,,,99.4719992429018,0.0,,,12.623264701898728,ESCOND_GANSO1_1 [GANSO: 138 KV -ESCONDID: 138 KV ] CONT:SBRAESC8
FLTCK:138.1KV-FLTCK:138KV|BASE,1,27,1,4.0279998779296875,4.0279998779296875,26.98900032043457,504.73700316622853,28,2026-07-10,0.06666666666666667,0.45,0.16666666666666666,8.0,19.68199920654297,183.2769979648292,27.197000071406364,477.54000309482217,,,12.60583718235219, SSI_TLINE_1 [ FLTCK: 138.1 KV - FLTCK: 138 KV ] CONT:BASE CASE
CMNSW:138KV-CMNTP:138KV|DKLNRGP5,1,3,1,35.93000030517578,35.93000030517578,35.93000030517578,124.42010003328323,4,2026-07-08,0.06666666666666667,0.05,1.2777777777777777,,,,35.93000030517578,88.49009972810745,,,12.589905459962653, 651__B [ CMNSW: 138 KV - CMNTP: 138 KV ] CONT:DKLNRGP5
SNDSW:345KV-SNDSW:1KV|MWCRSD58,2,10,2,8.559000015258789,16.935999870300293,18.031999588012695,383.58399967476726,12,2026-07-05,0.13333333333333333,0.16666666666666666,0.8113207547169812,,,,26.126999974250793,357.45699970051646,,,12.587780778079111, SNDSW_MR1H [ SNDSW: 345 KV - SNDSW: 1 KV ] CONT:MWCRSD58
ASHERTON:138KV-CATARINA:138KV|DLOBCEN5,1,19,1,1.2350000143051147,1.2350000143051147,14.95199966430664,176.55399994552135,20,2026-07-09,0.06666666666666667,0.31666666666666665,0.2346938775510204,15.0,16.114999771118164,199.78200137615204,97.45100002735853,79.10299991816282,,,12.583220023760614, ASHERT_CATARI1_1 [ ASHERTON: 138 KV - CATARINA: 138 KV ] CONT:DLOBCEN5
LOYOLA:138KV-KLEBERG:138.1KV|SNEDREF5,1,2,2,19.58799934387207,32.839999198913574,19.58799934387207,117.9119983613491,3,2026-06-24,0.06666666666666667,0.03333333333333333,1.769230769230769,,,,18.786000221967697,99.12599813938141,,,12.576904980671193, KLEBER_LOYOLA1_1 [ LOYOLA: 138 KV - KLEBERG: 138.1 KV ] CONT:SNEDREF5
GILLCR:138KV-MCNEIL_:138KV|SGILTRI8,2,15,2,2.5390000343322754,4.982000112533569,62.2599983215332,490.70399752259254,17,2026-07-02,0.13333333333333333,0.25,0.5512820512820513,,,,443.2139967083931,47.49000081419945,,,12.572607440917311, 211T147_1 [ GILLCR: 138 KV - MCNEIL_: 138 KV ] CONT:SGILTRI8
NLARSW:138KV-PILONCIL:138KV|SBEVASH8,2,10,7,0.3319999873638153,1.060999995097518,2.5959999561309814,14.313999777659774,12,2026-06-16,0.13333333333333333,0.16666666666666666,0.8113207547169812,22.0,20.8700008392334,299.2980010583997,0.0,14.313999777659774,,,12.571731101526535, NLARSW_PILONC1_1 [ NLARSW: 138 KV - PILONCIL: 138 KV ] CONT:SBEVASH8
COTULAS:69KV-HOLANDS:69KV|DLOFOAV5,1,0,1,13.854000091552734,13.854000091552734,13.854000091552734,13.854000091552734,1,2026-06-01,0.06666666666666667,0.0,7.666666666666666,,,,0.0,13.854000091552734,,,12.525856541176033, COT_HOLA_1 [ COTULAS: 69 KV - HOLANDS: 69 KV ] CONT:DLOFOAV5
FTST:138KV-LEONCRK:138KV|STNAAVI8,2,0,2,0.09099999815225601,0.17799999564886093,0.09099999815225601,0.17799999564886093,2,2026-07-07,0.13333333333333333,0.0,14.333333333333334,,,,0.08699999749660492,0.09099999815225601,,,12.49838065014358, 138_FTS_LNC_1 [ FTST: 138 KV - LEONCRK: 138 KV ] CONT:STNAAVI8
FPPYD1:345KV-LOSTPINE:345KV|DFPPHOL5,1,0,1,1.2890000343322754,1.2890000343322754,1.2890000343322754,1.2890000343322754,1,2026-06-16,0.06666666666666667,0.0,7.666666666666666,4.0,1.496000051498413,14.070000166073442,0.0,1.2890000343322754,,,12.433331355672513, CKT_3132_1 [ FPPYD1: 345 KV - LOSTPINE: 345 KV ] CONT:DFPPHOL5
LYTTON_S:138KV-PILOT:138KV|DLYTTUR8,1,2,2,9.875,13.282000064849854,18.51300048828125,89.92700061202049,3,2026-07-14,0.06666666666666667,0.03333333333333333,1.769230769230769,,,,89.92700061202049,0.0,,,12.42675149961964, CKT_943_1 [ LYTTON_S: 138 KV - PILOT: 138 KV ] CONT:DLYTTUR8
CBY:138.1KV-BT:138KV|XCB2Y58,1,4,17,37.707000732421875,260.0550013780594,37.707000732421875,349.38400117121637,5,2026-06-02,0.06666666666666667,0.06666666666666667,1.0,,,,0.0,349.38400117121637,,,12.426538219236082, BT_CBY88_A [ CBY: 138.1 KV - BT: 138 KV ] CONT:XCB2Y58
PUTN:138KV-LENSW:138KV|STUDLEN8,3,10,8,3.5320000648498535,5.6810000985860825,14.107999801635742,23.455999869853258,13,2026-07-14,0.2,0.16666666666666666,1.188679245283019,,,,3.953000068664551,19.502999801188707,,,12.398791470814013, LENSW_PUTN2_1 [ PUTN: 138 KV - LENSW: 138 KV ] CONT:STUDLEN8
DOWNIES:138KV-READING:138KV|DRAZHON8,2,4,6,3.013000011444092,5.317999955266714,5.064000129699707,19.762000124901533,6,2026-07-12,0.13333333333333333,0.06666666666666667,1.8695652173913047,3.0,1.940999984741211,3.1040000319480896,3.013000011444092,16.74900011345744,,,12.381702057496723, DOWNIE_READIN1_1 [ DOWNIES: 138 KV - READING: 138 KV ] CONT:DRAZHON8
ODESA:138KV-ODNTH:138KV|DODEMOS5,1,19,2,9.295999526977539,15.306999683380127,157.19200134277344,1746.1507389415056,20,2026-06-25,0.06666666666666667,0.31666666666666665,0.2346938775510204,2.0,11.258000373840332,29.365000009536743,16.27299976348877,1729.8777391780168,,,12.370009927800492, 6475__F [ ODESA: 138 KV - ODNTH: 138 KV ] CONT:DODEMOS5
HAMILTON:138KV-MAVERICK:138KV|SBRAESC8,2,21,5,0.7699999809265137,1.8079999834299088,84.71199798583984,359.6813747137785,23,2026-07-09,0.13333333333333333,0.35,0.3981481481481482,2.0,10.464805603027344,23.975705087184906,30.619649410247803,329.0617253035307,,,12.362392163414825, HAMILT_MAVERI1_1 [ HAMILTON: 138 KV - MAVERICK: 138 KV ] CONT:SBRAESC8
ORNGROV:69KV-SNDIEGS:69KV|DLOFOAV5,3,9,5,4.2779998779296875,11.756999940611422,8.833000183105469,94.81400051806122,12,2026-07-06,0.2,0.15,1.3125,,,,0.007000000216066837,94.80700051784515,,,12.339339485527745, SND_ORAN_1 [ ORNGROV: 69 KV - SNDIEGS: 69 KV ] CONT:DLOFOAV5
BISON:69KV-STRS:69KV|SES2FRI8,1,10,4,5.511000156402588,9.152000173926353,118.00299835205078,930.5800071507692,11,2026-06-13,0.06666666666666667,0.16666666666666666,0.43396226415094336,22.0,42.8129997253418,309.62899977434427,0.0,930.5800071507692,,,12.29642967482421, BISON_STRS1_1 [ BISON: 69 KV - STRS: 69 KV ] CONT:SES2FRI8
RGRSW:138KV-LSPOI:138KV|DSWELNC5,1,0,1,4.400000095367432,4.400000095367432,4.400000095367432,4.400000095367432,1,2026-07-03,0.06666666666666667,0.0,7.666666666666666,,,,4.400000095367432,0.0,,,12.272850433329559, 6285__G [ RGRSW: 138 KV - LSPOI: 138 KV ] CONT:DSWELNC5
SOLSTICE:138KV-FTST:138KV|MNORNEV5,3,3,5,0.2590000033378601,0.9880000203847885,0.3269999921321869,1.468000017106533,6,2026-07-14,0.2,0.05,3.5,,,,1.468000017106533,0.0,,,12.220481952792127, FTST_SOLSTI1_1 [ SOLSTICE: 138 KV - FTST: 138 KV ] CONT:MNORNEV5
FPPYD1:345KV-WINCHES:345KV|SCISLYT5,1,0,5,4.0370001792907715,10.957000255584717,4.0370001792907715,10.957000255584717,1,2026-06-15,0.06666666666666667,0.0,7.666666666666666,,,,0.0,10.957000255584717,,,12.200428101529262, CKT_3132_1 [ FPPYD1: 345 KV - WINCHES: 345 KV ] CONT:SCISLYT5
BDGSW:345KV-KRWSW:345KV|DJCKWCS5,3,8,8,1.0870000123977661,2.412999987602234,1.0870000123977661,8.504000016488135,11,2026-07-14,0.2,0.13333333333333333,1.4651162790697676,1.0,0.15600000321865082,0.15900000324472785,6.394999996758997,2.1090000197291374,,,12.196265073644177, 37015__A [ BDGSW: 345 KV - KRWSW: 345 KV ] CONT:DJCKWCS5
OAKC:138KV-OAKC:138.1KV|SABNABM8,1,0,1,4.171999931335449,4.171999931335449,4.171999931335449,4.171999931335449,1,2026-07-13,0.06666666666666667,0.0,7.666666666666666,,,,4.171999931335449,0.0,,,12.175786505235271, OAKC_SERDEV1_1 [ OAKC: 138 KV - OAKC: 138.1 KV ] CONT:SABNABM8
FROWS:138KV-MCLSW:138KV|SMCLWNE8,1,20,12,169.39016723632812,573.8843211531639,959.1305541992188,21119.690128087997,21,2026-06-18,0.06666666666666667,0.3333333333333333,0.2233009708737864,,,,0.0,21119.690128087997,,,12.135912016097466, 1025__B [ FROWS: 138 KV - MCLSW: 138 KV ] CONT:SMCLWNE8
NORTMC:138KV-CROSSOVE:138KV|DNOESGT5,1,0,1,10.32699966430664,10.32699966430664,10.32699966430664,10.32699966430664,1,2026-05-28,0.06666666666666667,0.0,7.666666666666666,,,,0.0,10.32699966430664,,,12.119236587933134, CROSSO_NORTMC1_1 [ NORTMC: 138 KV - CROSSOVE: 138 KV ] CONT:DNOESGT5
CMNSW:138KV-CMNTP:138KV|DCMBCPS8,1,3,2,15.39799976348877,28.866000175476074,40.400001525878906,177.78000247478485,4,2026-07-04,0.06666666666666667,0.05,1.2777777777777777,,,,28.866000175476074,148.91400229930878,,,12.112222536323108, 651__B [ CMNSW: 138 KV - CMNTP: 138 KV ] CONT:DCMBCPS8
STER:69KV-STCO:69KV|DNOETWL5,1,1,1,3.993000030517578,3.993000030517578,38.7239990234375,86.23599815368652,2,2026-06-15,0.06666666666666667,0.016666666666666666,2.875,2.0,23.458999633789062,36.45099925994873,0.0,86.23599815368652,,,12.09872578697765, STCO_STER1_1 [ STER: 69 KV - STCO: 69 KV ] CONT:DNOETWL5
BCPSW:138KV-AZLES:138KV|SSPRVAL8,1,0,1,10.131999969482422,10.131999969482422,10.131999969482422,10.131999969482422,1,2026-06-15,0.06666666666666667,0.0,7.666666666666666,,,,0.0,10.131999969482422,,,12.09318850944344,6275_D        @BCPSW||LN||6275_D||_D [BCPSW: 138 KV -AZLES: 138 KV ] CONT:SSPRVAL8
WINCHES:138KV-GIDEON:138KV|DAUSLOS5,2,1,2,0.8289999961853027,1.559000015258789,1.9119999408721924,3.4709999561309814,3,2026-07-14,0.13333333333333333,0.016666666666666666,5.375000000000001,,,,3.4709999561309814,0.0,,,12.089786183424094, 190T152_1 [ WINCHES: 138 KV - GIDEON: 138 KV ] CONT:DAUSLOS5
HUBRD:138KV-HAN1:138KV|XTRS258,1,15,1,7.989999771118164,7.989999771118164,12.045999526977539,143.42883956432343,16,2026-06-30,0.06666666666666667,0.25,0.2948717948717948,1.0,12.383000373840332,22.084000412374735,44.71884071826935,98.70999884605408,,,12.075426921568802,1210__B [HUBRD: 138 KV -HAN1: 138 KV ] CONT:XTRS258
MERCURY:345KV-LIBERTY:345KV|BASE,1,5,3,3.1549999713897705,5.88700008392334,6.429999828338623,32.03799947351217,6,2026-07-10,0.06666666666666667,0.08333333333333333,0.8214285714285714,4.0,3.125999927520752,14.46099990606308,32.03799947351217,0.0,,,12.054881267462415, LIBER_MERCU_1_A [ MERCURY: 345 KV - LIBERTY: 345 KV ] CONT:BASE CASE
HAMILTON:138KV-MAXWELL:138KV|SLGDSAP8,1,1,2,2.194000005722046,2.29500000923872,2.194000005722046,2.748000018298626,2,2026-07-07,0.06666666666666667,0.016666666666666666,2.875,6.0,9.829000473022461,25.13000053167343,2.29500000923872,0.453000009059906,,,12.009634972501939, HAMILT_MAXWEL1_1 [ HAMILTON: 138 KV - MAXWELL: 138 KV ] CONT:SLGDSAP8
TRSES:138KV-NPKTP:138KV|DTRSTRC5,1,0,2,2.6989998817443848,3.800999879837036,2.6989998817443848,3.800999879837036,1,2026-07-13,0.06666666666666667,0.0,7.666666666666666,,,,3.800999879837036,0.0,,,12.008307208230265, 1852__A [ TRSES: 138 KV - NPKTP: 138 KV ] CONT:DTRSTRC5
PALOUSE:138KV-WOLFCAMP:138KV|SFTLMES8,1,16,2,18.159000396728516,25.53200054168701,33.185001373291016,211.49800267419778,17,2026-07-08,0.06666666666666667,0.26666666666666666,0.2771084337349397,3.0,1.9220000505447388,4.608999982476234,29.17300057411194,182.32500210008584,,,11.93090589230378,PALOUS_WOLFCA1@PALOUSE||LN||PALOUS_WOLFCA1||1 [PALOUSE: 138 KV -WOLFCAMP: 138 KV ] CONT:SFTLMES8
HENDRICK:138KV-ABNTHWST:138KV|SHENPAI8,1,0,1,0.8199999928474426,0.8199999928474426,0.8199999928474426,0.8199999928474426,1,2026-06-16,0.06666666666666667,0.0,7.666666666666666,16.0,1.1549999713897705,11.26800005021505,0.0,0.8199999928474426,,,11.883701744143385, ABNTHW_HENDRI1_1 [ HENDRICK: 138 KV - ABNTHWST: 138 KV ] CONT:SHENPAI8
MGSES:345KV-MGSES:1KV|XMGS658,2,3,7,1.1360000371932983,4.312999978661537,1.1360000371932983,7.1090000085532665,5,2026-07-14,0.13333333333333333,0.05,2.388888888888889,2.0,0.13500000536441803,0.16600000485777855,6.834000006318092,0.2750000022351742,,,11.864175303142332, MGSES_MR1H [ MGSES: 345 KV - MGSES: 1 KV ] CONT:XMGS658
LPLNW:115KV-LPLMD:115KV|SBWDDBM5,0,2,0,,0.0,31.854999542236328,99.83670330047607,2,2026-07-11,0.0,0.03333333333333333,0.23076923076923075,2.0,1698.2137451171875,2320.6219272613525,99.83670330047607,0.0,,,11.833066228366635, LPLNW_LPLMD_1 [ LPLNW: 115 KV - LPLMD: 115 KV ] CONT:SBWDDBM5
BLESSING:138KV-BLESSING:69KV|SP_LNCA9,1,0,1,8.305999755859375,8.305999755859375,8.305999755859375,8.305999755859375,1,2026-06-15,0.06666666666666667,0.0,7.666666666666666,,,,0.0,8.305999755859375,,,11.824441738841669, BLESSING_69A1 [ BLESSING: 138 KV - BLESSING: 69 KV ] CONT:SP_LNCA9
HUTTO:138KV-RRNES:138KV|BASE,1,1,5,12.121999740600586,45.51699924468994,12.121999740600586,52.364999175071716,2,2026-06-23,0.06666666666666667,0.016666666666666666,2.875,,,,0.0,52.364999175071716,,,11.823363719828357, 1660__C [ HUTTO: 138 KV - RRNES: 138 KV ] CONT:BASE CASE
MAXWELL:138KV-HAMILTON:138KV|DFRIILL8,1,7,4,0.4880000054836273,0.9710000082850456,11.125778198242188,50.544273160398006,8,2026-07-01,0.06666666666666667,0.11666666666666667,0.6052631578947367,8.0,18.503000259399414,340.6683993935585,6.819999985396862,43.724273175001144,,,11.814028750706541, HAMILT_MAXWEL1_1 [ MAXWELL: 138 KV - HAMILTON: 138 KV ] CONT:DFRIILL8
MAXWELL:138KV-HAMILTON:138KV|SODLBRA8,2,4,4,4.2270002365112305,9.821000218391418,4.861000061035156,19.69700038433075,6,2026-07-05,0.13333333333333333,0.06666666666666667,1.8695652173913047,,,,2.7649999856948853,16.932000398635864,,,11.729025537538641, HAMILT_MAXWEL1_1 [ MAXWELL: 138 KV - HAMILTON: 138 KV ] CONT:SODLBRA8
PUTN:138KV-LENSW:138KV|DGRSLNC5,2,11,8,3.8559999465942383,21.89300012588501,15.581999778747559,211.86900022625923,13,2026-07-04,0.13333333333333333,0.18333333333333332,0.7413793103448276,,,,5.184000015258789,206.68500021100044,,,11.72675329291063, LENSW_PUTN2_1 [ PUTN: 138 KV - LENSW: 138 KV ] CONT:DGRSLNC5
MISAE:345KV-TESLA:345KV|BASE,3,4,6,0.382999986410141,0.8449999876320362,0.382999986410141,2.20899997651577,7,2026-07-04,0.2,0.06666666666666667,2.7391304347826093,4.0,0.3319999873638153,1.141999981366098,0.09300000220537186,2.115999974310398,,,11.703712768891906, MISAE_TESLA1_1 [ MISAE: 345 KV - TESLA: 345 KV ] CONT:BASE CASE
DANSBY:138KV-GOODLAND:138KV|XHRN89,1,0,1,1.0089999437332153,1.0089999437332153,1.0089999437332153,1.0089999437332153,1,2026-07-06,0.06666666666666667,0.0,7.666666666666666,3.0,1.274999976158142,4.173000004142523,1.0089999437332153,0.0,,,11.691588919989528, GOOD_DAN_1 [ DANSBY: 138 KV - GOODLAND: 138 KV ] CONT:XHRN89
CBY:1KV-CBY:138KV|DCHBJO25,1,0,1,0.003000000026077032,0.003000000026077032,0.003000000026077032,0.003000000026077032,1,2026-06-16,0.06666666666666667,0.0,7.666666666666666,5.0,5.127999782562256,23.357999684289098,0.0,0.003000000026077032,,,11.675806336272448, CBY_AT3L [ CBY: 1 KV - CBY: 138 KV ] CONT:DCHBJO25
GARZA:1KV-GARZA:69KV|SLISBAT8,2,4,2,5.1620001792907715,5.620000183582306,7.682000160217285,20.468000441789627,6,2026-07-01,0.13333333333333333,0.06666666666666667,1.8695652173913047,,,,8.14000016450882,12.328000277280807,,,11.657119977411028, GARZA_XF1L [ GARZA: 1 KV - GARZA: 69 KV ] CONT:SLISBAT8
FARMLAND:345KV-W_LD_345:345KV|DCOTWR25,2,20,4,11.565999984741211,27.059943795204163,59.04270935058594,664.227264107205,22,2026-07-09,0.13333333333333333,0.3333333333333333,0.41747572815533984,,,,7.538999989628792,656.6882641175762,,,11.656630435694819,FARMLAND_LONGD@W_LD_345||LN||FARMLAND_LONGD||1 [FARMLAND: 345 KV -W_LD_345: 345 KV ] CONT:DCOTWR25
WC:138KV-DA:138KV|SEBHUG8,1,0,1,3.1014983654022217,3.1014983654022217,3.1014983654022217,3.1014983654022217,1,2026-07-05,0.06666666666666667,0.0,7.666666666666666,,,,3.1014983654022217,0.0,,,11.653995562389136,DA_WC_89_A [WC: 138 KV -DA: 138 KV ] CONT:SEBHUG8
CBY:1KV-CBY:138KV|BASE,3,10,5,1.0110000371932983,2.248000018298626,1.7480000257492065,20.876000016229227,13,2026-07-13,0.2,0.16666666666666666,1.188679245283019,,,,6.6649999637156725,14.211000052513555,,,11.644452355255105, CBY_A2BL [ CBY: 1 KV - CBY: 138 KV ] CONT:BASE CASE
FTST:138KV-LEONCRK:138KV|SSO3FTS8,3,7,11,0.3799999952316284,1.6869999915361404,0.6970000267028809,7.470000002533197,10,2026-07-08,0.2,0.11666666666666667,1.6578947368421053,,,,4.010999977588654,3.459000024944544,,,11.623967679698627, 138_FTS_LNC_1 [ FTST: 138 KV - LEONCRK: 138 KV ] CONT:SSO3FTS8
PUTN:138KV-LENSW:138KV|SGTNLAC8,2,12,4,0.6570000052452087,1.4890000075101852,28.35300064086914,528.1189962085336,14,2026-07-03,0.13333333333333333,0.2,0.6825396825396826,,,,491.1009967364371,37.01799947209656,,,11.57774762277476, LENSW_PUTN2_1 [ PUTN: 138 KV - LENSW: 138 KV ] CONT:SGTNLAC8
FTST:138KV-SOLSTICE:138KV|SKINODE5,1,0,5,0.8740000128746033,2.900000035762787,0.8740000128746033,2.900000035762787,1,2026-07-08,0.06666666666666667,0.0,7.666666666666666,,,,2.900000035762787,0.0,,,11.540650013247594,FTST_SOLSTI1_1 [FTST: 138 KV -SOLSTICE: 138 KV ] CONT:SKINODE5
LENSW:138KV-PUTN:138KV|BASE,2,9,2,0.1469999998807907,0.16499999910593033,2.5829999446868896,13.011000044643879,11,2026-07-03,0.13333333333333333,0.15,0.8958333333333334,22.0,6.583000183105469,196.78000037372112,0.1469999998807907,12.864000044763088,,,11.538074798466111, LENSW_PUTN2_1 [ LENSW: 138 KV - PUTN: 138 KV ] CONT:BASE CASE
MOURSUND:138KV-RAYBURN:138.1KV|SFURVAN8,2,10,5,2.0320000648498535,7.43500018119812,2.0320000648498535,27.662000031210482,12,2026-07-14,0.13333333333333333,0.16666666666666666,0.8113207547169812,,,,27.662000031210482,0.0,,,11.497432593510183, RAY_MOURSUND_1 [ MOURSUND: 138 KV - RAYBURN: 138.1 KV ] CONT:SFURVAN8
WCRYSTS:69KV-CARIZOS:69KV|SBE2ASH8,1,7,2,17.34000015258789,31.21399974822998,73.19200134277344,407.03599836677313,8,2026-07-11,0.06666666666666667,0.11666666666666667,0.6052631578947367,,,,43.0989990234375,363.93699934333563,,,11.46829262585566, WCR_CARI_1 [ WCRYSTS: 69 KV - CARIZOS: 69 KV ] CONT:SBE2ASH8
HUBRD:138KV-HAN1:138KV|SBOSELM5,1,8,7,11.682999610900879,47.49700054526329,20.391752243041992,226.36904320120811,9,2026-06-26,0.06666666666666667,0.13333333333333333,0.5348837209302325,,,,21.408999919891357,204.96004328131676,,,11.439713801633363,1210__B [HUBRD: 138 KV -HAN1: 138 KV ] CONT:SBOSELM5
TMPCR:138KV-TMPSW:138.1KV|DTMETMP8,1,6,2,9.571000099182129,18.272000312805176,215.8979949951172,583.4659938812256,7,2026-06-27,0.06666666666666667,0.1,0.6969696969696969,,,,91.23899841308594,492.22699546813965,,,11.417799573182009, 1295__A [ TMPCR: 138 KV - TMPSW: 138.1 KV ] CONT:DTMETMP8
PHBL_TAP:69KV-STRS:69KV|SOZNFRI9,1,5,8,28.03499984741211,159.10700225830078,103.16899871826172,827.926996588707,6,2026-06-12,0.06666666666666667,0.08333333333333333,0.8214285714285714,,,,0.0,827.926996588707,,,11.412626901385071, PHBL_T_STRS1_1 [ PHBL_TAP: 69 KV - STRS: 69 KV ] CONT:SOZNFRI9
LAKENASW:69KV-SAMATHIS:69KV|SFTLMES8,1,3,1,2.4820001125335693,2.4820001125335693,8.510000228881836,15.185000360012054,4,2026-06-17,0.06666666666666667,0.05,1.2777777777777777,1.0,90.51300048828125,155.54600143432617,0.0,15.185000360012054,,,11.394361142587535, LAKENA_SAMATH1_1 [ LAKENASW: 69 KV - SAMATHIS: 69 KV ] CONT:SFTLMES8
CHERRYCR:69KV-CHERRTAP:69KV|BASE,3,7,3,0.7570000290870667,0.9510000348091125,1.1039999723434448,7.289000116521493,10,2026-07-10,0.2,0.11666666666666667,1.6578947368421053,,,,5.760000079870224,1.5290000366512686,,,11.368383366971093, CHERRT_CHERRY1_1 [ CHERRYCR: 69 KV - CHERRTAP: 69 KV ] CONT:BASE CASE
TINSLEY:138KV-CTHR:138KV|SASPUVA8,1,1,1,3.9489998817443848,3.9489998817443848,17.488000869750977,46.945000529289246,2,2026-07-14,0.06666666666666667,0.016666666666666666,2.875,,,,46.945000529289246,0.0,,,11.364956155262142, CTHR_TINSLE1_1 [ TINSLEY: 138 KV - CTHR: 138 KV ] CONT:SASPUVA8
NLARSW:138KV-PILONCIL:138KV|SILLFTL8,2,3,3,1.3930000066757202,1.6230000108480453,2.6470000743865967,7.902000095578842,5,2026-07-03,0.13333333333333333,0.05,2.388888888888889,2.0,2.01200008392334,6.777000069618225,0.23000000417232513,7.672000091406517,,,11.314415674609116, NLARSW_PILONC1_1 [ NLARSW: 138 KV - PILONCIL: 138 KV ] CONT:SILLFTL8
JUNG_SLR:69KV-MCFSW:69KV|BASE,2,3,2,3.822000026702881,4.160000026226044,3.822000026702881,9.602000072598457,5,2026-07-03,0.13333333333333333,0.05,2.388888888888889,,,,3.822000026702881,5.7800000458955765,,,11.302802784668021, 2343__A [ JUNG_SLR: 69 KV - MCFSW: 69 KV ] CONT:BASE CASE
ODEHV:138KV-RTRSW:138KV|DODEMOS5,3,17,4,1.2039999961853027,2.0630000196397305,60.722999572753906,769.3349950183183,20,2026-07-07,0.2,0.2833333333333333,0.7159090909090909,,,,13.02199998125434,756.312995037064,,,11.279391960989926, 6525__A [ ODEHV: 138 KV - RTRSW: 138 KV ] CONT:DODEMOS5
FLGRV:138KV-HWPOD:138KV|DDMTBCK8,1,1,3,3.7230000495910645,8.876000165939331,3.7230000495910645,8.931000165641308,2,2026-07-05,0.06666666666666667,0.016666666666666666,2.875,,,,8.876000165939331,0.054999999701976776,,,11.216379062057664, 6137__B [ FLGRV: 138 KV - HWPOD: 138 KV ] CONT:DDMTBCK8
RIONOG:345KV-CLEASP:345KV|SRIOCL25,2,12,12,1.187999963760376,5.1260000029578805,1.8930000066757202,22.226000119931996,14,2026-07-10,0.13333333333333333,0.2,0.6825396825396826,12.0,0.4099999964237213,2.3149999789893627,8.97500010766089,13.251000012271106,,,11.203245213978263, CLEASP_RION1_1 [ RIONOG: 345 KV - CLEASP: 345 KV ] CONT:SRIOCL25
NEVILLSW:345KV-NORTMC:345KV|DBIGSCH5,2,2,4,0.34700000286102295,0.8329999856650829,0.8230000138282776,3.2780000381171703,4,2026-07-12,0.13333333333333333,0.03333333333333333,3.307692307692308,3.0,0.6779999732971191,3.282000035047531,0.8329999856650829,2.4450000524520874,,,11.199023610506654, NEVILL_NORTMC_1 [ NEVILLSW: 345 KV - NORTMC: 345 KV ] CONT:DBIGSCH5
BLESSING:69KV-PALACIOS:69KV|DELNHST5,2,1,3,0.37299999594688416,0.8980000168085098,0.37299999594688416,1.1500000208616257,3,2026-07-14,0.13333333333333333,0.016666666666666666,5.375000000000001,,,,1.1500000208616257,0.0,,,11.092454225580923, BLESSI_PALACI1_1 [ BLESSING: 69 KV - PALACIOS: 69 KV ] CONT:DELNHST5
WDBSW:138KV-HLSBR:138KV|SBLURDH8,1,3,4,37.535926818847656,79.57379627227783,37.535926818847656,142.4456398487091,4,2026-06-13,0.06666666666666667,0.05,1.2777777777777777,,,,0.0,142.4456398487091,,,11.053361158977982,1275__A [WDBSW: 138 KV -HLSBR: 138 KV ] CONT:SBLURDH8
BLESSING:138KV-BLESSING:69KV|SLANARR8,1,0,2,3.055000066757202,4.562000036239624,3.055000066757202,4.562000036239624,1,2026-06-16,0.06666666666666667,0.0,7.666666666666666,,,,0.0,4.562000036239624,,,11.052389391551138, BLESSING_69A1 [ BLESSING: 138 KV - BLESSING: 69 KV ] CONT:SLANARR8
GOODWIN:138KV-L_GRULLA:138KV|DPRNPOM5,1,0,1,4.499000072479248,4.499000072479248,4.499000072479248,4.499000072479248,1,2026-06-19,0.06666666666666667,0.0,7.666666666666666,,,,0.0,4.499000072479248,,,11.035302154119295, 984T485_1 [ GOODWIN: 138 KV - L_GRULLA: 138 KV ] CONT:DPRNPOM5
BLESSING:345KV-BLESSING:138KV|DELNHST5,2,2,3,0.04800000041723251,0.07700000144541264,23.430999755859375,28.15199969150126,4,2026-07-11,0.13333333333333333,0.03333333333333333,3.307692307692308,,,,28.15199969150126,0.0,,,11.02186873196667, BLESSING_1382 [ BLESSING: 345 KV - BLESSING: 138 KV ] CONT:DELNHST5
ASHERTON:138KV-CATARINA:138KV|SRA2D18,1,0,1,2.0820000171661377,2.0820000171661377,2.0820000171661377,2.0820000171661377,1,2026-07-05,0.06666666666666667,0.0,7.666666666666666,,,,2.0820000171661377,0.0,,,11.011004918612505, ASHERT_CATARI1_1 [ ASHERTON: 138 KV - CATARINA: 138 KV ] CONT:SRA2D18
FBRSW:345KV-THSES:345KV|STCRTHS5,2,5,2,2.88700008392334,3.3230000734329224,20.54199981689453,35.30099978297949,7,2026-07-10,0.13333333333333333,0.08333333333333333,1.535714285714286,,,,13.741999946534634,21.558999836444855,,,11.005375953961693,505__B [FBRSW: 345 KV -THSES: 345 KV ] CONT:STCRTHS5
FTST:138KV-SOLSTICE:138KV|DBAKCED5,1,1,6,1.465999960899353,5.373000055551529,3.2669999599456787,16.86300018429756,2,2026-07-08,0.06666666666666667,0.016666666666666666,2.875,,,,16.86300018429756,0.0,,,11.003791134577238, FTST_SOLSTI1_1 [ FTST: 138 KV - SOLSTICE: 138 KV ] CONT:DBAKCED5
PK:138KV-DT:138KV|DWO5_EU8,1,3,4,41.17300033569336,75.95199978351593,437.8217468261719,1115.0784307718277,4,2026-06-09,0.06666666666666667,0.05,1.2777777777777777,,,,0.0,1115.0784307718277,,,10.984373698480049, DT_PK_91_A [ PK: 138 KV - DT: 138 KV ] CONT:DWO5_EU8
GARZA:138KV-GARZA:1KV|SGOOFRO8,1,7,8,1.7910000085830688,5.19100003875792,1458.333251953125,4016.632938716095,8,2026-06-30,0.06666666666666667,0.11666666666666667,0.6052631578947367,,,,622.1359996795654,3394.4969390365295,,,10.98058165429067, GARZA_XF1H [ GARZA: 138 KV - GARZA: 1 KV ] CONT:SGOOFRO8
FNDSW:138KV-ARCO__:138KV|SCRNODE8,1,3,2,7.98199987411499,12.896999835968018,10.678000450134277,56.19399976730347,4,2026-07-10,0.06666666666666667,0.05,1.2777777777777777,,,,28.023999452590942,28.170000314712524,,,10.943202684280102, 15130__A [ FNDSW: 138 KV - ARCO__: 138 KV ] CONT:SCRNODE8
CBY:1KV-CBY:138KV|XCB2Y58,1,0,1,4.169000148773193,4.169000148773193,4.169000148773193,4.169000148773193,1,2026-06-19,0.06666666666666667,0.0,7.666666666666666,,,,0.0,4.169000148773193,,,10.94247166055369, CBY_A2BL [ CBY: 1 KV - CBY: 138 KV ] CONT:XCB2Y58
CBY:345KV-CBY:1KV|XCB2Y58,1,0,1,4.169000148773193,4.169000148773193,4.169000148773193,4.169000148773193,1,2026-06-19,0.06666666666666667,0.0,7.666666666666666,,,,0.0,4.169000148773193,,,10.94247166055369, CBY_AT2B [ CBY: 345 KV - CBY: 1 KV ] CONT:XCB2Y58
NCARBIDE:138KV-NCARBIDE:69KV|XNCA89,1,0,1,0.6209999918937683,0.6209999918937683,0.6209999918937683,0.6209999918937683,1,2026-07-13,0.06666666666666667,0.0,7.666666666666666,1.0,2.7760000228881836,2.7760000228881836,0.6209999918937683,0.0,,,10.893965287348612, NCARBIDE_69A1 [ NCARBIDE: 138 KV - NCARBIDE: 69 KV ] CONT:XNCA89
WESTSIDE:138KV-MCKENZIE:138KV|SOXYLON8,2,2,7,1.093000054359436,2.861000046133995,1.093000054359436,3.416000045835972,4,2026-06-04,0.13333333333333333,0.03333333333333333,3.307692307692308,3.0,0.24500000476837158,0.5890000090003014,0.0,3.416000045835972,,,10.87070123688577, MCKENZ_WESTSI1_1 [ WESTSIDE: 138 KV - MCKENZIE: 138 KV ] CONT:SOXYLON8
KB:138KV-GT:138KV|SMDOOAS5,1,2,1,6.86899995803833,6.86899995803833,6.86899995803833,22.45900011062622,3,2026-07-04,0.06666666666666667,0.03333333333333333,1.769230769230769,1.0,0.40299999713897705,0.40299999713897705,22.45900011062622,0.0,,,10.855158684360253, GT_KB_37_A [ KB: 138 KV - GT: 138 KV ] CONT:SMDOOAS5
FTST:138KV-LEONCRK:138KV|DALASOA8,1,1,1,0.7049999833106995,0.7049999833106995,0.7049999833106995,0.7119999835267663,2,2026-06-15,0.06666666666666667,0.016666666666666666,2.875,9.0,11.014902114868164,53.07590437680483,0.0,0.7119999835267663,,,10.854373336025901,138_FTS_LNC_1 [FTST: 138 KV -LEONCRK: 138 KV ] CONT:DALASOA8
KENEDSW:138KV-KARNESCI:138KV|SE4LEO8,1,0,2,2.5869998931884766,3.6709998846054077,2.5869998931884766,3.6709998846054077,1,2026-06-15,0.06666666666666667,0.0,7.666666666666666,,,,0.0,3.6709998846054077,,,10.790512483283363, KARNES_KENEDS1_1 [ KENEDSW: 138 KV - KARNESCI: 138 KV ] CONT:SE4LEO8
BNDVS:138KV-WYLIESW:138KV|SSHERYS8,1,2,4,4.8470001220703125,11.728999972343445,6.531000137329102,22.56000030040741,3,2026-07-01,0.06666666666666667,0.03333333333333333,1.769230769230769,,,,11.728999972343445,10.831000328063965,,,10.779445161593769, WYLIE_BENDA_1 [ BNDVS: 138 KV - WYLIESW: 138 KV ] CONT:SSHERYS8
FERGUS:138KV-WIRTZ:138KV|DFERWIR8,1,5,5,9.395999908447266,28.45400021970272,15.05026626586914,228.2064854130149,6,2026-07-14,0.06666666666666667,0.08333333333333333,0.8214285714285714,,,,11.31700050830841,216.88948490470648,,,10.75634331271324, 40T189_1 [ FERGUS: 138 KV - WIRTZ: 138 KV ] CONT:DFERWIR8
PALACIOS:69KV-CARANCUA:69KV|DVICDUP8,1,0,1,3.5290000438690186,3.5290000438690186,3.5290000438690186,3.5290000438690186,1,2026-06-16,0.06666666666666667,0.0,7.666666666666666,,,,0.0,3.5290000438690186,,,10.744204509450604, CARANC_PALACI1_1 [ PALACIOS: 69 KV - CARANCUA: 69 KV ] CONT:DVICDUP8
HUTTO:138KV-RRNES:138KV|SANGSDI5,1,1,3,13.4399995803833,21.625999689102173,13.4399995803833,50.697999358177185,2,2026-06-23,0.06666666666666667,0.016666666666666666,2.875,,,,0.0,50.697999358177185,,,10.742286499061244, 1660__C [ HUTTO: 138 KV - RRNES: 138 KV ] CONT:SANGSDI5
WESTSIDE:138KV-MCKENZIE:138KV|DNUEGIL8,1,0,1,3.499000072479248,3.499000072479248,3.499000072479248,3.499000072479248,1,2026-05-28,0.06666666666666667,0.0,7.666666666666666,,,,0.0,3.499000072479248,,,10.734235497013788, MCKENZ_WESTSI1_1 [ WESTSIDE: 138 KV - MCKENZIE: 138 KV ] CONT:DNUEGIL8
BLESSING:69KV-PALACIOS:69KV|DAJOSTE5,2,2,3,0.45500001311302185,0.8690000101923943,2.049999952316284,5.3729999996721745,4,2026-07-04,0.13333333333333333,0.03333333333333333,3.307692307692308,,,,5.3729999996721745,0.0,,,10.708365037921606, BLESSI_PALACI1_1 [ BLESSING: 69 KV - PALACIOS: 69 KV ] CONT:DAJOSTE5
L_463S:138KV-VICTORIA:138.1KV|SFURVAN8,2,3,2,3.4760000705718994,4.422000050544739,7.074999809265137,14.678999811410904,5,2026-07-01,0.13333333333333333,0.05,2.388888888888889,,,,0.9459999799728394,13.732999831438065,,,10.696535439533658, LOOP_VICTORIA_1 [ L_463S: 138 KV - VICTORIA: 138.1 KV ] CONT:SFURVAN8
FURHMAN:138KV-RAYBURN:138.1KV|SFURVAN8,3,38,10,4.422999858856201,11.665999874472618,14.295000076293945,292.43499920750037,41,2026-06-23,0.2,0.6333333333333333,0.3264248704663213,,,,0.0,292.43499920750037,,,10.655843608999522, RAYBUR_FURHMAN_1 [ FURHMAN: 138 KV - RAYBURN: 138.1 KV ] CONT:SFURVAN8
VANBLTSS:69KV-VANBLT69:69KV|SFURRAY8,1,8,7,53.874000549316406,133.6870002746582,119.50559997558594,898.0409835577011,9,2026-06-11,0.06666666666666667,0.13333333333333333,0.5348837209302325,,,,0.0,898.0409835577011,,,10.639794234048729,VAN_VNDB_1 [VANBLTSS: 69 KV -VANBLT69: 69 KV ] CONT:SFURRAY8
DOWNIES:138KV-MOORE:138KV|DRAZSA89,2,18,2,2.4170000553131104,4.288000106811523,60.4690055847168,352.4929228723049,20,2026-07-10,0.13333333333333333,0.3,0.4623655913978495,,,,52.128746807575226,300.3641760647297,,,10.617864976545878, 2585_1 [ DOWNIES: 138 KV - MOORE: 138 KV ] CONT:DRAZSA89
SNDSW:345KV-SNDSW:1KV|MSNDWEY5,2,5,2,1.312999963760376,1.4229999631643295,17.77199935913086,64.64799879491329,7,2026-07-05,0.13333333333333333,0.08333333333333333,1.535714285714286,,,,25.71199917793274,38.93599961698055,,,10.58277039444577, SNDSW_MR1H [ SNDSW: 345 KV - SNDSW: 1 KV ] CONT:MSNDWEY5
ASHERTON:138KV-CATARINA:138KV|SBE2ASH8,2,8,4,1.5579999685287476,4.753000020980835,9.965999603271484,68.10800003260374,10,2026-07-07,0.13333333333333333,0.13333333333333333,1.0,3.0,0.45500001311302185,0.7130000069737434,4.753000020980835,63.355000011622906,,,10.554561053531101, ASHERT_CATARI1_1 [ ASHERTON: 138 KV - CATARINA: 138 KV ] CONT:SBE2ASH8
BCPSW:138KV-AZLES:138KV|XCMB58,1,2,2,20.41200065612793,37.606000900268555,20.41200065612793,51.84000074863434,3,2026-06-16,0.06666666666666667,0.03333333333333333,1.769230769230769,,,,0.0,51.84000074863434,,,10.535820335171337,6275_D        @BCPSW||LN||6275_D||_D [BCPSW: 138 KV -AZLES: 138 KV ] CONT:XCMB58
YELWJCKT:138KV-FORTMA:138KV|STREMAD8,2,17,2,3.181999921798706,3.8369998931884766,14.694000244140625,131.00900082476437,19,2026-07-10,0.13333333333333333,0.2833333333333333,0.48863636363636365,,,,51.22500076703727,79.7840000577271,,,10.524694525404175, FORTMA_YELWJC1_1 [ YELWJCKT: 138 KV - FORTMA: 138 KV ] CONT:STREMAD8
FTCHADBT:138KV-OAKC:138KV|SNICBLU8,1,0,1,1.4789999723434448,1.4789999723434448,1.4789999723434448,1.4789999723434448,1,2026-07-01,0.06666666666666667,0.0,7.666666666666666,,,,1.4789999723434448,0.0,,,10.52112704232773, FTCHAD_OAKC1_1 [ FTCHADBT: 138 KV - OAKC: 138 KV ] CONT:SNICBLU8
SCSES:345KV-SCSES:1KV|STYGMLS5,1,1,6,5.126999855041504,17.81599986553192,11.180999755859375,54.37999904155731,2,2026-05-28,0.06666666666666667,0.016666666666666666,2.875,,,,0.0,54.37999904155731,,,10.465698335270542, SCSES_MR1H [ SCSES: 345 KV - SCSES: 1 KV ] CONT:STYGMLS5
SCSES:1KV-SCSES:138KV|STYGMLS5,1,1,6,5.126999855041504,17.81599986553192,11.180999755859375,54.37999904155731,2,2026-05-28,0.06666666666666667,0.016666666666666666,2.875,,,,0.0,54.37999904155731,,,10.465698335270542, SCSES_MR1L [ SCSES: 1 KV - SCSES: 138 KV ] CONT:STYGMLS5
CMNSW:1KV-CMNSW:138KV|SCMNCPS5,1,4,2,6.035999774932861,11.675999641418457,8.746000289916992,31.72300010919571,5,2026-07-01,0.06666666666666667,0.06666666666666667,1.0,,,,29.474000111222267,2.248999997973442,,,10.451662560513189, CMNSW_MR1L [ CMNSW: 1 KV - CMNSW: 138 KV ] CONT:SCMNCPS5
FURHMAN:138KV-VANBLTSS:138KV|BASE,1,3,3,9.48253345489502,14.327479064464569,9.48253345489502,28.553617015480995,4,2026-07-11,0.06666666666666667,0.05,1.2777777777777777,,,,11.372138023376465,17.18147899210453,,,10.450657036736084, FURHMAN_VANDB_1 [ FURHMAN: 138 KV - VANBLTSS: 138 KV ] CONT:BASE CASE
MIDW:69KV-OZONA:69KV|SCROPAL8,2,18,2,1.6330000162124634,2.044000029563904,101.72599792480469,1230.9170016795397,20,2026-07-10,0.13333333333333333,0.3,0.4623655913978495,,,,126.30200009047985,1104.6150015890598,,,10.444846515118169, MIDW_OZONA1_1 [ MIDW: 69 KV - OZONA: 69 KV ] CONT:SCROPAL8
CRTRVLLE:138KV-HILGR:138KV|MLNGPR25,1,10,5,79.72100067138672,133.30100059509277,476.3017272949219,4896.955481529236,11,2026-06-23,0.06666666666666667,0.16666666666666666,0.43396226415094336,,,,0.0,4896.955481529236,,,10.431449611125961,16050_B       @CRTRVLLE||LN||16050_B||_B [CRTRVLLE: 138 KV -HILGR: 138 KV ] CONT:MLNGPR25
CRDSW:69KV-OLNEY:69KV|SMULMUL5,1,1,1,0.7450000047683716,0.7450000047683716,106.5790023803711,107.32400238513947,2,2026-07-13,0.06666666666666667,0.016666666666666666,2.875,,,,107.32400238513947,0.0,,,10.412613894588343, 6830__B [ CRDSW: 69 KV - OLNEY: 69 KV ] CONT:SMULMUL5
ESTES:138KV-SOLANUM:138KV|XGRS58,1,0,1,1.3569999933242798,1.3569999933242798,1.3569999933242798,1.3569999933242798,1,2026-07-05,0.06666666666666667,0.0,7.666666666666666,,,,1.3569999933242798,0.0,,,10.407579395583937, ESTES_SOLANU1_1 [ ESTES: 138 KV - SOLANUM: 138 KV ] CONT:XGRS58
VICTORIA:138.1KV-MAGRUDER:138KV|SMUL7RN8,1,9,5,9.748000144958496,23.722000241279602,9.748000144958496,123.5249999910593,10,2026-07-01,0.06666666666666667,0.15,0.47916666666666663,,,,23.722000241279602,99.8029997497797,,,10.391747075157296, MAGRUD_VICTOR2_1 [ VICTORIA: 138.1 KV - MAGRUDER: 138 KV ] CONT:SMUL7RN8
MAXWELL:138KV-HAMILTON:138KV|DBUCRGP5,1,0,1,2.559999942779541,2.559999942779541,2.559999942779541,2.559999942779541,1,2026-06-22,0.06666666666666667,0.0,7.666666666666666,,,,0.0,2.559999942779541,,,10.38309354124628, HAMILT_MAXWEL1_1 [ MAXWELL: 138 KV - HAMILTON: 138 KV ] CONT:DBUCRGP5
LENSW:138KV-PUTN:138KV|SODEOEC5,2,2,2,1.7280000448226929,2.1630000472068787,1.7280000448226929,6.245000071823597,4,2026-07-08,0.13333333333333333,0.03333333333333333,3.307692307692308,,,,0.4350000023841858,5.810000069439411,,,10.379362076847958, LENSW_PUTN2_1 [ LENSW: 138 KV - PUTN: 138 KV ] CONT:SODEOEC5
ARROZ:138KV-EL_CAMPO:138KV|DHUGWR_8,1,1,1,5.784999847412109,5.784999847412109,17.139999389648438,28.56899917125702,2,2026-07-06,0.06666666666666667,0.016666666666666666,2.875,,,,5.784999847412109,22.78399932384491,,,10.371744097711044,ARROZ_EL_CAM1 @ARROZ||LN||ARROZ_EL_CAM1||1 [ARROZ: 138 KV -EL_CAMPO: 138 KV ] CONT:DHUGWR_8
LENSW:138KV-PUTN:138KV|SBWNCTL5,1,0,1,2.5139999389648438,2.5139999389648438,2.5139999389648438,2.5139999389648438,1,2026-06-19,0.06666666666666667,0.0,7.666666666666666,,,,0.0,2.5139999389648438,,,10.363585206653765, LENSW_PUTN2_1 [ LENSW: 138 KV - PUTN: 138 KV ] CONT:SBWNCTL5
PUTN:138KV-LENSW:138KV|XCMN58,2,7,5,2.5309998989105225,5.729999884963036,7.02400016784668,43.77700007241219,9,2026-07-05,0.13333333333333333,0.11666666666666667,1.131578947368421,,,,4.150999903678894,39.6260001687333,,,10.35984481359634, LENSW_PUTN2_1 [ PUTN: 138 KV - LENSW: 138 KV ] CONT:XCMN58
LKWHITNY:138KV-LKWHITNY:69KV|XOLS89,1,0,2,0.31700000166893005,0.4050000011920929,0.31700000166893005,0.4050000011920929,1,2026-07-12,0.06666666666666667,0.0,7.666666666666666,1.0,1.8170000314712524,1.8170000314712524,0.4050000011920929,0.0,,,10.279209181303147, LKWHITNY_IAT1 [ LKWHITNY: 138 KV - LKWHITNY: 69 KV ] CONT:XOLS89
WESTSIDE:138KV-MCKENZIE:138KV|DKOCNUE8,1,0,1,2.319999933242798,2.319999933242798,2.319999933242798,2.319999933242798,1,2026-05-28,0.06666666666666667,0.0,7.666666666666666,,,,0.0,2.319999933242798,,,10.278399892291326, MCKENZ_WESTSI1_1 [ WESTSIDE: 138 KV - MCKENZIE: 138 KV ] CONT:DKOCNUE8
OAKC:138KV-OAKC:138.1KV|DBLUBUF8,1,1,2,3.0769999027252197,4.983999848365784,3.0769999027252197,6.576999798417091,2,2026-07-14,0.06666666666666667,0.016666666666666666,2.875,,,,6.576999798417091,0.0,,,10.266108798672773, OAKC_SERDEV1_1 [ OAKC: 138 KV - OAKC: 138.1 KV ] CONT:DBLUBUF8
TYLSW:138KV-RLAKE:138KV|MDHLYTC5,1,0,1,1.2009999752044678,1.2009999752044678,1.2009999752044678,1.2009999752044678,1,2026-07-03,0.06666666666666667,0.0,7.666666666666666,,,,1.2009999752044678,0.0,,,10.253504278437301, 700__H [ TYLSW: 138 KV - RLAKE: 138 KV ] CONT:MDHLYTC5
VICTORIA:138.1KV-L_463S:138KV|SCOLPAW5,1,0,1,0.33799999952316284,0.33799999952316284,0.33799999952316284,0.33799999952316284,1,2026-06-15,0.06666666666666667,0.0,7.666666666666666,2.0,1.4589999914169312,2.809999942779541,0.0,0.33799999952316284,,,10.252845864204716, LOOP_VICTORIA_1 [ VICTORIA: 138.1 KV - L_463S: 138 KV ] CONT:SCOLPAW5
LARDVNTH:138KV-LASCRUCE:138KV|DFOAVLO5,0,6,0,,0.0,68.54199981689453,281.2548219151795,6,2026-05-17,0.0,0.1,0.09090909090909091,11.0,428.1099853515625,21537.793996214867,0.0,281.2548219151795,,,10.23864509107816,LARDVN_LASCRU1_1 [LARDVNTH: 138 KV -LASCRUCE: 138 KV ] CONT:DFOAVLO5
ESTES:138KV-SOLANUM:138KV|XCMN58,1,0,1,1.180999994277954,1.180999994277954,1.180999994277954,1.180999994277954,1,2026-07-05,0.06666666666666667,0.0,7.666666666666666,,,,1.180999994277954,0.0,,,10.2329655884009, ESTES_SOLANU1_1 [ ESTES: 138 KV - SOLANUM: 138 KV ] CONT:XCMN58
PSA:138KV-BCV:138KV|SMDOOAS5,1,1,1,14.98222541809082,14.98222541809082,71.59966278076172,166.29301071166992,2,2026-06-20,0.06666666666666667,0.016666666666666666,2.875,,,,0.0,166.29301071166992,,,10.220852778442492, BCVPSA03_A [ PSA: 138 KV - BCV: 138 KV ] CONT:SMDOOAS5
FALCNSW:138KV-ROMA_SW:138.1KV|DCE_RIO5,1,0,1,1.159999966621399,1.159999966621399,1.159999966621399,1.159999966621399,1,2026-07-01,0.06666666666666667,0.0,7.666666666666666,,,,1.159999966621399,0.0,,,10.211196212106906, FALCNS_ROMA_S1_1 [ FALCNSW: 138 KV - ROMA_SW: 138.1 KV ] CONT:DCE_RIO5
SAMSW:345KV-VENSW:345KV|DTCRTHS5,0,12,0,,0.0,77.30596923828125,2767.288375429809,12,2026-07-10,0.0,0.2,0.047619047619047616,6.0,76.4529800415039,1085.8503712527454,59.749001026153564,2707.5393744036555,,,10.210662250163136, 35055__A [ SAMSW: 345 KV - VENSW: 345 KV ] CONT:DTCRTHS5
MGPSW:138KV-CMNSW:138KV|SBRNCMP8,1,0,2,0.7639999985694885,1.1590000092983246,0.7639999985694885,1.1590000092983246,1,2026-07-13,0.06666666666666667,0.0,7.666666666666666,,,,1.1590000092983246,0.0,,,10.210154348698865, 663__A [ MGPSW: 138 KV - CMNSW: 138 KV ] CONT:SBRNCMP8
RIONOG:345KV-CLEASP:345KV|SRIOCLE5,2,7,12,1.187999963760376,5.1260000029578805,1.187999963760376,13.251000012271106,9,2026-06-13,0.13333333333333333,0.11666666666666667,1.131578947368421,12.0,0.4099999964237213,2.3149999789893627,0.0,13.251000012271106,,,10.18785961547807, CLEASP_RION2_1 [ RIONOG: 345 KV - CLEASP: 345 KV ] CONT:SRIOCLE5
MATADOR:69KV-PADR:69KV|SMATMUL9,1,4,1,0.5070000290870667,0.5070000290870667,2.071000099182129,5.770000107586384,5,2026-07-03,0.06666666666666667,0.06666666666666667,1.0,13.0,12.204999923706055,166.23200012324378,0.5770000293850899,5.193000078201294,,,10.15564826569427, MATADO_PADUCA1_1 [ MATADOR: 69 KV - PADR: 69 KV ] CONT:SMATMUL9
BDGSW:345KV-KRWSW:345KV|DRILKRW5,2,12,2,1.777999997138977,2.044999986886978,1.777999997138977,8.01500005973503,14,2026-07-14,0.13333333333333333,0.2,0.6825396825396826,2.0,1.625,5.496000051498413,2.962999988347292,5.052000071387738,,,10.135102042682808, 37015__A [ BDGSW: 345 KV - KRWSW: 345 KV ] CONT:DRILKRW5
NLARSW:138KV-PILONCIL:138KV|DRAFOMI8,3,5,4,0.11299999803304672,0.3320000022649765,4.880000114440918,28.804000113159418,8,2026-07-04,0.2,0.08333333333333333,2.2500000000000004,,,,0.24300000071525574,28.561000112444162,,,10.129133209580884, NLARSW_PILONC1_1 [ NLARSW: 138 KV - PILONCIL: 138 KV ] CONT:DRAFOMI8
TYLSW:138KV-RLAKE:138KV|MDHLYEK5,1,0,1,1.0820000171661377,1.0820000171661377,1.0820000171661377,1.0820000171661377,1,2026-07-03,0.06666666666666667,0.0,7.666666666666666,,,,1.0820000171661377,0.0,,,10.128442949545166, 700__H [ TYLSW: 138 KV - RLAKE: 138 KV ] CONT:MDHLYEK5
SCHERT:138KV-PARKWA:138KV|DHILMAR5,0,8,0,,0.0,114.17584991455078,391.59884445369244,8,2026-06-18,0.0,0.13333333333333333,0.06976744186046512,27.0,1032.6763916015625,19327.850189696997,0.0,391.59884445369244,,,10.071677929617346, 361T361_1 [ SCHERT: 138 KV - PARKWA: 138 KV ] CONT:DHILMAR5
MADDUX:138KV-TREADWEL:138KV|DBIGSCH5,1,0,2,0.6230000257492065,1.0090000331401825,0.6230000257492065,1.0090000331401825,1,2026-07-12,0.06666666666666667,0.0,7.666666666666666,,,,1.0090000331401825,0.0,,,10.048136228299594,MADDUX_TREADW1@MADDUX||LN||MADDUX_TREADW1||1 [MADDUX: 138 KV -TREADWEL: 138 KV ] CONT:DBIGSCH5
ELARA_SL:138KV-ELARA:138KV|BASE,3,24,3,0.25200000405311584,0.32900000363588333,5.14900016784668,38.52000013459474,27,2026-07-12,0.2,0.4,0.5121951219512195,1.0,0.4099999964237213,0.4099999964237213,14.039999980479479,24.48000015411526,,,10.043951818494268, ELARA_ELARSOL_1 [ ELARA_SL: 138 KV - ELARA: 138 KV ] CONT:BASE CASE
MCNEIL_:138KV-MCNEIL:138KV|DAUSDUN8,2,5,3,1.6699999570846558,3.23199999332428,6.821000099182129,33.709000051021576,7,2026-07-01,0.13333333333333333,0.08333333333333333,1.535714285714286,,,,3.1610000133514404,30.548000037670135,,,10.02475471497331, MCN_MCN_1 [ MCNEIL_: 138 KV - MCNEIL: 138 KV ] CONT:DAUSDUN8
TREADWEL:138KV-YELWJCKT:138KV|SFERFER8,1,4,1,0.37599998712539673,0.37599998712539673,2.4709999561309814,4.152999974787235,5,2026-07-13,0.06666666666666667,0.06666666666666667,1.0,2.0,12.895000457763672,84.5769998729229,2.846999943256378,1.306000031530857,,,10.01809939764671, TREADW_YELWJC1_1 [ TREADWEL: 138 KV - YELWJCKT: 138 KV ] CONT:SFERFER8
HAMILTON:138KV-MAXWELL:138KV|DRAZSA89,1,0,3,0.4339999854564667,0.9809999763965607,0.4339999854564667,0.9809999763965607,1,2026-07-07,0.06666666666666667,0.0,7.666666666666666,,,,0.9809999763965607,0.0,,,10.016556698613497, HAMILT_MAXWEL1_1 [ HAMILTON: 138 KV - MAXWELL: 138 KV ] CONT:DRAZSA89
BLESSING:138KV-BLESSING:69KV|SLCLAN8,1,0,1,1.718999981880188,1.718999981880188,1.718999981880188,1.718999981880188,1,2026-06-16,0.06666666666666667,0.0,7.666666666666666,,,,0.0,1.718999981880188,,,9.978848986539397, BLESSING_69A1 [ BLESSING: 138 KV - BLESSING: 69 KV ] CONT:SLCLAN8
BIG_FOOT:138KV-PLEASANT:138KV|DDILPE89,0,6,0,,0.0,60.25600051879883,326.2890043258667,6,2026-07-02,0.0,0.1,0.09090909090909091,20.0,202.67076110839844,2708.1737410128117,9.420000076293945,316.86900424957275,,,9.923228388473557,BIG_FO_PLEASA1@PLEASANT||LN||BIG_FO_PLEASA1||1 [BIG_FOOT: 138 KV -PLEASANT: 138 KV ] CONT:DDILPE89
BLESSING:69KV-PALACIOS:69KV|SVICCIT8,1,0,1,0.8820000290870667,0.8820000290870667,0.8820000290870667,0.8820000290870667,1,2026-07-04,0.06666666666666667,0.0,7.666666666666666,,,,0.8820000290870667,0.0,,,9.901206625451943, BLESSI_PALACI1_1 [ BLESSING: 69 KV - PALACIOS: 69 KV ] CONT:SVICCIT8
AMPOI:138KV-FRMRSVLW:138KV|BASE,1,0,2,0.8700000047683716,0.8800000045448542,0.8700000047683716,0.8800000045448542,1,2026-07-13,0.06666666666666667,0.0,7.666666666666666,,,,0.8800000045448542,0.0,,,9.898814251393617, 138_FVT_FVW_1 [ AMPOI: 138 KV - FRMRSVLW: 138 KV ] CONT:BASE CASE
COLETO:138KV-VICTORIA:138.1KV|SVICCO28,1,24,4,1.4149999618530273,2.5679999589920044,18.499000549316406,620.3789990628138,25,2026-07-14,0.06666666666666667,0.4,0.18699186991869915,5.0,2.4639999866485596,5.509999956935644,118.20499923825264,502.1739998245612,,,9.881247573702378, COLETO_VICTOR2_1 [ COLETO: 138 KV - VICTORIA: 138.1 KV ] CONT:SVICCO28
CMBSW:138KV-DCDAM:138KV|SCRDJON5,1,3,8,8.006999969482422,35.70199990272522,8.006999969482422,43.83199977874756,4,2026-06-15,0.06666666666666667,0.05,1.2777777777777777,,,,0.0,43.83199977874756,,,9.873847796681563, 915__E [ CMBSW: 138 KV - DCDAM: 138 KV ] CONT:SCRDJON5
MAXWELL:138KV-HAMILTON:138KV|SDIMBEV8,1,0,1,1.534000039100647,1.534000039100647,1.534000039100647,1.534000039100647,1,2026-05-28,0.06666666666666667,0.0,7.666666666666666,,,,0.0,1.534000039100647,,,9.873151394054144, HAMILT_MAXWEL1_1 [ MAXWELL: 138 KV - HAMILTON: 138 KV ] CONT:SDIMBEV8
LOBO:138KV-LARDVNTH:138KV|SLARDUS8,2,23,19,4.480999946594238,25.81099984049797,111.2820816040039,845.930470451247,25,2026-06-04,0.13333333333333333,0.38333333333333336,0.3644067796610169,,,,0.0,845.930470451247,,,9.865377589233752,LARDVN_LOBO2  @LOBO||LN||LARDVN_LOBO2||1 [LOBO: 138 KV -LARDVNTH: 138 KV ] CONT:SLARDUS8
FREER:69KV-SAN_DIEG:69KV|DLOFOAV5,1,6,3,9.847999572753906,26.713999271392822,47.95000076293945,220.02900257706642,7,2026-06-27,0.06666666666666667,0.1,0.6969696969696969,,,,4.0219999849796295,216.0070025920868,,,9.77981009269382, FREER_SAN_DI1_1 [ FREER: 69 KV - SAN_DIEG: 69 KV ] CONT:DLOFOAV5
RS:138KV-FB:138KV|SLCDYN8,2,5,6,2.181999921798706,6.312999904155731,2.181999921798706,19.863017350435257,7,2026-06-22,0.13333333333333333,0.08333333333333333,1.535714285714286,,,,0.0,19.863017350435257,,,9.775906460372537, FB_RS_60_A [ RS: 138 KV - FB: 138 KV ] CONT:SLCDYN8
LFSTW:138KV-DIBOL:138KV|SNAVMBP5,3,16,12,0.49900001287460327,3.0010000113397837,3.630000114440918,17.42300025653094,19,2026-06-18,0.2,0.26666666666666666,0.7590361445783134,,,,0.0,17.42300025653094,,,9.77411454079922, 1370__B [ LFSTW: 138 KV - DIBOL: 138 KV ] CONT:SNAVMBP5
WHTNY:69KV-WND:69KV|SGRBBNK9,1,1,4,1.1759999990463257,3.1700000166893005,1.1759999990463257,4.956000059843063,2,2026-07-01,0.06666666666666667,0.016666666666666666,2.875,1.0,0.25200000405311584,0.25200000405311584,4.956000059843063,0.0,,,9.76855266770253, 100027_D_1 [ WHTNY: 69 KV - WND: 69 KV ] CONT:SGRBBNK9
NVKSW:69KV-ANARN:69KV|SSCLWF18,1,16,1,21.086000442504883,21.086000442504883,85.79620361328125,1078.7034625560045,17,2026-07-10,0.06666666666666667,0.26666666666666666,0.2771084337349397,,,,22.84000039100647,1055.863462164998,,,9.754735018385944, 6840__B [ NVKSW: 69 KV - ANARN: 69 KV ] CONT:SSCLWF18
BLESSING:345KV-BLESSING:138KV|DSTPREF5,1,27,10,3.3610000610351562,16.483000196516514,87.5687255859375,1196.3676604703069,28,2026-07-02,0.06666666666666667,0.45,0.16666666666666666,,,,52.99100022763014,1143.3766602426767,,,9.745908554333134, BLESSING_1382 [ BLESSING: 345 KV - BLESSING: 138 KV ] CONT:DSTPREF5
V_DUPSW:138KV-BIGTRE:138KV|SJOSBRO8,1,3,3,5.360000133514404,9.308000162243843,5.360000133514404,18.609000116586685,4,2026-07-07,0.06666666666666667,0.05,1.2777777777777777,,,,9.308000162243843,9.300999954342842,,,9.718671620616307, BIGTRE_V_DUPS1_1 [ V_DUPSW: 138 KV - BIGTRE: 138 KV ] CONT:SJOSBRO8
LOBO:138KV-LARDVNTH:138KV|MLARDUS8,2,29,19,4.480999946594238,25.81099984049797,40.733001708984375,696.4364330214448,31,2026-06-11,0.13333333333333333,0.48333333333333334,0.29054054054054057,,,,0.0,696.4364330214448,,,9.698401830524901,LARDVN_LOBO2  @LOBO||LN||LARDVN_LOBO2||1 [LOBO: 138 KV -LARDVNTH: 138 KV ] CONT:MLARDUS8
VICTORIA:138.1KV-MAGRUDER:138KV|XVI2C89,1,6,3,0.2669999897480011,0.6499999910593033,5.388999938964844,12.698999874293804,7,2026-06-21,0.06666666666666667,0.1,0.6969696969696969,3.0,79.1989974975586,209.81099939346313,0.0,12.698999874293804,,,9.688657306138628, MAGRUD_VICTOR2_1 [ VICTORIA: 138.1 KV - MAGRUDER: 138 KV ] CONT:XVI2C89
PALACIOS:69KV-BLESSING:69KV|XBLE58,1,1,2,3.005000114440918,3.7200000882148743,3.005000114440918,4.267000079154968,2,2026-07-08,0.06666666666666667,0.016666666666666666,2.875,,,,4.267000079154968,0.0,,,9.637445932493808, BLESSI_PALACI1_1 [ PALACIOS: 69 KV - BLESSING: 69 KV ] CONT:XBLE58
BLESSING:69KV-PALACIOS:69KV|SANGSTA5,1,0,1,1.1480000019073486,1.1480000019073486,1.1480000019073486,1.1480000019073486,1,2026-05-28,0.06666666666666667,0.0,7.666666666666666,,,,0.0,1.1480000019073486,,,9.625258514361992, BLESSI_PALACI1_1 [ BLESSING: 69 KV - PALACIOS: 69 KV ] CONT:SANGSTA5
SOLSTICE:138KV-FTST:138KV|MNORODE5,1,0,3,0.29600000381469727,0.6509999930858612,0.29600000381469727,0.6509999930858612,1,2026-07-08,0.06666666666666667,0.0,7.666666666666666,,,,0.6509999930858612,0.0,,,9.606560359747935, FTST_SOLSTI1_1 [ SOLSTICE: 138 KV - FTST: 138 KV ] CONT:MNORODE5
SHBSW:345KV-POESW:345KV|MDHLYTC5,1,0,1,0.6499999761581421,0.6499999761581421,0.6499999761581421,0.6499999761581421,1,2026-07-13,0.06666666666666667,0.0,7.666666666666666,,,,0.6499999761581421,0.0,,,9.605197113351592, 350__B [ SHBSW: 345 KV - POESW: 345 KV ] CONT:MDHLYTC5
DOWNIES:138KV-READING:138KV|SMIEUVA8,1,1,3,2.068000078201294,4.775000095367432,2.302000045776367,7.077000141143799,2,2026-07-11,0.06666666666666667,0.016666666666666666,2.875,,,,2.302000045776367,4.775000095367432,,,9.589840667319349, DOWNIE_READIN1_1 [ DOWNIES: 138 KV - READING: 138 KV ] CONT:SMIEUVA8
ARANSASP:69KV-GREGORY:69KV|MGRGRIN9,1,1,10,1.690999984741211,9.354999974370003,1.690999984741211,10.893999978899956,2,2026-06-01,0.06666666666666667,0.016666666666666666,2.875,,,,0.0,10.893999978899956,,,9.569841226974553, ARANSA_GREGOR1_1 [ ARANSASP: 69 KV - GREGORY: 69 KV ] CONT:MGRGRIN9
SCSES:345KV-SCSES:1KV|DMLSDOR5,3,15,11,0.4269999861717224,1.3829999729059637,1.2130000591278076,6.673000030685216,18,2026-06-30,0.2,0.25,0.8076923076923077,,,,0.8260000199079514,5.847000010777265,,,9.530289315992514, SCSES_MR1H [ SCSES: 345 KV - SCSES: 1 KV ] CONT:DMLSDOR5
N_SHARPE:138KV-CELANEBI:138.1KV|SRAYRI38,1,0,2,0.35600000619888306,0.5160000026226044,0.35600000619888306,0.5160000026226044,1,2026-07-08,0.06666666666666667,0.0,7.666666666666666,1.0,0.11900000274181366,0.11900000274181366,0.5160000026226044,0.0,,,9.527057579977932, CELANE_N_SHAR1_1 [ N_SHARPE: 138 KV - CELANEBI: 138.1 KV ] CONT:SRAYRI38
TAV:138KV-BEA:138KV|BASE,3,23,9,0.3100000023841858,1.2359999977052212,19.115999221801758,171.39499906403944,26,2026-07-09,0.2,0.38333333333333336,0.5338983050847458,,,,2.771999981254339,168.6229990827851,,,9.486174071651474, BEATAV01_A [ TAV: 138 KV - BEA: 138 KV ] CONT:BASE CASE
REDSW:138KV-HTYTP:138KV|BASE,2,33,10,4.978000164031982,23.50500026345253,4.978000164031982,235.27900006622076,35,2026-06-12,0.13333333333333333,0.55,0.25595238095238093,,,,0.0,235.27900006622076,,,9.481998245887144, 1185__G [ REDSW: 138 KV - HTYTP: 138 KV ] CONT:BASE CASE
WC:138KV-WCOLMAIN:138KV|SWCOWC8,1,0,2,0.408160001039505,0.5605891644954681,0.408160001039505,0.5605891644954681,1,2026-07-08,0.06666666666666667,0.0,7.666666666666666,,,,0.5605891644954681,0.0,,,9.479845441959034,_WC_WCO2_1 [WC: 138 KV -WCOLMAIN: 138 KV ] CONT:SWCOWC8
VICTORIA:69KV-OCONNOR:69KV|SAIRNCA8,1,8,1,10.718000411987305,10.718000411987305,165.03700256347656,922.2909957170486,9,2026-07-02,0.06666666666666667,0.13333333333333333,0.5348837209302325,,,,26.957000732421875,895.3339949846268,,,9.475053844672573, REFUG_VICTO_1C_1 [ VICTORIA: 69 KV - OCONNOR: 69 KV ] CONT:SAIRNCA8
TRLSW:138KV-TERSO:138KV|DTRSEUS8,1,0,1,0.9350000023841858,0.9350000023841858,0.9350000023841858,0.9350000023841858,1,2026-06-01,0.06666666666666667,0.0,7.666666666666666,,,,0.0,0.9350000023841858,,,9.468613739630939, 1855__E [ TRLSW: 138 KV - TERSO: 138 KV ] CONT:DTRSEUS8
TRLSW:138KV-TERSO:138KV|DTRSMAN8,1,0,1,0.9350000023841858,0.9350000023841858,0.9350000023841858,0.9350000023841858,1,2026-06-01,0.06666666666666667,0.0,7.666666666666666,,,,0.0,0.9350000023841858,,,9.468613739630939, 1855__E [ TRLSW: 138 KV - TERSO: 138 KV ] CONT:DTRSMAN8
SAMSW:345KV-FVLSW:345KV|MBULSAM5,1,3,1,2.1019999980926514,2.1019999980926514,26.437999725341797,80.12898540496826,4,2026-07-10,0.06666666666666667,0.05,1.2777777777777777,,,,80.12898540496826,0.0,,,9.464701748035043,35045         @SAMSW||LN||35045||_A [SAMSW: 345 KV -FVLSW: 345 KV ] CONT:MBULSAM5
ESKSW:69KV-LONGWRTH:69KV|SSPUSLT8,1,5,2,2.6570000648498535,4.053000092506409,2.6570000648498535,17.6909996625036,6,2026-07-10,0.06666666666666667,0.08333333333333333,0.8214285714285714,1.0,1.1740000247955322,2.3240000009536743,13.637999569997191,4.053000092506409,,,9.442721105205402, 6780__A [ ESKSW: 69 KV - LONGWRTH: 69 KV ] CONT:SSPUSLT8
ASHERTON:138KV-CATARINA:138KV|DFOWSMG5,2,4,2,0.08900000154972076,0.10500000230967999,0.42800000309944153,1.7619999963790178,6,2026-07-10,0.13333333333333333,0.06666666666666667,1.8695652173913047,1.0,3.2360000610351562,3.2970000617206097,1.4180000014603138,0.34399999491870403,,,9.432372267635625, ASHERT_CATARI1_1 [ ASHERTON: 138 KV - CATARINA: 138 KV ] CONT:DFOWSMG5
MADDUX:138KV-SANTIAGO:138KV|SFTLMES8,1,1,1,0.20200000703334808,0.20200000703334808,1.284999966621399,1.486999973654747,2,2026-07-14,0.06666666666666667,0.016666666666666666,2.875,7.0,2.5420000553131104,10.125000029802322,1.486999973654747,0.0,,,9.432119947764736, MADDUX_SANTIA1_1 [ MADDUX: 138 KV - SANTIAGO: 138 KV ] CONT:SFTLMES8
UVALDE:69KV-LAPRYOR:69KV|XASH89,1,5,3,3.614000082015991,7.348000138998032,18.65999984741211,58.33799999952316,6,2026-07-10,0.06666666666666667,0.08333333333333333,0.8214285714285714,,,,23.815000027418137,34.522999972105026,,,9.390482609053715, LAPRYO_UVALDE1_1 [ UVALDE: 69 KV - LAPRYOR: 69 KV ] CONT:XASH89
SCSES:1KV-SCSES:138KV|DMLSDOR5,3,12,11,0.4269999861717224,1.3829999729059637,1.2130000591278076,5.847000010777265,15,2026-06-23,0.2,0.2,1.0,,,,0.0,5.847000010777265,,,9.381981821800167, SCSES_MR1L [ SCSES: 1 KV - SCSES: 138 KV ] CONT:DMLSDOR5
BLESSING:69KV-PALACIOS:69KV|SSTPSTA5,1,0,1,0.49300000071525574,0.49300000071525574,0.49300000071525574,0.49300000071525574,1,2026-07-06,0.06666666666666667,0.0,7.666666666666666,,,,0.49300000071525574,0.0,,,9.380224665891399, BLESSI_PALACI1_1 [ BLESSING: 69 KV - PALACIOS: 69 KV ] CONT:SSTPSTA5
NLARSW:138KV-PILONCIL:138KV|SHA2MAX8,2,3,3,0.1459999978542328,0.2589999996125698,0.6919999718666077,1.7519999612122774,5,2026-07-04,0.13333333333333333,0.05,2.388888888888889,2.0,0.8769999742507935,2.3119999766349792,0.2589999996125698,1.4929999615997076,,,9.37727349649738, NLARSW_PILONC1_1 [ NLARSW: 138 KV - PILONCIL: 138 KV ] CONT:SHA2MAX8
HENDRICK:138KV-ABNTHWST:138KV|MDCKHP85,1,0,1,0.8199999928474426,0.8199999928474426,0.8199999928474426,0.8199999928474426,1,2026-06-16,0.06666666666666667,0.0,7.666666666666666,,,,0.0,0.8199999928474426,,,9.376707493798207, ABNTHW_HENDRI1_1 [ HENDRICK: 138 KV - ABNTHWST: 138 KV ] CONT:MDCKHP85
NLARSW:138KV-PILONCIL:138KV|SPINZIE8,1,0,1,0.4880000054836273,0.4880000054836273,0.4880000054836273,0.4880000054836273,1,2026-06-16,0.06666666666666667,0.0,7.666666666666666,1.0,0.3319999873638153,0.3319999873638153,0.0,0.4880000054836273,,,9.361283720835889, NLARSW_PILONC1_1 [ NLARSW: 138 KV - PILONCIL: 138 KV ] CONT:SPINZIE8
CORONA:69KV-CORONA:138KV|BASE,1,0,1,0.7979999780654907,0.7979999780654907,0.7979999780654907,0.7979999780654907,1,2026-06-15,0.06666666666666667,0.0,7.666666666666666,,,,0.0,0.7979999780654907,,,9.358465133835168, CORONA_AT4 [ CORONA: 69 KV - CORONA: 138 KV ] CONT:BASE CASE
N_SHARPE:138KV-CELANEBI:138.1KV|BASE,1,0,2,0.003000000026077032,0.005000000121071935,0.003000000026077032,0.005000000121071935,1,2026-07-12,0.06666666666666667,0.0,7.666666666666666,12.0,0.44200000166893005,1.3770000039367005,0.005000000121071935,0.0,,,9.35551390676523, CELANE_N_SHAR1_1 [ N_SHARPE: 138 KV - CELANEBI: 138.1 KV ] CONT:BASE CASE
CRDSW:69KV-OLNEY:69KV|BASE,1,3,1,1.2630000114440918,1.2630000114440918,110.0459976196289,497.53400099277496,4,2026-07-13,0.06666666666666667,0.05,1.2777777777777777,,,,122.32700026035309,375.2070007324219,,,9.305767508795618, 6830__B [ CRDSW: 69 KV - OLNEY: 69 KV ] CONT:BASE CASE
ABNTHWST:138.1KV-HENDRICK:138KV|MDKPHP85,1,0,1,0.4399999976158142,0.4399999976158142,0.4399999976158142,0.4399999976158142,1,2026-07-13,0.06666666666666667,0.0,7.666666666666666,,,,0.4399999976158142,0.0,,,9.298899749907621, ABNTHW_HENDRI1_1 [ ABNTHWST: 138.1 KV - HENDRICK: 138 KV ] CONT:MDKPHP85
HUBRD:138KV-HAN1:138KV|SBLURDH8,1,11,4,8.543999671936035,21.07699966430664,64.43280029296875,289.5889928340912,12,2026-07-10,0.06666666666666667,0.18333333333333332,0.396551724137931,,,,7.957406520843506,281.6315863132477,,,9.288183474205429,1210__B [HUBRD: 138 KV -HAN1: 138 KV ] CONT:SBLURDH8
BATESVL:69KV-CRSTLSW:69KV|XASH89,1,4,1,4.201000213623047,4.201000213623047,24.40999984741211,44.07499998807907,5,2026-07-10,0.06666666666666667,0.06666666666666667,1.0,,,,37.04199975728989,7.033000230789185,,,9.281736080089367, BAT_CRST_1 [ BATESVL: 69 KV - CRSTLSW: 69 KV ] CONT:XASH89
SANDMO:69KV-CTECBU:69KV|BASE,1,16,11,3.5280001163482666,25.41100001335144,15.625,295.3279998153448,17,2026-06-10,0.06666666666666667,0.26666666666666666,0.2771084337349397,1.0,4.11899995803833,4.11899995803833,0.0,295.3279998153448,,,9.277425444039133, 34T267_1 [ SANDMO: 69 KV - CTECBU: 69 KV ] CONT:BASE CASE
MAXWELL:138KV-WHITING:138KV|SHA2MAX8,2,13,4,0.5720000267028809,1.2060000151395798,7.619999885559082,65.69699989259243,15,2026-07-03,0.13333333333333333,0.21666666666666667,0.6323529411764706,,,,31.72700010240078,33.96999979019165,,,9.272989201259515, MAXWEL_WHITIN1_1 [ MAXWELL: 138 KV - WHITING: 138 KV ] CONT:SHA2MAX8
GABRIE:69KV-GABRIE:138KV|DSALHUT5,1,6,2,37.055999755859375,43.270999908447266,1536.219970703125,8119.042278289795,7,2026-06-17,0.06666666666666667,0.1,0.6969696969696969,,,,0.0,8119.042278289795,,,9.272027137428129, GABRIE_AT1 [ GABRIE: 69 KV - GABRIE: 138 KV ] CONT:DSALHUT5
ASHERTON:138KV-CATARINA:138KV|DDILCOT8,1,8,1,3.7149999141693115,3.7149999141693115,17.94300079345703,52.18100084736943,9,2026-07-10,0.06666666666666667,0.13333333333333333,0.5348837209302325,1.0,11.414999961853027,17.92199993133545,1.5360000133514404,50.64500083401799,,,9.249753519854332, ASHERT_CATARI1_1 [ ASHERTON: 138 KV - CATARINA: 138 KV ] CONT:DDILCOT8
ENWSW:138KV-SHKSW:138KV|SENSENW8,1,1,2,1.0509999990463257,1.8539999723434448,3.6600000858306885,7.510000050067902,2,2026-07-14,0.06666666666666667,0.016666666666666666,2.875,,,,7.510000050067902,0.0,,,9.242650713813745, 943__B [ ENWSW: 138 KV - SHKSW: 138 KV ] CONT:SENSENW8
RIO_GRAN:138KV-RIO_GRAN:69KV|SLISGAR8,1,0,1,0.6430000066757202,0.6430000066757202,0.6430000066757202,0.6430000066757202,1,2026-05-28,0.06666666666666667,0.0,7.666666666666666,,,,0.0,0.6430000066757202,,,9.223238512737506, RIO_GRAN_138_ [ RIO_GRAN: 138 KV - RIO_GRAN: 69 KV ] CONT:SLISGAR8
BLESSING:345KV-BLESSING:138KV|DWPWFWP5,2,11,2,0.6520000100135803,0.7540000081062317,36.904998779296875,275.5899979323149,13,2026-07-11,0.13333333333333333,0.18333333333333332,0.7413793103448276,,,,36.045000329613686,239.5449976027012,,,9.21598091581657, BLESSING_1382 [ BLESSING: 345 KV - BLESSING: 138 KV ] CONT:DWPWFWP5
RIOHONDO:138KV-MV_RIOHO:138KV|DPALSTM8,1,2,1,14.425000190734863,14.425000190734863,14.425000190734863,18.244000136852264,3,2026-06-17,0.06666666666666667,0.03333333333333333,1.769230769230769,,,,0.0,18.244000136852264,,,9.159693116218858, RIOHND_ERIOHND_1 [ RIOHONDO: 138 KV - MV_RIOHO: 138 KV ] CONT:DPALSTM8
PEARSALL:69KV-POTEETS:69KV|SROSE38,0,1,0,,0.0,5.797999858856201,19.036999940872192,1,2026-07-10,0.0,0.016666666666666666,0.37500000000000006,6.0,99.302001953125,379.37399888038635,19.036999940872192,0.0,,,9.144701590736782, POT_PEAR_1 [ PEARSALL: 69 KV - POTEETS: 69 KV ] CONT:SROSE38
S_BATES:69KV-NBATSVS:69KV|SDOWMOO8,1,0,2,0.2329999953508377,0.34299999475479126,0.2329999953508377,0.34299999475479126,1,2026-07-13,0.06666666666666667,0.0,7.666666666666666,,,,0.34299999475479126,0.0,,,9.141991053740012, NBA_S_BA_1 [ S_BATES: 69 KV - NBATSVS: 69 KV ] CONT:SDOWMOO8
MADDUX:138KV-TREADWEL:138KV|DSALHUT5,2,5,2,1.6579999923706055,1.910999983549118,1.6579999923706055,5.950999937951565,7,2026-07-06,0.13333333333333333,0.08333333333333333,1.535714285714286,,,,1.6579999923706055,4.292999945580959,,,9.127351557332167,MADDUX_TREADW1@MADDUX||LN||MADDUX_TREADW1||1 [MADDUX: 138 KV -TREADWEL: 138 KV ] CONT:DSALHUT5
YELWJCKT:69KV-MENPHTAP:69KV|SANGSDI5,1,1,2,4.525000095367432,6.703999996185303,4.525000095367432,9.49399995803833,2,2026-05-28,0.06666666666666667,0.016666666666666666,2.875,,,,0.0,9.49399995803833,,,9.126246499416931, MENPHT_YELWJC1_1 [ YELWJCKT: 69 KV - MENPHTAP: 69 KV ] CONT:SANGSDI5
I_DUPSW:138KV-RESNIK:138KV|DRESMCL8,1,3,2,12.430000305175781,21.291000366210938,12.430000305175781,24.86800041049719,4,2026-06-03,0.06666666666666667,0.05,1.2777777777777777,,,,0.0,24.86800041049719,,,9.12587546540559, I_DUPS_RESNIK1_1 [ I_DUPSW: 138 KV - RESNIK: 138 KV ] CONT:DRESMCL8
GN_S_I:138KV-GN_S_I:1KV|XDIE93,1,0,2,0.2720000147819519,0.31700001657009125,0.2720000147819519,0.31700001657009125,1,2026-07-04,0.06666666666666667,0.0,7.666666666666666,,,,0.31700001657009125,0.0,,,9.098004727581502, GN_S_I_XT1H [ GN_S_I: 138 KV - GN_S_I: 1 KV ] CONT:XDIE93
GARNET:138KV-FTCHADBT:138KV|BASE,1,0,1,0.5080000162124634,0.5080000162124634,0.5080000162124634,0.5080000162124634,1,2026-06-22,0.06666666666666667,0.0,7.666666666666666,,,,0.0,0.5080000162124634,,,9.094629168565218, FTCHAD_GARNET1_1 [ GARNET: 138 KV - FTCHADBT: 138 KV ] CONT:BASE CASE
LAPRYOR:69KV-UVALDE:69KV|XUVA189,1,0,1,0.49000000953674316,0.49000000953674316,0.49000000953674316,0.49000000953674316,1,2026-06-16,0.06666666666666667,0.0,7.666666666666666,,,,0.0,0.49000000953674316,,,9.076616937596915,LAPRYO_UVALDE1@LAPRYOR||LN|| LAPRYO_UVALDE1||1 [LAPRYOR: 69 KV -UVALDE: 69 KV ] CONT:XUVA189
VANBLTSS:69KV-VANBLT69:69KV|DVANELT8,1,3,4,8.600000381469727,20.544000223279,19.790000915527344,158.96600134670734,4,2026-06-23,0.06666666666666667,0.05,1.2777777777777777,,,,0.0,158.96600134670734,,,9.074746975234167,VAN_VNDB_1 [VANBLTSS: 69 KV -VANBLT69: 69 KV ] CONT:DVANELT8
WHTNY:69KV-WND:69KV|DFVLFTS5,1,0,1,0.44699999690055847,0.44699999690055847,0.44699999690055847,0.44699999690055847,1,2026-06-16,0.06666666666666667,0.0,7.666666666666666,,,,0.0,0.44699999690055847,,,9.03269141632117, 100027_D_1 [ WHTNY: 69 KV - WND: 69 KV ] CONT:DFVLFTS5
WHTNY:69KV-WND:69KV|DSAMFVL5,1,0,1,0.44600000977516174,0.44600000977516174,0.44600000977516174,0.44600000977516174,1,2026-06-16,0.06666666666666667,0.0,7.666666666666666,,,,0.0,0.44600000977516174,,,9.031654443805184, 100027_D_1 [ WHTNY: 69 KV - WND: 69 KV ] CONT:DSAMFVL5
LFSTW:138KV-DIBOL:138KV|DRMNCNS8,1,0,1,0.27000001072883606,0.27000001072883606,0.27000001072883606,0.27000001072883606,1,2026-07-08,0.06666666666666667,0.0,7.666666666666666,,,,0.27000001072883606,0.0,,,9.01624079312652, 1370__B [ LFSTW: 138 KV - DIBOL: 138 KV ] CONT:DRMNCNS8
BDGSW:345KV-KRWSW:345KV|DWCSRAM5,2,2,4,0.09600000083446503,0.22699999995529652,0.18700000643730164,0.5300000105053186,4,2026-07-14,0.13333333333333333,0.03333333333333333,3.307692307692308,,,,0.5300000105053186,0.0,,,9.007016055062273, 37015__A [ BDGSW: 345 KV - KRWSW: 345 KV ] CONT:DWCSRAM5
OAKC:138KV-OAKC:138.1KV|SNICBLU8,1,0,1,0.39899998903274536,0.39899998903274536,0.39899998903274536,0.39899998903274536,1,2026-06-22,0.06666666666666667,0.0,7.666666666666666,,,,0.0,0.39899998903274536,,,8.982089279826102, OAKC_SERDEV1_1 [ OAKC: 138 KV - OAKC: 138.1 KV ] CONT:SNICBLU8
WRASW:345KV-W_CW_345:345KV|SWHIW_15,1,0,1,0.22699999809265137,0.22699999809265137,0.22699999809265137,0.22699999809265137,1,2026-07-04,0.06666666666666667,0.0,7.666666666666666,,,,0.22699999809265137,0.0,,,8.938740117452275, 70155__A [ WRASW: 345 KV - W_CW_345: 345 KV ] CONT:SWHIW_15
BISON:69KV-STRS:69KV|SOWLBIG8,0,4,0,,0.0,29.08099937438965,99.31199836730957,4,2026-06-08,0.0,0.06666666666666667,0.13043478260869568,13.0,292.02398681640625,5231.5820153951645,0.0,99.31199836730957,,,8.93046709470177, BISON_STRS1_1 [ BISON: 69 KV - STRS: 69 KV ] CONT:SOWLBIG8
REDSW:138KV-HTYTP:138KV|SNAVMBP5,2,31,5,5.323999881744385,15.454999804496765,5.323999881744385,199.1869996311143,33,2026-06-12,0.13333333333333333,0.5166666666666667,0.2721518987341772,,,,0.0,199.1869996311143,,,8.923073680867656, 1185__G [ REDSW: 138 KV - HTYTP: 138 KV ] CONT:SNAVMBP5
VICTORIA:138.1KV-MAGRUDER:138KV|SCOLPAW5,1,1,1,0.1509999930858612,0.1509999930858612,3.9739999771118164,4.124999970197678,2,2026-06-15,0.06666666666666667,0.016666666666666666,2.875,4.0,6.093999862670898,13.089999824762344,0.0,4.124999970197678,,,8.920048987488508, MAGRUD_VICTOR2_1 [ VICTORIA: 138.1 KV - MAGRUDER: 138 KV ] CONT:SCOLPAW5
GARZA:1KV-GARZA:69KV|SGOOFRO8,1,6,8,1.7910000085830688,5.19100003875792,1866.66650390625,3371.3930157157592,7,2026-06-30,0.06666666666666667,0.1,0.6969696969696969,,,,30.905000686645508,3340.4880150291137,,,8.918249403133602, GARZA_XF1L [ GARZA: 1 KV - GARZA: 69 KV ] CONT:SGOOFRO8
MIDW:69KV-OZONA:69KV|DFRIILL8,1,2,5,3.371000051498413,12.057000041007996,9.668000221252441,22.53600025177002,3,2026-06-10,0.06666666666666667,0.03333333333333333,1.769230769230769,,,,0.0,22.53600025177002,,,8.909695330333607, MIDW_OZONA1_1 [ MIDW: 69 KV - OZONA: 69 KV ] CONT:DFRIILL8
MAXWELL:138KV-HAMILTON:138KV|DAJOSTE5,1,0,1,0.210999995470047,0.210999995470047,0.210999995470047,0.210999995470047,1,2026-07-03,0.06666666666666667,0.0,7.666666666666666,,,,0.210999995470047,0.0,,,8.909207284928254, HAMILT_MAXWEL1_1 [ MAXWELL: 138 KV - HAMILTON: 138 KV ] CONT:DAJOSTE5
FURHMAN:138KV-VANBLTSS:138KV|XBLE58,1,0,1,0.20800000429153442,0.20800000429153442,0.20800000429153442,0.20800000429153442,1,2026-07-01,0.06666666666666667,0.0,7.666666666666666,,,,0.20800000429153442,0.0,,,8.903626479956856, FURHMAN_VANDB_1 [ FURHMAN: 138 KV - VANBLTSS: 138 KV ] CONT:XBLE58
POTEETS:69KV-OAKS9:69KV|DELMSAN5,0,1,0,,0.0,33.92100143432617,44.48500156402588,1,2026-07-09,0.0,0.016666666666666666,0.37500000000000006,5.0,51.08399963378906,159.10800063610077,44.48500156402588,0.0,,,8.894246761597008, POT_OAKS_1 [ POTEETS: 69 KV - OAKS9: 69 KV ] CONT:DELMSAN5
BLESSING:69KV-PALACIOS:69KV|BASE,1,0,1,0.19699999690055847,0.19699999690055847,0.19699999690055847,0.19699999690055847,1,2026-07-01,0.06666666666666667,0.0,7.666666666666666,,,,0.19699999690055847,0.0,,,8.88304420202973, BLESSI_PALACI1_1 [ BLESSING: 69 KV - PALACIOS: 69 KV ] CONT:BASE CASE
FTCHADBT:138KV-OAKC:138KV|SGARBAL8,2,13,5,1.0490000247955322,3.5529999434947968,24.70400047302246,268.3220008537173,15,2026-07-04,0.13333333333333333,0.21666666666666667,0.6323529411764706,,,,3.5529999434947968,264.76900091022253,,,8.88058676227841, FTCHAD_OAKC1_1 [ FTCHADBT: 138 KV - OAKC: 138 KV ] CONT:SGARBAL8
JKSVL:138KV-BUPOI:138KV|DDORELK5,1,0,1,0.1940000057220459,0.1940000057220459,0.1940000057220459,0.1940000057220459,1,2026-07-13,0.06666666666666667,0.0,7.666666666666666,,,,0.1940000057220459,0.0,,,8.87739804252629, 960__D [ JKSVL: 138 KV - BUPOI: 138 KV ] CONT:DDORELK5
ASHERTON:138KV-CATARINA:138KV|DDPBNED5,1,0,1,0.29499998688697815,0.29499998688697815,0.29499998688697815,0.29499998688697815,1,2026-06-16,0.06666666666666667,0.0,7.666666666666666,,,,0.0,0.29499998688697815,,,8.86621877559854, ASHERT_CATARI1_1 [ ASHERTON: 138 KV - CATARINA: 138 KV ] CONT:DDPBNED5
SNYDR:69KV-AMOTP:69KV|SSNYCGR8,1,5,1,3.7855732440948486,3.7855732440948486,681.9617919921875,1976.3044788837433,6,2026-07-05,0.06666666666666667,0.08333333333333333,0.8214285714285714,1.0,3.650200843811035,3.650200843811035,3.7855732440948486,1972.5189056396484,,,8.858386868937366, 6695__B [ SNYDR: 69 KV - AMOTP: 69 KV ] CONT:SSNYCGR8
KENEDSW:138KV-KARNESCI:138KV|SF2KEN8,1,0,2,0.1940000057220459,0.2800000086426735,0.1940000057220459,0.2800000086426735,1,2026-06-15,0.06666666666666667,0.0,7.666666666666666,,,,0.0,0.2800000086426735,,,8.848742875085538, KARNES_KENEDS1_1 [ KENEDSW: 138 KV - KARNESCI: 138 KV ] CONT:SF2KEN8
SOLSTICE:138KV-FTST:138KV|SNORKIN5,1,0,1,0.1720000058412552,0.1720000058412552,0.1720000058412552,0.1720000058412552,1,2026-07-08,0.06666666666666667,0.0,7.666666666666666,,,,0.1720000058412552,0.0,,,8.835554064372477, FTST_SOLSTI1_1 [ SOLSTICE: 138 KV - FTST: 138 KV ] CONT:SNORKIN5
CMNSW:345KV-CMNSW:1KV|DBUCRGP5,1,18,4,1.3459999561309814,3.8809999227523804,20.520000457763672,305.3400024175644,19,2026-06-27,0.06666666666666667,0.3,0.24731182795698922,,,,156.4110023379326,148.9290000796318,,,8.835142421004187, CMNSW_MR1H [ CMNSW: 345 KV - CMNSW: 1 KV ] CONT:DBUCRGP5
TINSLEY:138KV-CTHR:138KV|SMAXFER8,1,6,1,3.303999900817871,3.303999900817871,7.348999977111816,55.0180005133152,7,2026-07-09,0.06666666666666667,0.1,0.6969696969696969,,,,55.0180005133152,0.0,,,8.79510439514613, CTHR_TINSLE1_1 [ TINSLEY: 138 KV - CTHR: 138 KV ] CONT:SMAXFER8
SCARBIDE:138KV-P_ISABEL:138KV|SLAULA_8,1,4,7,4.630000114440918,22.17199993133545,4.630000114440918,27.836999788880348,5,2026-06-04,0.06666666666666667,0.06666666666666667,1.0,,,,0.0,27.836999788880348,,,8.79385851708652, P_ISAB_SCARBI1_1 [ SCARBIDE: 138 KV - P_ISABEL: 138 KV ] CONT:SLAULA_8
OAKC:138KV-OAKC:138.1KV|SOAKNIC8,1,0,1,0.22100000083446503,0.22100000083446503,0.22100000083446503,0.22100000083446503,1,2026-06-22,0.06666666666666667,0.0,7.666666666666666,,,,0.0,0.22100000083446503,,,8.77795804177811, OAKC_SERDEV1_1 [ OAKC: 138 KV - OAKC: 138.1 KV ] CONT:SOAKNIC8
FTCHADBT:138KV-OAKC:138KV|BASE,1,0,1,0.22100000083446503,0.22100000083446503,0.22100000083446503,0.22100000083446503,1,2026-06-22,0.06666666666666667,0.0,7.666666666666666,,,,0.0,0.22100000083446503,,,8.77795804177811, FTCHAD_OAKC1_1 [ FTCHADBT: 138 KV - OAKC: 138 KV ] CONT:BASE CASE
VICTORIA:138.1KV-MAGRUDER:138KV|SPAWCAL5,1,18,2,0.012000000104308128,0.01300000015180558,54.05500030517578,732.2769965723855,19,2026-06-15,0.06666666666666667,0.3,0.24731182795698922,6.0,175.85000610351562,442.0170069038868,0.0,732.2769965723855,,,8.775954591594406, MAGRUD_VICTOR2_1 [ VICTORIA: 138.1 KV - MAGRUDER: 138 KV ] CONT:SPAWCAL5
ASHERTON:138KV-CATARINA:138KV|SCORLOB5,1,6,3,3.7829999923706055,7.578000068664551,10.157999992370605,34.31599994376302,7,2026-07-11,0.06666666666666667,0.1,0.6969696969696969,,,,12.717000056058168,21.59899988770485,,,8.774310536642409, ASHERT_CATARI1_1 [ ASHERTON: 138 KV - CATARINA: 138 KV ] CONT:SCORLOB5
PUTN:138KV-LENSW:138KV|MDRSAHE5,1,1,5,0.46000000834465027,1.4449999928474426,3.627000093460083,5.072000086307526,2,2026-07-04,0.06666666666666667,0.016666666666666666,2.875,,,,5.072000086307526,0.0,,,8.757470709148624, LENSW_PUTN2_1 [ PUTN: 138 KV - LENSW: 138 KV ] CONT:MDRSAHE5
CUERO:138KV-THOMASTN:138KV|SSTPSTA5,1,0,1,0.1809999942779541,0.1809999942779541,0.1809999942779541,0.1809999942779541,1,2026-05-28,0.06666666666666667,0.0,7.666666666666666,,,,0.0,0.1809999942779541,,,8.727995046615327, CUELCA_THOMAS1_1 [ CUERO: 138 KV - THOMASTN: 138 KV ] CONT:SSTPSTA5
BERGHE:345KV-BERGHE:1KV|DJOHMAR5,1,1,3,3.244999885559082,4.75399985909462,26.961999893188477,47.86999948322773,2,2026-05-29,0.06666666666666667,0.016666666666666666,2.875,,,,0.0,47.86999948322773,,,8.688479849377593, BERGHE_AT1H [ BERGHE: 345 KV - BERGHE: 1 KV ] CONT:DJOHMAR5
BERGHE:1KV-BERGHE:138KV|DJOHMAR5,1,1,3,3.244999885559082,4.75399985909462,26.961999893188477,47.87399919331074,2,2026-05-29,0.06666666666666667,0.016666666666666666,2.875,,,,0.0,47.87399919331074,,,8.688479849377593, BERGHE_AT1L [ BERGHE: 1 KV - BERGHE: 138 KV ] CONT:DJOHMAR5
ALICE:138KV-ALICE:69KV|SKINPRI8,2,17,2,3.6730000972747803,3.68100009765476,4.427000045776367,24.6320001129061,19,2026-07-01,0.13333333333333333,0.2833333333333333,0.48863636363636365,,,,3.6730000972747803,20.959000015631318,,,8.665200164339625, ALICE_69A1 [ ALICE: 138 KV - ALICE: 69 KV ] CONT:SKINPRI8
CUERO:138KV-THOMASTN:138KV|XBLE58,2,8,2,0.2160000056028366,0.3870000094175339,1.5290000438690186,7.007000159472227,10,2026-06-30,0.13333333333333333,0.13333333333333333,1.0,6.0,0.7670000195503235,6.793999966233969,0.05000000074505806,6.957000158727169,,,8.66010309010713, CUELCA_THOMAS1_1 [ CUERO: 138 KV - THOMASTN: 138 KV ] CONT:XBLE58
LFSTW:138KV-LFPTP:138KV|SHTYRKY8,1,0,1,0.0689999982714653,0.0689999982714653,0.0689999982714653,0.0689999982714653,1,2026-07-05,0.06666666666666667,0.0,7.666666666666666,,,,0.0689999982714653,0.0,,,8.62858091651849, 1370__D [ LFSTW: 138 KV - LFPTP: 138 KV ] CONT:SHTYRKY8
PUTN:138KV-LENSW:138KV|SFLTLNG8,2,3,4,0.13199999928474426,0.3669999986886978,0.8309999704360962,1.6209999714046717,5,2026-07-14,0.13333333333333333,0.05,2.388888888888889,,,,0.8829999715089798,0.7379999998956919,,,8.605083829913546, LENSW_PUTN2_1 [ PUTN: 138 KV - LENSW: 138 KV ] CONT:SFLTLNG8
BNK:69KV-GRBY:69KV|SWNDWHT9,1,18,2,1.159000039100647,1.8300000429153442,5.800000190734863,48.674000633414835,19,2026-06-30,0.06666666666666667,0.3,0.24731182795698922,13.0,0.7979999780654907,6.300000009126961,22.839000279083848,25.835000354330987,,,8.589753713530069, GRB_GRBY_1 [ BNK: 69 KV - GRBY: 69 KV ] CONT:SWNDWHT9
RINCON:69KV-GREGORY:69KV|MGREAR29,1,3,2,3.7980000972747803,5.2230000495910645,6.9070000648498535,12.931000113487244,4,2026-07-05,0.06666666666666667,0.05,1.2777777777777777,,,,5.2230000495910645,7.708000063896179,,,8.583168181925602, GREGOR_RINCON1_1 [ RINCON: 69 KV - GREGORY: 69 KV ] CONT:MGREAR29
LFCML:138KV-ROWSW:138KV|SGPLJE48,1,0,1,0.03999999910593033,0.03999999910593033,0.03999999910593033,0.03999999910593033,1,2026-07-05,0.06666666666666667,0.0,7.666666666666666,,,,0.03999999910593033,0.0,,,8.566699350720713, 1235__A [ LFCML: 138 KV - ROWSW: 138 KV ] CONT:SGPLJE48
REDCREEK:138KV-WEISS:138KV|XCMN58,0,1,0,,0.0,17.76099967956543,69.97200012207031,1,2026-06-24,0.0,0.016666666666666666,0.37500000000000006,5.0,22.804000854492188,81.56000024080276,69.97200012207031,0.0,,,8.56560057409154, REDCRE_WEISS1_1 [ REDCREEK: 138 KV - WEISS: 138 KV ] CONT:XCMN58
BRNWD:138KV-BRNSO:138KV|SZEPCMN8,1,4,1,0.33899998664855957,0.33899998664855957,9.906000137329102,26.01900022989139,5,2026-07-07,0.06666666666666667,0.06666666666666667,1.0,2.0,5.400000095367432,14.354000210762024,4.784999966621399,21.23400026326999,,,8.565153433075979, 670__A [ BRNWD: 138 KV - BRNSO: 138 KV ] CONT:SZEPCMN8
CUERO:138KV-THOMASTN:138KV|SBLESTP5,1,2,3,0.2409999966621399,0.43299999088048935,2.0199999809265137,3.2319999635219574,3,2026-07-02,0.06666666666666667,0.03333333333333333,1.769230769230769,4.0,0.5350000262260437,5.5280000157654285,3.1389999613165855,0.09300000220537186,,,8.53680522934912, CUELCA_THOMAS1_1 [ CUERO: 138 KV - THOMASTN: 138 KV ] CONT:SBLESTP5
ALICE:138KV-ALICE:69KV|STERPRI8,1,0,1,0.029999999329447746,0.029999999329447746,0.029999999329447746,0.029999999329447746,1,2026-06-15,0.06666666666666667,0.0,7.666666666666666,,,,0.0,0.029999999329447746,,,8.5227909504459, ALICE_69A1 [ ALICE: 138 KV - ALICE: 69 KV ] CONT:STERPRI8
FTST:138KV-LEONCRK:138KV|DBIGSCH5,1,0,1,0.014999999664723873,0.014999999664723873,0.014999999664723873,0.014999999664723873,1,2026-07-08,0.06666666666666667,0.0,7.666666666666666,,,,0.014999999664723873,0.0,,,8.511952125427833, 138_FTS_LNC_1 [ FTST: 138 KV - LEONCRK: 138 KV ] CONT:DBIGSCH5
RIO_GRAN:138KV-RIO_GRAN:69KV|SRIOGA19,1,0,1,0.010999999940395355,0.010999999940395355,0.010999999940395355,0.010999999940395355,1,2026-07-05,0.06666666666666667,0.0,7.666666666666666,,,,0.010999999940395355,0.0,,,8.503067613013718, RIO_GRAN_138_ [ RIO_GRAN: 138 KV - RIO_GRAN: 69 KV ] CONT:SRIOGA19
LON_HILL:138.1KV-BUNSEN:138KV|SARMRA38,1,0,1,0.00800000037997961,0.00800000037997961,0.00800000037997961,0.00800000037997961,1,2026-07-06,0.06666666666666667,0.0,7.666666666666666,,,,0.00800000037997961,0.0,,,8.496381130618932, BUNSEN_LON_HI1_1 [ LON_HILL: 138.1 KV - BUNSEN: 138 KV ] CONT:SARMRA38
ASHERTON:138KV-CATARINA:138KV|DRAPRE58,1,0,1,0.0010000000474974513,0.0010000000474974513,0.0010000000474974513,0.0010000000474974513,1,2026-07-05,0.06666666666666667,0.0,7.666666666666666,,,,0.0010000000474974513,0.0,,,8.480701623916316, ASHERT_CATARI1_1 [ ASHERTON: 138 KV - CATARINA: 138 KV ] CONT:DRAPRE58
FTST:138KV-LEONCRK:138KV|DTNFBCA8,1,1,1,1.4504733085632324,1.4504733085632324,3.1018126010894775,4.55228590965271,2,2026-07-11,0.06666666666666667,0.016666666666666666,2.875,,,,3.1018126010894775,1.4504733085632324,,,8.46663050839691,138_FTS_LNC_1 [FTST: 138 KV -LEONCRK: 138 KV ] CONT:DTNFBCA8
KLNSW:138KV-HHSTH:138KV|DSALKLN5,1,16,3,16.57900047302246,43.07299995422363,494.6348876953125,10422.676521599293,17,2026-06-22,0.06666666666666667,0.26666666666666666,0.2771084337349397,,,,0.0,10422.676521599293,,,8.412566482473034, 630__B [ KLNSW: 138 KV - HHSTH: 138 KV ] CONT:DSALKLN5
RS:138KV-FB:138KV|SEBATH8,2,3,2,0.4650000035762787,0.635000005364418,0.9947791695594788,2.694779172539711,5,2026-06-19,0.13333333333333333,0.05,2.388888888888889,,,,0.0,2.694779172539711,,,8.398970530276749, FB_RS_60_A [ RS: 138 KV - FB: 138 KV ] CONT:SEBATH8
UVALDE:69KV-LAPRYOR:69KV|SESCSUN8,1,1,1,1.6410000324249268,1.6410000324249268,1.6410000324249268,2.072000026702881,2,2026-07-02,0.06666666666666667,0.016666666666666666,2.875,,,,2.072000026702881,0.0,,,8.362120074788029, LAPRYO_UVALDE1_1 [ UVALDE: 69 KV - LAPRYOR: 69 KV ] CONT:SESCSUN8
BLESSING:69KV-PALACIOS:69KV|DSTPSTA5,2,8,4,0.628000020980835,1.6050000339746475,5.798999786376953,18.73899982124567,10,2026-07-09,0.13333333333333333,0.13333333333333333,1.0,,,,1.928000047802925,16.810999773442745,,,8.321330283369868, BLESSI_PALACI1_1 [ BLESSING: 69 KV - PALACIOS: 69 KV ] CONT:DSTPSTA5
ALICE:138KV-ALICE:69KV|SN_SLON5,2,6,4,1.7829999923706055,2.2119999956339598,3.6700000762939453,14.104000037536025,8,2026-07-12,0.13333333333333333,0.1,1.303030303030303,,,,0.029999999329447746,14.074000038206577,,,8.275187129740281, ALICE_69A1 [ ALICE: 138 KV - ALICE: 69 KV ] CONT:SN_SLON5
BRONCO:69KV-ALPINE:69KV|STARLEO8,2,3,2,0.13600000739097595,0.23400000482797623,1.246000051498413,1.7740000700578094,5,2026-07-10,0.13333333333333333,0.05,2.388888888888889,,,,0.4150000214576721,1.3590000486001372,,,8.23724487261965, ALPINE_BRONCO1_1 [ BRONCO: 69 KV - ALPINE: 69 KV ] CONT:STARLEO8
FBRSW:345KV-THSES:345KV|SLCSTH25,1,4,1,5.185999870300293,5.185999870300293,20.448999404907227,44.18799929320812,5,2026-07-02,0.06666666666666667,0.06666666666666667,1.0,,,,5.4209998697042465,38.766999423503876,,,8.20755490801401,505__B [FBRSW: 345 KV -THSES: 345 KV ] CONT:SLCSTH25
LLPOI:138KV-FGLSW:138KV|MDHLYTC5,1,1,1,3.131999969482422,3.131999969482422,3.86899995803833,9.396999977529049,2,2026-05-28,0.06666666666666667,0.016666666666666666,2.875,,,,0.0,9.396999977529049,,,8.191779304223518, 970__B [ LLPOI: 138 KV - FGLSW: 138 KV ] CONT:MDHLYTC5
LLPOI:138KV-FGLSW:138KV|MDHLYEK5,1,1,1,3.131999969482422,3.131999969482422,3.86899995803833,9.396999977529049,2,2026-05-28,0.06666666666666667,0.016666666666666666,2.875,,,,0.0,9.396999977529049,,,8.191779304223518, 970__B [ LLPOI: 138 KV - FGLSW: 138 KV ] CONT:MDHLYEK5
BTHOT:138KV-ODESW:138KV|DODEMOS5,1,6,9,2.9700000286102295,15.82800018787384,3.0290000438690186,38.104000359773636,7,2026-06-24,0.06666666666666667,0.1,0.6969696969696969,,,,0.6100000143051147,37.49400034546852,,,8.17827429405611, 6500__C [ BTHOT: 138 KV - ODESW: 138 KV ] CONT:DODEMOS5
BISON:69KV-STRS:69KV|XBGL88,0,4,0,,0.0,29.082000732421875,99.3129997253418,4,2026-06-08,0.0,0.06666666666666667,0.13043478260869568,13.0,167.79800415039062,2281.2110199346207,0.0,99.3129997253418,,,8.100706963911358, BISON_STRS1_1 [ BISON: 69 KV - STRS: 69 KV ] CONT:XBGL88
FPP138:138KV-LAGRAN:138KV|SPINWIN8,1,2,1,1.7829999923706055,1.7829999923706055,1.7829999923706055,6.4019999504089355,3,2026-07-10,0.06666666666666667,0.03333333333333333,1.769230769230769,,,,6.4019999504089355,0.0,,,8.092315633135417, 169T263_1 [ FPP138: 138 KV - LAGRAN: 138 KV ] CONT:SPINWIN8
PAVLOV:138KV-LAN_CTY:138KV|SSTPESP8,1,8,2,1.7089999914169312,2.0779999792575836,300.20721435546875,1386.369047254324,9,2026-07-14,0.06666666666666667,0.13333333333333333,0.5348837209302325,,,,60.46296510100365,1325.9060821533203,,,8.060610021971383,LAN_CT_PAVLOV1_1 [PAVLOV: 138 KV -LAN_CTY: 138 KV ] CONT:SSTPESP8
PILONCIL:138KV-NLARSW:138KV|SBE2ASH8,1,2,2,2.3359999656677246,2.791999965906143,4.389999866485596,10.048999786376953,3,2026-07-06,0.06666666666666667,0.03333333333333333,1.769230769230769,,,,2.791999965906143,7.25699982047081,,,8.054719287637722, NLARSW_PILONC1_1 [ PILONCIL: 138 KV - NLARSW: 138 KV ] CONT:SBE2ASH8
ELKTN:138KV-TSLVL:138KV|DPLSHO98,2,6,2,1.1770000457763672,1.4550000429153442,2.7669999599456787,13.750000074505806,8,2026-07-01,0.13333333333333333,0.1,1.303030303030303,,,,0.27799999713897705,13.472000077366829,,,8.033839769837968, 1520__C [ ELKTN: 138 KV - TSLVL: 138 KV ] CONT:DPLSHO98
PCTSW:138KV-FRSTP:138KV|MCATMCD8,2,13,4,1.5390000343322754,4.157000124454498,13.614999771118164,140.7649995489046,15,2026-06-24,0.13333333333333333,0.21666666666666667,0.6323529411764706,,,,0.07900000363588333,140.68599954526871,,,7.987626064445852, 6470__E [ PCTSW: 138 KV - FRSTP: 138 KV ] CONT:MCATMCD8
NEVADA:138KV-SABNCRKT:138KV|SWALWLN8,1,6,3,0.9911233186721802,1.738142490386963,3.4155192375183105,15.577312663197517,7,2026-07-01,0.06666666666666667,0.1,0.6969696969696969,4.0,0.8220000267028809,7.121000066399574,1.738142490386963,13.839170172810555,,,7.9473651716843685, SABIN_NEVAD_1 [ NEVADA: 138 KV - SABNCRKT: 138 KV ] CONT:SWALWLN8
YELWJCKT:69KV-MENPHTAP:69KV|SSEGKMJ9,1,2,2,0.27399998903274536,0.45099999010562897,0.27399998903274536,1.3329999893903732,3,2026-06-09,0.06666666666666667,0.03333333333333333,1.769230769230769,13.0,1.3980000019073486,9.288999989861622,0.0,1.3329999893903732,,,7.945163556016606, MENPHT_YELWJC1_1 [ YELWJCKT: 69 KV - MENPHTAP: 69 KV ] CONT:SSEGKMJ9
YELWJCKT:69KV-MENPHTAP:69KV|DYELHE89,1,2,2,0.27399998903274536,0.45099999010562897,0.27399998903274536,1.3329999893903732,3,2026-06-09,0.06666666666666667,0.03333333333333333,1.769230769230769,13.0,1.3980000019073486,9.288999989861622,0.0,1.3329999893903732,,,7.945163556016606, MENPHT_YELWJC1_1 [ YELWJCKT: 69 KV - MENPHTAP: 69 KV ] CONT:DYELHE89
SIGMOR:138KV-THREE_RI:138KV|DELMSAN5,1,2,1,1.0199999809265137,1.0199999809265137,17.206064224243164,27.57806432247162,3,2026-07-14,0.06666666666666667,0.03333333333333333,1.769230769230769,,,,10.372000098228455,17.206064224243164,,,7.933720647759785, SIGMOR_THREE_1_1 [ SIGMOR: 138 KV - THREE_RI: 138 KV ] CONT:DELMSAN5
ARGYL:138KV-LWSVH:138KV|MRNKDHM5,1,18,2,1.2660000324249268,1.3660000339150429,596.0929565429688,9404.156254343688,19,2026-06-30,0.06666666666666667,0.3,0.24731182795698922,,,,188.5669987797737,9215.589255563915,,,7.88833015189702, 587__A [ ARGYL: 138 KV - LWSVH: 138 KV ] CONT:MRNKDHM5
CUERO:138KV-THOMASTN:138KV|SVICCIT8,1,6,1,0.1850000023841858,0.1850000023841858,2.322000026702881,7.6229999754577875,7,2026-07-10,0.06666666666666667,0.1,0.6969696969696969,21.0,0.8209999799728394,18.102999999653548,3.253999948501587,4.369000026956201,,,7.876886721972109, CUELCA_THOMAS1_1 [ CUERO: 138 KV - THOMASTN: 138 KV ] CONT:SVICCIT8
16TH_ST:69KV-TNFS:69KV|BASE,1,1,3,1.1339999437332153,2.212999939918518,3.868000030517578,6.080999970436096,2,2026-06-11,0.06666666666666667,0.016666666666666666,2.875,,,,0.0,6.080999970436096,,,7.814444580567269, M_69_M_1 [ 16TH_ST: 69 KV - TNFS: 69 KV ] CONT:BASE CASE
FTST:138KV-LEONCRK:138KV|DSLKSOL5,1,1,5,0.4259999990463257,1.186999998986721,0.6520000100135803,3.1989999935030937,2,2026-06-16,0.06666666666666667,0.016666666666666666,2.875,1.0,0.609000027179718,0.6370000280439854,0.0,3.1989999935030937,,,7.730298415783225,138_FTS_LNC_1 [FTST: 138 KV -LEONCRK: 138 KV ] CONT:DSLKSOL5
FPPYD1:345KV-LOSTPINE:345KV|DHOLCIS5,1,1,1,0.6679999828338623,0.6679999828338623,1.5010000467300415,2.169000029563904,2,2026-07-14,0.06666666666666667,0.016666666666666666,2.875,,,,2.169000029563904,0.0,,,7.696136996411999, CKT_3131_1 [ FPPYD1: 345 KV - LOSTPINE: 345 KV ] CONT:DHOLCIS5
HAS:69KV-GUSTINE:69KV|SPCAPAN9,1,1,1,1.0509999990463257,1.0509999990463257,1.0509999990463257,1.2380000054836273,2,2026-07-12,0.06666666666666667,0.016666666666666666,2.875,,,,1.0509999990463257,0.18700000643730164,,,7.679873815322774, GUS_HAS_1 [ HAS: 69 KV - GUSTINE: 69 KV ] CONT:SPCAPAN9
PALACIOS:69KV-CARANCUA:69KV|DSTPSTA5,1,1,1,0.23499999940395355,0.23499999940395355,4.119999885559082,4.354999884963036,2,2026-07-10,0.06666666666666667,0.016666666666666666,2.875,,,,4.119999885559082,0.23499999940395355,,,7.6051092553366555, CARANC_PALACI1_1 [ PALACIOS: 69 KV - CARANCUA: 69 KV ] CONT:DSTPSTA5
UVALDE:138KV-READING:138KV|DRAZSA89,1,7,1,1.5410000085830688,1.5410000085830688,5.219714164733887,44.31053338292986,8,2026-06-30,0.06666666666666667,0.11666666666666667,0.6052631578947367,,,,36.30047182086855,8.01006156206131,,,7.532954156856673, READIN_UVALDE1_1 [ UVALDE: 138 KV - READING: 138 KV ] CONT:DRAZSA89
BANDER:138KV-MASOCR:138KV|DCAGCO58,0,8,0,,0.0,63.09600067138672,633.8499928712845,8,2026-06-30,0.0,0.13333333333333333,0.06976744186046512,4.0,13.689000129699707,50.099000096321106,91.52999937534332,542.3199934959412,,,7.5317384539507, 583T583_1 [ BANDER: 138 KV - MASOCR: 138 KV ] CONT:DCAGCO58
WESLACO:138KV-ELSA:138KV|SADEDU38,1,4,1,0.18000000715255737,0.18000000715255737,2.739000082015991,15.954000152647495,5,2026-06-19,0.06666666666666667,0.06666666666666667,1.0,14.0,5.124000072479248,22.451999871060252,0.0,15.954000152647495,,,7.48266898209237, ELSA_WESLAC1_1 [ WESLACO: 138 KV - ELSA: 138 KV ] CONT:SADEDU38
BRTSW:138KV-JUNPR:138KV|DGRSLO25,1,18,1,2.38700008392334,2.38700008392334,90.9209976196289,814.8579886704683,19,2026-07-09,0.06666666666666667,0.3,0.24731182795698922,,,,50.71900022029877,764.1389884501696,,,7.4522579091019985, 12020__B [ BRTSW: 138 KV - JUNPR: 138 KV ] CONT:DGRSLO25
WOLFRIDG:138KV-SJO:138KV|SMYRSPR8,1,14,4,0.7829999923706055,1.4860000014305115,12.454999923706055,142.26800014206674,15,2026-07-09,0.06666666666666667,0.23333333333333334,0.3150684931506849,,,,74.16400037135463,68.10399977071211,,,7.427433039854877, SJO_WLFRDG_1 [ WOLFRIDG: 138 KV - SJO: 138 KV ] CONT:SMYRSPR8
RINCON:69KV-GREGORY:69KV|BASE,2,14,8,0.5049999952316284,2.843999981880188,5.570000171661377,56.96000024816021,16,2026-06-18,0.13333333333333333,0.23333333333333334,0.589041095890411,,,,0.0,56.96000024816021,,,7.409162479465303, GREGOR_RINCON1_1 [ RINCON: 69 KV - GREGORY: 69 KV ] CONT:BASE CASE
TINSLEY:138KV-CTHR:138KV|SHA2MAX8,1,1,1,0.028999999165534973,0.028999999165534973,2.8239998817443848,4.562999874353409,2,2026-07-12,0.06666666666666667,0.016666666666666666,2.875,,,,4.562999874353409,0.0,,,7.393621303857655, CTHR_TINSLE1_1 [ TINSLEY: 138 KV - CTHR: 138 KV ] CONT:SHA2MAX8
COLETO:138KV-VICTORIA:138.1KV|DVICVI89,1,11,1,0.05400000140070915,0.05400000140070915,9.300000190734863,62.9739991761744,12,2026-07-10,0.06666666666666667,0.18333333333333332,0.396551724137931,3.0,2.11299991607666,4.430999893695116,31.44699939712882,31.526999779045582,,,7.38273634680912, COLETO_VICTOR2_1 [ COLETO: 138 KV - VICTORIA: 138.1 KV ] CONT:DVICVI89
CARVER:138KV-TINSLEY:138KV|SHA2MAX8,1,12,1,1.4190000295639038,1.4190000295639038,2.312000036239624,22.039000066928566,13,2026-07-04,0.06666666666666667,0.2,0.365079365079365,5.0,5.2270002365112305,10.651000271551311,1.4190000295639038,20.62000003736466,,,7.37657679479207, CARVER_TINSLE1_1 [ CARVER: 138 KV - TINSLEY: 138 KV ] CONT:SHA2MAX8
PARKWA:138KV-S4:138KV|DSKYNAC8,0,2,0,,0.0,26.801000595092773,35.201000690460205,2,2026-06-12,0.0,0.03333333333333333,0.23076923076923075,4.0,421.2130126953125,839.1370096206665,0.0,35.201000690460205,,,7.356483079562912, FRA_PAR_1 [ PARKWA: 138 KV - S4: 138 KV ] CONT:DSKYNAC8
PILONCIL:138KV-NLARSW:138KV|SAVAOUT5,1,1,1,0.7200000286102295,0.7200000286102295,0.7200000286102295,1.3180000185966492,2,2026-07-05,0.06666666666666667,0.016666666666666666,2.875,,,,0.7200000286102295,0.5979999899864197,,,7.283866680199166, NLARSW_PILONC1_1 [ PILONCIL: 138 KV - NLARSW: 138 KV ] CONT:SAVAOUT5
PUTN:138KV-LENSW:138KV|SCISPUT8,1,25,3,13.105999946594238,23.198999881744385,248.8490753173828,2946.882240794599,26,2026-06-23,0.06666666666666667,0.4166666666666667,0.17968749999999997,,,,0.0,2946.882240794599,,,7.275215676347926, LENSW_PUTN2_1 [ PUTN: 138 KV - LENSW: 138 KV ] CONT:SCISPUT8
HAINE_DR:138KV-OLEANDER:138KV|SRAYHAR8,1,1,1,0.3109999895095825,0.3109999895095825,1.5499999523162842,1.8609999418258667,2,2026-07-01,0.06666666666666667,0.016666666666666666,2.875,,,,1.8609999418258667,0.0,,,7.258200678886367, HAINE__OLEAND1_1 [ HAINE_DR: 138 KV - OLEANDER: 138 KV ] CONT:SRAYHAR8
TINSLEY:138KV-CTHR:138KV|SODLBRA8,1,2,1,1.055999994277954,1.055999994277954,2.135999917984009,3.3869999051094055,3,2026-07-14,0.06666666666666667,0.03333333333333333,1.769230769230769,,,,3.3869999051094055,0.0,,,7.245836460614047, CTHR_TINSLE1_1 [ TINSLEY: 138 KV - CTHR: 138 KV ] CONT:SODLBRA8
HUBRD:138KV-HAN1:138KV|MCHAASH8,1,4,1,1.4830000400543213,1.4830000400543213,3.3440001010894775,19.802000131458044,5,2026-07-12,0.06666666666666667,0.06666666666666667,1.0,,,,9.749000038951635,10.053000092506409,,,7.224752373627016, 1210__B [ HUBRD: 138 KV - HAN1: 138 KV ] CONT:MCHAASH8
CELANEBI:138KV-KLEBERG:138.1KV|SAJ2CEB5,2,4,3,0.017999999225139618,0.026999999536201358,0.0949999988079071,0.1329999987501651,6,2026-06-14,0.13333333333333333,0.06666666666666667,1.8695652173913047,,,,0.0,0.1329999987501651,,,7.202444474034051, CELANE_KLEBER1_1 [ CELANEBI: 138 KV - KLEBERG: 138.1 KV ] CONT:SAJ2CEB5
HOLCOMB:138KV-PALAFOX:138KV|DLOFOAV5,1,3,4,1.621999979019165,5.165999948978424,6.807000160217285,30.430000007152557,4,2026-06-03,0.06666666666666667,0.05,1.2777777777777777,,,,0.0,30.430000007152557,,,7.198176408208372, HOLCOM_PALAFO1_1 [ HOLCOMB: 138 KV - PALAFOX: 138 KV ] CONT:DLOFOAV5
SAMSW:345KV-VENSW:345KV|DCPSES12,0,1,0,,0.0,146.92552185058594,628.3950362205505,1,2026-05-02,0.0,0.016666666666666666,0.37500000000000006,1.0,220.48866271972656,497.0645523071289,0.0,628.3950362205505,,,7.166090885086593,35050         @SAMSW||LN|| 35050||_A [SAMSW: 345 KV -VENSW: 345 KV ] CONT:DCPSES12
PILONCIL:138KV-NLARSW:138KV|DLOBCEN5,0,9,0,,0.0,14.513999938964844,49.68800017237663,9,2026-06-30,0.0,0.15,0.0625,5.0,19.459999084472656,89.76899755001068,25.12500038743019,24.56299978494644,,,7.137361199916018, NLARSW_PILONC1_1 [ PILONCIL: 138 KV - NLARSW: 138 KV ] CONT:DLOBCEN5
TREADWEL:138KV-YELWJCKT:138KV|DBIGSCH5,1,1,1,0.18400000035762787,0.18400000035762787,0.6790000200271606,1.6960000172257423,2,2026-07-11,0.06666666666666667,0.016666666666666666,2.875,,,,1.6960000172257423,0.0,,,7.060811693141301, TREADW_YELWJC1_1 [ TREADWEL: 138 KV - YELWJCKT: 138 KV ] CONT:DBIGSCH5
PILONCIL:138KV-NLARSW:138KV|SCORLOB5,1,3,2,1.1859999895095825,1.232999987900257,29.566999435424805,47.897999711334705,4,2026-07-09,0.06666666666666667,0.05,1.2777777777777777,,,,5.3299998715519905,42.567999839782715,,,7.058595039481659, NLARSW_PILONC1_1 [ PILONCIL: 138 KV - NLARSW: 138 KV ] CONT:SCORLOB5
LFKSW:138KV-LFKTP:138KV|SNAVMBP5,1,1,6,0.19200000166893005,0.9399999976158142,0.19200000166893005,1.3000000035390258,2,2026-06-23,0.06666666666666667,0.016666666666666666,2.875,,,,0.0,1.3000000035390258,,,7.057668946185344, 1370__H [ LFKSW: 138 KV - LFKTP: 138 KV ] CONT:SNAVMBP5
CORONA:69KV-CORONA:138KV|DFERGRM8,1,5,1,0.8889999985694885,0.8889999985694885,77.44100189208984,126.85200189054012,6,2026-07-14,0.06666666666666667,0.08333333333333333,0.8214285714285714,,,,17.650000393390656,109.20200149714947,,,6.947319374677864, CORONA_AT4 [ CORONA: 69 KV - CORONA: 138 KV ] CONT:DFERGRM8
BLESSING:69KV-PALACIOS:69KV|DELMNHK5,1,1,1,0.39100000262260437,0.39100000262260437,0.39100000262260437,0.6430000066757202,2,2026-07-14,0.06666666666666667,0.016666666666666666,2.875,,,,0.6430000066757202,0.0,,,6.931064242994699, BLESSI_PALACI1_1 [ BLESSING: 69 KV - PALACIOS: 69 KV ] CONT:DELMNHK5
BIGLAKE:69KV-PHBL_TAP:69KV|SLGDSAP8,0,1,0,,0.0,3.98799991607666,3.98799991607666,1,2026-05-05,0.0,0.016666666666666666,0.37500000000000006,5.0,221.00999450683594,385.22699069976807,0.0,3.98799991607666,,,6.9117864487893, BIGLAK_PHBL_T1_1 [ BIGLAKE: 69 KV - PHBL_TAP: 69 KV ] CONT:SLGDSAP8
LENSW:138KV-PUTN:138KV|STUDLEN8,2,6,2,0.18700000643730164,0.26500000804662704,2.7019999027252197,8.748999871313572,8,2026-07-04,0.13333333333333333,0.1,1.303030303030303,,,,0.07800000160932541,8.670999869704247,,,6.911616134754998, LENSW_PUTN2_1 [ LENSW: 138 KV - PUTN: 138 KV ] CONT:STUDLEN8
PLSNTOS:69KV-POTEETS:69KV|SROSE38,0,1,0,,0.0,0.6230000257492065,1.2450000196695328,1,2026-07-09,0.0,0.016666666666666666,0.37500000000000006,8.0,104.44100189208984,198.2790014743805,1.2450000196695328,0.0,,,6.856596201097256, POT_PLSN_1 [ PLSNTOS: 69 KV - POTEETS: 69 KV ] CONT:SROSE38
NLARSW:138KV-PILONCIL:138KV|DFRIILL8,2,7,2,0.33000001311302185,0.396000012755394,6.729000091552734,27.56099995120894,9,2026-07-03,0.13333333333333333,0.11666666666666667,1.131578947368421,,,,0.06599999964237213,27.49499995156657,,,6.818940499110208, NLARSW_PILONC1_1 [ NLARSW: 138 KV - PILONCIL: 138 KV ] CONT:DFRIILL8
TREADWEL:138KV-YELWJCKT:138KV|SFORGIL8,0,4,0,,0.0,4.751999855041504,22.676999747753143,4,2026-07-11,0.0,0.06666666666666667,0.13043478260869568,5.0,39.24700164794922,105.46700274944305,9.554999768733978,13.121999979019165,,,6.803091814621936, TREADW_YELWJC1_1 [ TREADWEL: 138 KV - YELWJCKT: 138 KV ] CONT:SFORGIL8
LCSES:138KV-RIESW:138KV|DJERIRP8,1,1,4,0.22699999809265137,0.6309999972581863,0.44699999690055847,1.0869999937713146,2,2026-06-20,0.06666666666666667,0.016666666666666666,2.875,,,,0.0,1.0869999937713146,,,6.797426971352651, 1225__A [ LCSES: 138 KV - RIESW: 138 KV ] CONT:DJERIRP8
TREADWEL:138KV-YELWJCKT:138KV|DBUCRGP5,1,8,2,4.5879998207092285,6.002999782562256,47.318016052246094,145.08071917295456,9,2026-06-26,0.06666666666666667,0.13333333333333333,0.5348837209302325,,,,1.0809999704360962,143.99971920251846,,,6.7545081753385015, TREADW_YELWJC1_1 [ TREADWEL: 138 KV - YELWJCKT: 138 KV ] CONT:DBUCRGP5
RS:138KV-FB:138KV|SWCPYT8,1,3,2,2.6630001068115234,3.5290001034736633,3.2130000591278076,15.650025978684425,4,2026-06-22,0.06666666666666667,0.05,1.2777777777777777,,,,0.0,15.650025978684425,,,6.735352707555912, FB_RS_60_A [ RS: 138 KV - FB: 138 KV ] CONT:SWCPYT8
WLVSW:138KV-GAILS:138KV|SW_LVLT5,0,2,0,,0.0,798.5015258789062,3404.818467570469,2,2026-07-10,0.0,0.03333333333333333,0.23076923076923075,,,,3404.818467570469,0.0,,,6.722848515809399, 6217__A [ WLVSW: 138 KV - GAILS: 138 KV ] CONT:SW_LVLT5
LYD:138KV-DPW:138KV|DGBYCF_8,1,1,1,0.5130000114440918,0.5130000114440918,0.5130000114440918,0.7910000085830688,2,2026-06-23,0.06666666666666667,0.016666666666666666,2.875,,,,0.0,0.7910000085830688,,,6.684778651971021, DPWLYD70_A [ LYD: 138 KV - DPW: 138 KV ] CONT:DGBYCF_8
LYD:138KV-DPW:138KV|SLYDGBY8,1,1,1,0.5130000114440918,0.5130000114440918,0.5130000114440918,0.7910000085830688,2,2026-06-23,0.06666666666666667,0.016666666666666666,2.875,,,,0.0,0.7910000085830688,,,6.684778651971021, DPWLYD70_A [ LYD: 138 KV - DPW: 138 KV ] CONT:SLYDGBY8
SCRCV:138KV-KNAPP:138KV|DSCOFAR5,0,1,0,,0.0,36.58100128173828,39.13300132751465,1,2026-05-02,0.0,0.016666666666666666,0.37500000000000006,6.0,73.36900329589844,295.8960049301386,0.0,39.13300132751465,,,6.64874311909049, 6437__F [ SCRCV: 138 KV - KNAPP: 138 KV ] CONT:DSCOFAR5
HAMILTON:138KV-MAVERICK:138KV|SBRAHAM8,1,26,4,1.4579999446868896,3.6089999228715897,112.43151092529297,2835.6212424188852,27,2026-06-24,0.06666666666666667,0.43333333333333335,0.17293233082706766,,,,10.589999914169312,2825.031242504716,,,6.608143970049008, HAMILT_MAVERI1_1 [ HAMILTON: 138 KV - MAVERICK: 138 KV ] CONT:SBRAHAM8
CARVER:138KV-TINSLEY:138KV|SMAXMAX8,1,1,1,0.41100001335144043,0.41100001335144043,0.5519999861717224,0.9629999995231628,2,2026-06-01,0.06666666666666667,0.016666666666666666,2.875,,,,0.0,0.9629999995231628,,,6.58008501191554, CARVER_TINSLE1_1 [ CARVER: 138 KV - TINSLEY: 138 KV ] CONT:SMAXMAX8
FURHMAN:138KV-RAYBURN:138KV|DSTPSTA5,1,1,1,0.37687918543815613,0.37687918543815613,21.01929473876953,57.51582929491997,2,2026-05-28,0.06666666666666667,0.016666666666666666,2.875,,,,0.0,57.51582929491997,,,6.543366205985448,RAYBUR_FURHMAN_1 [FURHMAN: 138 KV -RAYBURN: 138 KV ] CONT:DSTPSTA5
KNBSW:345KV-SALSW:345KV|DSNDBGR5,1,2,1,1.6959999799728394,1.6959999799728394,15.126999855041504,108.61534130573273,3,2026-06-19,0.06666666666666667,0.03333333333333333,1.769230769230769,,,,0.0,108.61534130573273,,,6.5433625214161015,36040__A [KNBSW: 345 KV -SALSW: 345 KV ] CONT:DSNDBGR5
FLTSW:138KV-PRSSW:138KV|DPRSHWK8,1,1,1,0.164000004529953,0.164000004529953,0.1979999989271164,0.3620000034570694,2,2026-07-13,0.06666666666666667,0.016666666666666666,2.875,,,,0.3620000034570694,0.0,,,6.523146175916532, 1545__A [ FLTSW: 138 KV - PRSSW: 138 KV ] CONT:DPRSHWK8
NUECES_B:138KV-MORRIS:138KV|DHWIND89,1,5,3,0.3059999942779541,0.45200000097975135,11.123000144958496,95.00800023926422,6,2026-07-10,0.06666666666666667,0.08333333333333333,0.8214285714285714,,,,16.737000107765198,78.27100013149902,,,6.515015887737794, MORRIS_NUECES1_1 [ NUECES_B: 138 KV - MORRIS: 138 KV ] CONT:DHWIND89
SCSES:345KV-SCSES:1KV|DELKDOR5,1,1,1,0.3490000069141388,0.3490000069141388,1.3250000476837158,2.0410000681877136,2,2026-05-28,0.06666666666666667,0.016666666666666666,2.875,,,,0.0,2.0410000681877136,,,6.5126823619424306, SCSES_MR1H [ SCSES: 345 KV - SCSES: 1 KV ] CONT:DELKDOR5
SCSES:1KV-SCSES:138KV|DELKDOR5,1,1,1,0.3490000069141388,0.3490000069141388,1.3250000476837158,2.0410000681877136,2,2026-05-28,0.06666666666666667,0.016666666666666666,2.875,,,,0.0,2.0410000681877136,,,6.5126823619424306, SCSES_MR1L [ SCSES: 1 KV - SCSES: 138 KV ] CONT:DELKDOR5
SGVSW:138KV-CRAND:138KV|SNIPOAK8,1,3,1,0.6320000290870667,0.6320000290870667,1.9759999513626099,4.679999969899654,4,2026-07-14,0.06666666666666667,0.05,1.2777777777777777,,,,4.679999969899654,0.0,,,6.507023758547016, 1263__B [ SGVSW: 138 KV - CRAND: 138 KV ] CONT:SNIPOAK8
DMTSW:138KV-ECRSW:138KV|DMTSCOS5,1,5,2,0.41999998688697815,0.5409999862313271,8.293000221252441,56.6479999050498,6,2026-05-28,0.06666666666666667,0.08333333333333333,0.8214285714285714,3.0,2.015000104904175,6.554000064730644,0.0,56.6479999050498,,,6.469587921611312, 6429__A [ DMTSW: 138 KV - ECRSW: 138 KV ] CONT:DMTSCOS5
ENTPR:345KV-NCDSE:345KV|DENTSCS5,1,5,2,1.5959999561309814,2.1989999413490295,2.8269999027252197,25.387999882688746,6,2026-07-10,0.06666666666666667,0.08333333333333333,0.8214285714285714,,,,2.3249999433755875,23.06299993931316,,,6.44422297440564, 359__A [ ENTPR: 345 KV - NCDSE: 345 KV ] CONT:DENTSCS5
ZEN:345KV-THW:345KV|DSNG_TB5,0,3,0,,0.0,11.979999542236328,41.180097460746765,3,2026-07-10,0.0,0.05,0.16666666666666666,6.0,3.484999895095825,22.595999762415886,41.180097460746765,0.0,,,6.42999059978332, THWZEN71_A [ ZEN: 345 KV - THW: 345 KV ] CONT:DSNG_TB5
GRSBK:138KV-RIESW:138KV|SRIELCS8,1,1,2,0.14300000667572021,0.2620000094175339,0.44699999690055847,0.7830000035464764,2,2026-06-20,0.06666666666666667,0.016666666666666666,2.875,,,,0.0,0.7830000035464764,,,6.412683645788046, 1220__G [ GRSBK: 138 KV - RIESW: 138 KV ] CONT:SRIELCS8
LON_HILL:138.1KV-CLARK_WD:138KV|SCITWEI8,0,6,0,,0.0,1.871000051498413,9.897000007797033,6,2026-06-29,0.0,0.1,0.09090909090909091,25.0,8.192999839782715,207.74100024811924,1.8529999484308064,8.044000059366226,,,6.388406671803573, CLARK__LON_HI1_1 [ LON_HILL: 138.1 KV - CLARK_WD: 138 KV ] CONT:SCITWEI8
HEC:138KV-ADERHOLD:138KV|SMV_PHA8,1,1,1,0.23000000417232513,0.23000000417232513,7.243000030517578,7.473000034689903,2,2026-05-28,0.06666666666666667,0.016666666666666666,2.875,,,,0.0,7.473000034689903,,,6.374158247580622, ADERHO_HEC1_1 [ HEC: 138 KV - ADERHOLD: 138 KV ] CONT:SMV_PHA8
SAMSW:345KV-FBRSW:345KV|STCRTHS5,1,1,1,0.13699999451637268,0.13699999451637268,7.104000091552734,7.241000086069107,2,2026-07-01,0.06666666666666667,0.016666666666666666,2.875,,,,0.13699999451637268,7.104000091552734,,,6.352521710793324, 506__A [ SAMSW: 345 KV - FBRSW: 345 KV ] CONT:STCRTHS5
TMPSW:345KV-TMPCR:345KV|STM2TMP5,1,1,1,0.20600000023841858,0.20600000023841858,4.71999979019165,5.9089997708797455,2,2026-06-15,0.06666666666666667,0.016666666666666666,2.875,,,,0.0,5.9089997708797455,,,6.344600636169963,315__A [TMPSW: 345 KV -TMPCR: 345 KV ] CONT:STM2TMP5
CMPBW:138KV-BRNSO:138KV|SZEPCMN8,0,1,0,,0.0,7.791999816894531,43.173999682068825,1,2026-07-14,0.0,0.016666666666666666,0.37500000000000006,1.0,7.633999824523926,11.327999889850616,43.173999682068825,0.0,,,6.308336562574047, 670__C [ CMPBW: 138 KV - BRNSO: 138 KV ] CONT:SZEPCMN8
KELAM_SL:138KV-BENWH_RC:138KV|BASE,2,15,2,0.6079999804496765,0.7339999824762344,15.552000045776367,155.06400027778,17,2026-07-09,0.13333333333333333,0.25,0.5512820512820513,,,,0.19300000369548798,154.8710002740845,,,6.275244818760073, BW_KELLAM_RC_1 [ KELAM_SL: 138 KV - BENWH_RC: 138 KV ] CONT:BASE CASE
MV_BURNS:138KV-MV_HBRG4:138KV|MHARNED5,0,5,0,,0.0,210.2989959716797,3171.226579051465,5,2026-05-06,0.0,0.08333333333333333,0.10714285714285715,6.0,63.66228485107422,354.7613453865051,0.0,3171.226579051465,,,6.179608210850171,BURNS_HEIDLBRG_1 [MV_BURNS: 138 KV -MV_HBRG4: 138 KV ] CONT:MHARNED5
JATN:69KV-DKEC:69KV|SWOLROT9,0,16,0,,0.0,4.258999824523926,39.406999609433115,16,2026-07-09,0.0,0.26666666666666666,0.03614457831325301,7.0,10.677000045776367,60.97999935597181,12.365999958477914,27.0409996509552,,,6.1778674318261775, DKEC_JATN1_1 [ JATN: 69 KV - DKEC: 69 KV ] CONT:SWOLROT9
RAYBURN:138.1KV-RAYBURN:69KV|SL_4VIC8,1,2,1,1.0290000438690186,1.0290000438690186,12.253999710083008,44.760000348091125,3,2026-06-17,0.06666666666666667,0.03333333333333333,1.769230769230769,,,,0.0,44.760000348091125,,,6.117023366680742, RAYBURN_69_2 [ RAYBURN: 138.1 KV - RAYBURN: 69 KV ] CONT:SL_4VIC8
MEDILA:138KV-W1:138KV|DCAGCI58,1,21,1,1.5399999618530273,1.5399999618530273,46.67900085449219,595.4089978039265,22,2026-07-10,0.06666666666666667,0.35,0.21296296296296297,,,,16.059000372886658,579.3499974310398,,,6.104952846416495, 460T460_1 [ MEDILA: 138 KV - W1: 138 KV ] CONT:DCAGCI58
ABNTHWST:138KV-ABNTHWST:138.1KV|SABSBLU8,1,6,1,1.4570000171661377,1.4570000171661377,13.119000434875488,110.89799988269806,7,2026-06-29,0.06666666666666667,0.1,0.6969696969696969,,,,3.7049999237060547,107.192999958992,,,6.096413356210887, ABNTHW_SERDEV1_1 [ ABNTHWST: 138 KV - ABNTHWST: 138.1 KV ] CONT:SABSBLU8
NEWMAN:138KV-WALNUT1:138KV|SBRABND8,0,1,0,,0.0,774.685302734375,871.0627861022949,1,2026-06-24,0.0,0.016666666666666666,0.37500000000000006,,,,871.0627861022949,0.0,,,6.033507261151469, NEWM_WAL_1 [ NEWMAN: 138 KV - WALNUT1: 138 KV ] CONT:SBRABND8
MGPSW:138KV-ZEPHYR:138KV|SZEPCMN8,1,3,3,0.17299999296665192,0.37700000032782555,0.2639999985694885,0.830999992787838,4,2026-07-13,0.06666666666666667,0.05,1.2777777777777777,1.0,1.055999994277954,1.055999994277954,0.5669999942183495,0.2639999985694885,,,6.007096320974327, 660__B [ MGPSW: 138 KV - ZEPHYR: 138 KV ] CONT:SZEPCMN8
ELKTN:1KV-ELKTN:138KV|MSTCHLY5,1,2,2,0.5950000286102295,0.8790000379085541,1.1979999542236328,2.5999999791383743,3,2026-06-04,0.06666666666666667,0.03333333333333333,1.769230769230769,,,,0.0,2.5999999791383743,,,6.001818353892995, ELKTN_MR3L [ ELKTN: 1 KV - ELKTN: 138 KV ] CONT:MSTCHLY5
ELKTN:345KV-ELKTN:1KV|MSEKHLY5,1,2,2,0.5950000286102295,0.8790000379085541,1.1979999542236328,2.5999999791383743,3,2026-06-04,0.06666666666666667,0.03333333333333333,1.769230769230769,,,,0.0,2.5999999791383743,,,6.001818353892995, ELKTN_MR3H [ ELKTN: 345 KV - ELKTN: 1 KV ] CONT:MSEKHLY5
ELKTN:1KV-ELKTN:138KV|MSEKHLY5,1,2,2,0.5950000286102295,0.8790000379085541,1.1979999542236328,2.5999999791383743,3,2026-06-04,0.06666666666666667,0.03333333333333333,1.769230769230769,,,,0.0,2.5999999791383743,,,6.001818353892995, ELKTN_MR3L [ ELKTN: 1 KV - ELKTN: 138 KV ] CONT:MSEKHLY5
MAXWELL:138KV-HAMILTON:138KV|BASE,1,3,1,0.36500000953674316,0.36500000953674316,3.9660000801086426,10.14300012588501,4,2026-07-03,0.06666666666666667,0.05,1.2777777777777777,,,,2.763000011444092,7.380000114440918,,,5.930244965849138, HAMILT_MAXWEL1_1 [ MAXWELL: 138 KV - HAMILTON: 138 KV ] CONT:BASE CASE
HI_LONE:345KV-CEDACA:345KV|BASE,0,3,0,,0.0,882.280517578125,1451.442681312561,3,2026-06-30,0.0,0.05,0.16666666666666666,,,,1451.442681312561,0.0,,,5.9232035588739524,HI_LONE_TLINE_1 [HI_LONE: 345 KV -CEDACA: 345 KV ] CONT:BASE CASE
CELANEBI:138KV-KLEBERG:138.1KV|SN_SLON5,2,28,3,0.057999998331069946,0.0849999989150092,8.798999786376953,49.175999908242375,30,2026-06-25,0.13333333333333333,0.4666666666666667,0.30069930069930073,,,,2.818999984767288,46.35699992347509,,,5.916067562539565, CELANE_KLEBER1_1 [ CELANEBI: 138 KV - KLEBERG: 138.1 KV ] CONT:SN_SLON5
PIPECR:138KV-MEDILA:138KV|DCAGOMI8,1,3,1,0.828000009059906,0.828000009059906,6.426000118255615,15.642000138759613,4,2026-06-29,0.06666666666666667,0.05,1.2777777777777777,,,,0.8849999904632568,14.757000148296356,,,5.849880505287165, 255T279_1 [ PIPECR: 138 KV - MEDILA: 138 KV ] CONT:DCAGOMI8
VERTREES:138KV-WESLAU:138KV|MTGULAP5,1,6,2,2.1480000019073486,3.4910000562667847,120.86900329589844,883.6410022974014,7,2026-06-01,0.06666666666666667,0.1,0.6969696969696969,,,,0.0,883.6410022974014,,,5.83964549775759,VERTRE_WESLAU1@VERTREES||LN||VERTRE_WESLAU1||1 [VERTREES: 138 KV -WESLAU: 138 KV ] CONT:MTGULAP5
NORTMC:138KV-CROSSOVE:138KV|SFTLMES8,1,8,2,3.066999912261963,4.468999862670898,107.83136749267578,179.16747933300212,9,2026-05-31,0.06666666666666667,0.13333333333333333,0.5348837209302325,,,,0.0,179.16747933300212,,,5.834007517879854, CROSSO_NORTMC1_1 [ NORTMC: 138 KV - CROSSOVE: 138 KV ] CONT:SFTLMES8
STER:69KV-STCO:69KV|DSGTSCH5,0,1,0,,0.0,49.3849983215332,99.26699829101562,1,2026-05-27,0.0,0.016666666666666666,0.37500000000000006,3.0,99.7509994506836,128.27399921417236,0.0,99.26699829101562,,,5.817295370081506, STCO_STER1_1 [ STER: 69 KV - STCO: 69 KV ] CONT:DSGTSCH5
BIGHIL:345KV-OERSTED:345KV|DBAKCED5,0,5,0,,0.0,100.76953125,1551.1083709001541,5,2026-06-30,0.0,0.08333333333333333,0.10714285714285715,,,,1551.1083709001541,0.0,,,5.81587522661707,225T558       @BIGHIL||LN||225T558||1 [BIGHIL: 345 KV -OERSTED: 345 KV ] CONT:DBAKCED5
VERTREES:138KV-WESLAU:138KV|SMVRLA_8,0,4,0,,0.0,1.0520000457763672,2.8980000279843807,4,2026-06-05,0.0,0.06666666666666667,0.13043478260869568,31.0,11.821000099182129,216.85200093872845,0.0,2.8980000279843807,,,5.751622903736199,VERTRE_WESLAU1@WESLAU||LN||VERTRE_WESLAU1||1 [VERTREES: 138 KV -WESLAU: 138 KV ] CONT:SMVRLA_8
BLESSING:138KV-BLESSING:69KV|DREFSTP5,0,1,0,,0.0,84.21600341796875,282.68600314855576,1,2026-05-14,0.0,0.016666666666666666,0.37500000000000006,6.0,51.80699920654297,118.7630010843277,0.0,282.68600314855576,,,5.740875992307375, BLESSING_69A1 [ BLESSING: 138 KV - BLESSING: 69 KV ] CONT:DREFSTP5
PEARSALL:69KV-POTEETS:69KV|SMOOPEA8,0,2,0,,0.0,173.89300537109375,918.1190147399902,2,2026-07-09,0.0,0.03333333333333333,0.23076923076923075,,,,918.1190147399902,0.0,,,5.740479808273025, POT_PEAR_1 [ PEARSALL: 69 KV - POTEETS: 69 KV ] CONT:SMOOPEA8
BISON:69KV-STRS:69KV|SBISMID9,0,10,0,,0.0,28.31599998474121,322.3880015909672,10,2026-06-13,0.0,0.16666666666666666,0.05660377358490566,10.0,48.4379997253418,262.515000294894,0.0,322.3880015909672,,,5.73928962502556, BISON_STRS1_1 [ BISON: 69 KV - STRS: 69 KV ] CONT:SBISMID9
OAKC:138KV-FTCHADBT:138KV|SGARBAL8,0,1,0,,0.0,0.14399999380111694,0.14399999380111694,1,2026-07-14,0.0,0.016666666666666666,0.37500000000000006,3.0,24.89900016784668,105.49800062179565,0.14399999380111694,0.0,,,5.7243855704788436, FTCHAD_OAKC1_1 [ OAKC: 138 KV - FTCHADBT: 138 KV ] CONT:SGARBAL8
PSA:138.2KV-BCV:138KV|SMDOOAS5,1,4,2,0.16699999570846558,0.3139999955892563,0.8600000143051147,3.883000001311302,5,2026-07-12,0.06666666666666667,0.06666666666666667,1.0,,,,3.69200000166893,0.19099999964237213,,,5.6484496150985635, BCVPSA03_A [ PSA: 138.2 KV - BCV: 138 KV ] CONT:SMDOOAS5
PUTN:138KV-LENSW:138KV|SBIGWL_5,1,2,1,0.4569999873638153,0.4569999873638153,3.3320000171661377,5.612999972887337,3,2026-05-28,0.06666666666666667,0.03333333333333333,1.769230769230769,,,,0.0,5.612999972887337,,,5.620278020794208, LENSW_PUTN2_1 [ PUTN: 138 KV - LENSW: 138 KV ] CONT:SBIGWL_5
FRONTERA:138KV-S_MISSIN:138KV|MNLFIWO8,1,7,1,0.8529999852180481,0.8529999852180481,10.572999954223633,46.913999915122986,8,2026-07-07,0.06666666666666667,0.11666666666666667,0.6052631578947367,,,,4.313999950885773,42.59999996423721,,,5.597830650901049,BENTS_FRTER_1B@FRONTERA||LN||BENTS_FRTER_1B||1 [FRONTERA: 138 KV -S_MISSIN: 138 KV ] CONT:MNLFIWO8
NLARSW:138KV-PILONCIL:138KV|DDNEDBP5,1,3,1,0.08299999684095383,0.08299999684095383,0.6919999718666077,2.4229999724775553,4,2026-07-10,0.06666666666666667,0.05,1.2777777777777777,,,,2.4229999724775553,0.0,,,5.512091387708002, NLARSW_PILONC1_1 [ NLARSW: 138 KV - PILONCIL: 138 KV ] CONT:DDNEDBP5
THW:1KV-THW:138.1KV|DZENADK8,1,3,1,0.5460000038146973,0.5460000038146973,3.440999984741211,8.568999845534563,4,2026-07-01,0.06666666666666667,0.05,1.2777777777777777,,,,0.5460000038146973,8.022999841719866,,,5.4498605698479885, THW_AT3L [ THW: 1 KV - THW: 138.1 KV ] CONT:DZENADK8
BLESSING:138KV-BLESSING:69KV|MCPJKXK8,1,3,3,0.5099999904632568,0.8969999924302101,6.629000186920166,12.1330002322793,4,2026-06-20,0.06666666666666667,0.05,1.2777777777777777,,,,0.0,12.1330002322793,,,5.430011456868144, BLESSING_69A1 [ BLESSING: 138 KV - BLESSING: 69 KV ] CONT:MCPJKXK8
BLESSING:138KV-BLESSING:69KV|MCPRJCK8,1,3,3,0.5099999904632568,0.8969999924302101,6.629000186920166,12.1330002322793,4,2026-06-20,0.06666666666666667,0.05,1.2777777777777777,,,,0.0,12.1330002322793,,,5.430011456868144, BLESSING_69A1 [ BLESSING: 138 KV - BLESSING: 69 KV ] CONT:MCPRJCK8
RIOHONDO:138KV-MV_RIOHO:138KV|MPASTNE5,0,1,0,,0.0,0.2280000001192093,0.2280000001192093,1,2026-06-04,0.0,0.016666666666666666,0.37500000000000006,6.0,16.71299934387207,86.10799860954285,0.0,0.2280000001192093,,,5.422509905483857, RIOHND_ERIOHND_1 [ RIOHONDO: 138 KV - MV_RIOHO: 138 KV ] CONT:MPASTNE5
CMNSW:138KV-PNKNY:138KV|SMGPBRN8,0,2,0,,0.0,15.984000205993652,29.1880002617836,2,2026-05-24,0.0,0.03333333333333333,0.23076923076923075,17.0,13.430000305175781,112.44500028342009,0.0,29.1880002617836,,,5.3542362348091395, 650__A [ CMNSW: 138 KV - PNKNY: 138 KV ] CONT:SMGPBRN8
BCESW:345KV-SNDSW:345KV|DSALHUT5,1,10,1,3.4739999771118164,3.4739999771118164,198.21400451660156,3689.0489079356194,11,2026-06-22,0.06666666666666667,0.16666666666666666,0.43396226415094336,,,,0.0,3689.0489079356194,,,5.328748567130803, 421__A [ BCESW: 345 KV - SNDSW: 345 KV ] CONT:DSALHUT5
CARVER:138KV-TINSLEY:138KV|SPINZIE8,0,14,0,,0.0,11.619000434875488,59.5110001815483,14,2026-06-09,0.0,0.23333333333333334,0.0410958904109589,19.0,17.1560001373291,180.15599892660975,0.0,59.5110001815483,,,5.320180230003497, CARVER_TINSLE1_1 [ CARVER: 138 KV - TINSLEY: 138 KV ] CONT:SPINZIE8
ECMORN:138KV-PARKWA:138KV|DCIBSCH8,0,3,0,,0.0,23.947999954223633,46.2669997215271,3,2026-06-30,0.0,0.05,0.16666666666666666,1.0,40.000999450683594,65.2869987487793,1.4019999504089355,44.864999771118164,,,5.313672097399562, 581T581_1 [ ECMORN: 138 KV - PARKWA: 138 KV ] CONT:DCIBSCH8
ESKSW:69KV-TRNT:69KV|SROMREA5,0,1,0,,0.0,38.6609992980957,38.6609992980957,1,2026-05-30,0.0,0.016666666666666666,0.37500000000000006,1.0,76.15299987792969,76.15299987792969,0.0,38.6609992980957,,,5.301151655114975, ESKSW_TRNT1_1 [ ESKSW: 69 KV - TRNT: 69 KV ] CONT:SROMREA5
CG:138KV-CG:138.1KV|BASE,1,10,1,0.6269999742507935,0.6269999742507935,6.840000152587891,16.77400020742789,11,2026-07-11,0.06666666666666667,0.16666666666666666,0.43396226415094336,,,,6.063000024296343,10.711000183131546,,,5.277583419218747, CG_CG_06_1 [ CG: 138 KV - CG: 138.1 KV ] CONT:BASE CASE
WCOLLOCL:138KV-ANGLETON:138KV|SWCOWCO8,0,1,0,,0.0,314.8758850097656,314.8758850097656,1,2026-06-25,0.0,0.016666666666666666,0.37500000000000006,,,,314.8758850097656,0.0,,,5.271873218963012,G138_15       @WCOLLOCL||LN||G138_15||1.0 [WCOLLOCL: 138 KV -ANGLETON: 138 KV ] CONT:SWCOWCO8
NLARSW:138KV-PILONCIL:138KV|SESCSUN8,1,5,2,0.47099998593330383,0.7569999992847443,1.6629999876022339,5.942999973893166,6,2026-07-09,0.06666666666666667,0.08333333333333333,0.8214285714285714,,,,1.2580000087618828,4.684999965131283,,,5.255134683050054, NLARSW_PILONC1_1 [ NLARSW: 138 KV - PILONCIL: 138 KV ] CONT:SESCSUN8
MAXWELL:138KV-WHITING:138KV|DBIGKEN5,0,2,0,,0.0,166.40524291992188,267.0138158798218,2,2026-05-27,0.0,0.03333333333333333,0.23076923076923075,5.0,30.176000595092773,96.0590009689331,0.0,267.0138158798218,,,5.198237145336238, MAXWEL_WHITIN1_1 [ MAXWELL: 138 KV - WHITING: 138 KV ] CONT:DBIGKEN5
BIGHIL:345KV-OERSTED:345KV|DBAKSOL5,0,1,0,,0.0,71.28312683105469,281.02138090133667,1,2026-06-30,0.0,0.016666666666666666,0.37500000000000006,,,,281.02138090133667,0.0,,,5.186848358502914,225T558       @BIGHIL||LN||225T558||1 [BIGHIL: 345 KV -OERSTED: 345 KV ] CONT:DBAKSOL5
GARZA:1KV-GARZA:69KV|SGA2ROM8,1,4,4,0.31299999356269836,1.016999989748001,3.634000062942505,8.527000002563,5,2026-06-25,0.06666666666666667,0.06666666666666667,1.0,,,,0.04100000113248825,8.486000001430511,,,5.161994765554293, GARZA_XF1L [ GARZA: 1 KV - GARZA: 69 KV ] CONT:SGA2ROM8
I_DUPP1:138KV-I_DUPSW:138KV|SOXYIN28,1,2,1,0.04399999976158142,0.04399999976158142,1166.6666259765625,1219.5401090085506,3,2026-06-18,0.06666666666666667,0.03333333333333333,1.769230769230769,,,,0.0,1219.5401090085506,,,5.120297976831834, I_DUPP_I_DUPS1_1 [ I_DUPP1: 138 KV - I_DUPSW: 138 KV ] CONT:SOXYIN28
LOBO:69KV-FREER:69KV|DDNEDBP5,0,4,0,,0.0,147.69700622558594,707.8590067625046,4,2026-07-10,0.0,0.06666666666666667,0.13043478260869568,,,,561.1950052976608,146.66400146484375,,,5.116693546944919, FREER_LOBO1_1 [ LOBO: 69 KV - FREER: 69 KV ] CONT:DDNEDBP5
CMNSW:138KV-PNKNY:138KV|SZEPCMN8,0,3,0,,0.0,37.986000061035156,132.52199977636337,3,2026-05-13,0.0,0.05,0.16666666666666666,15.0,30.062999725341797,93.98699996247888,0.0,132.52199977636337,,,5.016192079218304, 650__A [ CMNSW: 138 KV - PNKNY: 138 KV ] CONT:SZEPCMN8
LENSW:138KV-PUTN:138KV|SSCHHIC5,1,3,5,0.1899999976158142,0.409999992698431,1.284999966621399,2.1089999582618475,4,2026-06-05,0.06666666666666667,0.05,1.2777777777777777,,,,0.0,2.1089999582618475,,,4.984985475241919, LENSW_PUTN2_1 [ LENSW: 138 KV - PUTN: 138 KV ] CONT:SSCHHIC5
RODGERS:69KV-BRIRCRT:69KV|XATK89,0,4,0,,0.0,4.585999965667725,69.61300028115511,4,2026-06-23,0.0,0.06666666666666667,0.13043478260869568,19.0,5.664999961853027,99.39100016281009,0.0,69.61300028115511,,,4.976879529704089, RODG_BRIR_1 [ RODGERS: 69 KV - BRIRCRT: 69 KV ] CONT:XATK89
BLESSING:138KV-PAVLOV:138.1KV|SCBEDYN8,0,1,0,,0.0,1.059000015258789,1.059000015258789,1,2026-05-29,0.0,0.016666666666666666,0.37500000000000006,2.0,13.211999893188477,53.222999572753906,0.0,1.059000015258789,,,4.948466358152523, BLESSI_PAVLOV1_1 [ BLESSING: 138 KV - PAVLOV: 138.1 KV ] CONT:SCBEDYN8
FORTMA:138KV-YELWJCKT:138KV|SFORGIL8,1,6,1,1.465000033378601,1.465000033378601,69.29399871826172,546.1130015105009,7,2026-06-15,0.06666666666666667,0.1,0.6969696969696969,,,,0.0,546.1130015105009,,,4.939820119359509, FORTMA_YELWJC1_1 [ FORTMA: 138 KV - YELWJCKT: 138 KV ] CONT:SFORGIL8
MAXZUE:138KV-GAYHIL:138KV|SBREHIG8,0,1,0,,0.0,192.84800720214844,192.84800720214844,1,2026-06-27,0.0,0.016666666666666666,0.37500000000000006,,,,192.84800720214844,0.0,,,4.905666981326872, 367T347_1 [ MAXZUE: 138 KV - GAYHIL: 138 KV ] CONT:SBREHIG8
CRTRVLLE:138KV-HILGR:138KV|MLNGCAT5,0,1,0,,0.0,53.0359992980957,178.25100326538086,1,2026-06-25,0.0,0.016666666666666666,0.37500000000000006,,,,178.25100326538086,0.0,,,4.846951500716754, 16050__B [ CRTRVLLE: 138 KV - HILGR: 138 KV ] CONT:MLNGCAT5
TWINBU:138KV-HARGROVE:138KV|SSCHTWI8,0,2,0,,0.0,40.93299865722656,273.9319970011711,2,2026-06-25,0.0,0.03333333333333333,0.23076923076923075,,,,273.9319970011711,0.0,,,4.835310931925854, HARGRO_TWINBU1_1 [ TWINBU: 138 KV - HARGROVE: 138 KV ] CONT:SSCHTWI8
LEANDE:138KV-SEWAJU:138KV|SGLAGA28,0,1,0,,0.0,27.75,27.75,1,2026-06-24,0.0,0.016666666666666666,0.37500000000000006,2.0,2.263000011444092,2.887000024318695,27.75,0.0,,,4.831977176914627, 353T353_1 [ LEANDE: 138 KV - SEWAJU: 138 KV ] CONT:SGLAGA28
GRAHM:69KV-OLNEY:69KV|BASE,0,1,0,,0.0,44.73400115966797,174.48999891802669,1,2026-07-09,0.0,0.016666666666666666,0.37500000000000006,,,,174.48999891802669,0.0,,,4.83104773465066, 6830__C [ GRAHM: 69 KV - OLNEY: 69 KV ] CONT:BASE CASE
PUTN:138KV-LENSW:138KV|XCMB58,1,4,1,0.6110000014305115,0.6110000014305115,1.430999994277954,2.4659999944269657,5,2026-06-16,0.06666666666666667,0.06666666666666667,1.0,,,,0.0,2.4659999944269657,,,4.794724199304039, LENSW_PUTN2_1 [ PUTN: 138 KV - LENSW: 138 KV ] CONT:XCMB58
BIG_FOOT:138KV-PLEASANT:138KV|DELMSAN5,0,3,0,,0.0,152.15499877929688,1368.9610033035278,3,2026-05-05,0.0,0.05,0.16666666666666666,1.0,70.98999786376953,70.98999786376953,0.0,1368.9610033035278,,,4.738979230288997,BIG_FO_PLEASA1@BIG_FOOT||LN|| BIG_FO_PLEASA1||1 [BIG_FOOT: 138 KV -PLEASANT: 138 KV ] CONT:DELMSAN5
POTEETS:69KV-OAKS9:69KV|SMOOPEA8,0,1,0,,0.0,50.191001892089844,141.14899921417236,1,2026-07-09,0.0,0.016666666666666666,0.37500000000000006,,,,141.14899921417236,0.0,,,4.673018041646877, POT_OAKS_1 [ POTEETS: 69 KV - OAKS9: 69 KV ] CONT:SMOOPEA8
COLETO:138KV-VICTORIA:138.1KV|SGRIRAP5,0,2,0,,0.0,5.302000045776367,16.491999983787537,2,2026-06-26,0.0,0.03333333333333333,0.23076923076923075,3.0,1.3550000190734863,5.693000018596649,16.491999983787537,0.0,,,4.670288025699628, COLETO_VICTOR1_1 [ COLETO: 138 KV - VICTORIA: 138.1 KV ] CONT:SGRIRAP5
PRLSW:345KV-CONSW:345KV|DSLKNOR5,0,1,0,,0.0,37.27647399902344,137.10003662109375,1,2026-06-29,0.0,0.016666666666666666,0.37500000000000006,,,,137.10003662109375,0.0,,,4.6513449375505775,6056__B [PRLSW: 345 KV -CONSW: 345 KV ] CONT:DSLKNOR5
PREST:138KV-RENTP:138KV|STNSTCO8,1,8,2,0.013000000268220901,0.024000000208616257,2.3949999809265137,5.022000014898367,9,2026-07-09,0.06666666666666667,0.13333333333333333,0.5348837209302325,,,,4.84400001168251,0.17800000321585685,,,4.645000291145789, 1560__A [ PREST: 138 KV - RENTP: 138 KV ] CONT:STNSTCO8
SOLSTICE:138KV-FTST:138KV|SPIGSOL8,1,3,1,0.014999999664723873,0.014999999664723873,0.05999999865889549,0.1589999981224537,4,2026-07-03,0.06666666666666667,0.05,1.2777777777777777,,,,0.1589999981224537,0.0,,,4.6026020167228054, FTST_SOLSTI1_1 [ SOLSTICE: 138 KV - FTST: 138 KV ] CONT:SPIGSOL8
KOPPERL:345.1KV-KOPPERL:345KV|BASE,0,3,0,,0.0,18.37299919128418,239.8039988875389,3,2026-06-27,0.0,0.05,0.16666666666666666,,,,239.8039988875389,0.0,,,4.575439529461227, KOPPERL1_23 [ KOPPERL: 345.1 KV - KOPPERL: 345 KV ] CONT:BASE CASE
ASHERTON:138KV-CATARINA:138KV|SWCOASH8,1,11,1,0.14900000393390656,0.14900000393390656,2.6540000438690186,9.510000116890296,12,2026-07-06,0.06666666666666667,0.18333333333333332,0.396551724137931,2.0,1.2200000286102295,2.343999981880188,0.14900000393390656,9.36100011295639,,,4.521693127335273, ASHERT_CATARI1_1 [ ASHERTON: 138 KV - CATARINA: 138 KV ] CONT:SWCOASH8
GLDSW:138KV-SUNSW:138KV|DMTSCOS5,1,6,1,0.26499998569488525,0.26499998569488525,2.3459999561309814,7.580000035464764,7,2026-07-13,0.06666666666666667,0.1,0.6969696969696969,2.0,0.20800000429153442,0.41200000047683716,0.35899998247623444,7.221000052988529,,,4.514209535227202, 6438__A [ GLDSW: 138 KV - SUNSW: 138 KV ] CONT:DMTSCOS5
HEC:138KV-NEDIN:138.1KV|DDUKCLO8,0,2,0,,0.0,0.28299999237060547,0.7250000119674951,2,2026-06-03,0.0,0.03333333333333333,0.23076923076923075,4.0,8.529999732971191,47.91199988871813,0.0,0.7250000119674951,,,4.512940857208068, HEC_NEDIN1_1 [ HEC: 138 KV - NEDIN: 138.1 KV ] CONT:DDUKCLO8
FTST:138KV-LEONCRK:138KV|SSOLFTS8,1,6,1,0.11699999868869781,0.11699999868869781,0.6970000267028809,5.037999991327524,7,2026-07-07,0.06666666666666667,0.1,0.6969696969696969,,,,1.5789999663829803,3.459000024944544,,,4.463053451573904, 138_FTS_LNC_1 [ FTST: 138 KV - LEONCRK: 138 KV ] CONT:SSOLFTS8
YELWJCKT:138KV-FORTMA:138KV|SHEAYEL9,1,4,1,0.00800000037997961,0.00800000037997961,1.6239999532699585,4.248999907635152,5,2026-07-05,0.06666666666666667,0.06666666666666667,1.0,,,,0.6299999793991446,3.6189999282360077,,,4.457828798354129, FORTMA_YELWJC1_1 [ YELWJCKT: 138 KV - FORTMA: 138 KV ] CONT:SHEAYEL9
ELKTN:138KV-TSLVL:138KV|SBENKEL8,1,4,1,0.22300000488758087,0.22300000488758087,0.22300000488758087,0.588000001385808,5,2026-06-24,0.06666666666666667,0.06666666666666667,1.0,,,,0.06199999898672104,0.526000002399087,,,4.426517274131187, 1520__C [ ELKTN: 138 KV - TSLVL: 138 KV ] CONT:SBENKEL8
WLVSW:138KV-GAILS:138KV|MTRYBRO8,0,4,0,,0.0,135.73092651367188,222.4079061448574,4,2026-07-11,0.0,0.06666666666666667,0.13043478260869568,,,,222.4079061448574,0.0,,,4.42455642334697, 6217__A [ WLVSW: 138 KV - GAILS: 138 KV ] CONT:MTRYBRO8
WHITE_PT:345KV-WHITE_PT:1KV|SANGNAI5,1,19,2,0.014000000432133675,0.015000000479631126,8.119000434875488,102.72400038514752,20,2026-07-10,0.06666666666666667,0.31666666666666665,0.2346938775510204,,,,9.516999970888719,93.2070004142588,,,4.41954686480535, WHITE_PT_T3H [ WHITE_PT: 345 KV - WHITE_PT: 1 KV ] CONT:SANGNAI5
ESTLD:69KV-MRVLY:69KV|SCISPUT8,0,1,0,,0.0,17.83300018310547,97.36399984359741,1,2026-07-14,0.0,0.016666666666666666,0.37500000000000006,,,,97.36399984359741,0.0,,,4.396867354757244, 6635__G [ ESTLD: 69 KV - MRVLY: 69 KV ] CONT:SCISPUT8
RAYBURN:69KV-HIGHLAS:69KV|SFURVAN8,0,2,0,,0.0,37.18000030517578,147.60700120031834,2,2026-06-26,0.0,0.03333333333333333,0.23076923076923075,,,,147.60700120031834,0.0,,,4.373897028517505, RAY_HIGH_1 [ RAYBURN: 69 KV - HIGHLAS: 69 KV ] CONT:SFURVAN8
RAYBURN:138.1KV-RAYBURN:69KV|SL_4RAY8,1,6,1,0.6710000038146973,0.6710000038146973,31.76300048828125,229.19499990344048,7,2026-06-17,0.06666666666666667,0.1,0.6969696969696969,,,,0.0,229.19499990344048,,,4.356665765650217, RAYBURN_69_2 [ RAYBURN: 138.1 KV - RAYBURN: 69 KV ] CONT:SL_4RAY8
BOSQUE:138KV-CRAWFORD:138KV|SCAYBOS8,0,2,0,,0.0,1.8009999990463257,2.9179999828338623,2,2026-06-09,0.0,0.03333333333333333,0.23076923076923075,5.0,7.505000114440918,39.96199973579496,0.0,2.9179999828338623,,,4.335562895548929, CRA_BOSQ_1 [ BOSQUE: 138 KV - CRAWFORD: 138 KV ] CONT:SCAYBOS8
SSPSW:138KV-LBRPD:138KV|DCSHSSP5,0,5,0,,0.0,78.21493530273438,338.54485392570496,5,2026-05-31,0.0,0.08333333333333333,0.10714285714285715,4.0,16.81399917602539,55.23899984359741,0.0,338.54485392570496,,,4.334958546554286,690_C         @SSPSW||LN||690_C||_C [SSPSW: 138 KV -LBRPD: 138 KV ] CONT:DCSHSSP5
PRLSW:345KV-CONSW:345KV|DBAKCED5,0,1,0,,0.0,22.277999877929688,88.72400093078613,1,2026-06-29,0.0,0.016666666666666666,0.37500000000000006,,,,88.72400093078613,0.0,,,4.327914919990349, 6056__B [ PRLSW: 345 KV - CONSW: 345 KV ] CONT:DBAKCED5
CARVER:138KV-TINSLEY:138KV|SODLBRA8,0,6,0,,0.0,9.84000015258789,29.05000004172325,6,2026-06-06,0.0,0.1,0.09090909090909091,7.0,28.479999542236328,56.897998690605164,0.0,29.05000004172325,,,4.319716950021359, CARVER_TINSLE1_1 [ CARVER: 138 KV - TINSLEY: 138 KV ] CONT:SODLBRA8
FBRSW:345KV-THSES:345KV|DFVLFTS5,1,4,1,0.12399999797344208,0.12399999797344208,39.85201644897461,46.00701628625393,5,2026-06-11,0.06666666666666667,0.06666666666666667,1.0,,,,0.0,46.00701628625393,,,4.254782166182604,505__B [FBRSW: 345 KV -THSES: 345 KV ] CONT:DFVLFTS5
FTST:138KV-SOLSTICE:138KV|STARLEO8,1,5,1,0.20600000023841858,0.20600000023841858,0.42899999022483826,1.1809999735560268,6,2026-07-09,0.06666666666666667,0.08333333333333333,0.8214285714285714,,,,0.24199999868869781,0.938999974867329,,,4.242369252243012, FTST_SOLSTI1_1 [ FTST: 138 KV - SOLSTICE: 138 KV ] CONT:STARLEO8
LAKENASW:69KV-SAMATHIS:69KV|SCARLVO8,0,10,0,,0.0,88.88999938964844,686.1619975417852,10,2026-06-30,0.0,0.16666666666666666,0.05660377358490566,,,,226.6500005722046,459.51199696958065,,,4.236036354769822, LAKENA_SAMATH1_1 [ LAKENASW: 69 KV - SAMATHIS: 69 KV ] CONT:SCARLVO8
DOWNIES:69KV-FERRISW:69KV|DRAZSA89,0,1,0,,0.0,72.60199737548828,72.60199737548828,1,2026-07-09,0.0,0.016666666666666666,0.37500000000000006,,,,72.60199737548828,0.0,,,4.179365316070987, FER_DOWNI_1 [ DOWNIES: 69 KV - FERRISW: 69 KV ] CONT:DRAZSA89
JUNO:138KV-W_LD_138:138KV|BASE,0,9,0,,0.0,5.2729997634887695,41.777999591082335,9,2026-07-10,0.0,0.15,0.0625,4.0,5.2729997634887695,33.21899997163564,0.8529999852180481,40.924999605864286,,,4.177259364475093, T-102_1 [ JUNO: 138 KV - W_LD_138: 138 KV ] CONT:BASE CASE
WFSSW:138KV-NSTAR:138KV|MDBHRSA5,0,2,0,,0.0,39.7130012512207,121.56539630889893,2,2026-06-27,0.0,0.03333333333333333,0.23076923076923075,,,,112.64399909973145,8.92139720916748,,,4.172721154823478, 6085__E [ WFSSW: 138 KV - NSTAR: 138 KV ] CONT:MDBHRSA5
NLARSW:138KV-PALAFOX:138KV|DFOAVLO5,0,2,0,,0.0,18.722000122070312,25.80399990081787,2,2026-05-05,0.0,0.03333333333333333,0.23076923076923075,3.0,10.824000358581543,33.5679999217391,0.0,25.80399990081787,,,4.165846490700396, NLARSW_PALAFO1_1 [ NLARSW: 138 KV - PALAFOX: 138 KV ] CONT:DFOAVLO5
ELKTN:138KV-TSLVL:138KV|SBRTBEN8,1,5,1,0.22300000488758087,0.22300000488758087,0.6859999895095825,1.2739999908953905,6,2026-06-24,0.06666666666666667,0.08333333333333333,0.8214285714285714,,,,0.06199999898672104,1.2119999919086695,,,4.145939100098716, 1520__C [ ELKTN: 138 KV - TSLVL: 138 KV ] CONT:SBRTBEN8
BLESSING:345KV-BLESSING:138KV|DELMNHK5,0,1,0,,0.0,22.538999557495117,68.77099967002869,1,2026-07-02,0.0,0.016666666666666666,0.37500000000000006,,,,68.77099967002869,0.0,,,4.139275027800764, BLESSING_1382 [ BLESSING: 345 KV - BLESSING: 138 KV ] CONT:DELMNHK5
BERGHE:138KV-ANTLER:138KV|DZORHAY5,0,1,0,,0.0,14.76200008392334,64.07299995422363,1,2026-06-24,0.0,0.016666666666666666,0.37500000000000006,,,,64.07299995422363,0.0,,,4.086993480307713,493T493       @BERGHE||LN|| 493T493||1 [BERGHE: 138 KV -ANTLER: 138 KV ] CONT:DZORHAY5
DEC:138KV-DEC:1KV|BASE,1,6,5,0.004000000189989805,0.011000000522471964,0.004000000189989805,0.03700000140815973,7,2026-07-01,0.06666666666666667,0.1,0.6969696969696969,3.0,0.28600001335144043,0.5750000060070306,0.014000000664964318,0.023000000743195415,,,4.067624754098855, DEC_G1NH [ DEC: 138 KV - DEC: 1 KV ] CONT:BASE CASE
GIRA_TAP:69KV-SPUR:69KV|SWOLROT9,0,6,0,,0.0,3.5859999656677246,12.020999908447266,6,2026-06-29,0.0,0.1,0.09090909090909091,3.0,9.668999671936035,28.6209996342659,0.7419999837875366,11.278999924659729,,,4.065793089706473, GIRA_T_SPUR1_1 [ GIRA_TAP: 69 KV - SPUR: 69 KV ] CONT:SWOLROT9
LA_PALMA:138KV-HAINE_DR:138KV|SRAYRI28,0,2,0,,0.0,25.322999954223633,82.30899977684021,2,2026-05-06,0.0,0.03333333333333333,0.23076923076923075,11.0,6.669000148773193,29.55200011935085,0.0,82.30899977684021,,,4.042348248164431, HAINE__LA_PAL1_1 [ LA_PALMA: 138 KV - HAINE_DR: 138 KV ] CONT:SRAYRI28
GARZA:138KV-GARZA:1KV|SRIOZAP8,0,1,0,,0.0,43.70199966430664,59.11199951171875,1,2026-06-29,0.0,0.016666666666666666,0.37500000000000006,,,,59.11199951171875,0.0,,,4.02751830388717, GARZA_XF1H [ GARZA: 138 KV - GARZA: 1 KV ] CONT:SRIOZAP8
LEANDE:138KV-SEWAJU:138KV|MBERNAR8,0,4,0,,0.0,50.95100021362305,144.6889991685748,4,2026-06-24,0.0,0.06666666666666667,0.13043478260869568,,,,129.58299922943115,15.105999939143658,,,4.021813741788548, 353T353_1 [ LEANDE: 138 KV - SEWAJU: 138 KV ] CONT:MBERNAR8
ROMNEY:345.1KV-ROMNEY:345KV|BASE,0,1,0,,0.0,11.239999771118164,56.46999990940094,1,2026-06-25,0.0,0.016666666666666666,0.37500000000000006,,,,56.46999990940094,0.0,,,3.9938084965629974, ROMNEY1_28 [ ROMNEY: 345.1 KV - ROMNEY: 345 KV ] CONT:BASE CASE
ASPIRE:345KV-ROMNEY:345.1KV|BASE,0,1,0,,0.0,11.239999771118164,56.46999990940094,1,2026-06-25,0.0,0.016666666666666666,0.37500000000000006,,,,56.46999990940094,0.0,,,3.9938084965629974, NAV_ASPIR__C [ ASPIRE: 345 KV - ROMNEY: 345.1 KV ] CONT:BASE CASE
MV_HBRG4:138KV-MV_WESL4:138KV|SNEDSTE5,0,4,0,,0.0,47.1071662902832,178.02433754503727,4,2026-06-30,0.0,0.06666666666666667,0.13043478260869568,,,,124.20768737792969,53.81665016710758,,,3.9902873594494226,WESLCO_HIDLBRG_1 [MV_HBRG4: 138 KV -MV_WESL4: 138 KV ] CONT:SNEDSTE5
V_DUPSW:138KV-BIGTRE:138KV|MJOSPO89,1,5,1,0.09200000017881393,0.09200000017881393,5.044000148773193,7.763000160455704,6,2026-06-30,0.06666666666666667,0.08333333333333333,0.8214285714285714,,,,0.07500000298023224,7.6880001574754715,,,3.9851201821410105, BIGTRE_V_DUPS1_1 [ V_DUPSW: 138 KV - BIGTRE: 138 KV ] CONT:MJOSPO89
BLESSING:69KV-PALACIOS:69KV|SKAMPRT9,1,5,1,0.08100000023841858,0.08100000023841858,3.2690000534057617,11.246000081300735,6,2026-07-12,0.06666666666666667,0.08333333333333333,0.8214285714285714,,,,0.08100000023841858,11.165000081062317,,,3.9741080801220217, BLESSI_PALACI1_1 [ BLESSING: 69 KV - PALACIOS: 69 KV ] CONT:SKAMPRT9
BLASW:138KV-COFESSRC:138KV|SBRTBEN8,1,5,1,0.11400000005960464,0.11400000005960464,0.2630000114440918,1.1079999969806522,6,2026-06-15,0.06666666666666667,0.08333333333333333,0.8214285714285714,,,,0.0,1.1079999969806522,,,3.9607990799852613, BLASCOFE_RC_1 [ BLASW: 138 KV - COFESSRC: 138 KV ] CONT:SBRTBEN8
BLASW:138KV-COFESSRC:138KV|SBENKEL8,1,5,1,0.11400000005960464,0.11400000005960464,0.2630000114440918,1.1079999969806522,6,2026-06-15,0.06666666666666667,0.08333333333333333,0.8214285714285714,,,,0.0,1.1079999969806522,,,3.9607990799852613, BLASCOFE_RC_1 [ BLASW: 138 KV - COFESSRC: 138 KV ] CONT:SBENKEL8
LENSW:138KV-PUTN:138KV|DBAKCED5,1,6,2,0.07699999958276749,0.10400000028312206,2.739000082015991,16.066000184044242,7,2026-07-11,0.06666666666666667,0.1,0.6969696969696969,,,,0.3200000002980232,15.746000183746219,,,3.94316611259108, LENSW_PUTN2_1 [ LENSW: 138 KV - PUTN: 138 KV ] CONT:DBAKCED5
ROMNEY:345KV-KOPPERL:345.1KV|BASE,0,1,0,,0.0,11.239999771118164,51.6309996843338,1,2026-06-25,0.0,0.016666666666666666,0.37500000000000006,,,,51.6309996843338,0.0,,,3.927840163673708, NAV_ASPIR__B [ ROMNEY: 345 KV - KOPPERL: 345.1 KV ] CONT:BASE CASE
DIESEL:13KV-DIESEL:69KV|BASE,1,5,1,0.07599999755620956,0.07599999755620956,1.2029999494552612,2.667999931029044,6,2026-06-01,0.06666666666666667,0.08333333333333333,0.8214285714285714,1.0,0.006000000052154064,0.006000000052154064,0.0,2.667999931029044,,,3.9147211285793735, DIESEL_FMR1 [ DIESEL: 13 KV - DIESEL: 69 KV ] CONT:BASE CASE
COLETO:138KV-VICTORIA:138.1KV|SVICCIT8,0,1,0,,0.0,0.8320000171661377,1.100000023841858,1,2026-06-26,0.0,0.016666666666666666,0.37500000000000006,3.0,4.669000148773193,9.948000192642212,1.100000023841858,0.0,,,3.9049710191921285, COLETO_VICTOR1_1 [ COLETO: 138 KV - VICTORIA: 138.1 KV ] CONT:SVICCIT8
SCHNDR:345KV-BIGHIL:345KV|DBAKCED5,0,3,0,,0.0,58.56269836425781,95.8034083545208,3,2026-07-10,0.0,0.05,0.16666666666666666,,,,94.72140836715698,1.0819999873638153,,,3.8835335217347113, SCHNDR_BIGHIL_1 [ SCHNDR: 345 KV - BIGHIL: 345 KV ] CONT:DBAKCED5
CMNSW:345KV-CMNSW:1KV|BASE,0,5,0,,0.0,2.5420000553131104,11.679999919608235,5,2026-06-20,0.0,0.08333333333333333,0.10714285714285715,3.0,13.718999862670898,34.46999976038933,0.0,11.679999919608235,,,3.874035344960052, CMNSW_MR1H [ CMNSW: 345 KV - CMNSW: 1 KV ] CONT:BASE CASE
CUERO:138KV-THOMASTN:138KV|SANGSTA5,1,5,1,0.050999999046325684,0.050999999046325684,5.335999965667725,21.11099998652935,6,2026-06-02,0.06666666666666667,0.08333333333333333,0.8214285714285714,,,,0.0,21.11099998652935,,,3.8734765041284906, CUELCA_THOMAS1_1 [ CUERO: 138 KV - THOMASTN: 138 KV ] CONT:SANGSTA5
WFSSW:138KV-NSTAR:138KV|MDHSRSA5,0,1,0,,0.0,47.49100112915039,47.49100112915039,1,2026-06-27,0.0,0.016666666666666666,0.37500000000000006,,,,47.49100112915039,0.0,,,3.866394871105013, 6085__E [ WFSSW: 138 KV - NSTAR: 138 KV ] CONT:MDHSRSA5
CAPELLA:69KV-MERK:69KV|SMCEESK8,0,1,0,,0.0,3.178999900817871,3.178999900817871,1,2026-06-20,0.0,0.016666666666666666,0.37500000000000006,1.0,16.656999588012695,16.656999588012695,0.0,3.178999900817871,,,3.8264934753434616, CAPELL_MERK1_1 [ CAPELLA: 69 KV - MERK: 69 KV ] CONT:SMCEESK8
WESMER:138KV-PANTERA:138KV|SNEDSTE5,0,2,0,,0.0,18.30315589904785,69.8222199678421,2,2026-06-30,0.0,0.03333333333333333,0.23076923076923075,,,,69.8222199678421,0.0,,,3.8180476889463435,PANTER_WESMER1_1 [WESMER: 138 KV -PANTERA: 138 KV ] CONT:SNEDSTE5
BELDTAP:69KV-BELD:69KV|BASE,1,10,9,0.11500000208616257,0.6130000036209822,0.1550000011920929,2.0190000149887055,11,2026-06-22,0.06666666666666667,0.16666666666666666,0.43396226415094336,,,,0.0,2.0190000149887055,,,3.7984679822845466, BELD_BELDTA1_A [ BELDTAP: 69 KV - BELD: 69 KV ] CONT:BASE CASE
BRONCO:69KV-BELDTAP:69KV|XFTS89,1,10,9,0.11500000208616257,0.6130000036209822,0.1550000011920929,2.0190000149887055,11,2026-06-22,0.06666666666666667,0.16666666666666666,0.43396226415094336,,,,0.0,2.0190000149887055,,,3.7984679822845466, BELDTA_BRONCO1_A [ BRONCO: 69 KV - BELDTAP: 69 KV ] CONT:XFTS89
KOPPERL:345KV-HELIX:345KV|BASE,0,2,0,,0.0,11.239999771118164,67.68300020694733,2,2026-06-27,0.0,0.03333333333333333,0.23076923076923075,,,,67.68300020694733,0.0,,,3.7950443835300174, HELIX_KOPER_A [ KOPPERL: 345 KV - HELIX: 345 KV ] CONT:BASE CASE
WOLFCAMP:138KV-SANTARIT:138KV|DTWIBGL8,1,8,1,0.38199999928474426,0.38199999928474426,18.006999969482422,98.81300041079521,9,2026-06-06,0.06666666666666667,0.13333333333333333,0.5348837209302325,,,,0.0,98.81300041079521,,,3.7706614662404796, SANTAR_WOLFCA1_1 [ WOLFCAMP: 138 KV - SANTARIT: 138 KV ] CONT:DTWIBGL8
HAINE_DR:138KV-OLEANDER:138KV|SRAYRI38,0,5,0,,0.0,37.094505310058594,100.36969293653965,5,2026-06-30,0.0,0.08333333333333333,0.10714285714285715,,,,100.36969293653965,0.0,,,3.769428703120531,HAINE__OLEAND1_1 [HAINE_DR: 138 KV -OLEANDER: 138 KV ] CONT:SRAYRI38
MRVLY:69KV-ESTLD:69KV|SGTNLAC8,0,1,0,,0.0,14.196999549865723,40.510999381542206,1,2026-07-14,0.0,0.016666666666666666,0.37500000000000006,,,,40.510999381542206,0.0,,,3.7498300214481355, 6635__G [ MRVLY: 69 KV - ESTLD: 69 KV ] CONT:SGTNLAC8
PUTN:138KV-LENSW:138KV|MDHSRSA5,0,4,0,,0.0,14.680999755859375,88.73299950361252,4,2026-06-29,0.0,0.06666666666666667,0.13043478260869568,,,,88.73299950361252,0.0,,,3.74043590791711, LENSW_PUTN2_1 [ PUTN: 138 KV - LENSW: 138 KV ] CONT:MDHSRSA5
RIOHONDO:138KV-MV_RIOHO:138KV|DPALXMR5,0,2,0,,0.0,0.2329999953508377,0.3789999932050705,2,2026-05-30,0.0,0.03333333333333333,0.23076923076923075,2.0,9.050000190734863,21.52699975669384,0.0,0.3789999932050705,,,3.7376326733199434, RIOHND_ERIOHND_1 [ RIOHONDO: 138 KV - MV_RIOHO: 138 KV ] CONT:DPALXMR5
CATSW:345KV-PRLSW:345KV|DBAKCED5,0,1,0,,0.0,12.461999893188477,39.26799964904785,1,2026-06-30,0.0,0.016666666666666666,0.37500000000000006,,,,39.26799964904785,0.0,,,3.7270290184694286,6053_C        @CATSW||LN||6053_C||_C [CATSW: 345 KV -PRLSW: 345 KV ] CONT:DBAKCED5
CBY:345KV-CBY:1KV|BASE,1,7,2,0.11699999868869781,0.20899999886751175,1.7480000257492065,14.211000052513555,8,2026-06-23,0.06666666666666667,0.11666666666666667,0.6052631578947367,,,,0.0,14.211000052513555,,,3.7045534693846873, CBY_AT2B [ CBY: 345 KV - CBY: 1 KV ] CONT:BASE CASE
GRSES:138KV-GRMES:138KV|DGRSLO25,0,5,0,,0.0,314.0069885253906,1450.8899933099747,5,2026-06-30,0.0,0.08333333333333333,0.10714285714285715,,,,91.17399978637695,1359.7159935235977,,,3.69810665254114, 6375__A [ GRSES: 138 KV - GRMES: 138 KV ] CONT:DGRSLO25
BATESVL:138KV-BATESVL:69KV|SW_BBAT8,0,1,0,,0.0,2.7079999446868896,2.7079999446868896,1,2026-06-06,0.0,0.016666666666666666,0.37500000000000006,2.0,12.402999877929688,14.042999863624573,0.0,2.7079999446868896,,,3.666273951005584, BATESVL_69_1 [ BATESVL: 138 KV - BATESVL: 69 KV ] CONT:SW_BBAT8
HRZN_SLR:138KV-HORIZON:138KV|BASE,0,6,0,,0.0,3.6410000324249268,17.33900023798924,6,2026-06-25,0.0,0.1,0.09090909090909091,3.0,2.8570001125335693,11.389000058174133,2.028999967384152,15.310000270605087,,,3.6090175087560485, HORIZONSW_HSOL_1 [ HRZN_SLR: 138 KV - HORIZON: 138 KV ] CONT:BASE CASE
BALLINGE:1KV-BALLINGE:69KV|SFTCGAR8,0,1,0,,0.0,32.931026458740234,32.931026458740234,1,2026-07-11,0.0,0.016666666666666666,0.37500000000000006,,,,32.931026458740234,0.0,,,3.598608566294755,BALLINGE_FMRL [BALLINGE: 1 KV -BALLINGE: 69 KV ] CONT:SFTCGAR8
SGRSW:345KV-JEWET:345KV|DTPCTHS5,0,2,0,,0.0,12.614357948303223,46.947155594825745,2,2026-07-10,0.0,0.03333333333333333,0.23076923076923075,,,,46.947155594825745,0.0,,,3.5254927038374033, 235__A [ SGRSW: 345 KV - JEWET: 345 KV ] CONT:DTPCTHS5
GANSO:138KV-ESCONDID:138KV|SBRAHAM8,0,7,0,,0.0,7.072999954223633,79.92600043769926,7,2026-07-10,0.0,0.11666666666666667,0.07894736842105263,,,,79.92600043769926,0.0,,,3.5231090926328053,ESCOND_GANSO1_1 [GANSO: 138 KV -ESCONDID: 138 KV ] CONT:SBRAHAM8
W_BATESV:138KV-UVALDE:138KV|SRA2D18,0,1,0,,0.0,29.10099983215332,29.10099983215332,1,2026-07-14,0.0,0.016666666666666666,0.37500000000000006,,,,29.10099983215332,0.0,,,3.508779984519267, UVALDE_W_BATE1_1 [ W_BATESV: 138 KV - UVALDE: 138 KV ] CONT:SRA2D18
LARDVFT:17.5KV-LARDVFT:138KV|BASE,0,2,0,,0.0,0.996999979019165,5.123999997973442,2,2026-05-10,0.0,0.03333333333333333,0.23076923076923075,12.0,0.49900001287460327,16.34399997163564,0.0,5.123999997973442,,,3.4761647179565704, LARDVFT_VFTN [ LARDVFT: 17.5 KV - LARDVFT: 138 KV ] CONT:BASE CASE
VICTORIA:69KV-OCONNOR:69KV|SSEAMEL8,0,7,0,,0.0,56.54999923706055,366.25599813461304,7,2026-07-02,0.0,0.11666666666666667,0.07894736842105263,,,,74.58000087738037,291.67599725723267,,,3.471851503081247, REFUG_VICTO_1C_1 [ VICTORIA: 69 KV - OCONNOR: 69 KV ] CONT:SSEAMEL8
CMNSW:138KV-CMNTP:138KV|DBRNGOL8,0,1,0,,0.0,0.7279999852180481,0.7279999852180481,1,2026-05-26,0.0,0.016666666666666666,0.37500000000000006,1.0,11.133000373840332,11.133000373840332,0.0,0.7279999852180481,,,3.451290237237202, 651__B [ CMNSW: 138 KV - CMNTP: 138 KV ] CONT:DBRNGOL8
ASHERTON:138.1KV-ASHERTON:138KV|BASE,1,8,1,0.06599999964237213,0.06599999964237213,2.5739998817443848,11.420999767258763,9,2026-07-10,0.06666666666666667,0.13333333333333333,0.5348837209302325,,,,0.09100000001490116,11.329999767243862,,,3.446554897259284, ASHERT_SERDEV1_1 [ ASHERTON: 138.1 KV - ASHERTON: 138 KV ] CONT:BASE CASE
KENDAL:345KV-BERGHE:345KV|DCAGCO58,0,20,0,,0.0,111.26380157470703,1698.4007924720645,20,2026-07-10,0.0,0.3333333333333333,0.02912621359223301,,,,85.85000007599592,1612.5507923960686,,,3.4342671878188984,656T656_1 [KENDAL: 345 KV -BERGHE: 345 KV ] CONT:DCAGCO58
BLESSING:345KV-BLESSING:138KV|MELMNHK5,1,8,1,0.09399999678134918,0.09399999678134918,53.737998962402344,1022.7949978271499,9,2026-06-16,0.06666666666666667,0.13333333333333333,0.5348837209302325,,,,0.0,1022.7949978271499,,,3.4201249305851325, BLESSING_1382 [ BLESSING: 345 KV - BLESSING: 138 KV ] CONT:MELMNHK5
CHALK:69KV-KBPOI:69KV|XBSP89,0,1,0,,0.0,1.0080000162124634,1.3460000213235617,1,2026-06-17,0.0,0.016666666666666666,0.37500000000000006,2.0,9.215999603271484,10.544999599456787,0.0,1.3460000213235617,,,3.401613601467977, 6670__A [ CHALK: 69 KV - KBPOI: 69 KV ] CONT:XBSP89
AUSTIN:138KV-AUSTPL:138KV|BASE,0,1,0,,0.0,0.38499999046325684,0.38499999046325684,1,2026-06-24,0.0,0.016666666666666666,0.37500000000000006,5.0,1.843999981880188,7.6769999852404,0.38499999046325684,0.0,,,3.360312138031129, AUS_AUS_G1 [ AUSTIN: 138 KV - AUSTPL: 138 KV ] CONT:BASE CASE
WLY:345KV-WAP:345KV|DBLWTJC5,0,1,0,,0.0,0.1850000023841858,0.1850000023841858,1,2026-07-10,0.0,0.016666666666666666,0.37500000000000006,9.0,2.187999963760376,8.32900008186698,0.1850000023841858,0.0,,,3.315796112559264, WAPWLY72_A [ WLY: 345 KV - WAP: 345 KV ] CONT:DBLWTJC5
CMNSW:138KV-CMNTP:138KV|SMGPBRN8,0,2,0,,0.0,19.658000946044922,69.47600173950195,2,2026-06-26,0.0,0.03333333333333333,0.23076923076923075,,,,32.48700141906738,36.98900032043457,,,3.2562861039783897, 651__B [ CMNSW: 138 KV - CMNTP: 138 KV ] CONT:SMGPBRN8
COMFOR:138KV-RAYBAR:138KV|DCAGCO58,0,4,0,,0.0,48.55799865722656,140.4680004119873,4,2026-07-10,0.0,0.06666666666666667,0.13043478260869568,,,,44.23800086975098,96.22999954223633,,,3.226760061900925, 122T122_1 [ COMFOR: 138 KV - RAYBAR: 138 KV ] CONT:DCAGCO58
SANTIAGO:138KV-LVOK:138KV|SMAXFER8,0,1,0,,0.0,19.413999557495117,19.413999557495117,1,2026-06-30,0.0,0.016666666666666666,0.37500000000000006,,,,19.413999557495117,0.0,,,3.217526882084179, LVOK_SANTIA1_1 [ SANTIAGO: 138 KV - LVOK: 138 KV ] CONT:SMAXFER8
TENNYSON:138KV-NICOLE:138KV|SNICBLU8,0,1,0,,0.0,5.202000141143799,18.99900020286441,1,2026-07-14,0.0,0.016666666666666666,0.37500000000000006,,,,18.99900020286441,0.0,,,3.2021229051913616,NICOLE_TENNYS1@TENNYSON||LN|| NICOLE_TENNYS1||1 [TENNYSON: 138 KV -NICOLE: 138 KV ] CONT:SNICBLU8
FBRSW:345KV-THSES:345KV|DBUCRGP5,0,1,0,,0.0,8.170000076293945,18.557617664337158,1,2026-06-30,0.0,0.016666666666666666,0.37500000000000006,,,,18.557617664337158,0.0,,,3.1853848390209425,505__B [FBRSW: 345 KV -THSES: 345 KV ] CONT:DBUCRGP5
PRSSW:345KV-VLYSO:345KV|SPACVLS5,0,1,0,,0.0,13.450597763061523,18.35783839225769,1,2026-07-11,0.0,0.016666666666666666,0.37500000000000006,,,,18.35783839225769,0.0,,,3.177684260097301, 403__A [ PRSSW: 345 KV - VLYSO: 345 KV ] CONT:SPACVLS5
STP:345KV-HLJ:345KV|DSTPREF5,0,6,0,,0.0,97.47010803222656,269.374609708786,6,2026-05-19,0.0,0.1,0.09090909090909091,3.0,4.374000072479248,17.421912252902985,0.0,269.374609708786,,,3.1745749703547146, CKT_3124_1 [ STP: 345 KV - HLJ: 345 KV ] CONT:DSTPREF5
GRVSW:345KV-GRSES:345KV|SBOMJC25,0,2,0,,0.0,32.55895233154297,145.4556920826435,2,2026-05-19,0.0,0.03333333333333333,0.23076923076923075,1.0,6.867000102996826,11.736999988555908,0.0,145.4556920826435,,,3.167429237043864, 35020__B [ GRVSW: 345 KV - GRSES: 345 KV ] CONT:SBOMJC25
LARDVFT:138KV-LARDVFT:17.5KV|BASE,0,5,0,,0.0,0.9990000128746033,11.264000066556036,5,2026-06-30,0.0,0.08333333333333333,0.10714285714285715,12.0,0.49900001287460327,16.34399997163564,0.006000000052154064,11.258000066503882,,,3.1630812603487066, LARDVFT_VFTN [ LARDVFT: 138 KV - LARDVFT: 17.5 KV ] CONT:BASE CASE
MDO:345KV-MDO:1KV|SMDOPHR5,0,1,0,,0.0,8.096162796020508,17.44249963760376,1,2026-06-25,0.0,0.016666666666666666,0.37500000000000006,,,,17.44249963760376,0.0,,,3.1413545164502987, MDO_AT1 [ MDO: 345 KV - MDO: 1 KV ] CONT:SMDOPHR5
ASHERTON:138KV-CATARINA:138KV|SPILNLA8,0,2,0,,0.0,1.2309999465942383,3.343999966979027,2,2026-05-06,0.0,0.03333333333333333,0.23076923076923075,2.0,10.689000129699707,11.234000146389008,0.0,3.343999966979027,,,3.1271370671208585, ASHERT_CATARI1_1 [ ASHERTON: 138 KV - CATARINA: 138 KV ] CONT:SPILNLA8
VERS:69KV-SANDROAD:69KV|SVEROK28,0,1,0,,0.0,8.600000381469727,16.973000526428223,1,2026-07-10,0.0,0.016666666666666666,0.37500000000000006,,,,16.973000526428223,0.0,,,3.1220141891504873, SANDRO_VERS1_1 [ VERS: 69 KV - SANDROAD: 69 KV ] CONT:SVEROK28
FURHMAN:138KV-VANBLTSS:138KV|DVICEDN8,0,5,0,,0.0,9.038374900817871,42.07704401016235,5,2026-07-11,0.0,0.08333333333333333,0.10714285714285715,,,,41.28404402732849,0.7929999828338623,,,3.1136554367810088, FURHMAN_VANDB_1 [ FURHMAN: 138 KV - VANBLTSS: 138 KV ] CONT:DVICEDN8
COLETO:138KV-VICTORIA:138.1KV|DELMSAN5,0,3,0,,0.0,9.779999732971191,31.927999436855316,3,2026-06-26,0.0,0.05,0.16666666666666666,,,,31.927999436855316,0.0,,,3.0831945463937758, COLETO_VICTOR1_1 [ COLETO: 138 KV - VICTORIA: 138.1 KV ] CONT:DELMSAN5
BLESSING:138KV-PAVLOV:138KV|SSTPESP8,0,3,0,,0.0,410.3156433105469,1543.2407268285751,3,2026-07-10,0.0,0.05,0.16666666666666666,,,,31.41142976284027,1511.8292970657349,,,3.0713353877673617,BLESSI_PAVLOV1@BLESSING||LN||BLESSI_PAVLOV1||1 [BLESSING: 138 KV -PAVLOV: 138 KV ] CONT:SSTPESP8
BOMSW:138KV-PRKWY:138KV|XBOM58,0,1,0,,0.0,1.4129999876022339,1.4129999876022339,1,2026-06-12,0.0,0.016666666666666666,0.37500000000000006,1.0,2.013000011444092,7.266999930143356,0.0,1.4129999876022339,,,3.0676328711760825, 6170__A [ BOMSW: 138 KV - PRKWY: 138 KV ] CONT:XBOM58
MDO:345KV-PHR:345KV|DRNS_TB5,0,5,0,,0.0,64.40699768066406,621.3766527175903,5,2026-06-30,0.0,0.08333333333333333,0.10714285714285715,,,,37.95565128326416,583.4210014343262,,,3.052165972308527, MDOPHR99_A [ MDO: 345 KV - PHR: 345 KV ] CONT:DRNS_TB5
CARVER:138KV-TINSLEY:138KV|BASE,0,1,0,,0.0,0.5600000023841858,0.5600000023841858,1,2026-06-17,0.0,0.016666666666666666,0.37500000000000006,1.0,7.046999931335449,7.046999931335449,0.0,0.5600000023841858,,,3.0406605359866616, CARVER_TINSLE1_1 [ CARVER: 138 KV - TINSLEY: 138 KV ] CONT:BASE CASE
FURHMAN:138KV-VANBLTSS:138KV|DELMSAN5,0,3,0,,0.0,8.883000373840332,30.750000298023224,3,2026-06-26,0.0,0.05,0.16666666666666666,,,,29.813000321388245,0.9369999766349792,,,3.0334045564433185, FURHMAN_VANDB_1 [ FURHMAN: 138 KV - VANBLTSS: 138 KV ] CONT:DELMSAN5
REDCREEK:138KV-ORNT:138KV|DBWN_AM5,0,1,0,,0.0,13.89900016784668,13.89900016784668,1,2026-06-26,0.0,0.016666666666666666,0.37500000000000006,,,,13.89900016784668,0.0,,,2.981331774258731, ORNT_REDCRE1_1 [ REDCREEK: 138 KV - ORNT: 138 KV ] CONT:DBWN_AM5
WHITE_PT:1KV-WHITE_PT:138.1KV|DNAIRES8,1,17,2,0.014000000432133675,0.015000000479631126,8.119000434875488,93.62000041280407,18,2026-06-25,0.06666666666666667,0.2833333333333333,0.26136363636363635,,,,0.41299999854527414,93.2070004142588,,,2.978199406956469, WHITE_PT_T3L [ WHITE_PT: 1 KV - WHITE_PT: 138.1 KV ] CONT:DNAIRES8
WHITE_PT:345KV-WHITE_PT:1KV|DNAIRES8,1,17,2,0.014000000432133675,0.015000000479631126,8.119000434875488,93.62000053201336,18,2026-06-25,0.06666666666666667,0.2833333333333333,0.26136363636363635,,,,0.41299999854527414,93.20700053346809,,,2.978199406956469, WHITE_PT_T3H [ WHITE_PT: 345 KV - WHITE_PT: 1 KV ] CONT:DNAIRES8
SANTIAGO:138KV-MADDUX:138KV|SCARLVO8,0,12,0,,0.0,8.96500015258789,111.31500058528036,12,2026-06-18,0.0,0.2,0.047619047619047616,3.0,5.525000095367432,15.992000102996826,0.0,111.31500058528036,,,2.9723026980256964, MADDUX_SANTIA1_1 [ SANTIAGO: 138 KV - MADDUX: 138 KV ] CONT:SCARLVO8
PUTN:138KV-LENSW:138KV|SABMAB38,0,1,0,,0.0,13.59000015258789,13.59000015258789,1,2026-06-26,0.0,0.016666666666666666,0.37500000000000006,,,,13.59000015258789,0.0,,,2.965613473100416, LENSW_PUTN2_1 [ PUTN: 138 KV - LENSW: 138 KV ] CONT:SABMAB38
MDO:345KV-PHR:345KV|DKG_NB_5,0,9,0,,0.0,32.52727508544922,178.15903142094612,9,2026-06-21,0.0,0.15,0.0625,4.0,6.284999847412109,15.017999947071075,0.0,178.15903142094612,,,2.955586952046455, MDOPHR99_A [ MDO: 345 KV - PHR: 345 KV ] CONT:DKG_NB_5
GTNSW:138KV-CADDO:138KV|SCLCGTN8,0,1,0,,0.0,6.385000228881836,13.355000257492065,1,2026-07-09,0.0,0.016666666666666666,0.37500000000000006,,,,13.355000257492065,0.0,,,2.9534349419884602, 6360__G [ GTNSW: 138 KV - CADDO: 138 KV ] CONT:SCLCGTN8
MULBERRY:138.1KV-ABNTHWST:138KV|MXMUB58,0,3,0,,0.0,9.586000442504883,26.644000738859177,3,2026-06-28,0.0,0.05,0.16666666666666666,,,,26.644000738859177,0.0,,,2.952008589199374, ABNTHW_MULBER1_1 [ MULBERRY: 138.1 KV - ABNTHWST: 138 KV ] CONT:MXMUB58
LOMA_ALT:138KV-PRICE_RD:138KV|STITSCA8,0,1,0,,0.0,5.876999855041504,13.156999863684177,1,2026-07-14,0.0,0.016666666666666666,0.37500000000000006,,,,13.156999863684177,0.0,,,2.9430180871932263, PR_LA_1 [ LOMA_ALT: 138 KV - PRICE_RD: 138 KV ] CONT:STITSCA8
SAPOWER:138KV-SAST:138KV|DBWNAMO5,0,3,0,,0.0,40.104000091552734,167.26900053024292,3,2026-07-10,0.0,0.05,0.16666666666666666,,,,25.939000606536865,141.32999992370605,,,2.932633344444473,SAPOWE_SAST1_1 [SAPOWER: 138 KV -SAST: 138 KV ] CONT:DBWNAMO5
ESKSW:69KV-TRNT:69KV|DABNWS58,0,1,0,,0.0,12.949999809265137,12.949999809265137,1,2026-07-09,0.0,0.016666666666666666,0.37500000000000006,,,,12.949999809265137,0.0,,,2.931970814301572, ESKSW_TRNT1_1 [ ESKSW: 69 KV - TRNT: 69 KV ] CONT:DABNWS58
RGRSW:69KV-WBROK:69KV|XBSP89,0,3,0,,0.0,8.958000183105469,16.737000107765198,3,2026-06-30,0.0,0.05,0.16666666666666666,1.0,6.810999870300293,6.810999870300293,0.6990000009536743,16.038000106811523,,,2.915514901943517, 6615__H [ RGRSW: 69 KV - WBROK: 69 KV ] CONT:XBSP89
BOSQUESW:138KV-LKWHITNY:138KV|SBOSWHT8,0,2,0,,0.0,4.163000106811523,19.75400025770068,2,2026-06-26,0.0,0.03333333333333333,0.23076923076923075,,,,19.75400025770068,0.0,,,2.8974723530347353, OLKW_BOS_1 [ BOSQUESW: 138 KV - LKWHITNY: 138 KV ] CONT:SBOSWHT8
CRSTLSW:69KV-TURTLCRK:69KV|XASH89,0,1,0,,0.0,12.138999938964844,12.138999938964844,1,2026-07-09,0.0,0.016666666666666666,0.37500000000000006,,,,12.138999938964844,0.0,,,2.8870498698663605, TURTLECK_CRSTL_1 [ CRSTLSW: 69 KV - TURTLCRK: 69 KV ] CONT:XASH89
BEVO:138KV-DIMMIT:138KV|SODLBRA8,0,1,0,,0.0,0.7269999980926514,0.7269999980926514,1,2026-06-03,0.0,0.016666666666666666,0.37500000000000006,1.0,5.823999881744385,5.823999881744385,0.0,0.7269999980926514,,,2.8758069862156126, 463T463_1 [ BEVO: 138 KV - DIMMIT: 138 KV ] CONT:SODLBRA8
GILLES:69KV-FRPHILLT:69KV|SFORGIL8,0,1,0,,0.0,11.319999694824219,11.760999709367752,1,2026-07-09,0.0,0.016666666666666666,0.37500000000000006,,,,11.760999709367752,0.0,,,2.865156409838205, FRPHIL_GILLES1_1 [ GILLES: 69 KV - FRPHILLT: 69 KV ] CONT:SFORGIL8
SGRSW:345KV-JEWET:345KV|MGTNHTN5,0,3,0,,0.0,20.836408615112305,52.60325574874878,3,2026-07-10,0.0,0.05,0.16666666666666666,,,,22.186392784118652,30.416862964630127,,,2.8201262309898407,235__A [SGRSW: 345 KV -JEWET: 345 KV ] CONT:MGTNHTN5
BELLSO:138KV-PT:138KV|DWPWFWP5,0,3,0,,0.0,14.255922317504883,26.934168696403503,3,2026-07-10,0.0,0.05,0.16666666666666666,,,,21.786545634269714,5.147623062133789,,,2.8070797329971837, 155T217_1 [ BELLSO: 138 KV - PT: 138 KV ] CONT:DWPWFWP5
ABNTHWST:138.1KV-ABNTHWST:138KV|SAB2ABN8,0,2,0,,0.0,3.7679998874664307,16.928999960422516,2,2026-07-10,0.0,0.03333333333333333,0.23076923076923075,,,,16.928999960422516,0.0,,,2.787732727889109, ABNTHW_SERDEV1_1 [ ABNTHWST: 138.1 KV - ABNTHWST: 138 KV ] CONT:SAB2ABN8
NURSRYS:69KV-FORTRSW:69KV|SFURVAN8,0,1,0,,0.0,10.432000160217285,10.432000160217285,1,2026-06-26,0.0,0.016666666666666666,0.37500000000000006,,,,10.432000160217285,0.0,,,2.7826735343373845, NUR_FORT_1 [ NURSRYS: 69 KV - FORTRSW: 69 KV ] CONT:SFURVAN8
GOBSW:138KV-WFPOI:138KV|DCHDVLS8,0,1,0,,0.0,3.7239999771118164,9.949000000953674,1,2026-07-09,0.0,0.016666666666666666,0.37500000000000006,,,,9.949000000953674,0.0,,,2.7502972893393958, 895__F [ GOBSW: 138 KV - WFPOI: 138 KV ] CONT:DCHDVLS8
ARGYL:138KV-LWSVH:138KV|DDHMLWS5,0,1,0,,0.0,3.8239998817443848,9.277999877929688,1,2026-07-09,0.0,0.016666666666666666,0.37500000000000006,,,,9.277999877929688,0.0,,,2.7028654508754912, 587__A [ ARGYL: 138 KV - LWSVH: 138 KV ] CONT:DDHMLWS5
HECKER:138KV-RESNIK:138KV|SANGNAI5,0,1,0,,0.0,7.204999923706055,9.16599988937378,1,2026-07-11,0.0,0.016666666666666666,0.37500000000000006,,,,9.16599988937378,0.0,,,2.694647799462651, HECKER_RESNIK1_1 [ HECKER: 138 KV - RESNIK: 138 KV ] CONT:SANGNAI5
MAXWELL:138KV-HAMILTON:138KV|SANAODL8,0,3,0,,0.0,6.683000087738037,12.56600022315979,3,2026-06-28,0.0,0.05,0.16666666666666666,2.0,1.5210000276565552,1.6190000269562006,4.38700008392334,8.17900013923645,,,2.6882361097578498, HAMILT_MAXWEL1_1 [ MAXWELL: 138 KV - HAMILTON: 138 KV ] CONT:SANAODL8
NUECES_B:138KV-WHITE_PT:138KV|SANGNAI5,0,1,0,,0.0,9.04699993133545,9.04699993133545,1,2026-07-11,0.0,0.016666666666666666,0.37500000000000006,,,,9.04699993133545,0.0,,,2.6858167500899865, NUECES_WHITE_2_1 [ NUECES_B: 138 KV - WHITE_PT: 138 KV ] CONT:SANGNAI5
MIDW:69KV-OZONA:69KV|SLGDSAP8,0,2,0,,0.0,15.359000205993652,29.795000076293945,2,2026-07-02,0.0,0.03333333333333333,0.23076923076923075,,,,14.435999870300293,15.359000205993652,,,2.6754449207894497, MIDW_OZONA1_1 [ MIDW: 69 KV - OZONA: 69 KV ] CONT:SLGDSAP8
LON_HILL:138.1KV-CLARK_WD:138KV|MLONWEI8,0,1,0,,0.0,6.3420000076293945,6.3420000076293945,1,2026-05-18,0.0,0.016666666666666666,0.37500000000000006,3.0,3.9260001182556152,4.568000112660229,0.0,6.3420000076293945,,,2.6723971366212402, CLARK__LON_HI1_1 [ LON_HILL: 138.1 KV - CLARK_WD: 138 KV ] CONT:MLONWEI8
ESKSW:69KV-TRNT:69KV|DFIGNEB5,0,2,0,,0.0,13.857000350952148,26.31100082397461,2,2026-07-10,0.0,0.03333333333333333,0.23076923076923075,,,,13.857000350952148,12.454000473022461,,,2.6467714630426498, ESKSW_TRNT1_1 [ ESKSW: 69 KV - TRNT: 69 KV ] CONT:DFIGNEB5
GTNSW:138KV-CLCRK:138KV|SBRKPOS8,0,2,0,,0.0,5.9019999504089355,13.764999933540821,2,2026-07-10,0.0,0.03333333333333333,0.23076923076923075,,,,13.764999933540821,0.0,,,2.6421127273558005, 6385__A [ GTNSW: 138 KV - CLCRK: 138 KV ] CONT:SBRKPOS8
CROSSOVE:138KV-NORTMC:138KV|SWOLPAL8,0,1,0,,0.0,4.296999931335449,8.275999993085861,1,2026-07-09,0.0,0.016666666666666666,0.37500000000000006,,,,8.275999993085861,0.0,,,2.625934007341533, CROSSO_NORTMC1_1 [ CROSSOVE: 138 KV - NORTMC: 138 KV ] CONT:SWOLPAL8
GTNSW:138KV-CLCRK:138KV|DGRMGRS8,0,2,0,,0.0,4.1479997634887695,13.264999747276306,2,2026-07-10,0.0,0.03333333333333333,0.23076923076923075,,,,13.264999747276306,0.0,,,2.616274819546571, 6385__A [ GTNSW: 138 KV - CLCRK: 138 KV ] CONT:DGRMGRS8
ARGYL:138KV-LWSVH:138KV|MDHMLWS5,0,16,0,,0.0,240.74676513671875,10008.427755653858,16,2026-06-30,0.0,0.26666666666666666,0.03614457831325301,,,,26.736999452114105,9981.690756201744,,,2.598595497024817, 587__A [ ARGYL: 138 KV - LWSVH: 138 KV ] CONT:MDHMLWS5
PRLSW:345KV-CONSW:345KV|DBEANOR5,0,1,0,,0.0,7.922999858856201,7.922999858856201,1,2026-06-29,0.0,0.016666666666666666,0.37500000000000006,,,,7.922999858856201,0.0,,,2.5968353411806326, 6056__B [ PRLSW: 345 KV - CONSW: 345 KV ] CONT:DBEANOR5
CARVER:138KV-TINSLEY:138KV|SHAMMAX8,0,12,0,,0.0,2.312000036239624,20.62000003736466,12,2026-06-18,0.0,0.2,0.047619047619047616,5.0,5.2270002365112305,10.651000271551311,0.0,20.62000003736466,,,2.5949520834496074, CARVER_TINSLE1_1 [ CARVER: 138 KV - TINSLEY: 138 KV ] CONT:SHAMMAX8
GARZA:138KV-GARZA:1KV|MNLFIWO8,0,3,0,,0.0,33.63456726074219,55.57056772708893,3,2026-06-30,0.0,0.05,0.16666666666666666,,,,15.913000345230103,39.657567381858826,,,2.58351397253479, GARZA_XF1H [ GARZA: 138 KV - GARZA: 1 KV ] CONT:MNLFIWO8
KMJC:69KV-JUNORTH:69KV|BASE,0,6,0,,0.0,4.449999809265137,39.569000229239464,6,2026-06-06,0.0,0.1,0.09090909090909091,6.0,2.874000072479248,8.721000013872981,0.0,39.569000229239464,,,2.5353226262349358, NEWJUN-KIMJN_1 [ KMJC: 69 KV - JUNORTH: 69 KV ] CONT:BASE CASE
CALLICOA:138KV-PORTILLA:138KV|DVICVI89,0,1,0,,0.0,7.090000152587891,7.090000152587891,1,2026-06-24,0.0,0.016666666666666666,0.37500000000000006,,,,7.090000152587891,0.0,,,2.5233327558043763, CALLIC_PORTIL1_1 [ CALLICOA: 138 KV - PORTILLA: 138 KV ] CONT:DVICVI89
ZEN:345KV-THW:345KV|SZENTH35,0,8,0,,0.0,75.94422912597656,704.4961919076741,8,2026-05-30,0.0,0.13333333333333333,0.06976744186046512,4.0,2.4660000801086426,9.064999908208847,0.0,704.4961919076741,,,2.511387892358516, THWZEN71_A [ ZEN: 345 KV - THW: 345 KV ] CONT:SZENTH35
BELLSO:138KV-PT:138KV|SPRAWAL8,0,5,0,,0.0,38.44324493408203,79.42809176445007,5,2026-07-10,0.0,0.08333333333333333,0.10714285714285715,,,,16.750007390975952,62.67808437347412,,,2.4626375321655893, 155T217_1 [ BELLSO: 138 KV - PT: 138 KV ] CONT:SPRAWAL8
BRNSW:138KV-GOLDTH:138KV|DBUCRGP5,0,3,0,,0.0,8.310999870300293,14.92799985408783,3,2026-06-27,0.0,0.05,0.16666666666666666,,,,12.795999884605408,2.131999969482422,,,2.4307360545144574, 680__A [ BRNSW: 138 KV - GOLDTH: 138 KV ] CONT:DBUCRGP5
SANTIAGO:138KV-LVOK:138KV|SES2FRI8,0,1,0,,0.0,6.044000148773193,6.044000148773193,1,2026-06-30,0.0,0.016666666666666666,0.37500000000000006,,,,6.044000148773193,0.0,,,2.4194933521714903, LVOK_SANTIA1_1 [ SANTIAGO: 138 KV - LVOK: 138 KV ] CONT:SES2FRI8
ELKTN:345KV-ELKTN:1KV|SSHBML35,0,7,0,,0.0,35.36000061035156,240.95200122892857,7,2026-06-26,0.0,0.11666666666666667,0.07894736842105263,,,,17.482999801635742,223.46900142729282,,,2.4155962559099824, ELKTN_MR3H [ ELKTN: 345 KV - ELKTN: 1 KV ] CONT:SSHBML35
KOPPERL:345.1KV-KOPPERL:345KV|SROMREA5,0,1,0,,0.0,5.620999813079834,5.620999813079834,1,2026-06-27,0.0,0.016666666666666666,0.37500000000000006,,,,5.620999813079834,0.0,,,2.3730459841390776, KOPPERL1_23 [ KOPPERL: 345.1 KV - KOPPERL: 345 KV ] CONT:SROMREA5
SCSES:345KV-SCSES:1KV|SLFKSCS5,0,1,0,,0.0,1.2589999437332153,5.34199994802475,1,2026-07-14,0.0,0.016666666666666666,0.37500000000000006,,,,5.34199994802475,0.0,,,2.3407568192961676, SCSES_MR1H [ SCSES: 345 KV - SCSES: 1 KV ] CONT:SLFKSCS5
FLATON:138KV-MULDOO:138KV|SPLUMUL8,0,1,0,,0.0,2.8299999237060547,5.18899985961616,1,2026-07-10,0.0,0.016666666666666666,0.37500000000000006,,,,5.18899985961616,0.0,,,2.322441318411423, 739T739_1 [ FLATON: 138 KV - MULDOO: 138 KV ] CONT:SPLUMUL8
LOBO:69KV-FREER:69KV|DLOFOAV5,0,4,0,,0.0,12.33899974822998,28.951999383978546,4,2026-06-27,0.0,0.06666666666666667,0.13043478260869568,,,,12.344999748282135,16.60699963569641,,,2.311163289272611, FREER_LOBO1_1 [ LOBO: 69 KV - FREER: 69 KV ] CONT:DLOFOAV5
CARBN:69KV-BSPSW:69KV|XBSP89,0,4,0,,0.0,2.6470000743865967,7.213000004179776,4,2026-06-23,0.0,0.06666666666666667,0.13043478260869568,9.0,1.8730000257492065,5.976000010967255,0.0,7.213000004179776,,,2.3102826544558166, 6615__A [ CARBN: 69 KV - BSPSW: 69 KV ] CONT:XBSP89
PLCEDOS:69KV-VANBLT69:69KV|SFURVAN8,0,2,0,,0.0,7.035999774932861,7.92499977350235,2,2026-06-26,0.0,0.03333333333333333,0.23076923076923075,,,,7.92499977350235,0.0,,,2.2645603210505945, VND_PLCE_1 [ PLCEDOS: 69 KV - VANBLT69: 69 KV ] CONT:SFURVAN8
FERGUS:138KV-WIRTZ:138KV|DFER_WI8,0,10,0,,0.0,19.10099983215332,164.87600025883876,10,2026-07-14,0.0,0.16666666666666666,0.05660377358490566,,,,15.367000102996826,149.50900015584193,,,2.2616296706616104, 39T188_1 [ FERGUS: 138 KV - WIRTZ: 138 KV ] CONT:DFER_WI8
ESKSW:69KV-TRNT:69KV|SABSBLU8,0,1,0,,0.0,4.704999923706055,4.704999923706055,1,2026-07-09,0.0,0.016666666666666666,0.37500000000000006,,,,4.704999923706055,0.0,,,2.2613684208112543,6585          @ESKSW||LN|| 6585||_A [ESKSW: 69 KV -TRNT: 69 KV ] CONT:SABSBLU8
FPPYD1:345KV-WINCHES:345KV|DHOLCIS5,0,1,0,,0.0,2.490999937057495,4.575000047683716,1,2026-07-11,0.0,0.016666666666666666,0.37500000000000006,,,,4.575000047683716,0.0,,,2.2440804377800903,CKT_3132_1 [FPPYD1: 345 KV -WINCHES: 345 KV ] CONT:DHOLCIS5
TWINBU:138KV-HARGROVE:138KV|SFTLMES8,0,1,0,,0.0,0.6470000147819519,0.6470000147819519,1,2026-05-09,0.0,0.016666666666666666,0.37500000000000006,1.0,1.0889999866485596,2.6189999878406525,0.0,0.6470000147819519,,,2.2415589345773452, HARGRO_TWINBU1_1 [ TWINBU: 138 KV - HARGROVE: 138 KV ] CONT:SFTLMES8
LON_HILL:138.1KV-EQUISTAR:138KV|BASE,0,2,0,,0.0,0.3140000104904175,0.9320000037550926,2,2026-06-30,0.0,0.03333333333333333,0.23076923076923075,1.0,1.121999979019165,2.015999972820282,0.9320000037550926,0.0,,,2.2207663387690673, EQUIST_LON_HI1_1 [ LON_HILL: 138.1 KV - EQUISTAR: 138 KV ] CONT:BASE CASE
TTRSW:345KV-MNSES:345KV|DFMRCYC5,0,1,0,,0.0,1.4850000143051147,4.117999970912933,1,2026-07-10,0.0,0.016666666666666666,0.37500000000000006,1.0,0.039000000804662704,0.039000000804662704,4.117999970912933,0.0,,,2.218192705287885, 385__A [ TTRSW: 345 KV - MNSES: 345 KV ] CONT:DFMRCYC5
CERRORIC:138KV-PECAN_BY:138KV|BASE,0,1,0,,0.0,2.1630001068115234,4.325000047683716,1,2026-07-11,0.0,0.016666666666666666,0.37500000000000006,,,,4.325000047683716,0.0,,,2.209670733768237, CERROR_PECAN1_1 [ CERRORIC: 138 KV - PECAN_BY: 138 KV ] CONT:BASE CASE
TRNT:69KV-MKLT:69KV|DFIGDMT5,0,1,0,,0.0,4.323999881744385,4.323999881744385,1,2026-07-09,0.0,0.016666666666666666,0.37500000000000006,,,,4.323999881744385,0.0,,,2.209529852096404, MKLT_TRNT1_1 [ TRNT: 69 KV - MKLT: 69 KV ] CONT:DFIGDMT5
MARSFO:1KV-MARSFO:13.8KV|BASE,0,1,0,,0.0,0.08900000154972076,0.08900000154972076,1,2026-07-09,0.0,0.016666666666666666,0.37500000000000006,1.0,1.6649999618530273,2.2589999586343765,0.08900000154972076,0.0,,,2.2007264645487115, MARSFO_BUT1 [ MARSFO: 1 KV - MARSFO: 13.8 KV ] CONT:BASE CASE
YELWJCKT:138KV-FORTMA:138KV|DBUCRGP5,0,12,0,,0.0,87.5250015258789,1447.204027146101,12,2026-06-29,0.0,0.2,0.047619047619047616,,,,14.478999644517899,1432.725027501583,,,2.194173229624401, FORTMA_YELWJC1_1 [ YELWJCKT: 138 KV - FORTMA: 138 KV ] CONT:DBUCRGP5
BRTSW:138KV-JUNPR:138KV|MDHSRSA5,0,1,0,,0.0,2.0889999866485596,4.087000012397766,1,2026-06-27,0.0,0.016666666666666666,0.37500000000000006,,,,4.087000012397766,0.0,,,2.175377394563935, 12020__B [ BRTSW: 138 KV - JUNPR: 138 KV ] CONT:MDHSRSA5
CMNSW:345KV-CMNSW:1KV|SCMNCPS5,0,4,0,,0.0,7.965000152587891,11.659000188112259,4,2026-06-26,0.0,0.06666666666666667,0.13043478260869568,,,,9.410000190138817,2.248999997973442,,,2.1248821419459167, CMNSW_MR1H [ CMNSW: 345 KV - CMNSW: 1 KV ] CONT:SCMNCPS5
PALACIOS:69KV-BLESSING:69KV|SLOLBLE8,0,2,0,,0.0,2.5399999618530273,6.004999935626984,2,2026-06-26,0.0,0.03333333333333333,0.23076923076923075,,,,6.004999935626984,0.0,,,2.0828862222842757, BLESSI_PALACI1_1 [ PALACIOS: 69 KV - BLESSING: 69 KV ] CONT:SLOLBLE8
SLKSW:345KV-SLKSW:1KV|XSLK58,0,1,0,,0.0,1.8009999990463257,3.350000008009374,1,2026-06-30,0.0,0.016666666666666666,0.37500000000000006,,,,3.350000008009374,0.0,,,2.0579930785619753, SLKSW_AX2H [ SLKSW: 345 KV - SLKSW: 1 KV ] CONT:XSLK58
NLARSW:138KV-PILONCIL:138KV|SHAMMAX8,0,3,0,,0.0,0.6919999718666077,1.4929999615997076,3,2026-06-21,0.0,0.05,0.16666666666666666,2.0,1.4490000009536743,3.7609999775886536,0.0,1.4929999615997076,,,2.0229097649868795, NLARSW_PILONC1_1 [ NLARSW: 138 KV - PILONCIL: 138 KV ] CONT:SHAMMAX8
SACRC:138KV-DPCRK:138KV|SBCKCGR8,0,7,0,,0.0,9.604000091552734,31.32399994134903,7,2026-06-26,0.0,0.11666666666666667,0.07894736842105263,,,,9.831999838352203,21.492000102996826,,,2.0148362468688266, 6240__C [ SACRC: 138 KV - DPCRK: 138 KV ] CONT:SBCKCGR8
RGRSW:138KV-LSPOI:138KV|SABSBLU8,0,1,0,,0.0,3.1059999465942383,3.1059999465942383,1,2026-07-11,0.0,0.016666666666666666,0.37500000000000006,,,,3.1059999465942383,0.0,,,2.0146981725480893, 6285__G [ RGRSW: 138 KV - LSPOI: 138 KV ] CONT:SABSBLU8
WCITY:138KV-COMSW:138KV|DCHDVLS8,0,1,0,,0.0,1.1299999952316284,3.0730000138282776,1,2026-07-09,0.0,0.016666666666666666,0.37500000000000006,,,,3.0730000138282776,0.0,,,2.008646067401642, 895__D [ WCITY: 138 KV - COMSW: 138 KV ] CONT:DCHDVLS8
CTR:345KV-PHR:345KV|DCBYCBY5,0,2,0,,0.0,0.949999988079071,1.8149999985471368,2,2026-06-23,0.0,0.03333333333333333,0.23076923076923075,1.0,1.5089999437332153,2.947999984025955,0.0,1.8149999985471368,,,1.9961272118598579, CTRPHR97_A [ CTR: 345 KV - PHR: 345 KV ] CONT:DCBYCBY5
CTR:345KV-PHR:345KV|SCBYCTR5,0,2,0,,0.0,0.949999988079071,1.8149999985471368,2,2026-06-23,0.0,0.03333333333333333,0.23076923076923075,1.0,1.5089999437332153,2.947999984025955,0.0,1.8149999985471368,,,1.9961272118598579, CTRPHR97_A [ CTR: 345 KV - PHR: 345 KV ] CONT:SCBYCTR5
PRCSW:138KV-PRCRK:138KV|DWILPD28,0,1,0,,0.0,1.1979999542236328,2.959999918937683,1,2026-07-14,0.0,0.016666666666666666,0.37500000000000006,,,,2.959999918937683,0.0,,,1.9875441969526841, 3665__B [ PRCSW: 138 KV - PRCRK: 138 KV ] CONT:DWILPD28
GIRVIN:138KV-TNWHTBKR:138KV|SSALCHL5,0,1,0,,0.0,2.8959999084472656,2.8959999084472656,1,2026-06-30,0.0,0.016666666666666666,0.37500000000000006,,,,2.8959999084472656,0.0,,,1.975323965066449, 138_TWB_GRV_1 [ GIRVIN: 138 KV - TNWHTBKR: 138 KV ] CONT:SSALCHL5
REDCREEK:138KV-WEISS:138KV|DBWN_AM5,0,1,0,,0.0,2.1059999465942383,2.887999951839447,1,2026-07-10,0.0,0.016666666666666666,0.37500000000000006,,,,2.887999951839447,0.0,,,1.9737823490140183,REDCRE_WEISS1 @REDCREEK||LN||REDCRE_WEISS1||1 [REDCREEK: 138 KV -WEISS: 138 KV ] CONT:DBWN_AM5
STP:345KV-HLJ:345KV|DSTPHLJ5,0,2,0,,0.0,2.6589999198913574,15.49899996817112,2,2026-05-04,0.0,0.03333333333333333,0.23076923076923075,2.0,2.066999912261963,2.8109998832223937,0.0,15.49899996817112,,,1.9608096855842083, CKT_3124_1 [ STP: 345 KV - HLJ: 345 KV ] CONT:DSTPHLJ5
LOMA_ALT:138KV-PRICE_RD:138KV|MVCRAN89,0,1,0,,0.0,1.6890000104904175,2.746000051498413,1,2026-07-14,0.0,0.016666666666666666,0.37500000000000006,,,,2.746000051498413,0.0,,,1.9458776566827072, PR_LA_1 [ LOMA_ALT: 138 KV - PRICE_RD: 138 KV ] CONT:MVCRAN89
ENCRT:138KV-BRAND:138KV|DMTSCOS5,0,5,0,,0.0,5.314000129699707,40.06999997794628,5,2026-05-21,0.0,0.08333333333333333,0.10714285714285715,3.0,1.6339999437332153,3.969999998807907,0.0,40.06999997794628,,,1.9087679227985066,6429_D        @ENCRT||LN|| 6429_D||_D [ENCRT: 138 KV -BRAND: 138 KV ] CONT:DMTSCOS5
NUECES_B:138KV-WHITE_PT:138KV|XWH158,0,1,0,,0.0,2.559000015258789,2.559000015258789,1,2026-07-11,0.0,0.016666666666666666,0.37500000000000006,,,,2.559000015258789,0.0,,,1.9074709014671813, NUECES_WHITE_2_1 [ NUECES_B: 138 KV - WHITE_PT: 138 KV ] CONT:XWH158
PUTN:138KV-LENSW:138KV|MDBHRSA5,0,2,0,,0.0,2.4679999351501465,4.539000034332275,2,2026-06-29,0.0,0.03333333333333333,0.23076923076923075,,,,4.539000034332275,0.0,,,1.906778583271669, LENSW_PUTN2_1 [ PUTN: 138 KV - LENSW: 138 KV ] CONT:MDBHRSA5
IOLA:138KV-KEITHSW:138KV|SCRTIOL8,0,1,0,,0.0,2.528179883956909,2.528179883956909,1,2026-07-10,0.0,0.016666666666666666,0.37500000000000006,,,,2.528179883956909,0.0,,,1.900947786626246, IOLA_KEITHSW_1 [ IOLA: 138 KV - KEITHSW: 138 KV ] CONT:SCRTIOL8
ALICE:69KV-STADIUM:69KV|SN_SLON5,0,3,0,,0.0,4.59499979019165,6.318999767303467,3,2026-06-28,0.0,0.05,0.16666666666666666,,,,5.742999792098999,0.5759999752044678,,,1.8938307136720165, ALICE_STADIU1_1 [ ALICE: 69 KV - STADIUM: 69 KV ] CONT:SN_SLON5
MV_HBRG4:138KV-MV_WESL4:138KV|SN_SAJO5,0,3,0,,0.0,28.832000732421875,50.96100091934204,3,2026-07-10,0.0,0.05,0.16666666666666666,,,,5.577000141143799,45.38400077819824,,,1.8751360913163424,WESLCO_HIDLBRG@MV_HBRG4||LN|| WESLCO_HIDLBRG||1 [MV_HBRG4: 138 KV -MV_WESL4: 138 KV ] CONT:SN_SAJO5
ELKTN:345KV-ELKTN:1KV|MDHLYTC5,0,1,0,,0.0,2.3469998836517334,2.3469998836517334,1,2026-06-26,0.0,0.016666666666666666,0.37500000000000006,,,,2.3469998836517334,0.0,,,1.8614094839560287, ELKTN_MR3H [ ELKTN: 345 KV - ELKTN: 1 KV ] CONT:MDHLYTC5
SIGMOR:138KV-THREE_RI:138KV|STHRCHA8,0,1,0,,0.0,1.305999994277954,2.2519999742507935,1,2026-07-14,0.0,0.016666666666666666,0.37500000000000006,,,,2.2519999742507935,0.0,,,1.8398138311813068, SIGMOR_THREE_1_1 [ SIGMOR: 138 KV - THREE_RI: 138 KV ] CONT:STHRCHA8
MADDUX:138KV-TREADWEL:138KV|SFORBAT8,0,1,0,,0.0,2.5199999809265137,4.789999997243285,1,2026-05-02,0.0,0.016666666666666666,0.37500000000000006,2.0,0.8259999752044678,1.4049999713897705,0.0,4.789999997243285,,,1.832911085017183, MADDUX_TREADW1_1 [ MADDUX: 138 KV - TREADWEL: 138 KV ] CONT:SFORBAT8
REDCREEK:138KV-WEISS:138KV|SOAKNIC8,0,1,0,,0.0,2.111999988555908,2.111999988555908,1,2026-07-10,0.0,0.016666666666666666,0.37500000000000006,,,,2.111999988555908,0.0,,,1.8068103953346573,REDCRE_WEISS1 @REDCREEK||LN||REDCRE_WEISS1||1 [REDCREEK: 138 KV -WEISS: 138 KV ] CONT:SOAKNIC8
PRICE_RD:138KV-SILASRAY:138KV|SSILMIL8,0,2,0,,0.0,1.6030000448226929,4.095999996177852,2,2026-07-14,0.0,0.03333333333333333,0.23076923076923075,,,,3.782999999821186,0.3129999963566661,,,1.7967190678303144, PR_PP_1 [ PRICE_RD: 138 KV - SILASRAY: 138 KV ] CONT:SSILMIL8
MORRIS:138KV-WESTSIDE:138KV|DHIWARC8,0,1,0,,0.0,0.9929999709129333,0.9929999709129333,1,2026-05-06,0.0,0.016666666666666666,0.37500000000000006,1.0,0.9430000185966492,1.2870000153779984,0.0,0.9929999709129333,,,1.78260211512034, MORRIS_WESTSI1_1 [ MORRIS: 138 KV - WESTSIDE: 138 KV ] CONT:DHIWARC8
MOURSUND:138KV-RAYBURN:138KV|SFURVAN8,0,1,0,,0.0,1.978737473487854,1.978737473487854,1,2026-06-30,0.0,0.016666666666666666,0.37500000000000006,,,,1.978737473487854,0.0,,,1.7739858514534355,RAY_MOURSUND_1 [MOURSUND: 138 KV -RAYBURN: 138 KV ] CONT:SFURVAN8
AMOTP:69KV-CGRSW:69KV|SSNYCGR8,0,1,0,,0.0,1.968000054359436,1.968000054359436,1,2026-07-09,0.0,0.016666666666666666,0.37500000000000006,,,,1.968000054359436,0.0,,,1.7712774510708347, 6695__A [ AMOTP: 69 KV - CGRSW: 69 KV ] CONT:SSNYCGR8
LENSW:138KV-PUTN:138KV|SLENFLT8,0,1,0,,0.0,0.4580000042915344,0.9539999961853027,1,2026-05-09,0.0,0.016666666666666666,0.37500000000000006,2.0,0.7630000114440918,1.1660000085830688,0.0,0.9539999961853027,,,1.7282433458970385, LENSW_PUTN2_1 [ LENSW: 138 KV - PUTN: 138 KV ] CONT:SLENFLT8
COLETO:138KV-VICTORIA:138.1KV|SCOLPAW5,0,2,0,,0.0,1.6790000200271606,3.319000005722046,2,2026-06-26,0.0,0.03333333333333333,0.23076923076923075,,,,3.319000005722046,0.0,,,1.7201860158122972, COLETO_VICTOR1_1 [ COLETO: 138 KV - VICTORIA: 138.1 KV ] CONT:SCOLPAW5
ASHERTON:138KV-CATARINA:138KV|SBEVASH8,0,3,0,,0.0,2.434000015258789,4.178999975323677,3,2026-07-09,0.0,0.05,0.16666666666666666,,,,4.178999975323677,0.0,,,1.6959110264895743, ASHERT_CATARI1_1 [ ASHERTON: 138 KV - CATARINA: 138 KV ] CONT:SBEVASH8
VICTORIA:138.1KV-L_463S:138KV|SCHOPAW8,0,2,0,,0.0,0.9919999837875366,3.0830000042915344,2,2026-06-29,0.0,0.03333333333333333,0.23076923076923075,,,,3.0830000042915344,0.0,,,1.6780421043761178, LOOP_VICTORIA_1 [ VICTORIA: 138.1 KV - L_463S: 138 KV ] CONT:SCHOPAW8
DCDAM:138KV-HOD:138KV|SSNDWHT8,0,1,0,,0.0,1.6169999837875366,1.6169999837875366,1,2026-07-14,0.0,0.016666666666666666,0.37500000000000006,,,,1.6169999837875366,0.0,,,1.676882656370318, HOOD_DECRDVA_1 [ DCDAM: 138 KV - HOD: 138 KV ] CONT:SSNDWHT8
CEDACA:345KV-BAKESW:345KV|BASE,0,1,0,,0.0,1.5950158834457397,1.5950158834457397,1,2026-06-24,0.0,0.016666666666666666,0.37500000000000006,,,,1.5950158834457397,0.0,,,1.6705556713961982,BAKRFLD_CEDCAN_1 [CEDACA: 345 KV -BAKESW: 345 KV ] CONT:BASE CASE
GREENS_P:138KV-GRAHAMRD:138KV|SPOACSS8,0,1,0,,0.0,1.5839999914169312,1.5839999914169312,1,2026-06-28,0.0,0.016666666666666666,0.37500000000000006,,,,1.5839999914169312,0.0,,,1.6673651303046546, GRE_GRAHAM_1 [ GREENS_P: 138 KV - GRAHAMRD: 138 KV ] CONT:SPOACSS8
ALICE:69KV-STADIUM:69KV|SCALLON9,0,1,0,,0.0,1.5789999961853027,1.5789999961853027,1,2026-06-29,0.0,0.016666666666666666,0.37500000000000006,,,,1.5789999961853027,0.0,,,1.665912487420656, ALICE_STADIU1_1 [ ALICE: 69 KV - STADIUM: 69 KV ] CONT:SCALLON9
TREADWEL:138KV-MADDUX:138KV|DBIGKEN5,0,1,0,,0.0,0.8399999737739563,1.5459999442100525,1,2026-07-11,0.0,0.016666666666666666,0.37500000000000006,,,,1.5459999442100525,0.0,,,1.656253802022427, MADDUX_TREADW1_1 [ TREADWEL: 138 KV - MADDUX: 138 KV ] CONT:DBIGKEN5
MAXWELL:138KV-WHITING:138KV|SHAMMAX8,0,14,0,,0.0,35.86090850830078,172.89003212749958,14,2026-06-24,0.0,0.23333333333333334,0.0410958904109589,,,,6.5740000903606415,166.31603203713894,,,1.6393627034713014, MAXWEL_WHITIN1_1 [ MAXWELL: 138 KV - WHITING: 138 KV ] CONT:SHAMMAX8
BLESSING:138KV-BLESSING:69KV|MJCKWTR8,0,1,0,,0.0,0.5920000076293945,1.4869999885559082,1,2026-06-24,0.0,0.016666666666666666,0.37500000000000006,,,,1.4869999885559082,0.0,,,1.6386690635203809, BLESSING_69A1 [ BLESSING: 138 KV - BLESSING: 69 KV ] CONT:MJCKWTR8
SPUR:69KV-ESPU:69KV|XPAD89,0,1,0,,0.0,0.8970000147819519,1.4409999959170818,1,2026-07-09,0.0,0.016666666666666666,0.37500000000000006,,,,1.4409999959170818,0.0,,,1.62466703565924, ESPU_SPUR1_1 [ SPUR: 69 KV - ESPU: 69 KV ] CONT:XPAD89
ESKSW:69KV-TRNT:69KV|SOAKNIC8,0,1,0,,0.0,1.4299999475479126,1.4299999475479126,1,2026-07-09,0.0,0.016666666666666666,0.37500000000000006,,,,1.4299999475479126,0.0,,,1.6212796201810307, 6585__A [ ESKSW: 69 KV - TRNT: 69 KV ] CONT:SOAKNIC8
ELKTN:138KV-TSLVL:138KV|DENTSCS5,0,2,0,,0.0,0.8970000147819519,3.070000022649765,2,2026-07-14,0.0,0.03333333333333333,0.23076923076923075,,,,2.716000020503998,0.3540000021457672,,,1.6074039641867477, 1520__C [ ELKTN: 138 KV - TSLVL: 138 KV ] CONT:DENTSCS5
KENEDSW:138KV-KARNESCI:138KV|SBIGMO38,0,1,0,,0.0,1.343000054359436,1.343000054359436,1,2026-06-24,0.0,0.016666666666666666,0.37500000000000006,,,,1.343000054359436,0.0,,,1.5939353304004353, KARNES_KENEDS1_1 [ KENEDSW: 138 KV - KARNESCI: 138 KV ] CONT:SBIGMO38
NUECES_B:138KV-WHITE_PT:138KV|MWHPO58,0,1,0,,0.0,1.2719999551773071,1.2719999551773071,1,2026-07-10,0.0,0.016666666666666666,0.37500000000000006,,,,1.2719999551773071,0.0,,,1.570856554203559, NUECES_WHITE_2_1 [ NUECES_B: 138 KV - WHITE_PT: 138 KV ] CONT:MWHPO58
PILONCIL:138KV-NLARSW:138KV|SLARLAS8,0,4,0,,0.0,6.64300012588501,19.53800045326352,4,2026-05-15,0.0,0.06666666666666667,0.13043478260869568,1.0,2.2769999504089355,2.2769999504089355,0.0,19.53800045326352,,,1.5547353208606063, NLARSW_PILONC1_1 [ PILONCIL: 138 KV - NLARSW: 138 KV ] CONT:SLARLAS8
MARCONI:138KV-LAURELES:138KV|SMA2P_I8,0,3,0,,0.0,0.6549999713897705,2.809999957680702,3,2026-05-17,0.0,0.05,0.16666666666666666,2.0,0.8989999890327454,1.9680000022053719,0.0,2.809999957680702,,,1.550340365529959, LAUREL_MARCON1_1 [ MARCONI: 138 KV - LAURELES: 138 KV ] CONT:SMA2P_I8
ZAPATA:138KV-RANDADO:138KV|BASE,0,3,0,,0.0,1.6490000486373901,1.975000061094761,3,2026-05-23,0.0,0.05,0.16666666666666666,8.0,0.3610000014305115,1.9610000194516033,0.0,1.975000061094761,,,1.5479790951704975, RANDAD_ZAPATA1_1 [ ZAPATA: 138 KV - RANDADO: 138 KV ] CONT:BASE CASE
SANTIAGO:138KV-LVOK:138KV|SFTLMES8,0,1,0,,0.0,4.258999824523926,7.9639997482299805,1,2026-06-18,0.0,0.016666666666666666,0.37500000000000006,1.0,0.8050000071525574,0.8050000071525574,0.0,7.9639997482299805,,,1.5459217891030836, LVOK_SANTIA1_1 [ SANTIAGO: 138 KV - LVOK: 138 KV ] CONT:SFTLMES8
RUSSEKST:138KV-BIGLAKE:138KV|DBAKCED5,0,1,0,,0.0,5.377999782562256,18.939999759197235,1,2026-05-15,0.0,0.016666666666666666,0.37500000000000006,2.0,0.2800000011920929,0.7970000095665455,0.0,18.939999759197235,,,1.541479806480646, BIGLAK_RUSSEK1_1 [ RUSSEKST: 138 KV - BIGLAKE: 138 KV ] CONT:DBAKCED5
FRSTP:138KV-DRMSW:138KV|BASE,0,3,0,,0.0,3.0460000038146973,6.629999995231628,3,2026-06-23,0.0,0.05,0.16666666666666666,1.0,1.8380000591278076,1.8380000591278076,0.0,6.629999995231628,,,1.5055516390539485, 6470__C [ FRSTP: 138 KV - DRMSW: 138 KV ] CONT:BASE CASE
HAINE_DR:138KV-OLEANDER:138KV|MHARNED5,0,2,0,,0.0,1.4579999446868896,2.1449999511241913,2,2026-06-29,0.0,0.03333333333333333,0.23076923076923075,,,,2.1449999511241913,0.0,,,1.482278500293438,HAINE__OLEAND1_1 [HAINE_DR: 138 KV -OLEANDER: 138 KV ] CONT:MHARNED5
SRB:138KV-SOL:138KV|SDIBSRB8,0,1,0,,0.0,0.6100000143051147,0.9870000183582306,1,2026-06-29,0.0,0.016666666666666666,0.37500000000000006,,,,0.9870000183582306,0.0,,,1.4703306729622412, SOLSRB21_A [ SRB: 138 KV - SOL: 138 KV ] CONT:SDIBSRB8
FRONTERA:138KV-S_MISSIN:138KV|SRAIMAD8,0,1,0,,0.0,0.9801391363143921,0.9801391363143921,1,2026-07-10,0.0,0.016666666666666666,0.37500000000000006,,,,0.9801391363143921,0.0,,,1.4677365281831665,BENTS_FRTER_1B@FRONTERA||LN||BENTS_FRTER_1B||1 [FRONTERA: 138 KV -S_MISSIN: 138 KV ] CONT:SRAIMAD8
PALACIOS:69KV-BLESSING:69KV|SANGSTA5,0,1,0,,0.0,0.9259999990463257,0.9259999990463257,1,2026-06-24,0.0,0.016666666666666666,0.37500000000000006,,,,0.9259999990463257,0.0,,,1.4469451780161857, BLESSI_PALACI1_1 [ PALACIOS: 69 KV - BLESSING: 69 KV ] CONT:SANGSTA5
NORTMC:138KV-CROSSOVE:138KV|SBGLTWI8,0,1,0,,0.0,4.072999954223633,6.240999937057495,1,2026-05-21,0.0,0.016666666666666666,0.37500000000000006,2.0,0.6259999871253967,0.6289999871514738,0.0,6.240999937057495,,,1.4433275150881415, CROSSO_NORTMC1_1 [ NORTMC: 138 KV - CROSSOVE: 138 KV ] CONT:SBGLTWI8
TREADWEL:138KV-MADDUX:138KV|DBAKCED5,0,1,0,,0.0,0.8370000123977661,0.8370000123977661,1,2026-07-11,0.0,0.016666666666666666,0.37500000000000006,,,,0.8370000123977661,0.0,,,1.4114615530920354, MADDUX_TREADW1_1 [ TREADWEL: 138 KV - MADDUX: 138 KV ] CONT:DBAKCED5
MDO:345KV-PHR:345KV|DSNG_TB5,0,1,0,,0.0,0.49000000953674316,0.49000000953674316,1,2026-05-15,0.0,0.016666666666666666,0.37500000000000006,1.0,0.5720000267028809,0.5720000267028809,0.0,0.49000000953674316,,,1.407709904349184, MDOPHR99_A [ MDO: 345 KV - PHR: 345 KV ] CONT:DSNG_TB5
TOWER:69KV-BNTSW:69KV|XBOW89,0,1,0,,0.0,0.7829999923706055,0.7829999923706055,1,2026-07-10,0.0,0.016666666666666666,0.37500000000000006,,,,0.7829999923706055,0.0,,,1.3890841943071326, 2115__B [ TOWER: 69 KV - BNTSW: 69 KV ] CONT:XBOW89
TARBUSH:138KV-TNFXTAIL:138KV|DBAKSOL5,0,1,0,,0.0,0.3959999978542328,0.7439999878406525,1,2026-07-11,0.0,0.016666666666666666,0.37500000000000006,,,,0.7439999878406525,0.0,,,1.3724971822416174, 138_TRB_FXT_1 [ TARBUSH: 138 KV - TNFXTAIL: 138 KV ] CONT:DBAKSOL5
TINSLEY:138KV-CTHR:138KV|DBUCRGP5,0,1,0,,0.0,0.7319999933242798,0.7319999933242798,1,2026-07-09,0.0,0.016666666666666666,0.37500000000000006,,,,0.7319999933242798,0.0,,,1.36731879807003, CTHR_TINSLE1_1 [ TINSLEY: 138 KV - CTHR: 138 KV ] CONT:DBUCRGP5
COLETO:138KV-VICTORIA:138.1KV|XBLE58,0,3,0,,0.0,0.9959999918937683,2.3259999938309193,3,2026-06-26,0.0,0.05,0.16666666666666666,,,,2.3259999938309193,0.0,,,1.363779823668723, COLETO_VICTOR1_1 [ COLETO: 138 KV - VICTORIA: 138.1 KV ] CONT:XBLE58
SAMSW:345KV-VENSW:345KV|DSAMFBR5,0,1,0,,0.0,3.8559999465942383,5.33299994468689,1,2026-05-03,0.0,0.016666666666666666,0.37500000000000006,1.0,0.36399999260902405,0.44199999421834946,0.0,5.33299994468689,,,1.3213922282088948, 35055__A [ SAMSW: 345 KV - VENSW: 345 KV ] CONT:DSAMFBR5
COLETO:138KV-VICTORIA:138.1KV|SBLESTP5,0,1,0,,0.0,0.22100000083446503,0.6079999953508377,1,2026-06-26,0.0,0.016666666666666666,0.37500000000000006,,,,0.6079999953508377,0.0,,,1.3116045692547322, COLETO_VICTOR1_1 [ COLETO: 138 KV - VICTORIA: 138.1 KV ] CONT:SBLESTP5
FVLSW:345KV-SAMSW:345KV|DVENFTS5,0,1,0,,0.0,0.19699999690055847,0.19699999690055847,1,2026-05-18,0.0,0.016666666666666666,0.37500000000000006,2.0,0.3720000088214874,0.3890000097453594,0.0,0.19699999690055847,,,1.2839452641439082, 35045__A [ FVLSW: 345 KV - SAMSW: 345 KV ] CONT:DVENFTS5
FVLSW:345KV-SAMSW:345KV|SVENFTS5,0,1,0,,0.0,0.19699999690055847,0.19699999690055847,1,2026-05-18,0.0,0.016666666666666666,0.37500000000000006,2.0,0.3720000088214874,0.3890000097453594,0.0,0.19699999690055847,,,1.2839452641439082, 35045__A [ FVLSW: 345 KV - SAMSW: 345 KV ] CONT:SVENFTS5
FREER:69KV-SAN_DIEG:69KV|DDNEDBP5,0,1,0,,0.0,0.5440000295639038,0.5440000295639038,1,2026-06-30,0.0,0.016666666666666666,0.37500000000000006,,,,0.5440000295639038,0.0,,,1.2811435464182468, FREER_SAN_DI1_1 [ FREER: 69 KV - SAN_DIEG: 69 KV ] CONT:DDNEDBP5
ABNTHWST:138.1KV-CALLAHAN:138KV|SNICBLU8,0,1,0,,0.0,0.4729999899864197,0.4729999899864197,1,2026-07-14,0.0,0.016666666666666666,0.37500000000000006,,,,0.4729999899864197,0.0,,,1.2458370413674094, ABNTHW_CALLAH1_1 [ ABNTHWST: 138.1 KV - CALLAHAN: 138 KV ] CONT:SNICBLU8
MGPSW:138KV-CMNSW:138KV|SMGPBRN8,0,3,0,,0.0,0.2639999985694885,0.3349999971687794,3,2026-06-26,0.0,0.05,0.16666666666666666,1.0,1.055999994277954,1.055999994277954,0.07099999859929085,0.2639999985694885,,,1.2346589769099172, 663__A [ MGPSW: 138 KV - CMNSW: 138 KV ] CONT:SMGPBRN8
LON_HILL:138KV-CLARK_WD:138KV|SCITWEI8,0,5,0,,0.0,1.346881628036499,4.9910107515752316,5,2026-07-09,0.0,0.08333333333333333,0.10714285714285715,,,,2.4115016125142574,2.579509139060974,,,1.2257124953873706,CLARK__LON_HI1_1 [LON_HILL: 138 KV -CLARK_WD: 138 KV ] CONT:SCITWEI8
SILASRAY:69KV-SILASRAY:138KV|XSI2L89,0,3,0,,0.0,0.003000000026077032,0.009000000078231096,3,2026-06-24,0.0,0.05,0.16666666666666666,17.0,0.4480000138282776,1.0960000231862068,0.003000000026077032,0.006000000052154064,,,1.2047294487570404, SILASRAY_T1 [ SILASRAY: 69 KV - SILASRAY: 138 KV ] CONT:XSI2L89
GTNSW:138KV-CLCRK:138KV|DABPAB98,0,1,0,,0.0,0.38100001215934753,0.38100001215934753,1,2026-07-10,0.0,0.016666666666666666,0.37500000000000006,,,,0.38100001215934753,0.0,,,1.197467105779526, 6385__A [ GTNSW: 138 KV - CLCRK: 138 KV ] CONT:DABPAB98
HONDOCK:69KV-HONDOCS:69KV|SDOWMOO8,0,1,0,,0.0,0.3540000021457672,0.3540000021457672,1,2026-07-14,0.0,0.016666666666666666,0.37500000000000006,,,,0.3540000021457672,0.0,,,1.1826585754117376, HON_HOC9_1 [ HONDOCK: 69 KV - HONDOCS: 69 KV ] CONT:SDOWMOO8
PRCSW:138KV-PRCRK:138KV|MDWTRWT5,0,1,0,,0.0,0.35199999809265137,0.35199999809265137,1,2026-07-14,0.0,0.016666666666666666,0.37500000000000006,,,,0.35199999809265137,0.0,,,1.1815499255131126, 3665__B [ PRCSW: 138 KV - PRCRK: 138 KV ] CONT:MDWTRWT5
HORIZON:138KV-PEARSALL:138KV|BASE,0,7,0,,0.0,3.6410000324249268,17.828000230598263,7,2026-06-29,0.0,0.11666666666666667,0.07894736842105263,,,,2.517999959993176,15.310000270605087,,,1.1713771971412634, PEARSALL_HORIZ_1 [ HORIZON: 138 KV - PEARSALL: 138 KV ] CONT:BASE CASE
NLARSW:138KV-PILONCIL:138KV|SWFTLOB8,0,1,0,,0.0,0.1860000044107437,0.318000003695488,1,2026-07-02,0.0,0.016666666666666666,0.37500000000000006,,,,0.318000003695488,0.0,,,1.1624477725187359, NLARSW_PILONC1_1 [ NLARSW: 138 KV - PILONCIL: 138 KV ] CONT:SWFTLOB8
GARNET:138KV-FTCHADBT:138KV|SNICBLU8,0,2,0,,0.0,0.6200000047683716,1.0410000085830688,2,2026-07-02,0.0,0.03333333333333333,0.23076923076923075,,,,1.0410000085830688,0.0,,,1.1579980103595082, FTCHAD_GARNET1_1 [ GARNET: 138 KV - FTCHADBT: 138 KV ] CONT:SNICBLU8
SOLSTICE:138KV-FTST:138KV|DBIGKEN5,0,1,0,,0.0,0.28299999237060547,0.28299999237060547,1,2026-06-30,0.0,0.016666666666666666,0.37500000000000006,,,,0.28299999237060547,0.0,,,1.142262003120833, FTST_SOLSTI1_1 [ SOLSTICE: 138 KV - FTST: 138 KV ] CONT:DBIGKEN5
CUERO:138KV-THOMASTN:138KV|DVICVI89,0,1,0,,0.0,0.1589999943971634,0.2759999930858612,1,2026-06-25,0.0,0.016666666666666666,0.37500000000000006,,,,0.2759999930858612,0.0,,,1.1381588279835995, CUELCA_THOMAS1_1 [ CUERO: 138 KV - THOMASTN: 138 KV ] CONT:DVICVI89
ALICE:69KV-STADIUM:69KV|SNEDREF5,0,1,0,,0.0,0.26600000262260437,0.26600000262260437,1,2026-06-24,0.0,0.016666666666666666,0.37500000000000006,,,,0.26600000262260437,0.0,,,1.1322579377007678, ALICE_STADIU1_1 [ ALICE: 69 KV - STADIUM: 69 KV ] CONT:SNEDREF5
ROTN:69KV-ROBY:69KV|SSPUASP8,0,2,0,,0.0,8.27299976348877,11.819999694824219,2,2026-05-09,0.0,0.03333333333333333,0.23076923076923075,1.0,0.6600000262260437,0.6600000262260437,0.0,11.819999694824219,,,1.1297357125020067,ROBY_ROTN1_1 [ROTN: 69 KV -ROBY: 69 KV ] CONT:SSPUASP8
MAXWELL:138KV-HAMILTON:138KV|SPINZIE8,0,1,0,,0.0,0.23499999940395355,0.23499999940395355,1,2026-07-09,0.0,0.016666666666666666,0.37500000000000006,,,,0.23499999940395355,0.0,,,1.1136644205535877, HAMILT_MAXWEL1_1 [ MAXWELL: 138 KV - HAMILTON: 138 KV ] CONT:SPINZIE8
P_ISABEL:138KV-SCARBIDE:138KV|SLAULA_8,0,1,0,,0.0,0.23000000417232513,0.23000000417232513,1,2026-06-28,0.0,0.016666666666666666,0.37500000000000006,,,,0.23000000417232513,0.0,,,1.1106218229379492, P_ISAB_SCARBI1_1 [ P_ISABEL: 138 KV - SCARBIDE: 138 KV ] CONT:SLAULA_8
BISON:69KV-STRS:69KV|SBGLTWI8,0,2,0,,0.0,15.585000038146973,22.773000240325928,2,2026-05-14,0.0,0.03333333333333333,0.23076923076923075,2.0,0.45899999141693115,0.5679999953135848,0.0,22.773000240325928,,,1.0727190132741642, BISON_STRS1_1 [ BISON: 69 KV - STRS: 69 KV ] CONT:SBGLTWI8
BRACKETT:138.1KV-ECLIPSE:138KV|BASE,0,1,0,,0.0,0.41100001335144043,0.7430000007152557,1,2026-05-23,0.0,0.016666666666666666,0.37500000000000006,1.0,0.11500000208616257,0.11500000208616257,0.0,0.7430000007152557,,,1.0642156001386838, BRACK_ECLIPSE_1 [ BRACKETT: 138.1 KV - ECLIPSE: 138 KV ] CONT:BASE CASE
KENDAL:345KV-BERGHE:345KV|DCAGCI58,0,2,0,,0.0,2.256317615509033,3.045317620038986,2,2026-07-02,0.0,0.03333333333333333,0.23076923076923075,,,,0.789000004529953,2.256317615509033,,,1.059160699628756,656T656_1 [KENDAL: 345 KV -BERGHE: 345 KV ] CONT:DCAGCI58
SILASRAY:69KV-SILASRAY:138KV|XSIL89,0,5,0,,0.0,0.004999999888241291,0.01899999985471368,5,2026-06-28,0.0,0.08333333333333333,0.10714285714285715,17.0,0.4480000138282776,1.0960000231862068,0.012999999802559614,0.006000000052154064,,,1.0550660292544742, SILASRAY_T2 [ SILASRAY: 69 KV - SILASRAY: 138 KV ] CONT:XSIL89
BISON:69KV-STRS:69KV|DTWIBGL8,0,1,0,,0.0,5.855000019073486,6.824000000953674,1,2026-05-30,0.0,0.016666666666666666,0.37500000000000006,1.0,0.10100000351667404,0.10100000351667404,0.0,6.824000000953674,,,1.0515800542902194, BISON_STRS1_1 [ BISON: 69 KV - STRS: 69 KV ] CONT:DTWIBGL8
ALICE:69KV-STADIUM:69KV|SCALBAN9,0,2,0,,0.0,0.8629999756813049,1.6489999741315842,2,2026-06-28,0.0,0.03333333333333333,0.23076923076923075,,,,0.7179999947547913,0.9309999793767929,,,1.0287887097164636, ALICE_STADIU1_1 [ ALICE: 69 KV - STADIUM: 69 KV ] CONT:SCALBAN9
E3:138KV-X2:138KV|DCAGOMI8,0,1,0,,0.0,0.09200000017881393,0.09200000017881393,1,2026-07-02,0.0,0.016666666666666666,0.37500000000000006,,,,0.09200000017881393,0.0,,,1.0213693514704507, E3_X2_1 [ E3: 138 KV - X2: 138 KV ] CONT:DCAGOMI8
N_SHARPE:138KV-CELANEBI:138.1KV|DALASAT8,0,1,0,,0.0,0.1720000058412552,0.1720000058412552,1,2026-06-11,0.0,0.016666666666666666,0.37500000000000006,2.0,0.017000000923871994,0.05400000046938658,0.0,0.1720000058412552,,,1.0079536439201127, CELANE_N_SHAR1_1 [ N_SHARPE: 138 KV - CELANEBI: 138.1 KV ] CONT:DALASAT8
PIGCREEK:138KV-TNFXTAIL:138KV|SPIGTNF8,0,1,0,,0.0,3.5894765853881836,4.056147426366806,1,2026-05-19,0.0,0.016666666666666666,0.37500000000000006,1.0,0.035999998450279236,0.05299999937415123,0.0,4.056147426366806,,,1.007004425913094, 138_FXT_PG2_1 [ PIGCREEK: 138 KV - TNFXTAIL: 138 KV ] CONT:SPIGTNF8
TARBUSH:138KV-TNFXTAIL:138KV|DALASOA8,0,1,0,,0.0,0.03799999877810478,0.03799999877810478,1,2026-07-14,0.0,0.016666666666666666,0.37500000000000006,,,,0.03799999877810478,0.0,,,0.9833330310305043, 138_TRB_FXT_1 [ TARBUSH: 138 KV - TNFXTAIL: 138 KV ] CONT:DALASOA8
VL:138KV-GLO:138KV|DWPWFWP5,0,1,0,,0.0,0.02500000037252903,0.02500000037252903,1,2026-07-14,0.0,0.016666666666666666,0.37500000000000006,,,,0.02500000037252903,0.0,,,0.9738806530709647, GLOVL_82_A [ VL: 138 KV - GLO: 138 KV ] CONT:DWPWFWP5
CMBTP:138KV-CUMBY:138KV|DBDMPPK8,0,6,0,,0.0,4.5929999351501465,17.20200005173683,6,2026-06-29,0.0,0.1,0.09090909090909091,,,,1.5820000171661377,15.620000034570694,,,0.9724573552735183, 695__A [ CMBTP: 138 KV - CUMBY: 138 KV ] CONT:DBDMPPK8
BLESSING:69KV-PALACIOS:69KV|STHOJAG8,0,1,0,,0.0,0.01600000075995922,0.01600000075995922,1,2026-07-02,0.0,0.016666666666666666,0.37500000000000006,,,,0.01600000075995922,0.0,,,0.9672662057838151, BLESSI_PALACI1_1 [ BLESSING: 69 KV - PALACIOS: 69 KV ] CONT:STHOJAG8
E_HARRIS:69KV-LA_PALMA:69KV|SE_HOLE9,0,1,0,,0.0,0.006000000052154064,0.015999999828636646,1,2026-06-25,0.0,0.016666666666666666,0.37500000000000006,,,,0.015999999828636646,0.0,,,0.967266205096323, E_HARR_LA_PAL1_1 [ E_HARRIS: 69 KV - LA_PALMA: 69 KV ] CONT:SE_HOLE9
BELD:69KV-BELDTAP:69KV|BASE,0,1,0,,0.0,0.0020000000949949026,0.0020000000949949026,1,2026-07-11,0.0,0.016666666666666666,0.37500000000000006,,,,0.0020000000949949026,0.0,,,0.9568596954237126, BELD_BELDTA1_A [ BELD: 69 KV - BELDTAP: 69 KV ] CONT:BASE CASE
DOWNIES:138KV-READING:138KV|MDRYMIE8,0,1,0,,0.0,2.864000082015991,2.864000082015991,1,2026-05-24,0.0,0.016666666666666666,0.37500000000000006,,,,0.0,2.864000082015991,,,0.9553611933556039, DOWNIE_READIN1_1 [ DOWNIES: 138 KV - READING: 138 KV ] CONT:MDRYMIE8
WHTNY:1KV-WHTNY:138KV|XWH2T58,0,1,0,,0.0,0.753000020980835,0.753000020980835,1,2026-05-20,0.0,0.016666666666666666,0.37500000000000006,,,,0.0,0.753000020980835,,,0.9553611933556039, WHTNY_HT1L [ WHTNY: 1 KV - WHTNY: 138 KV ] CONT:XWH2T58
WHTNY:1KV-WHTNY:138KV|XWHT58,0,1,0,,0.0,0.753000020980835,0.753000020980835,1,2026-05-20,0.0,0.016666666666666666,0.37500000000000006,,,,0.0,0.753000020980835,,,0.9553611933556039, WHTNY_MR2L [ WHTNY: 1 KV - WHTNY: 138 KV ] CONT:XWHT58
DOWNIES:138KV-MOORE:138KV|SREAUVA8,0,1,0,,0.0,1.1449999809265137,1.64199997484684,1,2026-05-03,0.0,0.016666666666666666,0.37500000000000006,,,,0.0,1.64199997484684,,,0.9553611933556039, 2585_1 [ DOWNIES: 138 KV - MOORE: 138 KV ] CONT:SREAUVA8
STP:345KV-WAP:345KV|DHJWFCK5,0,1,0,,0.0,0.9734520316123962,0.9734520316123962,1,2026-05-30,0.0,0.016666666666666666,0.37500000000000006,,,,0.0,0.9734520316123962,,,0.9553611933556039,STPWAP39_1 [STP: 345 KV -WAP: 345 KV ] CONT:DHJWFCK5
STP:345KV-WAP:345KV|DWPWFCK5,0,1,0,,0.0,8.420312881469727,11.509280443191528,1,2026-05-14,0.0,0.016666666666666666,0.37500000000000006,,,,0.0,11.509280443191528,,,0.9553611933556039,STPWAP39_1 [STP: 345 KV -WAP: 345 KV ] CONT:DWPWFCK5
SUNGLO:138KV-ROSICR:138KV|SBRAUVA8,0,1,0,,0.0,1.4930000305175781,3.630000054836273,1,2026-06-13,0.0,0.016666666666666666,0.37500000000000006,,,,0.0,3.630000054836273,,,0.9553611933556039, 627T627_1 [ SUNGLO: 138 KV - ROSICR: 138 KV ] CONT:SBRAUVA8
DILLEYSW:69.1KV-DILLY:69KV|SMOOPEA8,0,1,0,,0.0,3.555999994277954,3.555999994277954,1,2026-05-15,0.0,0.016666666666666666,0.37500000000000006,,,,0.0,3.555999994277954,,,0.9553611933556039, DILLEY_DILLY1_1 [ DILLEYSW: 69.1 KV - DILLY: 69 KV ] CONT:SMOOPEA8
MEXTP:69KV-ITALY:69KV|DVENFTS5,0,1,0,,0.0,68.23863983154297,85.59448146820068,1,2026-05-14,0.0,0.016666666666666666,0.37500000000000006,,,,0.0,85.59448146820068,,,0.9553611933556039, 2270__B [ MEXTP: 69 KV - ITALY: 69 KV ] CONT:DVENFTS5
CARVER:138KV-TINSLEY:138KV|SBIGWL_5,0,1,0,,0.0,0.10899999737739563,0.10899999737739563,1,2026-05-07,0.0,0.016666666666666666,0.37500000000000006,,,,0.0,0.10899999737739563,,,0.9553611933556039, CARVER_TINSLE1_1 [ CARVER: 138 KV - TINSLEY: 138 KV ] CONT:SBIGWL_5
MEXTP:69KV-ITALY:69KV|DFVLFTS5,0,1,0,,0.0,28.232147216796875,28.232147216796875,1,2026-05-14,0.0,0.016666666666666666,0.37500000000000006,,,,0.0,28.232147216796875,,,0.9553611933556039, 2270__B [ MEXTP: 69 KV - ITALY: 69 KV ] CONT:DFVLFTS5
RIOHONDO:138KV-MV_RIOHO:138KV|MLAPVCA8,0,1,0,,0.0,3499.999755859375,20124.998657226562,1,2026-05-09,0.0,0.016666666666666666,0.37500000000000006,,,,0.0,20124.998657226562,,,0.9553611933556039,RIOHND_ERIOHND_1 [RIOHONDO: 138 KV -MV_RIOHO: 138 KV ] CONT:MLAPVCA8
VERTREES:138KV-WESLAU:138KV|SGULLA_5,0,1,0,,0.0,60.06591033935547,82.65868759155273,1,2026-05-08,0.0,0.016666666666666666,0.37500000000000006,,,,0.0,82.65868759155273,,,0.9553611933556039,VERTRE_WESLAU1@VERTREES||LN||VERTRE_WESLAU1||1 [VERTREES: 138 KV -WESLAU: 138 KV ] CONT:SGULLA_5
KENEDSW:138KV-KARNESCI:138KV|SMOOPEA8,0,1,0,,0.0,0.10499999672174454,0.10499999672174454,1,2026-05-21,0.0,0.016666666666666666,0.37500000000000006,,,,0.0,0.10499999672174454,,,0.9553611933556039, KARNES_KENEDS1_1 [ KENEDSW: 138 KV - KARNESCI: 138 KV ] CONT:SMOOPEA8
FORTMA:138KV-YELWJCKT:138KV|BASE,0,1,0,,0.0,3.933000087738037,7.681000173091888,1,2026-05-08,0.0,0.016666666666666666,0.37500000000000006,,,,0.0,7.681000173091888,,,0.9553611933556039, FORTMA_YELWJC1_1 [ FORTMA: 138 KV - YELWJCKT: 138 KV ] CONT:BASE CASE
ELKTN:138KV-LLPOI:138KV|MDHLYTC5,0,1,0,,0.0,22.890762329101562,34.276692390441895,1,2026-05-29,0.0,0.016666666666666666,0.37500000000000006,,,,0.0,34.276692390441895,,,0.9553611933556039,970__C [ELKTN: 138 KV -LLPOI: 138 KV ] CONT:MDHLYTC5
BRTNSSRC:138KV-WALTSSRC:138KV|BASE,0,1,0,,0.0,0.0020000000949949026,0.0020000000949949026,1,2026-05-03,0.0,0.016666666666666666,0.37500000000000006,,,,0.0,0.0020000000949949026,,,0.9553611933556039, BRTNWLTN_RC_1 [ BRTNSSRC: 138 KV - WALTSSRC: 138 KV ] CONT:BASE CASE
RS:138KV-FB:138KV|BASE,0,1,0,,0.0,13.937999725341797,22.199999570846558,1,2026-05-14,0.0,0.016666666666666666,0.37500000000000006,,,,0.0,22.199999570846558,,,0.9553611933556039, FB_RS_60_A [ RS: 138 KV - FB: 138 KV ] CONT:BASE CASE
STNSW:69KV-BELLS:69KV|SBONWF28,0,1,0,,0.0,1.253999948501587,3.588999882340431,1,2026-05-19,0.0,0.016666666666666666,0.37500000000000006,,,,0.0,3.588999882340431,,,0.9553611933556039, 1940__C [ STNSW: 69 KV - BELLS: 69 KV ] CONT:SBONWF28
ROCKETT:69KV-ROCKETSW:69KV|DENWSTE8,0,1,0,,0.0,15.85200023651123,18.015000343322754,1,2026-05-03,0.0,0.016666666666666666,0.37500000000000006,,,,0.0,18.015000343322754,,,0.9553611933556039, ROC_ROCK_1 [ ROCKETT: 69 KV - ROCKETSW: 69 KV ] CONT:DENWSTE8
BR:138KV-HOC:138KV|DWO5_EU8,0,1,0,,0.0,15.006999969482422,15.006999969482422,1,2026-05-13,0.0,0.016666666666666666,0.37500000000000006,,,,0.0,15.006999969482422,,,0.9553611933556039, BR_HOC09_A [ BR: 138 KV - HOC: 138 KV ] CONT:DWO5_EU8
BR:138KV-HOC:138.3KV|DWO5_EU8,0,1,0,,0.0,4.757999897003174,5.814999938011169,1,2026-06-03,0.0,0.016666666666666666,0.37500000000000006,,,,0.0,5.814999938011169,,,0.9553611933556039, BR_HOC09_A [ BR: 138 KV - HOC: 138.3 KV ] CONT:DWO5_EU8
STNVL:138KV-CPSES:138KV|XCMB58,0,1,0,,0.0,1.0863875150680542,1.0863875150680542,1,2026-05-14,0.0,0.016666666666666666,0.37500000000000006,,,,0.0,1.0863875150680542,,,0.9553611933556039, 661__A [ STNVL: 138 KV - CPSES: 138 KV ] CONT:XCMB58
SAMSW:345KV-FBRSW:345KV|SLCSTH25,0,1,0,,0.0,4.875,4.875,1,2026-05-10,0.0,0.016666666666666666,0.37500000000000006,,,,0.0,4.875,,,0.9553611933556039, 506__A [ SAMSW: 345 KV - FBRSW: 345 KV ] CONT:SLCSTH25
HUMBLTAP:69KV-NOVICTAP:69KV|XCMN58,0,1,0,,0.0,0.052000001072883606,0.11700000055134296,1,2026-05-21,0.0,0.016666666666666666,0.37500000000000006,,,,0.0,0.11700000055134296,,,0.9553611933556039, HUMBLT_NOVICT1_1 [ HUMBLTAP: 69 KV - NOVICTAP: 69 KV ] CONT:XCMN58
SALDS:138KV-SONTERRA:138KV|SANDFLO8,0,1,0,,0.0,3499.999755859375,4674.132031917572,1,2026-06-05,0.0,0.016666666666666666,0.37500000000000006,,,,0.0,4674.132031917572,,,0.9553611933556039,1710_A        @SALDS||LN||1710_A||_A [SALDS: 138 KV -SONTERRA: 138 KV ] CONT:SANDFLO8
SALDS:138KV-SONTERRA:138KV|DGABAN89,0,1,0,,0.0,3499.999755859375,3911.776885986328,1,2026-06-05,0.0,0.016666666666666666,0.37500000000000006,,,,0.0,3911.776885986328,,,0.9553611933556039,1710_A        @SALDS||LN||1710_A||_A [SALDS: 138 KV -SONTERRA: 138 KV ] CONT:DGABAN89
STP:345KV-WAP:345KV|DBLBYWF5,0,1,0,,0.0,4.562286853790283,4.980696827173233,1,2026-05-20,0.0,0.016666666666666666,0.37500000000000006,,,,0.0,4.980696827173233,,,0.9553611933556039,STPWAP39_1 [STP: 345 KV -WAP: 345 KV ] CONT:DBLBYWF5
B_DAVIS:138.1KV-ALAZAN:138KV|SN_SAJO5,0,1,0,,0.0,0.050999999046325684,0.050999999046325684,1,2026-05-11,0.0,0.016666666666666666,0.37500000000000006,,,,0.0,0.050999999046325684,,,0.9553611933556039, ALAZAN_B_DAVI1_1 [ B_DAVIS: 138.1 KV - ALAZAN: 138 KV ] CONT:SN_SAJO5
SANA:138KV-SANA:69KV|DSTVSTN8,0,1,0,,0.0,0.008999999612569809,0.008999999612569809,1,2026-05-21,0.0,0.016666666666666666,0.37500000000000006,,,,0.0,0.008999999612569809,,,0.9553611933556039, SANA_FMR1 [ SANA: 138 KV - SANA: 69 KV ] CONT:DSTVSTN8
MKLT:69KV-MERK:69KV|DRILTES5,0,1,0,,0.0,0.2409999966621399,0.2409999966621399,1,2026-06-17,0.0,0.016666666666666666,0.37500000000000006,,,,0.0,0.2409999966621399,,,0.9553611933556039, MERK_MKLT1_1 [ MKLT: 69 KV - MERK: 69 KV ] CONT:DRILTES5
HUBRD:138KV-HAN1:138KV|SHLSWH28,0,1,0,,0.0,1.7180975675582886,1.7180975675582886,1,2026-05-14,0.0,0.016666666666666666,0.37500000000000006,,,,0.0,1.7180975675582886,,,0.9553611933556039,1210__B [HUBRD: 138 KV -HAN1: 138 KV ] CONT:SHLSWH28
HUMBLTAP:69KV-NOVICTAP:69KV|DBRNCMN8,0,1,0,,0.0,235.7899932861328,829.4280088245869,1,2026-05-21,0.0,0.016666666666666666,0.37500000000000006,,,,0.0,829.4280088245869,,,0.9553611933556039, HUMBLT_NOVICT1_1 [ HUMBLTAP: 69 KV - NOVICTAP: 69 KV ] CONT:DBRNCMN8
STP:345KV-WAP:345.1KV|DREFSTP5,0,1,0,,0.0,16.04199981689453,24.946999847888947,1,2026-05-14,0.0,0.016666666666666666,0.37500000000000006,,,,0.0,24.946999847888947,,,0.9553611933556039, STPWAP39_1 [ STP: 345 KV - WAP: 345.1 KV ] CONT:DREFSTP5
VICTORIA:138.1KV-L_463S:138KV|SPAWCAL5,0,1,0,,0.0,1.0390000343322754,1.0390000343322754,1,2026-05-04,0.0,0.016666666666666666,0.37500000000000006,,,,0.0,1.0390000343322754,,,0.9553611933556039, LOOP_VICTORIA_1 [ VICTORIA: 138.1 KV - L_463S: 138 KV ] CONT:SPAWCAL5
VICTORIA:138.1KV-L_463S:138KV|XBLE58,0,1,0,,0.0,1.7130000591278076,2.4380000829696655,1,2026-05-06,0.0,0.016666666666666666,0.37500000000000006,,,,0.0,2.4380000829696655,,,0.9553611933556039, LOOP_VICTORIA_1 [ VICTORIA: 138.1 KV - L_463S: 138 KV ] CONT:XBLE58
MAXZUE:138KV-GAYHIL:138KV|SGIDLIN8,0,1,0,,0.0,306.44500732421875,564.0140113830566,1,2026-05-22,0.0,0.016666666666666666,0.37500000000000006,,,,0.0,564.0140113830566,,,0.9553611933556039, 367T347_1 [ MAXZUE: 138 KV - GAYHIL: 138 KV ] CONT:SGIDLIN8
TWINBU:138KV-HARGROVE:138KV|SMCAMCA8,0,1,0,,0.0,11.11299991607666,20.776999831199646,1,2026-05-27,0.0,0.016666666666666666,0.37500000000000006,,,,0.0,20.776999831199646,,,0.9553611933556039, HARGRO_TWINBU1_1 [ TWINBU: 138 KV - HARGROVE: 138 KV ] CONT:SMCAMCA8
TYLSW:138KV-RLAKE:138KV|DENTSCS5,0,1,0,,0.0,23.24799919128418,42.215999126434326,1,2026-05-11,0.0,0.016666666666666666,0.37500000000000006,,,,0.0,42.215999126434326,,,0.9553611933556039, 700__H [ TYLSW: 138 KV - RLAKE: 138 KV ] CONT:DENTSCS5
TYPRK:138KV-PLYAM:138KV|XCDH58,0,1,0,,0.0,29.374000549316406,71.83600044250488,1,2026-06-18,0.0,0.016666666666666666,0.37500000000000006,,,,0.0,71.83600044250488,,,0.9553611933556039, 6200__F [ TYPRK: 138 KV - PLYAM: 138 KV ] CONT:XCDH58
USGTP:69KV-SWTWR:69KV|BASE,0,1,0,,0.0,2.184999942779541,2.184999942779541,1,2026-05-07,0.0,0.016666666666666666,0.37500000000000006,,,,0.0,2.184999942779541,,,0.9553611933556039, 6785__E [ USGTP: 69 KV - SWTWR: 69 KV ] CONT:BASE CASE
MRVLY:69KV-ESTLD:69KV|DPAIMUR8,0,1,0,,0.0,46.894287109375,79.67488861083984,1,2026-05-03,0.0,0.016666666666666666,0.37500000000000006,,,,0.0,79.67488861083984,,,0.9553611933556039, 6635__G [ MRVLY: 69 KV - ESTLD: 69 KV ] CONT:DPAIMUR8
MRVLY:69KV-ESTLD:69KV|SCISPUT8,0,1,0,,0.0,18.42300033569336,28.625000059604645,1,2026-05-03,0.0,0.016666666666666666,0.37500000000000006,,,,0.0,28.625000059604645,,,0.9553611933556039, 6635__G [ MRVLY: 69 KV - ESTLD: 69 KV ] CONT:SCISPUT8
MV_BURNS:138KV-MV_HBRG4:138KV|MPASTNE5,0,1,0,,0.0,259.9200134277344,642.2770233154297,1,2026-05-06,0.0,0.016666666666666666,0.37500000000000006,,,,0.0,642.2770233154297,,,0.9553611933556039, BURNS_HEIDLBRG_1 [ MV_BURNS: 138 KV - MV_HBRG4: 138 KV ] CONT:MPASTNE5
VERTREES:138KV-WESLAU:138KV|SNEDSTE5,0,1,0,,0.0,5.9670000076293945,5.9670000076293945,1,2026-05-13,0.0,0.016666666666666666,0.37500000000000006,,,,0.0,5.9670000076293945,,,0.9553611933556039,VERTRE_WESLAU1@VERTREES||LN||VERTRE_WESLAU1||1 [VERTREES: 138 KV -WESLAU: 138 KV ] CONT:SNEDSTE5
THW:1KV-THW:138.1KV|DKL_KI28,0,1,0,,0.0,0.6169999837875366,0.6169999837875366,1,2026-05-14,0.0,0.016666666666666666,0.37500000000000006,,,,0.0,0.6169999837875366,,,0.9553611933556039, THW_AT3L [ THW: 1 KV - THW: 138.1 KV ] CONT:DKL_KI28
THW:345KV-NB:345KV|DSNG_TB5,0,1,0,,0.0,1.5679999589920044,2.6369999647140503,1,2026-05-16,0.0,0.016666666666666666,0.37500000000000006,,,,0.0,2.6369999647140503,,,0.9553611933556039, NB_THW97_A [ THW: 345 KV - NB: 345 KV ] CONT:DSNG_TB5
THW:345KV-THW:1KV|DKL_KI28,0,1,0,,0.0,0.6169999837875366,0.6169999837875366,1,2026-05-14,0.0,0.016666666666666666,0.37500000000000006,,,,0.0,0.6169999837875366,,,0.9553611933556039, THW_AT3 [ THW: 345 KV - THW: 1 KV ] CONT:DKL_KI28
KLEBERG:138.1KV-CELANEBI:138KV|SAJ2CEB5,0,1,0,,0.0,1.0709999799728394,1.078999980352819,1,2026-05-27,0.0,0.016666666666666666,0.37500000000000006,,,,0.0,1.078999980352819,,,0.9553611933556039, CELANE_KLEBER1_1 [ KLEBERG: 138.1 KV - CELANEBI: 138 KV ] CONT:SAJ2CEB5
KLEBERG:138.1KV-CELANEBI:138KV|SKATLON5,0,1,0,,0.0,0.019999999552965164,0.019999999552965164,1,2026-06-05,0.0,0.016666666666666666,0.37500000000000006,,,,0.0,0.019999999552965164,,,0.9553611933556039, CELANE_KLEBER1_1 [ KLEBERG: 138.1 KV - CELANEBI: 138 KV ] CONT:SKATLON5
KLEBERG:138.1KV-CELANEBI:138KV|SSA2SAN8,0,1,0,,0.0,0.01600000075995922,0.01600000075995922,1,2026-05-21,0.0,0.016666666666666666,0.37500000000000006,,,,0.0,0.01600000075995922,,,0.9553611933556039, CELANE_KLEBER1_1 [ KLEBERG: 138.1 KV - CELANEBI: 138 KV ] CONT:SSA2SAN8
KNBSW:345KV-SALSW:345KV|DBCEBGR5,0,1,0,,0.0,0.10499999672174454,0.10499999672174454,1,2026-05-02,0.0,0.016666666666666666,0.37500000000000006,,,,0.0,0.10499999672174454,,,0.9553611933556039, 36040__A [ KNBSW: 345 KV - SALSW: 345 KV ] CONT:DBCEBGR5
FBRSW:345KV-THSES:345KV|DSAMFVL5,0,1,0,,0.0,9.432000160217285,11.516000270843506,1,2026-06-17,0.0,0.016666666666666666,0.37500000000000006,,,,0.0,11.516000270843506,,,0.9553611933556039,505__B [FBRSW: 345 KV -THSES: 345 KV ] CONT:DSAMFVL5
WCRSW:345KV-BLHSW:345KV|DSALHUT5,0,1,0,,0.0,3.236999988555908,7.200000107288361,1,2026-06-02,0.0,0.016666666666666666,0.37500000000000006,,,,0.0,7.200000107288361,,,0.9553611933556039, 440__C [ WCRSW: 345 KV - BLHSW: 345 KV ] CONT:DSALHUT5
WEAVERRD:69KV-GREENLK:69KV|SJOSBRO8,0,1,0,,0.0,1.8799999952316284,4.090000033378601,1,2026-05-06,0.0,0.016666666666666666,0.37500000000000006,,,,0.0,4.090000033378601,,,0.9553611933556039, GREENL_WEAVER1_1 [ WEAVERRD: 69 KV - GREENLK: 69 KV ] CONT:SJOSBRO8
WEAVERRD:69KV-GREENLK:69KV|SV_DVI28,0,1,0,,0.0,308.6439208984375,444.8249969482422,1,2026-05-01,0.0,0.016666666666666666,0.37500000000000006,,,,0.0,444.8249969482422,,,0.9553611933556039, GREENL_WEAVER1_1 [ WEAVERRD: 69 KV - GREENLK: 69 KV ] CONT:SV_DVI28
DENT_RD:69KV-TERREL_D:69KV|SNEVSHE8,0,1,0,,0.0,1.0609999895095825,1.8179999887943268,1,2026-05-12,0.0,0.016666666666666666,0.37500000000000006,,,,0.0,1.8179999887943268,,,0.9553611933556039, TER_DENT_1 [ DENT_RD: 69 KV - TERREL_D: 69 KV ] CONT:SNEVSHE8
HUTTO:138KV-RRNES:138KV|DHUTGIL8,0,1,0,,0.0,5.031000137329102,5.031000137329102,1,2026-06-23,0.0,0.016666666666666666,0.37500000000000006,,,,0.0,5.031000137329102,,,0.9553611933556039, 1661__B [ HUTTO: 138 KV - RRNES: 138 KV ] CONT:DHUTGIL8
JOSLIN:138KV-BROOKTAP:138KV|SFORFOR8,0,1,0,,0.0,0.18556749820709229,0.18556749820709229,1,2026-05-02,0.0,0.016666666666666666,0.37500000000000006,,,,0.0,0.18556749820709229,,,0.9553611933556039,BROOKT_JOSLIN1@JOSLIN||LN||BROOKT_JOSLIN1||1 [JOSLIN: 138 KV -BROOKTAP: 138 KV ] CONT:SFORFOR8
FORTMA:138KV-YELWJCKT:138KV|SAEEABE5,0,1,0,,0.0,8.140000343322754,8.140000343322754,1,2026-05-05,0.0,0.016666666666666666,0.37500000000000006,,,,0.0,8.140000343322754,,,0.9553611933556039, FORTMA_YELWJC1_1 [ FORTMA: 138 KV - YELWJCKT: 138 KV ] CONT:SAEEABE5
FORTMA:138KV-YELWJCKT:138KV|SBIGOR45,0,1,0,,0.0,0.828000009059906,0.828000009059906,1,2026-05-08,0.0,0.016666666666666666,0.37500000000000006,,,,0.0,0.828000009059906,,,0.9553611933556039, FORTMA_YELWJC1_1 [ FORTMA: 138 KV - YELWJCKT: 138 KV ] CONT:SBIGOR45
HRN:69KV-HRN:138KV|SHRNRBS8,0,1,0,,0.0,0.19599999487400055,0.19599999487400055,1,2026-05-05,0.0,0.016666666666666666,0.37500000000000006,,,,0.0,0.19599999487400055,,,0.9553611933556039, HRN_NAT1 [ HRN: 69 KV - HRN: 138 KV ] CONT:SHRNRBS8
RIOHONDO:138KV-MV_RIOHO:138KV|SRIOGUL5,0,1,0,,0.0,2115.122314453125,4733.257507324219,1,2026-05-09,0.0,0.016666666666666666,0.37500000000000006,,,,0.0,4733.257507324219,,,0.9553611933556039,RIOHND_ERIOHND_1 [RIOHONDO: 138 KV -MV_RIOHO: 138 KV ] CONT:SRIOGUL5
RIO_GRAN:138KV-RIO_GRAN:69KV|DPRNPOM5,0,1,0,,0.0,11.848999977111816,21.954999819397926,1,2026-05-06,0.0,0.016666666666666666,0.37500000000000006,,,,0.0,21.954999819397926,,,0.9553611933556039, RIO_GRAN_138_ [ RIO_GRAN: 138 KV - RIO_GRAN: 69 KV ] CONT:DPRNPOM5
RGRSW:345KV-PRMSW:345KV|MLNGPR25,0,1,0,,0.0,2.4514615535736084,2.4514615535736084,1,2026-05-05,0.0,0.016666666666666666,0.37500000000000006,,,,0.0,2.4514615535736084,,,0.9553611933556039, 5025__A [ RGRSW: 345 KV - PRMSW: 345 KV ] CONT:MLNGPR25
CAPELLA:69KV-MERK:69KV|SSWDSTR8,0,1,0,,0.0,0.1469999998807907,0.1469999998807907,1,2026-06-20,0.0,0.016666666666666666,0.37500000000000006,,,,0.0,0.1469999998807907,,,0.9553611933556039, CAPELL_MERK1_1 [ CAPELLA: 69 KV - MERK: 69 KV ] CONT:SSWDSTR8
CARBN:69KV-BSPSW:69KV|MLNGPR25,0,1,0,,0.0,0.20200000703334808,0.20200000703334808,1,2026-06-11,0.0,0.016666666666666666,0.37500000000000006,,,,0.0,0.20200000703334808,,,0.9553611933556039, 6615__A [ CARBN: 69 KV - BSPSW: 69 KV ] CONT:MLNGPR25
CBY:138.1KV-BT:138KV|DCD_CBY8,0,1,0,,0.0,3.7829999923706055,6.585999965667725,1,2026-05-26,0.0,0.016666666666666666,0.37500000000000006,,,,0.0,6.585999965667725,,,0.9553611933556039, BT_CBY88_A [ CBY: 138.1 KV - BT: 138 KV ] CONT:DCD_CBY8
VICTORIA:138.1KV-L_463S:138KV|SFURORI8,0,1,0,,0.0,0.1679999977350235,0.1679999977350235,1,2026-05-03,0.0,0.016666666666666666,0.37500000000000006,,,,0.0,0.1679999977350235,,,0.9553611933556039, LOOP_VICTORIA_1 [ VICTORIA: 138.1 KV - L_463S: 138 KV ] CONT:SFURORI8
WHITE_PT:1KV-WHITE_PT:138KV|SANGNAI5,0,1,0,,0.0,3051.716796875,5707.209891241044,1,2026-05-14,0.0,0.016666666666666666,0.37500000000000006,,,,0.0,5707.209891241044,,,0.9553611933556039,WHITE_PT_T3L [WHITE_PT: 1 KV -WHITE_PT: 138 KV ] CONT:SANGNAI5
FPP138:138KV-LAGRAN:138KV|SWE2GLI8,0,1,0,,0.0,17.604999542236328,17.604999542236328,1,2026-05-11,0.0,0.016666666666666666,0.37500000000000006,,,,0.0,17.604999542236328,,,0.9553611933556039, 169T263_1 [ FPP138: 138 KV - LAGRAN: 138 KV ] CONT:SWE2GLI8
KATOEN:345KV-LON_HILL:345KV|STANPAW5,0,1,0,,0.0,0.13899999856948853,0.13899999856948853,1,2026-05-01,0.0,0.016666666666666666,0.37500000000000006,,,,0.0,0.13899999856948853,,,0.9553611933556039, KATOEN_LON_HI1_1 [ KATOEN: 345 KV - LON_HILL: 345 KV ] CONT:STANPAW5
KENDAL:138KV-WELFAR:138KV|DCAGCO58,0,1,0,,0.0,112.99307250976562,136.97066116333008,1,2026-06-02,0.0,0.016666666666666666,0.37500000000000006,,,,0.0,136.97066116333008,,,0.9553611933556039,584T584_1 [KENDAL: 138 KV -WELFAR: 138 KV ] CONT:DCAGCO58
KENEDSW:138KV-KARNESCI:138KV|SE4BIG8,0,1,0,,0.0,3.2829999923706055,3.2829999923706055,1,2026-05-02,0.0,0.016666666666666666,0.37500000000000006,,,,0.0,3.2829999923706055,,,0.9553611933556039, KARNES_KENEDS1_1 [ KENEDSW: 138 KV - KARNESCI: 138 KV ] CONT:SE4BIG8
RACHAL:138KV-FALFUR:138KV|SLAQLOB8,0,1,0,,0.0,8.79699993133545,8.79699993133545,1,2026-05-20,0.0,0.016666666666666666,0.37500000000000006,,,,0.0,8.79699993133545,,,0.9553611933556039, FALFUR_RACHAL1_1 [ RACHAL: 138 KV - FALFUR: 138 KV ] CONT:SLAQLOB8
RAYBURN:138KV-L_463S:138KV|SFORRAY8,0,1,0,,0.0,29.452404022216797,43.02001225948334,1,2026-05-09,0.0,0.016666666666666666,0.37500000000000006,,,,0.0,43.02001225948334,,,0.9553611933556039, RAY_L_46_1 [ RAYBURN: 138 KV - L_463S: 138 KV ] CONT:SFORRAY8
RAYBURN:138KV-L_463S:138KV|UCOLCOL1,0,1,0,,0.0,31.507335662841797,52.001131534576416,1,2026-05-06,0.0,0.016666666666666666,0.37500000000000006,,,,0.0,52.001131534576416,,,0.9553611933556039,RAY_L_46_1 [RAYBURN: 138 KV -L_463S: 138 KV ] CONT:UCOLCOL1
RAYBURN:69KV-HIGHLAS:69KV|SP_LNCA9,0,1,0,,0.0,1.2760000228881836,1.2760000228881836,1,2026-05-10,0.0,0.016666666666666666,0.37500000000000006,,,,0.0,1.2760000228881836,,,0.9553611933556039, RAY_HIGH_1 [ RAYBURN: 69 KV - HIGHLAS: 69 KV ] CONT:SP_LNCA9
TWINBU:138KV-HARGROVE:138KV|MLNGPR25,0,1,0,,0.0,36.707000732421875,128.05300116539001,1,2026-05-13,0.0,0.016666666666666666,0.37500000000000006,,,,0.0,128.05300116539001,,,0.9553611933556039, HARGRO_TWINBU1_1 [ TWINBU: 138 KV - HARGROVE: 138 KV ] CONT:MLNGPR25
VICTORIA:138.1KV-L_463S:138KV|DVICEDN8,0,1,0,,0.0,0.11900000274181366,0.11900000274181366,1,2026-06-20,0.0,0.016666666666666666,0.37500000000000006,,,,0.0,0.11900000274181366,,,0.9553611933556039, LOOP_VICTORIA_1 [ VICTORIA: 138.1 KV - L_463S: 138 KV ] CONT:DVICEDN8
WFSSW:138KV-NSTAR:138KV|SBOMJC25,0,1,0,,0.0,354.48297119140625,796.4682960510254,1,2026-05-19,0.0,0.016666666666666666,0.37500000000000006,,,,0.0,796.4682960510254,,,0.9553611933556039, 6085__E [ WFSSW: 138 KV - NSTAR: 138 KV ] CONT:SBOMJC25
FW:138KV-WEB:138KV|SAEDAB8,0,1,0,,0.0,5.209832668304443,7.14543354511261,1,2026-05-14,0.0,0.016666666666666666,0.37500000000000006,,,,0.0,7.14543354511261,,,0.9553611933556039,FW_WEB04      @WEB||LN||FW_WEB04||A [FW: 138 KV -WEB: 138 KV ] CONT:SAEDAB8
GABRIE:69KV-GABRIE:138KV|DSALGA58,0,1,0,,0.0,129.11700439453125,129.11700439453125,1,2026-06-05,0.0,0.016666666666666666,0.37500000000000006,,,,0.0,129.11700439453125,,,0.9553611933556039, GABRIE_9AT1 [ GABRIE: 69 KV - GABRIE: 138 KV ] CONT:DSALGA58
WOLFCAMP:138KV-SANTARIT:138KV|DSGTSCH5,0,1,0,,0.0,45.53901290893555,45.53901290893555,1,2026-05-09,0.0,0.016666666666666666,0.37500000000000006,,,,0.0,45.53901290893555,,,0.9553611933556039,SANTAR_WOLFCA1_1 [WOLFCAMP: 138 KV -SANTARIT: 138 KV ] CONT:DSGTSCH5
YELWJCKT:138KV-FORTMA:138KV|DKLNRGP5,0,1,0,,0.0,26.808000564575195,96.7000002861023,1,2026-05-12,0.0,0.016666666666666666,0.37500000000000006,,,,0.0,96.7000002861023,,,0.9553611933556039, FORTMA_YELWJC1_1 [ YELWJCKT: 138 KV - FORTMA: 138 KV ] CONT:DKLNRGP5
ALICE:69KV-ALICE:138KV|DWELONL8,0,1,0,,0.0,1.11899995803833,1.7779999673366547,1,2026-05-03,0.0,0.016666666666666666,0.37500000000000006,,,,0.0,1.7779999673366547,,,0.9553611933556039, ALICE_69A1 [ ALICE: 69 KV - ALICE: 138 KV ] CONT:DWELONL8
SEADRFTC:138KV-MELONCRE:138KV|DSTPSTA5,0,1,0,,0.0,14.29800033569336,14.29800033569336,1,2026-06-04,0.0,0.016666666666666666,0.37500000000000006,,,,0.0,14.29800033569336,,,0.9553611933556039, MELONC_SEADRF1_1 [ SEADRFTC: 138 KV - MELONCRE: 138 KV ] CONT:DSTPSTA5
SEADRFTC:138KV-MELONCRE:138KV|SANGSTA5,0,1,0,,0.0,1.2230000495910645,1.2230000495910645,1,2026-06-02,0.0,0.016666666666666666,0.37500000000000006,,,,0.0,1.2230000495910645,,,0.9553611933556039, MELONC_SEADRF1_1 [ SEADRFTC: 138 KV - MELONCRE: 138 KV ] CONT:SANGSTA5
SHBSW:345KV-SHBSW:138KV|DELKDOR5,0,1,0,,0.0,2.5889999866485596,4.226999998092651,1,2026-05-02,0.0,0.016666666666666666,0.37500000000000006,,,,0.0,4.226999998092651,,,0.9553611933556039, SHBSW_FMR1 [ SHBSW: 345 KV - SHBSW: 138 KV ] CONT:DELKDOR5
SHRSW:138KV-PRKRW:138KV|DCDHTVW5,0,1,0,,0.0,5.136000156402588,5.136000156402588,1,2026-05-04,0.0,0.016666666666666666,0.37500000000000006,,,,0.0,5.136000156402588,,,0.9553611933556039, 6200__D [ SHRSW: 138 KV - PRKRW: 138 KV ] CONT:DCDHTVW5
GRAHM:69KV-OLNEY:69KV|SOLNRIC8,0,1,0,,0.0,5.513000011444092,5.513000011444092,1,2026-05-19,0.0,0.016666666666666666,0.37500000000000006,,,,0.0,5.513000011444092,,,0.9553611933556039, 6830__C [ GRAHM: 69 KV - OLNEY: 69 KV ] CONT:SOLNRIC8
GRAHM:69KV-OLNEY:69KV|XOLN89,0,1,0,,0.0,39.94599914550781,39.94599914550781,1,2026-05-19,0.0,0.016666666666666666,0.37500000000000006,,,,0.0,39.94599914550781,,,0.9553611933556039, 6830__C [ GRAHM: 69 KV - OLNEY: 69 KV ] CONT:XOLN89
ARROZ:138KV-EL_CAMPO:138KV|SWCPYT8,0,1,0,,0.0,6.7220001220703125,20.946000084280968,1,2026-05-01,0.0,0.016666666666666666,0.37500000000000006,,,,0.0,20.946000084280968,,,0.9553611933556039,ARROZ_EL_CAM1 @ARROZ||LN||ARROZ_EL_CAM1||1 [ARROZ: 138 KV -EL_CAMPO: 138 KV ] CONT:SWCPYT8
GRMSW:138.1KV-BRTSW:138KV|DLONPK25,0,1,0,,0.0,190.99200439453125,343.4300079345703,1,2026-05-16,0.0,0.016666666666666666,0.37500000000000006,,,,0.0,343.4300079345703,,,0.9553611933556039, 6376__A [ GRMSW: 138.1 KV - BRTSW: 138 KV ] CONT:DLONPK25
FURHMAN:138KV-RAYBURN:138KV|DELMTEX5,0,1,0,,0.0,6.308159351348877,14.070356011390686,1,2026-05-02,0.0,0.016666666666666666,0.37500000000000006,,,,0.0,14.070356011390686,,,0.9553611933556039,RAYBUR_FURHMAN_1 [FURHMAN: 138 KV -RAYBURN: 138 KV ] CONT:DELMTEX5
FURHMAN:138KV-RAYBURN:138KV|SGALRIC8,0,1,0,,0.0,6.724689960479736,29.850789189338684,1,2026-05-03,0.0,0.016666666666666666,0.37500000000000006,,,,0.0,29.850789189338684,,,0.9553611933556039,RAYBUR_FURHMAN_1 [FURHMAN: 138 KV -RAYBURN: 138 KV ] CONT:SGALRIC8
SOLSTICE:138KV-LINTERNA:138KV|BASE,0,1,0,,0.0,2.631999969482422,10.29199993610382,1,2026-05-16,0.0,0.016666666666666666,0.37500000000000006,,,,0.0,10.29199993610382,,,0.9553611933556039, LINTER_SOLSTI1_1 [ SOLSTICE: 138 KV - LINTERNA: 138 KV ] CONT:BASE CASE
SOLSTICE:345KV-SOLSTICE:138KV|XSO158,0,1,0,,0.0,1.7979999780654907,4.903999954462051,1,2026-05-16,0.0,0.016666666666666666,0.37500000000000006,,,,0.0,4.903999954462051,,,0.9553611933556039, SOLSTICE_T2 [ SOLSTICE: 345 KV - SOLSTICE: 138 KV ] CONT:XSO158
SOLSTICE:345KV-SOLSTICE:138KV|XSOL58,0,1,0,,0.0,2.0209999084472656,3.7029999494552612,1,2026-05-16,0.0,0.016666666666666666,0.37500000000000006,,,,0.0,3.7029999494552612,,,0.9553611933556039, SOLSTICE_T1 [ SOLSTICE: 345 KV - SOLSTICE: 138 KV ] CONT:XSOL58
BITTCR:345KV-SWESW:345KV|SMGSBTR5,0,1,0,,0.0,1.2430000305175781,1.4270000378601253,1,2026-06-18,0.0,0.016666666666666666,0.37500000000000006,,,,0.0,1.4270000378601253,,,0.9553611933556039, 6128__A [ BITTCR: 345 KV - SWESW: 345 KV ] CONT:SMGSBTR5
BLFSW:345KV-TMPCR:345KV|DVENFTS5,0,1,0,,0.0,2.937000036239624,3.0400000363588333,1,2026-05-29,0.0,0.016666666666666666,0.37500000000000006,,,,0.0,3.0400000363588333,,,0.9553611933556039,325           @BLFSW||LN||325||_A [BLFSW: 345 KV -TMPCR: 345 KV ] CONT:DVENFTS5
GRVSW:345KV-GRSES:345KV|DRILKRW5,0,1,0,,0.0,9.866000175476074,17.480000019073486,1,2026-05-12,0.0,0.016666666666666666,0.37500000000000006,,,,0.0,17.480000019073486,,,0.9553611933556039, 35020__B [ GRVSW: 345 KV - GRSES: 345 KV ] CONT:DRILKRW5
GRVSW:345KV-GRSES:345KV|SCOBBOM5,0,1,0,,0.0,6.519999980926514,7.773999929428101,1,2026-05-19,0.0,0.016666666666666666,0.37500000000000006,,,,0.0,7.773999929428101,,,0.9553611933556039, 35020__B [ GRVSW: 345 KV - GRSES: 345 KV ] CONT:SCOBBOM5
GUNSW:138KV-HPPOD:138KV|SGUNBUZ8,0,1,0,,0.0,0.03099999949336052,0.03099999949336052,1,2026-06-09,0.0,0.016666666666666666,0.37500000000000006,,,,0.0,0.03099999949336052,,,0.9553611933556039, 6135__F [ GUNSW: 138 KV - HPPOD: 138 KV ] CONT:SGUNBUZ8
GREENLK:69KV-WEAVERRD:69KV|XVIS84,0,1,0,,0.0,8.109725952148438,8.676415145397186,1,2026-05-02,0.0,0.016666666666666666,0.37500000000000006,,,,0.0,8.676415145397186,,,0.9553611933556039,GREENL_WEAVER1_1 [GREENLK: 69 KV -WEAVERRD: 69 KV ] CONT:XVIS84
GABRIE:69KV-GABRIE:138KV|SJRESA28,0,1,0,,0.0,1733.980712890625,3447.020233154297,1,2026-06-05,0.0,0.016666666666666666,0.37500000000000006,,,,0.0,3447.020233154297,,,0.9553611933556039,GABRIE_AT1 [GABRIE: 69 KV -GABRIE: 138 KV ] CONT:SJRESA28
MILHWY:138KV-SILASRAY:138KV|SSILPRI8,0,1,0,,0.0,0.17599999904632568,0.3129999963566661,1,2026-06-09,0.0,0.016666666666666666,0.37500000000000006,,,,0.0,0.3129999963566661,,,0.9553611933556039, MH_PP_1 [ MILHWY: 138 KV - SILASRAY: 138 KV ] CONT:SSILPRI8
DUNLAP:138KV-DECKER:138KV|DAUSGAR5,0,1,0,,0.0,3.555999994277954,5.414999961853027,1,2026-05-06,0.0,0.016666666666666666,0.37500000000000006,,,,0.0,5.414999961853027,,,0.9553611933556039, CKT_1027_1 [ DUNLAP: 138 KV - DECKER: 138 KV ] CONT:DAUSGAR5
DUNLAP:138KV-DECKER:138KV|DSALHUT5,0,1,0,,0.0,4.703000068664551,8.180999994277954,1,2026-05-13,0.0,0.016666666666666666,0.37500000000000006,,,,0.0,8.180999994277954,,,0.9553611933556039, CKT_1027_1 [ DUNLAP: 138 KV - DECKER: 138 KV ] CONT:DSALHUT5
DUNLAP:138KV-DECKER:138KV|MGARHIC8,0,1,0,,0.0,70.16600036621094,245.07499599456787,1,2026-06-18,0.0,0.016666666666666666,0.37500000000000006,,,,0.0,245.07499599456787,,,0.9553611933556039, CKT_1027_1 [ DUNLAP: 138 KV - DECKER: 138 KV ] CONT:MGARHIC8
ECTP2:138KV-EMPCT:138KV|BASE,0,1,0,,0.0,0.2800000011920929,0.2800000011920929,1,2026-06-09,0.0,0.016666666666666666,0.37500000000000006,,,,0.0,0.2800000011920929,,,0.9553611933556039, 3340__H [ ECTP2: 138 KV - EMPCT: 138 KV ] CONT:BASE CASE
VANBLTSS:69KV-VANBLT69:69KV|DSTPSTA5,0,1,0,,0.0,14.116000175476074,19.75600004196167,1,2026-05-06,0.0,0.016666666666666666,0.37500000000000006,,,,0.0,19.75600004196167,,,0.9553611933556039, VAN_VNDB_1 [ VANBLTSS: 69 KV - VANBLT69: 69 KV ] CONT:DSTPSTA5
YELWJCKT:138KV-FORTMA:138KV|SFORGIL8,0,1,0,,0.0,2.2799999713897705,2.2799999713897705,1,2026-06-23,0.0,0.016666666666666666,0.37500000000000006,,,,0.0,2.2799999713897705,,,0.9553611933556039, FORTMA_YELWJC1_1 [ YELWJCKT: 138 KV - FORTMA: 138 KV ] CONT:SFORGIL8
SOLANUM:138KV-PUTN:138KV|SBIGWL_5,0,1,0,,0.0,0.08100000023841858,0.08100000023841858,1,2026-06-12,0.0,0.016666666666666666,0.37500000000000006,,,,0.0,0.08100000023841858,,,0.9553611933556039, PUTN_SOLANU1_1 [ SOLANUM: 138 KV - PUTN: 138 KV ] CONT:SBIGWL_5
BLESSING:138KV-LOLITA:138KV|DSTPSTA5,0,1,0,,0.0,3.0789999961853027,5.1700000166893005,1,2026-05-13,0.0,0.016666666666666666,0.37500000000000006,,,,0.0,5.1700000166893005,,,0.9553611933556039, BLESSI_LOLITA1_1 [ BLESSING: 138 KV - LOLITA: 138 KV ] CONT:DSTPSTA5
BLESSING:138KV-PAVLOV:138.1KV|DDYNDYN8,0,1,0,,0.0,1.3930000066757202,1.3930000066757202,1,2026-05-07,0.0,0.016666666666666666,0.37500000000000006,,,,0.0,1.3930000066757202,,,0.9553611933556039, BLESSI_PAVLOV1_1 [ BLESSING: 138 KV - PAVLOV: 138.1 KV ] CONT:DDYNDYN8
MIDW:69KV-OZONA:69KV|STI2WES8,0,1,0,,0.0,15.020999908447266,15.020999908447266,1,2026-06-10,0.0,0.016666666666666666,0.37500000000000006,,,,0.0,15.020999908447266,,,0.9553611933556039, MIDW_OZONA1_1 [ MIDW: 69 KV - OZONA: 69 KV ] CONT:STI2WES8
WOLFCAMP:138KV-SANTARIT:138KV|SBIGOR55,0,1,0,,0.0,18.770999908447266,29.647999435663223,1,2026-05-13,0.0,0.016666666666666666,0.37500000000000006,,,,0.0,29.647999435663223,,,0.9553611933556039, SANTAR_WOLFCA1_1 [ WOLFCAMP: 138 KV - SANTARIT: 138 KV ] CONT:SBIGOR55
GARZA:1KV-GARZA:69KV|MNLFIWO8,0,1,0,,0.0,38.65470886230469,44.677708983421326,1,2026-05-05,0.0,0.016666666666666666,0.37500000000000006,,,,0.0,44.677708983421326,,,0.9553611933556039, GARZA_XF1L [ GARZA: 1 KV - GARZA: 69 KV ] CONT:MNLFIWO8
GIBCRK:345KV-SNG:345KV|DMSSZEN5,0,1,0,,0.0,27.206884384155273,122.11370754241943,1,2026-05-07,0.0,0.016666666666666666,0.37500000000000006,,,,0.0,122.11370754241943,,,0.9553611933556039, SNGXGC75_1 [ GIBCRK: 345 KV - SNG: 345 KV ] CONT:DMSSZEN5
GLDSW:138KV-SUNSW:138KV|DSCOTKW5,0,1,0,,0.0,2.5789999961853027,3.4020000100135803,1,2026-05-13,0.0,0.016666666666666666,0.37500000000000006,,,,0.0,3.4020000100135803,,,0.9553611933556039, 6438__A [ GLDSW: 138 KV - SUNSW: 138 KV ] CONT:DSCOTKW5
GARZA:138KV-GARZA:1KV|DCE_RIO5,0,1,0,,0.0,46.41608810424805,89.20080184936523,1,2026-05-05,0.0,0.016666666666666666,0.37500000000000006,,,,0.0,89.20080184936523,,,0.9553611933556039,GARZA TRANSF 1_138_1_H||XF||1_138_1_H||XF1H [GARZA: 138 KV -GARZA: 1 KV ] CONT:DCE_RIO5
BNMSW:138KV-BNMSW:69KV|DCOMGOB8,0,1,0,,0.0,2.4690001010894775,3.3060001134872437,1,2026-05-20,0.0,0.016666666666666666,0.37500000000000006,,,,0.0,3.3060001134872437,,,0.9553611933556039, BNMSW_FMR1 [ BNMSW: 138 KV - BNMSW: 69 KV ] CONT:DCOMGOB8
BNMSW:138KV-BNMSW:69KV|SBONWF28,0,1,0,,0.0,2.4690001010894775,3.3060001134872437,1,2026-05-20,0.0,0.016666666666666666,0.37500000000000006,,,,0.0,3.3060001134872437,,,0.9553611933556039,BNMSW_FMR1 [BNMSW: 138 KV -BNMSW: 69 KV ] CONT:SBONWF28
SEA:138KV-SEA:69KV|SBELFRY8,0,1,0,,0.0,1951.958984375,1951.958984375,1,2026-06-05,0.0,0.016666666666666666,0.37500000000000006,,,,0.0,1951.958984375,,,0.9553611933556039,SEA_AAT1 [SEA: 138 KV -SEA: 69 KV ] CONT:SBELFRY8
MNRVA:69KV-HOBLK:69KV|SANGSDI5,0,1,0,,0.0,15.501999855041504,15.501999855041504,1,2026-06-20,0.0,0.016666666666666666,0.37500000000000006,,,,0.0,15.501999855041504,,,0.9553611933556039, 2340__F [ MNRVA: 69 KV - HOBLK: 69 KV ] CONT:SANGSDI5
MOORE:138KV-DOWNIES:138KV|SDRYUVA8,0,1,0,,0.0,15.776000022888184,31.586999714374542,1,2026-05-02,0.0,0.016666666666666666,0.37500000000000006,,,,0.0,31.586999714374542,,,0.9553611933556039, 2585_1 [ MOORE: 138 KV - DOWNIES: 138 KV ] CONT:SDRYUVA8
MGSES:345KV-CATSW:345KV|MRGRMGS5,0,1,0,,0.0,14.266048431396484,119.29004839062691,1,2026-05-01,0.0,0.016666666666666666,0.37500000000000006,,,,0.0,119.29004839062691,,,0.9553611933556039,6945          @MGSES||LN||6945||_A [MGSES: 345 KV -CATSW: 345 KV ] CONT:MRGRMGS5
GARZA:138KV-GARZA:1KV|DRIZACE5,0,1,0,,0.0,14.678000450134277,14.678000450134277,1,2026-05-05,0.0,0.016666666666666666,0.37500000000000006,,,,0.0,14.678000450134277,,,0.9553611933556039, GARZA_XF1H [ GARZA: 138 KV - GARZA: 1 KV ] CONT:DRIZACE5
FROWS:138KV-MCLSW:138KV|MMCLWLA8,0,1,0,,0.0,182.4459991455078,182.4459991455078,1,2026-06-18,0.0,0.016666666666666666,0.37500000000000006,,,,0.0,182.4459991455078,,,0.9553611933556039, 1025__B [ FROWS: 138 KV - MCLSW: 138 KV ] CONT:MMCLWLA8
ASHERTON:138KV-CATARINA:138KV|DCENFRE5,0,1,0,,0.0,0.5960000157356262,0.5960000157356262,1,2026-05-08,0.0,0.016666666666666666,0.37500000000000006,,,,0.0,0.5960000157356262,,,0.9553611933556039, ASHERT_CATARI1_1 [ ASHERTON: 138 KV - CATARINA: 138 KV ] CONT:DCENFRE5
WHTNY:345KV-WHTNY:1KV|XWH2T58,0,1,0,,0.0,0.753000020980835,0.753000020980835,1,2026-05-20,0.0,0.016666666666666666,0.37500000000000006,,,,0.0,0.753000020980835,,,0.9553611933556039, WHTNY_HT1H [ WHTNY: 345 KV - WHTNY: 1 KV ] CONT:XWH2T58
WHTNY:345KV-WHTNY:1KV|XWHT58,0,1,0,,0.0,0.753000020980835,0.753000020980835,1,2026-05-20,0.0,0.016666666666666666,0.37500000000000006,,,,0.0,0.753000020980835,,,0.9553611933556039, WHTNY_MR2H [ WHTNY: 345 KV - WHTNY: 1 KV ] CONT:XWHT58
BOW:69KV-BOW:138KV|SBWSTOW9,0,1,0,,0.0,13.388999938964844,13.388999938964844,1,2026-06-17,0.0,0.016666666666666666,0.37500000000000006,,,,0.0,13.388999938964844,,,0.9553611933556039, BOW_FMR1 [ BOW: 69 KV - BOW: 138 KV ] CONT:SBWSTOW9
BOW:69KV-BOW:138KV|SMYRWOL8,0,1,0,,0.0,6.1539998054504395,6.1539998054504395,1,2026-06-14,0.0,0.016666666666666666,0.37500000000000006,,,,0.0,6.1539998054504395,,,0.9553611933556039, BOW_FMR1 [ BOW: 69 KV - BOW: 138 KV ] CONT:SMYRWOL8
BRONCO:69KV-ALPINE:69KV|SFTSLEO8,0,1,0,,0.0,0.09099999815225601,0.09099999815225601,1,2026-05-02,0.0,0.016666666666666666,0.37500000000000006,,,,0.0,0.09099999815225601,,,0.9553611933556039, ALPINE_BRONCO1_1 [ BRONCO: 69 KV - ALPINE: 69 KV ] CONT:SFTSLEO8
SAMSW:345KV-TCRSW:345KV|SFBRTHS5,0,1,0,,0.0,1.9670000076293945,1.9670000076293945,1,2026-05-06,0.0,0.016666666666666666,0.37500000000000006,,,,0.0,1.9670000076293945,,,0.9553611933556039,500_B         @SAMSW||LN||500_B||_B [SAMSW: 345 KV -TCRSW: 345 KV ] CONT:SFBRTHS5
SAMSW:345KV-VENSW:345KV|DNAVVEN5,0,1,0,,0.0,0.24500000476837158,0.24500000476837158,1,2026-05-02,0.0,0.016666666666666666,0.37500000000000006,,,,0.0,0.24500000476837158,,,0.9553611933556039, 35055__A [ SAMSW: 345 KV - VENSW: 345 KV ] CONT:DNAVVEN5
SAMSW:345KV-VENSW:345KV|DTPCTHS5,0,1,0,,0.0,4.729000091552734,9.59000027179718,1,2026-05-02,0.0,0.016666666666666666,0.37500000000000006,,,,0.0,9.59000027179718,,,0.9553611933556039, 35055__A [ SAMSW: 345 KV - VENSW: 345 KV ] CONT:DTPCTHS5
SANA:138KV-SANA:69KV|DBRNGOL8,0,1,0,,0.0,0.3880000114440918,0.3880000114440918,1,2026-05-21,0.0,0.016666666666666666,0.37500000000000006,,,,0.0,0.3880000114440918,,,0.9553611933556039, SANA_FMR1 [ SANA: 138 KV - SANA: 69 KV ] CONT:DBRNGOL8
GUNSW:138KV-HWPOD:138KV|MTRYBRO8,0,1,0,,0.0,14.73900032043457,14.73900032043457,1,2026-05-04,0.0,0.016666666666666666,0.37500000000000006,,,,0.0,14.73900032043457,,,0.9553611933556039, 6137__C [ GUNSW: 138 KV - HWPOD: 138 KV ] CONT:MTRYBRO8
ARROZ:138KV-EL_CAMPO:138KV|SEBATH8,0,1,0,,0.0,18.2450008392334,18.2450008392334,1,2026-05-11,0.0,0.016666666666666666,0.37500000000000006,,,,0.0,18.2450008392334,,,0.9553611933556039, ARROZ_EL_CAM1_1 [ ARROZ: 138 KV - EL_CAMPO: 138 KV ] CONT:SEBATH8
ARROZ:138KV-EL_CAMPO:138KV|SNEWGLF8,0,1,0,,0.0,3.5169999599456787,3.5169999599456787,1,2026-05-01,0.0,0.016666666666666666,0.37500000000000006,,,,0.0,3.5169999599456787,,,0.9553611933556039,ARROZ_EL_CAM1 @ARROZ||LN||ARROZ_EL_CAM1||1 [ARROZ: 138 KV -EL_CAMPO: 138 KV ] CONT:SNEWGLF8
WESLACO:138KV-GANDY:138KV|SMV_ALB8,0,1,0,,0.0,4.244999885559082,4.244999885559082,1,2026-05-19,0.0,0.016666666666666666,0.37500000000000006,,,,0.0,4.244999885559082,,,0.9553611933556039, WES_MV_G_1 [ WESLACO: 138 KV - GANDY: 138 KV ] CONT:SMV_ALB8
ASHERTON:138KV-CATARINA:138KV|DAJOSTE5,0,1,0,,0.0,0.18000000715255737,0.18000000715255737,1,2026-06-05,0.0,0.016666666666666666,0.37500000000000006,,,,0.0,0.18000000715255737,,,0.9553611933556039, ASHERT_CATARI1_1 [ ASHERTON: 138 KV - CATARINA: 138 KV ] CONT:DAJOSTE5
HENNE:138KV-MCCALA:138KV|DZORMCC8,0,1,0,,0.0,12.687999725341797,16.007999658584595,1,2026-05-15,0.0,0.016666666666666666,0.37500000000000006,,,,0.0,16.007999658584595,,,0.9553611933556039, 87T233_1 [ HENNE: 138 KV - MCCALA: 138 KV ] CONT:DZORMCC8
HEXT:69KV-YELWJCKT:69KV|DYETRJU8,0,1,0,,0.0,0.6100000143051147,1.562000036239624,1,2026-05-23,0.0,0.016666666666666666,0.37500000000000006,,,,0.0,1.562000036239624,,,0.9553611933556039, HEXT_YELWJC1_1 [ HEXT: 69 KV - YELWJCKT: 69 KV ] CONT:DYETRJU8
HEXT:69KV-YELWJCKT:69KV|SJUNYEL9,0,1,0,,0.0,0.6100000143051147,1.562000036239624,1,2026-05-23,0.0,0.016666666666666666,0.37500000000000006,,,,0.0,1.562000036239624,,,0.9553611933556039, HEXT_YELWJC1_1 [ HEXT: 69 KV - YELWJCKT: 69 KV ] CONT:SJUNYEL9
DILLEYSW:138KV-DILLEYSW:1KV|XDIL89,0,1,0,,0.0,98.8452377319336,98.8452377319336,1,2026-05-09,0.0,0.016666666666666666,0.37500000000000006,,,,0.0,98.8452377319336,,,0.9553611933556039, DILLEYSW_XF1H [ DILLEYSW: 138 KV - DILLEYSW: 1 KV ] CONT:XDIL89
VANBLTSS:69KV-VANBLT69:69KV|SP_LNCA9,0,1,0,,0.0,1.0470000505447388,1.0470000505447388,1,2026-06-17,0.0,0.016666666666666666,0.37500000000000006,,,,0.0,1.0470000505447388,,,0.9553611933556039, VAN_VNDB_1 [ VANBLTSS: 69 KV - VANBLT69: 69 KV ] CONT:SP_LNCA9
VERTREES:138KV-WESLAU:138KV|DPALSTM8,0,1,0,,0.0,14.42300033569336,21.87000024318695,1,2026-06-17,0.0,0.016666666666666666,0.37500000000000006,,,,0.0,21.87000024318695,,,0.9553611933556039,VERTRE_WESLAU1@VERTREES||LN||VERTRE_WESLAU1||1 [VERTREES: 138 KV -WESLAU: 138 KV ] CONT:DPALSTM8
VERTREES:138KV-WESLAU:138KV|DPALXMR5,0,1,0,,0.0,14.42300033569336,20.145000219345093,1,2026-06-17,0.0,0.016666666666666666,0.37500000000000006,,,,0.0,20.145000219345093,,,0.9553611933556039,VERTRE_WESLAU1@VERTREES||LN||VERTRE_WESLAU1||1 [VERTREES: 138 KV -WESLAU: 138 KV ] CONT:DPALXMR5
ARROZ:138KV-EL_CAMPO:138KV|DLC_PG_8,0,1,0,,0.0,3.0269999504089355,4.895999938249588,1,2026-05-01,0.0,0.016666666666666666,0.37500000000000006,,,,0.0,4.895999938249588,,,0.9553611933556039,ARROZ_EL_CAM1 @ARROZ||LN||ARROZ_EL_CAM1||1 [ARROZ: 138 KV -EL_CAMPO: 138 KV ] CONT:DLC_PG_8
GUNSW:138KV-HWPOD:138KV|SHPPVIN8,0,1,0,,0.0,0.03099999949336052,0.03099999949336052,1,2026-06-09,0.0,0.016666666666666666,0.37500000000000006,,,,0.0,0.03099999949336052,,,0.9553611933556039, 6137__C [ GUNSW: 138 KV - HWPOD: 138 KV ] CONT:SHPPVIN8
GUNSW:138KV-HWPOD:138KV|SWHPBND8,0,1,0,,0.0,0.03099999949336052,0.03099999949336052,1,2026-06-09,0.0,0.016666666666666666,0.37500000000000006,,,,0.0,0.03099999949336052,,,0.9553611933556039, 6137__C [ GUNSW: 138 KV - HWPOD: 138 KV ] CONT:SWHPBND8
BLHSW:345KV-AUSTRO:345KV|DSALHUT5,0,1,0,,0.0,72.49871826171875,81.24974727630615,1,2026-05-09,0.0,0.016666666666666666,0.37500000000000006,,,,0.0,81.24974727630615,,,0.9553611933556039, 445__A [ BLHSW: 345 KV - AUSTRO: 345 KV ] CONT:DSALHUT5
SCARBIDE:138KV-TITAN_SU:138KV|MVCRAN89,0,1,0,,0.0,937.6929931640625,4045.2600111961365,1,2026-05-11,0.0,0.016666666666666666,0.37500000000000006,,,,0.0,4045.2600111961365,,,0.9553611933556039, SCARBI_TITAN_1_1 [ SCARBIDE: 138 KV - TITAN_SU: 138 KV ] CONT:MVCRAN89
SCARBIDE:138KV-TITAN_SU:138KV|SMV_RI28,0,1,0,,0.0,0.5870000123977661,0.5870000123977661,1,2026-05-02,0.0,0.016666666666666666,0.37500000000000006,,,,0.0,0.5870000123977661,,,0.9553611933556039, SCARBI_TITAN_1_1 [ SCARBIDE: 138 KV - TITAN_SU: 138 KV ] CONT:SMV_RI28
WHTNY:69KV-WND:69KV|DSAMFBR5,0,1,0,,0.0,1.0679999589920044,1.0679999589920044,1,2026-05-06,0.0,0.016666666666666666,0.37500000000000006,,,,0.0,1.0679999589920044,,,0.9553611933556039, 100027_D_1 [ WHTNY: 69 KV - WND: 69 KV ] CONT:DSAMFBR5
WIRTZ:138KV-BURNET:138KV|DMARMAR8,0,1,0,,0.0,14.920999526977539,73.64999866485596,1,2026-05-07,0.0,0.016666666666666666,0.37500000000000006,,,,0.0,73.64999866485596,,,0.9553611933556039, 33T218_1 [ WIRTZ: 138 KV - BURNET: 138 KV ] CONT:DMARMAR8
HARLNSW:138KV-OLEANDER:138KV|SGULLA_5,0,1,0,,0.0,864.1774291992188,1457.1586446762085,1,2026-05-09,0.0,0.016666666666666666,0.37500000000000006,,,,0.0,1457.1586446762085,,,0.9553611933556039,HARLNS_OLEAND1_1 [HARLNSW: 138 KV -OLEANDER: 138 KV ] CONT:SGULLA_5
HARLNSW:138KV-OLEANDER:138KV|SRIOGUL5,0,1,0,,0.0,87.24015808105469,87.26316141337156,1,2026-05-10,0.0,0.016666666666666666,0.37500000000000006,,,,0.0,87.26316141337156,,,0.9553611933556039,HARLNS_OLEAND1_1 [HARLNSW: 138 KV -OLEANDER: 138 KV ] CONT:SRIOGUL5
HAS:69KV-GUSTINE:69KV|DBUCRGP5,0,1,0,,0.0,2.2119998931884766,2.2119998931884766,1,2026-05-09,0.0,0.016666666666666666,0.37500000000000006,,,,0.0,2.2119998931884766,,,0.9553611933556039, GUS_HAS_1 [ HAS: 69 KV - GUSTINE: 69 KV ] CONT:DBUCRGP5
HAYSEN:345KV-ZORN:345KV|DBERHI58,0,1,0,,0.0,0.20499999821186066,0.610999995842576,1,2026-05-20,0.0,0.016666666666666666,0.37500000000000006,,,,0.0,0.610999995842576,,,0.9553611933556039, 6T227_1 [ HAYSEN: 345 KV - ZORN: 345 KV ] CONT:DBERHI58
FROWS:138KV-MCLSW:138KV|DPVTMP98,0,1,0,,0.0,57.310001373291016,57.310001373291016,1,2026-05-12,0.0,0.016666666666666666,0.37500000000000006,,,,0.0,57.310001373291016,,,0.9553611933556039, 1025__B [ FROWS: 138 KV - MCLSW: 138 KV ] CONT:DPVTMP98
HAYSEN:345KV-ZORN:345KV|DCAGCO58,0,1,0,,0.0,2.441999912261963,2.441999912261963,1,2026-05-29,0.0,0.016666666666666666,0.37500000000000006,,,,0.0,2.441999912261963,,,0.9553611933556039, 6T227_1 [ HAYSEN: 345 KV - ZORN: 345 KV ] CONT:DCAGCO58
HAYSEN:345KV-ZORN:345KV|SHAYBER5,0,1,0,,0.0,0.20499999821186066,0.610999995842576,1,2026-05-20,0.0,0.016666666666666666,0.37500000000000006,,,,0.0,0.610999995842576,,,0.9553611933556039, 6T227_1 [ HAYSEN: 345 KV - ZORN: 345 KV ] CONT:SHAYBER5
SPUR:138KV-SPUR:69KV|SPADPA29,0,1,0,,0.0,5.630000114440918,20.78600013256073,1,2026-06-02,0.0,0.016666666666666666,0.37500000000000006,,,,0.0,20.78600013256073,,,0.9553611933556039, SPUR_69_1 [ SPUR: 138 KV - SPUR: 69 KV ] CONT:SPADPA29
STNSW:69KV-BELLS:69KV|DCOMGOB8,0,1,0,,0.0,1.253999948501587,3.588999882340431,1,2026-05-19,0.0,0.016666666666666666,0.37500000000000006,,,,0.0,3.588999882340431,,,0.9553611933556039, 1940__C [ STNSW: 69 KV - BELLS: 69 KV ] CONT:DCOMGOB8
SANA:138KV-SANA:69KV|SSCHHIC5,0,1,0,,0.0,0.1379999965429306,0.1379999965429306,1,2026-05-21,0.0,0.016666666666666666,0.37500000000000006,,,,0.0,0.1379999965429306,,,0.9553611933556039, SANA_FMR1 [ SANA: 138 KV - SANA: 69 KV ] CONT:SSCHHIC5
SANA:69KV-SANA:138KV|SCOLBAL8,0,1,0,,0.0,2.186000108718872,2.186000108718872,1,2026-06-04,0.0,0.016666666666666666,0.37500000000000006,,,,0.0,2.186000108718872,,,0.9553611933556039,SANA     TRANSF XFMR1||XF|| XFMR1||FMR1 [SANA: 69 KV -SANA: 138 KV ] CONT:SCOLBAL8
BOMSW:345KV-GRVSW:345KV|DRILKRW5,0,1,0,,0.0,6.901000022888184,6.901000022888184,1,2026-05-12,0.0,0.016666666666666666,0.37500000000000006,,,,0.0,6.901000022888184,,,0.9553611933556039, 6015__A [ BOMSW: 345 KV - GRVSW: 345 KV ] CONT:DRILKRW5
FTST:138KV-LEONCRK:138KV|STNFTAR8,0,1,0,,0.0,6.771077632904053,8.70036268234253,1,2026-05-08,0.0,0.016666666666666666,0.37500000000000006,,,,0.0,8.70036268234253,,,0.9553611933556039,138_FTS_LNC_1 [FTST: 138 KV -LEONCRK: 138 KV ] CONT:STNFTAR8
HAYSEN:345KV-ZORN:345KV|SHAYZOR5,0,1,0,,0.0,2.0980000495910645,8.062000006437302,1,2026-06-10,0.0,0.016666666666666666,0.37500000000000006,,,,0.0,8.062000006437302,,,0.9553611933556039, 388T388_1 [ HAYSEN: 345 KV - ZORN: 345 KV ] CONT:SHAYZOR5
HCKSW:138KV-WGROB:138KV|DDENBCP8,0,1,0,,0.0,11.114999771118164,16.9399995803833,1,2026-06-23,0.0,0.016666666666666666,0.37500000000000006,,,,0.0,16.9399995803833,,,0.9553611933556039, 6270__D [ HCKSW: 138 KV - WGROB: 138 KV ] CONT:DDENBCP8
HEC:138.1KV-NEDIN:138.1KV|DDUKCLO8,0,1,0,,0.0,0.003000000026077032,0.005000000121071935,1,2026-06-04,0.0,0.016666666666666666,0.37500000000000006,,,,0.0,0.005000000121071935,,,0.9553611933556039, HEC_NEDIN1_1 [ HEC: 138.1 KV - NEDIN: 138.1 KV ] CONT:DDUKCLO8
HAYSEN:345KV-ZORN:345KV|DBERRI58,0,1,0,,0.0,0.20499999821186066,0.610999995842576,1,2026-05-20,0.0,0.016666666666666666,0.37500000000000006,,,,0.0,0.610999995842576,,,0.9553611933556039, 6T227_1 [ HAYSEN: 345 KV - ZORN: 345 KV ] CONT:DBERRI58
ESKSW:69KV-TRNT:69KV|DSGTSCH5,0,1,0,,0.0,0.6420000195503235,0.6420000195503235,1,2026-05-30,0.0,0.016666666666666666,0.37500000000000006,,,,0.0,0.6420000195503235,,,0.9553611933556039, ESKSW_TRNT1_1 [ ESKSW: 69 KV - TRNT: 69 KV ] CONT:DSGTSCH5
NLARSW:138KV-PILONCIL:138KV|SN_SAJO5,0,1,0,,0.0,0.7889999747276306,2.3109999895095825,1,2026-06-21,0.0,0.016666666666666666,0.37500000000000006,,,,0.0,2.3109999895095825,,,0.9553611933556039, NLARSW_PILONC1_1 [ NLARSW: 138 KV - PILONCIL: 138 KV ] CONT:SN_SAJO5
TRNT:69KV-MKLT:69KV|DRILTES5,0,1,0,,0.0,0.2409999966621399,0.2409999966621399,1,2026-06-17,0.0,0.016666666666666666,0.37500000000000006,,,,0.0,0.2409999966621399,,,0.9553611933556039, MKLT_TRNT1_1 [ TRNT: 69 KV - MKLT: 69 KV ] CONT:DRILTES5
TRNT:69KV-MKLT:69KV|DTECPA85,0,1,0,,0.0,41.02899932861328,41.02899932861328,1,2026-05-04,0.0,0.016666666666666666,0.37500000000000006,,,,0.0,41.02899932861328,,,0.9553611933556039, MKLT_TRNT1_1 [ TRNT: 69 KV - MKLT: 69 KV ] CONT:DTECPA85
TRNT:69KV-MKLT:69KV|DTKWDRD5,0,1,0,,0.0,22.759000778198242,30.022000789642334,1,2026-06-17,0.0,0.016666666666666666,0.37500000000000006,,,,0.0,30.022000789642334,,,0.9553611933556039, MKLT_TRNT1_1 [ TRNT: 69 KV - MKLT: 69 KV ] CONT:DTKWDRD5
TRNT:69KV-MKLT:69KV|MDARSRE5,0,1,0,,0.0,9.157999992370605,9.157999992370605,1,2026-06-08,0.0,0.016666666666666666,0.37500000000000006,,,,0.0,9.157999992370605,,,0.9553611933556039, MKLT_TRNT1_1 [ TRNT: 69 KV - MKLT: 69 KV ] CONT:MDARSRE5
TRNT:69KV-MKLT:69KV|MDRSAHE5,0,1,0,,0.0,12.748000144958496,12.748000144958496,1,2026-05-30,0.0,0.016666666666666666,0.37500000000000006,,,,0.0,12.748000144958496,,,0.9553611933556039, MKLT_TRNT1_1 [ TRNT: 69 KV - MKLT: 69 KV ] CONT:MDRSAHE5
TRNT:69KV-MKLT:69KV|SANSABN9,0,1,0,,0.0,0.3799999952316284,0.3799999952316284,1,2026-05-04,0.0,0.016666666666666666,0.37500000000000006,,,,0.0,0.3799999952316284,,,0.9553611933556039, MKLT_TRNT1_1 [ TRNT: 69 KV - MKLT: 69 KV ] CONT:SANSABN9
TRNT:69KV-MKLT:69KV|SANSRAD9,0,1,0,,0.0,3.36299991607666,3.36299991607666,1,2026-06-10,0.0,0.016666666666666666,0.37500000000000006,,,,0.0,3.36299991607666,,,0.9553611933556039, MKLT_TRNT1_1 [ TRNT: 69 KV - MKLT: 69 KV ] CONT:SANSRAD9
TRNT:69KV-MKLT:69KV|SOAKNIC8,0,1,0,,0.0,14.076000213623047,14.076000213623047,1,2026-05-05,0.0,0.016666666666666666,0.37500000000000006,,,,0.0,14.076000213623047,,,0.9553611933556039, MKLT_TRNT1_1 [ TRNT: 69 KV - MKLT: 69 KV ] CONT:SOAKNIC8
BELCNTY:69KV-BELCNTY:138KV|DFRYBC58,0,1,0,,0.0,169.9250030517578,428.6338996887207,1,2026-06-05,0.0,0.016666666666666666,0.37500000000000006,,,,0.0,428.6338996887207,,,0.9553611933556039,BELCNTY TRANSF 138_69_1||XF||138_69_1||XFMR [BELCNTY: 69 KV -BELCNTY: 138 KV ] CONT:DFRYBC58
MILHWY:138KV-SILASRAY:138KV|DL_FBR89,0,1,0,,0.0,0.6930000185966492,2.0390000343322754,1,2026-05-10,0.0,0.016666666666666666,0.37500000000000006,,,,0.0,2.0390000343322754,,,0.9553611933556039, MH_PP_1 [ MILHWY: 138 KV - SILASRAY: 138 KV ] CONT:DL_FBR89
NEWMAN:138KV-WALNUT1:138KV|SFIRWY28,0,1,0,,0.0,49.22999954223633,54.94099950790405,1,2026-05-05,0.0,0.016666666666666666,0.37500000000000006,,,,0.0,54.94099950790405,,,0.9553611933556039, NEWM_WAL_1 [ NEWMAN: 138 KV - WALNUT1: 138 KV ] CONT:SFIRWY28
NIXON:69KV-NIXON:138KV|SHELKEN8,0,1,0,,0.0,37.90800094604492,48.83700052043423,1,2026-05-26,0.0,0.016666666666666666,0.37500000000000006,,,,0.0,48.83700052043423,,,0.9553611933556039, NIXON_AT1 [ NIXON: 69 KV - NIXON: 138 KV ] CONT:SHELKEN8
CUERO:138KV-THOMASTN:138KV|DELMSAN5,0,1,0,,0.0,0.44999998807907104,0.8979999870061874,1,2026-06-17,0.0,0.016666666666666666,0.37500000000000006,,,,0.0,0.8979999870061874,,,0.9553611933556039, CUELCA_THOMAS1_1 [ CUERO: 138 KV - THOMASTN: 138 KV ] CONT:DELMSAN5
LONSW:345KV-PKRSW:345KV|DJCKHND5,0,1,0,,0.0,82.89268493652344,144.3727650642395,1,2026-05-19,0.0,0.016666666666666666,0.37500000000000006,,,,0.0,144.3727650642395,,,0.9553611933556039,6041__B [LONSW: 345 KV -PKRSW: 345 KV ] CONT:DJCKHND5
COTULAS:69KV-BIGWELS:69KV|SBIGASH8,0,1,0,,0.0,2.2799999713897705,2.2799999713897705,1,2026-05-27,0.0,0.016666666666666666,0.37500000000000006,,,,0.0,2.2799999713897705,,,0.9553611933556039, BIG_COTU_1 [ COTULAS: 69 KV - BIGWELS: 69 KV ] CONT:SBIGASH8
N_SHARPE:138KV-CELANEBI:138.1KV|DLOFOAV5,0,1,0,,0.0,0.020999999716877937,0.020999999716877937,1,2026-06-02,0.0,0.016666666666666666,0.37500000000000006,,,,0.0,0.020999999716877937,,,0.9553611933556039, CELANE_N_SHAR1_1 [ N_SHARPE: 138 KV - CELANEBI: 138.1 KV ] CONT:DLOFOAV5
N_SHARPE:138KV-CELANEBI:138.1KV|XLO2N58,0,1,0,,0.0,1.7419999837875366,2.9329999685287476,1,2026-05-06,0.0,0.016666666666666666,0.37500000000000006,,,,0.0,2.9329999685287476,,,0.9553611933556039, CELANE_N_SHAR1_1 [ N_SHARPE: 138 KV - CELANEBI: 138.1 KV ] CONT:XLO2N58
NUECES_B:138KV-WHITE_PT:138KV|SN_SLON5,0,1,0,,0.0,15.324999809265137,15.324999809265137,1,2026-06-18,0.0,0.016666666666666666,0.37500000000000006,,,,0.0,15.324999809265137,,,0.9553611933556039, NUECES_WHITE_2_1 [ NUECES_B: 138 KV - WHITE_PT: 138 KV ] CONT:SN_SLON5
CROSSTRL:69KV-WKN_BKR:69KV|BASE,0,1,0,,0.0,34.10100173950195,34.10100173950195,1,2026-05-22,0.0,0.016666666666666666,0.37500000000000006,,,,0.0,34.10100173950195,,,0.9553611933556039, CROSSTRL_TL_1 [ CROSSTRL: 69 KV - WKN_BKR: 69 KV ] CONT:BASE CASE
CRTRVLLE:138KV-HILGR:138KV|SW_BLNG5,0,1,0,,0.0,51.90413284301758,365.0400817543268,1,2026-05-14,0.0,0.016666666666666666,0.37500000000000006,,,,0.0,365.0400817543268,,,0.9553611933556039,16050_B       @CRTRVLLE||LN||16050_B||_B [CRTRVLLE: 138 KV -HILGR: 138 KV ] CONT:SW_BLNG5
CTECBU:69KV-SANDMO:69KV|SFAICOR8,0,1,0,,0.0,59.70800018310547,135.13800048828125,1,2026-05-04,0.0,0.016666666666666666,0.37500000000000006,,,,0.0,135.13800048828125,,,0.9553611933556039, 34T267_1 [ CTECBU: 69 KV - SANDMO: 69 KV ] CONT:SFAICOR8
BELCNTY:69KV-BELCNTY:138KV|SBELFRY8,0,1,0,,0.0,169.927001953125,262.9610023498535,1,2026-06-05,0.0,0.016666666666666666,0.37500000000000006,,,,0.0,262.9610023498535,,,0.9553611933556039, BELCNTY_XFMR [ BELCNTY: 69 KV - BELCNTY: 138 KV ] CONT:SBELFRY8
CORONA:69KV-CORONA:138KV|DFERWIR8,0,1,0,,0.0,0.3709999918937683,0.3709999918937683,1,2026-05-11,0.0,0.016666666666666666,0.37500000000000006,,,,0.0,0.3709999918937683,,,0.9553611933556039, CORONA_AT4 [ CORONA: 69 KV - CORONA: 138 KV ] CONT:DFERWIR8
ORNGROV:69KV-SNDIEGS:69KV|SORNLON8,0,1,0,,0.0,23.628225326538086,23.628225326538086,1,2026-05-14,0.0,0.016666666666666666,0.37500000000000006,,,,0.0,23.628225326538086,,,0.9553611933556039, SND_ORAN_1 [ ORNGROV: 69 KV - SNDIEGS: 69 KV ] CONT:SORNLON8
OZONA:69KV-MIDW:69KV|SBGLTWI8,0,1,0,,0.0,7.953000068664551,7.953000068664551,1,2026-05-11,0.0,0.016666666666666666,0.37500000000000006,,,,0.0,7.953000068664551,,,0.9553611933556039, MIDW_OZONA1_1 [ OZONA: 69 KV - MIDW: 69 KV ] CONT:SBGLTWI8
BALLINGE:69KV-HUMBLTAP:69KV|DBRNCMN8,0,1,0,,0.0,235.7899932861328,829.4119794666767,1,2026-05-21,0.0,0.016666666666666666,0.37500000000000006,,,,0.0,829.4119794666767,,,0.9553611933556039, BALLIN_HUMBLT1_1 [ BALLINGE: 69 KV - HUMBLTAP: 69 KV ] CONT:DBRNCMN8
LFKSW:1KV-LFKSW:138KV|XNCD58,0,1,0,,0.0,0.609000027179718,1.2770000286400318,1,2026-06-18,0.0,0.016666666666666666,0.37500000000000006,,,,0.0,1.2770000286400318,,,0.9553611933556039, LFKSW_MR1L [ LFKSW: 1 KV - LFKSW: 138 KV ] CONT:XNCD58
LFKSW:345KV-LFKSW:1KV|XNCD58,0,1,0,,0.0,0.609000027179718,1.2770000286400318,1,2026-06-18,0.0,0.016666666666666666,0.37500000000000006,,,,0.0,1.2770000286400318,,,0.9553611933556039, LFKSW_MR1H [ LFKSW: 345 KV - LFKSW: 1 KV ] CONT:XNCD58
LNGSW:345KV-PRLSW:345KV|MLNGCAT5,0,1,0,,0.0,1.1080000400543213,1.1080000400543213,1,2026-05-16,0.0,0.016666666666666666,0.37500000000000006,,,,0.0,1.1080000400543213,,,0.9553611933556039, 6965__A [ LNGSW: 345 KV - PRLSW: 345 KV ] CONT:MLNGCAT5
OAKC:138KV-OAKC:138.1KV|MXMUB58,0,1,0,,0.0,1.6339999437332153,2.2329999208450317,1,2026-05-07,0.0,0.016666666666666666,0.37500000000000006,,,,0.0,2.2329999208450317,,,0.9553611933556039, OAKC_SERDEV1_1 [ OAKC: 138 KV - OAKC: 138.1 KV ] CONT:MXMUB58
ODEHV:138KV-RTRSW:138KV|DWLFMET5,0,1,0,,0.0,7.418497562408447,16.050414085388184,1,2026-06-09,0.0,0.016666666666666666,0.37500000000000006,,,,0.0,16.050414085388184,,,0.9553611933556039,6525          @ODEHV||LN||6525||_A [ODEHV: 138 KV -RTRSW: 138 KV ] CONT:DWLFMET5
ODESA:138KV-ODNTH:138KV|DBAKSOL5,0,1,0,,0.0,120.1719970703125,159.05799770355225,1,2026-05-04,0.0,0.016666666666666666,0.37500000000000006,,,,0.0,159.05799770355225,,,0.9553611933556039, 6513__A [ ODESA: 138 KV - ODNTH: 138 KV ] CONT:DBAKSOL5
ODESA:138KV-ODNTH:138KV|SMDLMOS5,0,1,0,,0.0,135.0749969482422,344.7909963130951,1,2026-05-04,0.0,0.016666666666666666,0.37500000000000006,,,,0.0,344.7909963130951,,,0.9553611933556039, 6513__A [ ODESA: 138 KV - ODNTH: 138 KV ] CONT:SMDLMOS5
ESKSW:69KV-TRNT:69KV|DRILTES5,0,1,0,,0.0,44.12799835205078,44.12799835205078,1,2026-05-30,0.0,0.016666666666666666,0.37500000000000006,,,,0.0,44.12799835205078,,,0.9553611933556039, 6585__A [ ESKSW: 69 KV - TRNT: 69 KV ] CONT:DRILTES5
CORONA:69KV-CORONA:138KV|DMARMAR8,0,1,0,,0.0,7.4710001945495605,7.4710001945495605,1,2026-05-05,0.0,0.016666666666666666,0.37500000000000006,,,,0.0,7.4710001945495605,,,0.9553611933556039, CORONA_AT4 [ CORONA: 69 KV - CORONA: 138 KV ] CONT:DMARMAR8
CORONA:69KV-CORONA:138KV|SSANPIT8,0,1,0,,0.0,19.466999053955078,30.3569992557168,1,2026-05-02,0.0,0.016666666666666666,0.37500000000000006,,,,0.0,30.3569992557168,,,0.9553611933556039, CORONA_AT4 [ CORONA: 69 KV - CORONA: 138 KV ] CONT:SSANPIT8
LON_HILL:69KV-WWKS_TAP:69KV|DLOBCEN5,0,1,0,,0.0,30.028902053833008,30.06765705347061,1,2026-05-05,0.0,0.016666666666666666,0.37500000000000006,,,,0.0,30.06765705347061,,,0.9553611933556039,LON_HI_WWKS_T1_1 [LON_HILL: 69 KV -WWKS_TAP: 69 KV ] CONT:DLOBCEN5
VICTORIA:138.1KV-MAGRUDER:138KV|SFPPFAY8,0,1,0,,0.0,0.6510000228881836,1.0460000336170197,1,2026-05-06,0.0,0.016666666666666666,0.37500000000000006,,,,0.0,1.0460000336170197,,,0.9553611933556039, MAGRUD_VICTOR2_1 [ VICTORIA: 138.1 KV - MAGRUDER: 138 KV ] CONT:SFPPFAY8
VICTORIA:138.1KV-MAGRUDER:138KV|SGRIRAP5,0,1,0,,0.0,2.378000020980835,3.793000042438507,1,2026-05-30,0.0,0.016666666666666666,0.37500000000000006,,,,0.0,3.793000042438507,,,0.9553611933556039, MAGRUD_VICTOR2_1 [ VICTORIA: 138.1 KV - MAGRUDER: 138 KV ] CONT:SGRIRAP5
VICTORIA:69KV-OCONNOR:69KV|SGRIRAP5,0,1,0,,0.0,25.177000045776367,25.177000045776367,1,2026-06-04,0.0,0.016666666666666666,0.37500000000000006,,,,0.0,25.177000045776367,,,0.9553611933556039, REFUG_VICTO_1C_1 [ VICTORIA: 69 KV - OCONNOR: 69 KV ] CONT:SGRIRAP5
ESKSW:69KV-TRNT:69KV|DAMOBOW5,0,1,0,,0.0,8.4399995803833,8.4399995803833,1,2026-05-14,0.0,0.016666666666666666,0.37500000000000006,,,,0.0,8.4399995803833,,,0.9553611933556039, ESKSW_TRNT1_1 [ ESKSW: 69 KV - TRNT: 69 KV ] CONT:DAMOBOW5
ESKSW:69KV-TRNT:69KV|DBIGKEN5,0,1,0,,0.0,1.774999976158142,1.774999976158142,1,2026-05-04,0.0,0.016666666666666666,0.37500000000000006,,,,0.0,1.774999976158142,,,0.9553611933556039, 6585__A [ ESKSW: 69 KV - TRNT: 69 KV ] CONT:DBIGKEN5
ESKSW:69KV-TRNT:69KV|DDMTFIG5,0,1,0,,0.0,43.86800003051758,43.86800003051758,1,2026-05-04,0.0,0.016666666666666666,0.37500000000000006,,,,0.0,43.86800003051758,,,0.9553611933556039, ESKSW_TRNT1_1 [ ESKSW: 69 KV - TRNT: 69 KV ] CONT:DDMTFIG5
ESKSW:69KV-TRNT:69KV|DJIMSAL5,0,1,0,,0.0,43.40299987792969,43.40299987792969,1,2026-05-14,0.0,0.016666666666666666,0.37500000000000006,,,,0.0,43.40299987792969,,,0.9553611933556039, ESKSW_TRNT1_1 [ ESKSW: 69 KV - TRNT: 69 KV ] CONT:DJIMSAL5
ESKSW:69KV-TRNT:69KV|DREALAT5,0,1,0,,0.0,56.25,56.25,1,2026-05-14,0.0,0.016666666666666666,0.37500000000000006,,,,0.0,56.25,,,0.9553611933556039, ESKSW_TRNT1_1 [ ESKSW: 69 KV - TRNT: 69 KV ] CONT:DREALAT5
CTR:345KV-PHR:345KV|XCB3Y58,0,1,0,,0.0,0.47600001096725464,0.47600001096725464,1,2026-06-23,0.0,0.016666666666666666,0.37500000000000006,,,,0.0,0.47600001096725464,,,0.9553611933556039, CTRPHR97_A [ CTR: 345 KV - PHR: 345 KV ] CONT:XCB3Y58
WOLFRIDG:138KV-MUENSTER:138KV|DJACALV8,0,1,0,,0.0,0.4699999988079071,0.4699999988079071,1,2026-06-10,0.0,0.016666666666666666,0.37500000000000006,,,,0.0,0.4699999988079071,,,0.9553611933556039, MNSTR_WLFRDG_1 [ WOLFRIDG: 138 KV - MUENSTER: 138 KV ] CONT:DJACALV8
YELWJCKT:138KV-FORTMA:138KV|DSALHUT5,0,1,0,,0.0,12.680999755859375,49.37699989974499,1,2026-05-11,0.0,0.016666666666666666,0.37500000000000006,,,,0.0,49.37699989974499,,,0.9553611933556039, FORTMA_YELWJC1_1 [ YELWJCKT: 138 KV - FORTMA: 138 KV ] CONT:DSALHUT5
WTHSW:138KV-AGNESSW:138KV|DCMBCPS8,0,1,0,,0.0,86.81800079345703,86.81800079345703,1,2026-05-05,0.0,0.016666666666666666,0.37500000000000006,,,,0.0,86.81800079345703,,,0.9553611933556039, AGN_WTH_1 [ WTHSW: 138 KV - AGNESSW: 138 KV ] CONT:DCMBCPS8
WTHSW:138KV-AGNESSW:138KV|XCMB58,0,1,0,,0.0,56.52000045776367,185.84900283813477,1,2026-05-05,0.0,0.016666666666666666,0.37500000000000006,,,,0.0,185.84900283813477,,,0.9553611933556039, AGN_WTH_1 [ WTHSW: 138 KV - AGNESSW: 138 KV ] CONT:XCMB58
ZORN:345KV-CLEASP:345KV|DJOHMAR5,0,1,0,,0.0,34.53961181640625,85.12472748756409,1,2026-05-06,0.0,0.016666666666666666,0.37500000000000006,,,,0.0,85.12472748756409,,,0.9553611933556039, 4T250_1 [ ZORN: 345 KV - CLEASP: 345 KV ] CONT:DJOHMAR5
SNDSW:345KV-SNDSW:1KV|SMNRSND8,0,1,0,,0.0,4.205999851226807,4.205999851226807,1,2026-05-10,0.0,0.016666666666666666,0.37500000000000006,,,,0.0,4.205999851226807,,,0.9553611933556039, SNDSW_MR2H [ SNDSW: 345 KV - SNDSW: 1 KV ] CONT:SMNRSND8
SNSTP:138KV-PATTSNST:138KV|DBOMGRS8,0,1,0,,0.0,46.96500015258789,46.96500015258789,1,2026-05-12,0.0,0.016666666666666666,0.37500000000000006,,,,0.0,46.96500015258789,,,0.9553611933556039, 6085_D__1 [ SNSTP: 138 KV - PATTSNST: 138 KV ] CONT:DBOMGRS8
SNSTP:138KV-PATTSNST:138KV|DGRSBOW5,0,1,0,,0.0,11.494000434875488,11.494000434875488,1,2026-05-12,0.0,0.016666666666666666,0.37500000000000006,,,,0.0,11.494000434875488,,,0.9553611933556039, 6085_D__1 [ SNSTP: 138 KV - PATTSNST: 138 KV ] CONT:DGRSBOW5
SN:138KV-STR:138KV|MCPRJCK8,0,1,0,,0.0,2.608062505722046,2.608062505722046,1,2026-05-15,0.0,0.016666666666666666,0.37500000000000006,,,,0.0,2.608062505722046,,,0.9553611933556039,SN_STR26_A [SN: 138 KV -STR: 138 KV ] CONT:MCPRJCK8
SNDSW:1KV-SNDSW:138.1KV|MWCRBAU5,0,1,0,,0.0,3.0480000972747803,3.0480000972747803,1,2026-05-10,0.0,0.016666666666666666,0.37500000000000006,,,,0.0,3.0480000972747803,,,0.9553611933556039, SNDSW_MR2L [ SNDSW: 1 KV - SNDSW: 138.1 KV ] CONT:MWCRBAU5
SNDSW:1KV-SNDSW:138.1KV|SMNRSND8,0,1,0,,0.0,4.205999851226807,4.205999851226807,1,2026-05-10,0.0,0.016666666666666666,0.37500000000000006,,,,0.0,4.205999851226807,,,0.9553611933556039, SNDSW_MR2L [ SNDSW: 1 KV - SNDSW: 138.1 KV ] CONT:SMNRSND8
CTHR:138KV-TINSLEY:138KV|SHA2MAX8,0,1,0,,0.0,0.8275942206382751,0.8470158874988556,1,2026-05-22,0.0,0.016666666666666666,0.37500000000000006,,,,0.0,0.8470158874988556,,,0.9553611933556039,CTHR_TINSLE1  @CTHR||LN||CTHR_TINSLE1||1 [CTHR: 138 KV -TINSLEY: 138 KV ] CONT:SHA2MAX8
BLESSING:345KV-BLESSING:138KV|SPAWCAL5,0,1,0,,0.0,52.39726638793945,159.98436999320984,1,2026-05-03,0.0,0.016666666666666666,0.37500000000000006,,,,0.0,159.98436999320984,,,0.9553611933556039,BLESSING_1382 [BLESSING: 345 KV -BLESSING: 138 KV ] CONT:SPAWCAL5
BLESSING:345KV-BLESSING:138KV|SSTPSTA5,0,1,0,,0.0,30.490999221801758,30.490999221801758,1,2026-05-14,0.0,0.016666666666666666,0.37500000000000006,,,,0.0,30.490999221801758,,,0.9553611933556039, BLESSING_1382 [ BLESSING: 345 KV - BLESSING: 138 KV ] CONT:SSTPSTA5
ALMC:69KV-PAIS:69KV|SMARALM9,0,1,0,,0.0,1.7705016136169434,1.7705016136169434,1,2026-05-01,0.0,0.016666666666666666,0.37500000000000006,,,,0.0,1.7705016136169434,,,0.9553611933556039,ALMC_PAIS1    @ALMC||LN|| ALMC_PAIS1||1 [ALMC: 69 KV -PAIS: 69 KV ] CONT:SMARALM9
AE:138KV-STR:138KV|SWCAE8,0,1,0,,0.0,0.29395750164985657,0.29395750164985657,1,2026-05-11,0.0,0.016666666666666666,0.37500000000000006,,,,0.0,0.29395750164985657,,,0.9553611933556039,AE_STR26      @AE||LN||AE_STR26||A [AE: 138 KV -STR: 138 KV ] CONT:SWCAE8
AE:138KV-STR:138KV|SPETSNU8,0,1,0,,0.0,12.445921897888184,12.445921897888184,1,2026-05-14,0.0,0.016666666666666666,0.37500000000000006,,,,0.0,12.445921897888184,,,0.9553611933556039, AE_STR26_A [ AE: 138 KV - STR: 138 KV ] CONT:SPETSNU8
ADK:1KV-ADK:138KV|XTH158,0,1,0,,0.0,2680.1083984375,5576.535003662109,1,2026-05-14,0.0,0.016666666666666666,0.37500000000000006,,,,0.0,5576.535003662109,,,0.9553611933556039,ADK_AT1 [ADK: 1 KV -ADK: 138 KV ] CONT:XTH158
ADERHOLD:138KV-ELSA:138KV|SMV_PHA8,0,1,0,,0.0,1.3200000524520874,1.3200000524520874,1,2026-05-20,0.0,0.016666666666666666,0.37500000000000006,,,,0.0,1.3200000524520874,,,0.9553611933556039, ADERHO_ELSA1_1 [ ADERHOLD: 138 KV - ELSA: 138 KV ] CONT:SMV_PHA8
SNDSW:345KV-SNDSW:1KV|MWCRBAU5,0,1,0,,0.0,3.0480000972747803,3.0480000972747803,1,2026-05-10,0.0,0.016666666666666666,0.37500000000000006,,,,0.0,3.0480000972747803,,,0.9553611933556039, SNDSW_MR1H [ SNDSW: 345 KV - SNDSW: 1 KV ] CONT:MWCRBAU5
MIDW:69KV-OZONA:69KV|XBGL88,0,1,0,,0.0,87.87799835205078,87.87799835205078,1,2026-05-25,0.0,0.016666666666666666,0.37500000000000006,,,,0.0,87.87799835205078,,,0.9553611933556039, MIDW_OZONA1_1 [ MIDW: 69 KV - OZONA: 69 KV ] CONT:XBGL88
ZORN:138KV-HENNE:138KV|DZORMCC8,0,1,0,,0.0,68.65699768066406,68.65699768066406,1,2026-05-15,0.0,0.016666666666666666,0.37500000000000006,,,,0.0,68.65699768066406,,,0.9553611933556039, 89T204_1 [ ZORN: 138 KV - HENNE: 138 KV ] CONT:DZORMCC8
GARZA:1KV-GARZA:69KV|DRIZACE5,0,1,0,,0.0,14.678000450134277,14.678000450134277,1,2026-05-05,0.0,0.016666666666666666,0.37500000000000006,,,,0.0,14.678000450134277,,,0.9553611933556039, GARZA_XF1L [ GARZA: 1 KV - GARZA: 69 KV ] CONT:DRIZACE5
BLESSING:345KV-BLESSING:138KV|SCBEDYN8,0,1,0,,0.0,4.297999858856201,7.9989999532699585,1,2026-05-01,0.0,0.016666666666666666,0.37500000000000006,,,,0.0,7.9989999532699585,,,0.9553611933556039, BLESSING_1382 [ BLESSING: 345 KV - BLESSING: 138 KV ] CONT:SCBEDYN8
CTHR:138KV-TINSLEY:138KV|SHAMMAX8,0,1,0,,0.0,10.665423393249512,19.766242027282715,1,2026-05-19,0.0,0.016666666666666666,0.37500000000000006,,,,0.0,19.766242027282715,,,0.9553611933556039,CTHR_TINSLE1  @CTHR||LN||CTHR_TINSLE1||1 [CTHR: 138 KV -TINSLEY: 138 KV ] CONT:SHAMMAX8
BERGHE:345KV-BERGHE:1KV|SZORMAR5,0,1,0,,0.0,109.16365814208984,194.99613332748413,1,2026-05-29,0.0,0.016666666666666666,0.37500000000000006,,,,0.0,194.99613332748413,,,0.9553611933556039,BERGHE_AT1H [BERGHE: 345 KV -BERGHE: 1 KV ] CONT:SZORMAR5
ESKSW:69KV-TRNT:69KV|SANSABN9,0,1,0,,0.0,38.45600128173828,51.17500114440918,1,2026-05-30,0.0,0.016666666666666666,0.37500000000000006,,,,0.0,51.17500114440918,,,0.9553611933556039, ESKSW_TRNT1_1 [ ESKSW: 69 KV - TRNT: 69 KV ] CONT:SANSABN9
LYNX:138KV-TOMBSTNE:138KV|DBAKSOL5,0,1,0,,0.0,0.23199999332427979,0.23199999332427979,1,2026-06-12,0.0,0.016666666666666666,0.37500000000000006,,,,0.0,0.23199999332427979,,,0.9553611933556039, LYNX_TOMBST1_1 [ LYNX: 138 KV - TOMBSTNE: 138 KV ] CONT:DBAKSOL5
MADDUX:138KV-SANTIAGO:138KV|DNORIND8,0,1,0,,0.0,0.4650000035762787,0.4650000035762787,1,2026-06-11,0.0,0.016666666666666666,0.37500000000000006,,,,0.0,0.4650000035762787,,,0.9553611933556039, MADDUX_SANTIA1_1 [ MADDUX: 138 KV - SANTIAGO: 138 KV ] CONT:DNORIND8
MADDUX:138KV-SANTIAGO:138KV|SWESIND8,0,1,0,,0.0,0.4650000035762787,0.4650000035762787,1,2026-06-11,0.0,0.016666666666666666,0.37500000000000006,,,,0.0,0.4650000035762787,,,0.9553611933556039, MADDUX_SANTIA1_1 [ MADDUX: 138 KV - SANTIAGO: 138 KV ] CONT:SWESIND8
LYD:138KV-GBY:138KV|SLYDDPW8,0,1,0,,0.0,0.00800000037997961,0.00800000037997961,1,2026-06-23,0.0,0.016666666666666666,0.37500000000000006,,,,0.0,0.00800000037997961,,,0.9553611933556039, GBYLYD70_A [ LYD: 138 KV - GBY: 138 KV ] CONT:SLYDDPW8
LYNX:138KV-TOMBSTNE:138KV|DALASOA8,0,1,0,,0.0,2.109999895095825,5.315999865531921,1,2026-06-12,0.0,0.016666666666666666,0.37500000000000006,,,,0.0,5.315999865531921,,,0.9553611933556039, LYNX_TOMBST1_1 [ LYNX: 138 KV - TOMBSTNE: 138 KV ] CONT:DALASOA8
BGRSW:345KV-SNDSW:345KV|DSALHUT5,0,1,0,,0.0,135.9549560546875,177.48321533203125,1,2026-05-09,0.0,0.016666666666666666,0.37500000000000006,,,,0.0,177.48321533203125,,,0.9553611933556039, 455__A [ BGRSW: 345 KV - SNDSW: 345 KV ] CONT:DSALHUT5
BI:138KV-SF:138KV|SSFB1I8,0,1,0,,0.0,69.01248931884766,69.01248931884766,1,2026-05-13,0.0,0.016666666666666666,0.37500000000000006,,,,0.0,69.01248931884766,,,0.9553611933556039,BI_SF_37      @BI||LN|| BI_SF_37||A [BI: 138 KV -SF: 138 KV ] CONT:SSFB1I8
BI:1KV-BI:138KV|XJN58,0,1,0,,0.0,3.992000102996826,8.552000068128109,1,2026-05-21,0.0,0.016666666666666666,0.37500000000000006,,,,0.0,8.552000068128109,,,0.9553611933556039, BI_AT5L [ BI: 1 KV - BI: 138 KV ] CONT:XJN58
ANARN:69KV-CRDSW:69KV|SRICGRS8,0,1,0,,0.0,9.890134811401367,9.890134811401367,1,2026-05-30,0.0,0.016666666666666666,0.37500000000000006,,,,0.0,9.890134811401367,,,0.9553611933556039,6840__A [ANARN: 69 KV -CRDSW: 69 KV ] CONT:SRICGRS8
BIGLAKE:138KV-RUSSEKST:138KV|DSGTSCH5,0,1,0,,0.0,10.178999900817871,17.092999935150146,1,2026-05-25,0.0,0.016666666666666666,0.37500000000000006,,,,0.0,17.092999935150146,,,0.9553611933556039, BIGLAK_RUSSEK1_1 [ BIGLAKE: 138 KV - RUSSEKST: 138 KV ] CONT:DSGTSCH5
NLARSW:138KV-PILONCIL:138KV|SROSSUN8,0,1,0,,0.0,0.6959999799728394,1.1429999768733978,1,2026-06-13,0.0,0.016666666666666666,0.37500000000000006,,,,0.0,1.1429999768733978,,,0.9553611933556039, NLARSW_PILONC1_1 [ NLARSW: 138 KV - PILONCIL: 138 KV ] CONT:SROSSUN8
MAXWELL:138KV-WHITING:138KV|SCOMHA38,0,1,0,,0.0,108.96270751953125,111.56047415733337,1,2026-06-06,0.0,0.016666666666666666,0.37500000000000006,,,,0.0,111.56047415733337,,,0.9553611933556039, MAXWEL_WHITIN1_1 [ MAXWELL: 138 KV - WHITING: 138 KV ] CONT:SCOMHA38
MAXWELL:138KV-WHITING:138KV|SPICHAM8,0,1,0,,0.0,0.02800000086426735,0.02800000086426735,1,2026-06-06,0.0,0.016666666666666666,0.37500000000000006,,,,0.0,0.02800000086426735,,,0.9553611933556039, MAXWEL_WHITIN1_1 [ MAXWELL: 138 KV - WHITING: 138 KV ] CONT:SPICHAM8
EL_CAMPO:138KV-RICEBI:138KV|SDANBLE8,0,1,0,,0.0,11.670999526977539,11.670999526977539,1,2026-05-11,0.0,0.016666666666666666,0.37500000000000006,,,,0.0,11.670999526977539,,,0.9553611933556039, 589T589_1 [ EL_CAMPO: 138 KV - RICEBI: 138 KV ] CONT:SDANBLE8
EMSES:138KV-BCPSW:138KV|SBC2EMS8,0,1,0,,0.0,71.97699737548828,114.18099627643824,1,2026-05-05,0.0,0.016666666666666666,0.37500000000000006,,,,0.0,114.18099627643824,,,0.9553611933556039, 12040__A [ EMSES: 138 KV - BCPSW: 138 KV ] CONT:SBC2EMS8
EMSES:138KV-BCPSW:138KV|SBCPEMS8,0,1,0,,0.0,71.97799682617188,114.18199572712183,1,2026-05-05,0.0,0.016666666666666666,0.37500000000000006,,,,0.0,114.18199572712183,,,0.9553611933556039, 12050__A [ EMSES: 138 KV - BCPSW: 138 KV ] CONT:SBCPEMS8
MARSFO:13.8KV-MARSFO:1KV|SSCHHIC5,0,1,0,,0.0,0.04800000041723251,0.04800000041723251,1,2026-05-03,0.0,0.016666666666666666,0.37500000000000006,,,,0.0,0.04800000041723251,,,0.9553611933556039, MARSFO_BUT3 [ MARSFO: 13.8 KV - MARSFO: 1 KV ] CONT:SSCHHIC5
MARSFO:1KV-MARSFO:138KV|SSCHHIC5,0,1,0,,0.0,0.04800000041723251,0.04800000041723251,1,2026-05-03,0.0,0.016666666666666666,0.37500000000000006,,,,0.0,0.04800000041723251,,,0.9553611933556039, MARSFO_SUT3 [ MARSFO: 1 KV - MARSFO: 138 KV ] CONT:SSCHHIC5
MARSW:138KV-DEVIT:138KV|SOAKEVR8,0,1,0,,0.0,41.624000549316406,122.24500179290771,1,2026-06-23,0.0,0.016666666666666666,0.37500000000000006,,,,0.0,122.24500179290771,,,0.9553611933556039, 6293__C [ MARSW: 138 KV - DEVIT: 138 KV ] CONT:SOAKEVR8
ANDICE:138KV-FLOREN:138KV|SGEOHU48,0,1,0,,0.0,1.8049999475479126,1.8049999475479126,1,2026-05-20,0.0,0.016666666666666666,0.37500000000000006,,,,0.0,1.8049999475479126,,,0.9553611933556039, 781T781_1 [ ANDICE: 138 KV - FLOREN: 138 KV ] CONT:SGEOHU48
GARFIELD:138KV-STONEY_R:138KV|DAUSDUN8,0,1,0,,0.0,8.791000366210938,14.7090003490448,1,2026-05-14,0.0,0.016666666666666666,0.37500000000000006,,,,0.0,14.7090003490448,,,0.9553611933556039, CKT_962_1 [ GARFIELD: 138 KV - STONEY_R: 138 KV ] CONT:DAUSDUN8
BI:345KV-BI:1KV|XJN58,0,1,0,,0.0,3.992000102996826,8.552000068128109,1,2026-05-21,0.0,0.016666666666666666,0.37500000000000006,,,,0.0,8.552000068128109,,,0.9553611933556039, BI_AT5 [ BI: 345 KV - BI: 1 KV ] CONT:XJN58
FB:138KV-RBN:138KV|BASE,0,1,0,,0.0,0.5270000100135803,0.5720000118017197,1,2026-05-30,0.0,0.016666666666666666,0.37500000000000006,,,,0.0,0.5720000118017197,,,0.9553611933556039, FB_RBN01_A [ FB: 138 KV - RBN: 138 KV ] CONT:BASE CASE
LAKENASW:69KV-SAMATHIS:69KV|SRUSBIG8,0,1,0,,0.0,0.8299999833106995,0.8299999833106995,1,2026-05-16,0.0,0.016666666666666666,0.37500000000000006,,,,0.0,0.8299999833106995,,,0.9553611933556039, LAKENA_SAMATH1_1 [ LAKENASW: 69 KV - SAMATHIS: 69 KV ] CONT:SRUSBIG8
LAN_CTY:138KV-PAVLOV:138KV|SWCPYT8,0,1,0,,0.0,0.5839999914169312,0.671999990940094,1,2026-05-01,0.0,0.016666666666666666,0.37500000000000006,,,,0.0,0.671999990940094,,,0.9553611933556039,LAN_CT_PAVLOV1@LAN_CTY||LN||LAN_CT_PAVLOV1||1 [LAN_CTY: 138 KV -PAVLOV: 138 KV ] CONT:SWCPYT8
LA_PALMA:138KV-LAURELES:138KV|SMV_MV88,0,1,0,,0.0,3.5460000038146973,3.5460000038146973,1,2026-05-10,0.0,0.016666666666666666,0.37500000000000006,,,,0.0,3.5460000038146973,,,0.9553611933556039, LAUREL_LA_PAL1_1 [ LA_PALMA: 138 KV - LAURELES: 138 KV ] CONT:SMV_MV88
LA_PALMA:138KV-L_FRESNO:138KV|MLAPMIL8,0,1,0,,0.0,5.1519999504089355,5.1519999504089355,1,2026-05-14,0.0,0.016666666666666666,0.37500000000000006,,,,0.0,5.1519999504089355,,,0.9553611933556039, LA_PAL_L_FRES1_1 [ LA_PALMA: 138 KV - L_FRESNO: 138 KV ] CONT:MLAPMIL8
LA_PALMA:138KV-VCAVAZOS:138KV|BASE,0,1,0,,0.0,4511.72802734375,6699.644439697266,1,2026-05-09,0.0,0.016666666666666666,0.37500000000000006,,,,0.0,6699.644439697266,,,0.9553611933556039, LA_PAL_VCAVAZ1_1 [ LA_PALMA: 138 KV - VCAVAZOS: 138 KV ] CONT:BASE CASE
LA_PALMA:138KV-VCAVAZOS:138KV|SL_FLA_8,0,1,0,,0.0,4.63100004196167,4.63100004196167,1,2026-05-08,0.0,0.016666666666666666,0.37500000000000006,,,,0.0,4.63100004196167,,,0.9553611933556039, LA_PAL_VCAVAZ1_1 [ LA_PALMA: 138 KV - VCAVAZOS: 138 KV ] CONT:SL_FLA_8
FCRSW:138KV-CDHSW:138KV|DCDHTVW5,0,1,0,,0.0,25.20199966430664,28.697999715805054,1,2026-05-04,0.0,0.016666666666666666,0.37500000000000006,,,,0.0,28.697999715805054,,,0.9553611933556039, 3180__A [ FCRSW: 138 KV - CDHSW: 138 KV ] CONT:DCDHTVW5
TILDEN:138KV-GEOWEST:138KV|DFOWSMG5,0,1,0,,0.0,21.104000091552734,21.104000091552734,1,2026-05-05,0.0,0.016666666666666666,0.37500000000000006,,,,0.0,21.104000091552734,,,0.9553611933556039, TILDEN_GEOWEST_1 [ TILDEN: 138 KV - GEOWEST: 138 KV ] CONT:DFOWSMG5
TKWSW:345KV-MGSES:345KV|DSWETKW5,0,1,0,,0.0,0.07000000029802322,0.07000000029802322,1,2026-05-10,0.0,0.016666666666666666,0.37500000000000006,,,,0.0,0.07000000029802322,,,0.9553611933556039, 6036__A [ TKWSW: 345 KV - MGSES: 345 KV ] CONT:DSWETKW5
TMPCR:1KV-TMPCR:138KV|MDTMPSD5,0,1,0,,0.0,0.027000000700354576,0.027000000700354576,1,2026-05-02,0.0,0.016666666666666666,0.37500000000000006,,,,0.0,0.027000000700354576,,,0.9553611933556039, TMPCR_MR1L [ TMPCR: 1 KV - TMPCR: 138 KV ] CONT:MDTMPSD5
TNP_ONE:345KV-TNWILLOW:345KV|DBCYABG5,0,1,0,,0.0,0.08900000154972076,0.16099999845027924,1,2026-05-20,0.0,0.016666666666666666,0.37500000000000006,,,,0.0,0.16099999845027924,,,0.9553611933556039, 345_TNP_WLO_1 [ TNP_ONE: 345 KV - TNWILLOW: 345 KV ] CONT:DBCYABG5
TMPCR:345KV-TMPSW:345KV|STMPTMP5,0,1,0,,0.0,1.7079715728759766,1.7079715728759766,1,2026-05-09,0.0,0.016666666666666666,0.37500000000000006,,,,0.0,1.7079715728759766,,,0.9553611933556039, 300__A [ TMPCR: 345 KV - TMPSW: 345 KV ] CONT:STMPTMP5
CELANEBI:138.1KV-N_SHARPE:138KV|DLOFOAV5,0,1,0,,0.0,0.36000001430511475,0.5040000081062317,1,2026-06-07,0.0,0.016666666666666666,0.37500000000000006,,,,0.0,0.5040000081062317,,,0.9553611933556039, CELANE_N_SHAR1_1 [ CELANEBI: 138.1 KV - N_SHARPE: 138 KV ] CONT:DLOFOAV5
CELANEBI:138.1KV-N_SHARPE:138KV|SSA2SAN8,0,1,0,,0.0,0.01600000075995922,0.01600000075995922,1,2026-05-21,0.0,0.016666666666666666,0.37500000000000006,,,,0.0,0.01600000075995922,,,0.9553611933556039, CELANE_N_SHAR1_1 [ CELANEBI: 138.1 KV - N_SHARPE: 138 KV ] CONT:SSA2SAN8
CELANEBI:138KV-KLEBERG:138.1KV|DALASAT8,0,1,0,,0.0,0.1720000058412552,0.1720000058412552,1,2026-06-11,0.0,0.016666666666666666,0.37500000000000006,,,,0.0,0.1720000058412552,,,0.9553611933556039, CELANE_KLEBER1_1 [ CELANEBI: 138 KV - KLEBERG: 138.1 KV ] CONT:DALASAT8
WCRSW:345KV-AUSTRO:345KV|DSALHUT5,0,1,0,,0.0,137.37088012695312,1463.7019220590591,1,2026-05-12,0.0,0.016666666666666666,0.37500000000000006,,,,0.0,1463.7019220590591,,,0.9553611933556039, 450__B [ WCRSW: 345 KV - AUSTRO: 345 KV ] CONT:DSALHUT5
ASHERTON:138KV-CATARINA:138KV|SAJORI25,0,1,0,,0.0,0.24400000274181366,0.24400000274181366,1,2026-06-23,0.0,0.016666666666666666,0.37500000000000006,,,,0.0,0.24400000274181366,,,0.9553611933556039, ASHERT_CATARI1_1 [ ASHERTON: 138 KV - CATARINA: 138 KV ] CONT:SAJORI25
ASHERTON:138KV-CATARINA:138KV|SBIGASH8,0,1,0,,0.0,0.5659999847412109,0.5659999847412109,1,2026-05-16,0.0,0.016666666666666666,0.37500000000000006,,,,0.0,0.5659999847412109,,,0.9553611933556039, ASHERT_CATARI1_1 [ ASHERTON: 138 KV - CATARINA: 138 KV ] CONT:SBIGASH8
LA_PALMA:1KV-LA_PALMA:138KV|SNEDSTE5,0,1,0,,0.0,2.2769999504089355,3.303999900817871,1,2026-05-12,0.0,0.016666666666666666,0.37500000000000006,,,,0.0,3.303999900817871,,,0.9553611933556039, LA_PALMA_XF1B [ LA_PALMA: 1 KV - LA_PALMA: 138 KV ] CONT:SNEDSTE5
LA_PALMA:345KV-LA_PALMA:1KV|SNEDSTE5,0,1,0,,0.0,2.2769999504089355,3.303999900817871,1,2026-05-12,0.0,0.016666666666666666,0.37500000000000006,,,,0.0,3.303999900817871,,,0.9553611933556039, LA_PALMA_XF1A [ LA_PALMA: 345 KV - LA_PALMA: 1 KV ] CONT:SNEDSTE5
EXCSW:1KV-EXCSW:138KV|SKRWBDG5,0,1,0,,0.0,5.052000045776367,20.511000514030457,1,2026-05-01,0.0,0.016666666666666666,0.37500000000000006,,,,0.0,20.511000514030457,,,0.9553611933556039, EXCSW_MR1L [ EXCSW: 1 KV - EXCSW: 138 KV ] CONT:SKRWBDG5
EXCSW:345KV-EXCSW:1KV|SKRWBDG5,0,1,0,,0.0,5.052000045776367,20.511000514030457,1,2026-05-01,0.0,0.016666666666666666,0.37500000000000006,,,,0.0,20.511000514030457,,,0.9553611933556039, EXCSW_MR1H [ EXCSW: 345 KV - EXCSW: 1 KV ] CONT:SKRWBDG5
TMPCR:345KV-TMPCR:1KV|MDTMPSD5,0,1,0,,0.0,0.027000000700354576,0.027000000700354576,1,2026-05-02,0.0,0.016666666666666666,0.37500000000000006,,,,0.0,0.027000000700354576,,,0.9553611933556039, TMPCR_MR1H [ TMPCR: 345 KV - TMPCR: 1 KV ] CONT:MDTMPSD5
WESLACO:138KV-MV_VALV4:138KV|SMV_AL28,0,1,0,,0.0,0.5199999809265137,0.5199999809265137,1,2026-05-30,0.0,0.016666666666666666,0.37500000000000006,,,,0.0,0.5199999809265137,,,0.9553611933556039, VAL_VERD_WSLCO_1 [ WESLACO: 138 KV - MV_VALV4: 138 KV ] CONT:SMV_AL28
BIG_FOOT:138KV-PLEASANT:138KV|SE3X28,0,1,0,,0.0,75.23899841308594,121.5620002746582,1,2026-05-13,0.0,0.016666666666666666,0.37500000000000006,,,,0.0,121.5620002746582,,,0.9553611933556039, BIG_FO_PLEASA1_1 [ BIG_FOOT: 138 KV - PLEASANT: 138 KV ] CONT:SE3X28
BIG_FOOT:138KV-PLEASANT:138KV|SLYSKE28,0,1,0,,0.0,6.248000144958496,10.575000286102295,1,2026-05-02,0.0,0.016666666666666666,0.37500000000000006,,,,0.0,10.575000286102295,,,0.9553611933556039, BIG_FO_PLEASA1_1 [ BIG_FOOT: 138 KV - PLEASANT: 138 KV ] CONT:SLYSKE28
PUTN:138KV-LENSW:138KV|SLENFLT8,0,1,0,,0.0,1.4559999704360962,1.4559999704360962,1,2026-05-02,0.0,0.016666666666666666,0.37500000000000006,,,,0.0,1.4559999704360962,,,0.9553611933556039, LENSW_PUTN2_1 [ PUTN: 138 KV - LENSW: 138 KV ] CONT:SLENFLT8
PUTN:138KV-LENSW:138KV|XGRS58,0,1,0,,0.0,0.035999998450279236,0.035999998450279236,1,2026-06-14,0.0,0.016666666666666666,0.37500000000000006,,,,0.0,0.035999998450279236,,,0.9553611933556039, LENSW_PUTN2_1 [ PUTN: 138 KV - LENSW: 138 KV ] CONT:XGRS58
QNM:138KV-AZ:138KV|SAZBOG8,0,1,0,,0.0,0.42500001192092896,0.9110000003129244,1,2026-05-06,0.0,0.016666666666666666,0.37500000000000006,,,,0.0,0.9110000003129244,,,0.9553611933556039, AZ_QNM85_A [ QNM: 138 KV - AZ: 138 KV ] CONT:SAZBOG8
FERGUS:138KV-GRANMO:138KV|DFERWIR8,0,1,0,,0.0,4.570000171661377,13.512000322341919,1,2026-05-27,0.0,0.016666666666666666,0.37500000000000006,,,,0.0,13.512000322341919,,,0.9553611933556039, 51T376_1 [ FERGUS: 138 KV - GRANMO: 138 KV ] CONT:DFERWIR8
FERGUS:138KV-SHERSH:138KV|DFER_WI8,0,1,0,,0.0,18.465999603271484,61.938000202178955,1,2026-05-27,0.0,0.016666666666666666,0.37500000000000006,,,,0.0,61.938000202178955,,,0.9553611933556039, 37T187_1 [ FERGUS: 138 KV - SHERSH: 138 KV ] CONT:DFER_WI8
FL:138KV-BV:138KV|SFBFL8,0,1,0,,0.0,2.3970000743865967,2.3970000743865967,1,2026-05-08,0.0,0.016666666666666666,0.37500000000000006,,,,0.0,2.3970000743865967,,,0.9553611933556039, BV_FL_09_A [ FL: 138 KV - BV: 138 KV ] CONT:SFBFL8
FLAT_TOP:138KV-TNBRDRAW:138KV|DSLKSOL5,0,1,0,,0.0,6.741000175476074,16.35699999332428,1,2026-05-13,0.0,0.016666666666666666,0.37500000000000006,,,,0.0,16.35699999332428,,,0.9553611933556039,138_BRL_FLT   @FLAT_TOP||LN||138_BRL_FLT||1 [FLAT_TOP: 138 KV -TNBRDRAW: 138 KV ] CONT:DSLKSOL5
KNBSW:345KV-SALSW:345KV|MSNDWCR5,0,1,0,,0.0,0.33399999141693115,0.33399999141693115,1,2026-05-11,0.0,0.016666666666666666,0.37500000000000006,,,,0.0,0.33399999141693115,,,0.9553611933556039, 36040__A [ KNBSW: 345 KV - SALSW: 345 KV ] CONT:MSNDWCR5
BITTCR:345KV-SWESW:345KV|DMGSBTR5,0,1,0,,0.0,1.86899995803833,5.288999966811389,1,2026-06-18,0.0,0.016666666666666666,0.37500000000000006,,,,0.0,5.288999966811389,,,0.9553611933556039, 6128__A [ BITTCR: 345 KV - SWESW: 345 KV ] CONT:DMGSBTR5
FORTMA:138KV-YELWJCKT:138KV|DAMOBOW5,0,1,0,,0.0,5.828000068664551,5.828000068664551,1,2026-05-09,0.0,0.016666666666666666,0.37500000000000006,,,,0.0,5.828000068664551,,,0.9553611933556039, FORTMA_YELWJC1_1 [ FORTMA: 138 KV - YELWJCKT: 138 KV ] CONT:DAMOBOW5
FORTMA:138KV-YELWJCKT:138KV|DAMOTWI5,0,1,0,,0.0,5.144000053405762,8.036999940872192,1,2026-05-09,0.0,0.016666666666666666,0.37500000000000006,,,,0.0,8.036999940872192,,,0.9553611933556039, FORTMA_YELWJC1_1 [ FORTMA: 138 KV - YELWJCKT: 138 KV ] CONT:DAMOTWI5
KLEBERG:138.1KV-CELANEBI:138KV|DLOFOAV5,0,1,0,,0.0,0.36000001430511475,0.5040000081062317,1,2026-06-07,0.0,0.016666666666666666,0.37500000000000006,,,,0.0,0.5040000081062317,,,0.9553611933556039, CELANE_KLEBER1_1 [ KLEBERG: 138.1 KV - CELANEBI: 138 KV ] CONT:DLOFOAV5
CARVER:138KV-TINSLEY:138KV|XFER85,0,1,0,,0.0,10.343459129333496,20.250139236450195,1,2026-05-10,0.0,0.016666666666666666,0.37500000000000006,,,,0.0,20.250139236450195,,,0.9553611933556039,CARVER_TINSLE1_1 [CARVER: 138 KV -TINSLEY: 138 KV ] CONT:XFER85
CDHSW:1KV-CDHSW:138KV|DNORCDH5,0,1,0,,0.0,6.2769999504089355,13.917999982833862,1,2026-05-22,0.0,0.016666666666666666,0.37500000000000006,,,,0.0,13.917999982833862,,,0.9553611933556039, CDHSW_AXFL [ CDHSW: 1 KV - CDHSW: 138 KV ] CONT:DNORCDH5
CDHSW:345KV-CDHSW:1KV|DNORCDH5,0,1,0,,0.0,6.2769999504089355,13.917999982833862,1,2026-05-22,0.0,0.016666666666666666,0.37500000000000006,,,,0.0,13.917999982833862,,,0.9553611933556039, CDHSW_AXFH [ CDHSW: 345 KV - CDHSW: 1 KV ] CONT:DNORCDH5
CGRSW:138.1KV-TRBSW:138KV|MTRYBRO8,0,1,0,,0.0,39.38199996948242,72.72200107574463,1,2026-05-04,0.0,0.016666666666666666,0.37500000000000006,,,,0.0,72.72200107574463,,,0.9553611933556039, 6161__A [ CGRSW: 138.1 KV - TRBSW: 138 KV ] CONT:MTRYBRO8
PRCSW:138KV-PRCRK:138KV|DNORWLV5,0,1,0,,0.0,0.5849999785423279,0.5849999785423279,1,2026-05-05,0.0,0.016666666666666666,0.37500000000000006,,,,0.0,0.5849999785423279,,,0.9553611933556039, 3665__B [ PRCSW: 138 KV - PRCRK: 138 KV ] CONT:DNORWLV5
PRKRW:138KV-TYPRK:138KV|XCDH58,0,1,0,,0.0,29.3799991607666,71.84299850463867,1,2026-06-18,0.0,0.016666666666666666,0.37500000000000006,,,,0.0,71.84299850463867,,,0.9553611933556039, 6200__E [ PRKRW: 138 KV - TYPRK: 138 KV ] CONT:XCDH58
CDHSW:138KV-MCSES:138KV|DMCSCDH8,0,1,0,,0.0,5.061999797821045,6.987999796867371,1,2026-05-01,0.0,0.016666666666666666,0.37500000000000006,,,,0.0,6.987999796867371,,,0.9553611933556039, 3200__A [ CDHSW: 138 KV - MCSES: 138 KV ] CONT:DMCSCDH8
BITTCR:345KV-SWESW:345KV|DMGSBIT5,0,1,0,,0.0,1.86899995803833,2.500999979209155,1,2026-06-18,0.0,0.016666666666666666,0.37500000000000006,,,,0.0,2.500999979209155,,,0.9553611933556039, 6128__A [ BITTCR: 345 KV - SWESW: 345 KV ] CONT:DMGSBIT5
KNBSW:345KV-SALSW:345KV|MWCRSD58,0,1,0,,0.0,0.33399999141693115,0.33399999141693115,1,2026-05-11,0.0,0.016666666666666666,0.37500000000000006,,,,0.0,0.33399999141693115,,,0.9553611933556039, 36040__A [ KNBSW: 345 KV - SALSW: 345 KV ] CONT:MWCRSD58
NEDIN:138KV-MV_WEDN4:138KV|UNEDBES1,0,1,0,,0.0,90.53759765625,249.36080265045166,1,2026-05-06,0.0,0.016666666666666666,0.37500000000000006,,,,0.0,249.36080265045166,,,0.9553611933556039,NEDNBRG_WEDNBG@NEDIN||LN||NEDNBRG_WEDNBG||1 [NEDIN: 138 KV -MV_WEDN4: 138 KV ] CONT:UNEDBES1
CGRSW:69KV-CLCTY:69KV|SFLNBHI9,0,1,0,,0.0,0.7900000214576721,0.7900000214576721,1,2026-05-25,0.0,0.016666666666666666,0.37500000000000006,,,,0.0,0.7900000214576721,,,0.9553611933556039, 6685__A [ CGRSW: 69 KV - CLCTY: 69 KV ] CONT:SFLNBHI9
CLCTY:69KV-PLOWB:69KV|DBLUBUF8,0,1,0,,0.0,1.2699999809265137,1.2699999809265137,1,2026-05-13,0.0,0.016666666666666666,0.37500000000000006,,,,0.0,1.2699999809265137,,,0.9553611933556039, 6940__D [ CLCTY: 69 KV - PLOWB: 69 KV ] CONT:DBLUBUF8
CLEASP:345KV-MARION:345KV|SZORMAR5,0,1,0,,0.0,5.807000160217285,5.807000160217285,1,2026-05-06,0.0,0.016666666666666666,0.37500000000000006,,,,0.0,5.807000160217285,,,0.9553611933556039, 419T419_1 [ CLEASP: 345 KV - MARION: 345 KV ] CONT:SZORMAR5
LNGSW:345KV-PRLSW:345KV|SW_LVLT5,0,1,0,,0.0,0.7039999961853027,0.7039999961853027,1,2026-06-11,0.0,0.016666666666666666,0.37500000000000006,,,,0.0,0.7039999961853027,,,0.9553611933556039, 6965__A [ LNGSW: 345 KV - PRLSW: 345 KV ] CONT:SW_LVLT5
LENSW:138KV-PUTN:138KV|XFLT85,0,1,0,,0.0,0.9629999995231628,0.9629999995231628,1,2026-05-12,0.0,0.016666666666666666,0.37500000000000006,,,,0.0,0.9629999995231628,,,0.9553611933556039, LENSW_PUTN2_1 [ LENSW: 138 KV - PUTN: 138 KV ] CONT:XFLT85
LEON_CRK:138KV-A4:138KV|SP5CAG8,0,1,0,,0.0,0.5360000133514404,0.5360000133514404,1,2026-05-14,0.0,0.016666666666666666,0.37500000000000006,,,,0.0,0.5360000133514404,,,0.9553611933556039, A4_D5_1 [ LEON_CRK: 138 KV - A4: 138 KV ] CONT:SP5CAG8
LFCML:138KV-ROWSW:138KV|DTRSENT5,0,1,0,,0.0,0.9179999828338623,0.9179999828338623,1,2026-06-08,0.0,0.016666666666666666,0.37500000000000006,,,,0.0,0.9179999828338623,,,0.9553611933556039, 1235__A [ LFCML: 138 KV - ROWSW: 138 KV ] CONT:DTRSENT5
LFKSW:138KV-LFKTP:138KV|BASE,0,1,0,,0.0,0.2150000035762787,0.2150000035762787,1,2026-06-23,0.0,0.016666666666666666,0.37500000000000006,,,,0.0,0.2150000035762787,,,0.9553611933556039, 1370__H [ LFKSW: 138 KV - LFKTP: 138 KV ] CONT:BASE CASE
ESKSW:69KV-TRNT:69KV|SBIGOR55,0,1,0,,0.0,1.774999976158142,1.774999976158142,1,2026-05-04,0.0,0.016666666666666666,0.37500000000000006,,,,0.0,1.774999976158142,,,0.9553611933556039, ESKSW_TRNT1_1 [ ESKSW: 69 KV - TRNT: 69 KV ] CONT:SBIGOR55
ESKSW:69KV-TRNT:69KV|SHENABN8,0,1,0,,0.0,4.480999946594238,4.480999946594238,1,2026-06-10,0.0,0.016666666666666666,0.37500000000000006,,,,0.0,4.480999946594238,,,0.9553611933556039, ESKSW_TRNT1_1 [ ESKSW: 69 KV - TRNT: 69 KV ] CONT:SHENABN8
CELANEBI:138KV-KLEBERG:138.1KV|DLOFOAV5,0,1,0,,0.0,0.020999999716877937,0.020999999716877937,1,2026-06-02,0.0,0.016666666666666666,0.37500000000000006,,,,0.0,0.020999999716877937,,,0.9553611933556039, CELANE_KLEBER1_1 [ CELANEBI: 138 KV - KLEBERG: 138.1 KV ] CONT:DLOFOAV5
ESKSW:69KV-TRNT:69KV|SSPUASP8,0,1,0,,0.0,32.694000244140625,32.694000244140625,1,2026-05-04,0.0,0.016666666666666666,0.37500000000000006,,,,0.0,32.694000244140625,,,0.9553611933556039, 6585__A [ ESKSW: 69 KV - TRNT: 69 KV ] CONT:SSPUASP8
ESKSW:69KV-TRNT:69KV|STECVOR5,0,1,0,,0.0,44.000999450683594,44.000999450683594,1,2026-05-04,0.0,0.016666666666666666,0.37500000000000006,,,,0.0,44.000999450683594,,,0.9553611933556039, ESKSW_TRNT1_1 [ ESKSW: 69 KV - TRNT: 69 KV ] CONT:STECVOR5
ESTES:138KV-SOLANUM:138KV|SBIGWL_5,0,1,0,,0.0,0.08100000023841858,0.08100000023841858,1,2026-06-12,0.0,0.016666666666666666,0.37500000000000006,,,,0.0,0.08100000023841858,,,0.9553611933556039, ESTES_SOLANU1_1 [ ESTES: 138 KV - SOLANUM: 138 KV ] CONT:SBIGWL_5
OZONA:69KV-MIDW:69KV|SMCAMCA8,0,1,0,,0.0,29.01300048828125,85.51300144195557,1,2026-05-27,0.0,0.016666666666666666,0.37500000000000006,,,,0.0,85.51300144195557,,,0.9553611933556039, MIDW_OZONA1_1 [ OZONA: 69 KV - MIDW: 69 KV ] CONT:SMCAMCA8
PALOUSE:138KV-CROSSOVE:138KV|MLNGPR25,0,1,0,,0.0,2.507999897003174,2.507999897003174,1,2026-05-13,0.0,0.016666666666666666,0.37500000000000006,,,,0.0,2.507999897003174,,,0.9553611933556039, CROSSO_PALOUS1_1 [ PALOUSE: 138 KV - CROSSOVE: 138 KV ] CONT:MLNGPR25
CMNSW:138KV-CMNTP:138KV|DBWNRGP5,0,1,0,,0.0,12.934870719909668,12.934870719909668,1,2026-06-13,0.0,0.016666666666666666,0.37500000000000006,,,,0.0,12.934870719909668,,,0.9553611933556039, 651__B [ CMNSW: 138 KV - CMNTP: 138 KV ] CONT:DBWNRGP5
TMPLE:138KV-TMPSW:138.1KV|DPPRTEC8,0,1,0,,0.0,116.70600128173828,242.31199645996094,1,2026-06-05,0.0,0.016666666666666666,0.37500000000000006,,,,0.0,242.31199645996094,,,0.9553611933556039, 1840__A [ TMPLE: 138 KV - TMPSW: 138.1 KV ] CONT:DPPRTEC8
TMPLE:138KV-TMPSW:138.1KV|DSNDBGR5,0,1,0,,0.0,28.51099967956543,35.877999782562256,1,2026-06-05,0.0,0.016666666666666666,0.37500000000000006,,,,0.0,35.877999782562256,,,0.9553611933556039, 1840__A [ TMPLE: 138 KV - TMPSW: 138.1 KV ] CONT:DSNDBGR5
TMPSW:138KV-FRYSW:138KV|SANDFLO8,0,1,0,,0.0,2624.999755859375,2624.999755859375,1,2026-06-05,0.0,0.016666666666666666,0.37500000000000006,,,,0.0,2624.999755859375,,,0.9553611933556039,1715          @TMPSW||LN||1715||_B [TMPSW: 138 KV -FRYSW: 138 KV ] CONT:SANDFLO8
TMPTN:138KV-WXHCH:138KV|SPEBTRU8,0,1,0,,0.0,4.963795185089111,13.426566779613495,1,2026-05-10,0.0,0.016666666666666666,0.37500000000000006,,,,0.0,13.426566779613495,,,0.9553611933556039,940__B [TMPTN: 138 KV -WXHCH: 138 KV ] CONT:SPEBTRU8
TNNALVIN:138KV-ALVIN:138KV|DPHRCTR5,0,1,0,,0.0,27.621999740600586,27.621999740600586,1,2026-06-09,0.0,0.016666666666666666,0.37500000000000006,,,,0.0,27.621999740600586,,,0.9553611933556039, 138_ALV_NAL_1 [ TNNALVIN: 138 KV - ALVIN: 138 KV ] CONT:DPHRCTR5
ESKSW:69KV-TRNT:69KV|SPERMUL5,0,1,0,,0.0,18.395999908447266,24.765999794006348,1,2026-06-17,0.0,0.016666666666666666,0.37500000000000006,,,,0.0,24.765999794006348,,,0.9553611933556039, ESKSW_TRNT1_1 [ ESKSW: 69 KV - TRNT: 69 KV ] CONT:SPERMUL5
PHBL_TAP:69KV-STRS:69KV|SLGDSAP8,0,1,0,,0.0,3.98799991607666,3.98799991607666,1,2026-05-05,0.0,0.016666666666666666,0.37500000000000006,,,,0.0,3.98799991607666,,,0.9553611933556039, PHBL_T_STRS1_1 [ PHBL_TAP: 69 KV - STRS: 69 KV ] CONT:SLGDSAP8
PHR:138KV-HDNLAKES:138KV|SHASTNN8,0,1,0,,0.0,0.8920000195503235,0.8920000195503235,1,2026-06-03,0.0,0.016666666666666666,0.37500000000000006,,,,0.0,0.8920000195503235,,,0.9553611933556039, G138_8A_1 [ PHR: 138 KV - HDNLAKES: 138 KV ] CONT:SHASTNN8
PHR:138KV-HDNLAKES:138KV|SMDOOAS5,0,1,0,,0.0,13.066205024719238,13.066205024719238,1,2026-05-09,0.0,0.016666666666666666,0.37500000000000006,,,,0.0,13.066205024719238,,,0.9553611933556039, G138_8A_1 [ PHR: 138 KV - HDNLAKES: 138 KV ] CONT:SMDOOAS5
PILONCIL:138KV-NLARSW:138KV|DDILCOT8,0,1,0,,0.0,0.17000000178813934,0.17000000178813934,1,2026-05-26,0.0,0.016666666666666666,0.37500000000000006,,,,0.0,0.17000000178813934,,,0.9553611933556039, NLARSW_PILONC1_1 [ PILONCIL: 138 KV - NLARSW: 138 KV ] CONT:DDILCOT8
PLCEDOS:69KV-KAMEYS:69KV|DVICDUP8,0,1,0,,0.0,2.739000082015991,3.871000051498413,1,2026-05-04,0.0,0.016666666666666666,0.37500000000000006,,,,0.0,3.871000051498413,,,0.9553611933556039, PLC_KAME_1 [ PLCEDOS: 69 KV - KAMEYS: 69 KV ] CONT:DVICDUP8
LCSES:138KV-RIESW:138KV|DVENFTS5,0,1,0,,0.0,0.8220000267028809,1.2560000121593475,1,2026-06-09,0.0,0.016666666666666666,0.37500000000000006,,,,0.0,1.2560000121593475,,,0.9553611933556039, 1225__A [ LCSES: 138 KV - RIESW: 138 KV ] CONT:DVENFTS5
LEANDE:138KV-SEWAJU:138KV|DGABGEA8,0,1,0,,0.0,7.539999961853027,7.539999961853027,1,2026-06-03,0.0,0.016666666666666666,0.37500000000000006,,,,0.0,7.539999961853027,,,0.9553611933556039, 353T353_1 [ LEANDE: 138 KV - SEWAJU: 138 KV ] CONT:DGABGEA8
LENSW:138KV-PUTN:138KV|DSCOTKW5,0,1,0,,0.0,1.090999960899353,1.090999960899353,1,2026-06-02,0.0,0.016666666666666666,0.37500000000000006,,,,0.0,1.090999960899353,,,0.9553611933556039, LENSW_PUTN2_1 [ LENSW: 138 KV - PUTN: 138 KV ] CONT:DSCOTKW5
LENSW:138KV-PUTN:138KV|MXMB158,0,1,0,,0.0,2.265000104904175,3.8940000534057617,1,2026-05-03,0.0,0.016666666666666666,0.37500000000000006,,,,0.0,3.8940000534057617,,,0.9553611933556039, LENSW_PUTN2_1 [ LENSW: 138 KV - PUTN: 138 KV ] CONT:MXMB158
LENSW:138KV-PUTN:138KV|SABNABM8,0,1,0,,0.0,2.265000104904175,3.8940000534057617,1,2026-05-03,0.0,0.016666666666666666,0.37500000000000006,,,,0.0,3.8940000534057617,,,0.9553611933556039, LENSW_PUTN2_1 [ LENSW: 138 KV - PUTN: 138 KV ] CONT:SABNABM8
BALLINGE:69KV-HUMBLTAP:69KV|XCMN58,0,1,0,,0.0,0.052000001072883606,0.11700000055134296,1,2026-05-21,0.0,0.016666666666666666,0.37500000000000006,,,,0.0,0.11700000055134296,,,0.9553611933556039, BALLIN_HUMBLT1_1 [ BALLINGE: 69 KV - HUMBLTAP: 69 KV ] CONT:XCMN58
NEDIN:138.1KV-MV_WEDN4:138KV|DMCOPHA8,0,1,0,,0.0,3.9179999828338623,3.9179999828338623,1,2026-05-20,0.0,0.016666666666666666,0.37500000000000006,,,,0.0,3.9179999828338623,,,0.9553611933556039, NEDNBRG_WEDNBG_1 [ NEDIN: 138.1 KV - MV_WEDN4: 138 KV ] CONT:DMCOPHA8
PLCEDOS:69KV-KAMEYS:69KV|SJOSBRO8,0,1,0,,0.0,2.0369999408721924,5.4889998733997345,1,2026-05-06,0.0,0.016666666666666666,0.37500000000000006,,,,0.0,5.4889998733997345,,,0.9553611933556039, PLC_KAME_1 [ PLCEDOS: 69 KV - KAMEYS: 69 KV ] CONT:SJOSBRO8
PANDA_S:138KV-STNSW:138KV|DMDAVEN5,0,1,0,,0.0,0.11400000005960464,0.11400000005960464,1,2026-05-13,0.0,0.016666666666666666,0.37500000000000006,,,,0.0,0.11400000005960464,,,0.9553611933556039, SHER1_STNSW_1 [ PANDA_S: 138 KV - STNSW: 138 KV ] CONT:DMDAVEN5
CGRSW:69KV-CLCTY:69KV|DSCOTKW5,0,1,0,,0.0,1.2995116710662842,1.2995116710662842,1,2026-06-18,0.0,0.016666666666666666,0.37500000000000006,,,,0.0,1.2995116710662842,,,0.9553611933556039, 6685__A [ CGRSW: 69 KV - CLCTY: 69 KV ] CONT:DSCOTKW5
CUERO:138KV-THOMASTN:138KV|DLOFOAV5,0,1,0,,0.0,0.4749999940395355,0.4749999940395355,1,2026-05-10,0.0,0.016666666666666666,0.37500000000000006,,,,0.0,0.4749999940395355,,,0.9553611933556039, CUELCA_THOMAS1_1 [ CUERO: 138 KV - THOMASTN: 138 KV ] CONT:DLOFOAV5
MAVERICK:138KV-HAMILTON:138KV|SBRAHAM8,0,1,0,,0.0,71.64775085449219,91.64129447937012,1,2026-06-06,0.0,0.016666666666666666,0.37500000000000006,,,,0.0,91.64129447937012,,,0.9553611933556039,HAMILT_MAVERI1_1 [MAVERICK: 138 KV -HAMILTON: 138 KV ] CONT:SBRAHAM8
MAXWELL:138KV-HAMILTON:138KV|SBIGOR55,0,1,0,,0.0,0.3970000147819519,0.3970000147819519,1,2026-05-15,0.0,0.016666666666666666,0.37500000000000006,,,,0.0,0.3970000147819519,,,0.9553611933556039, HAMILT_MAXWEL1_1 [ MAXWELL: 138 KV - HAMILTON: 138 KV ] CONT:SBIGOR55
MAXWELL:138KV-HAMILTON:138KV|STORLOB5,0,1,0,,0.0,0.4830000102519989,0.4830000102519989,1,2026-05-05,0.0,0.016666666666666666,0.37500000000000006,,,,0.0,0.4830000102519989,,,0.9553611933556039, HAMILT_MAXWEL1_1 [ MAXWELL: 138 KV - HAMILTON: 138 KV ] CONT:STORLOB5
MAXWELL:138KV-WHITING:138KV|DBAKCED5,0,1,0,,0.0,0.2290000021457672,0.2290000021457672,1,2026-06-06,0.0,0.016666666666666666,0.37500000000000006,,,,0.0,0.2290000021457672,,,0.9553611933556039, MAXWEL_WHITIN1_1 [ MAXWELL: 138 KV - WHITING: 138 KV ] CONT:DBAKCED5
MAXWELL:138KV-WHITING:138KV|MBLEASP8,0,1,0,,0.0,1.0130000114440918,1.0130000114440918,1,2026-05-26,0.0,0.016666666666666666,0.37500000000000006,,,,0.0,1.0130000114440918,,,0.9553611933556039, MAXWEL_WHITIN1_1 [ MAXWELL: 138 KV - WHITING: 138 KV ] CONT:MBLEASP8
MV_BURNS:138KV-MV_HBRG4:138KV|MRACNED8,0,1,0,,0.0,0.5479999780654907,0.5479999780654907,1,2026-05-06,0.0,0.016666666666666666,0.37500000000000006,,,,0.0,0.5479999780654907,,,0.9553611933556039, BURNS_HEIDLBRG_1 [ MV_BURNS: 138 KV - MV_HBRG4: 138 KV ] CONT:MRACNED8
NCARBIDE:69KV-PV_TAP:69KV|SHIGRAY9,0,1,0,,0.0,7.109000205993652,17.20800018310547,1,2026-05-10,0.0,0.016666666666666666,0.37500000000000006,,,,0.0,17.20800018310547,,,0.9553611933556039, NCARBI_PV_TAP1_1 [ NCARBIDE: 69 KV - PV_TAP: 69 KV ] CONT:SHIGRAY9
NEDIN:138.1KV-MOORE_FL:138KV|SBATFRO8,0,1,0,,0.0,0.8600000143051147,0.8600000143051147,1,2026-05-03,0.0,0.016666666666666666,0.37500000000000006,,,,0.0,0.8600000143051147,,,0.9553611933556039, MOORE__NEDIN1_1 [ NEDIN: 138.1 KV - MOORE_FL: 138 KV ] CONT:SBATFRO8
BANDER:138KV-BANDER:69KV|SCAMUVA9,0,1,0,,0.0,10.902000427246094,10.902000427246094,1,2026-06-02,0.0,0.016666666666666666,0.37500000000000006,,,,0.0,10.902000427246094,,,0.9553611933556039, BANDER_AT3 [ BANDER: 138 KV - BANDER: 69 KV ] CONT:SCAMUVA9
RIOHONDO:1KV-RIOHONDO:138KV|XRIO558,0,2,0,,0.0,6.052999973297119,7.9799999594688416,2,2026-07-09,0.0,0.03333333333333333,0.23076923076923075,,,,0.546999990940094,7.432999968528748,,,0.9501562686356035, RIOHONDO_AT1L [ RIOHONDO: 1 KV - RIOHONDO: 138 KV ] CONT:XRIO558
VICTORIA:138.1KV-MAGRUDER:138KV|DVICDUP8,0,5,0,,0.0,0.8659999966621399,2.049999990966171,5,2026-06-28,0.0,0.08333333333333333,0.10714285714285715,1.0,0.1679999977350235,0.3269999921321869,0.38899999111890793,1.660999999847263,,,0.8347068753846236, MAGRUD_VICTOR2_1 [ VICTORIA: 138.1 KV - MAGRUDER: 138 KV ] CONT:DVICDUP8
SRB:138KV-DIB:138KV|DSRBSTA8,0,2,0,,0.0,0.26899999380111694,0.2959999945014715,2,2026-06-30,0.0,0.03333333333333333,0.23076923076923075,,,,0.2959999945014715,0.0,,,0.8173800396002768, DIBSRB22_A [ SRB: 138 KV - DIB: 138 KV ] CONT:DSRBSTA8
FRSTP:138KV-DRMSW:138KV|SSALCHL5,0,5,0,,0.0,8.647000312805176,11.02500031888485,5,2026-06-23,0.0,0.08333333333333333,0.10714285714285715,2.0,0.4189999997615814,0.6600000010803342,0.0,11.02500031888485,,,0.8121656859490826, 6470__C [ FRSTP: 138 KV - DRMSW: 138 KV ] CONT:SSALCHL5
MGSES:1KV-MGSES:138KV|XMGS658,0,2,0,,0.0,0.24300000071525574,0.2750000022351742,2,2026-06-13,0.0,0.03333333333333333,0.23076923076923075,2.0,0.13500000536441803,0.16600000485777855,0.0,0.2750000022351742,,,0.7764971864292249, MGSES_MR4L [ MGSES: 1 KV - MGSES: 138 KV ] CONT:XMGS658
MARCONI:138KV-P_ISABEL:138KV|SLAULA_8,0,2,0,,0.0,3.1519999504089355,3.8429999500513077,2,2026-06-24,0.0,0.03333333333333333,0.23076923076923075,,,,0.18299999833106995,3.6599999517202377,,,0.7489582820238501, MARCON_P_ISAB1_1 [ MARCONI: 138 KV - P_ISABEL: 138 KV ] CONT:SLAULA_8
PALOUSE:138KV-WOLFCAMP:138KV|DSGTSCH5,0,3,0,,0.0,2.428999900817871,2.8339998945593834,3,2026-06-26,0.0,0.05,0.16666666666666666,,,,0.32899999618530273,2.5049998983740807,,,0.6757721221273425,PALOUS_WOLFCA1@PALOUSE||LN||PALOUS_WOLFCA1||1 [PALOUSE: 138 KV -WOLFCAMP: 138 KV ] CONT:DSGTSCH5
CELANEBI:138.1KV-N_SHARPE:138KV|SKATLON5,0,2,0,,0.0,0.04600000008940697,0.06599999964237213,2,2026-07-02,0.0,0.03333333333333333,0.23076923076923075,,,,0.04600000008940697,0.019999999552965164,,,0.6566481186308881, CELANE_N_SHAR1_1 [ CELANEBI: 138.1 KV - N_SHARPE: 138 KV ] CONT:SKATLON5
DEC:13.8KV-DEC:1KV|BASE,0,2,0,,0.0,0.006000000052154064,0.036999999545514584,2,2026-05-31,0.0,0.03333333333333333,0.23076923076923075,2.0,0.006000000052154064,0.020999999716877937,0.0,0.036999999545514584,,,0.6437006332399632, DEC_G1NX [ DEC: 13.8 KV - DEC: 1 KV ] CONT:BASE CASE
KLEBERG:138.1KV-CELANEBI:138KV|BASE,0,2,0,,0.0,0.008999999612569809,0.04300000052899122,2,2026-07-09,0.0,0.03333333333333333,0.23076923076923075,,,,0.021000000182539225,0.022000000346451998,,,0.6385049988557184, CELANE_KLEBER1_1 [ KLEBERG: 138.1 KV - CELANEBI: 138 KV ] CONT:BASE CASE
BLESSING:69KV-PALACIOS:69KV|SBIGV_D8,0,3,0,,0.0,0.33500000834465027,0.5810000002384186,3,2026-06-28,0.0,0.05,0.16666666666666666,,,,0.2459999918937683,0.33500000834465027,,,0.627405849876368, BLESSI_PALACI1_1 [ BLESSING: 69 KV - PALACIOS: 69 KV ] CONT:SBIGV_D8
ALICE:138KV-ALICE:69KV|DBUNTER8,0,2,0,,0.0,0.07699999958276749,0.11499999836087227,2,2026-05-10,0.0,0.03333333333333333,0.23076923076923075,,,,0.0,0.11499999836087227,,,0.6229180943347334, ALICE_69A1 [ ALICE: 138 KV - ALICE: 69 KV ] CONT:DBUNTER8
ALICE:138KV-ALICE:69KV|DDPBNED5,0,2,0,,0.0,0.1550000011920929,0.45000000298023224,2,2026-05-09,0.0,0.03333333333333333,0.23076923076923075,,,,0.0,0.45000000298023224,,,0.6229180943347334, ALICE_69A1 [ ALICE: 138 KV - ALICE: 69 KV ] CONT:DDPBNED5
WND:69KV-WHTNY:69KV|DTCRTHS5,0,2,0,,0.0,1.4359999895095825,6.681000038981438,2,2026-06-11,0.0,0.03333333333333333,0.23076923076923075,,,,0.0,6.681000038981438,,,0.6229180943347334, 100027_D_1 [ WND: 69 KV - WHTNY: 69 KV ] CONT:DTCRTHS5
WND:69KV-WHTNY:69KV|DTHSFBR5,0,2,0,,0.0,1.4819999933242798,4.607999950647354,2,2026-06-11,0.0,0.03333333333333333,0.23076923076923075,,,,0.0,4.607999950647354,,,0.6229180943347334, 100027_D_1 [ WND: 69 KV - WHTNY: 69 KV ] CONT:DTHSFBR5
WOLFCAMP:138KV-SANTARIT:138KV|SBGLTWI8,0,2,0,,0.0,5.229000091552734,6.3750001192092896,2,2026-06-02,0.0,0.03333333333333333,0.23076923076923075,,,,0.0,6.3750001192092896,,,0.6229180943347334, SANTAR_WOLFCA1_1 [ WOLFCAMP: 138 KV - SANTARIT: 138 KV ] CONT:SBGLTWI8
WOLFCAMP:138KV-SANTARIT:138KV|DBIGKEN5,0,2,0,,0.0,18.770000457763672,35.44000020623207,2,2026-06-05,0.0,0.03333333333333333,0.23076923076923075,,,,0.0,35.44000020623207,,,0.6229180943347334, SANTAR_WOLFCA1_1 [ WOLFCAMP: 138 KV - SANTARIT: 138 KV ] CONT:DBIGKEN5
REATA:345KV-ROMNEY:345KV|BASE,0,2,0,,0.0,196.2256622314453,829.9205484390259,2,2026-06-10,0.0,0.03333333333333333,0.23076923076923075,,,,0.0,829.9205484390259,,,0.6229180943347334,REATA_ROMNE_1A_A [REATA: 345 KV -ROMNEY: 345 KV ] CONT:BASE CASE
THW:345KV-NB:345KV|SMDOOAS5,0,2,0,,0.0,2.3389999866485596,5.000999927520752,2,2026-05-17,0.0,0.03333333333333333,0.23076923076923075,,,,0.0,5.000999927520752,,,0.6229180943347334, NB_THW97_A [ THW: 345 KV - NB: 345 KV ] CONT:SMDOOAS5
FORTMA:138KV-YELWJCKT:138KV|DMDAVEN5,0,2,0,,0.0,4.002999782562256,10.366999626159668,2,2026-05-08,0.0,0.03333333333333333,0.23076923076923075,,,,0.0,10.366999626159668,,,0.6229180943347334, FORTMA_YELWJC1_1 [ FORTMA: 138 KV - YELWJCKT: 138 KV ] CONT:DMDAVEN5
PUTN:138KV-LENSW:138KV|SFLTTUD8,0,2,0,,0.0,1.975000023841858,3.8129999935626984,2,2026-05-11,0.0,0.03333333333333333,0.23076923076923075,,,,0.0,3.8129999935626984,,,0.6229180943347334, LENSW_PUTN2_1 [ PUTN: 138 KV - LENSW: 138 KV ] CONT:SFLTTUD8
SOUTHABI:138KV-SHARPTAP:138KV|SABEABN8,0,2,0,,0.0,5.9730000495910645,8.741000056266785,2,2026-05-04,0.0,0.03333333333333333,0.23076923076923075,,,,0.0,8.741000056266785,,,0.6229180943347334, SHARPT_SOUTHA1_1 [ SOUTHABI: 138 KV - SHARPTAP: 138 KV ] CONT:SABEABN8
SCSES:345KV-SCSES:1KV|SNCDTRS5,0,2,0,,0.0,4.493000030517578,14.506999999284744,2,2026-05-09,0.0,0.03333333333333333,0.23076923076923075,,,,0.0,14.506999999284744,,,0.6229180943347334, SCSES_MR1H [ SCSES: 345 KV - SCSES: 1 KV ] CONT:SNCDTRS5
BNBSW:345KV-SYCRK:345KV|DTVWCPS5,0,2,0,,0.0,6.7210001945495605,7.942000150680542,2,2026-05-13,0.0,0.03333333333333333,0.23076923076923075,,,,0.0,7.942000150680542,,,0.6229180943347334,6000__A [BNBSW: 345 KV -SYCRK: 345 KV ] CONT:DTVWCPS5
BR:138KV-HOC:138.3KV|DGT_HOC8,0,2,0,,0.0,5.830999851226807,11.62799996137619,2,2026-05-14,0.0,0.03333333333333333,0.23076923076923075,,,,0.0,11.62799996137619,,,0.6229180943347334, BR_HOC09_A [ BR: 138 KV - HOC: 138.3 KV ] CONT:DGT_HOC8
BR:138KV-HOC:138.3KV|MGTKBHC8,0,2,0,,0.0,4.913000106811523,8.748000085353851,2,2026-05-14,0.0,0.03333333333333333,0.23076923076923075,,,,0.0,8.748000085353851,,,0.6229180943347334, BR_HOC09_A [ BR: 138 KV - HOC: 138.3 KV ] CONT:MGTKBHC8
STP:345KV-WAP:345.1KV|DSTPREF5,0,2,0,,0.0,70.53600311279297,446.1219971179962,2,2026-05-15,0.0,0.03333333333333333,0.23076923076923075,,,,0.0,446.1219971179962,,,0.6229180943347334, STPWAP39_1 [ STP: 345 KV - WAP: 345.1 KV ] CONT:DSTPREF5
STP:345KV-WAP:345KV|DSTPREF5,0,2,0,,0.0,48.67504119873047,85.45446133613586,2,2026-05-15,0.0,0.03333333333333333,0.23076923076923075,,,,0.0,85.45446133613586,,,0.6229180943347334,STPWAP39_1 [STP: 345 KV -WAP: 345 KV ] CONT:DSTPREF5
BRNWD:138KV-BRNSO:138KV|SMGPBRN8,0,2,0,,0.0,4.000999927520752,8.501999855041504,2,2026-05-19,0.0,0.03333333333333333,0.23076923076923075,,,,0.0,8.501999855041504,,,0.6229180943347334, 670__A [ BRNWD: 138 KV - BRNSO: 138 KV ] CONT:SMGPBRN8
FRONTERA:138KV-S_MISSIN:138KV|DCEDERE5,0,2,0,,0.0,0.4659999907016754,0.9189999997615814,2,2026-06-09,0.0,0.03333333333333333,0.23076923076923075,,,,0.0,0.9189999997615814,,,0.6229180943347334,BENTS_FRTER_1B@FRONTERA||LN||BENTS_FRTER_1B||1 [FRONTERA: 138 KV -S_MISSIN: 138 KV ] CONT:DCEDERE5
FORTMA:138KV-YELWJCKT:138KV|SODEOEC5,0,2,0,,0.0,8.390999794006348,22.877999544143677,2,2026-05-08,0.0,0.03333333333333333,0.23076923076923075,,,,0.0,22.877999544143677,,,0.6229180943347334, FORTMA_YELWJC1_1 [ FORTMA: 138 KV - YELWJCKT: 138 KV ] CONT:SODEOEC5
BOW:69KV-BOW:138KV|SSPRVAL8,0,2,0,,0.0,15.414999961853027,49.30799999833107,2,2026-06-14,0.0,0.03333333333333333,0.23076923076923075,,,,0.0,49.30799999833107,,,0.6229180943347334, BOW_FMR1 [ BOW: 69 KV - BOW: 138 KV ] CONT:SSPRVAL8
TNWILLOW:345KV-TOKSW:345KV|DBCYABG5,0,2,0,,0.0,3.7809998989105225,5.991999924182892,2,2026-05-21,0.0,0.03333333333333333,0.23076923076923075,,,,0.0,5.991999924182892,,,0.6229180943347334, 345_TWN_WLO_1 [ TNWILLOW: 345 KV - TOKSW: 345 KV ] CONT:DBCYABG5
CELANEBI:138.1KV-N_SHARPE:138KV|SAJ2CEB5,0,2,0,,0.0,1.0709999799728394,1.0919999806210399,2,2026-05-27,0.0,0.03333333333333333,0.23076923076923075,,,,0.0,1.0919999806210399,,,0.6229180943347334, CELANE_N_SHAR1_1 [ CELANEBI: 138.1 KV - N_SHARPE: 138 KV ] CONT:SAJ2CEB5
PUTN:138KV-LENSW:138KV|DGRMGRS8,0,2,0,,0.0,0.01899999938905239,0.020999999484047294,2,2026-05-24,0.0,0.03333333333333333,0.23076923076923075,,,,0.0,0.020999999484047294,,,0.6229180943347334, LENSW_PUTN2_1 [ PUTN: 138 KV - LENSW: 138 KV ] CONT:DGRMGRS8
TMPCR:345KV-TMPSW:345KV|DGDLBLT5,0,2,0,,0.0,1.8350000381469727,5.4770001247525215,2,2026-05-03,0.0,0.03333333333333333,0.23076923076923075,,,,0.0,5.4770001247525215,,,0.6229180943347334, 315__A [ TMPCR: 345 KV - TMPSW: 345 KV ] CONT:DGDLBLT5
TMPCR:345KV-TMPSW:345KV|DBCYABG5,0,2,0,,0.0,7.3480000495910645,57.0930001437664,2,2026-05-03,0.0,0.03333333333333333,0.23076923076923075,,,,0.0,57.0930001437664,,,0.6229180943347334, 315__A [ TMPCR: 345 KV - TMPSW: 345 KV ] CONT:DBCYABG5
KINGSVIL:138KV-KLEBERG:138KV|SN_SAJO5,0,2,0,,0.0,0.054999999701976776,0.07399999909102917,2,2026-05-07,0.0,0.03333333333333333,0.23076923076923075,,,,0.0,0.07399999909102917,,,0.6229180943347334, KINGSV_KLEBER1_1 [ KINGSVIL: 138 KV - KLEBERG: 138 KV ] CONT:SN_SAJO5
KLEBERG:138.1KV-CELANEBI:138KV|DAJOSTE5,0,2,0,,0.0,0.007000000216066837,0.008000000263564289,2,2026-06-10,0.0,0.03333333333333333,0.23076923076923075,,,,0.0,0.008000000263564289,,,0.6229180943347334, CELANE_KLEBER1_1 [ KLEBERG: 138.1 KV - CELANEBI: 138 KV ] CONT:DAJOSTE5
LA_PALMA:138KV-L_FRESNO:138KV|MVCRAN89,0,2,0,,0.0,166.76699829101562,457.2739961743355,2,2026-05-14,0.0,0.03333333333333333,0.23076923076923075,,,,0.0,457.2739961743355,,,0.6229180943347334, LA_PAL_L_FRES1_1 [ LA_PALMA: 138 KV - L_FRESNO: 138 KV ] CONT:MVCRAN89
WND:69KV-WHTNY:69KV|DSAMFBR5,0,2,0,,0.0,1.031999945640564,2.260999917984009,2,2026-06-11,0.0,0.03333333333333333,0.23076923076923075,,,,0.0,2.260999917984009,,,0.6229180943347334, 100027_D_1 [ WND: 69 KV - WHTNY: 69 KV ] CONT:DSAMFBR5
HEC:138KV-ADERHOLD:138KV|DMCOPHA8,0,2,0,,0.0,70.36299896240234,203.9799969792366,2,2026-05-12,0.0,0.03333333333333333,0.23076923076923075,,,,0.0,203.9799969792366,,,0.6229180943347334, ADERHO_HEC1_1 [ HEC: 138 KV - ADERHOLD: 138 KV ] CONT:DMCOPHA8
FTST:138KV-LEONCRK:138KV|STOMLYN8,0,2,0,,0.0,0.010999999940395355,0.015999999828636646,2,2026-05-27,0.0,0.03333333333333333,0.23076923076923075,,,,0.0,0.015999999828636646,,,0.6229180943347334, 138_FTS_LNC_1 [ FTST: 138 KV - LEONCRK: 138 KV ] CONT:STOMLYN8
FROWS:138KV-MCLSW:138KV|SWMMLCS8,0,2,0,,0.0,855.1834716796875,1598.805606842041,2,2026-05-12,0.0,0.03333333333333333,0.23076923076923075,,,,0.0,1598.805606842041,,,0.6229180943347334, 1025__B [ FROWS: 138 KV - MCLSW: 138 KV ] CONT:SWMMLCS8
HEC:138KV-NEDIN:138KV|SDUKNED8,0,2,0,,0.0,10.029740333557129,39.32563364505768,2,2026-05-10,0.0,0.03333333333333333,0.23076923076923075,,,,0.0,39.32563364505768,,,0.6229180943347334,HEC_NEDIN2_1 [HEC: 138 KV -NEDIN: 138 KV ] CONT:SDUKNED8
SANDMO:69KV-CTECBU:69KV|DFERWIR8,0,2,0,,0.0,1.2979999780654907,2.015999972820282,2,2026-05-12,0.0,0.03333333333333333,0.23076923076923075,,,,0.0,2.015999972820282,,,0.6229180943347334, 34T267_1 [ SANDMO: 69 KV - CTECBU: 69 KV ] CONT:DFERWIR8
SANDMO:69KV-CTECBU:69KV|DFERGRM8,0,2,0,,0.0,6.796000003814697,7.0240000039339066,2,2026-05-10,0.0,0.03333333333333333,0.23076923076923075,,,,0.0,7.0240000039339066,,,0.6229180943347334, 34T267_1 [ SANDMO: 69 KV - CTECBU: 69 KV ] CONT:DFERGRM8
WLY:345KV-WAP:345KV|DDOWSEB5,0,2,0,,0.0,2.121000051498413,2.4230000376701355,2,2026-05-29,0.0,0.03333333333333333,0.23076923076923075,,,,0.0,2.4230000376701355,,,0.6229180943347334,WAPWLY72_A [WLY: 345 KV -WAP: 345 KV ] CONT:DDOWSEB5
ADERHOLD:138KV-ELSA:138KV|DMCOPHA8,0,2,0,,0.0,22.718000411987305,94.5959997177124,2,2026-05-20,0.0,0.03333333333333333,0.23076923076923075,,,,0.0,94.5959997177124,,,0.6229180943347334, ADERHO_ELSA1_1 [ ADERHOLD: 138 KV - ELSA: 138 KV ] CONT:DMCOPHA8
WTHSW:138KV-AGNESSW:138KV|SGRSMNW8,0,2,0,,0.0,331.900634765625,540.0858421325684,2,2026-05-13,0.0,0.03333333333333333,0.23076923076923075,,,,0.0,540.0858421325684,,,0.6229180943347334, AGN_WTH_1 [ WTHSW: 138 KV - AGNESSW: 138 KV ] CONT:SGRSMNW8
BLESSING:345KV-BLESSING:138KV|MELNHST5,0,2,0,,0.0,109.93417358398438,1042.9395460188389,2,2026-06-04,0.0,0.03333333333333333,0.23076923076923075,,,,0.0,1042.9395460188389,,,0.6229180943347334,BLESSING_1382 [BLESSING: 345 KV -BLESSING: 138 KV ] CONT:MELNHST5
SNYDR:69KV-AMOTP:69KV|XSNY89,0,2,0,,0.0,15.633000373840332,26.01200008392334,2,2026-05-13,0.0,0.03333333333333333,0.23076923076923075,,,,0.0,26.01200008392334,,,0.6229180943347334, 6695__B [ SNYDR: 69 KV - AMOTP: 69 KV ] CONT:XSNY89
GRAHM:69KV-OLNEY:69KV|SRICGRS8,0,2,0,,0.0,74.13099670410156,106.05399644374847,2,2026-05-19,0.0,0.03333333333333333,0.23076923076923075,,,,0.0,106.05399644374847,,,0.6229180943347334,6830_C        @GRAHM||LN|| 6830_C||_C [GRAHM: 69 KV -OLNEY: 69 KV ] CONT:SRICGRS8
BLESSING:345KV-BLESSING:138KV|DELMSTP5,0,2,0,,0.0,9.704999923706055,21.561999797821045,2,2026-05-12,0.0,0.03333333333333333,0.23076923076923075,,,,0.0,21.561999797821045,,,0.6229180943347334, BLESSING_1382 [ BLESSING: 345 KV - BLESSING: 138 KV ] CONT:DELMSTP5
BLESSING:345KV-BLESSING:138KV|DELMTEX5,0,2,0,,0.0,63.32946014404297,881.7294127568603,2,2026-05-03,0.0,0.03333333333333333,0.23076923076923075,,,,0.0,881.7294127568603,,,0.6229180943347334, BLESSING_1382 [ BLESSING: 345 KV - BLESSING: 138 KV ] CONT:DELMTEX5
SGRSW:345KV-JEWET:345KV|DFVLFTS5,0,2,0,,0.0,0.9490000009536743,3.744000032544136,2,2026-06-11,0.0,0.03333333333333333,0.23076923076923075,,,,0.0,3.744000032544136,,,0.6229180943347334, 235__A [ SGRSW: 345 KV - JEWET: 345 KV ] CONT:DFVLFTS5
SCSES:1KV-SCSES:138KV|SNCDTRS5,0,2,0,,0.0,4.493000030517578,14.506999999284744,2,2026-05-09,0.0,0.03333333333333333,0.23076923076923075,,,,0.0,14.506999999284744,,,0.6229180943347334, SCSES_MR1L [ SCSES: 1 KV - SCSES: 138 KV ] CONT:SNCDTRS5
FURHMAN:138KV-RAYBURN:138.1KV|BASE,0,2,0,,0.0,7.165999889373779,26.720999717712402,2,2026-06-04,0.0,0.03333333333333333,0.23076923076923075,,,,0.0,26.720999717712402,,,0.6229180943347334, RAYBUR_FURHMAN_1 [ FURHMAN: 138 KV - RAYBURN: 138.1 KV ] CONT:BASE CASE
HAMILTON:138KV-MAXWELL:138KV|MSUNESC8,0,2,0,,0.0,3.302000045776367,6.502000093460083,2,2026-05-24,0.0,0.03333333333333333,0.23076923076923075,,,,0.0,6.502000093460083,,,0.6229180943347334, HAMILT_MAXWEL1_1 [ HAMILTON: 138 KV - MAXWELL: 138 KV ] CONT:MSUNESC8
MRVLY:69KV-ESTLD:69KV|SFLTTUD8,0,2,0,,0.0,50.06100082397461,67.64500097557902,2,2026-05-02,0.0,0.03333333333333333,0.23076923076923075,,,,0.0,67.64500097557902,,,0.6229180943347334, 6635__G [ MRVLY: 69 KV - ESTLD: 69 KV ] CONT:SFLTTUD8
MOORE:138KV-DOWNIES:138KV|MDRYMIE8,0,2,0,,0.0,15.776000022888184,40.69899956882,2,2026-05-24,0.0,0.03333333333333333,0.23076923076923075,,,,0.0,40.69899956882,,,0.6229180943347334, 2585_1 [ MOORE: 138 KV - DOWNIES: 138 KV ] CONT:MDRYMIE8
VERTREES:138KV-WESLAU:138KV|SBONRIO5,0,2,0,,0.0,128.17320251464844,155.0959825515747,2,2026-05-13,0.0,0.03333333333333333,0.23076923076923075,,,,0.0,155.0959825515747,,,0.6229180943347334,VERTRE_WESLAU1@WESLAU||LN||VERTRE_WESLAU1||1 [VERTREES: 138 KV -WESLAU: 138 KV ] CONT:SBONRIO5
VERTREES:138KV-WESLAU:138KV|MPASTNE5,0,2,0,,0.0,9.97686767578125,15.943867683410645,2,2026-05-13,0.0,0.03333333333333333,0.23076923076923075,,,,0.0,15.943867683410645,,,0.6229180943347334,VERTRE_WESLAU1@WESLAU||LN||VERTRE_WESLAU1||1 [VERTREES: 138 KV -WESLAU: 138 KV ] CONT:MPASTNE5
ELKTN:345KV-ELKTN:1KV|DTRCTYG5,0,2,0,,0.0,4.415999889373779,14.160999923944473,2,2026-05-02,0.0,0.03333333333333333,0.23076923076923075,,,,0.0,14.160999923944473,,,0.6229180943347334, ELKTN_MR3H [ ELKTN: 345 KV - ELKTN: 1 KV ] CONT:DTRCTYG5
MARCONI:138KV-LAURELES:138KV|BASE,0,2,0,,0.0,0.24400000274181366,0.31000000424683094,2,2026-05-27,0.0,0.03333333333333333,0.23076923076923075,,,,0.0,0.31000000424683094,,,0.6229180943347334, LAUREL_MARCON1_1 [ MARCONI: 138 KV - LAURELES: 138 KV ] CONT:BASE CASE
MOORE:138KV-DOWNIES:138KV|MMIEUVA8,0,2,0,,0.0,15.776000022888184,49.3819994777441,2,2026-05-24,0.0,0.03333333333333333,0.23076923076923075,,,,0.0,49.3819994777441,,,0.6229180943347334, 2585_1 [ MOORE: 138 KV - DOWNIES: 138 KV ] CONT:MMIEUVA8
LARDVNTH:138KV-LASCRUCE:138KV|DLOFOAV5,0,2,0,,0.0,0.6620000004768372,1.0309999883174896,2,2026-05-14,0.0,0.03333333333333333,0.23076923076923075,,,,0.0,1.0309999883174896,,,0.6229180943347334, LARDVN_LASCRU1_1 [ LARDVNTH: 138 KV - LASCRUCE: 138 KV ] CONT:DLOFOAV5
EXCSW:345KV-RNKSW:345KV|MKRWDHM5,0,2,0,,0.0,188.22000122070312,1248.271375656128,2,2026-05-15,0.0,0.03333333333333333,0.23076923076923075,,,,0.0,1248.271375656128,,,0.6229180943347334, 109__A [ EXCSW: 345 KV - RNKSW: 345 KV ] CONT:MKRWDHM5
OR:138.1KV-OR:138KV|BASE,0,2,0,,0.0,0.09399999678134918,0.6529999952763319,2,2026-06-10,0.0,0.03333333333333333,0.23076923076923075,,,,0.0,0.6529999952763319,,,0.6229180943347334, OR_TAP60_1 [ OR: 138.1 KV - OR: 138 KV ] CONT:BASE CASE
OLSEN:69KV-TURKEYFT:69KV|SCORPCA9,0,2,0,,0.0,1.4390000104904175,2.2170000076293945,2,2026-05-25,0.0,0.03333333333333333,0.23076923076923075,,,,0.0,2.2170000076293945,,,0.6229180943347334, 69_OLS_TKF_1 [ OLSEN: 69 KV - TURKEYFT: 69 KV ] CONT:SCORPCA9
TRNT:69KV-MKLT:69KV|DJIMSAL5,0,2,0,,0.0,21.16699981689453,28.501999855041504,2,2026-06-17,0.0,0.03333333333333333,0.23076923076923075,,,,0.0,28.501999855041504,,,0.6229180943347334, MKLT_TRNT1_1 [ TRNT: 69 KV - MKLT: 69 KV ] CONT:DJIMSAL5
LNGSW:345KV-PRLSW:345KV|SPRMRGR5,0,2,0,,0.0,2.1649999618530273,2.4029999673366547,2,2026-05-18,0.0,0.03333333333333333,0.23076923076923075,,,,0.0,2.4029999673366547,,,0.6229180943347334, 6965__A [ LNGSW: 345 KV - PRLSW: 345 KV ] CONT:SPRMRGR5
LNGSW:345KV-PRLSW:345KV|SODEOEC5,0,2,0,,0.0,3.811000108718872,3.9150001108646393,2,2026-06-10,0.0,0.03333333333333333,0.23076923076923075,,,,0.0,3.9150001108646393,,,0.6229180943347334, 6965__A [ LNGSW: 345 KV - PRLSW: 345 KV ] CONT:SODEOEC5
LENSW:138KV-PUTN:138KV|DBIGKEN5,0,2,0,,0.0,1.1770000457763672,2.609000027179718,2,2026-05-27,0.0,0.03333333333333333,0.23076923076923075,,,,0.0,2.609000027179718,,,0.6229180943347334, LENSW_PUTN2_1 [ LENSW: 138 KV - PUTN: 138 KV ] CONT:DBIGKEN5
LEANDE:138KV-SEWAJU:138KV|SBERBUR8,0,2,0,,0.0,4.198999881744385,19.924999594688416,2,2026-06-05,0.0,0.03333333333333333,0.23076923076923075,,,,0.0,19.924999594688416,,,0.6229180943347334, 353T353_1 [ LEANDE: 138 KV - SEWAJU: 138 KV ] CONT:SBERBUR8
LCSES:138KV-RIESW:138KV|DBCETMP5,0,2,0,,0.0,1.2630000114440918,8.501999914646149,2,2026-06-21,0.0,0.03333333333333333,0.23076923076923075,,,,0.0,8.501999914646149,,,0.6229180943347334, 1225__A [ LCSES: 138 KV - RIESW: 138 KV ] CONT:DBCETMP5
PUTN:138KV-LENSW:138KV|SIRLDUB8,0,2,0,,0.0,0.028999999165534973,0.03599999938160181,2,2026-05-23,0.0,0.03333333333333333,0.23076923076923075,,,,0.0,0.03599999938160181,,,0.6229180943347334, LENSW_PUTN2_1 [ PUTN: 138 KV - LENSW: 138 KV ] CONT:SIRLDUB8
CATARINA:138KV-ASHERTON:138KV|MNLFIWO8,0,2,0,,0.0,0.26499998569488525,0.4009999930858612,2,2026-05-11,0.0,0.03333333333333333,0.23076923076923075,,,,0.0,0.4009999930858612,,,0.6229180943347334, ASHERT_CATARI1_1 [ CATARINA: 138 KV - ASHERTON: 138 KV ] CONT:MNLFIWO8
P_ISABEL:138KV-SCARBIDE:138KV|SP_ICAU8,0,2,0,,0.0,3.5220000743865967,18.522999987006187,2,2026-05-06,0.0,0.03333333333333333,0.23076923076923075,,,,0.0,18.522999987006187,,,0.6229180943347334, P_ISAB_SCARBI1_1 [ P_ISABEL: 138 KV - SCARBIDE: 138 KV ] CONT:SP_ICAU8
CELANEBI:138.1KV-N_SHARPE:138KV|DAJOSTE5,0,2,0,,0.0,0.007000000216066837,0.008000000263564289,2,2026-06-10,0.0,0.03333333333333333,0.23076923076923075,,,,0.0,0.008000000263564289,,,0.6229180943347334, CELANE_N_SHAR1_1 [ CELANEBI: 138.1 KV - N_SHARPE: 138 KV ] CONT:DAJOSTE5
CBY:138KV-BT:138KV|XCB2Y58,0,2,0,,0.0,238.3860626220703,1000.7391047477722,2,2026-05-27,0.0,0.03333333333333333,0.23076923076923075,,,,0.0,1000.7391047477722,,,0.6229180943347334,BT_CBY88_A [CBY: 138 KV -BT: 138 KV ] CONT:XCB2Y58
NORTMC:138KV-CROSSOVE:138KV|SBIGOR55,0,2,0,,0.0,13.163999557495117,40.23499935865402,2,2026-05-13,0.0,0.03333333333333333,0.23076923076923075,,,,0.0,40.23499935865402,,,0.6229180943347334, CROSSO_NORTMC1_1 [ NORTMC: 138 KV - CROSSOVE: 138 KV ] CONT:SBIGOR55
NLARSW:138KV-PILONCIL:138KV|MSUNESC8,0,2,0,,0.0,6.826000213623047,16.762000173330307,2,2026-05-14,0.0,0.03333333333333333,0.23076923076923075,,,,0.0,16.762000173330307,,,0.6229180943347334, NLARSW_PILONC1_1 [ NLARSW: 138 KV - PILONCIL: 138 KV ] CONT:MSUNESC8
NLARSW:138KV-PILONCIL:138KV|MWOFIUN8,0,2,0,,0.0,1.524999976158142,1.8089999854564667,2,2026-05-12,0.0,0.03333333333333333,0.23076923076923075,,,,0.0,1.8089999854564667,,,0.6229180943347334, NLARSW_PILONC1_1 [ NLARSW: 138 KV - PILONCIL: 138 KV ] CONT:MWOFIUN8
NUECES_B:138KV-MORRIS:138KV|SCITNUE8,0,2,0,,0.0,0.020999999716877937,0.02399999974295497,2,2026-06-09,0.0,0.03333333333333333,0.23076923076923075,,,,0.0,0.02399999974295497,,,0.6229180943347334, MORRIS_NUECES1_1 [ NUECES_B: 138 KV - MORRIS: 138 KV ] CONT:SCITNUE8
NLARSW:138KV-PILONCIL:138KV|SPOMDEL5,0,2,0,,0.0,2.2790000438690186,6.781000003218651,2,2026-05-09,0.0,0.03333333333333333,0.23076923076923075,,,,0.0,6.781000003218651,,,0.6229180943347334, NLARSW_PILONC1_1 [ NLARSW: 138 KV - PILONCIL: 138 KV ] CONT:SPOMDEL5
LTVSB:138KV-GRDPR:138KV|DCDHTVW5,0,2,0,,0.0,121.3759994506836,721.6340065002441,2,2026-05-14,0.0,0.03333333333333333,0.23076923076923075,,,,0.0,721.6340065002441,,,0.6229180943347334, 6325__D [ LTVSB: 138 KV - GRDPR: 138 KV ] CONT:DCDHTVW5
VICTORIA:138.1KV-MAGRUDER:138KV|SWE2GLI8,0,2,0,,0.0,4.264999866485596,7.5279998779296875,2,2026-05-27,0.0,0.03333333333333333,0.23076923076923075,,,,0.0,7.5279998779296875,,,0.6229180943347334, MAGRUD_VICTOR2_1 [ VICTORIA: 138.1 KV - MAGRUDER: 138 KV ] CONT:SWE2GLI8
ESTES:138KV-SOLANUM:138KV|SCISPUT8,0,2,0,,0.0,23.378999710083008,45.988470792770386,2,2026-06-18,0.0,0.03333333333333333,0.23076923076923075,,,,0.0,45.988470792770386,,,0.6229180943347334, ESTES_SOLANU1_1 [ ESTES: 138 KV - SOLANUM: 138 KV ] CONT:SCISPUT8
FURHMAN:138KV-RAYBURN:138.1KV|DSTPSTA5,0,2,0,,0.0,4.513999938964844,11.550999939441681,2,2026-06-02,0.0,0.03333333333333333,0.23076923076923075,,,,0.0,11.550999939441681,,,0.6229180943347334, RAYBUR_FURHMAN_1 [ FURHMAN: 138 KV - RAYBURN: 138.1 KV ] CONT:DSTPSTA5
MRVLY:69KV-ESTLD:69KV|DABPAB98,0,2,0,,0.0,20.89299964904785,92.97299937903881,2,2026-05-03,0.0,0.03333333333333333,0.23076923076923075,,,,0.0,92.97299937903881,,,0.6229180943347334, 6635__G [ MRVLY: 69 KV - ESTLD: 69 KV ] CONT:DABPAB98
WND:69KV-WHTNY:69KV|SCRAWHT9,0,2,0,,0.0,0.8379999995231628,1.828000009059906,2,2026-06-13,0.0,0.03333333333333333,0.23076923076923075,,,,0.0,1.828000009059906,,,0.6229180943347334, 100027_D_1 [ WND: 69 KV - WHTNY: 69 KV ] CONT:SCRAWHT9
GABRIE:69KV-GABRIE:138KV|DGABGEA8,0,2,0,,0.0,119.50900268554688,252.97200202941895,2,2026-06-04,0.0,0.03333333333333333,0.23076923076923075,,,,0.0,252.97200202941895,,,0.6229180943347334, GABRIE_AT1 [ GABRIE: 69 KV - GABRIE: 138 KV ] CONT:DGABGEA8
GARZA:1KV-GARZA:69KV|DCE_RIO5,0,2,0,,0.0,134.87110900878906,188.1541826725006,2,2026-05-06,0.0,0.03333333333333333,0.23076923076923075,,,,0.0,188.1541826725006,,,0.6229180943347334,GARZA_XF1L [GARZA: 1 KV -GARZA: 69 KV ] CONT:DCE_RIO5
ELKTN:138KV-TSLVL:138KV|DTRSENT5,0,2,0,,0.0,0.3190000057220459,0.5710000097751617,2,2026-06-17,0.0,0.03333333333333333,0.23076923076923075,,,,0.0,0.5710000097751617,,,0.6229180943347334, 1520__C [ ELKTN: 138 KV - TSLVL: 138 KV ] CONT:DTRSENT5
BDGSW:345KV-KRWSW:345KV|DJCKHND5,0,2,0,,0.0,0.17100000381469727,0.21200000494718552,2,2026-05-29,0.0,0.03333333333333333,0.23076923076923075,,,,0.0,0.21200000494718552,,,0.6229180943347334, 37015__A [ BDGSW: 345 KV - KRWSW: 345 KV ] CONT:DJCKHND5
MEXTP:69KV-ITALY:69KV|SHLSWH28,0,2,0,,0.0,103.38409423828125,240.5971803665161,2,2026-06-10,0.0,0.03333333333333333,0.23076923076923075,,,,0.0,240.5971803665161,,,0.6229180943347334,2270_B        @ITALY||LN||2270_B||_B [MEXTP: 69 KV -ITALY: 69 KV ] CONT:SHLSWH28
MADDUX:138KV-TREADWEL:138KV|DBUCRGP5,0,2,0,,0.0,11.967389106750488,19.92638897895813,2,2026-05-12,0.0,0.03333333333333333,0.23076923076923075,,,,0.0,19.92638897895813,,,0.6229180943347334,MADDUX_TREADW1@MADDUX||LN||MADDUX_TREADW1||1 [MADDUX: 138 KV -TREADWEL: 138 KV ] CONT:DBUCRGP5
ELKTN:1KV-ELKTN:138KV|DTRCTYG5,0,2,0,,0.0,4.415999889373779,14.160999923944473,2,2026-05-02,0.0,0.03333333333333333,0.23076923076923075,,,,0.0,14.160999923944473,,,0.6229180943347334, ELKTN_MR3L [ ELKTN: 1 KV - ELKTN: 138 KV ] CONT:DTRCTYG5
TYLSW:138KV-RLAKE:138KV|DTRSENT5,0,2,0,,0.0,9.017999649047852,26.25599956512451,2,2026-05-12,0.0,0.03333333333333333,0.23076923076923075,,,,0.0,26.25599956512451,,,0.6229180943347334, 700__H [ TYLSW: 138 KV - RLAKE: 138 KV ] CONT:DTRSENT5
DOW:345KV-OAS:345KV|DWPWFWP5,0,2,0,,0.0,14.068119049072266,22.545119285583496,2,2026-05-04,0.0,0.03333333333333333,0.23076923076923075,,,,0.0,22.545119285583496,,,0.6229180943347334, DOWOAS18_A [ DOW: 345 KV - OAS: 345 KV ] CONT:DWPWFWP5
VICTORIA:138.1KV-MAGRUDER:138KV|SCOLKEN8,0,2,0,,0.0,2.6570000648498535,4.849000036716461,2,2026-06-14,0.0,0.03333333333333333,0.23076923076923075,,,,0.0,4.849000036716461,,,0.6229180943347334, MAGRUD_VICTOR2_1 [ VICTORIA: 138.1 KV - MAGRUDER: 138 KV ] CONT:SCOLKEN8
VICTORIA:138.1KV-L_463S:138KV|SPAWSAN8,0,2,0,,0.0,0.8840000033378601,1.152999997138977,2,2026-05-18,0.0,0.03333333333333333,0.23076923076923075,,,,0.0,1.152999997138977,,,0.6229180943347334, LOOP_VICTORIA_1 [ VICTORIA: 138.1 KV - L_463S: 138 KV ] CONT:SPAWSAN8
NEDIN:138.1KV-MCOLL_RD:138KV|DNEDWED8,0,2,0,,0.0,38.49599838256836,85.06999802589417,2,2026-05-12,0.0,0.03333333333333333,0.23076923076923075,,,,0.0,85.06999802589417,,,0.6229180943347334, MCOLL__NEDIN1_1 [ NEDIN: 138.1 KV - MCOLL_RD: 138 KV ] CONT:DNEDWED8
MV_HBRG4:138KV-MV_WESL4:138KV|MPASTNE5,0,2,0,,0.0,71.14399719238281,172.80599880218506,2,2026-06-08,0.0,0.03333333333333333,0.23076923076923075,,,,0.0,172.80599880218506,,,0.6229180943347334,WESLCO_HIDLBRG@MV_HBRG4||LN||WESLCO_HIDLBRG||1 [MV_HBRG4: 138 KV -MV_WESL4: 138 KV ] CONT:MPASTNE5
LON_HILL:138.1KV-BUNSEN:138KV|SN_SAJO5,0,2,0,,0.0,0.2540000081062317,0.6680000126361847,2,2026-05-10,0.0,0.03333333333333333,0.23076923076923075,,,,0.0,0.6680000126361847,,,0.6229180943347334, BUNSEN_LON_HI1_1 [ LON_HILL: 138.1 KV - BUNSEN: 138 KV ] CONT:SN_SAJO5
ESKSW:69KV-TRNT:69KV|BASE,0,2,0,,0.0,21.3799991607666,60.82999861240387,2,2026-06-08,0.0,0.03333333333333333,0.23076923076923075,,,,0.0,60.82999861240387,,,0.6229180943347334, 6585__A [ ESKSW: 69 KV - TRNT: 69 KV ] CONT:BASE CASE
ESKSW:69KV-TRNT:69KV|MDARSRE5,0,2,0,,0.0,19.74799919128418,22.174999237060547,2,2026-06-10,0.0,0.03333333333333333,0.23076923076923075,,,,0.0,22.174999237060547,,,0.6229180943347334, ESKSW_TRNT1_1 [ ESKSW: 69 KV - TRNT: 69 KV ] CONT:MDARSRE5
ESKSW:69KV-TRNT:69KV|STECWCS5,0,2,0,,0.0,43.297000885009766,111.55000114440918,2,2026-06-10,0.0,0.03333333333333333,0.23076923076923075,,,,0.0,111.55000114440918,,,0.6229180943347334, ESKSW_TRNT1_1 [ ESKSW: 69 KV - TRNT: 69 KV ] CONT:STECWCS5
CELANEBI:138KV-KLEBERG:138.1KV|BASE,0,2,0,,0.0,0.006000000052154064,0.008000000147148967,2,2026-05-26,0.0,0.03333333333333333,0.23076923076923075,,,,0.0,0.008000000147148967,,,0.6229180943347334, CELANE_KLEBER1_1 [ CELANEBI: 138 KV - KLEBERG: 138.1 KV ] CONT:BASE CASE
LENSW:138KV-PUTN:138KV|SFLTTUD8,0,2,0,,0.0,2.6089999675750732,6.4049999713897705,2,2026-05-09,0.0,0.03333333333333333,0.23076923076923075,,,,0.0,6.4049999713897705,,,0.6229180943347334, LENSW_PUTN2_1 [ LENSW: 138 KV - PUTN: 138 KV ] CONT:SFLTTUD8
TNFS:69KV-16TH_ST:69KV|SOCOTNP9,0,2,0,,0.0,21.670000076293945,21.74400007724762,2,2026-05-19,0.0,0.03333333333333333,0.23076923076923075,,,,0.0,21.74400007724762,,,0.6229180943347334, M_69_M_1 [ TNFS: 69 KV - 16TH_ST: 69 KV ] CONT:SOCOTNP9
TREADWEL:138KV-YELWJCKT:138KV|DSALHUT5,0,2,0,,0.0,3.194000005722046,3.4749999940395355,2,2026-05-26,0.0,0.03333333333333333,0.23076923076923075,,,,0.0,3.4749999940395355,,,0.6229180943347334, TREADW_YELWJC1_1 [ TREADWEL: 138 KV - YELWJCKT: 138 KV ] CONT:DSALHUT5
DMTSW:138KV-ECRSW:138KV|DSCOTKW5,0,2,0,,0.0,2.934000015258789,10.341999888420105,2,2026-05-13,0.0,0.03333333333333333,0.23076923076923075,,,,0.0,10.341999888420105,,,0.6229180943347334, 6426__A [ DMTSW: 138 KV - ECRSW: 138 KV ] CONT:DSCOTKW5
MRVLY:69KV-ESTLD:69KV|SLENFLT8,0,2,0,,0.0,8.545000076293945,14.80800012871623,2,2026-05-02,0.0,0.03333333333333333,0.23076923076923075,,,,0.0,14.80800012871623,,,0.6229180943347334, 6635__G [ MRVLY: 69 KV - ESTLD: 69 KV ] CONT:SLENFLT8
NEVADA:138KV-WYLIESW:138KV|SLOOAPO8,0,4,0,,0.0,6.158999919891357,43.691000297665596,4,2026-07-11,0.0,0.06666666666666667,0.13043478260869568,,,,0.20000000298023224,43.491000294685364,,,0.5045481357351083, WYL_NEVA_1 [ NEVADA: 138 KV - WYLIESW: 138 KV ] CONT:SLOOAPO8
DPREA:138KV-RCSES:138KV|XPRS58,0,8,0,,0.0,114.41830444335938,1212.8058779016137,8,2026-06-30,0.0,0.13333333333333333,0.06976744186046512,,,,0.47099998593330383,1212.3348779156804,,,0.49178066642906615, 1561__A [ DPREA: 138 KV - RCSES: 138 KV ] CONT:XPRS58
LHLSW:345KV-LCSES:345KV|DTHSLCS5,0,3,0,,0.0,8.24899959564209,20.243999406695366,3,2026-06-21,0.0,0.05,0.16666666666666666,1.0,0.023000000044703484,0.023000000044703484,0.0,20.243999406695366,,,0.4851915264949628,282           @LHLSW||LN||282||_A [LHLSW: 345 KV -LCSES: 345 KV ] CONT:DTHSLCS5
THSES:345KV-LHLSW:345KV|DTHSLCS5,0,3,0,,0.0,20.947826385498047,29.182965606451035,3,2026-06-20,0.0,0.05,0.16666666666666666,,,,0.0,29.182965606451035,,,0.46245203948177493,281           @THSES||LN||281||_A [THSES: 345 KV -LHLSW: 345 KV ] CONT:DTHSLCS5
FRONTERA:138KV-S_MISSIN:138KV|SN_MJAM8,0,3,0,,0.0,3.48799991607666,11.048999905586243,3,2026-06-10,0.0,0.05,0.16666666666666666,,,,0.0,11.048999905586243,,,0.46245203948177493,BENTS_FRTER_1B@FRONTERA||LN||BENTS_FRTER_1B||1 [FRONTERA: 138 KV -S_MISSIN: 138 KV ] CONT:SN_MJAM8
HUBRD:138KV-HAN1:138KV|DVENFTS5,0,3,0,,0.0,9.246000289916992,25.91700029373169,3,2026-05-30,0.0,0.05,0.16666666666666666,,,,0.0,25.91700029373169,,,0.46245203948177493,1210__B [HUBRD: 138 KV -HAN1: 138 KV ] CONT:DVENFTS5
BLESSING:138KV-BLESSING:69KV|MELMNHK5,0,3,0,,0.0,34.676998138427734,67.12899862229824,3,2026-06-06,0.0,0.05,0.16666666666666666,,,,0.0,67.12899862229824,,,0.46245203948177493, BLESSING_69A1 [ BLESSING: 138 KV - BLESSING: 69 KV ] CONT:MELMNHK5
BLESSING:138KV-BLESSING:69KV|SLANPAV8,0,3,0,,0.0,3.8949999809265137,5.700000047683716,3,2026-06-09,0.0,0.05,0.16666666666666666,,,,0.0,5.700000047683716,,,0.46245203948177493, BLESSING_69A1 [ BLESSING: 138 KV - BLESSING: 69 KV ] CONT:SLANPAV8
SCSES:1KV-SCSES:138KV|DTRSENT5,0,3,0,,0.0,4.245999813079834,28.23099957406521,3,2026-05-03,0.0,0.05,0.16666666666666666,,,,0.0,28.23099957406521,,,0.46245203948177493, SCSES_MR1L [ SCSES: 1 KV - SCSES: 138 KV ] CONT:DTRSENT5
BOW:138KV-PATTSNST:138KV|SMYRSPR8,0,3,0,,0.0,10.734000205993652,65.91499975323677,3,2026-05-05,0.0,0.05,0.16666666666666666,,,,0.0,65.91499975323677,,,0.46245203948177493, PAT_BOWI_1 [ BOW: 138 KV - PATTSNST: 138 KV ] CONT:SMYRSPR8
BR:138KV-HOC:138KV|DGT_HOC8,0,3,0,,0.0,40.268001556396484,375.0920034646988,3,2026-05-13,0.0,0.05,0.16666666666666666,,,,0.0,375.0920034646988,,,0.46245203948177493, BR_HOC09_A [ BR: 138 KV - HOC: 138 KV ] CONT:DGT_HOC8
YELWJCKT:138KV-FORTMA:138KV|SFERFER8,0,3,0,,0.0,1.0779999494552612,2.398999935016036,3,2026-05-29,0.0,0.05,0.16666666666666666,,,,0.0,2.398999935016036,,,0.46245203948177493, FORTMA_YELWJC1_1 [ YELWJCKT: 138 KV - FORTMA: 138 KV ] CONT:SFERFER8
FTST:138KV-SOLSTICE:138KV|SBAKNOR5,0,3,0,,0.0,3.5980000495910645,13.674999874085188,3,2026-05-13,0.0,0.05,0.16666666666666666,,,,0.0,13.674999874085188,,,0.46245203948177493, FTST_SOLSTI1_1 [ FTST: 138 KV - SOLSTICE: 138 KV ] CONT:SBAKNOR5
FRYSW:69KV-MCFSW:69KV|BASE,0,3,0,,0.0,10.619999885559082,40.08500051498413,3,2026-05-17,0.0,0.05,0.16666666666666666,,,,0.0,40.08500051498413,,,0.46245203948177493, 2345__B [ FRYSW: 69 KV - MCFSW: 69 KV ] CONT:BASE CASE
AMOTP:69KV-CGRSW:69KV|XSNY89,0,3,0,,0.0,20.680999755859375,51.65399971604347,3,2026-05-13,0.0,0.05,0.16666666666666666,,,,0.0,51.65399971604347,,,0.46245203948177493, 6695__A [ AMOTP: 69 KV - CGRSW: 69 KV ] CONT:XSNY89
FORTMA:138KV-YELWJCKT:138KV|DMARMAR8,0,3,0,,0.0,4.119999885559082,10.62800008058548,3,2026-05-08,0.0,0.05,0.16666666666666666,,,,0.0,10.62800008058548,,,0.46245203948177493, FORTMA_YELWJC1_1 [ FORTMA: 138 KV - YELWJCKT: 138 KV ] CONT:DMARMAR8
KENEDSW:138KV-KARNESCI:138KV|SPAWCAL5,0,3,0,,0.0,9.39900016784668,13.071000270545483,3,2026-05-11,0.0,0.05,0.16666666666666666,,,,0.0,13.071000270545483,,,0.46245203948177493, KARNES_KENEDS1_1 [ KENEDSW: 138 KV - KARNESCI: 138 KV ] CONT:SPAWCAL5
ASHERTON:138KV-CATARINA:138KV|SLARDUS8,0,3,0,,0.0,2.91332745552063,4.19032746553421,3,2026-06-04,0.0,0.05,0.16666666666666666,,,,0.0,4.19032746553421,,,0.46245203948177493, ASHERT_CATARI1_1 [ ASHERTON: 138 KV - CATARINA: 138 KV ] CONT:SLARDUS8
ASHERTON:138KV-ASHERTON:138.1KV|BASE,0,3,0,,0.0,1.86899995803833,3.018999993801117,3,2026-06-18,0.0,0.05,0.16666666666666666,,,,0.0,3.018999993801117,,,0.46245203948177493, ASHERT_SERDEV1_1 [ ASHERTON: 138 KV - ASHERTON: 138.1 KV ] CONT:BASE CASE
BR:138KV-HOC:138KV|MGTKBHC8,0,3,0,,0.0,35.685001373291016,283.9930715560913,3,2026-05-13,0.0,0.05,0.16666666666666666,,,,0.0,283.9930715560913,,,0.46245203948177493, BR_HOC09_A [ BR: 138 KV - HOC: 138 KV ] CONT:MGTKBHC8
RIOHONDO:138KV-MV_RIOHO:138KV|MVCRAN89,0,3,0,,0.0,104.39800262451172,370.8810063097626,3,2026-05-11,0.0,0.05,0.16666666666666666,,,,0.0,370.8810063097626,,,0.46245203948177493, RIOHND_ERIOHND_1 [ RIOHONDO: 138 KV - MV_RIOHO: 138 KV ] CONT:MVCRAN89
PUTN:138KV-LENSW:138KV|DCMNFUL8,0,3,0,,0.0,0.9570000171661377,1.422000008635223,3,2026-05-23,0.0,0.05,0.16666666666666666,,,,0.0,1.422000008635223,,,0.46245203948177493, LENSW_PUTN2_1 [ PUTN: 138 KV - LENSW: 138 KV ] CONT:DCMNFUL8
CARVER:138KV-TINSLEY:138KV|SBIGOR55,0,3,0,,0.0,2.0250000953674316,3.5580001026391983,3,2026-05-15,0.0,0.05,0.16666666666666666,,,,0.0,3.5580001026391983,,,0.46245203948177493, CARVER_TINSLE1_1 [ CARVER: 138 KV - TINSLEY: 138 KV ] CONT:SBIGOR55
THW:345KV-THW:1KV|DZENADK8,0,3,0,,0.0,3.440999984741211,8.022999841719866,3,2026-06-23,0.0,0.05,0.16666666666666666,,,,0.0,8.022999841719866,,,0.46245203948177493, THW_AT3 [ THW: 345 KV - THW: 1 KV ] CONT:DZENADK8
TMPCR:345KV-TMPSW:345KV|DSALKLN5,0,3,0,,0.0,31.777000427246094,121.92999930307269,3,2026-05-04,0.0,0.05,0.16666666666666666,,,,0.0,121.92999930307269,,,0.46245203948177493, 315__A [ TMPCR: 345 KV - TMPSW: 345 KV ] CONT:DSALKLN5
RAYBURN:138KV-RAYBURN:69KV|SL_4RAY8,0,3,0,,0.0,47.42246627807617,64.72217130661011,3,2026-06-17,0.0,0.05,0.16666666666666666,,,,0.0,64.72217130661011,,,0.46245203948177493, RAYBURN_69_2 [ RAYBURN: 138 KV - RAYBURN: 69 KV ] CONT:SL_4RAY8
CAMPWOOD:69KV-LEAKEY:69KV|SLEABAN9,0,3,0,,0.0,44.33000183105469,63.7110013961792,3,2026-06-20,0.0,0.05,0.16666666666666666,,,,0.0,63.7110013961792,,,0.46245203948177493, 384T269_1 [ CAMPWOOD: 69 KV - LEAKEY: 69 KV ] CONT:SLEABAN9
CARVER:138KV-TINSLEY:138KV|DFRIILL8,0,3,0,,0.0,14.295000076293945,38.61384737491608,3,2026-06-18,0.0,0.05,0.16666666666666666,,,,0.0,38.61384737491608,,,0.46245203948177493, CARVER_TINSLE1_1 [ CARVER: 138 KV - TINSLEY: 138 KV ] CONT:DFRIILL8
LA_PALMA:138KV-VCAVAZOS:138KV|SMV_PAR8,0,3,0,,0.0,3499.999755859375,27058.944820404053,3,2026-05-15,0.0,0.05,0.16666666666666666,,,,0.0,27058.944820404053,,,0.46245203948177493, LA_PAL_VCAVAZ1_1 [ LA_PALMA: 138 KV - VCAVAZOS: 138 KV ] CONT:SMV_PAR8
LA_PALMA:138KV-VCAVAZOS:138KV|SMV_MV88,0,3,0,,0.0,15.741999626159668,23.847999572753906,3,2026-05-13,0.0,0.05,0.16666666666666666,,,,0.0,23.847999572753906,,,0.46245203948177493, LA_PAL_VCAVAZ1_1 [ LA_PALMA: 138 KV - VCAVAZOS: 138 KV ] CONT:SMV_MV88
NLARSW:138KV-UNITEC:138KV|DRAPRE58,0,3,0,,0.0,77.68699645996094,116.83799639344215,3,2026-05-13,0.0,0.05,0.16666666666666666,,,,0.0,116.83799639344215,,,0.46245203948177493, NLARSW_UNITEC1_1 [ NLARSW: 138 KV - UNITEC: 138 KV ] CONT:DRAPRE58
NORTMC:138KV-CROSSOVE:138KV|SBAKNOR5,0,3,0,,0.0,139.79833984375,324.27267360687256,3,2026-05-13,0.0,0.05,0.16666666666666666,,,,0.0,324.27267360687256,,,0.46245203948177493, CROSSO_NORTMC1_1 [ NORTMC: 138 KV - CROSSOVE: 138 KV ] CONT:SBAKNOR5
NLARSW:138KV-PILONCIL:138KV|DPALPEA8,0,3,0,,0.0,1.9630000591278076,2.0520000606775284,3,2026-05-26,0.0,0.05,0.16666666666666666,,,,0.0,2.0520000606775284,,,0.46245203948177493, NLARSW_PILONC1_1 [ NLARSW: 138 KV - PILONCIL: 138 KV ] CONT:DPALPEA8
ORNGROV:69KV-SNDIEGS:69KV|MLONOR58,0,3,0,,0.0,306.3197937011719,465.09776105731726,3,2026-05-14,0.0,0.05,0.16666666666666666,,,,0.0,465.09776105731726,,,0.46245203948177493, SND_ORAN_1 [ ORNGROV: 69 KV - SNDIEGS: 69 KV ] CONT:MLONOR58
NLARSW:138KV-PILONCIL:138KV|SMAXFER8,0,3,0,,0.0,1.1050000190734863,1.800000011920929,3,2026-06-13,0.0,0.05,0.16666666666666666,,,,0.0,1.800000011920929,,,0.46245203948177493, NLARSW_PILONC1_1 [ NLARSW: 138 KV - PILONCIL: 138 KV ] CONT:SMAXFER8
COLETO:138KV-ROSATA:138KV|SPAWCAL5,0,3,0,,0.0,33.046363830566406,109.57671395689249,3,2026-05-05,0.0,0.05,0.16666666666666666,,,,0.0,109.57671395689249,,,0.46245203948177493,COLETO_ROSATA1_1 [COLETO: 138 KV -ROSATA: 138 KV ] CONT:SPAWCAL5
LENSW:138KV-PUTN:138KV|MXMUB58,0,3,0,,0.0,5.500999927520752,11.269999980926514,3,2026-05-08,0.0,0.05,0.16666666666666666,,,,0.0,11.269999980926514,,,0.46245203948177493, LENSW_PUTN2_1 [ LENSW: 138 KV - PUTN: 138 KV ] CONT:MXMUB58
ESKSW:69KV-TRNT:69KV|SWCSTOM5,0,3,0,,0.0,19.18899917602539,41.91099977493286,3,2026-06-17,0.0,0.05,0.16666666666666666,,,,0.0,41.91099977493286,,,0.46245203948177493, ESKSW_TRNT1_1 [ ESKSW: 69 KV - TRNT: 69 KV ] CONT:SWCSTOM5
LA_PALMA:1KV-LA_PALMA:138KV|MPASTNE5,0,3,0,,0.0,2.8399999141693115,17.749999664723873,3,2026-06-04,0.0,0.05,0.16666666666666666,,,,0.0,17.749999664723873,,,0.46245203948177493, LA_PALMA_XF1B [ LA_PALMA: 1 KV - LA_PALMA: 138 KV ] CONT:MPASTNE5
LA_PALMA:345KV-LA_PALMA:1KV|MPASTNE5,0,3,0,,0.0,2.8399999141693115,17.749999664723873,3,2026-06-04,0.0,0.05,0.16666666666666666,,,,0.0,17.749999664723873,,,0.46245203948177493, LA_PALMA_XF1A [ LA_PALMA: 345 KV - LA_PALMA: 1 KV ] CONT:MPASTNE5
PGTP1:138KV-PDSES:138KV|DTRCFOR5,0,3,0,,0.0,62.314998626708984,312.8939962014556,3,2026-05-03,0.0,0.05,0.16666666666666666,,,,0.0,312.8939962014556,,,0.46245203948177493, 3610__G [ PGTP1: 138 KV - PDSES: 138 KV ] CONT:DTRCFOR5
PGTP1:138KV-PDSES:138KV|DNORCDH5,0,3,0,,0.0,1450.9200439453125,5761.331354379654,3,2026-05-05,0.0,0.05,0.16666666666666666,,,,0.0,5761.331354379654,,,0.46245203948177493, 3610__G [ PGTP1: 138 KV - PDSES: 138 KV ] CONT:DNORCDH5
CARVER:138KV-TINSLEY:138KV|SASPUVA8,0,3,0,,0.0,33.26100158691406,107.96600084472448,3,2026-05-27,0.0,0.05,0.16666666666666666,,,,0.0,107.96600084472448,,,0.46245203948177493, CARVER_TINSLE1_1 [ CARVER: 138 KV - TINSLEY: 138 KV ] CONT:SASPUVA8
NLARSW:138KV-UNITEC:138KV|DFALREV8,0,3,0,,0.0,77.68699645996094,116.83799639344215,3,2026-05-13,0.0,0.05,0.16666666666666666,,,,0.0,116.83799639344215,,,0.46245203948177493, NLARSW_UNITEC1_1 [ NLARSW: 138 KV - UNITEC: 138 KV ] CONT:DFALREV8
ENWSW:138KV-TMPTN:138KV|SENWSHK8,0,3,0,,0.0,291.6666564941406,344.4658789038658,3,2026-05-14,0.0,0.05,0.16666666666666666,,,,0.0,344.4658789038658,,,0.46245203948177493,940_A         @ENWSW||LN||940_A||_A [ENWSW: 138 KV -TMPTN: 138 KV ] CONT:SENWSHK8
NLARSW:138KV-UNITEC:138KV|DCEDERE5,0,3,0,,0.0,107.48999786376953,256.72027042508125,3,2026-05-13,0.0,0.05,0.16666666666666666,,,,0.0,256.72027042508125,,,0.46245203948177493, NLARSW_UNITEC1_1 [ NLARSW: 138 KV - UNITEC: 138 KV ] CONT:DCEDERE5
MDO:345KV-PHR:345KV|DWPWFWP5,0,3,0,,0.0,23.541000366210938,50.22900080680847,3,2026-05-14,0.0,0.05,0.16666666666666666,,,,0.0,50.22900080680847,,,0.46245203948177493, MDOPHR99_A [ MDO: 345 KV - PHR: 345 KV ] CONT:DWPWFWP5
MDO:345KV-PHR:345KV|SKGJOR5,0,3,0,,0.0,37.72700119018555,302.23325967788696,3,2026-05-04,0.0,0.05,0.16666666666666666,,,,0.0,302.23325967788696,,,0.46245203948177493, MDOPHR99_A [ MDO: 345 KV - PHR: 345 KV ] CONT:SKGJOR5
VICTORIA:138.1KV-L_463S:138KV|DFOAVLO5,0,3,0,,0.0,1.097000002861023,2.9360000118613243,3,2026-05-04,0.0,0.05,0.16666666666666666,,,,0.0,2.9360000118613243,,,0.46245203948177493, LOOP_VICTORIA_1 [ VICTORIA: 138.1 KV - L_463S: 138 KV ] CONT:DFOAVLO5
BCPSW:138KV-AZLES:138KV|SBRTGRM8,0,3,0,,0.0,43.021602630615234,95.12384223937988,3,2026-06-14,0.0,0.05,0.16666666666666666,,,,0.0,95.12384223937988,,,0.46245203948177493,6275_D        @BCPSW||LN||6275_D||_D [BCPSW: 138 KV -AZLES: 138 KV ] CONT:SBRTGRM8
DANSBY:69KV-BUS_PARK:69KV|XDAN89,0,3,0,,0.0,22.200000762939453,182.35000085830688,3,2026-06-21,0.0,0.05,0.16666666666666666,,,,0.0,182.35000085830688,,,0.46245203948177493, BUS_DANS_1 [ DANSBY: 69 KV - BUS_PARK: 69 KV ] CONT:XDAN89
DANSBY:69KV-TABOR:69KV|XDAN89,0,3,0,,0.0,13.979000091552734,85.16900018695742,3,2026-06-05,0.0,0.05,0.16666666666666666,,,,0.0,85.16900018695742,,,0.46245203948177493, TAB_DANS_1 [ DANSBY: 69 KV - TABOR: 69 KV ] CONT:XDAN89
MCFSW:69KV-FRYSW:69KV|BASE,0,3,0,,0.0,0.6669999957084656,0.8769999966025352,3,2026-05-16,0.0,0.05,0.16666666666666666,,,,0.0,0.8769999966025352,,,0.46245203948177493, 2345__B [ MCFSW: 69 KV - FRYSW: 69 KV ] CONT:BASE CASE
MV_BURNS:138KV-MV_HBRG4:138KV|SN_SAJO5,0,3,0,,0.0,13.645000457763672,41.81700086593628,3,2026-05-05,0.0,0.05,0.16666666666666666,,,,0.0,41.81700086593628,,,0.46245203948177493,BURNS_HEIDLBRG@MV_BURNS||LN|| BURNS_HEIDLBRG||1 [MV_BURNS: 138 KV -MV_HBRG4: 138 KV ] CONT:SN_SAJO5
NLARSW:138KV-UNITEC:138KV|DDNEDBP5,0,3,0,,0.0,19.729999542236328,42.814769610762596,3,2026-05-14,0.0,0.05,0.16666666666666666,,,,0.0,42.814769610762596,,,0.46245203948177493, NLARSW_UNITEC1_1 [ NLARSW: 138 KV - UNITEC: 138 KV ] CONT:DDNEDBP5
MRLSW:69KV-OILML:69KV|SRIELCS8,0,3,0,,0.0,18.65399932861328,111.64399814605713,3,2026-06-21,0.0,0.05,0.16666666666666666,,,,0.0,111.64399814605713,,,0.46245203948177493, 7015__A [ MRLSW: 69 KV - OILML: 69 KV ] CONT:SRIELCS8
FURHMAN:138KV-RAYBURN:138KV|BASE,0,3,0,,0.0,29.103900909423828,79.71976578235626,3,2026-06-04,0.0,0.05,0.16666666666666666,,,,0.0,79.71976578235626,,,0.46245203948177493,RAYBUR_FURHMAN_1 [FURHMAN: 138 KV -RAYBURN: 138 KV ] CONT:BASE CASE
SCSES:345KV-SCSES:1KV|DTRSENT5,0,3,0,,0.0,4.245999813079834,28.23099957406521,3,2026-05-03,0.0,0.05,0.16666666666666666,,,,0.0,28.23099957406521,,,0.46245203948177493, SCSES_MR1H [ SCSES: 345 KV - SCSES: 1 KV ] CONT:DTRSENT5
BLESSING:345KV-BLESSING:138KV|DREFSTP5,0,3,0,,0.0,83.85176086425781,213.32832193374634,3,2026-05-14,0.0,0.05,0.16666666666666666,,,,0.0,213.32832193374634,,,0.46245203948177493, BLESSING_1382 [ BLESSING: 345 KV - BLESSING: 138 KV ] CONT:DREFSTP5
SHBSW:345KV-SHBSW:138KV|DDORELK5,0,3,0,,0.0,6.361999988555908,17.444000214338303,3,2026-05-30,0.0,0.05,0.16666666666666666,,,,0.0,17.444000214338303,,,0.46245203948177493, SHBSW_FMR1 [ SHBSW: 345 KV - SHBSW: 138 KV ] CONT:DDORELK5
SEADRFTC:138KV-MELONCRE:138KV|SGRIRAP5,0,3,0,,0.0,68.06199645996094,537.1720252037048,3,2026-06-04,0.0,0.05,0.16666666666666666,,,,0.0,537.1720252037048,,,0.46245203948177493, MELONC_SEADRF1_1 [ SEADRFTC: 138 KV - MELONCRE: 138 KV ] CONT:SGRIRAP5
BLESSING:138KV-PAVLOV:138.1KV|DSTPREF5,0,3,0,,0.0,1.968000054359436,4.560000091791153,3,2026-06-18,0.0,0.05,0.16666666666666666,,,,0.0,4.560000091791153,,,0.46245203948177493, BLESSI_PAVLOV1_1 [ BLESSING: 138 KV - PAVLOV: 138.1 KV ] CONT:DSTPREF5
KLEBERG:138.1KV-CELANEBI:138KV|SNEDREF5,0,9,0,,0.0,0.25999999046325684,1.5209999824874103,9,2026-07-02,0.0,0.15,0.0625,,,,0.3390000034123659,1.1819999790750444,,,0.40081616739241377, CELANE_KLEBER1_1 [ KLEBERG: 138.1 KV - CELANEBI: 138 KV ] CONT:SNEDREF5
FRONTERA:138KV-S_MISSIN:138KV|MPASTNE5,0,5,0,,0.0,2.0320000648498535,6.249000042676926,5,2026-06-24,0.0,0.08333333333333333,0.10714285714285715,,,,0.11699999868869781,6.132000043988228,,,0.38833297211466217,BENTS_FRTER_1B@FRONTERA||LN||BENTS_FRTER_1B||1 [FRONTERA: 138 KV -S_MISSIN: 138 KV ] CONT:MPASTNE5
BLESSING:69KV-PALACIOS:69KV|MELMNHK5,0,4,0,,0.0,78.38600158691406,211.0269980430603,4,2026-06-06,0.0,0.06666666666666667,0.13043478260869568,,,,0.0,211.0269980430603,,,0.36780696627699716, BLESSI_PALACI1_1 [ BLESSING: 69 KV - PALACIOS: 69 KV ] CONT:MELMNHK5
CMNSW:345KV-CMNSW:1KV|DKLNRGP5,0,4,0,,0.0,2.927000045776367,5.976000033318996,4,2026-06-20,0.0,0.06666666666666667,0.13043478260869568,,,,0.0,5.976000033318996,,,0.36780696627699716, CMNSW_MR1H [ CMNSW: 345 KV - CMNSW: 1 KV ] CONT:DKLNRGP5
PKRSW:345KV-BNBSW:345KV|SBNBPK25,0,4,0,,0.0,30.59505271911621,140.95406106114388,4,2026-05-14,0.0,0.06666666666666667,0.13043478260869568,,,,0.0,140.95406106114388,,,0.36780696627699716,6005__A [PKRSW: 345 KV -BNBSW: 345 KV ] CONT:SBNBPK25
COLETO:138KV-VICTORIA:138KV|SVICCO28,0,4,0,,0.0,78.34230041503906,245.2142191529274,4,2026-05-18,0.0,0.06666666666666667,0.13043478260869568,,,,0.0,245.2142191529274,,,0.36780696627699716,COLETO_VICTOR2_1 [COLETO: 138 KV -VICTORIA: 138 KV ] CONT:SVICCO28
CTECBU:69KV-SANDMO:69KV|SBUCCOR9,0,4,0,,0.0,24.70599937438965,28.79099940508604,4,2026-05-14,0.0,0.06666666666666667,0.13043478260869568,,,,0.0,28.79099940508604,,,0.36780696627699716, 34T267_1 [ CTECBU: 69 KV - SANDMO: 69 KV ] CONT:SBUCCOR9
CMNSW:1KV-CMNSW:138KV|DKLNRGP5,0,4,0,,0.0,2.927000045776367,5.976000033318996,4,2026-06-20,0.0,0.06666666666666667,0.13043478260869568,,,,0.0,5.976000033318996,,,0.36780696627699716, CMNSW_MR1L [ CMNSW: 1 KV - CMNSW: 138 KV ] CONT:DKLNRGP5
ODEHV:1KV-ODEHV:138KV|DODEMOS5,0,4,0,,0.0,30.756000518798828,258.07599887251854,4,2026-06-04,0.0,0.06666666666666667,0.13043478260869568,,,,0.0,258.07599887251854,,,0.36780696627699716, ODEHV_MR1L [ ODEHV: 1 KV - ODEHV: 138 KV ] CONT:DODEMOS5
ELMOT:138KV-MCTYE:138KV|DTHSLCS5,0,4,0,,0.0,148.63099670410156,488.5652936697006,4,2026-05-06,0.0,0.06666666666666667,0.13043478260869568,,,,0.0,488.5652936697006,,,0.36780696627699716, 1020__A [ ELMOT: 138 KV - MCTYE: 138 KV ] CONT:DTHSLCS5
NLARSW:138KV-PILONCIL:138KV|SDELNED5,0,4,0,,0.0,3.812999963760376,20.57199990749359,4,2026-05-11,0.0,0.06666666666666667,0.13043478260869568,,,,0.0,20.57199990749359,,,0.36780696627699716, NLARSW_PILONC1_1 [ NLARSW: 138 KV - PILONCIL: 138 KV ] CONT:SDELNED5
COLETO:138KV-VICTORIA:138KV|DVICVI89,0,4,0,,0.0,165.96499633789062,421.6647011041641,4,2026-05-19,0.0,0.06666666666666667,0.13043478260869568,,,,0.0,421.6647011041641,,,0.36780696627699716,COLETO_VICTOR2_1 [COLETO: 138 KV -VICTORIA: 138 KV ] CONT:DVICVI89
HUTTO:138KV-RRNES:138KV|SRRNHU48,0,4,0,,0.0,66.3489990234375,368.3340007662773,4,2026-05-14,0.0,0.06666666666666667,0.13043478260869568,,,,0.0,368.3340007662773,,,0.36780696627699716, 1660__C [ HUTTO: 138 KV - RRNES: 138 KV ] CONT:SRRNHU48
FORTMA:138KV-YELWJCKT:138KV|SBIGOR55,0,4,0,,0.0,535.568603515625,2861.792823433876,4,2026-05-06,0.0,0.06666666666666667,0.13043478260869568,,,,0.0,2861.792823433876,,,0.36780696627699716, FORTMA_YELWJC1_1 [ FORTMA: 138 KV - YELWJCKT: 138 KV ] CONT:SBIGOR55
BOW:69KV-BOW:138KV|SWHTWOL8,0,4,0,,0.0,117.73699951171875,567.9120035171509,4,2026-05-18,0.0,0.06666666666666667,0.13043478260869568,,,,0.0,567.9120035171509,,,0.36780696627699716, BOW_FMR1 [ BOW: 69 KV - BOW: 138 KV ] CONT:SWHTWOL8
ROBY:69KV-ROTN:69KV|SJAYSPU9,0,4,0,,0.0,3.3310000896453857,8.91200004518032,4,2026-05-25,0.0,0.06666666666666667,0.13043478260869568,,,,0.0,8.91200004518032,,,0.36780696627699716, ROBY_ROTN1_1 [ ROBY: 69 KV - ROTN: 69 KV ] CONT:SJAYSPU9
BR:138KV-HOC:138.3KV|XJN58,0,4,0,,0.0,4.835999965667725,21.482999961823225,4,2026-05-22,0.0,0.06666666666666667,0.13043478260869568,,,,0.0,21.482999961823225,,,0.36780696627699716, BR_HOC09_A [ BR: 138 KV - HOC: 138.3 KV ] CONT:XJN58
PUTN:138KV-LENSW:138KV|BASE,0,4,0,,0.0,0.06300000101327896,0.16400000266730785,4,2026-06-07,0.0,0.06666666666666667,0.13043478260869568,,,,0.0,0.16400000266730785,,,0.36780696627699716, LENSW_PUTN2_1 [ PUTN: 138 KV - LENSW: 138 KV ] CONT:BASE CASE
QNM:138KV-AZ:138KV|DBOGSC_8,0,4,0,,0.0,2.5160000324249268,41.08500002324581,4,2026-05-12,0.0,0.06666666666666667,0.13043478260869568,,,,0.0,41.08500002324581,,,0.36780696627699716, AZ_QNM85_A [ QNM: 138 KV - AZ: 138 KV ] CONT:DBOGSC_8
HOWARD:138KV-LEON_CRK:138KV|DCAGMED8,0,4,0,,0.0,17.295000076293945,56.15099998563528,4,2026-06-09,0.0,0.06666666666666667,0.13043478260869568,,,,0.0,56.15099998563528,,,0.36780696627699716, D5_S1_1 [ HOWARD: 138 KV - LEON_CRK: 138 KV ] CONT:DCAGMED8
WOLFCAMP:138KV-SANTARIT:138KV|SCROPAL8,0,4,0,,0.0,15.480562210083008,39.33982503414154,4,2026-06-02,0.0,0.06666666666666667,0.13043478260869568,,,,0.0,39.33982503414154,,,0.36780696627699716,SANTAR_WOLFCA1_1 [WOLFCAMP: 138 KV -SANTARIT: 138 KV ] CONT:SCROPAL8
SACRC:138KV-DPCRK:138KV|DSCOTKW5,0,4,0,,0.0,151.4669952392578,851.5452921465039,4,2026-05-14,0.0,0.06666666666666667,0.13043478260869568,,,,0.0,851.5452921465039,,,0.36780696627699716,6240__C [SACRC: 138 KV -DPCRK: 138 KV ] CONT:DSCOTKW5
SCHNDR:345KV-BIGHIL:345KV|SBIGSCH5,0,4,0,,0.0,2.1459999084472656,10.025000020395964,4,2026-06-20,0.0,0.06666666666666667,0.13043478260869568,,,,0.0,10.025000020395964,,,0.36780696627699716, SCHNDR_BIGHIL2_2 [ SCHNDR: 345 KV - BIGHIL: 345 KV ] CONT:SBIGSCH5
ASHERTON:138KV-CATARINA:138KV|BASE,0,4,0,,0.0,0.2150000035762787,0.6050000002142042,4,2026-06-13,0.0,0.06666666666666667,0.13043478260869568,,,,0.0,0.6050000002142042,,,0.36780696627699716, ASHERT_CATARI1_1 [ ASHERTON: 138 KV - CATARINA: 138 KV ] CONT:BASE CASE
CELANEBI:138.1KV-N_SHARPE:138KV|SNEDREF5,0,9,0,,0.0,0.25999999046325684,1.4359999778680503,9,2026-07-02,0.0,0.15,0.0625,,,,0.25399999879300594,1.1819999790750444,,,0.3516276963854648, CELANE_N_SHAR1_1 [ CELANEBI: 138.1 KV - N_SHARPE: 138 KV ] CONT:SNEDREF5
SALDS:138KV-SONTERRA:138KV|DHUTGEA8,0,9,0,,0.0,41.3129997253418,411.2720008715987,9,2026-06-26,0.0,0.15,0.0625,,,,0.23000000417232513,411.0420008674264,,,0.33713449503164983,1710_A        @SALDS||LN||1710_A||_A [SALDS: 138 KV -SONTERRA: 138 KV ] CONT:DHUTGEA8
NCSTP:138KV-LFKSW:138KV|DREDNC85,0,6,0,,0.0,13.154999732971191,134.87899997085333,6,2026-07-14,0.0,0.1,0.09090909090909091,,,,0.09799999743700027,134.78099997341633,,,0.3311518865337106, 1350__E [ NCSTP: 138 KV - LFKSW: 138 KV ] CONT:DREDNC85
FARMLAND:345KV-W_LD_345:345KV|DWHIWR25,0,7,0,,0.0,7.623000144958496,17.120000259019434,7,2026-07-09,0.0,0.11666666666666667,0.07894736842105263,,,,0.10999999940395355,17.01000025961548,,,0.3062277320242141,FARMLAND_LONGD@W_LD_345||LN||FARMLAND_LONGD||1.0 [FARMLAND: 345 KV -W_LD_345: 345 KV ] CONT:DWHIWR25
NLARSW:138KV-UNITEC:138KV|DCENFRE5,0,5,0,,0.0,3.8929998874664307,20.210956398397684,5,2026-05-13,0.0,0.08333333333333333,0.10714285714285715,,,,0.0,20.210956398397684,,,0.30534808292982696, NLARSW_UNITEC1_1 [ NLARSW: 138 KV - UNITEC: 138 KV ] CONT:DCENFRE5
ORNGROV:69KV-SNDIEGS:69KV|DWELONL8,0,5,0,,0.0,25.117000579833984,75.26000071689487,5,2026-06-17,0.0,0.08333333333333333,0.10714285714285715,,,,0.0,75.26000071689487,,,0.30534808292982696, SND_ORAN_1 [ ORNGROV: 69 KV - SNDIEGS: 69 KV ] CONT:DWELONL8
LOYOLA:138KV-KLEBERG:138.1KV|SN_SAJO5,0,5,0,,0.0,2.111999988555908,15.273000180721283,5,2026-06-21,0.0,0.08333333333333333,0.10714285714285715,,,,0.0,15.273000180721283,,,0.30534808292982696, KLEBER_LOYOLA1_1 [ LOYOLA: 138 KV - KLEBERG: 138.1 KV ] CONT:SN_SAJO5
MASONSW:69KV-HEXT:69KV|SJUNYEL9,0,5,0,,0.0,5.349999904632568,23.330000162124634,5,2026-06-23,0.0,0.08333333333333333,0.10714285714285715,,,,0.0,23.330000162124634,,,0.30534808292982696,HEXT_MASONS1  @MASONSW||LN|| HEXT_MASONS1||1 [MASONSW: 69 KV -HEXT: 69 KV ] CONT:SJUNYEL9
MADDUX:138KV-TREADWEL:138KV|SBIGOR55,0,5,0,,0.0,15.552000045776367,125.69800020754337,5,2026-05-09,0.0,0.08333333333333333,0.10714285714285715,,,,0.0,125.69800020754337,,,0.30534808292982696,MADDUX_TREADW1@MADDUX||LN||MADDUX_TREADW1||1 [MADDUX: 138 KV -TREADWEL: 138 KV ] CONT:SBIGOR55
NLARSW:138KV-UNITEC:138KV|SFALROM8,0,5,0,,0.0,18.632999420166016,127.97399887442589,5,2026-05-13,0.0,0.08333333333333333,0.10714285714285715,,,,0.0,127.97399887442589,,,0.30534808292982696, NLARSW_UNITEC1_1 [ NLARSW: 138 KV - UNITEC: 138 KV ] CONT:SFALROM8
RIOHONDO:138KV-MV_RIOHO:138KV|MTGURIO5,0,5,0,,0.0,53.16699981689453,218.33999839425087,5,2026-05-13,0.0,0.08333333333333333,0.10714285714285715,,,,0.0,218.33999839425087,,,0.30534808292982696, RIOHND_ERIOHND_1 [ RIOHONDO: 138 KV - MV_RIOHO: 138 KV ] CONT:MTGURIO5
MASONSW:69KV-HEXT:69KV|DYETRJU8,0,5,0,,0.0,5.349999904632568,23.330000162124634,5,2026-06-23,0.0,0.08333333333333333,0.10714285714285715,,,,0.0,23.330000162124634,,,0.30534808292982696, HEXT_MASONS1_1 [ MASONSW: 69 KV - HEXT: 69 KV ] CONT:DYETRJU8
DT:138KV-PK:138KV|MBIKBHC8,0,5,0,,0.0,56.785400390625,156.91040194034576,5,2026-05-29,0.0,0.08333333333333333,0.10714285714285715,,,,0.0,156.91040194034576,,,0.30534808292982696, DT_PK_91_A [ DT: 138 KV - PK: 138 KV ] CONT:MBIKBHC8
NEWMAN:138KV-WALNUT1:138KV|DRYSALN5,0,5,0,,0.0,317.1700134277344,1292.5695378780365,5,2026-05-09,0.0,0.08333333333333333,0.10714285714285715,,,,0.0,1292.5695378780365,,,0.30534808292982696, NEWM_WAL_1 [ NEWMAN: 138 KV - WALNUT1: 138 KV ] CONT:DRYSALN5
NEWMAN:138KV-WALNUT1:138KV|SBNDELM8,0,5,0,,0.0,52.87099838256836,358.4610007405281,5,2026-05-09,0.0,0.08333333333333333,0.10714285714285715,,,,0.0,358.4610007405281,,,0.30534808292982696, NEWM_WAL_1 [ NEWMAN: 138 KV - WALNUT1: 138 KV ] CONT:SBNDELM8
DT:138KV-PK:138KV|DBI_GT_8,0,5,0,,0.0,36.108001708984375,248.49800026416779,5,2026-05-29,0.0,0.08333333333333333,0.10714285714285715,,,,0.0,248.49800026416779,,,0.30534808292982696, DT_PK_91_A [ DT: 138 KV - PK: 138 KV ] CONT:DBI_GT_8
VERTREES:138KV-WESLAU:138KV|MTGURIO5,0,5,0,,0.0,224.4290008544922,809.5639923810959,5,2026-05-13,0.0,0.08333333333333333,0.10714285714285715,,,,0.0,809.5639923810959,,,0.30534808292982696,VERTRE_WESLAU1@VERTREES||LN||VERTRE_WESLAU1||1 [VERTREES: 138 KV -WESLAU: 138 KV ] CONT:MTGURIO5
WOLFCAMP:138KV-SANTARIT:138KV|SFTLMES8,0,5,0,,0.0,34.59600067138672,120.32599911093712,5,2026-05-25,0.0,0.08333333333333333,0.10714285714285715,,,,0.0,120.32599911093712,,,0.30534808292982696,SANTAR_WOLFCA1_1 [WOLFCAMP: 138 KV -SANTARIT: 138 KV ] CONT:SFTLMES8
GARZA:1KV-GARZA:69KV|DROMCEN5,0,5,0,,0.0,10.763999938964844,32.401000037789345,5,2026-06-14,0.0,0.08333333333333333,0.10714285714285715,,,,0.0,32.401000037789345,,,0.30534808292982696, GARZA_XF1L [ GARZA: 1 KV - GARZA: 69 KV ] CONT:DROMCEN5
WEAVERRD:69KV-GREENLK:69KV|SBIGV_D8,0,5,0,,0.0,75.4540023803711,295.98499742150307,5,2026-06-21,0.0,0.08333333333333333,0.10714285714285715,,,,0.0,295.98499742150307,,,0.30534808292982696, GREENL_WEAVER1_1 [ WEAVERRD: 69 KV - GREENLK: 69 KV ] CONT:SBIGV_D8
EXCSW:1KV-EXCSW:138KV|MKRWDHM5,0,5,0,,0.0,323.7409362792969,1820.0040981471539,5,2026-05-14,0.0,0.08333333333333333,0.10714285714285715,,,,0.0,1820.0040981471539,,,0.30534808292982696, EXCSW_MR1L [ EXCSW: 1 KV - EXCSW: 138 KV ] CONT:MKRWDHM5
EXCSW:345KV-EXCSW:1KV|MKRWDHM5,0,5,0,,0.0,170.85000610351562,1305.6460206210613,5,2026-05-14,0.0,0.08333333333333333,0.10714285714285715,,,,0.0,1305.6460206210613,,,0.30534808292982696, EXCSW_MR1H [ EXCSW: 345 KV - EXCSW: 1 KV ] CONT:MKRWDHM5
CMNSW:138KV-CMNTP:138KV|DCPSST58,0,5,0,,0.0,45.46099853515625,247.79999709129333,5,2026-05-29,0.0,0.08333333333333333,0.10714285714285715,,,,0.0,247.79999709129333,,,0.30534808292982696, 651__B [ CMNSW: 138 KV - CMNTP: 138 KV ] CONT:DCPSST58
CTECBU:69KV-SANDMO:69KV|BASE,0,5,0,,0.0,18.694000244140625,31.089999930001795,5,2026-06-04,0.0,0.08333333333333333,0.10714285714285715,,,,0.0,31.089999930001795,,,0.30534808292982696, 34T267_1 [ CTECBU: 69 KV - SANDMO: 69 KV ] CONT:BASE CASE
ODEHV:345KV-ODEHV:1KV|DODEMOS5,0,5,0,,0.0,741.26025390625,9279.489227637649,5,2026-06-05,0.0,0.08333333333333333,0.10714285714285715,,,,0.0,9279.489227637649,,,0.30534808292982696,ODEHV_MR1H [ODEHV: 345 KV -ODEHV: 1 KV ] CONT:DODEMOS5
ASHERTON:138KV-CATARINA:138KV|MLARDUS8,0,5,0,,0.0,0.5230000019073486,2.403000008314848,5,2026-06-06,0.0,0.08333333333333333,0.10714285714285715,,,,0.0,2.403000008314848,,,0.30534808292982696, ASHERT_CATARI1_1 [ ASHERTON: 138 KV - CATARINA: 138 KV ] CONT:MLARDUS8
CTECBU:69KV-SANDMO:69KV|SCTEBLU9,0,5,0,,0.0,12.494999885559082,61.13599964976311,5,2026-06-04,0.0,0.08333333333333333,0.10714285714285715,,,,0.0,61.13599964976311,,,0.30534808292982696, 34T267_1 [ CTECBU: 69 KV - SANDMO: 69 KV ] CONT:SCTEBLU9
KLNSW:345KV-SALSW:345KV|SKLNSAL5,0,5,0,,0.0,39.60900115966797,169.65200054645538,5,2026-06-10,0.0,0.08333333333333333,0.10714285714285715,,,,0.0,169.65200054645538,,,0.30534808292982696, 271__A [ KLNSW: 345 KV - SALSW: 345 KV ] CONT:SKLNSAL5
SOLSTICE:138KV-SOLSTICE:138KV|DBAKSOL5,0,10,0,,0.0,139.2631378173828,394.791042516008,10,2026-06-24,0.0,0.16666666666666666,0.05660377358490566,,,,0.1990758329629898,394.59196668304503,,,0.3013426722142618,SOLSTICE TRANSF PST1||XF||PST1||PST1 [SOLSTICE: 138 KV -SOLSTICE: 138 KV ] CONT:DBAKSOL5
RIESW:138KV-GRSBK:138KV|SRIELCS8,0,6,0,,0.0,4.427000045776367,16.8799998909235,6,2026-05-31,0.0,0.1,0.09090909090909091,,,,0.0,16.8799998909235,,,0.2610341309688893, 1220__G [ RIESW: 138 KV - GRSBK: 138 KV ] CONT:SRIELCS8
BOW:69KV-BOW:138KV|SCRDLOF9,0,6,0,,0.0,14.531000137329102,44.2491604462266,6,2026-06-14,0.0,0.1,0.09090909090909091,,,,0.0,44.2491604462266,,,0.2610341309688893, BOW_FMR1 [ BOW: 69 KV - BOW: 138 KV ] CONT:SCRDLOF9
BNDVS:138KV-ELMGROVE:138KV|SLOOAPO8,0,6,0,,0.0,11.298999786376953,50.840000400319695,6,2026-05-14,0.0,0.1,0.09090909090909091,,,,0.0,50.840000400319695,,,0.2610341309688893, BEN_ELMG_1 [ BNDVS: 138 KV - ELMGROVE: 138 KV ] CONT:SLOOAPO8
BR:138KV-HOC:138.3KV|SMDOOAS5,0,6,0,,0.0,44.52199935913086,183.30100119113922,6,2026-06-03,0.0,0.1,0.09090909090909091,,,,0.0,183.30100119113922,,,0.2610341309688893, BR_HOC09_A [ BR: 138 KV - HOC: 138.3 KV ] CONT:SMDOOAS5
BR:138KV-HOC:138.3KV|BASE,0,6,0,,0.0,64.01200103759766,347.3529999256134,6,2026-05-22,0.0,0.1,0.09090909090909091,,,,0.0,347.3529999256134,,,0.2610341309688893, BR_HOC09_A [ BR: 138 KV - HOC: 138.3 KV ] CONT:BASE CASE
DT:138KV-PK:138KV|SKBBI8,0,6,0,,0.0,32.494998931884766,376.9769989848137,6,2026-05-12,0.0,0.1,0.09090909090909091,,,,0.0,376.9769989848137,,,0.2610341309688893, DT_PK_91_A [ DT: 138 KV - PK: 138 KV ] CONT:SKBBI8
BCESW:345KV-SNDSW:345KV|SBCEBGR5,0,6,0,,0.0,50.494998931884766,161.62855506688356,6,2026-05-19,0.0,0.1,0.09090909090909091,,,,0.0,161.62855506688356,,,0.2610341309688893, 421__A [ BCESW: 345 KV - SNDSW: 345 KV ] CONT:SBCEBGR5
GARZA:138KV-GARZA:1KV|DROMCEN5,0,6,0,,0.0,92.14878845214844,194.38176156580448,6,2026-06-14,0.0,0.1,0.09090909090909091,,,,0.0,194.38176156580448,,,0.2610341309688893, GARZA_XF1H [ GARZA: 138 KV - GARZA: 1 KV ] CONT:DROMCEN5
HARLNSW:138KV-OLEANDER:138KV|MTGURIO5,0,6,0,,0.0,128.3939971923828,636.7922247871757,6,2026-05-14,0.0,0.1,0.09090909090909091,,,,0.0,636.7922247871757,,,0.2610341309688893,HARLNS_OLEAND1_1 [HARLNSW: 138 KV -OLEANDER: 138 KV ] CONT:MTGURIO5
NLARSW:138KV-PILONCIL:138KV|MNLFIWO8,0,6,0,,0.0,5.105000019073486,29.586000010371208,6,2026-05-13,0.0,0.1,0.09090909090909091,,,,0.0,29.586000010371208,,,0.2610341309688893, NLARSW_PILONC1_1 [ NLARSW: 138 KV - PILONCIL: 138 KV ] CONT:MNLFIWO8
NLARSW:138KV-UNITEC:138KV|DCABFAL5,0,6,0,,0.0,3.8929998874664307,12.404999881517142,6,2026-05-13,0.0,0.1,0.09090909090909091,,,,0.0,12.404999881517142,,,0.2610341309688893, NLARSW_UNITEC1_1 [ NLARSW: 138 KV - UNITEC: 138 KV ] CONT:DCABFAL5
ELKTN:1KV-ELKTN:138KV|SSHBML35,0,6,0,,0.0,35.35900115966797,223.467000618577,6,2026-05-15,0.0,0.1,0.09090909090909091,,,,0.0,223.467000618577,,,0.2610341309688893, ELKTN_MR3L [ ELKTN: 1 KV - ELKTN: 138 KV ] CONT:SSHBML35
NLARSW:138KV-UNITEC:138KV|SFALREV8,0,6,0,,0.0,3.8929998874664307,14.849999799858779,6,2026-05-13,0.0,0.1,0.09090909090909091,,,,0.0,14.849999799858779,,,0.2610341309688893, NLARSW_UNITEC1_1 [ NLARSW: 138 KV - UNITEC: 138 KV ] CONT:SFALREV8
NCARBIDE:69KV-PV_TAP:69KV|SKAMPRT9,0,6,0,,0.0,8.067999839782715,36.424999579787254,6,2026-06-23,0.0,0.1,0.09090909090909091,,,,0.0,36.424999579787254,,,0.2610341309688893, NCARBI_PV_TAP1_1 [ NCARBIDE: 69 KV - PV_TAP: 69 KV ] CONT:SKAMPRT9
SPNCER:69KV-DENTON:69KV|BASE,0,13,0,,0.0,31.139999389648438,329.4849964098539,13,2026-06-29,0.0,0.21666666666666667,0.044117647058823525,1.0,0.09300000220537186,0.10700000263750553,0.0020000000949949026,329.4829964097589,,,0.23266867377280523, SPE_DEN_1 [ SPNCER: 69 KV - DENTON: 69 KV ] CONT:BASE CASE
CELANEBI:138.1KV-N_SHARPE:138KV|DFOAVLO5,0,7,0,,0.0,1.4249999523162842,4.544999976060353,7,2026-06-14,0.0,0.11666666666666667,0.07894736842105263,,,,0.0,4.544999976060353,,,0.2279577209337661, CELANE_N_SHAR1_1 [ CELANEBI: 138.1 KV - N_SHARPE: 138 KV ] CONT:DFOAVLO5
GABRIE:69KV-GABRIE:138KV|DHUTGEA8,0,7,0,,0.0,1375.760009765625,12433.270632743835,7,2026-06-10,0.0,0.11666666666666667,0.07894736842105263,,,,0.0,12433.270632743835,,,0.2279577209337661, GABRIE_AT1 [ GABRIE: 69 KV - GABRIE: 138 KV ] CONT:DHUTGEA8
KLEBERG:138.1KV-CELANEBI:138KV|DFOAVLO5,0,7,0,,0.0,1.4249999523162842,3.1569999646162614,7,2026-06-14,0.0,0.11666666666666667,0.07894736842105263,,,,0.0,3.1569999646162614,,,0.2279577209337661, CELANE_KLEBER1_1 [ KLEBERG: 138.1 KV - CELANEBI: 138 KV ] CONT:DFOAVLO5
GABRIE:138KV-GEOREA:138KV|SGEOHU48,0,7,0,,0.0,8.194999694824219,19.177999813109636,7,2026-06-03,0.0,0.11666666666666667,0.07894736842105263,,,,0.0,19.177999813109636,,,0.2279577209337661, 1680__D [ GABRIE: 138 KV - GEOREA: 138 KV ] CONT:SGEOHU48
GABRIE:138KV-GEOREA:138KV|DHUTGEA8,0,7,0,,0.0,8.194999694824219,19.177999813109636,7,2026-06-03,0.0,0.11666666666666667,0.07894736842105263,,,,0.0,19.177999813109636,,,0.2279577209337661, 1680__D [ GABRIE: 138 KV - GEOREA: 138 KV ] CONT:DHUTGEA8
HARLNSW:138KV-OLEANDER:138KV|MTGULAP5,0,7,0,,0.0,1474.929931640625,8613.05150140822,7,2026-05-14,0.0,0.11666666666666667,0.07894736842105263,,,,0.0,8613.05150140822,,,0.2279577209337661,HARLNS_OLEAND1_1 [HARLNSW: 138 KV -OLEANDER: 138 KV ] CONT:MTGULAP5
MNTTP:138KV-SLBLF:138KV|XSSP58,0,7,0,,0.0,238.8470001220703,1928.1640025302768,7,2026-05-15,0.0,0.11666666666666667,0.07894736842105263,,,,0.0,1928.1640025302768,,,0.2279577209337661, 1650__C [ MNTTP: 138 KV - SLBLF: 138 KV ] CONT:XSSP58
HEC:138KV-NEDIN:138.1KV|SDUKNED8,0,7,0,,0.0,11.26200008392334,119.53699954575859,7,2026-05-27,0.0,0.11666666666666667,0.07894736842105263,,,,0.0,119.53699954575859,,,0.2279577209337661, HEC_NEDIN2_1 [ HEC: 138 KV - NEDIN: 138.1 KV ] CONT:SDUKNED8
FRONTERA:138KV-S_MISSIN:138KV|STAYS_M8,0,7,0,,0.0,3.256999969482422,30.514000019989908,7,2026-06-20,0.0,0.11666666666666667,0.07894736842105263,,,,0.0,30.514000019989908,,,0.2279577209337661,BENTS_FRTER_1B@FRONTERA||LN||BENTS_FRTER_1B||1 [FRONTERA: 138 KV -S_MISSIN: 138 KV ] CONT:STAYS_M8
FPPYD2:345KV-HOLMAN:345KV|DFPPLOS5,0,7,0,,0.0,5.876999855041504,42.64300012588501,7,2026-05-14,0.0,0.11666666666666667,0.07894736842105263,,,,0.0,42.64300012588501,,,0.2279577209337661, CKT_3122_1 [ FPPYD2: 345 KV - HOLMAN: 345 KV ] CONT:DFPPLOS5
ARGYL:138KV-LWSVH:138KV|MLWSWDE5,0,7,0,,0.0,206.38999938964844,4804.294016003609,7,2026-05-14,0.0,0.11666666666666667,0.07894736842105263,,,,0.0,4804.294016003609,,,0.2279577209337661, 587__A [ ARGYL: 138 KV - LWSVH: 138 KV ] CONT:MLWSWDE5
ALAZAN:138KV-B_DAVIS:138KV|SN_SLON5,0,7,0,,0.0,197.4005889892578,1981.9754579528235,7,2026-05-19,0.0,0.11666666666666667,0.07894736842105263,,,,0.0,1981.9754579528235,,,0.2279577209337661,ALAZAN_B_DAVI1_1 [ALAZAN: 138 KV -B_DAVIS: 138 KV ] CONT:SN_SLON5
RIESW:138KV-LCSES:138KV|DJERIRP8,0,7,0,,0.0,8.375,29.46199966967106,7,2026-05-31,0.0,0.11666666666666667,0.07894736842105263,,,,0.0,29.46199966967106,,,0.2279577209337661, 1225__A [ RIESW: 138 KV - LCSES: 138 KV ] CONT:DJERIRP8
TREADWEL:138KV-YELWJCKT:138KV|SBIGOR55,0,7,0,,0.0,25.8700008392334,207.0519988387823,7,2026-05-15,0.0,0.11666666666666667,0.07894736842105263,,,,0.0,207.0519988387823,,,0.2279577209337661, TREADW_YELWJC1_1 [ TREADWEL: 138 KV - YELWJCKT: 138 KV ] CONT:SBIGOR55
AMOTP:69KV-SNYDR:69KV|XSNY89,0,8,0,,0.0,33.698001861572266,448.0130007006228,8,2026-05-12,0.0,0.13333333333333333,0.06976744186046512,,,,0.0,448.0130007006228,,,0.20232384238659773, 6695__B [ AMOTP: 69 KV - SNYDR: 69 KV ] CONT:XSNY89
ELKTN:1KV-ELKTN:138KV|DENTSCS5,0,8,0,,0.0,28.155000686645508,386.0310018453747,8,2026-05-14,0.0,0.13333333333333333,0.06976744186046512,,,,0.0,386.0310018453747,,,0.20232384238659773, ELKTN_MR3L [ ELKTN: 1 KV - ELKTN: 138 KV ] CONT:DENTSCS5
SGRSW:345KV-JEWET:345KV|DVENFTS5,0,8,0,,0.0,108.28130340576172,1046.8260923363268,8,2026-06-11,0.0,0.13333333333333333,0.06976744186046512,,,,0.0,1046.8260923363268,,,0.20232384238659773, 235__A [ SGRSW: 345 KV - JEWET: 345 KV ] CONT:DVENFTS5
ALAZAN:138KV-B_DAVIS:138.1KV|SN_SLON5,0,8,0,,0.0,12.043000221252441,161.55299963988364,8,2026-06-10,0.0,0.13333333333333333,0.06976744186046512,,,,0.0,161.55299963988364,,,0.20232384238659773, ALAZAN_B_DAVI1_1 [ ALAZAN: 138 KV - B_DAVIS: 138.1 KV ] CONT:SN_SLON5
LA_PALMA:138KV-VCAVAZOS:138KV|DL_FBR89,0,8,0,,0.0,2816.360107421875,7713.676336335018,8,2026-05-15,0.0,0.13333333333333333,0.06976744186046512,,,,0.0,7713.676336335018,,,0.20232384238659773, LA_PAL_VCAVAZ1_1 [ LA_PALMA: 138 KV - VCAVAZOS: 138 KV ] CONT:DL_FBR89
CGRSW:69KV-AMOTP:69KV|XSNY89,0,8,0,,0.0,33.698001861572266,441.85700104013085,8,2026-05-12,0.0,0.13333333333333333,0.06976744186046512,,,,0.0,441.85700104013085,,,0.20232384238659773, 6695__A [ CGRSW: 69 KV - AMOTP: 69 KV ] CONT:XSNY89
CELANEBI:138KV-KLEBERG:138.1KV|SAJORI25,0,8,0,,0.0,1.0520000457763672,1.1270000465447083,8,2026-06-21,0.0,0.13333333333333333,0.06976744186046512,,,,0.0,1.1270000465447083,,,0.20232384238659773, CELANE_KLEBER1_1 [ CELANEBI: 138 KV - KLEBERG: 138.1 KV ] CONT:SAJORI25
BELCNTY:69KV-BELCNTY:138KV|DFRYTM58,0,8,0,,0.0,9.437000274658203,33.9510003477335,8,2026-05-14,0.0,0.13333333333333333,0.06976744186046512,,,,0.0,33.9510003477335,,,0.20232384238659773,BELCNTY TRANSF 138_69_1||XF||138_69_1||XFMR [BELCNTY: 69 KV -BELCNTY: 138 KV ] CONT:DFRYTM58
ELKTN:345KV-ELKTN:1KV|DENTSCS5,0,8,0,,0.0,28.1560001373291,386.0320012960583,8,2026-05-14,0.0,0.13333333333333333,0.06976744186046512,,,,0.0,386.0320012960583,,,0.20232384238659773, ELKTN_MR3H [ ELKTN: 345 KV - ELKTN: 1 KV ] CONT:DENTSCS5
RIOHONDO:138KV-MV_RIOHO:138KV|MTGULAP5,0,8,0,,0.0,51.595001220703125,308.26200030744076,8,2026-05-22,0.0,0.13333333333333333,0.06976744186046512,,,,0.0,308.26200030744076,,,0.20232384238659773, RIOHND_ERIOHND_1 [ RIOHONDO: 138 KV - MV_RIOHO: 138 KV ] CONT:MTGULAP5
HOLMAN:345KV-CISTERN:345KV|DFPPLOS5,0,8,0,,0.0,89.10600280761719,314.8580050971359,8,2026-05-12,0.0,0.13333333333333333,0.06976744186046512,,,,0.0,314.8580050971359,,,0.20232384238659773, CKT_3136_1 [ HOLMAN: 345 KV - CISTERN: 345 KV ] CONT:DFPPLOS5
BNDVS:138KV-ELMGROVE:138KV|SDENWAL8,0,8,0,,0.0,9.82699966430664,32.35099944472313,8,2026-05-11,0.0,0.13333333333333333,0.06976744186046512,,,,0.0,32.35099944472313,,,0.20232384238659773, BEN_ELMG_1 [ BNDVS: 138 KV - ELMGROVE: 138 KV ] CONT:SDENWAL8
FRONTERA:138KV-S_MISSIN:138KV|SN_MN_M8,0,9,0,,0.0,8.817000389099121,83.14200062258169,9,2026-06-02,0.0,0.15,0.0625,,,,0.0,83.14200062258169,,,0.1818738654493045,BENTS_FRTER_1B@FRONTERA||LN||BENTS_FRTER_1B||1 [FRONTERA: 138 KV -S_MISSIN: 138 KV ] CONT:SN_MN_M8
CISTERN:345KV-LYTTON_S:345KV|DFPPLOS5,0,9,0,,0.0,38.59700012207031,211.88299819780514,9,2026-05-13,0.0,0.15,0.0625,,,,0.0,211.88299819780514,,,0.1818738654493045, CKT_3121_1 [ CISTERN: 345 KV - LYTTON_S: 345 KV ] CONT:DFPPLOS5
YELWJCKT:138KV-FORTMA:138KV|SBIGOR55,0,10,0,,0.0,532.1098022460938,8112.674902446568,10,2026-05-15,0.0,0.16666666666666666,0.05660377358490566,,,,0.0,8112.674902446568,,,0.1651793315490822, FORTMA_YELWJC1_1 [ YELWJCKT: 138 KV - FORTMA: 138 KV ] CONT:SBIGOR55
BELDTAP:69KV-COCS:69KV|SBROALP9,0,11,0,,0.0,0.6230000257492065,2.454000022262335,11,2026-06-02,0.0,0.18333333333333332,0.05172413793103448,,,,0.0,2.454000022262335,,,0.15129256088067572,BELDTA_COCS1  @COCS||LN||BELDTA_COCS1||A [BELDTAP: 69 KV -COCS: 69 KV ] CONT:SBROALP9
ELKTN:345KV-ELKTN:1KV|DMLSENT5,0,11,0,,0.0,93.14600372314453,1747.222234673798,11,2026-05-14,0.0,0.18333333333333332,0.05172413793103448,,,,0.0,1747.222234673798,,,0.15129256088067572, ELKTN_MR3H [ ELKTN: 345 KV - ELKTN: 1 KV ] CONT:DMLSENT5
PUTN:138KV-LENSW:138KV|DBUCRGP5,0,11,0,,0.0,10.76099967956543,104.51300059910864,11,2026-06-13,0.0,0.18333333333333332,0.05172413793103448,,,,0.0,104.51300059910864,,,0.15129256088067572, LENSW_PUTN2_1 [ PUTN: 138 KV - LENSW: 138 KV ] CONT:DBUCRGP5
KNBSW:345KV-TMPSW:345KV|DSALHUT5,0,11,0,,0.0,18.912769317626953,70.85990612907335,11,2026-06-23,0.0,0.18333333333333332,0.05172413793103448,,,,0.0,70.85990612907335,,,0.15129256088067572, 270__A [ KNBSW: 345 KV - TMPSW: 345 KV ] CONT:DSALHUT5
ELKTN:1KV-ELKTN:138KV|DMLSENT5,0,11,0,,0.0,93.1449966430664,1559.9125229790807,11,2026-05-14,0.0,0.18333333333333332,0.05172413793103448,,,,0.0,1559.9125229790807,,,0.15129256088067572, ELKTN_MR3L [ ELKTN: 1 KV - ELKTN: 138 KV ] CONT:DMLSENT5
LULING:138KV-LULING:69KV|XLOC89,0,11,0,,0.0,70.90899658203125,850.0909980237484,11,2026-05-15,0.0,0.18333333333333332,0.05172413793103448,,,,0.0,850.0909980237484,,,0.15129256088067572, LULING_7AT1 [ LULING: 138 KV - LULING: 69 KV ] CONT:XLOC89
OR:138KV-OR:138.1KV|BASE,0,12,0,,0.0,1.7599999904632568,30.653000231832266,12,2026-05-12,0.0,0.2,0.047619047619047616,,,,0.0,30.653000231832266,,,0.13956004690467855, OR_TAP60_1 [ OR: 138 KV - OR: 138.1 KV ] CONT:BASE CASE
THW:345KV-NB:345KV|DRNS_TB5,0,15,0,,0.0,111.47868347167969,514.76749317348,15,2026-06-24,0.0,0.25,0.038461538461538464,,,,0.02199999988079071,514.7454931735992,,,0.12954210269719324, NB_THW97_A [ THW: 345 KV - NB: 345 KV ] CONT:DRNS_TB5
MCFSW:69KV-JUNG_SLR:69KV|BASE,0,14,0,,0.0,13.107999801635742,225.04299979656935,14,2026-05-18,0.0,0.23333333333333334,0.0410958904109589,,,,0.0,225.04299979656935,,,0.12082169741381985, 2343__A [ MCFSW: 69 KV - JUNG_SLR: 69 KV ] CONT:BASE CASE
BNDVS:138KV-ELMGROVE:138KV|SWALWLN8,0,14,0,,0.0,39.415000915527344,795.2282354952767,14,2026-05-14,0.0,0.23333333333333334,0.0410958904109589,,,,0.0,795.2282354952767,,,0.12082169741381985, BEN_ELMG_1 [ BNDVS: 138 KV - ELMGROVE: 138 KV ] CONT:SWALWLN8
