date,HE,ercot_all_ld,wz_west_ld,wz_far_west_ld,wz_north_central_ld,windGen,solarGen,net_load,wind_coastal,wind_north,wind_panhandle,wind_south,wind_west,wind_is_actual,n_conts_DA,n_conts_RT,sp_DA,sp_RT,west_load,bind_rt,bind_da,bind_any,pan_minus_west,west_t,pan_t,wl_t,spread_t
2026-05-04,13,55081.86,1243.99,7867.45,14669.1,16719.9,26230.16,12131.8,1941.961270416667,2291.9758706666667,2280.5253480833335,1542.1653770833332,10060.876409916666,True,,,,,9111.44,False,False,False,-7780.351061833332,mid,high,low,mid
2026-06-24,13,75388.86,2257.96,7890.32,22485.54,11230.39,31206.58,32951.89,2175.22,344.87999999999994,798.0,2184.15,5728.14,False,,,,,10148.279999999999,False,False,False,-4930.14,mid,low,high,mid
2026-07-11,13,71789.0,2217.6,7882.32,22698.13,5676.26,29748.58,36364.16,2074.39,257.89,2.05,1801.6199999999997,1540.31,False,,,,,10099.92,False,False,False,-1538.26,low,low,high,high
2026-06-26,2,59355.88,1815.68,7517.88,16641.36,19814.64,1.03,39540.21,2534.9900000000002,1966.59,1639.26,2803.22,10870.58,False,1.0,,1.0540000200271606,,9333.56,False,True,True,-9231.32,mid,mid,mid,low
2026-05-21,13,55147.04,1460.25,7143.3,15124.72,3502.2,14118.48,37526.36,337.7,33.7,638.59,261.95,2230.26,False,,,,,8603.55,False,False,False,-1591.67,low,low,low,high
2026-06-01,17,78365.71,2263.77,6876.05,24842.32,7510.56,28265.38,42589.770000000004,1090.15,109.02000000000001,2068.53,382.07,3860.7899999999995,False,,,,,9139.82,False,False,False,-1792.2599999999993,low,mid,low,high
2026-05-06,3,47814.31,1356.22,6976.91,10989.56,11645.53,0.11,36168.67,2330.7140105833337,733.6594223333334,1464.2804500833333,2004.4456234166669,5116.975213833333,True,1.0,1.0,119.072998046875,140.547119140625,8333.13,True,True,True,-3652.6947637499998,low,mid,low,high
2026-06-18,17,82591.93,2695.71,7063.23,25085.37,12575.81,27350.26,42665.86,2179.22,1101.88,2390.46,999.46,5904.790000000001,False,,,,,9758.939999999999,False,False,False,-3514.330000000001,mid,high,high,high
2026-06-03,6,48959.73,1531.07,6225.3,12771.7,8084.28,0.14,40875.310000000005,67.65,257.53,732.94,394.5400000000001,6631.619999999999,False,1.0,,17.05299949645996,,7756.37,False,True,True,-5898.6799999999985,mid,low,low,mid
2026-05-16,15,67070.91,1895.21,8096.24,18643.66,20443.65,26573.05,20054.210000000003,3345.88,2157.94,1038.3799999999999,2806.84,11094.61,False,,,,,9991.45,False,False,False,-10056.230000000001,mid,low,high,low
2026-05-31,16,75295.76,2251.7,8212.52,22923.79,10627.66,30408.43,34259.66999999999,880.88,827.51,277.15,570.34,8071.78,False,,,,,10464.220000000001,False,False,False,-7794.63,mid,low,high,mid
2026-06-01,24,63905.36,1761.68,7509.34,18473.43,16107.92,0.06,47797.380000000005,713.02,988.4099999999999,3448.75,1433.0,9524.740000000002,False,1.0,,4.065999984741211,,9271.02,False,True,True,-6075.990000000002,mid,high,mid,mid
2026-07-07,6,56048.04,1662.52,7498.18,15391.26,7284.21,0.8,48763.03,641.81,698.33,1355.68,970.5,3617.89,False,1.0,,5.853000164031982,,9160.7,False,True,True,-2262.21,low,mid,mid,high
2026-05-22,12,60007.61,1563.88,7616.96,16139.19,4463.82,29783.68,25760.11,874.19,178.55,190.84999999999997,852.4,2367.83,False,,,,,9180.84,False,False,False,-2176.98,low,low,mid,high
2026-05-16,5,48320.94,1499.95,7495.29,12391.8,25811.27,0.3,22509.370000000003,2296.6,2031.91,3527.7999999999997,2331.16,15623.799999999997,False,,,,,8995.24,False,False,False,-12095.999999999998,high,high,low,low
2026-05-23,2,51755.14,1328.85,7469.59,13408.17,10609.46,1.31,41144.37,848.34,1320.92,1293.46,1063.74,6083.0,False,,,,,8798.44,False,False,False,-4789.54,mid,mid,low,mid
2026-05-20,7,48623.19,1332.05,7366.91,12387.84,12573.41,32.93,36016.85,2509.66,542.96,1098.85,2617.19,5804.75,False,1.0,,20.4060001373291,,8698.96,False,True,True,-4705.9,mid,mid,low,mid
2026-05-26,4,46337.27,1389.45,7283.57,10957.5,10638.6,1.3,35697.369999999995,936.75,458.15,696.18,1811.1799999999998,6736.34,False,1.0,,0.46000000834465027,,8673.02,False,True,True,-6040.16,mid,low,low,mid
2026-05-27,10,51726.36,1503.17,7274.09,14076.08,5087.22,12983.01,33656.13,2674.08,212.89999999999998,77.68,1804.7,317.86,False,1.0,,0.3330000042915344,,8777.26,False,True,True,-240.18,low,low,low,high
2026-06-09,24,65182.71,1815.05,7688.12,18787.81,23686.0,2.49,41494.22,1491.1800000000003,2096.79,3102.31,2307.83,14687.890000000003,False,,,,,9503.17,False,False,False,-11585.580000000004,high,high,mid,low
2026-07-03,12,72448.5,2265.0,7820.75,21537.73,12173.86,32112.0,28162.64,939.03,634.35,1764.03,1317.31,7519.140000000001,False,,,,,10085.75,False,False,False,-5755.1100000000015,mid,mid,high,mid
2026-05-14,3,48402.53,1484.2,7431.8,12590.71,23066.74,0.16,25335.629999999997,832.0711575833334,1956.9808043333333,3137.8905736666666,1987.6591853333332,14837.435569999996,True,,,,,8916.0,False,False,False,-11699.54499633333,high,high,low,low
2026-06-07,13,63734.14,2013.71,7766.93,16394.15,16585.12,23051.09,24097.930000000004,2236.06,1406.3999999999999,1295.2300000000002,2370.1,9277.33,False,,,,,9780.64,False,False,False,-7982.099999999999,mid,mid,high,mid
2026-06-23,7,58452.44,1792.91,7490.75,16352.84,13605.4,148.74,44698.3,1082.5900000000001,1176.5100000000002,1511.18,1470.84,8364.28,False,1.0,,6.057000160217285,,9283.66,False,True,True,-6853.1,mid,mid,mid,mid
2026-06-29,4,59747.7,1953.81,7529.13,16818.28,28468.47,1.52,31277.709999999995,2846.6,2569.55,3297.68,3173.96,16580.679999999997,False,,,,,9482.94,False,False,False,-13282.999999999996,high,high,mid,low
2026-05-24,15,65667.98,1806.76,7923.51,18901.75,1796.79,30391.99,33479.2,654.1099999999999,39.080000000000005,203.09,242.23000000000002,658.28,False,,,,,9730.27,False,False,False,-455.18999999999994,low,low,high,high
2026-05-30,12,64162.68,1860.34,7753.87,18241.42,13547.52,25403.18,25211.980000000003,165.65,1437.89,1857.72,435.89,9650.37,False,,,,,9614.21,False,False,False,-7792.650000000001,mid,mid,mid,mid
2026-06-14,10,58218.23,1857.46,7628.14,15022.02,8093.29,14621.26,35503.68,958.8099999999998,299.6700000000001,3167.97,132.64,3534.2,False,,,,,9485.6,False,False,False,-366.23,low,high,mid,high
2026-07-01,10,65581.24,1941.83,7491.27,19089.88,19994.82,23183.23,22403.190000000006,1344.29,1782.46,1391.55,1979.4199999999998,13497.1,False,,,,,9433.1,False,False,False,-12105.550000000001,high,mid,mid,low
2026-06-17,9,58372.26,1890.34,7630.07,16440.25,13593.81,16800.89,27977.560000000005,313.23,909.7,2618.61,202.96,9549.31,False,,,,,9520.41,False,False,False,-6930.699999999999,mid,high,mid,mid
2026-06-29,21,78742.67,2456.53,7905.32,24193.65,28100.37,820.92,49821.380000000005,3021.2700000000004,2538.88,3082.53,3186.78,16270.910000000003,False,,,,,10361.85,False,False,False,-13188.380000000003,high,high,high,low
2026-07-06,21,76938.36,2081.49,7571.4,23838.87,11910.07,1098.84,63929.450000000004,1489.49,571.72,987.9300000000001,2225.54,6635.39,False,1.0,,2.183000087738037,,9652.89,False,True,True,-5647.46,mid,low,mid,mid
2026-06-26,24,68191.43,2177.37,7894.05,20242.65,28008.97,1.37,40181.08999999999,2638.93,2428.93,3142.06,2934.8799999999997,16864.17,False,,,,,10071.42,False,False,False,-13722.109999999999,high,high,high,low
2026-05-07,15,52877.28,1325.12,7579.11,13489.93,4416.79,23897.4,24563.089999999997,1962.9693327500001,83.72569433333334,499.40422158333337,1137.8587248333333,732.3581269166666,True,1.0,,1.9800000190734863,,8904.23,False,True,True,-232.95390533333324,low,low,low,high
2026-05-31,3,52819.94,1623.56,7500.08,14215.39,21430.55,1.93,31387.460000000003,1564.7700000000002,2169.5,2132.11,2107.97,13456.2,False,,,,,9123.64,False,False,False,-11324.09,high,mid,low,low
2026-05-13,12,59708.29,1621.94,7809.09,16037.11,1337.03,34153.15,24218.11,14.442004083333336,19.362845,232.5398695,123.08100333333333,928.0927745833334,True,,,,,9431.03,False,False,False,-695.5529050833334,low,low,mid,high
2026-07-07,19,81304.14,2432.19,7463.45,25561.09,8494.37,21950.48,50859.29000000001,2673.88,291.24,984.58,2065.43,2479.24,False,1.0,,3.759999990463257,,9895.64,False,True,True,-1494.6599999999999,low,low,high,high
2026-06-27,15,79133.21,2431.82,8301.48,23484.15,21810.56,29213.36,28109.290000000008,3146.53,2316.57,1093.28,2675.6899999999996,12578.489999999998,False,,,,,10733.3,False,False,False,-11485.209999999997,high,mid,high,low
2026-05-23,3,49703.21,1224.81,7403.3,12539.8,8526.69,1.36,41175.159999999996,690.51,898.89,814.68,648.3,5474.310000000001,False,,,,,8628.11,False,False,False,-4659.630000000001,low,low,low,mid
2026-06-08,12,69536.8,2114.47,7744.65,20207.04,20694.1,22795.52,26047.180000000004,2725.61,1893.5700000000002,766.0700000000003,2232.36,13076.49,False,,,,,9859.119999999999,False,False,False,-12310.42,high,low,high,low
2026-06-11,19,77922.22,2383.23,6986.26,23705.36,19291.59,19374.29,39256.340000000004,2949.47,1486.38,2484.64,2781.48,9589.62,False,,,,,9369.49,False,False,False,-7104.980000000001,mid,high,mid,mid
2026-05-15,24,57667.42,1620.62,7717.81,15674.87,24287.57,0.11,33379.74,2906.26,1675.34,2771.6099999999997,3158.9,13775.460000000001,False,,,,,9338.43,False,False,False,-11003.850000000002,high,high,mid,low
2026-05-21,23,53904.44,1487.95,7294.23,14358.86,8063.05,0.36,45841.03,124.3,387.12000000000006,2957.14,706.03,3888.46,False,1.0,,12.76099967956543,,8782.18,False,True,True,-931.3200000000002,low,high,low,high
2026-06-30,20,80547.63,2422.66,7906.68,24691.44,25387.54,9673.03,45487.060000000005,3058.33,1983.86,2176.74,2928.43,15240.179999999998,False,,,,,10329.34,False,False,False,-13063.439999999999,high,mid,high,low
2026-05-17,5,51331.17,1518.61,7430.54,13073.2,26509.73,0.2,24821.239999999998,2668.83,2228.7,3322.5,3015.26,15274.440000000002,False,,,,,8949.15,False,False,False,-11951.940000000002,high,high,low,low
2026-06-01,1,57343.99,1665.13,7288.37,16231.45,12664.96,0.17,44678.86,427.98,1486.16,3189.34,1657.3599999999997,5904.12,False,1.0,1.0,15.38599967956543,1.9162133932113647,8953.5,True,True,True,-2714.7799999999997,mid,high,low,high
2026-06-06,7,49192.69,1573.07,6573.03,13093.23,4012.84,48.35,45131.50000000001,297.59000000000003,605.0199999999999,167.28,949.15,1993.8000000000002,False,1.0,,12.190999984741211,,8146.099999999999,False,True,True,-1826.5200000000002,low,low,low,high
2026-06-12,4,57111.45,1733.16,7585.37,15864.82,15884.76,0.82,41225.869999999995,1239.78,1710.29,1997.84,1334.67,9602.18,False,,,,,9318.53,False,False,False,-7604.34,mid,mid,mid,mid
2026-06-26,9,60938.54,1771.4,7447.06,17386.16,20860.62,14289.82,25788.1,2314.92,2049.56,1047.2700000000002,2583.68,12865.19,False,,,,,9218.460000000001,False,False,False,-11817.92,high,low,mid,low
2026-06-20,20,68105.42,2276.33,8203.24,21967.34,14449.9,10259.38,43396.14,845.66,1020.8800000000001,3230.1100000000006,1081.59,8271.66,False,,,,,10479.57,False,False,False,-5041.549999999999,mid,high,high,mid
2026-06-09,17,78015.7,2322.58,7194.52,24075.15,20277.01,24185.4,33553.29,1864.52,1318.94,1612.5500000000002,1879.4500000000003,13601.55,False,,,,,9517.1,False,False,False,-11989.0,high,mid,mid,low
2026-06-14,23,63291.31,1845.67,7345.39,16556.62,10026.67,0.07,53264.57,852.49,1100.58,241.38,1483.6,6348.62,False,1.0,,2.5230000019073486,,9191.060000000001,False,True,True,-6107.24,mid,low,mid,mid
2026-06-19,14,69429.01,1860.23,7743.53,17049.28,10934.59,18609.2,39885.22,1765.36,1171.05,1348.09,738.72,5911.369999999999,False,,,,,9603.76,False,False,False,-4563.279999999999,mid,mid,mid,mid
2026-06-25,11,66720.1,2059.67,7622.44,19254.08,18937.79,28334.85,19447.460000000006,1709.53,1653.17,1271.7,2034.48,12268.91,False,,,,,9682.11,False,False,False,-10997.21,high,mid,mid,low
2026-07-01,8,58912.4,1857.8,7307.62,16876.27,19565.11,6863.54,32483.75,761.19,1516.55,2480.19,1537.29,13269.89,False,,,,,9165.42,False,False,False,-10789.699999999999,high,high,mid,low
2026-06-21,10,56765.1,1934.07,7659.55,16373.96,20334.76,15667.24,20763.1,1168.55,1801.61,2118.43,1765.46,13480.71,False,1.0,,1.6089999675750732,,9593.62,False,True,True,-11362.279999999999,high,mid,mid,low
2026-05-06,8,51868.05,1533.45,7188.75,12378.77,11561.39,792.63,39514.030000000006,495.9645655833334,1337.0224795,1046.5214210833333,291.31157858333336,8249.296837,True,1.0,1.0,58.486000061035156,43.25831604003906,8722.2,True,True,True,-7202.775415916667,mid,low,low,mid
2026-07-04,12,72586.65,2225.55,8036.94,21817.93,5839.71,33705.66,33041.279999999984,991.2,173.47,550.49,1134.66,2989.89,False,,,,,10262.49,False,False,False,-2439.3999999999996,low,low,high,high
2026-05-14,1,53256.26,1578.37,7550.44,14350.74,23844.37,0.24,29411.65,870.5387189166668,2073.1125163333336,3397.2402380833337,2224.7177959166665,15229.830802833332,True,,,,,9128.81,False,False,False,-11832.590564749999,high,high,low,low
2026-05-19,7,56649.35,1662.58,7465.0,15856.46,17271.07,49.79,39328.49,1494.91,1426.35,3548.12,2229.65,8572.04,False,1.0,,28.775999069213867,,9127.58,False,True,True,-5023.920000000001,mid,high,low,mid
2026-06-10,11,66627.86,1917.67,7683.67,18643.66,21085.83,21134.42,24407.61,2213.64,1943.27,1511.5999999999997,1733.69,13683.629999999997,False,,,,,9601.34,False,False,False,-12172.029999999997,high,mid,mid,low
2026-05-07,11,49789.4,1353.96,7267.19,12678.09,6149.7,20604.76,23034.940000000006,1548.7001232500002,472.1245229166667,474.70751125000004,932.0145325833333,2552.707866083333,True,1.0,,2.884000062942505,,8621.15,False,True,True,-2078.000354833333,low,low,low,high
2026-05-13,8,48618.27,1452.0,7008.0,12564.35,10123.79,8897.97,29596.509999999995,0.3081906666666667,834.81106275,800.31005075,779.8250485833333,7537.470826,True,,,,,8460.0,False,False,False,-6737.1607752499995,mid,low,low,mid
2026-05-18,14,71540.18,2095.9,8063.24,20921.74,22201.27,22546.97,26791.939999999988,3422.38,2120.61,1378.1,2876.54,12403.64,False,,,,,10159.14,False,False,False,-11025.539999999999,high,mid,high,low
2026-05-24,11,53477.24,1528.99,7478.42,14648.38,1503.08,27527.35,24446.809999999998,400.47,106.42000000000002,224.08,72.3,699.81,False,,,,,9007.41,False,False,False,-475.7299999999999,low,low,low,high
2026-05-30,8,50975.41,1570.4,7554.99,13901.41,18560.39,6198.4,26216.620000000003,314.52,1284.02,2745.38,1681.34,12535.13,False,,,,,9125.39,False,False,False,-9789.75,high,high,low,low
2026-06-04,14,67942.47,2031.86,7853.34,19865.46,3909.28,26841.03,37192.16,383.15,136.6,1404.24,162.49,1822.8,False,,,,,9885.2,False,False,False,-418.55999999999995,low,mid,high,high
2026-06-16,1,55179.84,1661.61,7400.84,15083.11,4949.12,0.1,50230.619999999995,374.23,78.07000000000001,1108.19,305.83,3082.8000000000006,False,1.0,1.0,38.6510009765625,17.407543182373047,9062.45,True,True,True,-1974.6100000000006,low,mid,low,high
2026-07-03,1,63375.01,1922.86,7608.68,18540.98,20671.14,0.1,42703.770000000004,1250.32,1856.33,2600.21,2482.03,12482.25,False,1.0,,3.1689999103546143,,9531.54,False,True,True,-9882.04,high,high,mid,low
2026-06-09,2,57311.17,1798.56,7579.57,16286.69,24112.57,1.27,33197.33,1379.51,2228.54,3628.34,1951.28,14924.899999999998,False,,,,,9378.13,False,False,False,-11296.559999999998,high,high,mid,low
2026-05-25,6,45749.55,1428.07,7373.01,10888.79,5515.46,1.39,40232.700000000004,16.17,131.65,1108.23,624.02,3635.39,False,1.0,,0.8330000042915344,,8801.08,False,True,True,-2527.16,low,mid,low,high
2026-05-19,22,61380.81,1511.71,7347.83,14695.65,11909.11,0.09,49471.61,2362.92,503.38000000000005,1609.4399999999998,2200.09,5233.280000000001,False,1.0,,21.80699920654297,,8859.54,False,True,True,-3623.840000000001,low,mid,low,high
2026-06-03,18,70706.91,2081.62,7647.82,22716.35,7249.76,19940.08,43517.07,896.42,574.8099999999998,1206.1,1507.87,3064.56,False,1.0,,7.955999851226807,,9729.439999999999,False,True,True,-1858.46,low,mid,high,high
2026-07-06,6,54741.35,1535.85,6975.22,14379.65,6049.29,0.17,48691.89,734.31,159.61000000000004,174.22,1082.44,3898.71,False,1.0,,13.045000076293945,,8511.07,False,True,True,-3724.4900000000002,low,low,low,high
2026-07-12,3,56577.08,1784.95,7673.12,16189.89,13316.49,0.07,43260.520000000004,1166.66,1238.43,892.6900000000002,1596.14,8422.569999999998,False,1.0,,16.308000564575195,,9458.07,False,True,True,-7529.879999999997,mid,low,mid,mid
2026-05-15,9,54118.31,1632.14,7555.77,14618.19,22570.45,13872.93,17674.929999999997,2521.26,2156.69,2172.55,2598.51,13121.44,False,,,,,9187.91,False,False,False,-10948.89,high,mid,mid,low
2026-06-20,19,69282.28,2182.73,8337.23,22743.96,11666.64,18283.96,39331.68,1059.27,725.2900000000001,2820.78,1253.84,5807.46,False,,,,,10519.96,False,False,False,-2986.68,mid,high,high,high
2026-06-29,18,82036.12,2558.76,7042.57,25975.13,22815.94,24400.5,34819.67999999999,3332.59,2379.5500000000006,1184.0,2968.89,12950.909999999998,False,,,,,9601.33,False,False,False,-11766.909999999998,high,mid,mid,low
2026-06-14,22,66182.08,1958.02,7368.04,17551.31,10341.28,0.18,55840.62,999.61,1060.26,262.75000000000006,1584.33,6434.33,False,1.0,,2.5810000896453857,,9326.06,False,True,True,-6171.58,mid,low,mid,mid
2026-05-06,16,60109.41,1529.65,7796.96,12842.02,3223.27,21069.76,35816.380000000005,728.6879963333334,463.6261565,313.74220733333334,218.9023575,1423.4309216666666,True,,,,,9326.61,False,False,False,-1109.6887143333333,low,low,mid,high
2026-05-09,18,70319.35,1993.36,8060.72,20272.29,8938.88,28942.02,32438.450000000008,1102.0244079166669,138.31063833333334,1362.0804940833332,121.58543183333333,5983.983661666667,True,,,,,10054.08,False,False,False,-4621.903167583334,mid,mid,high,mid
2026-07-01,22,75025.29,2235.6,7544.1,22579.3,17065.77,0.96,57958.55999999999,1435.8799999999999,1646.96,1224.31,2625.8299999999995,10132.789999999999,False,1.0,,3.013000011444092,,9779.7,False,True,True,-8908.48,mid,mid,high,mid
2026-05-08,6,44118.64,1313.1,6783.45,10736.65,8526.22,0.11,35592.31,355.8811825,1025.7859680833333,2700.7602905833337,357.67828908333337,4448.524009000001,True,1.0,1.0,68.88200378417969,254.42074584960938,8096.549999999999,True,True,True,-1747.763718416667,low,high,low,high
2026-06-09,9,59420.9,1620.51,7535.6,16658.43,16160.59,16468.05,26792.26,925.71,1221.2900000000002,2559.93,1568.03,9885.63,False,,,,,9156.11,False,False,False,-7325.699999999999,mid,high,low,mid
2026-05-06,24,50154.86,1390.16,7405.93,11513.61,12552.34,0.06,37602.46000000001,497.55392216666667,1655.6104612499998,2404.3585328333334,999.1110965833334,6874.5212525,True,1.0,,151.47000122070312,,8796.09,False,True,True,-4470.162719666667,mid,high,low,mid
2026-06-11,6,57462.97,1835.21,7552.66,16053.61,24670.37,2.32,32790.280000000006,1301.19,2195.69,3584.87,1715.0,15873.62,False,,,,,9387.869999999999,False,False,False,-12288.75,high,high,mid,low
2026-06-17,3,53851.62,1755.4,7501.95,14812.83,20590.09,13.08,33248.45,370.14,1682.29,3705.54,394.17,14437.95,False,,,,,9257.35,False,False,False,-10732.41,high,high,mid,low
2026-06-26,17,82190.39,2560.28,7592.27,24972.18,20361.49,27529.58,34299.31999999999,3541.5900000000006,1934.4100000000003,854.59,2863.1299999999997,11167.77,False,,,,,10152.550000000001,False,False,False,-10313.18,high,low,high,low
2026-06-26,16,81613.54,2513.79,7801.35,24421.78,19775.19,28408.48,33429.869999999995,3386.9,1947.61,814.8299999999999,2784.32,10841.53,False,,,,,10315.14,False,False,False,-10026.7,mid,low,high,low
2026-05-23,17,59810.54,1904.24,7929.36,17258.23,3886.66,19712.66,36211.22,411.69999999999993,148.91,548.05,179.03,2598.97,False,,,,,9833.6,False,False,False,-2050.92,low,low,high,high
2026-07-13,2,57405.12,1875.82,7482.11,15703.89,6982.16,0.14,50422.82000000001,1220.1,500.39,1037.08,1693.1200000000001,2531.47,False,1.0,,19.851999282836914,,9357.93,False,True,True,-1494.3899999999999,low,low,mid,high
2026-05-13,13,62991.09,1724.95,7849.94,17200.05,2042.83,34254.1,26694.159999999996,31.347644833333334,10.439936083333333,360.9075165833333,55.84827583333333,1507.847796833333,True,,,,,9574.89,False,False,False,-1146.9402802499997,low,low,mid,high
2026-06-08,17,77584.32,2347.3,7665.47,24887.97,19015.96,23909.91,34658.45000000001,2452.0,1731.6899999999998,998.63,2074.2,11759.44,False,,,,,10012.77,False,False,False,-10760.810000000001,high,low,high,low
2026-05-06,18,60602.73,1580.02,7871.13,13083.07,5674.54,15049.5,39878.69,1375.8745470000001,469.1904250833333,1011.9415230000001,661.7949156666666,2055.705694833333,True,,,,,9451.15,False,False,False,-1043.764171833333,low,low,mid,high
2026-05-24,6,43876.1,1366.42,7266.34,10957.17,6203.96,0.14,37672.0,239.03999999999996,890.6300000000001,683.48,451.59000000000003,3939.22,False,1.0,,9.053000450134277,,8632.76,False,True,True,-3255.74,low,low,low,high
2026-06-01,3,52604.69,1572.53,7214.23,14322.6,11738.65,0.06,40865.98,483.32,1472.0300000000002,2729.64,980.6899999999999,6072.97,False,1.0,1.0,1.840000033378601,153.0587158203125,8786.76,True,True,True,-3343.3300000000004,mid,high,low,high
2026-06-27,9,59235.15,1844.05,7679.31,16955.51,22387.1,17306.02,19542.030000000002,1907.9100000000005,1656.0599999999997,2164.2,2383.06,14275.869999999999,False,1.0,,1.7020000219345093,,9523.36,False,True,True,-12111.669999999998,high,mid,mid,low
2026-07-07,14,80959.93,2282.43,8004.21,25026.33,4100.06,29404.61,47455.259999999995,1215.08,95.44,351.48,927.7,1510.36,False,,,,,10286.64,False,False,False,-1158.8799999999999,low,low,high,high
2026-05-05,9,52735.4,1422.04,7314.73,14150.0,18929.11,6466.25,27340.04,2355.2694530833332,2362.4605389166663,2606.4073049999997,1780.7161244166666,9771.618464833335,True,1.0,1.0,3.4670000076293945,43.84160614013672,8736.77,True,True,True,-7165.211159833335,mid,high,low,mid
2026-06-13,22,70555.35,2133.46,7932.61,20485.37,20527.87,0.27,50027.210000000014,1921.97,2052.62,2970.23,1859.02,11724.029999999999,False,1.0,,0.09200000017881393,,10066.07,False,True,True,-8753.8,high,high,high,mid
2026-06-25,16,79004.05,2502.02,7933.77,22202.67,21343.24,27903.83,29756.979999999996,3094.3900000000003,2027.8600000000001,1791.9799999999998,2458.67,11970.34,False,,,,,10435.79,False,False,False,-10178.36,high,mid,high,low
2026-06-28,18,81719.45,2629.03,7509.82,25523.87,23185.37,25055.87,33478.21000000001,3314.9,2381.6099999999997,1970.29,2966.39,12552.18,False,,,,,10138.85,False,False,False,-10581.89,high,mid,high,low
2026-05-14,16,73055.01,2133.02,7990.8,21305.41,19717.15,27660.71,25677.149999999994,1917.704782916667,1872.8113170833335,1826.6176934166667,1652.4723468333334,15105.878268250002,True,,,,,10123.82,False,False,False,-13279.260574833335,high,mid,high,low
2026-05-02,22,50078.47,1485.98,7447.01,13254.51,6518.75,0.3,43559.42,474.95748008333345,167.069696,509.2075321666666,574.4704850833334,4645.705009166667,True,1.0,1.0,110.01100158691406,119.83334350585938,8932.99,True,True,True,-4136.497477000001,low,low,low,high
2026-05-17,18,68979.24,1968.97,8118.26,19735.71,24126.89,14013.87,30838.480000000003,3743.74,2139.75,1644.7799999999997,3247.44,13351.18,False,,,,,10087.23,False,False,False,-11706.400000000001,high,mid,high,low
2026-06-10,5,55729.33,1702.6,7456.67,15313.46,23235.29,2.78,32491.260000000002,1266.99,1663.7,3335.5299999999997,1509.7,15459.370000000003,False,,,,,9159.27,False,False,False,-12123.840000000004,high,high,mid,low
2026-06-07,8,50754.5,1598.91,7203.37,12340.29,15529.99,4644.47,30580.04,1779.45,1667.72,696.96,1338.49,10047.37,False,,,,,8802.28,False,False,False,-9350.41,mid,low,low,low
2026-05-01,22,48784.24,1484.4,7305.22,12526.42,9317.71,0.34,39466.19,4114.416341416667,653.471514,549.82360825,2403.9827805,2472.8112605,True,1.0,,8.281999588012695,,8789.62,False,True,True,-1922.98765225,low,low,low,high
2026-05-26,14,66609.06,1779.66,7000.18,18994.4,13377.4,23129.97,30101.689999999995,1588.76,1318.48,1535.07,1251.11,7683.98,False,,,,,8779.84,False,False,False,-6148.91,mid,mid,low,mid
2026-07-04,2,62110.92,2034.95,7810.28,17953.17,23521.2,0.88,38588.840000000004,1247.67,2280.56,3446.25,2177.07,14369.65,False,,,,,9845.23,False,False,False,-10923.4,high,high,high,low
2026-07-07,4,56041.88,1632.61,7620.93,15444.15,8609.66,0.42,47431.8,826.9499999999999,708.41,1534.1,1499.96,4040.24,False,1.0,,9.699000358581543,,9253.54,False,True,True,-2506.14,low,mid,mid,high
2026-06-18,15,81477.64,2603.44,7160.1,24402.71,11801.67,30287.87,39388.100000000006,2598.42,755.41,3469.4200000000005,915.77,4062.65,False,,,,,9763.54,False,False,False,-593.2299999999996,low,high,high,high
2026-06-06,8,49735.12,1594.11,6586.53,13205.82,3285.26,1900.8,44549.06,303.11,381.78,307.03,595.59,1697.7499999999998,False,1.0,,3.0420000553131104,,8180.639999999999,False,True,True,-1390.7199999999998,low,low,low,high
2026-05-06,1,51060.98,1413.1,6847.39,12373.51,12580.97,0.1,38479.91,2760.1441258333334,858.1521555833334,1535.9197556666666,2622.9635396666667,5379.858192000001,True,1.0,1.0,194.0989990234375,352.0419921875,8260.49,True,True,True,-3843.938436333334,low,mid,low,high
2026-05-04,23,56137.97,1692.23,7780.48,15394.76,25836.09,0.15,30301.73,2183.2648702500005,2716.7684991666665,3436.237779083333,2583.33592125,14872.934594583336,True,,,,,9472.71,False,False,False,-11436.696815500003,high,high,mid,low
2026-06-12,21,71435.49,2210.42,7562.19,20321.73,17138.62,566.2,53730.67000000001,2083.74,1167.99,3113.41,2865.11,7908.37,False,1.0,1.0,0.7929999828338623,38.234439849853516,9772.61,True,True,True,-4794.96,mid,high,high,mid
2026-06-07,23,66031.82,2063.45,7805.11,19574.0,25121.27,0.77,40909.780000000006,1484.05,2260.59,3334.67,2034.1899999999998,16007.769999999997,False,,,,,9868.56,False,False,False,-12673.099999999997,high,high,high,low
2026-06-13,20,75194.46,2278.83,7981.2,22276.92,19828.09,10094.63,45271.74000000001,2672.77,1387.3299999999997,2480.88,2287.1,11000.01,False,,,,,10260.029999999999,False,False,False,-8519.130000000001,mid,high,high,mid
2026-07-06,18,82556.81,2300.79,7049.3,26649.92,8596.26,27412.72,46547.83,2450.71,681.85,350.58,2298.97,2814.1500000000005,False,,,,,9350.09,False,False,False,-2463.5700000000006,low,low,mid,high
2026-07-11,23,66927.0,2118.98,7928.91,20830.63,15213.55,0.06,51713.39,1200.9500000000003,1241.68,593.77,2267.88,9909.27,False,1.0,,4.4720001220703125,,10047.89,False,True,True,-9315.5,mid,low,high,low
2026-05-10,20,62004.56,1706.41,7262.52,14089.04,21965.08,2517.43,37522.049999999996,1684.9472191666666,2170.671054916667,712.4143009166667,2884.883105416667,14872.155327416665,True,,,,,8968.93,False,False,False,-14159.741026499998,high,low,low,low
2026-05-11,10,50890.84,1618.24,7261.79,12714.44,5427.91,18847.71,26615.219999999994,1749.7352171666669,446.98840099999995,9.218853083333334,1741.5471526666665,1574.9976149166669,True,1.0,1.0,14.12600040435791,157.5380401611328,8880.03,True,True,True,-1565.7787618333334,low,low,low,high
2026-05-25,19,67506.88,1842.02,7868.62,16938.68,8989.76,18728.7,39788.42,1159.44,133.94,1940.75,811.88,4943.75,False,,,,,9710.64,False,False,False,-3003.0,low,mid,high,high
2026-05-31,23,65085.59,1849.66,7326.3,19179.18,15961.28,0.14,49124.17,666.23,1633.0099999999998,3120.53,2031.2899999999997,8510.22,False,1.0,,6.131999969482422,,9175.960000000001,False,True,True,-5389.689999999999,mid,high,mid,mid
2026-06-05,14,65889.9,1891.85,7765.27,19107.45,5967.05,21979.97,37942.87999999999,253.54999999999998,235.3,1210.48,64.22,4203.5,False,,1.0,,2.3398592472076416,9657.12,True,False,True,-2993.02,low,mid,mid,high
2026-07-06,19,81600.49,2198.93,7164.52,26473.45,11198.98,22903.34,47498.17000000001,2472.24,734.2,504.17,2307.91,5180.46,False,,,,,9363.45,False,False,False,-4676.29,low,low,mid,mid
2026-05-10,10,52236.07,1554.24,7465.36,13139.25,12296.38,20481.82,19457.870000000003,152.51512308333335,815.872491,3305.264513083334,280.68219325,7698.312628333333,True,,,,,9019.6,False,False,False,-4393.04811525,mid,high,low,mid
2026-07-04,17,82208.04,2539.23,7642.97,25625.02,9221.1,29459.47,43527.46999999999,2715.55,259.72,2258.25,1320.37,2667.21,False,,,,,10182.2,False,False,False,-408.96000000000004,low,high,high,high
2026-05-31,24,61216.43,1778.08,7454.88,17619.31,15483.49,0.14,45732.8,500.1600000000001,1534.29,3312.55,1947.9199999999998,8188.569999999999,False,1.0,,4.14900016784668,,9232.96,False,True,True,-4876.019999999999,mid,high,mid,mid
2026-05-26,20,66009.13,1433.78,6754.87,19036.09,8624.72,3780.43,53603.98,2973.77,1031.29,172.6,2297.61,2149.4500000000003,False,1.0,,0.22699999809265137,,8188.65,False,True,True,-1976.8500000000004,low,low,low,high
2026-05-20,23,57097.79,1509.04,7350.17,15264.89,8913.43,0.07,48184.29,573.27,640.0500000000001,1126.31,1392.72,5181.080000000001,False,1.0,,18.631999969482422,,8859.21,False,True,True,-4054.770000000001,low,mid,low,high
2026-05-18,4,53901.3,1603.12,7540.88,14202.43,28249.79,0.21,25651.300000000003,3326.37,2188.44,3245.2299999999996,3430.64,16059.11,False,,,,,9144.0,False,False,False,-12813.880000000001,high,high,low,low
2026-06-24,12,71588.58,2158.45,7759.26,21000.4,9848.03,30438.58,31301.97,1773.76,290.2,432.72999999999996,2012.62,5338.719999999999,False,,,,,9917.71,False,False,False,-4905.99,low,low,high,mid
2026-05-20,10,51234.63,1338.0,7478.07,13601.04,11470.19,8718.52,31045.919999999995,2488.46,508.74000000000007,903.78,1881.3,5687.910000000001,False,1.0,,7.947000026702881,,8816.07,False,True,True,-4784.130000000001,mid,low,low,mid
2026-07-05,11,66175.4,2078.4,7941.71,18731.74,7571.98,29754.85,28848.57,901.03,434.5299999999999,231.81000000000003,1140.38,4864.23,False,,,,,10020.11,False,False,False,-4632.419999999999,low,low,high,mid
2026-05-07,3,44487.37,1313.78,7209.31,10053.89,8572.27,0.07,35915.030000000006,815.4895103333334,1133.4958956666665,610.9862310833333,525.15325875,5368.7200975000005,True,1.0,,52.88600158691406,,8523.09,False,True,True,-4757.733866416667,low,low,low,mid
2026-06-25,1,61798.36,1900.13,7595.58,17819.16,19092.02,2.55,42703.78999999999,2046.6199999999997,2068.86,1592.76,2746.52,10637.26,False,,,,,9495.71,False,False,False,-9044.5,mid,mid,mid,mid
2026-06-04,21,66682.61,1999.89,7388.25,19672.69,11066.05,341.51,55275.049999999996,1365.06,935.46,1468.66,1544.7900000000002,5752.079999999999,False,1.0,,40.94900131225586,,9388.14,False,True,True,-4283.419999999999,mid,mid,mid,high
2026-05-06,9,52575.99,1512.38,7222.31,12561.39,11066.97,3195.05,38313.969999999994,438.3286145000001,1358.6373824166665,949.2442904166667,503.59942325,7663.374918833333,True,1.0,1.0,3.7119998931884766,4.6154584884643555,8734.69,True,True,True,-6714.130628416667,mid,low,low,mid
2026-05-31,2,54993.56,1686.13,7535.96,15033.81,21966.87,1.71,33024.98,1352.11,2131.53,1999.1299999999999,2377.87,14106.229999999998,False,,,,,9222.09,False,False,False,-12107.099999999999,high,mid,mid,low
2026-06-15,13,62313.47,1852.8,7506.33,18337.67,3387.55,15952.57,42973.35,1158.32,285.29,116.18,815.72,1012.0400000000001,False,1.0,,1.1160000562667847,,9359.13,False,True,True,-895.8600000000001,low,low,mid,high
2026-07-10,23,70141.76,2005.8,7705.47,22180.96,19562.31,0.27,50579.18,1064.17,1651.25,2410.1400000000003,2282.79,12153.96,False,1.0,,1.7029999494552612,,9711.27,False,True,True,-9743.82,high,high,high,low
2026-06-20,14,67963.9,2210.35,8323.44,20086.93,3388.32,26718.07,37857.509999999995,462.58,212.61,1163.56,612.53,937.04,False,,,,,10533.79,False,False,False,226.51999999999998,low,mid,high,high
2026-06-23,13,75395.72,2310.78,7771.13,21872.48,15281.03,27506.86,32607.83,2498.1,1213.12,1706.7300000000002,2073.42,7789.66,False,,,,,10081.91,False,False,False,-6082.929999999999,mid,mid,high,mid
2026-06-25,24,66018.48,2064.92,7778.14,19013.65,26019.88,2.41,39996.18999999999,2372.35,2543.8899999999994,2072.83,2887.8599999999997,16142.95,False,,,,,9843.060000000001,False,False,False,-14070.12,high,mid,high,low
2026-06-10,6,56316.33,1697.24,7446.57,15393.17,22534.64,2.75,33778.94,1222.44,1679.6,3197.2699999999995,1252.01,15183.320000000002,False,,,,,9143.81,False,False,False,-11986.050000000003,high,high,low,low
2026-06-25,2,59002.46,1828.51,7656.68,16733.24,17904.1,1.76,41096.6,1834.3499999999997,1956.96,2347.3299999999995,2540.81,9224.65,False,,,,,9485.19,False,False,False,-6877.32,mid,high,mid,mid
2026-07-12,24,62637.2,1943.49,7583.41,17813.56,8863.49,0.07,53773.64,1191.6,642.71,1144.88,2034.02,3850.2799999999997,False,1.0,,9.880000114440918,,9526.9,False,True,True,-2705.3999999999996,low,mid,mid,high
2026-05-08,15,55789.29,1513.88,7848.12,14795.36,4064.29,23140.34,28584.66,341.99531550000006,302.11684441666665,969.1772978333333,334.58926149999996,2027.0653363333333,True,,,,,9362.0,False,False,False,-1057.8880385,low,low,mid,high
2026-06-05,7,52579.82,1613.66,6958.05,14500.14,9508.48,94.59,42976.75,42.26,825.3000000000001,1780.1,182.86,6677.96,False,1.0,,42.7599983215332,,8571.710000000001,False,True,True,-4897.860000000001,mid,mid,low,mid
2026-05-25,4,45736.18,1370.91,7327.05,10848.26,6671.03,1.3,39063.85,38.17,397.84,1694.95,509.49,4030.58,False,1.0,,2.2230000495910645,,8697.960000000001,False,True,True,-2335.63,low,mid,low,high
2026-06-22,7,59161.85,1787.95,7450.02,16435.57,21765.16,77.0,37319.69,2632.55,1283.68,2487.72,2772.11,12589.100000000002,False,,,,,9237.970000000001,False,False,False,-10101.380000000003,high,high,mid,low
2026-05-28,10,53655.41,1627.73,7465.52,14591.06,2627.49,28007.26,23020.660000000007,8.93,64.36,93.86,22.52,2437.82,False,,,,,9093.25,False,False,False,-2343.96,low,low,low,high
2026-07-04,9,59237.58,1969.82,7562.79,17078.14,12969.64,23720.17,22547.770000000004,425.16,904.49,1870.68,1160.86,8608.45,False,,,,,9532.61,False,False,False,-6737.77,mid,mid,mid,mid
2026-06-15,23,61361.94,1876.74,7456.19,17705.83,4468.21,0.12,56893.61,779.9999999999999,134.96,1852.84,434.44,1265.97,False,1.0,1.0,35.862998962402344,3.694720983505249,9332.93,True,True,True,586.8699999999999,low,mid,mid,high
2026-06-21,19,77477.54,2515.16,8106.54,23369.1,19324.65,21641.64,36511.24999999999,3274.22,2195.84,388.26,2896.26,10570.07,False,,,,,10621.7,False,False,False,-10181.81,mid,low,high,low
2026-05-22,8,49270.55,1332.94,7210.05,12953.31,8545.79,5534.38,35190.380000000005,1377.22,79.28,1039.86,749.38,5300.05,False,,,,,8542.99,False,False,False,-4260.1900000000005,low,low,low,high
2026-05-24,18,66754.15,1904.45,7993.29,17593.95,4746.52,23399.7,38607.92999999999,1888.3099999999997,275.38,641.45,832.29,1109.09,False,,,,,9897.74,False,False,False,-467.6399999999999,low,low,high,high
2026-07-06,11,69027.38,1960.32,7712.18,19586.56,1683.58,28805.15,38538.65,509.0299999999999,18.140000000000004,85.94,755.9800000000001,314.49,False,,,,,9672.5,False,False,False,-228.55,low,low,mid,high
2026-07-12,8,54006.37,1819.58,7612.34,14889.18,5054.65,3789.47,45162.25,515.52,388.14,1018.29,507.99000000000007,2624.71,False,1.0,1.0,23.483999252319336,26.170364379882812,9431.92,True,True,True,-1606.42,low,low,mid,high
2026-06-02,4,53424.75,1498.24,7388.7,14334.42,11457.79,0.04,41966.92,326.63,862.72,2318.8100000000004,1091.92,6857.709999999999,False,1.0,,15.930999755859375,,8886.94,False,True,True,-4538.899999999999,mid,high,low,mid
2026-05-03,22,54284.58,1591.46,7751.65,14761.13,23288.22,1.19,30995.170000000002,1223.2338211666665,2358.944455083333,3035.650220666667,2381.4921120833333,13771.385524916668,True,,,,,9343.11,False,False,False,-10735.735304250002,high,high,mid,low
2026-05-15,16,70886.96,1892.7,8117.26,19325.12,21796.53,21951.1,27139.33000000001,3356.38,1723.78,2163.35,2693.19,11859.829999999998,False,,,,,10009.960000000001,False,False,False,-9696.479999999998,high,mid,high,low
2026-05-09,19,69281.85,1994.33,8034.83,20006.1,11116.56,22676.7,35488.59000000001,1499.552504416667,266.5643985,1080.7227290833332,493.6976615,7550.999456999999,True,1.0,,0.2849999964237213,,10029.16,False,True,True,-6470.276727916666,mid,mid,high,mid
2026-05-25,21,63455.22,1765.94,7773.2,15954.2,12313.05,359.14,50783.03,662.7499999999999,312.57000000000005,1665.28,1831.5700000000002,7840.880000000001,False,,,,,9539.14,False,False,False,-6175.600000000001,mid,mid,mid,mid
2026-07-04,8,55585.19,1847.1,7539.5,15704.16,14625.05,8435.56,32524.58,485.89,1228.77,2663.81,1140.41,9106.17,False,,,,,9386.6,False,False,False,-6442.360000000001,mid,high,mid,mid
2026-05-19,10,59418.82,1740.8,7599.2,16981.51,17965.12,14521.03,26932.67,2588.9000000000005,487.16,1736.24,1957.55,11195.269999999999,False,,,,,9340.0,False,False,False,-9459.029999999999,high,mid,mid,low
2026-06-11,5,56988.83,1812.65,7535.64,15893.44,25834.82,2.32,31151.690000000002,1627.34,2365.93,3722.4800000000005,1994.58,16124.49,False,,,,,9348.29,False,False,False,-12402.009999999998,high,high,mid,low
2026-05-15,2,51179.95,1610.03,7455.63,13757.8,24703.97,0.15,26475.829999999994,2145.1699999999996,2163.77,3548.46,2953.43,13893.14,False,,,,,9065.66,False,False,False,-10344.68,high,high,low,low
2026-05-16,19,69793.44,2035.28,7946.15,19866.17,24388.65,16710.09,28694.7,3620.57,2078.92,1215.64,2968.3700000000003,14505.15,False,,,,,9981.43,False,False,False,-13289.51,high,mid,high,low
2026-07-02,23,71363.12,2217.78,7800.85,21462.83,20783.82,0.13,50579.17,1712.06,1724.11,2682.49,2652.89,12012.27,False,1.0,1.0,5.73799991607666,3.336664915084839,10018.630000000001,True,True,True,-9329.78,high,high,high,low
2026-07-12,9,56513.24,1853.43,7703.75,15725.9,4523.54,14790.99,37198.71,334.06,205.63,1032.4599999999998,578.52,2372.8700000000003,False,1.0,,1.2209999561309814,,9557.18,False,True,True,-1340.4100000000005,low,low,mid,high
2026-06-04,20,68723.65,2096.98,7549.32,20412.71,10142.9,5465.46,53115.28999999999,1218.43,946.35,1619.67,1814.86,4543.59,False,1.0,,31.981000900268555,,9646.3,False,True,True,-2923.92,low,mid,mid,high
2026-06-10,24,66755.01,2035.05,7758.45,19571.7,27475.48,2.32,39277.21,2115.0,2430.1999999999994,3654.0399999999995,2686.78,16589.46,False,,,,,9793.5,False,False,False,-12935.42,high,high,high,low
2026-05-09,6,46148.19,1285.59,7320.37,11023.76,10567.24,0.71,35580.240000000005,801.4906612500001,1101.6477805000002,1130.0578450833332,2504.5235829166663,4801.457490083333,True,1.0,,86.97200012207031,,8605.96,False,True,True,-3671.399645,low,mid,low,high
2026-06-03,21,65631.07,1948.04,7400.21,20503.44,11419.97,543.99,53667.11000000001,1204.6900000000003,845.92,1992.0599999999997,1487.65,5889.650000000001,False,1.0,,8.63599967956543,,9348.25,False,True,True,-3897.590000000001,mid,mid,mid,high
2026-06-09,11,65905.63,1870.63,7608.33,19000.81,18311.54,23552.47,24041.620000000003,1373.92,1154.31,2577.79,1714.74,11490.78,False,,,,,9478.96,False,False,False,-8912.990000000002,high,high,mid,mid
2026-05-31,1,57577.37,1752.9,7608.42,16044.95,22320.95,1.77,35254.65,1321.83,2298.1,2139.07,2336.07,14225.88,False,,,,,9361.32,False,False,False,-12086.81,high,mid,mid,low
2026-06-08,2,57445.03,1822.98,7603.89,16196.92,25486.72,8.43,31949.879999999997,1540.6,2297.67,3443.16,2102.72,16102.570000000003,False,,,,,9426.87,False,False,False,-12659.410000000003,high,high,mid,low
2026-06-10,9,60511.61,1791.41,7591.63,16849.79,20237.07,13548.1,26726.440000000002,1399.43,1891.78,1780.57,1226.02,13939.27,False,,,,,9383.04,False,False,False,-12158.7,high,mid,mid,low
2026-07-05,2,61631.31,1880.04,7749.99,17546.22,16399.15,0.64,45231.52,1180.18,1836.14,1107.2899999999997,2062.18,10213.36,False,1.0,1.0,3.874000072479248,42.281768798828125,9630.029999999999,True,True,True,-9106.070000000002,mid,mid,mid,mid
2026-05-10,14,62402.25,1902.91,7987.07,14654.83,15655.47,22952.01,23794.77,1848.501263,546.45465875,3187.237678666667,866.0727509166666,9715.156736916666,True,,,,,9889.98,False,False,False,-6527.91905825,mid,high,high,mid
2026-07-08,4,55903.75,1775.07,7673.34,15829.31,17298.36,0.11,38605.28,910.4100000000001,1871.3,3033.75,1278.12,10204.78,False,1.0,,5.822000026702881,,9448.41,False,True,True,-7171.030000000001,mid,high,mid,mid
2026-06-10,19,78113.92,2340.12,6994.39,24340.05,23222.94,19163.26,35727.72,2807.61,2173.45,1384.38,2514.35,14343.15,False,,,,,9334.51,False,False,False,-12958.77,high,mid,mid,low
2026-06-18,24,69444.48,2136.91,7102.65,19905.32,15857.34,0.61,53586.53,2441.4199999999996,1599.85,1202.65,2397.81,8215.61,False,,,,,9239.56,False,False,False,-7012.960000000001,mid,mid,mid,mid
2026-05-14,9,53010.71,1672.21,7387.28,14504.47,14848.79,23393.62,14768.3,131.48635600000003,885.5154335000001,2776.545495,1135.04085625,10473.068395166665,True,,,,,9059.49,False,False,False,-7696.522900166665,mid,high,low,mid
2026-05-05,12,57523.59,1593.89,7378.5,15963.77,13793.2,18909.79,24820.6,2981.852953416667,1651.2186130833334,1731.1944870833333,1567.0460625,5891.428058250001,True,,,,,8972.39,False,False,False,-4160.233571166668,mid,mid,low,high
2026-05-15,17,70854.78,1922.4,8131.8,18933.03,22560.93,17507.5,30786.35,3507.76,1272.5999999999997,1884.76,2816.68,13079.130000000001,False,,,,,10054.2,False,False,False,-11194.37,high,mid,high,low
2026-05-17,6,51223.89,1535.66,7446.89,13026.5,25927.8,0.14,25295.95,2692.21,1972.6000000000001,3573.5,2753.82,14935.669999999998,False,,,,,8982.550000000001,False,False,False,-11362.169999999998,high,high,low,low
2026-06-02,15,77817.91,2248.9,7305.14,23961.11,9140.92,24896.45,43780.54000000001,1048.72,355.43,2450.12,483.44,4803.21,False,,,,,9554.04,False,False,False,-2353.09,low,high,mid,high
2026-06-26,3,57048.76,1567.12,7412.06,15856.38,15808.12,0.78,41239.86,2336.6400000000003,1611.67,1039.95,2837.32,7982.54,False,1.0,,3.5810000896453857,,8979.18,False,True,True,-6942.59,mid,low,low,mid
2026-05-26,21,63250.91,1445.13,6492.69,18160.22,7159.49,237.07,55854.350000000006,2955.18,599.74,159.83,2164.69,1280.05,False,1.0,,11.430000305175781,,7937.82,False,True,True,-1120.22,low,low,low,high
2026-06-24,23,69902.4,2115.41,7713.71,20850.25,19115.9,1.82,50784.67999999999,1974.94,1634.22,1382.17,2610.26,11514.31,False,,,,,9829.119999999999,False,False,False,-10132.14,high,mid,high,low
2026-05-27,20,60379.71,1863.93,7541.17,18077.19,2370.5,8107.29,49901.92,91.65,124.87,453.64,430.97,1269.37,False,,,,,9405.1,False,False,False,-815.7299999999999,low,low,mid,high
2026-06-30,7,58393.74,1880.32,7564.56,16536.45,23921.66,225.64,34246.44,1132.4700000000003,1983.13,3359.56,1910.3,15536.2,False,,,,,9444.880000000001,False,False,False,-12176.640000000001,high,high,mid,low
2026-05-16,17,70192.17,2012.73,8106.1,19838.36,21793.15,24873.47,23525.549999999996,3423.32,2162.91,985.27,2648.76,12572.89,False,,,,,10118.83,False,False,False,-11587.619999999999,high,low,high,low
2026-06-05,10,57385.7,1710.2,7189.83,16013.47,7213.38,10104.04,40068.28,34.330000000000005,578.5600000000001,966.39,149.86,5484.24,False,1.0,1.0,3.9539999961853027,4.170416831970215,8900.03,True,True,True,-4517.849999999999,low,low,low,mid
2026-07-11,9,59207.86,1891.66,7548.61,16918.71,6875.13,18407.89,33924.840000000004,645.5900000000001,689.94,210.14,1067.99,4261.470000000001,False,,1.0,,2.9731616973876953,9440.27,True,False,True,-4051.3300000000013,low,low,mid,high
2026-05-30,23,63869.06,1874.3,7740.69,18295.18,21509.03,1.91,42358.119999999995,1082.57,2298.61,2481.7,2321.33,13324.82,False,,,,,9614.99,False,False,False,-10843.119999999999,high,high,mid,low
2026-06-18,3,56585.63,1880.49,7488.12,15323.64,22612.45,0.24,33972.939999999995,1809.6,2178.82,2613.48,2458.72,13551.830000000002,False,,,,,9368.61,False,False,False,-10938.350000000002,high,high,mid,low
2026-06-27,17,81790.76,2594.87,8053.29,24914.01,22492.09,27953.77,31344.899999999998,3387.7699999999995,2263.3899999999994,1597.58,2828.96,12414.39,False,,,,,10648.16,False,False,False,-10816.81,high,mid,high,low
2026-07-05,15,79928.28,2451.36,8202.61,23719.08,3751.64,30739.77,45436.869999999995,1559.6900000000003,169.08,298.77,756.93,967.17,False,,,,,10653.970000000001,False,False,False,-668.4,low,low,high,high
2026-05-24,2,47133.0,1475.55,7190.98,12351.42,14893.76,0.13,32239.109999999997,847.25,712.98,1617.1200000000001,1209.34,10507.069999999998,False,1.0,,4.2829999923706055,,8666.529999999999,False,True,True,-8889.949999999997,mid,mid,low,mid
2026-06-17,8,56312.23,1789.8,7448.37,15568.74,16825.52,6012.71,33474.00000000001,417.86,1022.88,3461.0,201.51,11722.27,False,,,,,9238.17,False,False,False,-8261.27,high,high,mid,mid
2026-05-09,20,66790.09,1930.84,7900.98,18994.46,13106.92,7961.7,45721.47,1415.3636849166667,440.29255816666665,769.3516450000001,865.2896004166666,9380.555657833334,True,1.0,,10.86400032043457,,9831.82,False,True,True,-8611.204012833334,mid,low,high,mid
2026-06-01,18,78118.66,2269.91,6838.74,24894.22,9336.28,26588.15,42194.23,1234.3900000000003,200.59,2415.77,718.65,4766.88,False,,,,,9108.65,False,False,False,-2351.11,low,high,low,high
2026-05-26,19,68776.38,1465.96,7131.68,19721.03,9553.19,12669.28,46553.91,3040.29,1389.59,310.69,2377.57,2435.05,False,1.0,,2.2019999027252197,,8597.64,False,True,True,-2124.36,low,low,low,high
2026-05-03,21,55439.54,1573.97,7739.41,15121.17,20781.22,110.49,34547.83,1317.6296218333334,1639.220273833333,2958.159501916666,2138.0971707500003,12289.19394575,True,1.0,,1.152999997138977,,9313.38,False,True,True,-9331.034443833334,high,high,mid,low
2026-05-11,8,49253.6,1535.52,7533.13,12121.2,7322.28,3204.44,38726.88,1203.64189575,1114.6739156666667,71.38170958333333,1741.0232979166667,3204.9643540833335,True,1.0,1.0,29.530000686645508,1.3068066835403442,9068.65,True,True,True,-3133.5826445000002,low,low,low,high
2026-05-16,14,65047.66,1844.3,8045.41,17970.3,20185.24,26834.8,18027.62,3214.06,2142.34,974.35,2811.04,11043.45,False,,,,,9889.71,False,False,False,-10069.1,mid,low,high,low
2026-06-14,1,61697.36,1881.15,7623.54,17218.22,19170.52,0.14,42526.7,1241.88,1899.03,1605.8800000000003,1447.11,12976.62,False,,,,,9504.69,False,False,False,-11370.74,high,mid,mid,low
2026-05-28,1,49590.15,1564.17,7477.6,13529.0,10297.11,1.28,39291.76,26.169999999999998,650.3,663.3699999999999,707.0300000000001,8250.239999999998,False,,,,,9041.77,False,False,False,-7586.869999999998,mid,low,low,mid
2026-05-05,11,55726.39,1476.77,7400.15,15263.3,14588.19,14664.61,26473.589999999997,2943.721194083334,1937.708077,2043.735855,1549.7513145,6296.2242185,True,,,,,8876.92,False,False,False,-4252.4883635,mid,mid,low,high
2026-07-02,8,58681.0,1857.22,7456.38,16497.17,14968.86,6013.05,37699.09,483.1099999999999,962.33,2568.38,1315.43,9639.61,False,1.0,,3.9779999256134033,,9313.6,False,True,True,-7071.2300000000005,mid,high,mid,mid
2026-05-12,12,55995.54,1569.59,7616.2,14575.83,6655.17,30975.03,18365.340000000004,79.01960491666667,94.20375333333332,2580.9965816666663,34.48235191666667,4399.2642912500005,True,,,,,9185.789999999999,False,False,False,-1818.2677095833342,low,high,mid,high
2026-05-31,5,50251.15,1546.38,7423.48,13287.6,18168.49,1.48,32081.18,667.61,2246.52,1586.84,1304.25,12363.27,False,,,,,8969.86,False,False,False,-10776.43,high,mid,low,low
2026-06-15,1,56952.5,1761.58,7035.17,14494.8,8342.66,0.1,48609.74,806.83,650.36,452.04000000000013,1540.43,4893.0,False,,,,,8796.75,False,False,False,-4440.96,low,low,low,mid
2026-05-16,9,51733.54,1577.15,7516.09,13749.4,20932.33,16013.15,14788.06,1818.6699999999998,1799.19,1457.93,2019.16,13837.38,False,,,,,9093.24,False,False,False,-12379.449999999999,high,mid,low,low
2026-06-28,3,59857.87,1972.33,7956.27,16766.42,28430.48,1.51,31425.880000000005,2554.29,2483.38,3418.8699999999994,2946.6,17027.34,False,,,,,9928.6,False,False,False,-13608.470000000001,high,high,high,low
2026-05-01,4,43176.12,1298.41,7061.13,9928.48,7814.1,0.14,35361.880000000005,826.8724416666668,489.2460226666667,1499.8537294166667,774.0230175833334,4182.404016833334,True,1.0,1.0,11.901000022888184,186.79788208007812,8359.54,True,True,True,-2682.5502874166673,low,mid,low,high
2026-05-04,1,45559.3,1421.82,7554.24,11572.75,25559.11,0.92,19999.270000000004,1692.8772146666672,2675.9655945000004,3595.0527714166665,2559.5621964166667,16717.865672833334,True,,,,,8976.06,False,False,False,-13122.812901416666,high,high,low,low
2026-06-19,19,69100.02,2091.63,8305.49,17211.77,5059.54,15840.79,48199.69,1839.8399999999997,749.47,295.78,883.99,1290.46,False,1.0,,1.8550000190734863,,10397.119999999999,False,True,True,-994.6800000000001,low,low,high,high
2026-06-05,22,61182.66,1818.4,7008.76,17517.12,10302.16,0.05,50880.45,498.0199999999999,1192.39,2192.13,1112.87,5306.75,False,1.0,,8.059000015258789,,8827.16,False,True,True,-3114.62,low,mid,low,high
2026-05-08,19,57232.23,1616.63,7540.95,15072.61,6415.75,12791.53,38024.950000000004,1315.1995034166669,580.6596175000001,1553.3224824166666,757.67338475,2128.3997906666664,True,,1.0,,218.87408447265625,9157.58,True,False,True,-575.0773082499998,low,mid,mid,high
2026-07-11,12,69020.29,2149.03,7766.06,21267.81,6016.08,29325.52,33678.68999999999,1982.49,419.89,42.08,1557.28,2014.3399999999997,False,,,,,9915.09,False,False,False,-1972.2599999999998,low,low,high,high
2026-05-07,5,44065.44,1301.83,7155.71,10043.73,7908.04,0.1,36157.3,697.3293410833334,631.0497893333334,226.63015808333333,613.92779325,5457.466821083334,True,1.0,,17.746000289916992,,8457.54,False,True,True,-5230.836663000001,low,low,low,mid
2026-06-28,24,68876.26,2197.77,7915.11,20219.58,27763.25,1.92,41111.09,2841.4000000000005,2536.15,3249.24,3323.44,15813.02,False,,,,,10112.88,False,False,False,-12563.78,high,high,high,low
2026-05-10,6,46615.74,1379.96,7363.31,11478.44,17455.94,0.76,29159.04,149.48275758333335,1617.4132695833332,1830.2834535000002,740.5731500833334,13012.574837333334,True,,,,,8743.27,False,False,False,-11182.291383833333,high,mid,low,low
2026-06-21,21,73620.03,2318.76,7764.35,22009.57,23390.39,1301.15,48928.49,2604.25,2137.87,632.4299999999998,2865.44,15150.4,False,,,,,10083.11,False,False,False,-14517.97,high,low,high,low
2026-06-05,20,63108.98,1909.02,6986.9,18147.1,10559.29,1681.67,50868.020000000004,277.96,1176.49,2463.5300000000007,1018.1500000000001,5623.16,False,1.0,,2.6389999389648438,,8895.92,False,True,True,-3159.629999999999,mid,high,low,high
2026-05-25,17,69653.31,1846.6,7955.11,18329.82,6258.18,25975.57,37419.56,988.8700000000002,177.57,1697.77,259.26,3134.71,False,,,,,9801.71,False,False,False,-1436.94,low,mid,high,high
2026-06-03,22,63833.9,1915.62,7349.38,19759.88,11128.82,0.1,52704.98,710.9200000000001,1022.22,2199.09,963.19,6233.4,False,1.0,,16.6299991607666,,9265.0,False,True,True,-4034.3099999999995,mid,mid,mid,high
2026-06-06,10,54934.6,1704.15,6901.01,14459.42,3123.52,13690.26,38120.82,357.5799999999999,153.96,873.4599999999999,650.74,1087.78,False,,,,,8605.16,False,False,False,-214.32000000000005,low,low,low,high
2026-06-18,5,55427.24,1777.21,7413.92,14551.09,19591.23,0.13,35835.88,1615.7699999999998,1994.7399999999998,1354.84,2014.2,12611.68,False,,,,,9191.130000000001,False,False,False,-11256.84,high,mid,mid,low
2026-06-27,18,82012.37,2627.37,7993.54,25154.78,22736.08,26520.83,32755.459999999992,3458.8400000000006,2225.4799999999996,1564.9599999999998,2850.44,12636.36,False,,,,,10620.91,False,False,False,-11071.400000000001,high,mid,high,low
2026-06-01,9,58226.94,1692.54,7238.06,16499.71,10439.54,23201.05,24586.350000000002,261.84,725.62,570.1000000000001,629.59,8252.39,False,,,,,8930.6,False,False,False,-7682.289999999999,mid,low,low,mid
2026-07-12,23,66223.49,2058.71,7701.04,19139.82,9995.07,0.05,56228.37,1237.67,878.0600000000001,815.58,2124.36,4939.4,False,1.0,,9.168999671936035,,9759.75,False,True,True,-4123.82,low,low,high,high
2026-06-19,6,59261.63,1807.76,7244.18,16331.56,12583.35,0.63,46677.65,1742.38,739.61,1039.38,2256.19,6805.79,False,1.0,1.0,1.5080000162124634,6.312204837799072,9051.94,True,True,True,-5766.41,mid,low,low,mid
2026-05-08,21,56278.59,1604.41,7162.25,14817.36,10657.78,205.11,45415.7,1140.9510673333336,879.48344,1576.1570410833335,651.5603925,6145.33909675,True,1.0,1.0,27.200000762939453,156.8082275390625,8766.66,True,True,True,-4569.182055666666,mid,mid,low,mid
2026-05-23,12,55777.93,1547.61,7722.67,14812.11,5703.97,24726.97,25346.989999999998,1230.75,62.96,313.76,1141.91,2954.59,False,,,,,9270.28,False,False,False,-2640.83,low,low,mid,high
2026-06-29,22,76443.54,2392.05,7874.49,23397.11,27649.22,3.63,48790.689999999995,2653.8199999999997,2600.36,3423.67,3041.6,15929.77,False,,,,,10266.54,False,False,False,-12506.1,high,high,high,low
2026-06-21,7,50967.32,1736.04,7413.4,13488.6,20792.18,225.01,29950.13,774.62,1834.1,3426.54,775.49,13981.43,False,,,,,9149.439999999999,False,False,False,-10554.89,high,high,low,low
2026-06-27,4,57499.93,1781.48,7653.23,16155.02,18393.92,0.61,39105.4,2594.26,2210.9,1962.78,3051.1800000000003,8574.8,False,1.0,,2.5880000591278076,,9434.71,False,True,True,-6612.0199999999995,mid,mid,mid,mid
2026-07-05,19,80451.83,2609.84,7740.85,23610.45,10934.66,16757.51,52759.66,2650.78,880.35,630.09,1371.6399999999999,5401.8,False,,1.0,,134.98025512695312,10350.69,True,False,True,-4771.71,low,low,high,mid
2026-05-09,11,54454.11,1452.59,7743.45,14530.35,4778.38,25265.3,24410.430000000004,1462.1529583333336,24.676753333333334,1177.5426363333331,415.77278366666667,1573.3818369166668,True,,,,,9196.039999999999,False,False,False,-395.83920058333365,low,mid,mid,high
2026-05-15,8,52110.97,1614.69,7374.43,13945.25,24615.6,4601.7,22893.670000000002,2317.86,2243.67,3089.48,3013.97,13950.62,False,,,,,8989.12,False,False,False,-10861.140000000001,high,high,low,low
2026-05-20,14,56251.15,1417.59,7031.23,14907.19,4918.05,22738.67,28594.43,827.45,60.32,636.51,529.17,2864.6,False,1.0,,2.9619998931884766,,8448.82,False,True,True,-2228.09,low,low,low,high
2026-05-26,11,57562.67,1566.03,6793.81,15507.81,9780.86,21333.81,26447.999999999996,1800.08,449.58,656.32,1785.39,5089.49,False,,,,,8359.84,False,False,False,-4433.17,low,low,low,mid
2026-06-01,8,54997.67,1567.06,7232.02,15236.07,11831.13,9426.45,33740.09,347.67,1171.1200000000001,788.71,842.03,8681.6,False,,,,,8799.08,False,False,False,-7892.89,mid,low,low,mid
2026-05-12,20,66151.71,1878.4,7623.47,18241.23,7164.81,8905.01,50081.89000000001,614.3932938333335,240.08660716666665,982.3171060833332,320.1098265833333,4748.502070583333,True,,,,,9501.87,False,False,False,-3766.1849644999998,low,low,mid,high
2026-06-09,23,68905.41,1995.63,7793.61,20139.13,24189.66,3.92,44711.83,1590.44,2175.15,3360.61,2550.63,14512.83,False,,,,,9789.24,False,False,False,-11152.22,high,high,high,low
2026-06-28,20,80017.04,2571.76,7793.07,24747.03,27017.26,8767.35,44232.43,3487.69,2374.56,2783.18,3200.19,15171.64,False,1.0,,1.4709999561309814,,10364.83,False,True,True,-12388.46,high,high,high,low
2026-07-04,18,81611.52,2541.31,7139.72,25691.03,10151.57,25742.19,45717.76000000001,2887.3299999999995,335.59,2198.54,1726.5800000000002,3003.53,False,,,,,9681.03,False,False,False,-804.9900000000002,low,mid,mid,high
2026-06-25,5,54629.28,1731.31,7477.7,15052.34,16504.21,1.71,38123.36,1215.79,1853.21,1338.55,1899.8099999999997,10196.85,False,1.0,1.0,0.3540000021457672,140.11932373046875,9209.01,True,True,True,-8858.300000000001,mid,mid,mid,mid
2026-05-07,21,54405.64,1426.67,7504.29,13808.83,9648.67,264.04,44492.93,1701.3082648333336,286.45338983333335,952.3140985,1402.9476863333332,5107.893279583333,True,1.0,1.0,24.59600067138672,77.64901733398438,8930.96,True,True,True,-4155.579181083333,low,low,low,high
2026-06-01,11,65541.4,1808.8,7493.59,19279.66,6496.51,30178.9,28865.98999999999,196.14,595.44,788.4400000000002,335.42,4581.07,False,,,,,9302.39,False,False,False,-3792.6299999999997,low,low,mid,high
2026-06-25,3,56952.82,1782.83,7699.23,15955.95,17401.05,1.51,39550.26,1863.1300000000003,1830.38,2607.98,2324.98,8774.58,False,,1.0,,43.9877815246582,9482.06,True,False,True,-6166.6,mid,high,mid,mid
2026-06-29,14,81114.7,2431.72,7915.57,24399.94,22966.24,27772.72,30375.73999999999,3050.71,2306.22,1155.59,2877.31,13576.41,False,,,,,10347.289999999999,False,False,False,-12420.82,high,mid,high,low
2026-06-02,24,57443.73,1821.94,7229.67,15437.05,14624.34,0.09,42819.3,460.3400000000001,799.99,2061.4700000000003,1685.78,9616.76,False,1.0,,9.508999824523926,,9051.61,False,True,True,-7555.29,mid,mid,low,mid
2026-05-22,1,48435.83,1308.38,7257.43,12451.8,9948.57,0.19,38487.07,402.12,314.65,2045.98,1284.08,5901.740000000001,False,1.0,,10.847999572753906,,8565.810000000001,False,True,True,-3855.7600000000007,mid,mid,low,high
2026-05-16,4,49099.45,1508.06,7515.21,12651.65,26253.31,0.22,22845.919999999995,2695.4,2262.19,3379.5599999999995,2622.92,15293.24,False,,,,,9023.27,False,False,False,-11913.68,high,high,low,low
2026-05-14,11,58853.08,1754.53,7577.92,16503.82,13388.44,29842.45,15622.189999999999,381.7492173333334,870.2268545833334,2473.318103,788.0583970833334,10025.1358475,True,,,,,9332.45,False,False,False,-7551.8177445,mid,high,mid,mid
2026-05-30,24,60768.71,1827.71,7706.26,17183.84,22013.2,1.79,38753.719999999994,1097.72,2272.84,2169.65,2307.26,14165.729999999998,False,,,,,9533.970000000001,False,False,False,-11996.079999999998,high,mid,mid,low
2026-06-23,12,72188.33,2173.48,7706.75,20723.34,12729.15,28244.2,31214.98,2029.0499999999997,1051.87,895.69,1809.4299999999998,6943.11,False,,,,,9880.23,False,False,False,-6047.42,mid,low,high,mid
2026-05-13,2,47901.95,1470.16,7271.5,11833.88,20607.69,0.66,27293.6,249.77281058333338,1844.763993,2388.3418977500005,1821.6653365000002,13847.153287583335,True,,,,,8741.66,False,False,False,-11458.811389833334,high,high,low,low
2026-07-05,6,54061.22,1769.5,7491.56,14195.02,12803.41,0.14,41257.67,862.72,1091.59,845.5299999999999,1433.69,8569.88,False,1.0,,9.21399974822998,,9261.060000000001,False,True,True,-7724.349999999999,mid,low,mid,mid
2026-05-07,18,55022.46,1413.31,7603.95,13884.52,6283.88,14101.04,34637.54,1519.3014155833337,167.98383241666667,651.2649809166667,1037.9417236666666,2716.477387583333,True,1.0,,3.927999973297119,,9017.26,False,True,True,-2065.2124066666665,low,low,low,high
2026-05-12,10,51461.82,1278.55,7361.59,13534.72,7754.48,30998.1,12709.239999999998,88.63210808333335,126.37071491666666,2863.089665,100.25961416666668,5196.368194333332,True,,,,,8640.14,False,False,False,-2333.2785293333322,low,high,low,high
2026-07-02,10,65251.83,2012.67,7450.55,19036.75,17463.85,22430.62,25357.360000000004,1041.8799999999999,778.05,2390.75,1798.29,11454.880000000001,False,,,,,9463.220000000001,False,False,False,-9064.130000000001,high,high,mid,mid
2026-06-18,18,82256.71,2415.03,7081.31,25113.02,13789.63,24109.44,44357.64,2259.3,1311.3199999999997,2130.43,1145.92,6942.66,False,,,,,9496.34,False,False,False,-4812.23,mid,mid,mid,mid
2026-05-30,9,53732.35,1596.29,7588.42,14761.24,16478.35,14388.43,22865.57,249.93,1102.41,2373.6499999999996,1441.7000000000003,11310.66,False,,1.0,,3.1729300022125244,9184.71,True,False,True,-8937.01,high,high,mid,mid
2026-07-12,1,60797.08,1942.68,7738.67,18202.63,13543.99,0.07,47253.020000000004,1072.11,1299.42,778.41,1266.29,9127.760000000002,False,1.0,,9.177000045776367,,9681.35,False,True,True,-8349.350000000002,mid,low,mid,mid
2026-05-09,14,63085.0,1776.87,7954.78,17418.02,5298.6,32779.65,25006.75,116.78714891666667,17.088662916666664,1794.0556813333333,87.93693566666666,3107.7637371666665,True,,,,,9731.65,False,False,False,-1313.7080558333332,low,mid,high,high
2026-07-06,2,57905.5,1513.83,7031.45,15573.2,8939.25,0.14,48966.11,1119.2200000000003,480.15,531.25,1780.8299999999997,5027.799999999999,False,1.0,,7.7789998054504395,,8545.279999999999,False,True,True,-4496.549999999999,low,low,low,mid
2026-05-15,11,58796.42,1761.74,7817.28,15657.76,21441.56,22976.92,14377.940000000002,2856.54,2190.86,1271.22,2814.9499999999994,12307.990000000002,False,,,,,9579.02,False,False,False,-11036.770000000002,high,mid,mid,low
2026-06-09,19,77582.31,2258.9,7206.8,23901.6,22213.49,19192.52,36176.29999999999,2053.03,1556.3300000000002,1610.0900000000001,2550.84,14443.2,False,,,,,9465.7,False,False,False,-12833.11,high,mid,mid,low
2026-05-13,23,61347.73,1798.3,7610.53,17351.69,23367.64,0.78,37979.310000000005,1033.1753945,1712.8989957499998,3437.40481475,2545.162484333333,14214.586166333333,True,,,,,9408.83,False,False,False,-10777.181351583333,high,high,mid,low
2026-05-19,20,64388.67,1645.43,7243.82,15021.76,12991.6,4006.61,47390.46,2596.45,1231.8999999999999,769.9,2191.98,6201.37,False,1.0,,3.5280001163482666,,8889.25,False,True,True,-5431.47,mid,low,low,mid
2026-05-01,21,49137.91,1463.39,7209.44,12641.44,10071.31,26.16,39040.44,4211.094755583334,538.2406628333333,552.0178659166667,2460.0759048333334,3229.0768190833337,True,,,,,8672.83,False,False,False,-2677.058953166667,low,low,low,high
2026-06-22,20,79902.12,2434.03,7316.48,24536.89,16979.53,10148.74,52773.85,3129.57,879.37,1728.28,2951.13,8291.18,False,,,,,9750.51,False,False,False,-6562.900000000001,mid,mid,high,mid
2026-06-16,23,65032.15,2068.18,7636.57,19255.98,19029.97,0.72,46001.46,461.74000000000007,1133.88,3448.35,650.69,13335.31,False,1.0,,19.090999603271484,,9704.75,False,True,True,-9886.96,high,high,high,low
2026-07-08,21,79751.44,2425.79,7862.51,25417.73,17843.17,1302.39,60605.880000000005,1935.9800000000005,1140.9400000000003,2569.81,2545.33,9651.11,False,1.0,,1.274999976158142,,10288.3,False,True,True,-7081.300000000001,mid,high,high,mid
2026-07-09,20,81461.7,2514.46,7513.18,26497.88,20262.85,10816.98,50381.869999999995,875.38,1665.75,3055.92,1593.1400000000003,13072.66,False,,,,,10027.64,False,False,False,-10016.74,high,high,high,low
2026-06-30,14,79265.87,2369.79,8119.24,23857.98,20746.72,28709.3,29809.849999999995,2341.84,1391.95,1401.84,2276.02,13335.07,False,,,,,10489.029999999999,False,False,False,-11933.23,high,mid,high,low
2026-05-21,1,50705.08,1398.39,7104.67,12910.92,6761.07,0.07,43943.94,1193.4,242.80000000000004,987.4199999999998,1273.23,3064.22,False,1.0,,28.01300048828125,,8503.06,False,True,True,-2076.8,low,low,low,high
2026-05-27,7,47797.39,1445.08,6561.45,12594.15,4061.82,41.55,43694.02,1307.69,237.49999999999997,35.68,1698.05,782.9,False,1.0,,2.2309999465942383,,8006.53,False,True,True,-747.22,low,low,low,high
2026-05-06,23,53299.49,1481.74,7438.09,12454.53,13432.41,0.06,39867.020000000004,355.39964166666675,1542.2469593333333,2689.0498578333336,1210.0927515,7406.852010833333,True,1.0,,197.71299743652344,,8919.83,False,True,True,-4717.802153,mid,high,low,mid
2026-06-21,5,51283.19,1782.55,7486.94,13875.57,21980.4,3.14,29299.65,669.23,1879.94,3617.36,692.25,15121.62,False,,,,,9269.49,False,False,False,-11504.26,high,high,mid,low
2026-05-26,10,55080.64,1553.44,6906.37,14510.96,8030.63,19439.87,27610.140000000003,669.61,301.53,322.95,1953.7300000000002,4782.81,False,,,,,8459.81,False,False,False,-4459.860000000001,low,low,low,mid
2026-05-20,21,60893.51,1545.8,6913.59,16817.18,7874.65,89.8,52929.06,799.83,293.63,1153.5,691.37,4936.32,False,1.0,,8.215999603271484,,8459.39,False,True,True,-3782.8199999999997,low,mid,low,high
2026-06-06,21,63734.22,1861.65,7064.84,16680.59,6675.78,842.95,56215.490000000005,2036.05,568.72,527.27,1960.6599999999999,1583.08,False,1.0,,19.95599937438965,,8926.49,False,True,True,-1055.81,low,low,low,high
2026-05-03,14,51085.01,1143.86,7682.12,13686.73,11971.4,26336.25,12777.36,669.1544779166667,950.63224825,2674.18576675,420.7343163333333,9321.095760333334,True,,,,,8825.98,False,False,False,-6646.909993583334,mid,high,low,mid
2026-05-16,21,65639.98,1925.69,7961.03,18354.66,27658.75,408.4,37572.829999999994,3166.1699999999996,1979.31,3123.69,3072.64,16316.94,False,,,,,9886.72,False,False,False,-13193.25,high,high,high,low
2026-05-07,14,51799.69,1317.1,7498.02,13149.43,4647.78,23706.39,23445.520000000004,2007.24768825,169.8330365,588.3107911666667,1072.481562,767.2614822499999,True,1.0,,1.6160000562667847,,8815.12,False,True,True,-178.95069108333314,low,low,low,high
2026-05-13,11,56591.3,1542.05,7686.8,14924.75,2091.66,33875.96,20623.68,0.5575626666666668,124.56246558333333,190.98021383333335,180.6621596666667,1605.9616206666667,True,,,,,9228.85,False,False,False,-1414.9814068333333,low,low,mid,high
2026-05-19,8,57022.21,1693.91,7039.42,16191.44,16137.36,1921.15,38963.7,1907.2499999999998,708.4999999999999,3621.91,1921.28,7978.42,False,1.0,,13.699000358581543,,8733.33,False,True,True,-4356.51,mid,high,low,high
2026-05-19,23,57010.33,1431.51,7464.46,13817.42,11699.46,0.13,45310.740000000005,1590.96,691.94,1461.72,1955.27,5999.569999999999,False,1.0,,25.804000854492188,,8895.97,False,True,True,-4537.8499999999985,mid,mid,low,mid
2026-05-22,5,44958.04,1283.14,7245.36,11261.69,8990.22,0.27,35967.55,1031.23,71.54,2742.03,1252.95,3892.4699999999993,False,,,,,8528.5,False,False,False,-1150.4399999999991,low,high,low,high
2026-07-09,13,78542.39,2323.01,7863.99,24462.93,14282.17,33970.09,30290.130000000005,1215.17,783.8900000000001,1199.25,2079.27,9004.59,False,,,,,10187.0,False,False,False,-7805.34,mid,mid,high,mid
2026-05-04,16,60497.36,1457.64,7977.38,16586.8,16982.65,23801.77,19712.94,2025.1668458461536,2284.647356923077,2470.738678846154,1495.6303767692307,10296.87894146154,True,,,,,9435.02,False,False,False,-7826.140262615387,mid,high,mid,mid
2026-06-24,2,59874.38,1970.27,7593.97,16414.94,22507.72,3.38,37363.28,1587.94,1826.7899999999997,1820.4999999999998,2100.85,15171.64,False,,,,,9564.24,False,False,False,-13351.14,high,mid,mid,low
2026-06-03,15,69735.51,1930.07,7261.21,21522.54,2342.75,24376.36,43016.399999999994,582.14,224.31,564.09,362.77,609.4399999999999,False,1.0,,3.2720000743865967,,9191.28,False,True,True,-45.34999999999991,low,low,mid,high
2026-07-07,17,82571.06,2520.44,7024.79,26361.73,7275.2,27517.4,47778.46,2473.6100000000006,182.26,796.6099999999999,1518.59,2304.13,False,,,,,9545.23,False,False,False,-1507.5200000000002,low,low,mid,high
2026-06-09,12,69259.4,1930.62,7674.35,20270.83,17968.85,25477.35,25813.199999999997,1551.6299999999999,1029.59,2554.61,1650.37,11182.65,False,,,,,9604.970000000001,False,False,False,-8628.039999999999,high,high,mid,mid
2026-06-27,5,55749.19,1758.43,7184.19,15742.86,14610.72,0.6,41137.87,2344.4499999999994,1695.55,1302.45,2828.72,6439.55,False,1.0,,2.188999891281128,,8942.619999999999,False,True,True,-5137.1,mid,mid,low,mid
2026-06-14,7,53743.16,1696.07,7539.54,14115.82,9132.42,139.82,44470.920000000006,614.45,1048.54,2553.33,281.85,4634.25,False,1.0,,9.956000328063965,,9235.61,False,True,True,-2080.92,low,high,mid,high
2026-05-12,13,58626.45,1674.08,7730.93,15367.66,5572.74,32517.18,20536.53,146.12822541666668,71.02048791666668,1956.9832691666668,19.8664705,3589.9758419166665,True,,,,,9405.01,False,False,False,-1632.9925727499997,low,mid,mid,high
2026-05-28,7,47780.45,1494.48,7291.44,12499.78,5837.35,160.62,41782.479999999996,40.95,438.51,181.66,513.32,4662.91,False,,,,,8785.92,False,False,False,-4481.25,low,low,low,mid
2026-06-03,4,47970.21,1548.49,6154.53,12336.0,7458.98,0.1,40511.13,289.27,216.84,1472.0499999999997,441.06,5039.759999999999,False,1.0,,29.520999908447266,,7703.0199999999995,False,True,True,-3567.7099999999996,low,mid,low,high
2026-06-28,19,81271.89,2620.74,7435.1,25381.87,24392.6,20487.5,36391.79,3399.52,2243.55,2465.5,3056.13,13227.9,False,,,,,10055.84,False,False,False,-10762.4,high,high,high,low
2026-07-04,16,81762.68,2486.82,7679.75,25545.95,7728.78,30762.84,43271.06,2423.1499999999996,233.89,1671.9,1072.8,2327.0399999999995,False,,,,,10166.57,False,False,False,-655.1399999999994,low,mid,high,high
2026-07-09,22,76802.96,2348.27,7953.66,24262.69,21279.28,0.79,55522.89000000001,550.55,2173.21,2672.6500000000005,771.75,15111.12,False,,,,,10301.93,False,False,False,-12438.470000000001,high,high,high,low
2026-06-09,3,55349.09,1607.01,7573.89,15475.74,22471.95,0.96,32876.18,1203.09,2157.64,3580.1099999999997,1897.64,13633.47,False,,,,,9180.9,False,False,False,-10053.36,high,high,mid,low
2026-06-22,10,64571.76,1901.5,7686.76,17660.64,14936.01,21770.62,27865.13,3257.7,629.64,1338.85,2554.3,7155.5199999999995,False,,,,,9588.26,False,False,False,-5816.67,mid,mid,mid,mid
2026-06-25,12,70466.43,2195.23,7696.45,20479.6,19007.84,30277.53,21181.059999999998,2197.84,1553.9100000000003,1782.56,2312.55,11160.979999999998,False,,,,,9891.68,False,False,False,-9378.419999999998,high,mid,high,low
2026-05-26,6,47543.11,1412.51,7108.01,11604.85,8934.64,1.34,38607.130000000005,973.6,348.39,483.38,1271.25,5858.0199999999995,False,,,,,8520.52,False,False,False,-5374.639999999999,mid,low,low,mid
2026-07-07,21,76346.38,2275.09,7805.4,23514.43,12321.04,1273.0,62752.340000000004,2428.07,710.92,1527.85,2210.59,5443.61,False,1.0,,9.45199966430664,,10080.49,False,True,True,-3915.7599999999998,low,mid,high,high
2026-06-25,9,59727.55,1933.11,7480.23,16885.28,18528.25,16512.38,24686.920000000002,860.1,1837.64,425.93,1506.7899999999997,13897.789999999999,False,,,,,9413.34,False,False,False,-13471.859999999999,high,low,mid,low
2026-06-15,22,64009.77,1951.21,7479.33,18786.11,4618.64,5.52,59385.61,918.82,128.15,1677.0,570.09,1324.58,False,1.0,,41.33599853515625,,9430.54,False,True,True,352.4200000000001,low,mid,mid,high
2026-06-13,4,54257.83,1682.83,7523.09,14299.84,14919.18,0.56,39338.090000000004,1056.24,1724.48,1706.43,1153.77,9278.26,False,1.0,,1.934000015258789,,9205.92,False,True,True,-7571.83,mid,mid,mid,mid
2026-06-22,21,77321.33,2288.34,7428.62,23587.76,17813.63,997.27,58510.43,2831.11,855.52,2307.67,2748.55,9070.78,False,,,,,9716.96,False,False,False,-6763.110000000001,mid,high,high,mid
2026-05-05,16,66260.77,1886.7,7593.74,19628.04,13435.29,23845.77,28979.710000000003,3602.1782152500004,763.4358473333334,467.31297149999995,1076.926956,7786.707340416667,True,,,,,9480.44,False,False,False,-7319.394368916667,mid,low,mid,mid
2026-06-21,20,75942.37,2469.11,7974.9,22871.05,21943.5,11233.32,42765.549999999996,3096.64,2079.3,503.98,2898.41,13365.17,False,,,,,10444.01,False,False,False,-12861.19,high,low,high,low
2026-06-27,24,68086.82,2159.96,8063.08,20096.34,28508.77,1.27,39576.780000000006,2960.6900000000005,2428.64,3356.45,3085.38,16677.61,False,1.0,,2.2200000286102295,,10223.04,False,True,True,-13321.16,high,high,high,low
2026-06-10,17,78427.96,2376.47,6988.41,24165.33,21834.6,23955.61,32637.750000000007,2795.56,2005.58,1341.68,2132.77,13559.01,False,,,,,9364.88,False,False,False,-12217.33,high,mid,mid,low
2026-07-06,4,54389.37,1503.78,6949.0,14231.99,6760.47,0.19,47628.71,972.33,329.09999999999997,211.05,1462.43,3785.56,False,1.0,,8.97700023651123,,8452.78,False,True,True,-3574.5099999999998,low,low,low,high
2026-05-05,8,51801.22,1461.7,7536.89,13737.37,21844.27,1832.26,28124.690000000002,2156.189651583333,2524.5873851666665,2764.7233465,2202.332668916667,11861.07010175,True,,,,,8998.59,False,False,False,-9096.34675525,high,high,low,mid
2026-06-08,8,58664.05,1813.09,7447.95,16228.57,22134.76,4300.69,32228.60000000001,1735.8000000000002,2002.6100000000001,2238.21,1744.3400000000001,14413.8,False,,,,,9261.039999999999,False,False,False,-12175.59,high,mid,mid,low
2026-06-02,11,66244.25,1855.28,7578.13,19734.24,4681.04,28897.44,32665.77,6.409999999999999,88.12,1375.98,97.4,3113.13,False,,,,,9433.41,False,False,False,-1737.15,low,mid,mid,high
2026-06-12,5,56626.68,1723.49,7563.08,15662.0,14204.95,0.6,42421.13,1053.55,1473.22,1580.76,1099.42,8998.0,False,,,,,9286.57,False,False,False,-7417.24,mid,mid,mid,mid
2026-06-15,20,66340.27,2115.25,7675.24,19821.96,3653.57,6195.08,56491.62,1162.92,179.12000000000003,349.55,873.06,1088.92,False,1.0,,7.877999782562256,,9790.49,False,True,True,-739.3700000000001,low,low,high,high
2026-06-27,1,64797.55,2083.13,7802.46,18938.88,27188.99,0.63,37607.93,2477.92,2465.8000000000006,2183.87,2980.39,17081.01,False,1.0,,2.3389999866485596,,9885.59,False,True,True,-14897.14,high,mid,high,low
2026-05-24,1,49382.7,1532.38,7224.04,13190.17,14578.84,0.11,34803.75,1040.57,880.8,1969.33,1395.28,9292.86,False,1.0,,7.188000202178955,,8756.42,False,True,True,-7323.530000000001,mid,mid,low,mid
2026-06-08,10,63207.84,1959.79,7566.18,18003.05,20593.01,15671.61,26943.22,1913.6800000000005,2020.67,1065.49,1891.64,13701.53,False,,,,,9525.970000000001,False,False,False,-12636.04,high,low,mid,low
2026-05-25,20,65222.72,1822.12,7759.89,16310.61,10510.73,7193.57,47518.420000000006,753.78,232.77,1767.51,1308.77,6447.9,False,,,,,9582.01,False,False,False,-4680.389999999999,mid,mid,mid,mid
2026-06-22,23,71401.74,2041.02,7563.48,21491.29,20381.69,1.95,51018.100000000006,2460.75,1465.98,3009.42,2807.07,10638.47,False,,,,,9604.5,False,False,False,-7629.049999999999,mid,high,mid,mid
2026-05-27,21,59194.44,1853.35,7384.89,17465.42,3577.07,840.82,54776.55,135.47,238.02000000000004,479.2200000000001,571.92,2152.44,False,1.0,,6.952000141143799,,9238.24,False,True,True,-1673.22,low,low,mid,high
2026-06-21,6,51053.72,1751.86,7430.04,13639.57,21552.98,2.91,29497.83,652.14,1817.48,3539.71,772.64,14771.01,False,,,,,9181.9,False,False,False,-11231.3,high,high,mid,low
2026-07-01,20,79442.28,2374.29,7044.53,24514.02,19098.83,8723.94,51619.509999999995,2845.99,1156.1199999999997,2840.3999999999996,2666.9300000000003,9589.390000000001,False,,,,,9418.82,False,False,False,-6748.990000000002,mid,high,mid,mid
2026-06-25,23,69855.83,2199.46,7795.59,20386.73,26122.34,1.24,43732.25000000001,2108.6300000000006,2470.21,2444.37,2882.59,16216.54,False,,,,,9995.05,False,False,False,-13772.170000000002,high,high,high,low
2026-06-27,3,59492.87,1902.01,7718.96,16930.38,23916.01,0.68,35576.18,2519.6399999999994,2395.62,2030.0500000000002,3146.9700000000003,13823.73,False,1.0,,2.634999990463257,,9620.97,False,True,True,-11793.68,high,mid,mid,low
2026-06-08,13,72731.94,2173.56,7828.62,21331.0,19956.3,24537.33,28238.309999999998,2723.91,1717.25,534.56,2310.59,12669.99,False,,,,,10002.18,False,False,False,-12135.43,high,low,high,low
2026-05-03,13,48951.0,1074.97,7612.52,12958.87,10912.85,25905.98,12132.170000000002,470.11128541666676,830.8631744166667,2691.1378322500004,387.9534693333334,8420.479840916667,True,,,,,8687.49,False,False,False,-5729.3420086666665,mid,high,low,mid
2026-07-02,1,63426.31,1956.72,7423.14,18387.32,19622.16,0.08,43804.06999999999,1362.92,2144.92,1994.61,1941.1,12178.61,False,1.0,,2.9800000190734863,,9379.86,False,True,True,-10184.0,high,mid,mid,low
2026-05-21,8,50828.85,1455.79,7066.03,13342.91,4419.37,971.46,45438.02,1061.22,136.57,487.7,827.29,1906.5899999999997,False,1.0,,10.288999557495117,,8521.82,False,True,True,-1418.8899999999996,low,low,low,high
2026-05-05,1,50011.88,1502.66,7688.91,13205.49,25938.06,0.19,24073.629999999997,2188.8203365833338,2647.0284033333332,3599.8149285000004,2444.3576473333333,15798.773553999998,True,,,,,9191.57,False,False,False,-12198.958625499998,high,high,mid,low
2026-05-16,24,58835.76,1727.64,7684.66,15835.56,28358.19,0.11,30477.460000000003,2990.1500000000005,2330.4699999999993,3006.88,3548.35,16482.34,False,,,,,9412.3,False,False,False,-13475.46,high,high,mid,low
2026-05-15,4,48377.21,1522.72,7492.51,12659.75,25410.67,0.31,22966.23,2187.88,1851.7199999999998,3587.35,2559.92,15223.8,False,,,,,9015.23,False,False,False,-11636.449999999999,high,high,low,low
2026-05-09,7,46709.69,1294.58,7295.13,11216.61,10330.01,23.57,36356.11,2156.9472227500005,928.0579789166667,598.0634341666668,2579.6573811666667,3915.6134295,True,1.0,,72.58200073242188,,8589.71,False,True,True,-3317.5499953333333,low,low,low,high
2026-05-28,13,63025.48,1881.15,7704.28,17542.79,1801.81,31792.74,29430.930000000004,351.61,0.57,64.41,63.81000000000001,1321.41,False,,,,,9585.43,False,False,False,-1257.0,low,low,mid,high
2026-06-15,16,66136.22,1862.98,7943.38,20035.13,2691.78,20684.84,42759.600000000006,874.53,130.19,135.12,622.07,929.8700000000002,False,1.0,,0.2770000100135803,,9806.36,False,True,True,-794.7500000000002,low,low,high,high
2026-06-06,20,66222.06,1871.84,7252.87,17793.77,6190.71,6896.52,53134.83,2426.5500000000006,301.74,297.22,1424.09,1741.1099999999997,False,1.0,,3.700000047683716,,9124.71,False,True,True,-1443.8899999999996,low,low,low,high
2026-05-05,23,58105.61,1563.12,7021.38,15228.0,14040.47,0.09,44065.05,2929.5202752500004,1456.8897784166668,1750.803655,2760.418862333333,5449.037374,True,1.0,1.0,195.7729949951172,265.5799255371094,8584.5,True,True,True,-3698.2337190000007,low,mid,low,high
2026-05-14,24,57091.83,1691.98,7444.59,15974.28,22853.99,0.12,34237.719999999994,2053.4800000000005,2219.3,3462.3,3231.2800000000007,11887.63,False,,,,,9136.57,False,False,False,-8425.329999999998,high,high,low,mid
2026-06-07,12,61709.62,1918.42,7657.65,15998.92,17330.51,22419.71,21959.4,2638.86,1444.63,1162.14,2326.56,9758.320000000002,False,,,,,9576.07,False,False,False,-8596.180000000002,mid,mid,mid,mid
2026-06-26,5,55644.67,1642.32,7419.5,15176.73,17872.42,1.05,37771.2,2328.68,1238.43,1595.05,2903.81,9806.45,False,1.0,,10.75,,9061.82,False,True,True,-8211.400000000001,mid,mid,low,mid
2026-07-11,1,63263.49,1956.4,7717.21,19100.51,16902.39,0.09,46361.01,1642.21,1652.89,2247.2,2090.78,9269.31,False,1.0,,2.864000082015991,,9673.61,False,True,True,-7022.11,mid,mid,mid,mid
2026-06-02,3,54750.8,1535.25,7388.3,14883.99,13196.34,0.03,41554.43000000001,331.02,855.47,3073.92,1386.6200000000001,7549.31,False,1.0,,19.0,,8923.55,False,True,True,-4475.39,mid,high,low,mid
2026-06-10,4,55850.38,1719.48,7485.96,15390.71,23217.99,2.95,32629.439999999995,1221.28,1659.4899999999998,3602.61,1653.98,15080.63,False,,,,,9205.44,False,False,False,-11478.019999999999,high,high,mid,low
2026-05-15,5,48251.05,1518.57,7497.64,12536.01,26079.16,0.27,22171.620000000003,2334.61,2059.65,3567.57,2729.22,15388.109999999999,False,,,,,9016.210000000001,False,False,False,-11820.539999999999,high,high,low,low
2026-05-16,3,50428.07,1503.32,7528.96,13240.74,27000.57,0.15,23427.35,2830.32,2120.82,3297.6699999999996,3069.89,15681.869999999999,False,,,,,9032.28,False,False,False,-12384.199999999999,high,high,low,low
2026-06-04,7,51460.87,1546.81,7189.72,13835.44,6765.97,145.33,44549.57,78.79000000000002,503.81000000000006,1468.32,283.85,4431.2,False,1.0,,17.323999404907227,,8736.53,False,True,True,-2962.88,low,mid,low,high
2026-07-11,16,75714.56,2358.8,8256.95,25092.59,6456.6,24465.32,44792.63999999999,2318.78,808.08,22.21,2006.39,1301.14,False,,,,,10615.75,False,False,False,-1278.93,low,low,high,high
2026-06-01,5,51153.46,1476.05,7131.39,13739.22,12596.19,0.06,38557.21,415.17,1471.5899999999997,1700.66,817.59,8191.18,False,1.0,1.0,2.805999994277954,70.01482391357422,8607.44,True,True,True,-6490.52,mid,mid,low,mid
2026-07-08,20,81876.27,2524.8,7463.3,26488.67,16472.86,12672.01,52731.4,2262.69,819.84,2571.27,2581.14,8237.92,False,,,,,9988.1,False,False,False,-5666.65,mid,high,high,mid
2026-05-24,17,67768.8,1882.72,8000.83,18868.62,3883.96,27596.9,36287.94,1627.9,108.50000000000001,441.8,575.37,1130.39,False,,,,,9883.55,False,False,False,-688.5900000000001,low,low,high,high
2026-05-29,23,65374.35,1913.83,7793.79,18674.45,24563.5,0.42,40810.43,911.1700000000001,2356.03,3102.31,2579.76,15614.23,False,,,,,9707.619999999999,False,False,False,-12511.92,high,high,high,low
2026-06-28,15,79564.84,2482.22,8285.23,23921.8,22122.49,28648.47,28793.87999999999,3166.33,2388.87,1002.1900000000002,3008.5100000000007,12556.59,False,,,,,10767.449999999999,False,False,False,-11554.4,high,low,high,low
2026-06-08,9,60674.27,1916.88,7454.4,17078.51,20356.13,11524.16,28793.98,1495.76,1936.0699999999997,1584.05,1819.4200000000003,13520.83,False,,,,,9371.279999999999,False,False,False,-11936.78,high,mid,mid,low
2026-05-15,3,49379.22,1567.18,7440.87,13069.65,25649.04,0.25,23729.93,2190.03,2034.7500000000002,3610.1400000000003,2718.73,15095.389999999996,False,,,,,9008.05,False,False,False,-11485.249999999996,high,high,low,low
2026-05-22,16,70298.14,1945.84,7855.3,19652.79,4799.18,27351.98,38146.979999999996,2093.24,144.88,565.8699999999999,532.12,1463.0699999999997,False,,,,,9801.14,False,False,False,-897.1999999999998,low,low,high,high
2026-05-12,23,57742.18,1737.01,7483.68,15321.26,19226.36,0.92,38514.9,467.7555524166667,1041.0401303333333,2924.4325329999997,1588.8901389166667,12782.608076666666,True,,,,,9220.69,False,False,False,-9858.175543666666,high,high,mid,low
2026-05-25,18,69164.97,1883.94,7921.62,17666.95,7588.65,24287.63,37288.69,1114.58,221.76000000000002,2046.69,424.84,3780.78,False,,,,,9805.56,False,False,False,-1734.0900000000001,low,mid,high,high
2026-05-31,12,64877.72,1909.82,7828.2,18685.22,7087.29,32122.08,25668.35,434.66,713.28,163.96999999999997,1313.83,4461.549999999999,False,,,,,9738.02,False,False,False,-4297.579999999999,low,low,high,high
2026-06-12,6,56909.13,1715.08,7506.98,15735.53,12433.1,0.65,44475.38,1095.18,1224.59,1551.2599999999998,1158.87,7403.200000000002,False,,,,,9222.06,False,False,False,-5851.940000000002,mid,mid,mid,mid
2026-06-20,21,66390.97,2284.74,7976.03,20954.69,16407.77,1519.26,48463.939999999995,487.31999999999994,1088.87,3599.82,1001.1400000000001,10230.62,False,1.0,,6.671999931335449,,10260.77,False,True,True,-6630.800000000001,mid,high,high,mid
2026-05-20,8,49601.06,1391.8,7409.92,12887.33,12318.3,1396.42,35886.34,2604.6799999999994,532.03,1036.2,2167.87,5977.520000000001,False,1.0,,20.090999603271484,,8801.72,False,True,True,-4941.3200000000015,mid,low,low,mid
2026-05-29,13,69319.68,1956.31,7726.52,20086.26,9461.44,27956.24,31901.99999999999,444.23,153.61,647.14,379.44,7837.020000000002,False,,,,,9682.83,False,False,False,-7189.880000000002,mid,low,mid,mid
2026-05-16,11,57892.59,1674.87,7769.37,15651.51,22419.51,21927.45,13545.630000000001,3069.82,2094.87,1273.82,2893.32,13087.68,False,,,,,9444.24,False,False,False,-11813.86,high,mid,mid,low
2026-05-14,13,64968.1,1909.16,7729.06,18779.62,15136.91,29579.15,20252.04,610.8455646666669,1311.9009189166668,2408.4957058333334,945.1363885000002,11428.135263333334,True,,,,,9638.220000000001,False,False,False,-9019.6395575,high,high,mid,mid
2026-06-07,10,56185.56,1785.79,7390.82,14393.16,15948.98,18176.66,22059.920000000002,1845.43,1654.91,544.68,1707.64,10196.320000000002,False,,,,,9176.61,False,False,False,-9651.640000000001,mid,low,mid,low
2026-05-03,16,54922.19,1229.08,7780.14,15028.86,14047.17,27593.36,13281.660000000003,1183.1601840000003,1095.2618631666667,2839.9302957500004,689.9952380833333,10076.334755166665,True,,,,,9009.220000000001,False,False,False,-7236.404459416664,mid,high,low,mid
2026-06-07,7,50351.06,1536.31,7301.21,12005.36,16459.0,97.02,33795.04,2388.91,1851.77,384.68,1536.76,10296.88,False,,,,,8837.52,False,False,False,-9912.199999999999,mid,low,low,low
2026-07-02,22,74778.02,2317.91,7803.76,22814.66,20759.57,1.71,54016.740000000005,1887.76,1352.5,2491.82,2690.49,12337.0,False,1.0,,10.534000396728516,,10121.67,False,True,True,-9845.18,high,high,high,low
2026-05-02,8,42312.76,1344.24,6619.65,10981.14,6855.26,6321.15,29136.35,2583.4217740000004,319.4180225,1676.981815,1559.0885940833334,1010.6899188333333,True,1.0,1.0,73.4000015258789,1080.4783935546875,7963.889999999999,True,True,True,666.2918961666668,low,mid,low,high
2026-05-05,5,46846.17,1455.14,7607.22,11947.73,24487.93,0.28,22357.96,1814.1175988333337,2637.6011749166664,3484.709269833333,2061.4153589166667,14383.170088166667,True,,,,,9062.36,False,False,False,-10898.460818333335,high,high,low,low
2026-05-20,1,49374.49,1271.38,7384.56,11935.35,12842.08,0.11,36532.299999999996,1287.26,1117.85,1719.35,1860.12,6857.5,False,1.0,,47.279998779296875,,8655.94,False,True,True,-5138.15,mid,mid,low,mid
2026-05-17,22,65882.83,1928.72,7927.85,18514.87,28020.28,1.27,37861.280000000006,3220.88,2025.57,3005.5,3136.89,16631.44,False,,,,,9856.57,False,False,False,-13625.939999999999,high,high,high,low
2026-05-14,15,71036.95,2059.39,7960.21,20623.67,18415.27,27862.48,24759.199999999993,1329.0928705833335,1667.5494706666666,2026.856523,1379.9952075833335,14566.975719666665,True,,,,,10019.6,False,False,False,-12540.119196666665,high,mid,high,low
2026-05-29,20,73917.75,2151.72,7800.8,21710.55,19429.45,7656.27,46832.03,1742.79,838.9800000000001,2647.55,2539.18,11660.95,False,,,,,9952.52,False,False,False,-9013.400000000001,high,high,high,mid
2026-06-10,1,61180.36,1694.47,7625.99,17390.82,22663.53,2.61,38514.22,1191.63,2146.67,2609.61,2044.9299999999998,14670.69,False,,,,,9320.46,False,False,False,-12061.08,high,high,mid,low
2026-06-26,23,71535.3,2246.55,7942.67,21381.1,27152.68,1.15,44381.47,3009.0399999999995,2414.3,2110.08,2981.12,16638.139999999996,False,,,,,10189.220000000001,False,False,False,-14528.059999999996,high,mid,high,low
2026-06-05,23,59001.76,1741.05,6966.13,16693.34,11077.5,0.07,47924.19,778.75,1283.61,2011.82,1266.75,5736.569999999999,False,1.0,,13.482000350952148,,8707.18,False,True,True,-3724.749999999999,mid,mid,low,high
2026-06-30,22,74577.33,2227.47,7749.93,22444.55,24378.66,1.1,50197.57,1590.1799999999998,1858.88,2965.6800000000003,2681.4,15282.52,False,,,,,9977.4,False,False,False,-12316.84,high,high,high,low
2026-07-12,16,78177.23,2357.94,8107.46,24870.43,8721.97,23559.16,45896.09999999999,1985.4600000000003,271.29,2278.4199999999996,1335.92,2850.88,False,,,,,10465.4,False,False,False,-572.4600000000005,low,high,high,high
2026-05-06,15,59180.86,1504.58,7705.43,12873.67,2859.53,21821.82,34499.51,590.7392685833333,622.79049975,275.7531955,115.26194708333333,1236.0757270833335,True,,,,,9210.01,False,False,False,-960.3225315833336,low,low,mid,high
2026-05-11,21,59558.65,1734.29,7229.88,15646.58,5012.24,465.34,54081.07000000001,647.3573169166667,271.94230641666667,1775.1501228333336,570.8775335833333,1600.8564140833337,True,1.0,1.0,107.75199890136719,85.85868835449219,8964.17,True,True,True,174.29370874999995,low,mid,low,high
2026-06-01,16,78177.97,2209.19,7071.03,24449.52,5419.01,28766.72,43992.240000000005,1173.27,61.4,1299.4,208.10000000000002,2676.84,False,,,,,9280.22,False,False,False,-1377.44,low,mid,mid,high
2026-06-04,18,72006.87,2136.65,7862.2,21328.28,7863.28,20847.19,43296.399999999994,1226.63,467.99,1710.59,1141.43,3316.64,False,1.0,,2.6549999713897705,,9998.85,False,True,True,-1606.05,low,mid,high,high
2026-07-13,1,59618.82,1885.95,7601.85,16640.37,8227.73,0.07,51391.02,1185.43,436.64,1187.54,1796.75,3621.37,False,1.0,,15.753999710083008,,9487.800000000001,False,True,True,-2433.83,low,mid,mid,high
2026-06-11,17,78290.94,2340.38,6968.62,23724.36,19627.71,25065.58,33597.65,2879.1900000000005,1912.69,2311.38,2414.67,10109.78,False,,,,,9309.0,False,False,False,-7798.400000000001,mid,high,mid,mid
2026-06-11,24,66226.29,2006.5,7491.4,19185.85,19811.16,1.28,46413.84999999999,2027.1899999999998,1692.38,2892.15,2451.02,10748.42,False,,,,,9497.9,False,False,False,-7856.27,mid,high,mid,mid
2026-05-10,7,46442.53,1383.78,7355.35,11350.23,15907.75,46.63,30488.149999999998,179.4680245,1386.0204050833333,2407.2249613333333,586.0574926666667,11267.350536833334,True,,,,,8739.130000000001,False,False,False,-8860.1255755,high,high,low,mid
2026-06-19,21,65736.08,2020.13,7646.55,17018.65,6771.78,1051.62,57912.68,1999.1400000000003,406.11999999999995,285.23,1004.75,3076.54,False,1.0,1.0,41.91699981689453,182.0343475341797,9666.68,True,True,True,-2791.31,low,low,mid,high
2026-06-18,23,73505.54,2260.88,7287.21,21378.75,18935.83,0.58,54569.12999999999,2556.78,1774.6100000000001,1296.16,2561.21,10747.07,False,,,,,9548.09,False,False,False,-9450.91,mid,mid,mid,low
2026-07-12,18,77562.97,2424.21,8074.73,25420.61,12487.86,19049.25,46025.86,2847.8900000000003,497.05,1234.25,2145.61,5763.060000000001,False,,,,,10498.939999999999,False,False,False,-4528.810000000001,mid,mid,high,mid
2026-07-07,20,79657.49,2336.33,7783.48,24713.64,10093.65,11470.79,58093.05000000001,2687.22,396.42,1179.11,2264.71,3566.19,False,1.0,,4.125,,10119.81,False,True,True,-2387.08,low,mid,high,high
2026-06-08,18,77412.07,2343.89,7663.84,25093.79,19270.71,21721.56,36419.8,2139.66,2010.51,929.79,1808.73,12382.02,False,,,,,10007.73,False,False,False,-11452.23,high,low,high,low
2026-07-09,10,66164.0,2053.25,7555.83,19918.13,15374.53,30538.88,20250.59,23.009999999999998,1263.72,2274.99,1178.91,10633.9,False,,,,,9609.08,False,False,False,-8358.91,mid,high,mid,mid
2026-07-11,8,55776.73,1839.17,7437.75,15710.54,8117.78,5728.05,41930.9,631.01,945.4099999999999,293.81999999999994,1125.34,5122.2,False,1.0,1.0,4.758999824523926,89.10494995117188,9276.92,True,True,True,-4828.38,low,low,mid,mid
2026-05-04,8,47440.6,1416.33,7512.88,12442.3,23312.93,5763.95,18363.719999999998,1460.173587916667,2558.0203783333336,2894.3069096666663,1988.55956725,15311.75740875,True,,,,,8929.21,False,False,False,-12417.450499083334,high,high,low,low
2026-07-01,7,57817.45,1862.49,7334.18,16297.25,20114.4,260.65,37442.399999999994,1001.7200000000003,1725.53,2701.16,1670.8599999999997,13015.13,False,1.0,,2.4019999504089355,,9196.67,False,True,True,-10313.97,high,high,mid,low
2026-05-30,13,67279.82,1956.64,7787.24,19188.86,11844.86,28899.15,26535.810000000005,92.19,1252.49,1536.24,348.0199999999999,8615.92,False,,,,,9743.88,False,False,False,-7079.68,mid,mid,high,mid
2026-06-23,10,65211.68,1919.81,7521.12,18591.62,13990.48,20989.51,30231.69,1896.7100000000003,1082.17,954.22,1774.57,8282.81,False,,,,,9440.93,False,False,False,-7328.589999999999,mid,low,mid,mid
2026-06-10,2,58402.91,1729.54,7522.28,16388.6,21595.99,2.24,36804.68,1045.49,2045.64,2686.94,1876.28,13941.640000000001,False,,,,,9251.82,False,False,False,-11254.7,high,high,mid,low
2026-06-25,13,73716.92,2221.97,7887.91,21420.12,19395.47,31030.65,23290.799999999996,2472.15,1583.64,1986.31,2458.94,10894.43,False,,,,,10109.88,False,False,False,-8908.12,mid,mid,high,mid
2026-06-28,11,67294.28,2124.42,7962.21,19319.85,25205.81,25230.03,16858.440000000002,3435.0,2296.43,1345.97,2999.62,15128.79,False,,,,,10086.630000000001,False,False,False,-13782.820000000002,high,mid,high,low
2026-06-26,11,68646.85,2113.28,7677.15,19740.44,23207.52,25559.15,19880.18,3327.35,2366.94,1093.86,2661.64,13757.73,False,,,,,9790.43,False,False,False,-12663.869999999999,high,mid,high,low
2026-05-19,14,68786.8,1798.25,7625.93,19417.91,16763.74,21405.5,30617.559999999998,3040.98,1343.69,786.28,2544.97,9047.82,False,,,,,9424.18,False,False,False,-8261.539999999999,mid,low,mid,mid
2026-06-11,11,68378.07,2029.44,7664.74,19687.25,21382.77,20307.5,26687.800000000003,1537.74,2241.24,1264.32,1622.16,14717.31,False,,,,,9694.18,False,False,False,-13452.99,high,mid,high,low
2026-06-15,8,55856.86,1716.86,7281.52,14559.78,4849.78,1377.5,49629.58,947.16,368.58,231.88999999999996,1230.66,2071.49,False,1.0,,12.689000129699707,,8998.380000000001,False,True,True,-1839.6,low,low,low,high
2026-05-03,23,51522.99,1538.34,7721.27,13777.6,25323.36,1.24,26198.389999999996,1233.8141489166667,2550.1912663333333,3352.6457134166667,2581.641841166667,15472.490372333332,True,,,,,9259.61,False,False,False,-12119.844658916665,high,high,mid,low
2026-06-28,5,57567.46,1891.59,7864.7,15952.64,27994.14,1.64,29571.68,2110.2499999999995,2448.9600000000005,3437.76,2985.16,17012.01,False,,,,,9756.289999999999,False,False,False,-13574.249999999998,high,high,high,low
2026-05-08,14,54552.67,1488.99,7813.78,14448.39,3695.48,22999.33,27857.859999999993,286.1338427500001,133.80359391666667,695.7341885000001,264.91572633333334,2246.6119014166666,True,,,,,9302.77,False,False,False,-1550.8777129166665,low,low,mid,high
2026-06-17,15,76584.5,2454.02,8138.51,22818.95,12843.11,30099.92,33641.47,71.96,1834.1400000000003,406.24,286.41,10244.36,False,,,,,10592.53,False,False,False,-9838.12,mid,low,high,low
2026-05-05,15,63850.58,1775.11,7561.47,18600.6,12644.93,24196.26,27009.390000000003,3405.514267583334,975.7391745833335,697.9890194166667,1111.1056323333335,6613.833346000001,True,,,,,9336.58,False,False,False,-5915.844326583335,mid,low,mid,mid
2026-05-04,2,43729.24,1382.57,7550.49,10882.23,25528.22,0.17,18200.85,1682.921774916667,2677.016886666667,3624.685232916666,2354.559214583333,16628.362000333334,True,,,,,8933.06,False,False,False,-13003.67676741667,high,high,low,low
2026-05-06,6,48281.61,1440.36,6929.29,11107.18,9881.16,0.11,38400.34,840.3829904166669,1003.0836816666665,1272.4141593333331,336.88030983333334,6494.315002166666,True,1.0,1.0,138.51300048828125,262.2460021972656,8369.65,True,True,True,-5221.900842833333,mid,mid,low,mid
2026-05-21,2,48753.35,1366.93,7213.33,12183.63,6718.69,0.09,42034.57,1262.9399999999998,538.15,705.75,960.33,3251.5199999999995,False,1.0,,14.411999702453613,,8580.26,False,True,True,-2545.7699999999995,low,low,low,high
2026-05-11,12,54146.56,1649.92,7607.21,13623.1,3590.83,25719.37,24836.359999999997,762.3003649166667,385.8568153333333,103.22563400000001,1126.343172416667,1230.6309770833332,True,1.0,,2.4070000648498535,,9257.130000000001,False,True,True,-1127.4053430833333,low,low,mid,high
2026-05-23,6,46566.09,1223.1,7214.19,11187.09,8666.01,0.17,37899.909999999996,1295.5099999999998,393.79,301.6,1234.7,5440.41,False,,,,,8437.289999999999,False,False,False,-5138.8099999999995,low,low,low,mid
2026-05-12,3,44481.07,1356.34,7233.16,10607.41,15215.23,0.25,29265.59,362.08648616666665,439.2162765833333,3501.3231207500003,604.3812108333333,9909.623244083334,True,1.0,,61.948001861572266,,8589.5,False,True,True,-6408.300123333333,mid,high,low,mid
2026-05-18,22,70116.68,2082.08,8001.93,20415.52,28327.9,0.59,41788.189999999995,3678.1099999999997,2043.08,3078.6499999999996,3004.04,16524.02,False,,,,,10084.01,False,False,False,-13445.37,high,high,high,low
2026-05-30,16,73993.98,2101.0,8093.03,21701.59,12028.72,29277.69,32687.569999999996,618.94,1363.28,2174.33,412.37,7459.8,False,,,,,10194.029999999999,False,False,False,-5285.47,mid,mid,high,mid
2026-05-24,19,65075.19,1910.73,7966.06,16425.84,5277.16,18298.2,41499.83,1285.79,302.83,1223.77,973.09,1491.68,False,,,,,9876.79,False,False,False,-267.9100000000001,low,mid,high,high
2026-05-14,12,61952.74,1813.38,7690.31,17671.36,13685.83,30131.48,18135.429999999997,377.77587550000004,978.7466223333333,2488.6931045833335,785.7940633333334,9954.936805750001,True,,,,,9503.69,False,False,False,-7466.243701166668,mid,high,mid,mid
2026-06-21,11,59567.11,1986.21,7776.53,17647.79,20391.35,18346.18,20829.58,1281.77,2134.83,1524.12,2069.81,13380.82,False,,,,,9762.74,False,False,False,-11856.7,high,mid,high,low
2026-06-15,14,63267.42,1846.78,7415.53,19056.79,3128.66,17718.96,42419.799999999996,1009.29,157.56,107.09000000000002,787.2700000000001,1067.45,False,1.0,,0.18799999356269836,,9262.31,False,True,True,-960.36,low,low,mid,high
2026-06-27,8,56019.19,1817.91,7494.47,15853.06,21651.05,5670.97,28697.17,1456.29,1382.3899999999999,2782.24,2399.31,13630.820000000002,False,,,,,9312.380000000001,False,False,False,-10848.580000000002,high,high,mid,low
2026-07-10,1,64229.93,2016.98,7433.64,19752.22,22774.56,0.86,41454.509999999995,640.61,2388.1800000000003,3165.2099999999996,1249.2,15331.36,False,,,,,9450.62,False,False,False,-12166.150000000001,high,high,mid,low
2026-05-25,7,45905.92,1414.11,7391.95,11001.88,5244.4,296.52,40365.0,18.91,134.55,818.11,455.0,3817.83,False,1.0,,4.706999778747559,,8806.06,False,True,True,-2999.72,low,low,low,high
2026-05-31,11,61236.67,1844.08,7738.6,17465.81,8813.38,31413.74,21009.55,416.04,660.18,357.23,1351.6,6028.33,False,,,,,9582.68,False,False,False,-5671.1,mid,low,mid,mid
2026-05-12,14,61249.48,1701.3,7835.4,16190.29,5032.79,33250.07,22966.620000000003,215.59952525000003,60.722611500000006,1357.667867333333,28.856204583333334,3292.32477075,True,,,,,9536.699999999999,False,False,False,-1934.6569034166669,low,mid,mid,high
2026-05-24,8,44636.69,1412.65,7193.42,11289.51,4533.7,5482.39,34620.600000000006,170.84,671.51,480.09,212.75999999999996,2998.5,False,1.0,,9.9350004196167,,8606.07,False,True,True,-2518.41,low,low,low,high
2026-05-28,22,65174.48,1892.1,7339.07,18152.86,12681.13,1.18,52492.170000000006,1434.83,566.26,766.29,2387.08,7526.669999999999,False,,,,,9231.17,False,False,False,-6760.379999999999,mid,low,mid,mid
2026-06-03,19,69982.47,2051.61,7679.59,22425.89,9694.62,14766.67,45521.18,1369.2199999999998,694.79,1417.0399999999997,1870.79,4342.779999999999,False,1.0,,9.996999740600586,,9731.2,False,True,True,-2925.739999999999,low,mid,high,high
2026-06-12,18,76349.42,2306.41,7790.13,21883.37,17138.99,21191.54,38018.88999999999,2568.7399999999993,1069.29,2366.73,2390.3,8743.93,False,,1.0,,30.718673706054688,10096.54,True,False,True,-6377.200000000001,mid,high,high,mid
2026-05-11,22,57972.7,1674.69,7374.04,15121.21,7600.68,1.11,50370.909999999996,517.1861481666667,408.83732541666666,2735.499661583333,738.9459296666668,2995.3969367500004,True,1.0,1.0,65.1050033569336,10.141505241394043,9048.73,True,True,True,-259.89727516666744,low,high,low,high
2026-05-17,19,68168.6,1982.55,7968.11,19480.61,25496.69,8803.19,33868.72,3761.78,2202.78,1610.0700000000002,3341.07,14580.99,False,,,,,9950.66,False,False,False,-12970.92,high,mid,high,low
2026-05-26,18,70280.75,1535.82,7428.07,19845.53,11838.12,19429.07,39013.56,3351.74,1306.2999999999997,508.2,2064.1,4607.78,False,1.0,,1.6699999570846558,,8963.89,False,True,True,-4099.58,low,low,low,high
2026-06-09,16,78033.74,2259.47,7431.97,23821.17,19514.38,25092.05,33427.31,1640.1,1201.42,1923.1700000000003,1598.08,13151.61,False,,,,,9691.44,False,False,False,-11228.44,high,mid,high,low
2026-05-23,16,59040.93,1805.22,8080.89,17011.03,3503.83,20176.37,35360.729999999996,385.84,128.83,355.39,284.27,2349.5,False,,,,,9886.11,False,False,False,-1994.1100000000001,low,low,high,high
2026-05-31,9,53734.19,1681.91,7601.68,14703.68,11363.22,24785.23,17585.74,184.22000000000003,1291.21,895.5,1291.14,7701.15,False,,,,,9283.59,False,False,False,-6805.65,mid,low,mid,mid
2026-06-19,15,70356.23,1948.09,7880.61,17247.32,8932.53,21960.06,39463.64,1730.75,801.37,1372.34,698.34,4329.7300000000005,False,1.0,,0.012000000104308128,,9828.699999999999,False,True,True,-2957.3900000000003,low,mid,high,high
2026-06-28,4,58408.99,1924.71,7890.78,16222.86,28091.51,1.67,30315.81,2262.13,2488.51,3417.95,2907.0299999999997,17015.89,False,,,,,9815.49,False,False,False,-13597.939999999999,high,high,high,low
2026-06-11,4,57278.39,1821.95,7537.95,15918.83,26508.38,2.29,30767.719999999998,1936.55,2449.33,3755.8,2235.9,16130.8,False,,,,,9359.9,False,False,False,-12375.0,high,high,mid,low
2026-05-07,17,54906.97,1364.95,7672.57,13931.48,5301.62,17406.76,32198.59,1706.334945416667,166.1661735,536.0887938333333,969.5172334166667,1780.0247545833333,True,1.0,,3.8429999351501465,,9037.52,False,True,True,-1243.93596075,low,low,low,high
2026-05-27,22,58495.97,1878.72,7467.59,17087.53,5571.29,171.82,52752.86,137.5,435.63000000000005,722.43,613.9,3661.83,False,1.0,,12.75100040435791,,9346.31,False,True,True,-2939.4,low,low,mid,high
2026-06-10,22,73835.01,2216.82,7890.29,22249.02,26614.07,4.34,47216.6,2188.24,2258.94,3540.18,2794.88,15831.830000000002,False,,,,,10107.11,False,False,False,-12291.650000000001,high,high,high,low
2026-06-16,19,73423.92,2246.8,8153.05,23195.72,6803.63,22354.6,44265.689999999995,954.94,245.48,1918.23,780.43,2904.5500000000006,False,,,,,10399.85,False,False,False,-986.3200000000006,low,mid,high,high
2026-06-08,4,55274.76,1734.71,7506.94,15279.34,25424.19,1.2,29849.370000000003,1862.74,2340.04,3377.5,2101.54,15742.369999999999,False,,,,,9241.65,False,False,False,-12364.869999999999,high,high,mid,low
2026-06-02,7,54603.36,1527.94,7291.44,14740.04,8279.63,367.46,45956.270000000004,56.36,355.02,1808.49,461.74,5598.02,False,1.0,,8.57800006866455,,8819.38,False,True,True,-3789.5300000000007,low,mid,low,high
2026-05-22,4,44778.59,1228.45,7270.14,11176.95,10784.66,0.2,33993.729999999996,1127.42,120.35,2631.52,1418.71,5486.66,False,1.0,,2.5350000858306885,,8498.59,False,True,True,-2855.14,low,high,low,high
2026-05-24,22,59232.59,1772.36,7633.1,14922.27,10993.33,1.17,48238.09,539.83,1268.38,2440.16,1215.98,5528.98,False,1.0,,2.0769999027252197,,9405.460000000001,False,True,True,-3088.8199999999997,low,high,mid,high
2026-05-30,19,73220.62,2115.6,8079.89,21591.64,15834.08,18949.55,38436.98999999999,1755.28,1689.2,1478.2299999999998,1380.24,9531.13,False,,,,,10195.49,False,False,False,-8052.9,mid,mid,high,mid
2026-06-22,16,81905.26,2476.96,7259.65,25184.95,12189.93,29717.56,39997.76999999999,3370.41,1057.32,727.32,2437.11,4597.77,False,,,,,9736.61,False,False,False,-3870.4500000000003,low,low,high,high
2026-06-11,9,62151.17,1938.34,7532.85,17647.81,21039.9,13269.11,27842.159999999996,966.02,2037.06,2124.79,1138.0,14774.030000000002,False,,,,,9471.19,False,False,False,-12649.240000000002,high,mid,mid,low
2026-06-07,2,53610.44,1571.51,7195.69,13192.67,14696.72,0.21,38913.51,1034.02,1609.71,623.2,1696.25,9733.54,False,,,,,8767.199999999999,False,False,False,-9110.34,mid,low,low,mid
2026-06-13,13,72460.43,2164.23,7761.05,21049.22,16439.66,26185.83,29834.939999999988,1468.85,1325.66,2344.38,951.12,10349.649999999998,False,,,,,9925.28,False,False,False,-8005.269999999998,mid,high,high,mid
2026-05-06,19,59547.35,1594.03,7797.2,13111.32,7130.31,11380.36,41036.68,1193.5573971666668,540.8340952499999,1469.9766718333333,884.0209851666667,2897.5149957500003,True,,,,,9391.23,False,False,False,-1427.538323916667,low,mid,mid,high
2026-06-25,17,80139.97,2495.09,7844.74,22896.36,22637.42,25623.02,31879.530000000002,3342.34,2127.1,1993.63,2585.31,12589.04,False,,,,,10339.83,False,False,False,-10595.41,high,mid,high,low
2026-07-10,13,75109.24,2315.84,7895.72,23454.37,16457.28,28825.26,29826.700000000008,1246.91,1593.46,1011.77,1081.91,11523.23,False,,,,,10211.560000000001,False,False,False,-10511.46,high,low,high,low
2026-06-16,3,51746.55,1631.45,7361.69,13583.47,5594.04,0.13,46152.380000000005,259.4700000000001,76.03,1066.1099999999997,370.87000000000006,3821.5599999999995,False,1.0,1.0,28.579999923706055,52.99270248413086,8993.14,True,True,True,-2755.45,low,low,low,high
2026-06-17,1,57735.08,1892.09,7323.28,16452.63,20413.96,1.11,37320.01,521.82,1434.8,3682.2799999999997,323.59,14451.469999999998,False,,,,,9215.369999999999,False,False,False,-10769.189999999999,high,high,mid,low
2026-05-30,3,53156.94,1660.72,7576.65,14483.17,24649.59,0.56,28506.79,1677.1399999999999,2148.14,3524.71,2263.33,15036.27,False,,,,,9237.369999999999,False,False,False,-11511.560000000001,high,high,mid,low
2026-06-03,14,68498.43,1908.14,7092.08,20454.92,1795.71,23728.01,42974.70999999999,337.77,206.31,346.49,252.02,653.12,False,1.0,,2.627000093460083,,9000.22,False,True,True,-306.63,low,low,low,high
2026-05-14,17,74658.46,2190.31,8044.07,21831.82,20296.6,26527.07,27834.790000000008,2253.3995945,2010.7981612499998,1646.1778253333334,1847.31304375,15311.252738083333,True,,,,,10234.38,False,False,False,-13665.074912749998,high,mid,high,low
2026-06-15,7,54930.96,1749.24,7225.67,14089.84,4887.38,75.7,49967.880000000005,904.41,404.25,308.79,1321.15,1948.78,False,1.0,,14.274999618530273,,8974.91,False,True,True,-1639.99,low,low,low,high
2026-06-21,24,65760.31,2078.76,7640.16,19049.32,26281.41,2.14,39476.759999999995,2395.12,2584.7799999999997,2387.03,3034.85,15879.630000000001,False,,,,,9718.92,False,False,False,-13492.6,high,high,high,low
2026-06-28,14,77420.18,2413.15,8278.65,22942.29,23128.21,28265.93,26026.039999999994,3212.9099999999994,2411.63,1021.97,3055.92,13425.78,False,,1.0,,1.0093674659729004,10691.8,True,False,True,-12403.810000000001,high,low,high,low
2026-07-10,8,58305.12,1810.0,7407.96,16892.84,15588.91,7012.95,35703.26000000001,664.17,1684.0,1334.42,1050.67,10855.65,False,,,,,9217.96,False,False,False,-9521.23,mid,mid,mid,low
2026-06-18,2,58608.4,1967.94,7642.93,16202.47,23445.22,0.4,35162.78,1786.41,2197.43,2839.83,2447.07,14174.48,False,,,,,9610.87,False,False,False,-11334.65,high,high,mid,low
2026-06-21,4,51780.09,1790.64,7514.76,14267.14,22422.54,3.1,29354.449999999997,844.16,1851.2300000000002,3634.9200000000005,996.73,15095.499999999998,False,,,,,9305.4,False,False,False,-11460.579999999998,high,high,mid,low
2026-07-04,11,68075.84,2145.76,7839.52,20236.58,9225.52,33156.67,25693.649999999994,995.61,332.1700000000001,976.49,1293.37,5627.88,False,,,,,9985.28,False,False,False,-4651.39,mid,low,high,mid
2026-07-01,9,61832.66,1898.98,7382.93,17984.48,19621.3,17578.06,24633.3,785.6100000000001,1502.43,2190.14,1452.3399999999997,13690.78,False,,,,,9281.91,False,False,False,-11500.640000000001,high,mid,mid,low
2026-07-06,17,83197.72,2330.38,6974.68,26486.39,6262.21,27355.58,49579.92999999999,2419.52,257.08,294.6,1667.51,1623.4999999999998,False,,,,,9305.060000000001,False,False,False,-1328.8999999999996,low,low,mid,high
2026-05-05,3,47086.3,1507.97,7664.22,12041.29,25147.76,0.18,21938.360000000004,1899.4546490833336,2632.3699347499996,3295.2364917500004,2291.1155434166667,15485.061721166669,True,,,,,9172.19,False,False,False,-12189.825229416669,high,high,mid,low
2026-06-11,21,75388.27,2280.75,7495.07,22384.21,19336.79,831.31,55220.170000000006,2467.2300000000005,1303.13,3118.13,2943.3,9505.0,False,,,,,9775.82,False,False,False,-6386.87,mid,high,high,mid
2026-06-20,18,70170.62,2333.58,8363.16,23078.88,9081.71,21770.18,39318.729999999996,715.87,515.62,2590.9499999999994,1403.85,3855.42,False,,,,,10696.74,False,False,False,-1264.4700000000007,low,high,high,high
2026-05-20,22,59816.3,1533.06,7243.34,16295.22,9330.98,0.06,50485.26000000001,754.5800000000002,392.22,1226.07,1164.92,5793.1900000000005,False,1.0,,15.491000175476074,,8776.4,False,True,True,-4567.120000000001,mid,mid,low,mid
2026-06-26,12,72137.26,2176.25,7779.88,20848.42,22044.11,26306.83,23786.319999999992,3087.51,2244.9699999999993,880.96,2679.69,13150.980000000001,False,,,,,9956.130000000001,False,False,False,-12270.02,high,low,high,low
2026-07-08,6,56049.19,1760.69,7581.83,15798.91,17169.16,0.24,38879.79,583.07,1847.02,3089.8600000000006,1303.59,10345.62,False,1.0,1.0,5.493000030517578,101.95850372314453,9342.52,True,True,True,-7255.76,mid,high,mid,mid
2026-05-13,9,51180.9,1459.8,7371.44,13361.4,6426.96,26771.36,17982.58,0.3496958333333334,450.79478300000005,400.18762875000004,406.55485158333335,5137.266075999999,True,,,,,8831.24,False,False,False,-4737.078447249999,low,low,low,mid
2026-05-17,15,66416.33,1872.28,8123.6,18863.66,20602.47,20495.13,25318.73,3635.72,2330.7,1767.77,2797.24,10071.040000000003,False,,,,,9995.880000000001,False,False,False,-8303.270000000002,mid,mid,high,mid
2026-05-10,21,61118.19,1662.11,7291.07,14035.65,20380.77,125.12,40612.299999999996,1206.4369593333336,1925.8002543333334,529.3700345833333,2448.1597370000004,14168.365453666665,True,1.0,,1.7790000438690186,,8953.18,False,True,True,-13638.995419083332,high,low,low,low
2026-06-05,16,67155.58,1998.21,7551.06,19799.44,6358.0,16065.91,44731.67,652.98,285.44,1641.83,241.61,3536.14,False,1.0,,0.2329999953508377,,9549.27,False,True,True,-1894.31,low,mid,mid,high
2026-07-01,2,60812.8,1898.93,7606.76,17419.89,21436.08,0.62,39376.1,1394.8,1975.1899999999998,2377.49,2532.15,13156.45,False,1.0,,4.085000038146973,,9505.69,False,True,True,-10778.960000000001,high,high,mid,low
2026-07-04,24,67677.41,1983.54,7689.01,19958.21,17019.1,1.15,50657.16,1604.44,1549.9,835.65,2646.81,10382.3,False,1.0,,1.8609999418258667,,9672.55,False,True,True,-9546.65,mid,low,mid,low
2026-07-09,15,82687.67,2522.03,7403.08,26485.68,15746.87,32897.26,34043.54,2387.4,1034.41,1410.65,2188.7,8725.710000000001,False,,,,,9925.11,False,False,False,-7315.060000000001,mid,mid,high,mid
2026-05-31,17,76407.44,2269.84,8186.92,23459.24,13001.67,27758.17,35647.600000000006,1113.56,904.3,412.0799999999999,672.01,9899.72,False,1.0,1.0,0.5720000267028809,26.248289108276367,10456.76,True,True,True,-9487.64,mid,low,high,low
2026-05-13,18,74688.82,2132.47,8040.62,21840.87,8878.39,30196.02,35614.41,662.8869441666668,224.37114749999998,1793.2241147500001,318.37636575,5681.017228083334,True,,,,,10173.09,False,False,False,-3887.793113333334,mid,mid,high,high
2026-06-28,21,77714.75,2465.9,8031.76,23715.77,28219.4,681.78,48813.57,3340.9699999999993,2449.07,3012.91,3262.22,16154.229999999996,False,1.0,,2.5980000495910645,,10497.66,False,True,True,-13141.319999999996,high,high,high,low
2026-06-18,9,61734.08,1974.4,7516.2,16970.83,17351.42,17814.12,26568.540000000005,1984.0299999999997,1629.6700000000003,2828.9200000000005,1640.83,9267.97,False,,,,,9490.6,False,False,False,-6439.049999999999,mid,high,mid,mid
2026-05-12,16,66462.62,1868.24,8116.85,17792.43,4498.2,33129.77,28834.65,430.623833,71.45084774999998,846.2156209166667,46.695873,3024.6332048333334,True,,,,,9985.09,False,False,False,-2178.4175839166664,low,low,high,high
2026-06-12,10,65218.73,1896.24,7677.62,18720.71,9130.17,18376.97,37711.590000000004,1911.3700000000001,427.26,1187.85,1430.0,4173.69,False,,,,,9573.86,False,False,False,-2985.8399999999997,low,mid,mid,high
2026-06-29,10,66599.13,1870.53,7603.66,19471.68,24207.43,22413.14,19978.560000000005,3153.11,2244.7,1239.86,3050.6500000000005,14519.11,False,,,,,9474.19,False,False,False,-13279.25,high,mid,mid,low
2026-07-02,7,57417.22,1803.02,7460.96,15922.41,15258.49,219.03,41939.700000000004,309.43,1180.37,2399.79,1425.94,9942.96,False,1.0,,7.36299991607666,,9263.98,False,True,True,-7543.169999999999,mid,high,mid,mid
2026-06-04,22,64542.59,1902.71,7134.38,18991.3,12419.86,0.19,52122.53999999999,1117.9100000000003,1253.61,1581.9699999999998,1441.76,7024.61,False,1.0,,45.694000244140625,,9037.09,False,True,True,-5442.639999999999,mid,mid,low,mid
2026-06-16,16,71920.14,2169.2,8470.92,22195.09,4797.9,26923.99,40198.25,1328.26,142.65,1224.66,1521.6,580.73,False,,,,,10640.119999999999,False,False,False,643.9300000000001,low,mid,high,high
2026-05-11,20,61287.96,1791.27,7553.61,15975.97,3686.2,8882.46,48719.3,925.7358133846153,246.34098830769233,1281.7137890769231,562.984972,649.6253833076925,True,1.0,1.0,17.187999725341797,8.72845458984375,9344.88,True,True,True,632.0884057692307,low,mid,mid,high
2026-06-01,15,77549.59,2098.1,7338.62,23817.81,4231.81,30065.98,43251.8,1069.98,48.23,838.12,148.71,2126.77,False,,,,,9436.72,False,False,False,-1288.65,low,low,mid,high
2026-06-25,18,80719.81,2547.9,7824.08,23628.16,24174.61,22996.62,33548.58,3355.61,2330.22,1976.52,2734.59,13777.67,False,,,,,10371.98,False,False,False,-11801.15,high,mid,high,low
2026-06-02,21,67014.52,2084.22,7438.22,18252.17,13182.36,265.59,53566.57000000001,615.62,1572.85,1119.89,1272.22,8601.78,False,1.0,1.0,11.215999603271484,243.58741760253906,9522.44,True,True,True,-7481.89,mid,mid,mid,mid
2026-05-18,17,76277.7,2271.74,8244.39,22385.55,22493.91,21844.08,31939.709999999992,3760.340000000001,2013.61,1275.7,2773.94,12670.32,False,,,,,10516.13,False,False,False,-11394.619999999999,high,mid,high,low
2026-06-02,13,73964.25,2030.77,7820.17,22478.15,4088.22,28787.31,41088.72,377.46,79.49,1167.25,146.55,2317.47,False,,,,,9850.94,False,False,False,-1150.2199999999998,low,mid,high,high
2026-06-26,15,80814.24,2427.39,8136.53,23815.78,19646.61,29325.64,31841.990000000005,3136.59,2092.32,686.42,2716.48,11014.8,False,,,,,10563.92,False,False,False,-10328.38,mid,low,high,low
2026-05-05,13,59439.41,1606.34,7508.96,16838.53,13622.57,21974.36,23842.480000000003,3029.3518815000007,1446.6923035833333,1278.7889839999998,1564.7146341666667,6548.120363916666,True,,,,,9115.3,False,False,False,-5269.331379916666,mid,mid,low,mid
2026-07-03,3,57943.18,1867.95,7509.05,16514.62,18722.01,0.11,39221.06,959.53,1715.0799999999997,2453.6400000000003,1940.26,11653.5,False,1.0,,3.115000009536743,,9377.0,False,True,True,-9199.86,high,high,mid,low
2026-05-25,15,68731.8,1864.37,7898.99,19084.41,3844.83,28446.55,36440.42,347.3,49.64000000000001,661.13,72.47,2714.29,False,,,,,9763.36,False,False,False,-2053.16,low,low,high,high
2026-07-01,19,80786.07,2442.88,6784.06,25307.15,18213.27,19767.79,42805.01,3069.1,1216.81,2884.98,2535.37,8507.009999999998,False,,,,,9226.94,False,False,False,-5622.029999999999,mid,high,mid,mid
2026-06-11,14,77411.16,2300.93,7683.4,22800.65,20951.7,24518.74,31940.720000000005,2610.6200000000003,2033.12,894.4099999999999,2100.6,13312.95,False,,,,,9984.33,False,False,False,-12418.54,high,low,high,low
2026-06-23,8,59333.25,1856.45,7464.78,16655.29,11726.57,5764.15,41842.53,950.78,1163.53,1117.18,1223.15,7271.93,False,1.0,,3.1080000400543213,,9321.23,False,True,True,-6154.75,mid,mid,mid,mid
2026-05-04,10,50055.73,1256.03,7653.32,13311.22,19965.78,22084.97,8004.980000000003,2204.5504564166667,2570.537939916667,2398.831521416667,2105.622095666667,13291.348410583332,True,,,,,8909.35,False,False,False,-10892.516889166665,high,high,low,low
2026-06-06,1,53454.75,1584.9,6640.75,14803.88,7943.97,0.14,45510.64,763.06,1044.28,1193.5,1255.84,3687.29,False,1.0,,14.630000114440918,,8225.65,False,True,True,-2493.79,low,mid,low,high
2026-06-19,22,64860.68,1932.79,7591.15,16818.97,9434.71,1.89,55424.08,1659.66,497.5,845.51,1078.31,5353.73,False,1.0,1.0,59.13199996948242,98.16519927978516,9523.939999999999,True,True,True,-4508.219999999999,low,low,mid,mid
2026-07-01,16,80925.39,2448.47,6768.42,25136.16,16595.76,27851.1,36478.530000000006,2852.2299999999996,1042.77,2729.1400000000003,2142.88,7828.739999999999,False,,,,,9216.89,False,False,False,-5099.5999999999985,mid,high,mid,mid
2026-06-25,19,79769.0,2515.85,7703.74,23766.53,24586.78,19072.69,36109.53,3212.05,2411.5099999999998,1740.81,2827.81,14394.6,False,,,,,10219.59,False,False,False,-12653.79,high,mid,high,low
2026-06-19,12,66824.4,1921.23,7493.41,16556.61,14852.18,12447.54,39524.67999999999,2489.62,896.64,709.63,1409.59,9346.7,False,,,,,9414.64,False,False,False,-8637.070000000002,mid,low,mid,mid
2026-07-01,6,57285.1,1870.95,7415.4,16073.81,19755.11,0.65,37529.34,1132.3399999999997,1588.5099999999998,2789.1,1759.5199999999998,12485.639999999998,False,1.0,,2.493000030517578,,9286.35,False,True,True,-9696.539999999997,high,high,mid,low
2026-05-22,17,71886.26,1997.98,7946.49,20341.95,7173.57,26635.25,38077.439999999995,2214.9999999999995,176.71,772.22,778.16,3231.48,False,,,,,9944.47,False,False,False,-2459.26,low,low,high,high
2026-05-10,15,64039.25,1975.31,8050.01,14845.62,17258.99,21714.98,25065.279999999995,2181.321100666667,800.0837860833334,2811.695867666667,958.9400483333333,10681.680451083334,True,,,,,10025.32,False,False,False,-7869.984583416666,mid,high,high,mid
2026-07-01,23,71009.42,2055.37,7392.8,21284.04,18203.6,0.07,52805.75,1165.57,1771.1299999999999,1716.07,2360.39,11190.44,False,1.0,,1.6369999647140503,,9448.17,False,True,True,-9474.37,high,mid,mid,low
2026-05-13,5,45069.72,1378.92,7249.05,10853.23,16508.75,0.11,28560.86,23.69923291666667,1767.4286700000002,2194.3535899166664,1168.4632437500002,11013.532394,True,,,,,8627.970000000001,False,False,False,-8819.178804083334,mid,mid,low,mid
2026-06-24,20,79182.52,2289.27,7659.09,24346.75,19324.27,9485.67,50372.58,2662.6500000000005,1171.31,1131.28,2477.73,11881.3,False,,,,,9948.36,False,False,False,-10750.019999999999,high,mid,high,low
2026-05-15,1,53733.04,1642.46,7474.15,14712.79,23900.97,0.13,29831.94,2106.29,2329.15,3469.89,3123.5,12872.14,False,,,,,9116.61,False,False,False,-9402.25,high,high,low,low
2026-06-02,14,76748.55,2106.1,7812.39,23410.47,6099.24,27145.07,43504.24,630.23,190.72,1653.53,230.2,3394.56,False,,,,,9918.49,False,False,False,-1741.03,low,mid,high,high
2026-06-08,11,66188.64,2011.74,7697.59,19002.92,20971.12,19874.1,25343.420000000006,2395.22,1985.7999999999997,899.6999999999999,2097.9,13592.499999999998,False,,,,,9709.33,False,False,False,-12692.799999999997,high,low,high,low
2026-06-14,8,54038.25,1702.01,7541.37,14258.4,9294.5,4386.42,40357.33,587.26,886.6099999999999,2481.04,277.64,5061.95,False,1.0,,10.838000297546387,,9243.38,False,True,True,-2580.91,low,high,mid,high
2026-06-03,3,49018.51,1536.31,6177.41,12718.6,9470.03,0.07,39548.41,377.93,198.64,1184.02,708.8199999999999,7000.619999999999,False,1.0,,16.409000396728516,,7713.719999999999,False,True,True,-5816.5999999999985,mid,mid,low,mid
2026-05-05,24,54187.56,1470.09,6899.54,13628.91,13515.49,0.13,40671.94,3021.068924416667,1151.4407124166667,1815.0218589166666,2638.5704924166666,5298.0757592499995,True,1.0,1.0,227.15699768066406,330.03826904296875,8369.63,True,True,True,-3483.053900333333,low,mid,low,high
2026-05-29,12,65814.27,1826.18,7622.03,18879.3,7733.69,27252.26,30828.320000000003,407.25,256.64,453.16,409.15000000000003,6207.49,False,,,,,9448.21,False,False,False,-5754.33,mid,low,mid,mid
2026-07-10,2,61158.45,1929.23,7381.69,18526.29,22006.32,0.77,39151.36,484.35999999999996,2241.83,2898.67,1326.45,15055.01,False,,,,,9310.92,False,False,False,-12156.34,high,high,mid,low
2026-05-11,13,55614.14,1678.77,7637.77,13947.02,3331.7,28479.0,23803.440000000002,787.9261563333333,374.11727525,156.58455466666666,1004.0854579166668,990.2499401666665,True,,,,,9316.54,False,False,False,-833.6653854999998,low,low,mid,high
2026-05-26,5,46381.73,1384.76,7191.36,11060.29,10627.14,1.33,35753.26,901.9300000000001,383.78999999999996,566.6,1967.57,6807.25,False,,,,,8576.119999999999,False,False,False,-6240.65,mid,low,low,mid
2026-07-08,19,82873.35,2595.85,7165.94,27193.46,14916.37,24260.48,43696.500000000015,2756.39,716.06,2273.18,2431.07,6739.67,False,,,,,9761.789999999999,False,False,False,-4466.49,mid,high,high,mid
2026-07-07,3,57407.24,1737.31,7563.86,16027.05,9178.49,0.7,48228.05,1005.0299999999999,728.01,1731.2199999999998,1749.43,3964.8,False,1.0,,10.99899959564209,,9301.17,False,True,True,-2233.5800000000004,low,mid,mid,high
2026-06-30,13,76184.1,2276.64,7975.43,22815.48,20697.37,28717.85,26768.880000000012,1960.4,1455.54,1455.25,2136.58,13689.6,False,,,,,10252.07,False,False,False,-12234.35,high,mid,high,low
2026-07-11,3,58415.23,1878.43,7701.92,17047.15,13241.81,0.08,45173.340000000004,1325.96,1231.5400000000002,1353.25,1781.95,7549.11,False,1.0,,5.453000068664551,,9580.35,False,True,True,-6195.86,mid,mid,mid,mid
2026-07-06,5,54078.9,1569.61,6932.19,14093.33,6773.01,0.18,47305.71,861.21,268.96,195.46,1330.95,4116.43,False,1.0,,9.623000144958496,,8501.8,False,True,True,-3920.9700000000003,low,low,low,high
2026-07-09,7,58049.64,1798.88,7543.32,17053.69,21014.28,205.1,36830.26,169.04,1968.2899999999997,3164.5799999999995,1842.2099999999998,13870.16,False,,,,,9342.2,False,False,False,-10705.58,high,high,mid,low
2026-07-06,15,82170.07,2393.62,7279.6,25721.65,3232.57,30811.7,48125.8,1851.4799999999998,22.35,184.07,676.84,497.83,False,,,,,9673.220000000001,False,False,False,-313.76,low,low,mid,high
2026-05-16,18,70406.91,2006.04,8086.84,20125.24,23167.5,22160.32,25079.090000000004,3465.97,2100.12,1097.72,2799.64,13704.050000000001,False,,,,,10092.880000000001,False,False,False,-12606.330000000002,high,mid,high,low
2026-06-20,6,51612.86,1443.93,7545.66,12722.53,10733.78,1.87,40877.21,533.51,878.2100000000002,1513.56,741.1,7067.4,False,1.0,,19.736000061035156,,8989.59,False,True,True,-5553.84,mid,mid,low,mid
2026-05-14,2,50388.41,1540.61,7487.91,13298.87,23555.2,0.19,26833.020000000004,833.7341226666668,2145.059841833333,3173.075496666667,2231.9007694166667,14938.359970250001,True,,,,,9028.52,False,False,False,-11765.284473583335,high,high,low,low
2026-06-04,24,58529.44,1690.31,7177.4,16524.2,15301.62,0.06,43227.76,884.35,1489.68,1731.94,1407.4099999999999,9788.240000000002,False,1.0,,27.207000732421875,,8867.71,False,True,True,-8056.300000000001,mid,mid,low,mid
2026-06-13,21,72401.26,2177.51,7879.16,21223.01,19665.98,1098.54,51636.74,2196.48,1603.41,2949.1,2044.1299999999999,10872.86,False,,,,,10056.67,False,False,False,-7923.76,mid,high,high,mid
2026-07-08,22,77113.51,2328.02,7647.52,24455.83,19802.2,1.06,57310.25,1639.88,1869.29,2515.09,2521.74,11256.2,False,,,,,9975.54,False,False,False,-8741.11,high,high,high,mid
2026-05-18,7,57809.71,1720.44,7564.74,15756.98,27132.08,57.93,30619.699999999997,3745.1999999999994,2275.62,3004.76,2743.82,15362.679999999998,False,,,,,9285.18,False,False,False,-12357.919999999998,high,high,mid,low
2026-05-24,4,44843.19,1433.42,7327.19,11348.4,10447.31,0.19,34395.69,413.83,811.8799999999999,1270.81,413.52,7537.27,False,1.0,,7.541999816894531,,8760.61,False,True,True,-6266.460000000001,mid,mid,low,mid
2026-06-24,16,81613.29,2488.09,7660.17,24845.25,13566.24,31975.43,36071.61999999999,2674.9600000000005,1023.44,623.97,2323.89,6919.98,False,,,,,10148.26,False,False,False,-6296.009999999999,mid,low,high,mid
2026-05-07,4,43962.37,1318.56,7206.53,9852.45,7952.49,0.1,36009.780000000006,675.2560870000001,952.7283489166667,315.99509824999996,583.7794800833334,5306.9717593333335,True,1.0,,37.38600158691406,,8525.09,False,True,True,-4990.976661083334,low,low,low,mid
2026-07-05,23,68248.51,1711.8,7096.5,19552.22,17900.86,0.31,50347.34,1405.52,1434.26,1728.61,2367.93,10964.54,False,1.0,,9.407999992370605,,8808.3,False,True,True,-9235.93,mid,mid,low,low
2026-05-03,7,41448.65,1346.37,7525.31,10094.76,17588.13,90.86,23769.66,174.66839650000006,1927.9100027500003,2668.3060063333332,374.90968016666665,12092.87945675,True,1.0,,86.59100341796875,,8871.68,False,True,True,-9424.573450416668,high,high,low,low
2026-05-23,9,48419.62,1384.65,7124.17,12313.96,6447.41,14290.31,27681.90000000001,590.32,246.32999999999998,255.56,467.4200000000001,4887.78,False,,,,,8508.82,False,False,False,-4632.219999999999,low,low,low,mid
2026-05-19,2,57705.24,1656.44,7670.36,15772.72,27249.1,0.16,30455.98,3318.8,2374.42,3281.84,2639.26,15634.78,False,,,,,9326.8,False,False,False,-12352.94,high,high,mid,low
2026-05-12,7,47071.4,1396.15,7317.76,11865.81,14128.6,204.13,32738.670000000002,659.4669065,426.5729375,3382.00762025,599.0973484166667,8778.014140666666,True,1.0,,51.18000030517578,,8713.91,False,True,True,-5396.006520416666,mid,high,low,mid
2026-06-12,19,75533.61,2414.99,7570.08,21868.09,17813.13,18106.36,39614.119999999995,2822.69,1121.74,2551.48,2667.34,8649.88,False,,1.0,,53.13127136230469,9985.07,True,False,True,-6098.4,mid,high,high,mid
2026-05-18,11,63865.98,1878.11,7693.99,18224.27,23399.72,16820.02,23646.24,3081.8100000000004,2155.49,1503.94,2292.21,14366.27,False,,,,,9572.1,False,False,False,-12862.33,high,mid,mid,low
2026-06-06,22,61895.32,1839.88,6882.3,16032.26,7959.87,0.76,53934.689999999995,2058.95,718.6299999999999,667.46,2299.54,2215.29,False,1.0,,28.867000579833984,,8722.18,False,True,True,-1547.83,low,low,low,high
2026-06-18,16,82431.33,2667.73,7026.13,24868.34,12205.88,29906.11,40319.34,2392.72,899.53,3158.03,985.6,4770.0,False,,,,,9693.86,False,False,False,-1611.9699999999998,low,high,high,high
2026-06-21,18,77730.08,2499.31,8228.73,23224.16,17377.29,25889.26,34463.53,3350.13,2105.47,318.3,2731.22,8872.17,False,1.0,,4.689000129699707,,10728.039999999999,False,True,True,-8553.87,mid,low,high,mid
2026-05-22,13,62697.4,1581.54,7715.83,16966.83,3915.03,30103.89,28678.480000000003,1244.2700000000002,199.23,213.22,641.1,1617.21,False,,,,,9297.369999999999,False,False,False,-1403.99,low,low,mid,high
2026-07-11,14,73766.17,2276.33,7959.44,23826.51,4970.37,28964.05,39831.75,1697.43,177.9,6.45,1879.98,1208.61,False,,,,,10235.77,False,False,False,-1202.1599999999999,low,low,high,high
2026-06-06,13,64240.12,1833.44,7369.4,17802.99,5356.31,26237.12,32646.690000000006,736.18,219.2,844.7799999999999,863.37,2692.78,False,,,,,9202.84,False,False,False,-1848.0000000000005,low,low,mid,high
2026-06-30,11,69231.09,2116.36,7770.85,20169.46,21150.25,25582.53,22498.309999999998,1574.09,1744.9299999999998,1481.7200000000003,2283.16,14066.349999999999,False,,,,,9887.210000000001,False,False,False,-12584.629999999997,high,mid,high,low
2026-06-29,2,62805.62,2028.98,7727.75,17856.65,28694.24,1.61,34109.770000000004,3019.27,2595.2,3283.52,3251.0599999999995,16545.19,False,1.0,,0.19200000166893005,,9756.73,False,True,True,-13261.669999999998,high,high,high,low
2026-07-02,20,79431.55,2436.32,7566.44,24930.25,20351.13,7585.99,51494.43,2704.5,1122.08,3049.4099999999994,2493.55,10981.59,False,1.0,,3.7200000286102295,,10002.76,False,True,True,-7932.18,mid,high,high,mid
2026-06-08,5,55327.22,1720.9,7499.18,15206.23,24438.63,1.08,30887.51,1791.02,2375.22,3057.61,1733.5099999999998,15481.27,False,,,,,9220.08,False,False,False,-12423.66,high,high,mid,low
2026-07-07,13,77586.04,2115.81,7912.21,23636.78,4357.28,29838.34,43390.42,1235.74,96.71000000000001,339.6,1166.48,1518.75,False,,,,,10028.02,False,False,False,-1179.15,low,low,high,high
2026-07-09,17,83003.02,2546.98,7146.41,27248.39,18368.59,28563.97,36070.46000000001,2465.65,1364.33,2219.83,2639.2899999999995,9679.49,False,,,,,9693.39,False,False,False,-7459.66,mid,mid,high,mid
2026-07-09,24,68257.58,2137.39,7565.28,21186.6,22826.99,0.69,45429.899999999994,594.1600000000001,2443.84,3460.12,925.84,15403.03,False,,,,,9702.67,False,False,False,-11942.91,high,high,high,low
2026-07-11,6,55626.13,1798.62,7672.18,15617.99,10436.24,0.11,45189.78,891.66,970.3400000000001,306.75,1515.62,6751.87,False,1.0,,13.767000198364258,,9470.8,False,True,True,-6445.12,mid,low,mid,mid
2026-06-13,16,77671.24,2372.65,7939.82,23010.22,15617.62,27590.55,34463.07000000001,2598.5600000000004,1158.81,2296.9,1066.81,8496.54,False,,,,,10312.47,False,False,False,-6199.640000000001,mid,high,high,mid
2026-06-20,9,54632.83,1671.14,7579.91,14167.01,4844.44,11119.02,38669.369999999995,148.86,353.42,1366.7000000000003,380.13,2595.33,False,1.0,,2.2939999103546143,,9251.05,False,True,True,-1228.6299999999997,low,mid,mid,high
2026-07-02,17,81743.16,2557.97,7365.45,25488.08,14160.22,25946.67,41636.270000000004,2664.42,568.27,2650.64,1571.74,6705.15,False,,,,,9923.42,False,False,False,-4054.5099999999998,mid,high,high,high
2026-06-27,19,81325.0,2612.75,7970.47,24956.21,24008.07,21962.41,35354.520000000004,3480.57,2082.04,2059.25,3048.31,13337.9,False,1.0,,0.5619999766349792,,10583.220000000001,False,True,True,-11278.65,high,mid,high,low
2026-07-02,24,67243.35,2097.45,7706.0,19928.17,20042.71,0.07,47200.57000000001,1431.34,1794.89,2625.71,2599.83,11590.939999999999,False,1.0,1.0,7.566999912261963,2.266026496887207,9803.45,True,True,True,-8965.23,high,high,high,mid
2026-06-21,22,72137.62,2262.08,7722.22,21450.47,24953.6,2.06,47181.96,2410.1,2419.5999999999995,981.9,2922.3300000000004,16219.67,False,,,,,9984.3,False,False,False,-15237.77,high,low,high,low
2026-06-25,10,63296.87,2013.47,7587.12,18062.88,19553.44,25069.31,18674.120000000006,1511.59,1890.8600000000001,651.03,1951.8600000000001,13548.1,False,,,,,9600.59,False,False,False,-12897.07,high,low,mid,low
2026-06-17,4,52920.09,1723.96,7481.09,14472.47,20314.09,5.93,32600.069999999996,400.02,1657.12,3735.64,387.26,14134.05,False,,,,,9205.05,False,False,False,-10398.41,high,high,mid,low
2026-05-29,3,50219.83,1563.31,7317.98,12954.2,17118.29,1.28,33100.26,510.17,1591.32,1464.84,1516.81,12035.149999999998,False,,,,,8881.289999999999,False,False,False,-10570.309999999998,high,mid,low,low
2026-05-05,7,50768.06,1464.59,7537.13,13338.58,23707.97,17.84,27042.249999999996,2221.674199416667,2592.789157083333,3259.6597875,2422.32618575,12769.030611166669,True,1.0,,9.871000289916992,,9001.72,False,True,True,-9509.370823666668,high,high,low,low
2026-05-11,4,44531.17,1313.91,7265.55,10000.51,13001.22,0.06,31529.889999999996,2656.1631254999998,1381.6611009166666,41.7378475,2194.82707375,6617.853107166667,True,1.0,,36.1510009765625,,8579.460000000001,False,True,True,-6576.115259666667,mid,low,low,mid
2026-06-11,16,78098.48,2398.86,7039.66,23574.11,19604.15,25521.36,32972.969999999994,2746.6400000000003,1974.9100000000003,1772.2200000000003,2340.62,10769.76,False,,,,,9438.52,False,False,False,-8997.54,mid,mid,mid,mid
2026-06-24,9,60641.39,1906.4,7457.52,17085.4,12026.01,16079.24,32536.14,1033.6700000000003,1145.17,895.15,1893.93,7058.09,False,,,,,9363.92,False,False,False,-6162.9400000000005,mid,low,mid,mid
2026-06-07,9,52979.47,1726.2,7263.28,13184.98,14531.94,14210.48,24237.05,1376.23,1535.84,489.79,1398.94,9731.14,False,,,,,8989.48,False,False,False,-9241.349999999999,mid,low,low,low
2026-07-04,4,57868.14,1911.44,7652.8,16578.23,21687.01,0.31,36180.82000000001,916.21,2090.06,3359.99,1715.89,13604.86,False,1.0,,0.8730000257492065,,9564.24,False,True,True,-10244.87,high,high,mid,low
2026-06-28,7,56467.59,1840.31,7776.06,15491.27,28115.15,235.26,28117.179999999997,2613.19,2348.18,3384.37,3104.5599999999995,16664.85,False,,,,,9616.37,False,False,False,-13280.48,high,high,mid,low
2026-07-12,10,60119.68,1928.51,7828.17,17119.44,4835.98,22078.59,33205.11,609.49,199.85000000000002,849.7999999999998,899.63,2277.21,False,,,,,9756.68,False,False,False,-1427.4100000000003,low,low,high,high
2026-05-09,5,45764.28,1320.62,7314.46,10913.63,8567.77,0.87,37195.63999999999,146.89669107142856,998.9108260714287,1652.0391940714287,1328.5961881428568,4326.773926928571,True,1.0,1.0,76.6050033569336,73.97268676757812,8635.08,True,True,True,-2674.7347328571423,low,mid,low,high
2026-06-22,3,58700.26,1899.06,7496.73,16459.11,27169.51,2.73,31528.020000000004,2872.74,2461.36,3129.6100000000006,3109.26,15596.54,False,,,,,9395.789999999999,False,False,False,-12466.93,high,high,mid,low
2026-05-10,16,64893.38,1964.52,7882.48,14853.32,20135.33,19977.72,24780.329999999994,2197.332882166667,1437.9837490833334,2137.0870382499998,1030.9057480833333,13421.3251975,True,,,,,9847.0,False,False,False,-11284.23815925,high,mid,high,low
2026-05-04,19,61847.75,1767.8,7978.65,17346.88,23094.47,13093.56,25659.72,3034.245627384615,2441.4810853076924,3105.801788,1964.5105613076921,14341.931629615385,True,,,,,9746.449999999999,False,False,False,-11236.129841615384,high,high,high,low
2026-07-05,24,64134.17,1601.03,6936.31,18080.09,14331.35,0.14,49802.68,1306.78,1315.05,1730.5900000000001,2216.35,7762.579999999998,False,1.0,,13.810999870300293,,8537.34,False,True,True,-6031.989999999998,mid,mid,low,mid
2026-05-17,4,51885.48,1533.99,7471.53,13230.87,27219.35,0.16,24665.970000000005,2954.17,2292.6699999999996,3075.73,3133.57,15763.209999999997,False,,,,,9005.52,False,False,False,-12687.479999999998,high,high,low,low
2026-07-08,14,81841.67,2476.83,7849.3,25753.82,10330.77,31492.37,40018.53,984.17,475.77000000000004,1760.63,1116.94,5993.260000000001,False,,,,,10326.130000000001,False,False,False,-4232.630000000001,mid,mid,high,high
2026-07-03,8,56049.56,1818.83,7395.79,15595.79,14865.78,7733.74,33450.04,436.33,1110.6400000000003,2461.03,1222.58,9635.2,False,1.0,,1.694000005722046,,9214.619999999999,False,True,True,-7174.17,mid,high,mid,mid
2026-06-13,3,55717.57,1699.74,7544.38,14781.84,17189.94,0.45,38527.18000000001,1236.15,1873.4,1366.1,1364.09,11350.2,False,1.0,,1.1230000257492065,,9244.12,False,True,True,-9984.1,high,mid,mid,low
2026-06-30,3,59186.79,1955.01,7554.61,16851.95,24828.4,1.43,34356.96,1315.9800000000002,2349.33,2391.14,2432.0,16339.95,False,1.0,,1.7200000286102295,,9509.619999999999,False,True,True,-13948.810000000001,high,high,mid,low
2026-06-24,6,56384.67,1805.21,7272.55,15397.85,16552.03,1.7,39830.94,1610.0,1799.69,283.27,1930.11,10928.96,False,,,,,9077.76,False,False,False,-10645.689999999999,mid,low,low,low
2026-07-09,2,62263.54,1964.99,7781.29,18710.46,22171.24,1.02,40091.280000000006,974.7899999999997,2365.83,2924.35,1954.19,13952.08,False,1.0,,2.631999969482422,,9746.28,False,True,True,-11027.73,high,high,high,low
2026-05-10,9,48987.52,1491.35,7314.71,12192.64,13251.13,13702.38,22034.010000000002,150.60195275,935.4138069166668,2714.472148916667,420.96492250000006,9064.177954083334,True,,,,,8806.06,False,False,False,-6349.705805166667,mid,high,low,mid
2026-05-27,9,50434.89,1459.98,7131.97,13541.3,5259.76,8078.18,37096.95,2390.9299999999994,298.94,57.08,1863.85,648.96,False,,,,,8591.95,False,False,False,-591.88,low,low,low,high
2026-06-24,19,81302.27,2476.27,7507.65,25187.48,18032.71,22990.89,40278.670000000006,2696.73,1269.45,986.08,2450.14,10630.310000000001,False,,,,,9983.92,False,False,False,-9644.230000000001,mid,low,high,low
2026-05-08,13,52915.71,1443.63,7557.63,13773.81,3358.06,19411.93,30145.72,307.9992029166667,106.12314775,705.50958425,304.65207941666665,1822.809529416667,True,,,,,9001.26,False,False,False,-1117.299945166667,low,low,low,high
2026-05-19,3,55922.6,1663.41,7617.92,15148.0,25179.09,0.25,30743.26,3067.77,2337.56,3396.9699999999993,1703.45,14673.340000000002,False,1.0,,1.5449999570846558,,9281.33,False,True,True,-11276.370000000003,high,high,mid,low
2026-07-10,22,73662.81,2291.42,7846.4,23531.92,19263.04,5.51,54394.259999999995,1238.7,1477.53,2760.09,2219.14,11567.579999999998,False,,,,,10137.82,False,False,False,-8807.489999999998,high,high,high,mid
2026-05-25,14,66665.98,1792.6,7832.06,18664.29,3160.87,28564.05,34941.06,168.60999999999999,55.61,408.86000000000007,46.85,2480.94,False,,,,,9624.66,False,False,False,-2072.08,low,low,mid,high
2026-06-22,14,79659.21,2284.69,8165.0,23482.77,12721.12,30502.73,36435.360000000015,3250.57,1113.14,801.8700000000001,2460.12,5095.42,False,,,,,10449.69,False,False,False,-4293.55,low,low,high,high
2026-05-27,23,55596.5,1770.18,7465.28,15990.54,7952.73,6.45,47637.32000000001,49.45,637.6399999999999,1089.88,646.31,5529.45,False,1.0,,3.0880000591278076,,9235.46,False,True,True,-4439.57,low,mid,mid,mid
2026-06-24,7,57104.34,1759.08,7343.0,15705.71,15626.64,206.86,41270.84,1248.61,1612.86,899.17,1846.85,10019.15,False,,,,,9102.08,False,False,False,-9119.98,mid,low,low,mid
2026-06-19,1,65547.66,1986.85,7043.34,18590.54,13627.37,0.56,51919.73,2246.8300000000004,1318.41,1076.68,2261.24,6724.21,False,,,,,9030.19,False,False,False,-5647.53,mid,mid,low,mid
2026-07-09,21,79056.48,2397.54,7954.49,25214.18,20750.51,1213.13,57092.840000000004,519.79,1825.68,2909.38,1012.07,14483.59,False,,,,,10352.029999999999,False,False,False,-11574.21,high,high,high,low
2026-06-30,21,77494.64,2374.67,7854.23,23445.98,24931.73,646.0,51916.91,2216.47,1831.31,2536.02,2752.53,15595.4,False,,,,,10228.9,False,False,False,-13059.38,high,high,high,low
2026-05-15,18,69719.79,1908.13,8089.85,18418.86,24104.58,12220.86,33394.34999999999,3502.1800000000003,1199.71,1893.04,2905.95,14603.700000000003,False,,,,,9997.98,False,False,False,-12710.660000000003,high,mid,high,low
2026-05-14,7,49346.29,1515.1,7362.43,13144.53,20450.56,185.59,28710.14,459.07677191666664,1585.1397616666666,3117.9066250833334,1764.2103210833332,13143.454607250002,True,,,,,8877.53,False,False,False,-10025.547982166669,high,high,low,low
2026-07-03,16,81175.35,2507.73,7375.9,25537.98,9828.76,30282.52,41064.07000000001,2323.97,363.44,2307.24,1483.72,3350.39,False,,,,,9883.63,False,False,False,-1043.15,low,high,high,high
2026-05-27,14,56327.61,1768.43,7841.25,16180.73,1505.46,24048.74,30773.41,380.8500000000001,13.090000000000002,725.78,312.87,72.87,False,,,,,9609.68,False,False,False,652.91,low,low,mid,high
2026-05-05,20,65001.09,1812.98,7492.49,18331.07,16758.58,2977.51,45264.99999999999,3657.773318384616,1180.2784433076922,1685.5621863076922,2299.812819615385,8293.117042846156,True,1.0,,9.532999992370605,,9305.47,False,True,True,-6607.554856538463,mid,mid,mid,mid
2026-05-20,20,61779.94,1463.9,6804.98,17213.14,6925.88,3119.29,51734.770000000004,788.4300000000001,336.26,1041.2,508.71,4251.28,False,1.0,,5.3520002365112305,,8268.88,False,True,True,-3210.08,low,low,low,high
2026-05-26,24,53909.22,1460.3,6271.45,14366.82,6384.23,1.27,47523.72000000001,2545.46,550.59,211.41999999999996,1979.9799999999998,1096.78,False,1.0,,3.2920000553131104,,7731.75,False,True,True,-885.36,low,low,low,high
2026-06-21,13,65812.18,2174.89,8026.29,19437.49,19121.16,25863.22,20827.79999999999,2252.33,1869.7,302.46,2129.01,12567.660000000002,False,,,,,10201.18,False,False,False,-12265.200000000003,high,low,high,low
2026-06-20,15,69429.62,2233.62,8342.0,21302.63,4793.97,25593.58,39042.06999999999,434.17,263.13,1717.18,776.89,1602.6,False,,,,,10575.619999999999,False,False,False,114.58000000000015,low,mid,high,high
2026-05-02,19,52576.9,1292.91,7829.89,14208.62,2986.57,22900.67,26689.660000000003,1811.7868520833338,18.79172833333333,87.77511799999999,619.3572975833333,532.0334778333333,True,1.0,,11.467000007629395,,9122.800000000001,False,True,True,-444.2583598333333,low,low,low,high
2026-05-08,16,56652.79,1580.27,7893.75,14712.78,4361.97,22146.94,30143.88,552.4980150833334,354.8807688333333,1397.72217275,476.01390783333335,1568.3966846666665,True,,,,,9474.02,False,False,False,-170.67451191666646,low,mid,mid,high
2026-06-28,17,81759.35,2587.36,7694.63,25299.5,21779.12,27500.46,32479.77000000001,3195.35,2350.02,1503.24,3009.66,11720.85,False,,,,,10281.99,False,False,False,-10217.61,high,mid,high,low
2026-05-30,22,66579.37,1912.97,7747.98,19214.26,19810.31,8.91,46760.149999999994,1109.73,2138.34,2838.66,2254.22,11469.36,False,,,,,9660.949999999999,False,False,False,-8630.7,high,high,mid,mid
2026-05-04,9,48492.25,1340.09,7539.66,12895.1,19577.84,17702.18,11212.23,1261.1977878333337,2508.626814,2481.9740145000005,1690.218192,13804.939378583334,True,,,,,8879.75,False,False,False,-11322.965364083335,high,high,low,low
2026-05-21,10,51871.63,1462.23,6772.84,14109.58,2644.58,6125.61,43101.439999999995,315.5,23.71,469.28,117.85,1718.24,False,,,,,8235.07,False,False,False,-1248.96,low,low,low,high
2026-06-20,2,55727.99,1641.5,7441.51,13839.92,10080.59,1.96,45645.439999999995,748.1200000000001,490.06,2978.99,909.0700000000002,4954.35,False,1.0,1.0,18.44099998474121,83.86414337158203,9083.01,True,True,True,-1975.3600000000006,low,high,low,high
2026-07-04,13,76417.19,2334.96,8202.89,23175.21,4608.29,33383.58,38425.32000000001,1111.52,127.10999999999999,550.18,1000.0300000000001,1819.45,False,,,,,10537.849999999999,False,False,False,-1269.27,low,low,high,high
2026-06-02,12,70367.47,1942.86,7737.31,21114.76,3698.55,28073.82,38595.1,125.81999999999996,51.14,962.32,160.88,2398.39,False,,,,,9680.17,False,False,False,-1436.0699999999997,low,low,mid,high
2026-06-14,6,54064.81,1645.92,7492.96,14304.7,9527.1,1.17,44536.54,628.2399999999999,1038.86,2700.24,303.74,4856.02,False,1.0,,7.315999984741211,,9138.880000000001,False,True,True,-2155.7800000000007,low,high,low,high
2026-05-18,20,73372.0,2181.15,8071.0,21667.08,25841.83,5907.1,41623.07,3759.48,2020.68,2658.08,2923.49,14480.1,False,,,,,10252.15,False,False,False,-11822.02,high,high,high,low
2026-05-24,24,53609.67,1590.19,7490.15,13297.29,10635.68,1.24,42972.75,103.34,1256.13,2548.32,995.38,5732.51,False,1.0,,0.7210000157356262,,9080.34,False,True,True,-3184.19,mid,high,low,high
2026-06-17,12,67148.51,2219.3,8063.92,19561.18,13153.63,27018.41,26976.469999999998,201.48,1716.79,631.92,343.55,10259.889999999998,False,,,,,10283.220000000001,False,False,False,-9627.969999999998,mid,low,high,low
2026-07-02,4,56681.53,1809.92,7391.9,15873.6,17678.52,0.13,39002.88,701.83,1562.87,2087.03,1598.82,11727.969999999998,False,1.0,,5.544000148773193,,9201.82,False,True,True,-9640.939999999997,high,mid,mid,low
2026-07-12,19,75495.68,2397.27,7928.16,23923.89,13770.44,14082.37,47642.86999999999,3052.51,541.52,1491.2,2062.81,6622.400000000001,False,1.0,,0.10700000077486038,,10325.43,False,True,True,-5131.200000000001,mid,mid,high,mid
2026-06-04,11,59926.04,1744.48,7597.22,17036.3,4388.89,21673.73,33863.42,45.440000000000005,182.76,1267.55,45.23,2847.91,False,,,,,9341.7,False,False,False,-1580.36,low,mid,mid,high
2026-06-03,2,51013.61,1615.29,6517.31,13399.62,11269.88,0.09,39743.64000000001,343.39,338.74,1682.29,975.18,7930.28,False,1.0,,15.836999893188477,,8132.6,False,True,True,-6247.99,mid,mid,low,mid
2026-06-17,13,70649.59,2320.49,8116.19,20743.21,12930.77,28954.46,28764.359999999993,174.5,1783.4,314.15,422.7,10236.019999999999,False,,,,,10436.68,False,False,False,-9921.869999999999,mid,low,high,low
2026-07-02,13,76122.01,2300.84,7855.26,22821.13,12573.37,30714.2,32834.43999999999,1682.7999999999997,473.7699999999999,2352.33,1184.75,6879.72,False,,,,,10156.1,False,False,False,-4527.39,mid,high,high,mid
2026-06-16,10,58808.53,1857.97,7825.86,16042.51,2465.81,17195.2,39147.520000000004,499.46,0.79,883.05,950.53,131.98,False,,,,,9683.83,False,False,False,751.0699999999999,low,low,mid,high
2026-05-30,10,57039.13,1709.34,7567.97,15960.58,16380.6,17728.93,22929.6,490.56000000000006,1314.47,2339.45,1191.63,11044.49,False,,,,,9277.31,False,False,False,-8705.04,mid,high,mid,mid
2026-06-04,5,49090.34,1504.92,7253.27,13075.18,8518.43,0.08,40571.829999999994,62.62,659.94,1229.56,584.5,5981.810000000001,False,1.0,,20.68000030517578,,8758.19,False,True,True,-4752.250000000002,mid,mid,low,mid
2026-05-24,21,60921.41,1800.63,7692.28,15390.53,8282.48,580.52,52058.41000000001,776.45,770.4699999999999,2252.02,1149.01,3334.53,False,1.0,1.0,3.2330000400543213,3.3466999530792236,9492.91,True,True,True,-1082.5100000000002,low,high,mid,high
2026-05-13,1,50104.0,1524.58,7276.51,12675.97,20498.15,1.13,29604.719999999998,390.3513482307692,1629.1296676923077,2584.062145153846,1701.5737468461537,13732.07160446154,True,,,,,8801.09,False,False,False,-11148.009459307694,high,high,low,low
2026-05-30,1,58218.27,1759.52,7647.58,16181.36,25173.79,0.47,33044.009999999995,1336.91,2382.5,3572.61,2573.87,15307.9,False,,,,,9407.1,False,False,False,-11735.289999999999,high,high,mid,low
2026-06-16,8,54551.9,1733.51,7308.66,14558.97,2380.72,4179.66,47991.520000000004,619.52,15.150000000000002,854.52,597.54,293.99,False,1.0,1.0,39.50699996948242,14.079686164855957,9042.17,True,True,True,560.53,low,low,low,high
2026-06-21,14,69614.28,2279.16,8158.65,20397.26,18128.38,27904.89,23581.009999999995,2603.2500000000005,1840.2100000000003,152.29,2287.31,11245.32,False,,,,,10437.81,False,False,False,-11093.029999999999,high,low,high,low
2026-06-27,11,67483.85,1922.83,7941.34,19581.79,24229.52,26331.62,16922.710000000003,3208.63,2355.23,1401.77,2849.31,14414.58,False,,,,,9864.17,False,False,False,-13012.81,high,mid,high,low
2026-06-02,18,74931.24,2241.24,7449.88,22205.26,13861.5,17378.8,43690.94,1164.1399999999999,846.65,2368.62,1593.51,7888.58,False,,,,,9691.119999999999,False,False,False,-5519.96,mid,high,high,mid
2026-05-13,6,46044.76,1389.52,7221.88,11241.99,14555.9,0.12,31488.74,4.908874833333334,1518.8786210833332,1699.47957125,1082.5882220833332,9961.818364916666,True,,,,,8611.4,False,False,False,-8262.338793666666,mid,mid,low,mid
2026-07-08,9,61487.86,1909.5,7466.67,17904.54,12399.39,22801.46,26287.010000000002,307.5299999999999,811.7399999999999,2972.84,907.1400000000001,7400.1399999999985,False,,,,,9376.17,False,False,False,-4427.299999999998,mid,high,mid,mid
2026-06-19,11,64751.68,1826.82,7328.78,16101.46,15594.4,10407.67,38749.61,2962.68,1058.68,246.04,1938.0000000000002,9389.0,False,,,,,9155.6,False,False,False,-9142.96,mid,low,low,low
2026-05-21,9,51476.35,1462.15,7068.19,13694.49,3914.8,2977.93,44583.619999999995,1199.45,50.05,585.12,380.57,1699.6099999999997,False,1.0,,4.355000019073486,,8530.34,False,True,True,-1114.4899999999998,low,low,low,high
2026-05-13,22,65225.36,1884.82,7536.87,18820.96,20240.98,1.09,44983.29000000001,982.7056835000003,1193.6325228333333,3080.49428375,2223.4705184166664,12310.833052999998,True,,,,,9421.69,False,False,False,-9230.338769249998,high,high,mid,low
2026-05-19,19,66487.2,1733.61,7462.19,15469.48,13153.7,9031.58,44301.92,2288.9999999999995,1332.41,682.6,1949.35,6900.34,False,,,,,9195.8,False,False,False,-6217.74,mid,low,mid,mid
2026-05-25,16,69671.64,1863.2,7935.48,18948.09,4978.7,27518.89,37174.05,661.02,75.66999999999999,1075.34,125.69,3040.98,False,,,,,9798.68,False,False,False,-1965.64,low,low,high,high
2026-07-03,23,71878.2,2245.54,7946.22,21395.48,19755.01,0.95,52122.240000000005,1753.95,1519.63,2910.19,2617.27,10953.97,False,1.0,,11.192000389099121,,10191.76,False,True,True,-8043.779999999999,mid,high,high,mid
2026-05-29,21,70872.46,2010.08,7765.96,20587.69,20275.84,536.8,50059.82000000001,1364.56,1378.78,2756.03,2516.21,12260.26,False,,,,,9776.04,False,False,False,-9504.23,high,high,high,low
2026-05-29,16,76950.17,2249.76,8293.69,22255.36,14356.56,27127.02,35466.59,1428.52,418.32,1267.07,1177.11,10065.54,False,,,,,10543.45,False,False,False,-8798.470000000001,mid,mid,high,mid
2026-07-07,9,60961.94,1765.93,7526.56,17074.87,4071.8,22092.63,34797.509999999995,489.32,323.38,282.08,1094.53,1882.4899999999998,False,,,,,9292.49,False,False,False,-1600.4099999999999,low,low,mid,high
2026-05-25,9,49201.21,1499.88,7455.41,12440.09,2905.9,22352.21,23943.1,19.85,51.43,339.74,197.95,2296.93,False,,,,,8955.29,False,False,False,-1957.1899999999998,low,low,low,high
2026-05-09,22,62232.66,1842.93,7690.02,17084.69,20852.91,0.36,41379.39,1116.5210676666668,1452.7997754166665,1528.4927809166666,1602.2236080833334,14849.912148750003,True,1.0,,10.88599967956543,,9532.95,False,True,True,-13321.419367833336,high,mid,mid,low
2026-05-15,19,67599.47,1903.3,8034.15,17819.92,24992.54,8199.03,34407.9,3521.59,1552.2300000000002,2045.41,2841.33,15031.979999999998,False,,,,,9937.449999999999,False,False,False,-12986.569999999998,high,mid,high,low
2026-05-21,16,58394.04,1566.83,7405.96,15447.63,8332.48,18092.36,31969.199999999997,1068.26,149.37,1533.16,608.13,4973.56,False,,,,,8972.79,False,False,False,-3440.4000000000005,low,mid,low,high
2026-07-11,17,76358.05,2396.74,8371.08,25560.97,8183.59,24385.05,43789.41,2773.01,1038.42,60.10000000000001,2288.98,2023.08,False,,,,,10767.82,False,False,False,-1962.98,low,low,high,high
2026-06-12,22,69612.58,2179.12,7617.1,19608.15,18068.6,2.03,51541.950000000004,1779.4600000000003,1306.33,3148.2800000000007,2758.75,9075.78,False,1.0,1.0,2.0829999446868896,0.9886641502380371,9796.220000000001,True,True,True,-5927.5,mid,high,high,mid
2026-06-05,19,64849.81,1961.34,7102.98,18858.63,10833.54,6384.12,47632.149999999994,588.86,904.37,2555.91,1472.78,5311.62,False,1.0,,3.865000009536743,,9064.32,False,True,True,-2755.71,low,high,low,high
2026-07-02,12,72983.65,2221.48,7702.36,21637.27,14400.34,30165.57,28417.739999999998,1212.77,480.68000000000006,2624.6,1456.1,8626.19,False,,,,,9923.84,False,False,False,-6001.59,mid,high,high,mid
2026-06-15,12,61109.5,1855.51,7499.21,17450.61,4352.08,13138.16,43619.259999999995,1456.29,334.34,216.37000000000003,1212.08,1133.0,False,1.0,1.0,1.121999979019165,6.2323174476623535,9354.72,True,True,True,-916.63,low,low,mid,high
2026-06-27,6,55523.44,1804.4,7453.55,15618.21,16681.4,0.6,38841.44,1873.7999999999997,1696.5400000000002,1927.19,2558.95,8624.92,False,1.0,,2.2950000762939453,,9257.95,False,True,True,-6697.73,mid,mid,mid,mid
2026-07-12,2,58413.36,1876.37,7745.69,17082.38,13816.62,0.07,44596.67,1162.86,1344.13,874.92,1347.41,9087.3,False,1.0,,10.366000175476074,,9622.06,False,True,True,-8212.38,mid,low,mid,mid
2026-07-11,21,71556.55,2269.48,7879.41,23210.1,13540.36,1102.14,56914.05,2048.3200000000006,965.26,350.18,2756.91,7419.689999999998,False,1.0,,2.2279999256134033,,10148.89,False,True,True,-7069.5099999999975,mid,low,high,mid
2026-07-04,1,65109.89,2089.62,7894.66,18976.05,22680.06,0.55,42429.28,1265.77,2132.86,3477.13,2368.82,13435.48,False,1.0,,0.7929999828338623,,9984.279999999999,False,True,True,-9958.349999999999,high,high,high,low
2026-06-04,17,72028.21,2193.1,7852.59,21037.55,6408.1,23082.28,42537.83,1208.93,374.14,1629.9699999999998,641.48,2553.58,False,1.0,,2.1410000324249268,,10045.69,False,True,True,-923.6100000000001,low,mid,high,high
2026-05-07,12,50210.25,1284.95,7268.96,12879.41,5748.56,21993.71,22467.980000000003,1503.5893081666666,294.05425858333336,767.4020561666666,924.9478845,2081.6103012500002,True,1.0,,2.424999952316284,,8553.91,False,True,True,-1314.2082450833336,low,low,low,high
2026-05-10,19,63704.62,1910.0,7288.46,14227.95,22374.1,7853.89,33476.630000000005,2145.765107,1964.1047094166668,1647.0072216666667,2449.4249049166665,14194.78054933333,True,,,,,9198.46,False,False,False,-12547.773327666664,high,mid,mid,low
2026-05-19,6,55206.16,1632.41,7618.17,15132.74,18294.61,0.17,36911.380000000005,1007.12,1697.78,3574.65,2228.2,9786.86,False,1.0,,13.248000144958496,,9250.58,False,True,True,-6212.210000000001,mid,high,mid,mid
2026-05-09,21,64284.12,1862.85,7740.6,17932.14,17083.57,259.72,46940.83,1322.1448636666667,886.7758514166667,945.0777102499999,1301.9526377500001,12217.275496666667,True,1.0,,56.845001220703125,,9603.45,False,True,True,-11272.197786416667,high,low,mid,low
2026-06-02,5,52919.63,1494.06,7284.67,14103.34,10180.76,0.05,42738.81999999999,217.93,806.42,1977.0,773.82,6405.59,False,1.0,,27.541000366210938,,8778.73,False,True,True,-4428.59,mid,mid,low,mid
2026-05-14,14,68315.89,2018.73,7870.88,19815.13,17048.44,28462.6,22804.85,984.4436690833335,1531.2386544166666,2186.700311416667,1124.2708796666668,13476.058570166668,True,,,,,9889.61,False,False,False,-11289.35825875,high,mid,high,low
2026-06-10,18,78494.81,2390.67,6934.9,24384.01,22576.69,22436.42,33481.7,2898.3899999999994,2114.96,1293.75,2361.17,13908.420000000002,False,,,,,9325.57,False,False,False,-12614.670000000002,high,mid,mid,low
2026-05-31,21,71250.61,1980.26,7465.89,21521.2,18730.21,371.19,52149.21,1667.82,1322.88,1316.05,1837.39,12586.069999999998,False,1.0,,3.2290000915527344,,9446.15,False,True,True,-11270.019999999999,high,mid,mid,low
2026-06-18,7,57276.03,1820.16,7320.18,15233.88,20297.84,331.6,36646.590000000004,1652.55,2103.62,2107.91,1917.6,12516.16,False,1.0,,5.802999973297119,,9140.34,False,True,True,-10408.25,high,mid,low,low
2026-06-21,9,54004.55,1860.73,7507.62,15079.13,19820.3,12711.55,21472.7,1214.6199999999997,1565.3899999999999,2659.02,1554.45,12826.82,False,1.0,,1.2269999980926514,,9368.35,False,True,True,-10167.8,high,high,mid,low
2026-05-28,17,73024.61,2160.58,7773.82,20574.51,3231.98,29710.83,40081.8,709.09,52.040000000000006,99.5,218.42,2152.93,False,,,,,9934.4,False,False,False,-2053.43,low,low,high,high
2026-06-15,15,64879.76,1865.39,7620.17,19681.79,2942.77,20221.16,41715.83,1002.26,125.75000000000001,122.77,612.97,1079.02,False,1.0,,0.8019999861717224,,9485.56,False,True,True,-956.25,low,low,mid,high
2026-05-11,17,62130.61,1753.32,7957.2,15787.08,3738.26,29977.22,28415.129999999997,1575.7345360000004,256.34407541666667,543.9718933333334,943.4390659999999,378.51377733333334,True,,,,,9710.52,False,False,False,165.45811600000002,low,low,high,high
2026-05-29,15,75296.69,2165.43,8150.75,21911.54,12549.27,28992.91,33754.509999999995,1112.19,187.36000000000004,1051.66,790.14,9407.92,False,,,,,10316.18,False,False,False,-8356.26,mid,low,high,mid
2026-06-14,24,59849.43,1773.13,7127.5,15467.07,8938.45,0.09,50910.89,879.97,958.7200000000001,206.45,1382.89,5510.42,False,1.0,,3.197999954223633,,8900.630000000001,False,True,True,-5303.97,low,low,low,mid
2026-05-25,23,57948.73,1631.74,7316.6,14644.64,12911.87,1.22,45035.64,708.92,387.01000000000005,1665.0,1678.7799999999997,8472.16,False,,,,,8948.34,False,False,False,-6807.16,mid,mid,low,mid
2026-07-01,24,67042.91,1996.35,7416.83,19780.12,19540.7,0.22,47501.990000000005,1227.98,1967.64,1996.9599999999998,2265.07,12083.050000000001,False,1.0,,1.3480000495910645,,9413.18,False,True,True,-10086.090000000002,high,mid,mid,low
2026-05-12,18,69555.9,1963.69,8168.16,19114.61,4278.66,30911.0,34366.23999999999,715.4457833333335,155.25549883333332,361.8878454166667,94.87479433333333,2854.5874511666666,True,,,,,10131.85,False,False,False,-2492.69960575,low,low,high,high
2026-06-07,4,51118.38,1545.67,7323.48,12208.66,16735.26,0.18,34382.939999999995,1604.7099999999998,1616.61,513.31,2092.25,10908.38,False,,,,,8869.15,False,False,False,-10395.07,mid,low,low,low
2026-07-05,7,53267.86,1760.77,7505.75,13832.79,11783.62,197.4,41286.84,832.05,916.5099999999999,643.3,1407.95,7983.81,False,1.0,,17.11199951171875,,9266.52,False,True,True,-7340.51,mid,low,mid,mid
2026-05-15,6,49245.2,1533.81,7529.4,12801.3,25749.87,0.22,23495.109999999997,2323.85,2178.41,3437.21,2934.1100000000006,14876.29,False,,,,,9063.21,False,False,False,-11439.080000000002,high,high,low,low
2026-05-30,2,55354.42,1702.37,7598.17,15230.84,24971.38,0.53,30382.51,1746.1900000000003,2290.26,3452.5299999999997,2495.41,14986.990000000002,False,,,,,9300.54,False,False,False,-11534.460000000003,high,high,mid,low
2026-05-21,3,47445.34,1357.53,7226.0,11792.98,6730.31,0.07,40714.96,1252.0899999999997,821.12,532.99,1402.83,2721.2799999999997,False,1.0,,15.432000160217285,,8583.53,False,True,True,-2188.29,low,low,low,high
2026-07-03,2,60277.83,1786.76,7540.17,17417.54,19477.04,0.19,40800.6,1161.11,1863.3600000000001,2499.15,2239.48,11713.940000000002,False,1.0,,3.325000047683716,,9326.93,False,True,True,-9214.790000000003,high,high,mid,low
2026-05-09,13,59916.03,1648.33,7917.36,16423.74,4703.85,32366.56,22845.62,467.6250306153846,4.762603076923077,1663.4236486923078,114.36540223076923,2367.409571,True,,,,,9565.689999999999,False,False,False,-703.9859223076924,low,mid,mid,high
2026-06-17,11,63738.78,2115.3,7938.67,18362.82,13216.22,25253.95,25268.609999999997,247.56,1564.51,1156.7599999999998,265.22,9982.17,False,,,,,10053.970000000001,False,False,False,-8825.41,mid,mid,high,mid
2026-06-22,15,81269.1,2403.89,7778.99,24510.25,12103.49,29733.36,39432.25,3279.42,1097.06,770.64,2477.44,4478.93,False,,,,,10182.88,False,False,False,-3708.2900000000004,low,low,high,high
2026-06-01,2,54696.41,1592.95,7360.83,15148.43,11615.3,0.1,43081.01,395.5799999999999,1508.52,3031.32,1222.05,5457.83,False,1.0,1.0,4.7270002365112305,23.809532165527344,8953.78,True,True,True,-2426.5099999999998,low,high,low,high
2026-06-04,4,49350.88,1505.0,7242.52,13325.45,9594.12,0.07,39756.689999999995,54.22,880.47,1679.24,616.98,6363.21,False,1.0,,18.666000366210938,,8747.52,False,True,True,-4683.97,mid,mid,low,mid
2026-06-03,9,54182.21,1731.35,6562.77,14833.19,2631.49,13392.42,38158.3,83.34,122.02,123.61,112.64,2189.88,False,1.0,,25.268999099731445,,8294.12,False,True,True,-2066.27,low,low,low,high
2026-06-19,13,68190.01,1794.74,7600.48,16921.38,13372.62,15556.15,39261.23999999999,2009.7699999999998,1100.45,807.48,873.11,8581.810000000001,False,,,,,9395.22,False,False,False,-7774.330000000002,mid,low,mid,mid
2026-05-08,2,43962.39,1288.46,6803.69,10549.73,8612.21,0.12,35350.06,178.12433516666673,417.34112424999995,3004.2708845,125.44167716666666,5038.422713916667,True,1.0,1.0,61.494998931884766,226.10482788085938,8092.15,True,True,True,-2034.1518294166667,low,high,low,high
2026-05-25,2,48477.96,1448.4,7408.07,11687.22,8398.33,1.25,40078.38,118.69,808.04,2374.3,442.33000000000004,4654.97,False,1.0,,2.4189999103546143,,8856.47,False,True,True,-2280.67,low,high,low,high
2026-06-26,13,75482.33,2124.29,7857.76,22027.49,20749.08,27235.99,27497.26,2962.62,2124.48,704.68,2719.4,12237.9,False,,,,,9982.05,False,False,False,-11533.22,high,low,high,low
2026-06-05,6,51551.38,1627.5,6902.96,14051.38,10081.5,0.51,41469.369999999995,60.179999999999986,1023.9100000000001,1966.4600000000003,177.40000000000003,6853.550000000001,False,1.0,1.0,41.00299835205078,4.174775123596191,8530.46,True,True,True,-4887.090000000001,mid,mid,low,mid
2026-05-12,9,49859.69,1383.03,7301.78,13109.86,8769.36,26082.01,15008.320000000003,154.14486333333335,230.93642791666664,2662.4389765000005,271.4005593333333,5640.1276010833335,True,,,,,8684.81,False,False,False,-2977.688624583333,mid,high,low,high
2026-05-03,12,47336.1,1044.98,7501.95,12400.44,10774.05,26115.3,10446.750000000004,214.64581475000003,932.4573410833334,2688.9230723333335,392.1593825833333,8684.82139875,True,,,,,8546.93,False,False,False,-5995.898326416667,mid,high,low,mid
2026-06-24,3,57839.48,1916.67,7536.34,15680.3,21792.25,3.19,36044.04,1465.06,1949.6499999999999,1311.84,2166.29,14899.41,False,,,,,9453.01,False,False,False,-13587.57,high,mid,mid,low
2026-05-10,22,59370.26,1588.71,7346.29,13561.39,17743.15,0.22,41626.89,684.0844828333335,1723.4431361666666,329.52226133333335,2031.12619525,12729.709438166667,True,1.0,,5.435999870300293,,8935.0,False,True,True,-12400.187176833333,high,low,low,low
2026-05-07,24,48073.88,1333.47,6969.88,11875.97,10070.14,0.05,38003.689999999995,1391.593142166667,219.697291,2669.8209246666665,942.2196703333333,4864.415538666667,True,1.0,1.0,44.63999938964844,313.6662292480469,8303.35,True,True,True,-2194.5946140000005,low,high,low,high
2026-05-08,18,58006.27,1655.72,7886.28,15148.8,5207.88,18308.17,34490.22,1125.8109895000002,490.06687700000003,1350.7989499999999,768.1563184166666,1365.1131755,True,,1.0,,96.57933044433594,9542.0,True,False,True,-14.31422550000002,low,mid,mid,high
2026-06-19,5,58737.56,1821.83,7208.68,16054.29,12494.17,0.63,46242.76,1744.31,1174.68,932.2,2262.26,6380.72,False,1.0,1.0,2.558000087738037,135.10012817382812,9030.51,True,True,True,-5448.52,mid,low,low,mid
2026-06-21,1,57312.12,1925.06,7720.52,16677.56,22188.41,2.88,35120.83000000001,657.95,1860.0800000000002,3667.57,1248.2,14754.609999999999,False,,,,,9645.58,False,False,False,-11087.039999999999,high,high,mid,low
2026-05-11,5,44489.11,1345.48,7267.36,10144.19,11365.55,0.08,33123.479999999996,2377.4446220000004,1333.8882637499999,55.99308825,2108.216847416667,5751.2787665000005,True,1.0,,42.073001861572266,,8612.84,False,True,True,-5695.28567825,mid,low,low,mid
2026-07-10,10,65172.28,2031.61,7563.15,19529.33,16058.3,26047.88,23066.099999999995,743.02,1342.45,1636.5000000000002,755.8200000000002,11580.51,False,,,,,9594.76,False,False,False,-9944.01,high,mid,mid,low
2026-05-16,20,67411.36,1978.37,7965.79,19042.71,25816.99,6020.17,35574.2,3541.95,2063.39,2031.4599999999998,3021.95,15158.239999999998,False,,,,,9944.16,False,False,False,-13126.779999999999,high,mid,high,low
2026-05-22,24,57584.28,1451.69,7516.79,15489.87,16558.3,1.28,41024.7,1800.26,1384.54,1022.27,1988.85,10362.38,False,,,,,8968.48,False,False,False,-9340.109999999999,mid,low,low,low
2026-05-05,17,68112.27,1932.65,7621.02,20485.26,15152.93,20470.81,32488.530000000002,3679.8026197500003,786.69098375,328.51244099999997,1382.8663463333335,9076.951006083335,True,,,,,9553.67,False,False,False,-8748.438565083334,mid,low,mid,mid
2026-05-01,20,48863.39,1366.29,7303.6,12465.32,12186.64,1449.32,35227.43,4296.753203,628.6198894166668,474.33873950000003,2881.0227304166665,5021.445267666667,True,,,,,8669.89,False,False,False,-4547.106528166667,low,low,low,mid
2026-05-27,15,57640.03,1860.71,7969.78,16864.62,1529.29,24146.87,31963.87,421.2,20.519999999999996,786.9300000000001,215.02000000000004,85.62,False,,,,,9830.49,False,False,False,701.3100000000001,low,low,high,high
2026-05-02,3,40991.12,1357.68,6589.65,10159.19,6031.82,0.43,34958.87,3229.6059165,107.88781483333332,646.7461268333333,2072.7073764166666,525.8746242499999,True,1.0,,104.59400177001953,,7947.33,False,True,True,120.87150258333338,low,low,low,high
2026-06-20,1,57856.91,1722.64,7464.3,14456.67,10782.41,1.91,47072.59,1282.96,279.75,2773.69,916.2400000000001,5529.77,False,1.0,1.0,34.49399948120117,35.00276184082031,9186.94,True,True,True,-2756.0800000000004,low,high,mid,high
2026-05-14,20,70717.26,2122.75,8029.92,20620.93,24367.4,5194.09,41155.76999999999,2680.08862,2237.213047833334,2405.9881161666667,2398.1969929166667,15479.988481666665,True,,,,,10152.67,False,False,False,-13074.000365499998,high,high,high,low
2026-05-15,10,56346.53,1696.69,7706.42,15115.46,22558.9,19060.38,14727.249999999996,3048.14,2145.69,1638.22,2845.99,12880.859999999999,False,,,,,9403.11,False,False,False,-11242.64,high,mid,mid,low
2026-05-18,12,66627.04,1924.65,7832.25,19176.94,22693.34,19070.45,24863.249999999996,3103.23,2115.94,1460.04,2541.87,13472.26,False,,,,,9756.9,False,False,False,-12012.220000000001,high,mid,high,low
2026-05-30,6,50166.54,1488.53,7516.73,13484.97,21812.01,0.54,28353.99,736.47,1916.42,3344.7799999999997,1559.19,14255.150000000001,False,,,,,9005.26,False,False,False,-10910.370000000003,high,high,low,low
2026-05-13,21,67725.03,1957.23,7406.21,19735.8,15937.91,255.11,51532.009999999995,1099.6156040833334,671.4964946666666,2620.2824696666667,1282.2925703333335,9862.432826416667,True,1.0,,2.322999954223633,,9363.44,False,True,True,-7242.15035675,mid,high,mid,mid
2026-05-31,14,71252.76,2078.15,7990.26,21086.15,7417.15,32391.77,31443.839999999993,699.79,726.28,83.26,839.98,5067.84,False,,,,,10068.41,False,False,False,-4984.58,low,low,high,mid
2026-06-12,8,58679.38,1778.6,7355.84,16428.23,9281.19,5751.76,43646.42999999999,1228.61,502.53,1251.1800000000003,1087.06,5211.81,False,1.0,,0.45899999141693115,,9134.44,False,True,True,-3960.63,low,mid,low,high
2026-05-31,15,73588.65,2170.75,8210.11,22098.51,8658.28,31468.72,33461.649999999994,754.25,747.57,222.62,614.05,6319.789999999999,False,,,,,10380.86,False,False,False,-6097.169999999999,mid,low,high,mid
2026-06-03,10,56802.03,1772.34,6745.33,15774.62,2010.19,20386.81,34405.03,92.6,57.34000000000001,78.45000000000002,77.17,1704.63,False,1.0,,14.425000190734863,,8517.67,False,True,True,-1626.18,low,low,low,high
2026-06-06,12,61366.68,1777.15,7227.46,16474.99,5369.98,24609.31,31387.389999999996,789.89,251.51999999999998,860.01,833.43,2635.13,False,,,,,9004.61,False,False,False,-1775.1200000000001,low,low,low,high
2026-06-11,3,58671.02,1838.73,7544.43,16561.85,27317.0,2.35,31351.67,2241.22,2480.38,3728.45,2471.92,16395.03,False,,,,,9383.16,False,False,False,-12666.579999999998,high,high,mid,low
2026-06-18,6,56312.71,1804.47,7385.49,14834.19,19601.41,0.3,36711.0,1494.6699999999998,2030.38,1334.56,2022.31,12719.49,False,,,,,9189.96,False,False,False,-11384.93,high,mid,mid,low
2026-05-18,13,69171.96,1928.72,7968.24,20129.6,22111.85,21329.98,25730.13000000001,3243.2,2129.71,1399.32,2715.79,12623.830000000002,False,,,,,9896.96,False,False,False,-11224.510000000002,high,mid,high,low
2026-06-17,5,52589.12,1691.67,7416.57,14268.27,19211.76,0.53,33376.83,557.79,1391.36,3651.0,370.6,13241.009999999998,False,,,,,9108.24,False,False,False,-9590.009999999998,high,high,low,low
2026-06-14,15,71087.43,2212.38,8114.12,19152.92,11373.57,24629.82,35084.03999999999,2387.78,343.95,766.18,927.61,6948.049999999999,False,,,,,10326.5,False,False,False,-6181.869999999999,mid,low,high,mid
2026-07-08,3,57167.25,1801.69,7717.1,16338.53,17561.21,0.2,39605.840000000004,1041.14,1840.8999999999999,3030.08,1562.9500000000003,10086.14,False,1.0,,5.688000202178955,,9518.79,False,True,True,-7056.0599999999995,mid,high,mid,mid
2026-06-20,13,66561.95,2110.36,8276.62,18950.11,2808.04,26322.65,37431.259999999995,662.72,164.65,899.5799999999999,538.69,542.4,False,,,,,10386.980000000001,False,False,False,357.17999999999995,low,low,high,high
2026-05-27,24,52303.87,1658.16,7476.65,14624.6,9266.03,1.22,43036.62,57.19,617.85,1051.5300000000002,663.89,6875.57,False,1.0,,2.187000036239624,,9134.81,False,True,True,-5824.039999999999,mid,low,low,mid
2026-06-20,12,64575.84,1982.56,8183.7,18065.28,2784.19,24790.76,37000.89,586.4999999999999,92.51,985.5500000000001,550.89,568.74,False,,,,,10166.26,False,False,False,416.81000000000006,low,low,high,high
2026-05-17,12,61660.85,1720.54,7854.91,16792.58,21337.09,18343.37,21980.389999999996,3680.6,1934.4100000000003,1711.69,3101.96,10908.43,False,,,,,9575.45,False,False,False,-9196.74,mid,mid,mid,low
2026-05-27,16,59328.26,1944.39,7997.98,17698.6,1068.86,23968.59,34290.81,221.15,17.51,625.39,113.99,90.82,False,,,,,9942.369999999999,False,False,False,534.5699999999999,low,low,high,high
2026-06-05,2,53324.97,1696.36,6905.9,14590.44,15452.02,0.05,37872.899999999994,504.63,1579.64,1654.8899999999999,1209.92,10502.94,False,1.0,,24.94700050354004,,8602.26,False,True,True,-8848.050000000001,mid,mid,low,mid
2026-05-07,7,47595.63,1359.77,7078.47,11638.02,8635.22,64.0,38896.409999999996,1031.9094098461537,753.4655514615384,252.07930323076928,868.9038107692309,5410.067962846155,True,1.0,,8.29800033569336,,8438.24,False,True,True,-5157.988659615386,low,low,low,mid
2026-05-13,4,45234.2,1400.43,7271.75,10872.29,18420.75,0.11,26813.339999999997,76.89696266666667,1896.134909083333,2482.5113776666667,1445.7278380833336,12150.23305125,True,,,,,8672.18,False,False,False,-9667.721673583332,high,high,low,low
2026-05-15,22,63114.34,1861.63,7902.29,17232.01,27039.9,14.91,36059.52999999999,3027.15,2064.65,2931.030000000001,3127.8500000000004,15889.22,False,,,,,9763.92,False,False,False,-12958.189999999999,high,high,high,low
2026-05-21,19,59493.12,1731.48,7392.28,15700.43,7974.61,10927.32,40591.19,210.72000000000003,380.33000000000004,2396.9,886.7,4099.96,False,1.0,,3.5460000038146973,,9123.76,False,True,True,-1703.06,low,high,low,high
2026-06-09,10,62561.06,1811.26,7573.2,17721.76,17560.56,20695.58,24304.92,1238.3899999999999,1281.1900000000003,2517.33,1778.6799999999998,10744.97,False,,,,,9384.46,False,False,False,-8227.64,mid,high,mid,mid
2026-05-01,3,43595.8,1310.45,6916.5,10065.24,7329.67,0.12,36266.01,1105.0766429166667,781.7348988333333,1219.2365909999999,875.6225434999999,3280.8639615833335,True,1.0,1.0,8.913999557495117,138.32130432128906,8226.95,True,True,True,-2061.6273705833337,low,mid,low,high
2026-05-13,24,57066.76,1675.04,7638.27,15772.4,24263.42,0.7,32802.64000000001,985.7847095000001,1946.1800182499999,3438.3147126666663,2335.20358375,15163.818435000001,True,,,,,9313.310000000001,False,False,False,-11725.503722333335,high,high,mid,low
2026-05-08,3,43020.05,1273.43,6792.28,10252.83,7356.81,0.11,35663.130000000005,138.0831086666667,487.50772066666667,3049.4063425,145.24462366666666,4013.6182936666664,True,1.0,1.0,58.02299880981445,239.20578002929688,8065.71,True,True,True,-964.2119511666665,low,high,low,high
2026-05-24,12,56976.26,1609.08,7614.35,15927.95,1167.49,29608.93,26199.840000000004,454.80999999999995,37.56,167.63,80.22,427.27,False,,,,,9223.43,False,False,False,-259.64,low,low,mid,high
2026-05-02,6,40949.99,1369.47,6616.82,10152.63,6538.72,0.41,34410.85999999999,2687.2645056666674,180.03402691666668,1407.7997795,1937.8848485000003,514.0861738333334,True,1.0,1.0,123.71499633789062,245.67544555664062,7986.29,True,True,True,893.7136056666667,low,mid,low,high
2026-05-18,15,73464.65,2187.16,8132.1,21472.7,21935.28,22934.0,28595.369999999995,3529.0399999999995,2088.88,1381.49,2658.04,12277.83,False,,,,,10319.26,False,False,False,-10896.34,high,mid,high,low
2026-07-03,10,63919.91,2057.39,7559.54,18555.15,15423.67,28466.99,20029.250000000004,723.27,928.72,2651.77,1532.27,9587.64,False,,,,,9616.93,False,False,False,-6935.869999999999,mid,high,mid,mid
2026-06-20,7,51810.69,1577.65,7609.61,12880.6,8936.61,124.78,42749.3,395.08,676.73,1596.7100000000003,582.0,5686.09,False,1.0,,37.78499984741211,,9187.26,False,True,True,-4089.38,mid,mid,mid,high
2026-06-19,18,70258.23,2063.6,8229.07,16854.79,4605.44,20210.96,45441.829999999994,1542.61,830.35,365.34,915.5,951.64,False,1.0,,0.652999997138977,,10292.67,False,True,True,-586.3,low,low,high,high
2026-07-12,12,68272.4,2012.92,8044.8,20195.13,3346.36,26634.48,38291.56,874.62,132.1,642.01,773.36,924.2700000000002,False,,,,,10057.720000000001,False,False,False,-282.2600000000002,low,low,high,high
2026-07-05,17,81354.51,2582.81,7797.56,24341.42,8506.79,25967.14,46880.58,2503.32,357.73999999999995,1008.02,858.17,3779.5400000000004,False,,,,,10380.37,False,False,False,-2771.5200000000004,low,low,high,high
2026-05-11,7,48103.73,1479.34,7392.08,11654.03,7814.78,28.84,40260.11000000001,1327.1150145833333,1099.53887675,65.51452016666667,1384.566099083333,3887.503901083333,True,1.0,,36.32500076293945,,8871.42,False,True,True,-3821.989380916666,low,low,low,high
2026-06-17,16,77609.77,2558.2,7513.4,23510.27,13193.58,29304.19,35112.0,111.85,1908.4899999999998,346.69,229.53,10597.02,False,,,,,10071.599999999999,False,False,False,-10250.33,mid,low,high,low
2026-06-20,3,53818.72,1583.63,7521.51,13321.89,10390.09,1.87,43426.76,710.6599999999999,726.98,2716.87,931.2799999999999,5304.3,False,1.0,1.0,17.569000244140625,34.02565002441406,9105.14,True,True,True,-2587.4300000000003,low,high,low,high
2026-05-20,17,62780.22,1584.43,7032.4,17206.63,8083.99,19588.66,35107.57000000001,470.96999999999997,9.01,1794.33,261.64,5548.04,False,1.0,,6.690999984741211,,8616.83,False,True,True,-3753.71,low,mid,low,high
2026-06-11,15,78005.9,2433.2,7255.63,23293.8,20211.94,24900.9,32893.05999999999,2724.49,2031.77,1027.55,2292.66,12135.47,False,,,,,9688.83,False,False,False,-11107.92,high,low,high,low
2026-06-26,7,57274.98,1659.12,7426.6,15814.93,18220.66,155.62,38898.700000000004,2268.87,1618.0600000000002,1385.0500000000002,2629.83,10318.85,False,1.0,,6.795000076293945,,9085.720000000001,False,True,True,-8933.8,mid,mid,low,mid
2026-06-23,1,63862.02,1946.06,7520.25,18566.15,19395.67,1.25,44465.1,2447.36,1588.4,2928.8,2627.35,9803.76,False,1.0,,1.9550000429153442,,9466.31,False,True,True,-6874.96,mid,high,mid,mid
2026-07-06,22,74362.36,2037.15,7584.42,22780.68,11382.45,1.35,62978.560000000005,1012.6900000000002,622.88,1483.8700000000001,1847.08,6415.929999999999,False,1.0,,6.739999771118164,,9621.57,False,True,True,-4932.0599999999995,mid,mid,mid,mid
2026-06-10,8,58240.03,1747.78,7476.07,16181.14,21468.98,6065.33,30705.72,1009.3500000000001,1859.73,2988.33,1173.96,14437.61,False,,,,,9223.85,False,False,False,-11449.28,high,high,mid,low
2026-05-03,11,46082.99,1097.0,7480.73,11954.6,12304.37,24626.27,9152.349999999995,73.29991541666668,1073.083683,2867.43116675,244.58759516666666,10597.543889500002,True,,,,,8577.73,False,False,False,-7730.112722750002,mid,high,low,mid
2026-05-09,8,47406.18,1285.25,7263.57,11552.09,8727.94,3010.43,35667.81,2587.56062975,449.82553449999995,328.751796,2050.21976925,3301.1640930000003,True,1.0,,39.29600143432617,,8548.82,False,True,True,-2972.4122970000003,low,low,low,high
2026-05-20,11,52294.32,1355.44,7523.68,13828.18,10513.82,13481.71,28298.79,2885.7300000000005,433.25999999999993,885.47,1267.45,5041.91,False,1.0,,5.576000213623047,,8879.12,False,True,True,-4156.44,low,low,low,high
2026-06-23,18,81180.11,2609.59,7384.43,23828.78,21102.7,20461.73,39615.68000000001,3016.7900000000004,593.3399999999999,2829.46,2541.15,12121.96,False,,,,,9994.02,False,False,False,-9292.5,high,high,high,low
2026-05-13,10,53728.51,1470.6,7519.78,14151.19,3894.85,32986.57,16847.090000000004,0.099,243.10912466666667,222.0754779166667,167.10908383333333,3238.546293250001,True,,,,,8990.38,False,False,False,-3016.470815333334,low,low,low,high
2026-05-16,12,60524.5,1713.58,7903.46,16475.46,21081.96,24151.15,15291.39,2940.07,2132.22,943.41,2895.19,12171.07,False,,,,,9617.04,False,False,False,-11227.66,high,low,mid,low
2026-06-27,2,61973.07,1994.85,7726.31,17805.92,25633.53,0.59,36338.950000000004,2434.82,2450.57,1105.25,3085.6299999999997,16557.26,False,1.0,,2.7880001068115234,,9721.16,False,True,True,-15452.009999999998,high,mid,high,low
2026-06-30,4,57767.45,1909.87,7506.57,16271.21,24804.73,1.67,32961.05,1451.39,2236.28,2609.7,2308.86,16198.499999999998,False,,,,,9416.439999999999,False,False,False,-13588.8,high,high,mid,low
2026-05-09,17,69800.7,1962.38,8077.05,20002.28,7334.52,31255.79,31210.389999999992,694.5504468333335,98.27854591666666,1621.7288568333333,17.232474500000002,4720.772469166667,True,,,,,10039.43,False,False,False,-3099.043612333334,low,mid,high,high
2026-05-24,13,60367.82,1682.14,7719.52,17212.26,874.17,31392.51,28101.140000000003,349.67,6.21,155.63,105.85999999999999,256.80000000000007,False,,,,,9401.66,False,False,False,-101.17000000000007,low,low,mid,high
2026-07-08,5,55605.56,1756.92,7663.01,15655.05,17620.75,0.15,37984.659999999996,755.5499999999998,1930.48,3061.96,1261.53,10611.23,False,1.0,1.0,5.474999904632568,23.647689819335938,9419.93,True,True,True,-7549.2699999999995,mid,high,mid,mid
2026-05-23,15,58660.64,1751.0,7953.03,16754.5,3468.78,21691.41,33500.45,575.55,49.47999999999999,322.14,526.08,1995.5300000000004,False,,,,,9704.029999999999,False,False,False,-1673.3900000000003,low,low,high,high
2026-07-08,10,65793.87,2030.54,7531.2,19498.0,13627.35,29073.59,23092.929999999997,771.6,741.8200000000002,2880.16,1430.77,7802.999999999999,False,,,,,9561.74,False,False,False,-4922.839999999999,mid,high,mid,mid
2026-06-10,7,57340.87,1703.96,7459.6,15789.42,22398.39,250.55,34691.93,1055.16,1888.06,3013.06,1265.53,15176.58,False,,,,,9163.560000000001,False,False,False,-12163.52,high,high,mid,low
2026-06-16,4,50944.64,1608.47,7371.52,13326.76,4282.43,0.12,46662.09,99.03,108.39000000000001,1232.91,270.09,2572.01,False,1.0,,38.33599853515625,,8979.99,False,True,True,-1339.1000000000001,low,mid,low,high
2026-06-18,22,76960.13,2400.31,7484.05,22696.42,20561.44,1.04,56397.65,2568.51,1810.75,1631.2,2508.01,12042.97,False,,,,,9884.36,False,False,False,-10411.769999999999,high,mid,high,low
2026-07-11,19,75657.4,2379.41,8265.58,25344.72,10788.81,20481.01,44387.58,3027.0899999999997,838.69,344.34,2561.66,4017.0300000000007,False,,,,,10644.99,False,False,False,-3672.6900000000005,low,low,high,high
2026-05-01,12,50271.58,1337.21,7201.96,12867.95,12536.45,6986.97,30748.160000000003,1624.4938489166668,1551.7868945,1086.0498465833332,1273.96524425,6900.349119583333,True,1.0,,0.4740000069141388,,8539.17,False,True,True,-5814.299273,mid,mid,low,mid
2026-07-06,13,77988.38,2186.08,7979.29,23168.88,1680.71,31003.53,45304.14,608.57,25.04,92.09,568.19,386.82,False,,,,,10165.369999999999,False,False,False,-294.73,low,low,high,high
2026-07-07,7,56894.63,1706.44,7504.13,15657.71,6402.44,198.77,50293.42,544.91,769.12,877.7100000000002,883.13,3327.57,False,1.0,,7.868000030517578,,9210.57,False,True,True,-2449.86,low,low,mid,high
2026-05-18,5,54356.44,1612.77,7583.58,14281.17,28348.03,0.23,26008.180000000004,3574.38,2238.78,3362.47,3290.1799999999994,15882.22,False,,,,,9196.35,False,False,False,-12519.75,high,high,mid,low
2026-05-25,3,46845.66,1404.96,7357.23,11173.23,7285.08,1.31,39559.270000000004,92.12000000000002,478.1700000000001,1943.16,476.58,4295.05,False,1.0,,2.2860000133514404,,8762.189999999999,False,True,True,-2351.8900000000003,low,mid,low,high
2026-05-23,23,54458.04,1643.53,7276.17,15358.08,15009.85,0.2,39447.990000000005,1034.34,836.11,3253.31,873.06,9013.03,False,,,,,8919.7,False,False,False,-5759.720000000001,mid,high,low,mid
2026-05-04,3,42641.54,1353.76,7498.27,10506.49,24745.51,0.2,17895.83,1297.864532166667,2633.5120727500002,3625.577654166667,2271.3073518333335,16310.147017833335,True,,,,,8852.03,False,False,False,-12684.569363666667,high,high,low,low
2026-06-25,8,56997.52,1822.8,7316.39,15907.11,17856.9,5050.46,34090.159999999996,681.49,1815.89,598.73,1319.9800000000002,13440.81,False,,,,,9139.19,False,False,False,-12842.08,high,low,low,low
2026-05-12,15,63847.53,1786.15,7950.36,17062.93,4690.68,33394.3,25762.549999999996,293.25546883333334,55.64672124999999,1065.2724256666668,31.464215833333334,3165.0533306666666,True,,,,,9736.51,False,False,False,-2099.7809049999996,low,low,high,high
2026-05-17,10,56635.44,1664.43,7624.68,15099.47,22809.47,12830.5,20995.47,3603.88,1785.8000000000002,2512.9,3062.73,11844.16,False,,,,,9289.11,False,False,False,-9331.26,high,high,mid,low
2026-05-02,10,45771.37,1064.85,7615.18,11885.12,4442.27,31098.81,10230.290000000005,2414.0310166153845,133.1832863846154,689.3376029230769,1262.2886446153848,281.242141923077,True,1.0,,5.618000030517578,,8680.03,False,True,True,408.09546099999994,low,low,low,high
2026-06-13,14,74721.16,2241.96,7914.29,21652.79,15554.12,25768.14,33398.9,1740.42,1118.43,2239.84,852.55,9602.880000000001,False,,,,,10156.25,False,False,False,-7363.040000000001,mid,mid,high,mid
2026-06-07,20,71194.86,2300.61,7909.55,22008.21,20868.42,7492.13,42834.310000000005,1022.7899999999998,1974.8200000000002,2315.27,2046.8499999999997,13508.69,False,,,,,10210.16,False,False,False,-11193.42,high,high,high,low
2026-06-01,23,68472.74,1886.62,7643.7,20283.69,16941.42,1.09,51530.23000000001,665.53,886.48,3417.91,1961.39,10010.11,False,,,,,9530.32,False,False,False,-6592.200000000001,mid,high,mid,mid
2026-07-02,14,78817.6,2350.97,8073.61,23825.53,11388.99,30015.44,37413.17,1900.97,492.95,2180.86,1223.09,5591.12,False,,,,,10424.58,False,False,False,-3410.2599999999998,low,mid,high,high
2026-07-08,11,70029.29,2151.49,7636.32,20984.33,12661.66,32058.47,25309.15999999999,894.6100000000001,769.56,2384.41,1572.59,7040.49,False,,,,,9787.81,False,False,False,-4656.08,mid,high,high,mid
2026-05-06,2,49136.46,1356.18,6902.01,11541.59,12376.74,0.12,36759.6,2393.944613,650.5836286666666,1592.7360618333332,2415.60140025,5686.838054916666,True,1.0,1.0,160.156005859375,194.14015197753906,8258.19,True,True,True,-4094.1019930833327,mid,mid,low,high
2026-05-09,4,45848.74,1291.45,7336.85,10941.67,7337.28,0.85,38510.61,593.8971640000002,856.7794054999999,2053.717806416667,671.72447725,3066.384948166667,True,1.0,1.0,70.6760025024414,72.89837646484375,8628.300000000001,True,True,True,-1012.6671417500002,low,mid,low,high
2026-06-30,17,82122.4,2497.7,7601.05,25566.78,21273.35,27098.89,33750.159999999996,2813.28,1554.59,1469.2499999999998,2460.76,12975.469999999998,False,,,,,10098.75,False,False,False,-11506.219999999998,high,mid,high,low
2026-05-16,7,48291.58,1479.28,7477.11,12398.48,24362.13,108.93,23820.52,1920.6299999999999,2042.3,3438.56,1843.08,15117.560000000003,False,,,,,8956.39,False,False,False,-11679.000000000004,high,high,low,low
2026-07-11,20,73920.44,2330.34,8012.06,24481.89,12423.94,10144.67,51351.83,2814.0,938.1000000000001,363.02,2830.09,5478.73,False,,,,,10342.400000000001,False,False,False,-5115.709999999999,low,low,high,mid
2026-05-22,11,57022.66,1470.14,7447.92,15242.85,5138.73,28322.74,23561.190000000006,840.47,136.28,157.59,1123.04,2881.35,False,,,,,8918.06,False,False,False,-2723.7599999999998,low,low,low,high
2026-05-28,8,49104.86,1519.81,7303.01,13020.9,4770.39,7250.63,37083.840000000004,16.28,390.61000000000007,217.12,328.2,3818.1800000000003,False,,,,,8822.82,False,False,False,-3601.0600000000004,low,low,low,high
2026-07-07,23,69642.7,2100.11,7785.39,21185.83,15830.39,0.05,53812.259999999995,1733.4899999999998,1196.91,2569.31,2261.33,8069.35,False,1.0,,1.840000033378601,,9885.5,False,True,True,-5500.040000000001,mid,high,high,mid
2026-05-26,8,50754.46,1454.18,7101.21,12967.11,8240.79,5634.42,36879.25,201.92,498.07000000000005,252.76,1280.52,6007.52,False,,,,,8555.39,False,False,False,-5754.76,mid,low,low,mid
2026-07-03,21,77444.55,2409.83,7924.92,23643.06,16371.82,1170.61,59902.12,2419.76,885.44,2536.82,2777.5,7752.300000000001,False,1.0,,23.371000289916992,,10334.75,False,True,True,-5215.480000000001,mid,high,high,mid
2026-05-30,21,68435.82,1919.79,7806.73,19900.78,18496.08,924.95,49014.79000000001,1085.46,1938.02,2697.54,2112.33,10662.73,False,,,,,9726.52,False,False,False,-7965.19,mid,high,high,mid
2026-07-07,8,57896.97,1749.91,7463.72,16043.16,5780.79,7139.48,44976.7,483.3099999999999,603.0700000000002,731.5,1004.1100000000001,2958.8,False,1.0,,5.565000057220459,,9213.630000000001,False,True,True,-2227.3,low,low,mid,high
2026-06-03,1,53652.38,1688.52,6916.17,14201.44,12327.88,0.08,41324.42,305.2300000000001,546.03,2161.56,1227.92,8087.140000000001,False,1.0,,14.736000061035156,,8604.69,False,True,True,-5925.580000000002,mid,mid,low,mid
2026-06-26,20,79731.68,2488.49,7821.31,24262.46,23699.98,10670.7,45361.0,3419.98,1967.9699999999998,618.2199999999999,3070.7799999999997,14623.03,False,,,,,10309.8,False,False,False,-14004.810000000001,high,low,high,low
2026-06-17,14,73987.6,2379.79,8131.6,21893.59,12883.52,29723.89,31380.190000000002,140.64,1797.5,336.34,432.96000000000004,10176.08,False,,,,,10511.39,False,False,False,-9839.74,mid,low,high,low
2026-06-14,17,72930.11,2212.28,7958.78,19659.7,11270.99,20448.15,41210.97,2024.6899999999998,605.3799999999999,251.16,853.3500000000001,7536.409999999999,False,,,,,10171.06,False,False,False,-7285.249999999999,mid,low,high,mid
2026-05-29,5,48813.27,1503.37,7288.43,12417.97,13303.41,1.17,35508.69,245.62999999999997,1455.19,1179.96,977.59,9445.04,False,,,,,8791.8,False,False,False,-8265.080000000002,mid,mid,low,mid
2026-05-11,24,50944.54,1487.04,7314.23,12733.05,11752.97,0.22,39191.35,457.10000400000007,497.87843675000005,3464.5943435833333,946.2916888333334,6441.385237,True,1.0,,40.277000427246094,,8801.27,False,True,True,-2976.790893416667,mid,high,low,high
2026-06-01,10,61725.4,1784.51,7342.71,17894.99,10178.02,28034.13,23513.250000000004,291.77000000000004,737.09,740.52,492.05,7916.59,False,,,,,9127.22,False,False,False,-7176.07,mid,low,low,mid
2026-06-04,12,62578.55,1832.93,7728.67,18037.19,3896.87,25325.8,33355.880000000005,53.2,106.91,1358.9699999999998,60.63,2317.16,False,,,,,9561.6,False,False,False,-958.19,low,mid,mid,high
2026-07-02,21,76752.48,2379.15,7746.36,23678.3,20095.48,739.76,55917.24,2163.96,1130.71,2720.36,2587.45,11493.0,False,1.0,,12.531999588012695,,10125.51,False,True,True,-8772.64,high,high,high,mid
2026-06-11,20,77057.4,2320.1,7198.2,23096.92,19819.29,8511.65,48726.45999999999,2799.07,1261.26,2957.9500000000003,2969.2500000000005,9831.76,False,,,,,9518.3,False,False,False,-6873.8099999999995,mid,high,mid,mid
2026-07-09,23,72804.76,2242.83,7860.88,22753.97,22020.0,0.46,50784.299999999996,586.4999999999999,2378.1699999999996,2836.45,690.9200000000001,15527.96,False,,,,,10103.71,False,False,False,-12691.509999999998,high,high,high,low
2026-05-29,9,55164.03,1638.23,7675.17,15010.11,5192.27,15357.09,34614.67,37.23,621.36,307.88,960.53,3265.27,False,,,,,9313.4,False,False,False,-2957.39,low,low,mid,high
2026-05-07,1,47484.79,1353.02,7354.94,10765.67,10819.22,0.08,36665.49,510.2833471666668,1350.5798603333333,1742.8003337500002,698.7613705833335,6377.910624833333,True,1.0,,68.31400299072266,,8707.96,False,True,True,-4635.110291083332,mid,mid,low,mid
2026-05-01,15,49941.11,1179.94,7107.7,12996.2,14765.65,10543.65,24631.809999999998,1986.7360880833337,1303.0287394166664,614.1165318333333,2466.352652833333,7965.829183583334,True,,,,,8287.64,False,False,False,-7351.712651750001,mid,low,low,mid
2026-05-04,22,59389.33,1762.39,7916.32,16495.73,25315.34,0.11,34073.880000000005,2249.8802358333337,2704.1464937500004,3321.6457530833336,2254.921635166667,14679.432944833336,True,,,,,9678.71,False,False,False,-11357.787191750002,high,high,mid,low
2026-05-16,16,68962.45,1957.72,8099.34,19249.9,20778.79,25609.16,22574.499999999996,3483.4199999999996,2170.63,890.5899999999999,2682.7899999999995,11551.36,False,,,,,10057.06,False,False,False,-10660.77,high,low,high,low
2026-06-22,17,82074.91,2525.77,7193.89,25276.2,12795.84,28578.34,40700.73000000001,3337.75,1047.63,798.0300000000001,2434.93,5177.5,False,,,,,9719.66,False,False,False,-4379.47,low,low,high,mid
2026-06-22,24,67271.7,1840.29,7593.52,19988.87,20457.37,1.83,46812.5,2375.4499999999994,1543.79,3030.24,2710.76,10797.129999999997,False,,,,,9433.810000000001,False,False,False,-7766.889999999998,mid,high,mid,mid
2026-05-19,1,60120.07,1768.87,7748.68,16709.05,28045.87,0.21,32073.99,3307.68,2287.76,3310.58,3065.93,16073.92,False,1.0,,1.6319999694824219,,9517.55,False,True,True,-12763.34,high,high,mid,low
2026-05-30,5,50503.77,1618.16,7502.95,13590.47,23063.44,0.53,27439.8,1073.9,2009.47,3417.54,1683.97,14878.56,False,,,,,9121.11,False,False,False,-11461.02,high,high,low,low
2026-07-01,15,80753.31,2408.22,7224.9,24566.93,16519.28,29112.93,35121.1,2707.19,1065.21,2611.57,1869.71,8265.6,False,,,,,9633.119999999999,False,False,False,-5654.030000000001,mid,high,mid,mid
2026-05-12,6,44887.02,1347.22,7278.98,10940.09,14556.94,0.13,30329.949999999993,634.2491532500001,486.00260675,3464.7482714166667,594.4784624166666,9103.186705,True,1.0,,56.215999603271484,,8626.199999999999,False,True,True,-5638.438433583333,mid,high,low,mid
2026-05-27,17,60807.85,1975.22,8010.7,18366.93,1003.38,23219.77,36584.7,43.81,47.79,627.99,184.38000000000002,99.41,False,,,,,9985.92,False,False,False,528.58,low,low,high,high
2026-05-24,7,43795.27,1335.5,7257.08,10960.23,5427.24,170.3,38197.729999999996,104.53999999999999,914.35,514.22,286.37,3607.7600000000007,False,1.0,,22.232999801635742,,8592.58,False,True,True,-3093.540000000001,low,low,low,high
2026-05-30,4,51500.05,1634.92,7551.86,13910.16,24159.03,0.51,27340.510000000006,1387.2,2060.21,3518.55,1990.75,15202.32,False,,,,,9186.779999999999,False,False,False,-11683.77,high,high,mid,low
2026-06-01,22,72411.83,1996.95,7634.66,21906.9,15791.43,1.27,56619.130000000005,676.0200000000001,821.44,3047.61,1785.6399999999999,9460.720000000001,False,1.0,,0.6370000243186951,,9631.61,False,True,True,-6413.110000000001,mid,high,mid,mid
2026-06-30,16,81955.98,2476.39,7654.13,25300.9,20764.93,27683.73,33507.31999999999,2731.0999999999995,1523.86,1355.76,2419.73,12734.480000000001,False,,,,,10130.52,False,False,False,-11378.720000000001,high,mid,high,low
2026-07-09,9,62368.36,1933.65,7550.28,18583.72,15596.55,24532.82,22238.989999999998,15.89,1389.33,2437.7600000000007,1131.69,10621.88,False,,,,,9483.93,False,False,False,-8184.119999999999,mid,high,mid,mid
2026-06-07,19,72509.5,2350.96,7988.34,22476.87,20065.68,13316.83,39126.99,1171.4300000000003,2052.97,1624.16,1810.08,13407.040000000003,False,,,,,10339.3,False,False,False,-11782.880000000003,high,mid,high,low
2026-06-22,2,60393.86,1960.42,7559.58,17038.33,27449.11,2.91,32941.84,3113.4,2405.67,2974.8899999999994,3016.67,15938.48,False,,,,,9520.0,False,False,False,-12963.59,high,high,mid,low
2026-06-06,19,69391.24,1905.71,7542.89,19517.0,6480.51,17029.23,45881.5,2175.57,433.68,334.3999999999999,1393.98,2142.8799999999997,False,,,,,9448.6,False,False,False,-1808.4799999999998,low,low,mid,high
2026-07-04,22,72828.2,2219.99,7606.49,21869.3,12969.48,0.92,59857.8,1862.59,1302.9200000000003,1166.39,2731.03,5906.55,False,1.0,,11.805000305175781,,9826.48,False,True,True,-4740.16,mid,mid,high,mid
2026-05-28,24,58222.22,1723.84,7511.27,15668.96,17063.0,1.34,41157.880000000005,988.6900000000002,1187.51,1691.66,2432.08,10763.06,False,,,,,9235.11,False,False,False,-9071.4,mid,mid,mid,mid
2026-06-21,12,62283.95,2092.13,7864.08,18593.95,19995.97,21735.95,20552.029999999995,1831.97,1953.8199999999997,836.7900000000001,2202.4,13170.99,False,,,,,9956.21,False,False,False,-12334.199999999999,high,low,high,low
2026-07-01,17,81356.67,2461.45,6710.64,25413.25,16440.19,26710.49,38205.98999999999,2795.2200000000003,1061.58,2557.93,2229.59,7795.87,False,,,,,9172.09,False,False,False,-5237.9400000000005,mid,high,mid,mid
2026-06-18,10,65355.12,2062.01,7658.59,18215.57,15642.2,24506.23,25206.69,2241.08,1608.5299999999997,2936.11,1409.38,7447.1,False,,,,,9720.6,False,False,False,-4510.99,mid,high,high,mid
2026-06-16,6,51993.49,1692.34,7321.61,13641.42,2303.15,0.15,49690.189999999995,70.1,28.07,1180.05,258.77,766.16,False,1.0,1.0,36.12799835205078,39.09609603881836,9013.949999999999,True,True,True,413.89,low,mid,low,high
2026-06-16,21,69955.89,2228.96,7871.51,21279.72,11143.53,1523.41,57288.95,645.4300000000001,569.94,2607.2300000000005,588.86,6732.07,False,1.0,1.0,48.43000030517578,155.88882446289062,10100.470000000001,True,True,True,-4124.839999999999,mid,high,high,high
2026-05-02,18,52402.19,1215.12,7883.17,14188.18,3135.41,29054.33,20212.449999999997,1981.2732905,34.008603083333334,94.50355308333333,656.8625885833334,406.53512249999994,True,1.0,,10.581000328063965,,9098.29,False,True,True,-312.0315694166666,low,low,low,high
2026-05-17,2,54536.38,1599.31,7579.32,14079.22,28181.44,0.13,26354.809999999998,3531.81,2374.44,3003.43,3164.03,16107.73,False,,,,,9178.63,False,False,False,-13104.3,high,high,mid,low
2026-05-31,13,68219.35,1962.66,7917.77,19891.37,6757.46,32221.8,29240.090000000007,509.38,728.59,42.17,1173.08,4304.24,False,,,,,9880.43,False,False,False,-4262.07,low,low,high,high
2026-06-30,5,57166.94,1877.33,7507.18,16067.81,24583.07,1.73,32582.140000000003,1288.21,2057.99,3123.83,2233.16,15879.879999999997,False,,,,,9384.51,False,False,False,-12756.049999999997,high,high,mid,low
2026-06-05,9,55259.6,1651.69,7032.17,15374.54,7258.95,6849.86,41150.79,26.7,608.16,1207.53,248.15999999999997,5168.4,False,1.0,1.0,21.507999420166016,23.46075439453125,8683.86,True,True,True,-3960.87,low,mid,low,high
2026-05-11,1,49149.71,1310.49,7307.58,11027.3,12222.84,0.08,36926.78999999999,443.5999436666667,1126.3259719166667,236.61485666666667,1422.4991354166666,8876.28597525,True,1.0,,10.687000274658203,,8618.07,False,True,True,-8639.671118583334,mid,low,low,mid
2026-06-15,21,65144.47,2043.83,7503.3,19317.17,4320.41,823.42,60000.64,1148.52,138.17,920.4,611.4,1501.9200000000003,False,1.0,,32.569000244140625,,9547.130000000001,False,True,True,-581.5200000000003,low,low,mid,high
2026-05-27,2,49045.02,1396.31,6427.57,12432.45,5706.63,1.08,43337.31,1809.0099999999998,486.49999999999994,261.05,1611.5099999999998,1538.56,False,,,,,7823.879999999999,False,False,False,-1277.51,low,low,low,high
2026-05-25,13,63799.68,1715.19,7763.53,17656.31,2995.48,29194.37,31609.829999999998,104.29,76.75,364.58,42.62,2407.24,False,,,,,9478.72,False,False,False,-2042.6599999999999,low,low,mid,high
2026-06-07,6,50372.93,1530.55,7327.12,11953.12,16065.46,0.16,34307.31,2238.95,1937.99,210.89,1867.2599999999998,9810.37,False,,,,,8857.67,False,False,False,-9599.480000000001,mid,low,low,low
2026-05-27,3,47663.02,1406.43,6770.46,11888.55,5802.7,1.4,41858.92,1715.5,416.74000000000007,148.38,1975.49,1546.59,False,,,,,8176.89,False,False,False,-1398.21,low,low,low,high
2026-06-13,9,57404.16,1834.39,7430.35,15892.83,11473.15,18780.47,27150.54,324.58,1085.55,1895.6499999999999,376.09,7791.279999999998,False,,,,,9264.74,False,False,False,-5895.629999999998,mid,mid,mid,mid
2026-06-06,15,68320.05,1908.08,7659.75,20038.98,6301.34,26160.07,35858.64000000001,1621.04,388.16,555.52,1000.38,2736.2400000000002,False,,,,,9567.83,False,False,False,-2180.7200000000003,low,low,mid,high
2026-06-12,12,71855.04,2002.36,7774.44,21040.62,7130.26,24009.65,40715.12999999999,1803.5699999999997,559.33,766.12,1299.82,2701.42,False,,,,,9776.8,False,False,False,-1935.3000000000002,low,low,high,high
2026-05-10,2,51192.62,1544.51,7526.96,13324.37,22680.24,0.66,28511.72,739.6141245833334,2464.821077333333,1962.50532325,1542.4508294166667,16017.771484583336,True,,,,,9071.47,False,False,False,-14055.266161333337,high,mid,low,low
2026-05-02,9,44934.95,1127.76,7571.83,11596.93,5785.07,23723.54,15426.339999999997,2576.401077,308.0906565384616,974.0567390000001,1578.1066296153847,575.9053483076924,True,1.0,1.0,2.3499999046325684,0.2952091693878174,8699.59,True,True,True,398.1513906923077,low,low,low,high
2026-07-02,5,56259.3,1794.38,7424.54,15621.53,16598.46,0.11,39660.73,601.3899999999999,1381.89,1973.6299999999999,1629.1500000000003,11012.4,False,1.0,,7.084000110626221,,9218.92,False,True,True,-9038.77,mid,mid,mid,mid
2026-06-04,1,54481.08,1643.69,7180.06,15769.8,13219.41,0.06,41261.61,359.81,1108.66,2337.35,567.43,8846.16,False,1.0,,20.731000900268555,,8823.75,False,True,True,-6508.8099999999995,mid,high,low,mid
2026-06-16,14,68027.96,2050.99,8308.93,20455.92,2642.13,27256.98,38128.850000000006,742.39,34.28,530.5200000000001,1169.33,165.61,False,,,,,10359.92,False,False,False,364.9100000000001,low,low,high,high
2026-05-20,24,53981.54,1456.89,7213.75,13977.52,7373.36,0.09,46608.090000000004,673.52,516.94,1116.9000000000003,1256.69,3809.31,False,1.0,,14.489999771118164,,8670.64,False,True,True,-2692.41,low,mid,low,high
2026-05-19,11,61032.79,1764.49,7568.26,17505.74,18834.84,17459.55,24738.399999999998,2892.78,742.56,1479.89,2514.95,11204.660000000002,False,,,,,9332.75,False,False,False,-9724.770000000002,high,mid,mid,low
2026-05-08,23,54188.55,1553.96,7265.28,14109.02,12617.3,0.73,41570.52,814.5176854166667,1147.3658465833332,1591.8723153333333,957.4607539166667,8009.6030175000005,True,1.0,1.0,51.018001556396484,69.26300048828125,8819.24,True,True,True,-6417.7307021666675,mid,mid,low,mid
2026-06-06,11,58192.08,1738.41,7099.75,15394.6,4085.99,18867.87,35238.22,735.4600000000002,181.69999999999996,815.17,780.4600000000002,1573.2,False,,,,,8838.16,False,False,False,-758.0300000000001,low,low,low,high
2026-07-10,18,82349.22,2550.3,7921.3,27003.86,19829.25,26931.8,35588.17,3234.57,1719.9,1877.44,2796.23,10201.11,False,,,,,10471.6,False,False,False,-8323.67,mid,mid,high,mid
2026-06-05,3,51922.84,1642.04,6948.87,14036.34,13895.9,0.07,38026.869999999995,233.91000000000005,1385.4600000000003,1744.27,890.96,9641.3,False,1.0,1.0,29.22100067138672,7.3330793380737305,8590.91,True,True,True,-7897.029999999999,mid,mid,low,mid
2026-05-23,10,51159.64,1445.48,7300.08,13160.94,4796.97,20568.36,25794.309999999998,543.79,57.22,214.61,927.98,3053.37,False,,,,,8745.56,False,False,False,-2838.7599999999998,low,low,low,high
2026-07-04,10,63632.98,2081.32,7709.68,18659.98,13446.2,30894.01,19292.77,1015.44,683.77,1600.5499999999997,1525.76,8620.68,False,,,,,9791.0,False,False,False,-7020.130000000001,mid,mid,high,mid
2026-06-08,24,63387.23,1924.23,7713.23,18669.9,24900.14,0.95,38486.14000000001,1721.13,2182.04,3481.2200000000007,2391.39,15124.36,False,,,,,9637.46,False,False,False,-11643.14,high,high,mid,low
2026-06-13,15,76679.22,2327.26,8030.38,22453.31,14852.53,28010.98,33815.71000000001,2038.86,991.2599999999999,2282.46,941.83,8598.12,False,,,,,10357.64,False,False,False,-6315.660000000001,mid,high,high,mid
2026-06-02,20,69568.36,2179.18,7564.45,19039.33,14005.02,4329.1,51234.24,733.0599999999998,1596.55,1282.66,1362.12,9030.63,False,1.0,1.0,2.9670000076293945,184.06088256835938,9743.63,True,True,True,-7747.969999999999,mid,mid,high,mid
2026-07-05,14,77983.14,2370.99,8256.24,23169.49,3472.21,31272.49,43238.43999999999,1032.9,186.15,208.74999999999994,740.72,1303.69,False,,,,,10627.23,False,False,False,-1094.94,low,low,high,high
2026-05-28,6,46214.14,1451.05,7288.05,11984.47,7094.34,1.23,39118.57,96.4,490.72,153.44,684.1,5669.679999999999,False,,,,,8739.1,False,False,False,-5516.24,mid,low,low,mid
2026-05-14,23,61128.54,1778.43,7395.64,17497.08,22762.04,0.14,38366.36,2043.8448025833336,2470.4966510833333,3298.0180801666666,3167.4296922500002,11428.681342249998,True,,,,,9174.07,False,False,False,-8130.663262083332,high,high,mid,mid
2026-05-02,1,43379.42,1396.29,6754.81,10920.79,7009.79,0.44,36369.189999999995,3791.0984054166674,232.82528366666668,392.66422158333336,2316.01168925,1007.7218955,True,1.0,,85.30500030517578,,8151.1,False,True,True,-615.0576739166665,low,low,low,high
2026-06-29,6,60259.99,1923.15,7645.51,17053.42,28599.79,1.68,31658.519999999997,2778.49,2440.99,3328.03,3184.6999999999994,16867.58,False,,,,,9568.66,False,False,False,-13539.550000000001,high,high,mid,low
2026-06-24,15,80535.77,2408.68,7980.69,24275.13,11847.57,32506.84,36181.360000000015,2632.2,618.59,688.3,2358.93,5549.55,False,,,,,10389.369999999999,False,False,False,-4861.25,low,low,high,mid
2026-05-07,13,50705.45,1295.47,7343.95,12920.7,5412.0,23435.79,21857.659999999996,1830.4936461666666,334.0600206666667,762.0699345,1048.2221433333334,1350.7438293333332,True,1.0,,1.3700000047683716,,8639.42,False,True,True,-588.6738948333332,low,low,low,high
2026-07-06,1,60413.5,1510.18,6904.51,16687.85,10948.98,0.28,49464.240000000005,1190.32,878.01,1137.58,1786.41,5956.66,False,1.0,,12.892999649047852,,8414.69,False,True,True,-4819.08,mid,mid,low,mid
2026-05-03,20,56200.64,1491.96,7764.8,15471.89,19755.34,5058.3,31387.000000000004,1480.8881790833336,1167.48971725,3185.6548458333336,1802.8260032499998,11850.677901250001,True,1.0,,3.190000057220459,,9256.76,False,True,True,-8665.023055416666,high,high,mid,mid
2026-05-09,24,56753.46,1692.22,7646.45,15144.21,23457.28,0.37,33295.81,889.5192326666669,2468.46705225,1425.1950570833333,1746.3031550833332,16681.95965725,True,,,,,9338.67,False,False,False,-15256.764600166669,high,mid,mid,low
2026-06-09,15,77458.72,2195.97,7720.46,23196.63,18202.38,26152.73,33103.61,1498.4099999999999,1004.51,1937.7000000000005,1498.06,12263.7,False,,,,,9916.43,False,False,False,-10326.0,high,mid,high,low
2026-05-10,23,55801.47,1491.42,7283.66,12803.97,16364.9,0.11,39436.46,608.0318115833335,1656.48668875,305.13793425,1696.6394944166666,11848.256253000001,True,1.0,,8.947999954223633,,8775.08,False,True,True,-11543.118318750001,high,low,low,low
2026-06-23,15,80114.86,2430.75,7808.27,23749.52,18928.15,26699.35,34487.36,2805.67,1240.7099999999998,2369.52,2207.01,10305.24,False,,,,,10239.02,False,False,False,-7935.719999999999,mid,high,high,mid
2026-06-29,12,74627.03,2224.08,7848.58,21893.05,23235.16,27739.22,23652.649999999994,2999.75,2216.55,1156.26,2838.54,14024.059999999998,False,,,,,10072.66,False,False,False,-12867.799999999997,high,mid,high,low
2026-06-30,2,61500.56,2004.29,7587.69,17685.89,24747.86,1.27,36751.43,1299.35,2363.37,2476.09,2426.56,16182.49,False,,,,,9591.98,False,False,False,-13706.4,high,high,mid,low
2026-07-10,15,80414.61,2465.09,8118.98,25628.7,17115.27,29556.15,33743.189999999995,2417.8699999999994,1528.29,1192.55,1336.56,10639.999999999998,False,,,,,10584.07,False,False,False,-9447.449999999999,mid,mid,high,low
2026-06-15,5,52814.68,1631.76,7150.15,13138.61,4265.63,0.6,48548.450000000004,968.7,262.25,259.11,895.1899999999999,1880.38,False,1.0,,6.668000221252441,,8781.91,False,True,True,-1621.27,low,low,low,high
2026-06-17,22,72611.63,2345.62,7615.62,21320.34,20524.43,0.29,52086.91,1277.85,1876.75,755.2499999999999,1679.36,14935.219999999998,False,,,,,9961.24,False,False,False,-14179.969999999998,high,low,high,low
2026-06-29,16,81969.1,2549.79,7135.54,25541.09,22282.32,26843.26,32843.520000000004,3139.02,2386.64,1348.46,2961.13,12447.070000000002,False,,,,,9685.33,False,False,False,-11098.61,high,mid,high,low
2026-07-08,12,74434.11,2266.38,7768.7,22708.7,11090.44,33307.0,30036.67,902.16,638.43,2204.26,1347.41,5998.18,False,,,,,10035.08,False,False,False,-3793.92,mid,mid,high,high
2026-05-21,18,60065.13,1799.13,7355.59,15875.85,7995.01,14977.57,37092.549999999996,248.07000000000005,316.05000000000007,2093.42,873.01,4464.46,False,,,,,9154.720000000001,False,False,False,-2371.04,low,mid,low,high
2026-06-19,20,67295.24,2073.7,8080.19,17273.27,5071.3,8514.45,53709.490000000005,1954.8699999999997,488.17999999999995,220.96,788.65,1618.6399999999999,False,1.0,1.0,6.2179999351501465,16.192081451416016,10153.89,True,True,True,-1397.6799999999998,low,low,high,high
2026-05-03,18,57573.99,1401.26,7835.94,16022.71,15913.28,25404.06,16256.649999999998,1495.0500992500006,1385.9309105,3053.778784916667,963.81446,10338.252475833333,True,,,,,9237.199999999999,False,False,False,-7284.473690916666,mid,high,mid,mid
2026-06-06,18,71493.16,1978.14,7694.16,21037.06,6853.44,23732.32,40907.4,2132.28,503.1499999999999,338.61,1430.69,2448.7100000000005,False,,,,,9672.3,False,False,False,-2110.1000000000004,low,low,mid,high
2026-07-07,12,73631.4,2054.85,7827.01,22005.14,4373.78,31159.01,38098.61,1133.95,95.41,379.2,1248.53,1516.69,False,,,,,9881.86,False,False,False,-1137.49,low,low,high,high
2026-05-18,3,54453.39,1616.11,7599.41,14351.08,28322.15,0.19,26131.05,3149.21,2220.48,3320.5499999999997,3374.5200000000004,16257.39,False,,,,,9215.52,False,False,False,-12936.84,high,high,mid,low
2026-05-02,24,45969.73,1391.11,7335.41,11740.8,11739.85,0.16,34229.72,101.10824725000002,870.3897480833334,1883.10717325,585.19012375,8054.533799083333,True,1.0,1.0,127.40799713134766,129.9677276611328,8726.52,True,True,True,-6171.426625833334,mid,mid,low,mid
2026-05-20,15,58154.91,1445.32,6916.96,15449.63,3688.48,21735.17,32731.260000000002,464.56,65.27,678.41,309.77,2170.47,False,1.0,,2.9100000858306885,,8362.28,False,True,True,-1492.06,low,low,low,high
2026-06-11,13,74881.33,2170.36,7868.03,21784.49,21080.72,23317.23,30483.38,2227.52,2069.64,1042.38,1794.82,13946.36,False,,,,,10038.39,False,False,False,-12903.98,high,low,high,low
2026-06-13,24,64608.71,1988.16,7691.48,18320.41,19437.45,0.1,45171.159999999996,1332.83,2097.35,1295.81,1585.8599999999997,13125.600000000002,False,,,,,9679.64,False,False,False,-11829.790000000003,high,mid,mid,low
2026-05-26,12,60919.57,1629.91,6851.3,16701.81,12304.53,21542.61,27072.43,2502.78,679.26,1192.08,1569.0499999999997,6361.360000000001,False,,,,,8481.210000000001,False,False,False,-5169.280000000001,mid,mid,low,mid
2026-06-07,21,69718.39,2203.45,7847.21,21200.35,22615.94,934.49,46167.96,992.7300000000001,2086.98,2768.23,2256.33,14511.670000000002,False,,,,,10050.66,False,False,False,-11743.440000000002,high,high,high,low
2026-07-03,15,80643.45,2475.39,7794.06,24876.89,8790.05,31384.69,40468.70999999999,1889.73,314.02,2018.53,1408.89,3158.88,False,,,,,10269.45,False,False,False,-1140.3500000000001,low,mid,high,high
2026-05-23,19,60303.72,1899.44,7468.67,17942.68,5879.16,14287.56,40137.0,271.41,173.17,1313.57,387.57000000000005,3733.44,False,,,,,9368.11,False,False,False,-2419.87,low,mid,mid,high
2026-06-11,7,58366.86,1869.31,7556.68,16333.67,23861.19,244.63,34261.04,953.8400000000001,2105.16,3422.52,1385.9399999999998,15993.73,False,,,,,9425.99,False,False,False,-12571.21,high,high,mid,low
2026-05-23,22,56888.97,1752.31,7363.07,16278.08,14833.29,0.12,42055.56,915.72,816.18,2607.59,698.2499999999999,9795.549999999997,False,,,,,9115.38,False,False,False,-7187.959999999997,mid,high,low,mid
2026-07-05,10,61235.39,1982.02,7683.44,16930.59,8924.62,26860.2,25450.569999999996,1145.48,577.7,186.84,1380.1,5634.5,False,,,,,9665.46,False,False,False,-5447.66,mid,low,mid,mid
2026-06-04,16,71002.49,2130.02,7903.23,20457.97,5448.56,23042.74,42511.19,1051.0300000000002,305.14,1232.85,426.26,2433.28,False,1.0,,0.8270000219345093,,10033.25,False,True,True,-1200.4300000000003,low,mid,high,high
2026-06-06,5,48767.15,1536.0,6688.95,12925.35,5177.96,0.25,43588.94,284.56,824.74,673.51,1064.19,2330.96,False,1.0,,18.83799934387207,,8224.95,False,True,True,-1657.45,low,low,low,high
2026-05-06,22,56182.84,1520.39,7523.59,13200.53,12255.51,0.08,43927.24999999999,581.8744846666668,947.8920435000001,2363.751682,1226.6088110833334,6848.019296666666,True,1.0,,193.63999938964844,,9043.98,False,True,True,-4484.267614666666,mid,high,low,mid
2026-06-30,15,81495.29,2455.62,8109.17,24713.72,20879.72,28811.14,31804.429999999993,2533.05,1457.45,1355.31,2309.86,13224.049999999997,False,,,,,10564.79,False,False,False,-11868.739999999998,high,mid,high,low
2026-05-08,7,46441.83,1369.62,6779.83,11622.26,8397.4,38.44,38005.99,652.8750771666668,1026.0055940833333,2554.9335497499997,282.01661824999996,4319.341285583333,True,1.0,1.0,63.06399917602539,296.6727294921875,8149.45,True,True,True,-1764.4077358333334,low,high,low,high
2026-05-22,18,72160.06,1952.56,7916.55,20597.54,10633.61,23699.89,37826.56,2363.08,282.75999999999993,1179.65,980.32,5827.8,False,,,,,9869.11,False,False,False,-4648.15,mid,mid,high,mid
2026-06-14,16,72536.03,2238.66,8065.64,19603.19,11453.51,22645.05,38437.47,2266.02,485.81,412.5,952.9,7336.279999999998,False,,,,,10304.3,False,False,False,-6923.779999999998,mid,low,high,mid
2026-07-10,11,69006.18,2146.75,7711.52,20876.32,16372.8,28338.11,24295.26999999999,707.84,1577.69,1311.1,985.9699999999999,11790.2,False,,,,,9858.27,False,False,False,-10479.1,high,mid,high,low
2026-06-17,21,74420.83,2432.07,7537.53,22112.67,18412.46,1226.45,54781.920000000006,1033.88,1708.65,444.65000000000003,875.52,14349.76,False,1.0,,2.552999973297119,,9969.6,False,True,True,-13905.11,high,low,high,low
2026-06-29,8,61403.15,1843.96,7681.59,17558.84,27338.16,6007.44,28057.550000000007,2639.59,2363.2499999999995,3078.14,3144.8,16112.379999999997,False,,,,,9525.55,False,False,False,-13034.239999999998,high,high,mid,low
2026-06-23,11,68758.18,2041.66,7645.76,19756.93,12455.6,26432.92,29869.659999999996,1889.94,960.77,799.08,1729.6,7076.21,False,,,,,9687.42,False,False,False,-6277.13,mid,low,high,mid
2026-05-03,17,56648.77,1273.39,7834.4,15682.88,14819.69,27658.61,14170.469999999994,1337.4692775,1250.0786775833333,2868.7841643333336,756.3009916666667,9902.960216416666,True,,,,,9107.789999999999,False,False,False,-7034.176052083332,mid,high,low,mid
2026-05-01,1,46439.19,1344.28,7131.5,10766.32,8311.33,0.08,38127.78,1640.4874720833336,716.7154321666667,1192.0379893333334,1568.901633,3125.2678251666666,True,1.0,2.0,13.906000137329102,150.3404998779297,8475.78,True,True,True,-1933.2298358333333,low,mid,low,high
2026-06-21,2,54834.27,1853.17,7661.87,15597.82,22510.83,2.77,32320.669999999995,706.79,1812.1999999999998,3629.61,1260.46,15101.77,False,,,,,9515.04,False,False,False,-11472.16,high,high,mid,low
2026-05-06,7,50703.74,1508.56,7057.28,11993.48,11412.96,6.02,39284.76,617.8439376666668,1288.33523125,1140.7114535833332,293.15132200000005,8078.657883166666,True,1.0,1.0,112.57599639892578,133.3526611328125,8565.84,True,True,True,-6937.946429583332,mid,mid,low,mid
2026-05-31,22,68829.0,1951.34,7302.75,20601.76,17025.87,0.59,51802.54000000001,1072.93,1651.43,2056.89,1995.02,10249.6,False,1.0,,3.3369998931884766,,9254.09,False,True,True,-8192.710000000001,mid,mid,mid,mid
2026-06-12,16,76114.89,2394.5,7669.6,20648.89,13243.85,25859.95,37011.09,2095.15,796.8299999999999,1748.94,1378.85,7224.08,False,,,,,10064.1,False,False,False,-5475.139999999999,mid,mid,high,mid
2026-07-11,18,76485.8,2389.1,8342.12,25774.5,9466.13,23808.26,43211.41,2970.88,833.5,194.60999999999999,2359.03,3108.11,False,,,,,10731.220000000001,False,False,False,-2913.5,low,low,high,high
2026-05-12,5,43671.91,1333.29,7276.39,10394.77,15212.74,0.19,28458.980000000007,512.8167899166667,544.9346075833333,3453.543464916667,623.8350669166666,9803.730599333334,True,1.0,,50.624000549316406,,8609.68,False,True,True,-6350.187134416667,mid,high,low,mid
2026-05-18,9,59791.18,1813.25,7538.21,16692.36,25016.8,9090.97,25683.410000000003,3726.41,2300.75,2634.74,2461.37,13893.53,False,,,,,9351.46,False,False,False,-11258.79,high,high,mid,low
2026-06-17,17,78217.62,2610.36,7182.59,24056.38,13456.34,28586.84,36174.44,220.39,1849.9600000000003,319.83,222.38,10843.78,False,,,,,9792.95,False,False,False,-10523.95,mid,low,high,low
2026-06-06,4,49243.03,1558.99,6695.79,13178.28,5438.8,0.14,43804.09,373.59,701.5,909.4099999999997,1032.83,2421.47,False,1.0,,17.832000732421875,,8254.78,False,True,True,-1512.06,low,low,low,high
2026-07-06,24,66067.46,1774.81,7506.03,19502.56,10494.77,1.05,55571.64,1005.7600000000001,432.67,2190.88,1513.6099999999997,5351.85,False,1.0,,9.987000465393066,,9280.84,False,True,True,-3160.9700000000003,low,mid,mid,high
2026-06-14,2,59097.52,1821.7,7661.46,16194.66,17449.15,0.17,41648.2,1398.5199999999998,1685.08,1382.79,1319.4,11663.36,False,,,,,9483.16,False,False,False,-10280.57,high,mid,mid,low
2026-06-16,9,56530.76,1767.27,7549.34,15163.62,2054.22,12152.8,42323.740000000005,535.21,1.42,688.65,729.4199999999998,99.52,False,1.0,,1.8259999752044678,,9316.61,False,True,True,589.13,low,low,mid,high
2026-06-28,12,71024.16,2220.8,8066.2,20550.0,24667.43,26094.33,20262.4,3342.7,2285.42,1190.0200000000002,3004.7700000000004,14844.520000000004,False,,,,,10287.0,False,False,False,-13654.500000000004,high,mid,high,low
2026-07-10,6,56924.92,1768.79,7460.38,16426.52,18802.28,0.23,38122.409999999996,424.4800000000001,1954.62,1948.3200000000002,1151.53,13323.329999999998,False,1.0,,0.4009999930858612,,9229.17,False,True,True,-11375.009999999998,high,mid,mid,low
2026-05-17,3,52985.64,1566.54,7504.93,13528.55,27865.09,0.14,25120.41,3372.9899999999993,2303.6,2985.12,3189.9100000000003,16013.469999999998,False,,,,,9071.470000000001,False,False,False,-13028.349999999999,high,high,low,low
2026-07-02,6,56690.5,1790.72,7417.67,15726.72,15551.0,0.12,41139.38,412.2,1221.8,2022.5900000000001,1507.53,10386.88,False,1.0,,3.500999927520752,,9208.39,False,True,True,-8364.289999999999,mid,mid,mid,mid
2026-05-17,13,63566.81,1792.72,7960.35,17438.6,20256.7,20807.04,22503.07,3667.03,2005.8500000000001,1400.29,2931.93,10251.599999999999,False,,,,,9753.07,False,False,False,-8851.309999999998,mid,mid,high,mid
2026-06-30,9,61932.31,1985.19,7624.07,17849.3,21455.8,16156.96,24319.549999999996,897.8,1750.61,2412.43,1806.5200000000002,14588.44,False,,,,,9609.26,False,False,False,-12176.01,high,high,mid,low
2026-05-29,6,49658.29,1501.25,7395.75,12696.13,10963.54,1.18,38693.57,132.03,1357.26,1031.4399999999998,945.2400000000001,7497.57,False,,,,,8897.0,False,False,False,-6466.13,mid,low,low,mid
2026-06-04,3,50203.25,1546.82,7270.41,13840.45,11136.32,0.07,39066.86,82.57,1065.85,1976.69,682.19,7329.02,False,1.0,,21.39699935913086,,8817.23,False,True,True,-5352.33,mid,mid,low,mid
2026-06-13,2,57729.21,1846.06,7541.88,15433.49,19138.83,0.68,38589.7,1318.7800000000002,1817.58,2301.37,1554.21,12146.89,False,1.0,,1.4500000476837158,,9387.94,False,True,True,-9845.52,high,high,mid,low
2026-06-13,17,77713.4,2431.9,7804.51,23253.39,16236.95,26068.38,35408.06999999999,2829.18,1298.44,2034.64,1525.97,8548.72,False,,,,,10236.41,False,False,False,-6514.079999999999,mid,mid,high,mid
2026-06-28,13,74497.36,2304.8,8162.77,21841.23,23858.09,27179.31,23459.960000000003,3228.74,2413.07,1061.69,3021.8300000000004,14132.76,False,,1.0,,0.325314998626709,10467.57,True,False,True,-13071.07,high,low,high,low
2026-06-30,24,67640.83,2082.19,7631.08,19813.38,22947.1,0.58,44693.15,1462.59,2217.41,2428.65,2800.81,14037.640000000001,False,,,,,9713.27,False,False,False,-11608.990000000002,high,high,high,low
2026-05-02,17,51237.63,1176.32,7840.04,13815.18,3037.69,30193.2,18006.739999999994,1966.8499490833335,47.594166,81.10437974999999,695.801949,324.14262025000005,True,1.0,,17.683000564575195,,9016.36,False,True,True,-243.03824050000006,low,low,low,high
2026-05-19,24,52841.21,1367.68,7382.78,12846.9,11703.79,0.13,41137.29,1448.13,560.8200000000002,1454.02,1485.72,6755.1,False,1.0,,23.68400001525879,,8750.46,False,True,True,-5301.08,mid,mid,low,mid
2026-06-05,17,66922.33,2013.56,7337.67,19743.2,7525.48,12373.33,47023.520000000004,460.84,451.93,2309.26,359.29999999999995,3944.15,False,1.0,,3.9170000553131104,,9351.23,False,True,True,-1634.8899999999999,low,high,mid,high
2026-06-24,5,56033.68,1820.53,7355.04,15171.15,18281.09,1.69,37750.899999999994,1453.2499999999998,2034.4700000000003,498.64,2025.56,12269.17,False,,,,,9175.57,False,False,False,-11770.53,high,low,mid,low
2026-06-22,9,61232.25,1774.92,7520.89,16456.79,15286.85,13318.05,32627.350000000002,3121.7100000000005,377.09000000000003,1289.93,2424.79,8073.33,False,,,,,9295.810000000001,False,False,False,-6783.4,mid,mid,mid,mid
2026-05-21,6,47912.0,1350.78,7108.29,12024.75,6296.24,0.14,41615.62,1895.2499999999998,233.14999999999998,401.61,2030.99,1735.24,False,1.0,,21.150999069213867,,8459.07,False,True,True,-1333.63,low,low,low,high
2026-05-06,10,53791.67,1527.64,7267.61,12768.46,10514.27,6623.23,36654.17,640.4996868333335,1430.3535230833331,747.6313744166665,498.94607149999996,7069.752175583334,True,,,,,8795.25,False,False,False,-6322.120801166668,mid,low,low,mid
2026-05-09,12,56978.39,1582.66,7817.53,15463.86,5171.99,28933.51,22872.890000000003,1345.63969275,4.14437625,1518.9094894166667,188.8222391666667,2065.960337666667,True,,,,,9400.19,False,False,False,-547.0508482500002,low,mid,mid,high
2026-05-03,15,52981.07,1178.32,7715.43,14460.09,12985.7,27397.6,12597.769999999997,908.295351076923,1032.2268040769231,2772.0029354615385,499.68511030769236,9850.480014076926,True,,,,,8893.75,False,False,False,-7078.477078615388,mid,high,low,mid
2026-07-09,16,82819.32,2536.79,7161.92,26938.33,17041.25,30916.57,34861.50000000001,2467.0099999999998,1184.26,1887.0399999999997,2179.57,9323.37,False,,,,,9698.71,False,False,False,-7436.330000000001,mid,mid,high,mid
2026-05-20,18,64027.98,1588.06,7162.44,17783.28,8372.55,16304.41,39351.020000000004,717.08,107.87,1007.54,371.8999999999999,6168.160000000001,False,1.0,,10.520000457763672,,8750.5,False,True,True,-5160.620000000001,mid,low,low,mid
2026-06-15,4,52697.77,1633.3,7079.2,13037.93,4403.42,0.4,48293.95,797.35,282.3,160.36,808.13,2355.28,False,1.0,,3.9030001163482666,,8712.5,False,True,True,-2194.92,low,low,low,high
2026-07-10,19,80844.6,2529.51,8007.86,26536.96,19451.34,22500.59,38892.67000000001,2391.2,1621.11,2078.64,2699.56,10660.83,False,,,,,10537.369999999999,False,False,False,-8582.19,mid,mid,high,mid
2026-05-04,18,62476.7,1731.2,8021.79,17609.01,21117.36,19005.68,22353.659999999996,2863.5350500000004,2406.159187166667,2837.21653475,1727.22336675,13671.9982385,True,,,,,9752.99,False,False,False,-10834.78170375,high,high,high,low
2026-05-14,22,65366.97,1925.49,7646.32,18952.38,24039.27,0.12,41327.579999999994,2206.9804879166672,2511.39115775,3023.09239875,3090.5992412500004,13078.076107416664,True,,,,,9571.81,False,False,False,-10054.983708666663,high,high,mid,low
2026-05-01,2,44817.57,1321.12,7000.39,10358.25,8139.32,0.14,36678.11,1664.2789192500002,906.8930697500001,1312.3270983333332,1141.4765255,3085.4689498333328,True,1.0,1.0,11.109000205993652,186.3560028076172,8321.51,True,True,True,-1773.1418514999996,low,mid,low,high
2026-07-03,6,55474.85,1776.13,7438.34,15443.97,17410.38,0.17,38064.3,755.79,1363.47,2704.19,1309.18,11277.750000000002,False,1.0,,2.134999990463257,,9214.470000000001,False,True,True,-8573.560000000001,high,high,mid,mid
2026-07-08,1,62102.71,1909.38,7793.83,18227.94,18204.52,0.13,43898.060000000005,1444.31,1627.71,3305.05,2052.61,9774.84,False,1.0,,5.8420000076293945,,9703.21,False,True,True,-6469.79,mid,high,high,mid
2026-05-25,8,46545.16,1429.59,7444.1,11407.09,4507.42,8180.56,33857.18000000001,41.72,87.29,644.15,374.1,3360.1600000000003,False,,,,,8873.69,False,False,False,-2716.01,low,low,low,high
2026-06-22,11,68820.29,1928.86,7906.12,19063.61,14820.12,26288.96,27711.209999999992,3214.6600000000003,757.9,1139.92,2682.8,7024.840000000001,False,,,,,9834.98,False,False,False,-5884.920000000001,mid,mid,high,mid
2026-05-04,6,44038.29,1369.77,7507.83,11059.96,24761.84,0.17,19276.280000000002,1322.192113916667,2619.5674389166666,3276.027228916667,2152.9936540833337,15280.356515083331,True,,,,,8877.6,False,False,False,-12004.329286166663,high,high,low,low
2026-06-13,7,53104.49,1681.07,7550.97,14056.54,11188.2,363.31,41552.979999999996,445.37,1312.62,1950.53,606.05,6873.629999999999,False,1.0,,3.5920000076293945,,9232.04,False,True,True,-4923.099999999999,mid,mid,mid,mid
2026-06-26,14,78738.48,2337.56,8060.42,23124.58,19942.26,29699.02,29097.2,3011.29,2131.76,616.27,2654.5699999999997,11528.369999999999,False,,,,,10397.98,False,False,False,-10912.099999999999,high,low,high,low
2026-07-08,8,57878.62,1806.33,7443.5,16588.73,15084.87,7607.66,35186.09,376.9,1245.24,3151.56,1060.15,9251.02,False,1.0,,5.835999965667725,,9249.83,False,True,True,-6099.460000000001,mid,high,mid,mid
2026-06-23,22,73688.82,2175.84,7815.47,21373.73,22079.97,9.89,51598.96000000001,1868.59,2126.19,3157.14,2584.71,12343.34,False,,,,,9991.310000000001,False,False,False,-9186.2,high,high,high,low
2026-07-08,18,82789.62,2571.34,7168.07,27359.68,13703.17,27472.86,41613.59,2883.57,566.63,2000.35,2119.27,6133.349999999999,False,,,,,9739.41,False,False,False,-4133.0,mid,mid,high,high
2026-07-05,16,80859.6,2510.66,8111.02,24025.34,5429.77,29908.63,45521.2,2092.42,215.94,601.45,773.12,1746.84,False,,,,,10621.68,False,False,False,-1145.3899999999999,low,low,high,high
2026-06-02,17,76815.11,2279.3,7047.38,23858.45,12943.16,18653.45,45218.5,950.8300000000002,659.56,2646.57,1411.48,7274.72,False,,,,,9326.68,False,False,False,-4628.15,mid,high,mid,mid
2026-05-29,7,50640.56,1521.48,7470.15,13131.19,8889.01,290.91,41460.63999999999,94.28,1225.8,788.25,940.07,5840.61,False,,,,,8991.63,False,False,False,-5052.36,mid,low,low,mid
2026-06-18,19,82063.43,2629.5,7048.72,24977.76,17028.56,17225.7,47809.17,2444.48,1545.53,2112.9,1403.04,9522.61,False,,1.0,,37.996315002441406,9678.220000000001,True,False,True,-7409.710000000001,mid,mid,mid,mid
2026-05-01,7,46713.99,1330.06,7223.68,11543.45,10130.07,2.98,36580.939999999995,808.9421450833336,1091.6217441666668,1365.1893114999998,816.0930835833333,5880.123483666666,True,1.0,1.0,6.098999977111816,20.352554321289062,8553.74,True,True,True,-4514.934172166666,mid,mid,low,mid
2026-07-05,21,74645.08,1738.12,7474.75,21634.35,17267.72,482.28,56895.08,2151.6,1107.76,1928.6100000000001,2063.38,10016.37,False,1.0,1.0,8.720000267028809,99.7494888305664,9212.869999999999,True,True,True,-8087.76,mid,mid,mid,mid
2026-05-23,7,46151.5,1239.58,7171.34,11327.01,7945.19,76.38,38129.93,1425.3499999999997,246.36,285.18000000000006,1151.98,4836.32,False,,,,,8410.92,False,False,False,-4551.139999999999,low,low,low,mid
2026-05-01,9,48752.7,1350.53,7120.54,12422.23,11683.79,985.26,36083.649999999994,1087.9747560833334,1140.9117205,1309.0359576666667,1102.1131567500001,6801.699520166668,True,1.0,,3.3259999752044678,,8471.07,False,True,True,-5492.663562500001,mid,mid,low,mid
2026-06-23,17,81748.79,2613.51,7379.51,24349.78,19804.99,23389.5,38554.29999999999,2917.98,630.7399999999999,3108.04,2427.05,10721.18,False,,,,,9993.02,False,False,False,-7613.14,mid,high,high,mid
2026-05-18,16,75119.19,2229.41,8237.85,21848.45,21900.13,22922.63,30296.429999999997,3721.43,2053.82,1342.14,2640.3400000000006,12142.400000000001,False,,,,,10467.26,False,False,False,-10800.260000000002,high,mid,high,low
2026-07-04,20,79041.37,2409.03,7560.3,24479.38,12119.45,8625.25,58296.67,2836.0300000000007,700.03,1640.42,2372.78,4570.19,False,,,,,9969.33,False,False,False,-2929.7699999999995,low,mid,high,high
2026-07-10,24,66670.67,1879.68,7721.93,20683.64,19644.38,0.12,47026.16999999999,1364.37,1805.68,2782.42,2230.99,11460.92,False,1.0,,0.4259999990463257,,9601.61,False,True,True,-8678.5,high,high,mid,mid
2026-06-12,9,61705.63,1842.87,7465.26,17474.49,8807.21,13767.6,39130.82,1454.02,375.68,1262.4500000000003,1247.97,4467.09,False,,,,,9308.130000000001,False,False,False,-3204.64,low,mid,mid,high
2026-05-29,11,62008.75,1743.74,7515.7,17587.82,6492.66,27025.01,28491.079999999998,377.74,271.85,301.35,666.03,4875.69,False,,,,,9259.44,False,False,False,-4574.339999999999,low,low,mid,mid
2026-07-08,13,78471.77,2374.75,7903.64,24268.3,10322.2,33144.11,35005.46000000001,1036.46,526.48,2019.7699999999998,1037.18,5702.31,False,,,,,10278.39,False,False,False,-3682.540000000001,mid,mid,high,high
2026-05-02,2,42092.96,1373.42,6743.68,10474.28,6478.76,0.39,35613.81,3636.608574916667,190.47753991666667,471.55389549999995,2136.7083817499997,772.4128694166667,True,1.0,,107.35099792480469,,8117.1,False,True,True,-300.85897391666674,low,low,low,high
2026-05-05,4,46624.24,1510.73,7657.27,11833.29,25045.34,0.24,21578.659999999996,1854.092295166667,2618.4638905833335,3398.91070925,2308.952400583333,15087.749312416669,True,,,,,9168.0,False,False,False,-11688.838603166669,high,high,mid,low
2026-05-13,14,66447.91,1884.45,7883.56,18590.69,3508.8,34025.8,28913.309999999998,80.87003033333333,51.43511508333333,655.9443379999999,45.49024541666667,2546.9901155,True,,,,,9768.01,False,False,False,-1891.0457775,low,low,high,high
2026-05-28,5,45104.22,1433.03,7235.45,11616.27,8302.68,0.98,36800.56,73.67999999999999,673.97,78.27,656.68,6820.08,False,,,,,8668.48,False,False,False,-6741.8099999999995,mid,low,low,mid
2026-06-02,10,62511.32,1772.01,7497.96,18311.43,6214.07,27243.47,29053.78,0.05,98.79,1555.67,160.42,4399.14,False,,,,,9269.97,False,False,False,-2843.4700000000003,low,mid,mid,high
2026-05-04,20,60704.23,1812.35,7889.53,16907.22,24467.77,3041.9,33194.560000000005,3001.3032706153845,2462.3235179999997,3024.349855,2157.5613824615384,14093.935719307694,True,,,,,9701.88,False,False,False,-11069.585864307694,high,high,high,low
2026-05-15,23,60621.18,1703.68,7841.14,16664.11,25700.78,0.11,34920.29,2937.3600000000006,2153.54,2666.87,3092.56,14850.45,False,,,,,9544.82,False,False,False,-12183.580000000002,high,high,mid,low
2026-06-23,21,76049.87,2391.7,7883.28,22025.85,23413.25,895.89,51740.729999999996,2048.76,1556.05,3228.66,2483.14,14096.64,False,,,,,10274.98,False,False,False,-10867.98,high,high,high,low
2026-05-28,4,45332.98,1437.84,7247.31,11658.53,9029.84,1.14,36302.0,17.12,758.5,75.06,651.48,7527.68,False,,,,,8685.15,False,False,False,-7452.62,mid,low,low,mid
2026-05-22,7,47866.5,1274.47,7223.14,12442.37,9024.24,158.53,38683.73,1124.42,7.63,1617.3099999999997,902.03,5372.85,False,1.0,,1.1410000324249268,,8497.61,False,True,True,-3755.540000000001,low,mid,low,high
2026-06-28,16,80758.74,2549.09,7927.09,24653.29,21855.61,28244.66,30658.470000000005,3244.86,2367.78,1299.4,3011.67,11931.9,False,,,,,10476.18,False,False,False,-10632.5,high,mid,high,low
2026-05-15,13,64324.83,1899.0,7951.03,17232.42,20233.05,25156.29,18935.489999999998,2671.48,2279.32,1158.74,2732.9200000000005,11390.590000000002,False,,1.0,,4.893418312072754,9850.029999999999,True,False,True,-10231.850000000002,high,mid,high,low
2026-06-16,15,70077.31,2054.33,8361.27,21359.87,3674.27,27768.84,38634.2,1008.63,60.46,808.27,1506.11,290.8,False,,,,,10415.6,False,False,False,517.47,low,low,high,high
2026-06-24,17,82101.28,2518.7,7426.86,25224.64,15547.48,30409.88,36143.92,2720.7,1247.5,771.19,2288.33,8519.76,False,,,,,9945.56,False,False,False,-7748.57,mid,low,high,mid
2026-05-03,24,48321.62,1477.02,7657.93,12579.72,25763.13,0.96,22557.530000000002,1302.9370566666669,2647.978501083333,3540.3213157500004,2628.8573075,16308.961388916667,True,,,,,9134.95,False,False,False,-12768.640073166665,high,high,low,low
2026-07-03,14,78882.53,2404.86,8120.46,23954.79,8412.88,32477.93,37991.719999999994,1404.08,342.07,1582.02,1461.0,3623.7100000000005,False,,,,,10525.32,False,False,False,-2041.6900000000005,low,mid,high,high
2026-05-12,17,68550.82,1879.9,8157.78,18598.06,4280.27,32429.45,31841.100000000002,583.8732905833334,104.15246583333335,543.5760619166667,46.87309866666667,2931.565324749999,True,,,,,10037.68,False,False,False,-2387.9892628333323,low,low,high,high
2026-05-07,8,48520.44,1370.14,7115.35,12144.6,8865.37,3432.16,36222.91,1104.4805197500002,1002.51565225,274.1211648333333,1247.0822932499998,5008.057301833333,True,1.0,,6.563000202178955,,8485.49,False,True,True,-4733.936137000001,low,low,low,mid
2026-05-27,13,55247.52,1663.09,7657.52,15672.83,1440.03,22090.81,31716.679999999997,517.08,34.8,420.7,376.93,90.52000000000001,False,,,,,9320.61,False,False,False,330.17999999999995,low,low,mid,high
2026-06-20,10,57621.84,1815.37,7688.7,15351.7,4243.21,17056.53,36322.1,343.73,290.28,1560.62,435.62,1612.9599999999998,False,,,,,9504.07,False,False,False,-52.33999999999992,low,mid,mid,high
2026-06-08,21,72364.18,2088.82,7939.84,22573.83,23050.76,757.1,48556.32,1831.39,2126.63,2891.72,1996.98,14204.04,False,,,,,10028.66,False,False,False,-11312.320000000002,high,high,high,low
2026-07-04,7,54985.47,1809.95,7578.14,15408.24,17273.07,240.31,37472.090000000004,508.23,1432.85,3129.05,1265.2,10937.74,False,1.0,,1.3600000143051147,,9388.09,False,True,True,-7808.69,mid,high,mid,mid
2026-06-02,22,64674.15,2028.84,7400.65,17710.69,14472.61,0.06,50201.48,557.46,1657.27,1561.1799999999998,1435.8899999999999,9260.809999999998,False,1.0,1.0,18.422000885009766,114.14854431152344,9429.49,True,True,True,-7699.629999999997,mid,mid,mid,mid
2026-06-07,3,52058.76,1562.45,7224.69,12575.05,15903.2,0.17,36155.39,1180.51,1678.42,608.15,1800.0200000000002,10636.1,False,,,,,8787.14,False,False,False,-10027.95,mid,low,low,low
2026-05-18,21,71893.16,2131.44,8010.97,21127.29,28164.56,434.04,43294.560000000005,3682.3,2001.28,3438.9,3022.69,16019.390000000001,False,,,,,10142.41,False,False,False,-12580.490000000002,high,high,high,low
2026-05-08,9,48740.48,1421.66,7054.86,12498.46,5755.26,5761.25,37223.97,522.1671126666668,481.18702866666666,1391.7081255833332,374.9494546666666,3102.2261314999996,True,1.0,1.0,20.125999450683594,80.267578125,8476.52,True,True,True,-1710.5180059166664,low,mid,low,high
2026-06-07,16,70505.32,2242.95,8034.58,20612.56,18677.97,22117.99,29709.360000000004,1673.39,1971.9,1397.5,2160.73,11474.45,False,,,,,10277.529999999999,False,False,False,-10076.95,high,mid,high,low
2026-07-03,18,81965.55,2603.69,7331.56,26075.02,11978.25,28041.03,41946.270000000004,2823.3899999999994,479.7900000000001,2370.6999999999994,1903.23,4401.14,False,,,,,9935.25,False,False,False,-2030.440000000001,low,high,high,high
2026-05-10,17,65246.66,1999.64,7566.88,14771.85,21195.64,18180.63,25870.390000000003,2182.4569476666666,1681.9865506666667,2182.89445425,1155.9077982499998,14604.433277333332,True,,,,,9566.52,False,False,False,-12421.538823083332,high,mid,mid,low
2026-07-11,15,74766.38,2309.65,8044.97,24647.24,5136.85,26174.79,43454.74,1885.81,303.1600000000001,12.32,1878.76,1056.8,False,,,,,10354.62,False,False,False,-1044.48,low,low,high,high
2026-05-12,4,43694.07,1335.1,7288.46,10388.4,15471.57,0.15,28222.35,399.0591707500001,526.4857063333333,3408.0858078333326,621.3305210833333,10154.2401655,True,1.0,,72.08300018310547,,8623.56,False,True,True,-6746.154357666666,mid,high,low,mid
2026-06-15,11,59603.3,1786.77,7373.83,16531.55,4672.3,9825.08,45105.92,1333.2,335.36,278.55,1411.95,1313.24,False,1.0,,2.440000057220459,,9160.6,False,True,True,-1034.69,low,low,mid,high
2026-05-18,8,58716.91,1771.53,7538.88,16273.49,26259.74,3059.31,29397.86,3778.5499999999997,2282.9299999999994,2908.5699999999997,2663.02,14626.669999999998,False,,,,,9310.41,False,False,False,-11718.099999999999,high,high,mid,low
2026-05-26,9,52739.52,1491.41,6944.5,13752.16,7389.77,13425.24,31924.510000000002,66.06,349.55,236.89,1839.8200000000002,4897.45,False,,,,,8435.91,False,False,False,-4660.5599999999995,low,low,low,mid
2026-06-29,5,59463.26,1944.62,7510.04,16758.45,28435.52,1.67,31026.070000000003,2823.6600000000003,2479.94,3297.88,3154.73,16679.31,False,,,,,9454.66,False,False,False,-13381.43,high,high,mid,low
2026-06-22,8,58893.72,1793.92,7402.11,15966.51,17317.69,3770.67,37805.36,2698.63,622.62,1835.68,2574.14,9586.62,False,,,,,9196.029999999999,False,False,False,-7750.9400000000005,mid,mid,mid,mid
2026-05-21,20,58397.85,1671.78,7364.46,15498.81,8292.28,4419.2,45686.37,42.13,287.54,2616.73,818.07,4527.8099999999995,False,1.0,,7.617000102996826,,9036.24,False,True,True,-1911.0799999999995,low,high,low,high
2026-05-24,14,63331.77,1745.81,7832.13,18212.02,1060.94,31121.37,31149.459999999995,441.2,14.890000000000002,145.47999999999996,133.07,326.3,False,,,,,9577.94,False,False,False,-180.82000000000005,low,low,mid,high
2026-05-30,11,60693.49,1771.58,7653.95,17225.91,15092.87,22747.09,22853.529999999995,410.5299999999999,1478.7,1824.02,697.44,10682.18,False,,,,,9425.529999999999,False,False,False,-8858.16,mid,mid,mid,mid
2026-06-10,14,76026.55,2195.23,7926.24,22189.22,20556.18,24871.31,30599.06,2514.67,1808.0200000000002,1108.23,1907.07,13218.189999999999,False,,,,,10121.47,False,False,False,-12109.96,high,mid,high,low
2026-06-16,11,61092.06,1937.43,7997.0,16918.03,2423.15,21661.79,37007.119999999995,551.94,8.73,895.6000000000001,891.99,74.89,False,,,,,9934.43,False,False,False,820.7100000000002,low,low,high,high
2026-06-27,14,77014.0,2321.81,8239.3,22691.84,22227.28,29089.91,25696.81,3097.13,2333.28,1124.08,2688.29,12984.5,False,,,,,10561.109999999999,False,False,False,-11860.42,high,mid,high,low
2026-06-05,8,53606.75,1576.74,6968.19,14852.06,8418.36,2495.11,42693.28,14.66,606.55,1565.98,178.95,6052.219999999999,False,1.0,1.0,41.012001037597656,4.894191741943359,8544.93,True,True,True,-4486.24,mid,mid,low,mid
2026-05-01,5,43334.57,1294.1,7036.24,10101.15,9053.22,0.12,34281.229999999996,717.2903255,624.0515250833333,1324.757489,814.2317950833334,5572.920293333334,True,1.0,1.0,12.62600040435791,207.09469604492188,8330.34,True,True,True,-4248.162804333333,low,mid,low,high
2026-05-04,7,46406.16,1432.95,7551.21,11943.36,24600.56,107.59,21698.010000000002,1448.1842355000003,2587.700810166667,3092.2213295,2097.6026504166666,15524.904703749999,True,,,,,8984.16,False,False,False,-12432.683374249998,high,high,low,low
2026-07-02,19,81001.64,2547.83,7218.85,25470.47,18235.68,17397.45,45368.509999999995,2862.7099999999996,867.54,3196.76,2231.15,9077.52,False,,,,,9766.68,False,False,False,-5880.76,mid,high,high,mid
2026-05-20,5,45187.26,1302.31,7277.46,10940.38,11015.12,0.12,34172.02,1246.2300000000002,406.68,1724.8900000000003,2042.08,5595.24,False,1.0,,41.71500015258789,,8579.77,False,True,True,-3870.3499999999995,low,mid,low,high
2026-05-21,4,46725.94,1368.47,7141.72,11500.19,6411.85,0.08,40314.01,461.1,473.75999999999993,421.08,1902.2,3153.7100000000005,False,1.0,,17.42300033569336,,8510.19,False,True,True,-2732.6300000000006,low,low,low,high
2026-06-15,19,67168.24,2034.96,7725.2,20328.47,3488.03,11365.16,52315.05,1270.35,129.84,244.09,1039.75,804.0,False,1.0,,4.033999919891357,,9760.16,False,True,True,-559.91,low,low,high,high
2026-07-02,18,81566.66,2527.0,7188.02,25585.49,16322.22,22684.97,42559.47,2829.78,697.17,2787.81,2131.36,7876.1,False,,,,,9715.02,False,False,False,-5088.290000000001,mid,high,high,mid
2026-06-14,11,60355.2,1973.83,7743.94,15273.17,8540.45,17534.84,34279.91,1265.28,232.97999999999996,3116.09,141.23,3784.8700000000003,False,,,,,9717.77,False,False,False,-668.7800000000002,low,high,high,high
2026-07-11,24,64067.11,2019.62,7838.47,19565.22,14214.11,0.09,49852.91,1174.04,1097.71,793.6599999999999,1691.9600000000003,9456.74,False,1.0,,4.980000019073486,,9858.09,False,True,True,-8663.08,mid,low,high,mid
2026-05-26,22,60728.67,1527.84,6416.12,16938.61,6537.19,1.34,54190.14,2822.03,537.84,189.31,2008.12,979.89,False,1.0,,12.734000205993652,,7943.96,False,True,True,-790.5799999999999,low,low,low,high
2026-06-01,19,77924.9,2127.23,6956.17,24981.8,11924.8,21055.63,44944.46999999999,1577.2599999999998,327.89,2667.27,1187.17,6165.21,False,,,,,9083.4,False,False,False,-3497.94,mid,high,low,high
2026-05-01,14,50042.84,1270.55,7091.79,12956.93,13059.7,10465.83,26517.309999999998,1778.8458725833339,1300.5864205833332,608.865269,1703.232854416667,7265.352841416666,True,,,,,8362.34,False,False,False,-6656.487572416666,mid,low,low,mid
2026-05-31,20,74049.55,2199.2,7531.28,22654.99,19776.5,7478.43,46794.62,2176.8,1235.06,1032.26,1588.22,13744.160000000002,False,1.0,,1.7829999923706055,,9730.48,False,True,True,-12711.900000000001,high,low,high,low
2026-05-24,5,44223.17,1417.3,7327.78,11012.56,7944.7,0.1,36278.37,649.89,806.35,1034.29,386.57,5067.600000000001,False,1.0,,9.79800033569336,,8745.08,False,True,True,-4033.3100000000013,low,low,low,high
2026-06-08,1,59627.3,1887.11,7678.99,16988.79,25610.47,1.18,34015.65,1585.0,2279.4299999999994,3384.73,2003.51,16357.8,False,,,,,9566.1,False,False,False,-12973.07,high,high,mid,low
2026-06-21,17,76705.89,2467.54,8248.52,22680.42,16719.87,27830.15,32155.870000000003,3306.53,2126.27,172.38,2700.46,8414.230000000001,False,1.0,,4.9720001220703125,,10716.060000000001,False,True,True,-8241.850000000002,mid,low,high,mid
2026-05-28,2,47637.96,1506.56,7370.07,12667.02,10078.46,1.18,37558.32,14.95,846.41,421.74,673.98,8121.379999999999,False,,,,,8876.63,False,False,False,-7699.639999999999,mid,low,low,mid
2026-05-12,21,63688.7,1859.66,7516.79,17409.01,11606.9,325.97,51755.829999999994,592.3551396666668,373.9605699999999,2017.01675775,668.9236056666668,7518.328537333334,True,,,,,9376.45,False,False,False,-5501.311779583334,mid,mid,mid,mid
2026-06-13,11,65580.69,2029.94,7625.73,18805.48,15783.63,26842.74,22954.320000000003,994.4600000000002,1140.0,2266.6300000000006,702.62,10679.92,False,,,,,9655.67,False,False,False,-8413.289999999999,mid,high,mid,mid
2026-05-31,4,51290.1,1578.56,7461.01,13649.72,19793.08,1.94,31495.079999999998,1158.16,2277.66,1931.29,1612.73,12813.240000000002,False,,,,,9039.57,False,False,False,-10881.95,high,mid,low,low
2026-07-09,3,59744.46,1896.52,7701.66,17836.9,22145.93,1.08,37597.45,777.05,2305.09,3019.14,1812.56,14232.09,False,1.0,,1.38100004196167,,9598.18,False,True,True,-11212.95,high,high,mid,low
2026-06-11,23,70021.38,2087.69,7478.28,20596.77,19126.03,3.34,50892.01000000001,2264.0300000000007,1358.15,2774.03,2661.23,10068.59,False,,,,,9565.97,False,False,False,-7294.5599999999995,mid,high,mid,mid
2026-06-06,17,71154.79,1909.61,7780.08,21208.49,6829.54,26663.54,37661.70999999999,2385.11,406.6,331.01,1229.53,2477.29,False,,,,,9689.69,False,False,False,-2146.2799999999997,low,low,high,high
2026-06-07,18,73014.03,2356.25,8013.12,22566.03,19412.28,17161.34,36440.41,1194.77,2052.56,1060.58,1921.6,13182.770000000002,False,,,,,10369.369999999999,False,False,False,-12122.190000000002,high,low,high,low
2026-06-09,7,55745.29,1545.27,7545.91,15383.26,17660.39,307.27,37777.630000000005,852.6300000000001,1445.32,2581.55,1581.66,11199.230000000001,False,,,,,9091.18,False,False,False,-8617.68,high,high,low,mid
2026-06-10,10,63389.26,1839.92,7658.29,17614.33,21372.98,17604.68,24411.6,2058.6,1955.9199999999998,1569.11,1701.2,14088.150000000001,False,,,,,9498.21,False,False,False,-12519.04,high,mid,mid,low
2026-06-13,12,69233.91,2123.17,7654.63,20042.6,15595.35,26873.98,26764.580000000005,1019.3699999999999,1263.19,2424.82,625.44,10262.53,False,,,,,9777.8,False,False,False,-7837.710000000001,mid,high,high,mid
2026-06-25,6,55156.51,1746.75,7425.11,15224.2,17398.74,2.17,37755.600000000006,936.56,2017.56,1466.0200000000002,1629.74,11348.860000000002,False,1.0,1.0,1.9620000123977661,94.91338348388672,9171.86,True,True,True,-9882.840000000002,high,mid,mid,low
2026-05-28,3,46205.02,1460.8,7318.83,12038.33,9746.33,1.11,36457.579999999994,3.81,750.9,202.90000000000003,705.13,8083.59,False,,,,,8779.63,False,False,False,-7880.6900000000005,mid,low,low,mid
2026-06-28,8,56902.21,1850.24,7736.23,15700.25,26484.92,7252.88,23164.41,2580.55,2296.5,2862.92,2998.4100000000003,15746.540000000003,False,,,,,9586.47,False,False,False,-12883.620000000003,high,high,mid,low
2026-07-01,5,56642.57,1800.49,7435.43,15886.54,18772.55,0.63,37869.39000000001,1087.8599999999997,1717.69,2980.21,1841.7699999999998,11145.02,False,1.0,,3.7019999027252197,,9235.92,False,True,True,-8164.81,high,high,mid,mid
2026-05-10,4,47899.86,1427.09,7401.5,12185.05,21260.77,0.78,26638.31,486.8810061666667,2127.7863560833334,1989.283985666667,1305.5870769166668,15566.842104583335,True,,,,,8828.59,False,False,False,-13577.558118916668,high,mid,low,low
2026-07-06,20,80025.63,2224.18,7437.36,25336.08,12660.66,10468.72,56896.25,2268.14,676.3799999999999,696.96,2478.9,6540.28,False,,,,,9661.539999999999,False,False,False,-5843.32,mid,low,mid,mid
2026-05-03,1,44069.14,1342.45,7315.46,11054.45,13810.28,0.16,30258.7,65.68391583333333,1265.9401147500002,2305.570884083333,570.2937229166666,9281.762436916668,True,1.0,1.0,157.16400146484375,124.50846862792969,8657.91,True,True,True,-6976.191552833335,mid,high,low,mid
2026-06-30,23,71073.12,2192.99,7676.15,21122.91,24101.87,1.06,46970.19,1491.1100000000001,2071.62,2702.8,2766.1100000000006,15070.23,False,,,,,9869.14,False,False,False,-12367.43,high,high,high,low
2026-05-05,10,54031.99,1210.65,7249.55,14608.89,16893.47,10494.24,26644.28,2712.638998333334,2230.1170448333332,2479.4225133333334,1718.7484919999997,7807.661910000001,True,,1.0,,29.298053741455078,8460.2,True,False,True,-5328.239396666668,mid,high,low,mid
2026-07-01,14,79057.07,2336.68,7543.06,23824.11,17296.21,29499.74,32261.120000000006,2405.39,1137.36,2606.1,1903.8299999999997,9243.530000000002,False,,,,,9879.74,False,False,False,-6637.430000000002,mid,high,high,mid
2026-07-12,14,75320.32,2264.24,8185.54,22933.5,5481.6,27721.82,42116.9,1603.18,121.86,1759.55,869.9199999999998,1127.09,False,,,,,10449.779999999999,False,False,False,632.46,low,mid,high,high
2026-05-09,1,49812.36,1425.23,7413.1,12361.39,11462.56,0.84,38348.96000000001,511.8530557500001,1177.6024909999999,2479.7388314166665,868.86898275,6230.08971975,True,1.0,1.0,82.08999633789062,6.134564399719238,8838.33,True,True,True,-3750.3508883333334,mid,high,low,high
2026-06-22,19,81528.77,2518.6,7197.93,25260.02,15155.08,21275.06,45098.630000000005,3405.7199999999993,974.84,1353.74,2738.45,6682.33,False,,,,,9716.53,False,False,False,-5328.59,mid,mid,high,mid
2026-07-03,7,55299.77,1783.94,7453.75,15297.45,16544.04,243.31,38512.42,618.03,1327.89,2642.11,1304.42,10651.590000000002,False,1.0,,3.877000093460083,,9237.69,False,True,True,-8009.480000000001,mid,high,mid,mid
2026-06-16,22,68186.4,2161.41,7711.76,20562.94,15732.33,0.61,52453.45999999999,567.94,904.08,3028.74,625.23,10606.34,False,1.0,1.0,39.395999908447266,33.648826599121094,9873.17,True,True,True,-7577.6,mid,high,high,mid
2026-05-26,17,70007.46,1568.88,7289.43,19407.35,11536.94,21148.22,37322.3,3000.6300000000006,1206.94,545.37,1791.39,4992.61,False,,,,,8858.310000000001,False,False,False,-4447.24,low,low,low,mid
2026-05-12,2,45964.54,1378.2,7279.72,11025.79,14414.86,0.16,31549.52,312.66639275000006,395.08446083333337,3515.7135524166665,614.1971510833333,9195.57130075,True,1.0,,60.4739990234375,,8657.92,False,True,True,-5679.857748333334,mid,high,low,mid
2026-07-09,11,70531.93,2142.23,7717.57,21419.06,15249.56,32196.48,23085.889999999996,182.85999999999999,1055.78,1648.09,1436.3700000000001,10926.46,False,,,,,9859.8,False,False,False,-9278.369999999999,mid,mid,high,low
2026-06-26,4,55713.51,1482.44,7296.71,15362.2,15010.81,0.7,40702.00000000001,2239.58,1526.8,1152.18,2865.4500000000003,7226.799999999999,False,1.0,,7.949999809265137,,8779.15,False,True,True,-6074.619999999999,mid,mid,low,mid
2026-05-23,20,59087.85,1838.84,7262.15,17503.55,9748.93,6205.66,43133.259999999995,320.50000000000006,358.53,1637.67,354.98999999999995,7077.24,False,,,,,9100.99,False,False,False,-5439.57,mid,mid,low,mid
2026-05-22,14,65711.9,1729.71,7844.64,17942.38,3463.64,29368.34,32879.92,1477.12,177.8,332.38,457.71,1018.6300000000001,False,,,,,9574.35,False,False,False,-686.2500000000001,low,low,mid,high
2026-07-01,18,81318.48,2472.64,6719.18,25474.5,17117.57,25258.42,38942.49,2970.06,1141.76,2753.82,2279.09,7972.84,False,,,,,9191.82,False,False,False,-5219.02,mid,high,mid,mid
2026-06-29,1,65537.98,2102.56,7868.25,18935.65,28175.65,1.32,37361.009999999995,2857.6399999999994,2588.37,3274.32,3298.87,16156.45,False,1.0,,0.531000018119812,,9970.81,False,True,True,-12882.130000000001,high,high,high,low
2026-05-17,23,63307.18,1828.59,7866.26,17482.28,28172.33,0.19,35134.659999999996,2920.41,2092.11,3266.37,3171.4,16722.04,False,,,,,9694.85,False,False,False,-13455.670000000002,high,high,high,low
2026-06-14,3,56988.55,1751.79,7661.25,15365.15,15153.78,0.19,41834.58,1160.01,1612.36,1398.89,1033.23,9949.29,False,1.0,,1.0579999685287476,,9413.04,False,True,True,-8550.400000000001,mid,mid,mid,mid
2026-05-11,18,63139.73,1780.64,7972.11,16176.35,3958.1,29834.36,29347.270000000004,1768.635243,261.74715199999997,702.2224688333333,892.4496400833333,324.4261695,True,,,,,9752.75,False,False,False,377.7962993333333,low,low,high,high
2026-05-28,18,73410.33,2146.6,7766.91,20242.15,4106.33,26352.27,42951.729999999996,971.8099999999998,117.48000000000002,102.63,366.75,2547.66,False,,,,,9913.51,False,False,False,-2445.0299999999997,low,low,high,high
2026-06-19,17,71021.65,2035.91,8148.73,16821.19,5178.71,22756.19,43086.749999999985,1711.76,695.84,570.68,800.41,1400.0199999999998,False,1.0,,1.2979999780654907,,10184.64,False,True,True,-829.3399999999998,low,low,high,high
2026-07-03,9,59714.23,1968.62,7408.92,17011.68,14007.17,21902.0,23805.060000000005,347.91,873.26,2013.3499999999997,1252.62,9520.03,False,,,,,9377.54,False,False,False,-7506.680000000001,mid,mid,mid,mid
2026-05-02,16,49773.91,1134.33,7814.04,13224.1,2753.3,30809.05,16211.560000000001,1873.0129476666668,61.278225000000006,62.88161508333333,787.9525971666666,217.68814508333335,True,1.0,,9.807999610900879,,8948.369999999999,False,True,True,-154.80653,low,low,low,high
2026-05-05,18,68644.59,1927.27,7616.05,20625.18,17726.9,15285.11,35632.579999999994,3781.144439,1215.5584890833334,630.0551027500001,1735.0927758333335,10598.244458666666,True,,,,,9543.32,False,False,False,-9968.189355916666,mid,low,mid,low
2026-05-16,23,61540.36,1791.3,7809.84,16942.64,28389.07,0.23,33151.06,2997.53,2223.32,3341.49,3476.7700000000004,16349.959999999995,False,,,,,9601.14,False,False,False,-13008.469999999996,high,high,mid,low
2026-05-26,13,64086.16,1736.05,6934.98,17945.04,12591.28,22390.16,29104.720000000005,1729.88,985.5700000000002,1843.33,1494.25,6538.25,False,,,,,8671.029999999999,False,False,False,-4694.92,mid,mid,low,mid
2026-06-12,13,73960.98,1956.39,7708.58,21484.6,6829.91,24884.02,42247.04999999999,1839.29,575.82,533.28,1138.07,2743.45,False,,,,,9664.97,False,False,False,-2210.17,low,low,mid,high
2026-07-11,11,66146.24,2060.72,7742.88,19858.53,7108.07,27188.94,31849.230000000007,1766.1,643.7599999999999,138.37,1436.08,3123.76,False,,,,,9803.6,False,False,False,-2985.3900000000003,low,low,high,high
2026-06-09,21,74785.22,2200.17,7938.77,22194.73,24778.51,950.88,49055.83000000001,1703.14,1892.81,3396.32,2768.55,15017.690000000002,False,,,,,10138.94,False,False,False,-11621.370000000003,high,high,high,low
2026-06-20,11,61312.56,1937.01,7989.37,16806.85,3269.01,22290.11,35753.439999999995,380.2099999999999,95.81,1254.7200000000003,465.66,1072.61,False,,,,,9926.38,False,False,False,182.11000000000035,low,mid,high,high
2026-06-07,22,68698.77,2159.77,7836.91,20714.58,23993.59,0.44,44704.740000000005,1130.11,2213.44,3170.62,2155.31,15324.11,False,,,,,9996.68,False,False,False,-12153.490000000002,high,high,high,low
2026-06-18,12,74016.25,2287.79,7892.92,21446.38,11592.47,29711.02,32712.76,1993.1100000000001,1136.21,3769.7699999999995,970.3,3723.0799999999995,False,,,,,10180.71,False,False,False,46.690000000000055,low,high,high,high
2026-05-05,14,61660.25,1693.75,7517.19,17735.78,12736.91,23994.68,24928.659999999996,3255.0364625000007,1271.6361938333332,998.8355393333331,1370.362826833333,6047.72617475,True,,,,,9210.939999999999,False,False,False,-5048.890635416667,mid,low,mid,mid
2026-05-17,8,51878.92,1565.27,7445.13,13347.79,23871.0,3312.52,24695.399999999998,3343.95,1701.82,3463.91,2576.14,12785.18,False,,,,,9010.4,False,False,False,-9321.27,high,high,low,low
2026-06-09,20,76826.92,2291.59,7675.68,23165.35,23483.93,8892.41,44450.58,2004.23,1759.8100000000002,2216.48,2772.48,14730.93,False,,,,,9967.27,False,False,False,-12514.45,high,mid,high,low
2026-05-26,1,51301.15,1468.41,7438.56,12416.81,12408.76,1.28,38891.11,635.12,857.57,1478.86,1801.39,7635.819999999999,False,1.0,,0.1379999965429306,,8906.970000000001,False,True,True,-6156.959999999999,mid,mid,low,mid
2026-05-22,21,66094.64,1572.23,7812.97,18502.37,15883.19,359.88,49851.57,2038.5599999999997,975.16,2437.0,2227.5,8204.97,False,,,,,9385.2,False,False,False,-5767.969999999999,mid,high,mid,mid
2026-06-03,8,51783.17,1628.27,6531.18,13968.24,5187.53,4612.46,41983.18,110.51,169.61000000000004,301.61,205.03,4400.7699999999995,False,1.0,,32.595001220703125,,8159.450000000001,False,True,True,-4099.16,low,low,low,high
2026-07-10,5,56895.43,1792.75,7459.53,16523.24,20422.39,0.58,36472.46,394.57,2125.39,2349.56,1068.82,14484.049999999997,False,1.0,,0.29899999499320984,,9252.279999999999,False,True,True,-12134.489999999998,high,high,mid,low
2026-05-24,10,50312.38,1456.01,7345.71,13448.95,1778.54,24729.32,23804.519999999997,102.31,176.27,323.89,66.32,1109.7499999999998,False,,,,,8801.72,False,False,False,-785.8599999999998,low,low,low,high
2026-06-08,6,56202.99,1719.86,7486.05,15441.94,23674.59,1.14,32527.26,1775.35,2227.2400000000002,2791.76,1692.93,15187.310000000001,False,,,,,9205.91,False,False,False,-12395.550000000001,high,high,mid,low
2026-06-23,2,61097.05,1858.9,7505.81,17519.42,18273.01,0.96,42823.08000000001,2404.86,1546.3,2873.9,2606.11,8841.84,False,1.0,,3.694999933242798,,9364.710000000001,False,True,True,-5967.9400000000005,mid,high,mid,mid
2026-05-28,11,56468.7,1726.65,7536.78,15483.62,2310.9,31388.1,22769.699999999997,82.26,55.080000000000005,97.32,29.93,2046.3100000000002,False,,,,,9263.43,False,False,False,-1948.9900000000002,low,low,mid,high
2026-05-11,6,45663.79,1386.92,7263.34,10692.05,8963.32,0.13,36700.340000000004,1261.5799479166667,1150.4336460000002,47.463689833333326,1549.4070484166666,5005.274359166666,True,1.0,,44.64899826049805,,8650.26,False,True,True,-4957.810669333332,low,low,low,mid
2026-06-20,23,62938.99,2070.2,7886.44,19211.57,20777.06,27.07,42134.85999999999,699.21,1603.98,3674.69,1545.18,13254.0,False,,,,,9956.64,False,False,False,-9579.31,high,high,high,low
2026-06-06,24,57969.26,1668.45,6957.56,14746.38,12810.23,0.16,45158.869999999995,1793.24,1016.8599999999999,794.41,2098.86,7106.86,False,1.0,,11.470000267028809,,8626.01,False,True,True,-6312.45,mid,low,low,mid
2026-06-27,10,63391.12,1829.65,7755.09,18283.79,23749.45,23819.85,15821.82,3127.63,2163.41,1500.8100000000002,2696.7299999999996,14260.87,False,,,,,9584.74,False,False,False,-12760.060000000001,high,mid,mid,low
2026-06-30,12,72760.0,2195.33,7873.3,21433.41,20814.06,27355.64,24590.300000000003,1685.0000000000002,1583.71,1485.16,2183.41,13876.78,False,,,,,10068.630000000001,False,False,False,-12391.62,high,mid,high,low
2026-07-01,11,69299.04,2012.94,7575.82,20345.63,20173.93,25032.37,24092.739999999994,1447.63,1652.45,2183.8400000000006,2000.44,12889.570000000002,False,,,,,9588.76,False,False,False,-10705.730000000001,high,mid,mid,low
2026-06-25,14,76269.66,2369.2,7968.53,21839.0,19960.4,30457.09,25852.170000000002,2700.0300000000007,1573.18,1917.78,2547.26,11222.15,False,,,,,10337.73,False,False,False,-9304.369999999999,high,mid,high,low
2026-06-01,7,53309.25,1508.79,7273.31,14406.9,13292.63,374.95,39641.670000000006,402.34,1503.23,1275.88,1040.58,9070.6,False,,,,,8782.1,False,False,False,-7794.72,mid,mid,low,mid
2026-05-12,19,68757.92,1981.91,8043.68,18977.42,5034.02,24946.76,38777.14,743.7552458333334,207.7659043333333,399.89991283333336,177.065042,3373.269781083334,True,,,,,10025.59,False,False,False,-2973.3698682500003,low,low,high,high
2026-05-04,4,42207.29,1360.25,7483.73,10359.13,24852.23,0.21,17354.850000000002,1271.0511245833336,2605.2333318333335,3608.8345174166666,2379.575925,15915.358432666668,True,,,,,8843.98,False,False,False,-12306.523915250002,high,high,low,low
2026-05-23,21,57868.34,1788.47,7271.23,16822.95,12567.4,355.4,44945.53999999999,548.42,592.59,1929.55,460.35,9036.49,False,,,,,9059.699999999999,False,False,False,-7106.94,mid,mid,low,mid
2026-05-06,14,57693.62,1520.57,7608.91,13020.36,3492.17,20355.61,33845.840000000004,1018.3452010833336,667.3419710833332,215.816382,57.43631966666667,1565.72286625,True,,,,,9129.48,False,False,False,-1349.90648425,low,low,low,high
2026-06-24,11,67792.59,2090.64,7633.84,19638.69,10922.81,27375.25,29494.53,1654.65,820.87,375.31,1926.1,6145.88,False,,,,,9724.48,False,False,False,-5770.57,mid,low,high,mid
2026-05-16,13,62907.06,1786.43,7979.67,17258.16,20483.78,25805.42,16617.86,3127.1700000000005,2198.36,850.1699999999998,2867.6,11440.48,False,,,,,9766.1,False,False,False,-10590.31,high,low,high,low
2026-06-08,20,74915.74,2235.72,7920.28,23792.05,22550.74,8571.0,43794.0,2014.65,1848.9400000000003,2529.7,2135.66,14021.790000000003,False,,,,,10156.0,False,False,False,-11492.090000000004,high,high,high,low
2026-07-04,21,75833.61,2299.44,7570.23,23181.96,12407.33,808.35,62617.93,2355.57,981.3799999999999,1246.26,2507.67,5316.45,False,1.0,,30.867000579833984,,9869.67,False,True,True,-4070.1899999999996,low,mid,high,high
2026-05-07,22,53558.49,1399.26,7375.42,13687.46,10792.94,2.15,42763.399999999994,1576.9189000000001,225.3213315833333,1364.906166166667,1607.7794358333335,5874.586258166666,True,1.0,1.0,34.65399932861328,102.5873794555664,8774.68,True,True,True,-4509.680091999999,mid,mid,low,mid
2026-05-01,18,49744.11,1263.29,7354.9,12730.71,15224.33,6798.64,27721.14,3982.7345754166677,1239.08474175,556.7208505,3202.713617833333,6853.124806333333,True,,,,,8618.189999999999,False,False,False,-6296.403955833333,mid,low,low,mid
2026-05-27,4,46041.79,1393.76,6819.41,11594.04,5427.41,1.53,40612.850000000006,1723.74,341.53,107.55999999999997,2021.67,1232.91,False,,,,,8213.17,False,False,False,-1125.3500000000001,low,low,low,high
2026-06-07,17,72272.13,2327.72,8045.38,21933.39,19370.54,20343.19,32558.400000000005,1578.93,2020.59,1076.5099999999998,1931.81,12762.7,False,,,,,10373.1,False,False,False,-11686.19,high,mid,high,low
2026-05-28,12,59634.07,1797.54,7638.91,16388.93,1876.83,32333.03,25424.21,167.2,24.41,78.82,28.69,1577.7100000000003,False,,,,,9436.45,False,False,False,-1498.8900000000003,low,low,mid,high
2026-05-29,2,51971.89,1603.22,7372.0,13555.53,17853.29,1.23,34117.369999999995,681.91,1560.09,1750.01,1818.81,12042.47,False,,,,,8975.22,False,False,False,-10292.46,high,mid,low,low
2026-05-31,19,76154.94,2238.42,7607.75,23541.13,19048.63,20367.77,36738.53999999999,2324.09,1089.65,488.83,1273.79,13872.27,False,1.0,1.0,0.6710000038146973,34.141700744628906,9846.17,True,True,True,-13383.44,high,low,high,low
2026-06-28,22,75989.05,2421.58,8062.78,23015.24,28652.43,67.26,47269.36,3241.45,2451.3,3250.48,3320.25,16388.95,False,1.0,,1.0640000104904175,,10484.36,False,True,True,-13138.470000000001,high,high,high,low
2026-06-22,13,76672.13,2213.34,8096.77,22249.83,13344.84,30496.84,32830.45000000001,3259.07,920.57,788.7599999999999,2514.23,5862.21,False,,,,,10310.11,False,False,False,-5073.45,mid,low,high,mid
2026-06-25,15,78067.02,2459.99,8080.38,21962.3,20768.88,29027.47,28270.67,2948.1399999999994,1849.24,1822.9700000000005,2446.71,11701.819999999998,False,,,,,10540.369999999999,False,False,False,-9878.849999999997,high,mid,high,low
2026-06-09,6,54641.94,1502.2,7581.17,15005.11,18260.97,0.48,36380.49,888.9800000000001,1557.5599999999997,2742.2000000000003,1662.11,11410.12,False,,,,,9083.37,False,False,False,-8667.92,high,high,low,mid
2026-06-08,22,70588.72,2102.7,7929.25,21664.99,23672.5,0.6,46915.62,1819.23,2211.1,3195.66,2138.63,14307.88,False,,,,,10031.95,False,False,False,-11112.22,high,high,high,low
2026-06-20,16,70535.89,2295.67,8410.52,22225.6,7110.07,24538.97,38886.85,453.56999999999994,349.2,2298.99,1562.77,2445.5400000000004,False,,,,,10706.19,False,False,False,-146.55000000000064,low,high,high,high
2026-07-07,15,82369.12,2355.35,7493.22,25934.9,5281.83,28935.11,48152.17999999999,1757.33,114.26000000000002,485.76,995.3100000000001,1929.17,False,,,,,9848.57,False,False,False,-1443.41,low,low,high,high
2026-05-20,4,45089.7,1253.66,7272.98,10811.21,11367.11,0.1,33722.49,1197.5,542.07,2079.58,1520.88,6027.080000000001,False,1.0,,37.249000549316406,,8526.64,False,True,True,-3947.500000000001,mid,mid,low,high
2026-06-14,19,71084.8,2192.63,7663.07,19130.3,12349.76,12408.58,46326.46,2211.4,968.1599999999999,218.4,999.03,7952.7699999999995,False,1.0,,0.6660000085830688,,9855.7,False,True,True,-7734.37,mid,low,high,mid
2026-06-19,24,60388.96,1828.7,7497.08,15371.99,11236.65,1.95,49150.36,1306.4700000000003,356.67,2201.58,1064.49,6307.44,False,1.0,1.0,45.558998107910156,114.23992919921875,9325.78,True,True,True,-4105.86,mid,mid,mid,high
2026-06-09,14,75524.77,2146.05,7870.01,22451.5,17982.66,26819.91,30722.2,1595.6899999999998,944.85,2021.63,1568.1600000000003,11852.33,False,,,,,10016.060000000001,False,False,False,-9830.7,high,mid,high,low
2026-07-12,6,54142.83,1786.7,7794.06,14992.6,8620.73,0.09,45522.01000000001,813.3599999999999,821.11,898.7200000000001,934.88,5152.66,False,1.0,1.0,30.66900062561035,3.3969366550445557,9580.76,True,True,True,-4253.94,low,low,mid,high
2026-05-14,21,68313.41,2050.84,8041.0,19743.74,24790.52,104.54,43418.35,2292.517100083334,2430.68473025,2427.68699925,2730.1350571666662,14747.227151916668,True,,,,,10091.84,False,False,False,-12319.540152666668,high,high,high,low
2026-06-25,21,75266.07,2377.07,7779.95,22275.78,27219.94,717.7,47328.43000000001,2489.17,2204.63,2998.75,2681.85,16845.54,False,,,,,10157.02,False,False,False,-13846.79,high,high,high,low
2026-07-11,7,55181.38,1801.88,7558.6,15454.01,9562.27,147.21,45471.9,726.4899999999999,988.01,397.18,1266.37,6184.220000000001,False,1.0,1.0,14.725000381469727,27.77874183654785,9360.48,True,True,True,-5787.040000000001,mid,low,mid,mid
2026-07-04,5,56496.02,1863.27,7591.19,16070.83,20535.03,0.18,35960.81,832.1099999999999,1804.87,3411.46,1515.8700000000001,12970.72,False,1.0,,0.3089999854564667,,9454.46,False,True,True,-9559.259999999998,high,high,mid,low
2026-06-04,13,65289.75,1903.28,7798.9,19076.61,3661.33,27299.4,34329.02,204.78,97.69,1405.18,88.39,1865.29,False,,,,,9702.18,False,False,False,-460.1099999999999,low,mid,high,high
2026-07-05,3,58763.25,1816.94,7627.37,16301.59,14929.87,0.29,43833.09,964.3300000000002,1552.98,1325.04,1825.53,9261.99,False,1.0,1.0,5.534999847412109,20.705127716064453,9444.31,True,True,True,-7936.95,mid,mid,mid,mid
2026-07-02,11,69228.37,2116.54,7583.26,20301.28,16426.85,27480.76,25320.76,1082.96,583.04,2760.12,1759.37,10241.36,False,,,,,9699.8,False,False,False,-7481.240000000001,mid,high,high,mid
2026-06-19,4,59391.27,1899.79,7264.69,16301.19,11111.34,0.59,48279.34,1718.06,1237.9,984.51,2299.16,4871.71,False,1.0,1.0,14.081999778747559,36.91853332519531,9164.48,True,True,True,-3887.2,low,low,mid,high
2026-07-06,10,64425.35,1884.5,7585.78,17846.42,2273.71,25318.77,36832.869999999995,634.78,42.64,149.7,990.16,456.43000000000006,False,,,,,9470.279999999999,False,False,False,-306.7300000000001,low,low,mid,high
2026-07-09,12,74621.78,2214.68,7776.31,22974.11,14628.22,33282.22,26711.339999999997,521.89,888.5800000000002,1309.43,1686.17,10222.149999999998,False,,,,,9990.99,False,False,False,-8912.719999999998,mid,mid,high,mid
2026-05-01,13,50156.11,1319.37,7084.97,12808.35,12498.67,9714.89,27942.550000000003,1805.5120511666667,1468.3503141666665,781.271159,1200.1218150833333,7050.314662666666,True,,,,,8404.34,False,False,False,-6269.043503666666,mid,low,low,mid
2026-05-25,10,52562.88,1579.74,7503.18,13701.91,2665.92,27870.28,22026.68,21.46,58.34,252.99,191.82,2141.31,False,,,,,9082.92,False,False,False,-1888.32,low,low,low,high
2026-07-05,20,77795.96,2099.08,7578.08,22541.64,13754.51,6026.8,58014.65,2459.7799999999997,837.98,1236.49,1914.96,7305.3,False,1.0,1.0,2.9210000038146973,291.52178955078125,9677.16,True,True,True,-6068.81,mid,mid,mid,mid
2026-06-02,8,56220.27,1568.15,7363.21,15473.58,7064.21,8109.41,41046.649999999994,10.24,282.74999999999994,1899.46,300.93,4570.83,False,1.0,,5.068999767303467,,8931.36,False,True,True,-2671.37,low,mid,low,high
2026-05-04,15,58888.16,1347.12,7966.18,15931.89,16248.47,25946.36,16693.33,2016.3240767500004,2168.444732,1978.4622949166667,1359.3336470833333,9506.29228275,True,,,,,9313.3,False,False,False,-7527.829987833334,mid,mid,mid,mid
2026-06-24,21,76141.57,2307.17,7706.82,23145.93,18765.48,729.45,56646.640000000014,2135.66,977.76,1388.81,2503.4,11759.85,False,,,,,10013.99,False,False,False,-10371.04,high,mid,high,low
2026-06-08,7,57537.87,1752.41,7496.7,15822.24,23027.6,140.12,34370.15,1807.7899999999997,2082.27,2523.89,1775.08,14838.569999999998,False,,,,,9249.11,False,False,False,-12314.679999999998,high,high,mid,low
2026-05-01,16,49915.06,1221.07,7153.75,12850.45,14883.31,10618.15,24413.6,1700.9955069166674,1327.18755975,654.2786855833333,2570.358159,8346.283936333333,True,,,,,8374.82,False,False,False,-7692.00525075,mid,low,low,mid
2026-05-15,7,50968.52,1580.97,7389.99,13464.63,25175.46,117.53,25675.53,2420.49,2233.85,3345.59,3004.6,14170.929999999998,False,,,,,8970.96,False,False,False,-10825.339999999998,high,high,low,low
2026-05-29,18,77811.58,2208.19,8291.17,22780.54,16587.65,23878.71,37345.22,1878.02,701.63,1713.78,2088.86,10205.360000000002,False,1.0,1.0,0.23499999940395355,47.25639343261719,10499.36,True,True,True,-8491.580000000002,mid,mid,high,mid
2026-06-09,22,72548.89,2177.24,7902.1,21424.8,24069.17,4.61,48475.11,1672.22,2012.83,3254.55,2707.81,14421.76,False,,,,,10079.34,False,False,False,-11167.21,high,high,high,low
2026-06-21,16,74757.95,2381.18,8266.14,21865.91,16499.05,29132.89,29126.009999999995,3124.02,2043.34,85.76,2582.42,8663.509999999998,False,1.0,,0.4359999895095825,,10647.32,False,True,True,-8577.749999999998,mid,low,high,mid
2026-06-24,4,56495.82,1868.19,7397.96,15234.31,20389.55,2.4,36103.87,1577.5100000000002,2040.12,1000.1499999999999,2066.08,13705.689999999999,False,,,,,9266.15,False,False,False,-12705.539999999999,high,low,mid,low
2026-06-15,18,67756.03,2073.12,7831.77,20608.81,3733.22,14609.77,49413.03999999999,1508.1699999999998,190.02999999999997,260.13,985.82,789.07,False,1.0,,1.1699999570846558,,9904.89,False,True,True,-528.94,low,low,high,high
2026-06-26,22,74694.54,2337.13,7982.99,22435.62,26004.94,1.0,48688.59999999999,3105.03,2333.2,1065.52,3064.15,16437.040000000005,False,,,,,10320.119999999999,False,False,False,-15371.520000000004,high,low,high,low
2026-07-08,16,82693.97,2566.65,7053.52,26850.84,10957.8,28786.18,42949.99,1311.19,449.19,1816.8,1309.34,6071.28,False,,,,,9620.17,False,False,False,-4254.48,mid,mid,mid,high
2026-07-11,4,56837.68,1840.03,7605.06,16321.96,12874.92,0.1,43962.66,1292.55,1174.92,1357.21,1756.32,7293.919999999999,False,1.0,,9.675999641418457,,9445.09,False,True,True,-5936.709999999999,mid,mid,mid,mid
2026-05-07,10,49395.5,1384.06,7193.69,12258.25,6998.4,16530.95,25866.149999999998,1438.417764666667,606.1115109166666,319.32214316666665,1090.4849106666666,3324.2325575833333,True,1.0,,2.056999921798706,,8577.75,False,True,True,-3004.9104144166668,low,low,low,high
2026-06-20,8,52302.7,1600.17,7517.37,13248.47,6804.34,4012.6,41485.76,262.06,341.29,1632.56,375.49000000000007,4192.94,False,1.0,,18.493000030517578,,9117.54,False,True,True,-2560.3799999999997,low,mid,low,high
2026-05-08,1,45618.13,1302.77,6821.7,11090.49,9751.39,0.07,35866.67,867.1172189166668,317.99406658333334,3086.18561675,205.73352583333332,5283.248134666667,True,1.0,1.0,59.7869987487793,240.68850708007812,8124.469999999999,True,True,True,-2197.0625179166673,low,high,low,high
2026-06-23,4,57668.68,1782.36,7578.16,16110.71,16459.84,0.65,41208.189999999995,1985.96,1160.17,2576.0299999999997,2396.67,8341.01,False,1.0,,7.089000225067139,,9360.52,False,True,True,-5764.9800000000005,mid,high,mid,mid
2026-07-10,17,82394.46,2540.2,7968.0,26851.95,18718.46,28580.22,35095.780000000006,3219.16,1765.07,1623.56,2404.29,9706.38,False,,,,,10508.2,False,False,False,-8082.82,mid,mid,high,mid
2026-06-21,8,51306.81,1768.1,7205.49,13847.56,20595.64,5201.96,25509.21,1134.5,1691.3099999999997,3307.71,1580.54,12881.58,False,,,,,8973.59,False,False,False,-9573.869999999999,high,high,low,low
2026-05-08,8,47556.09,1380.88,6821.74,12078.65,7393.99,1659.11,38502.99,654.8209215000002,688.2688640833334,2082.6563506666666,356.98213508333333,3861.62077175,True,1.0,1.0,57.75299835205078,162.5297393798828,8202.619999999999,True,True,True,-1778.9644210833335,low,mid,low,high
2026-06-14,5,54566.16,1649.26,7573.0,14468.02,11147.23,1.28,43417.65000000001,704.43,1394.48,2726.68,491.65999999999997,5829.98,False,1.0,,5.513000011444092,,9222.26,False,True,True,-3103.2999999999997,mid,high,mid,high
2026-06-22,12,73003.07,2118.75,8000.68,20824.43,13851.41,28972.3,30179.360000000004,3304.61,684.33,777.57,2602.4,6482.500000000001,False,,,,,10119.43,False,False,False,-5704.930000000001,mid,low,high,mid
2026-06-18,14,79780.32,2542.01,7328.51,23792.73,11467.06,30034.22,38279.04000000001,2492.15,737.66,3714.03,803.6600000000001,3719.56,False,,,,,9870.52,False,False,False,-5.529999999999745,low,high,high,high
2026-06-23,5,57316.56,1769.88,7552.98,15930.63,15736.13,0.6,41579.83,1747.09,1183.62,2154.4300000000003,2287.07,8363.92,False,1.0,,8.093999862670898,,9322.86,False,True,True,-6209.49,mid,mid,mid,mid
2026-05-05,21,63735.12,1754.55,7326.35,17618.26,15357.93,80.33,48296.86,3022.9908020833336,1512.7959148333334,2210.1439723333337,2528.9287151666667,6173.694782999999,True,1.0,1.0,33.729000091552734,97.04991912841797,9080.9,True,True,True,-3963.5508106666653,mid,mid,low,high
2026-06-08,14,75321.28,2191.43,7929.28,22465.58,18746.05,25062.0,31513.229999999996,2767.68,1573.66,354.47,2155.5,11894.739999999998,False,,,,,10120.71,False,False,False,-11540.269999999999,high,low,high,low
2026-06-12,1,62881.63,1910.43,7564.58,17968.54,18905.81,1.08,43974.73999999999,1675.4400000000003,1786.1,3133.68,2367.54,9943.05,False,,1.0,,9.06109619140625,9475.01,True,False,True,-6809.369999999999,mid,high,mid,mid
2026-07-05,8,53699.89,1774.38,7553.6,14046.01,10539.38,6338.17,36822.340000000004,593.79,945.7199999999999,860.3400000000001,1336.11,6803.42,False,1.0,1.0,13.319000244140625,0.30437085032463074,9327.98,True,True,True,-5943.08,mid,low,mid,mid
2026-06-28,23,72627.48,2323.7,7960.09,21716.35,28237.5,1.0,44388.979999999996,3019.27,2485.9,3301.3199999999997,3313.4999999999995,16117.509999999998,False,,,,,10283.79,False,False,False,-12816.189999999999,high,high,high,low
2026-06-04,8,52644.45,1573.52,7191.63,14374.06,5725.71,4609.29,42309.45,23.19,417.8,876.34,165.35,4243.03,False,1.0,,13.234000205993652,,8765.15,False,True,True,-3366.6899999999996,low,low,low,high
2026-05-03,5,40950.52,1322.06,7509.98,9811.23,17791.71,0.27,23158.539999999997,63.90147441666667,1963.3232925833331,2932.1472845,446.7388615833333,11991.142011333333,True,1.0,,71.47100067138672,,8832.039999999999,False,True,True,-9058.994726833334,high,high,low,mid
2026-06-08,19,76630.37,2364.22,7794.4,24675.93,20375.19,18147.98,38107.2,1960.06,1971.47,1220.9,1925.74,13297.02,False,,,,,10158.619999999999,False,False,False,-12076.12,high,mid,high,low
2026-05-29,19,76330.01,2261.9,7891.62,22610.68,17640.48,19479.63,39209.899999999994,1780.83,750.33,2144.3,2273.7,10691.319999999998,False,1.0,1.0,2.121999979019165,74.95069885253906,10153.52,True,True,True,-8547.019999999997,mid,mid,high,mid
2026-06-29,9,63137.78,1768.29,7656.51,18225.55,25010.09,15324.14,22803.550000000003,2737.5,2361.93,1678.19,3077.32,15155.149999999998,False,,,,,9424.8,False,False,False,-13476.959999999997,high,mid,mid,low
2026-06-17,20,76701.71,2542.92,7360.3,23118.51,16926.35,11253.17,48522.19000000001,766.9699999999999,1750.13,387.99,453.25,13568.01,False,,,,,9903.220000000001,False,False,False,-13180.02,high,low,high,low
2026-06-23,24,66081.73,2008.84,7652.65,18652.32,20349.04,2.62,45730.06999999999,1956.14,1675.4,2873.98,2468.39,11375.13,False,,,,,9661.49,False,False,False,-8501.15,high,high,mid,mid
2026-07-01,3,58713.95,1828.38,7615.5,16657.16,20640.52,0.67,38072.759999999995,1424.7699999999998,1980.33,3100.0300000000007,2151.15,11984.24,False,1.0,,3.565999984741211,,9443.880000000001,False,True,True,-8884.21,high,high,mid,mid
2026-05-19,9,58007.29,1741.75,7308.97,16599.91,16741.95,7923.36,33341.979999999996,2149.9999999999995,445.61999999999995,2784.43,1734.92,9626.98,False,,,,,9050.720000000001,False,False,False,-6842.549999999999,mid,high,low,mid
2026-05-27,19,61497.95,1974.96,7851.8,18615.98,1425.92,17517.92,42554.11,88.51,65.0,477.15999999999997,180.46,614.79,False,,,,,9826.76,False,False,False,-137.63,low,low,high,high
2026-06-28,9,59834.7,1898.69,7758.71,16793.32,24603.71,17457.01,17773.98,2948.98,2303.54,1539.35,2790.95,15020.89,False,,,,,9657.4,False,False,False,-13481.539999999999,high,mid,mid,low
2026-06-29,15,82016.17,2502.76,7452.16,25135.68,22684.08,27409.59,31922.499999999996,3131.9499999999994,2318.06,1365.78,2900.0099999999998,12968.279999999999,False,,,,,9954.92,False,False,False,-11602.499999999998,high,mid,high,low
2026-05-21,22,56464.34,1550.8,7380.25,15123.71,7487.86,1.31,48975.17,144.68,371.06000000000006,2890.07,887.78,3194.27,False,1.0,,16.582000732421875,,8931.05,False,True,True,-304.1999999999998,low,high,low,high
2026-07-05,12,71011.79,2181.0,8122.28,20649.36,4832.41,31508.74,34670.639999999985,686.11,214.91,125.49,862.02,2943.88,False,,,,,10303.279999999999,False,False,False,-2818.3900000000003,low,low,high,high
2026-05-02,13,47222.56,1076.49,7728.9,12260.63,3141.67,32659.97,11420.919999999998,1938.7406418333335,52.55025200000001,135.63531566666666,899.2905161666666,339.82993550000003,True,1.0,,5.586999893188477,,8805.39,False,True,True,-204.19461983333338,low,low,low,high
2026-05-20,16,60334.98,1508.6,6881.84,16228.73,6165.5,20043.77,34125.71000000001,349.19,18.679999999999996,1662.6800000000005,333.91,3801.04,False,1.0,,4.39900016784668,,8390.44,False,True,True,-2138.3599999999997,low,mid,low,high
2026-05-21,24,51063.61,1413.71,7349.45,13342.5,8909.71,0.17,42153.73,231.35,304.69,2457.03,968.4799999999999,4948.16,False,1.0,,21.944000244140625,,8763.16,False,True,True,-2491.1299999999997,low,high,low,high
2026-06-14,12,63036.4,2061.9,7846.68,15859.53,8881.83,20753.92,33400.65,1612.56,93.31,2689.01,136.36,4350.59,False,,1.0,,2.699131727218628,9908.58,True,False,True,-1661.58,low,high,high,high
2026-06-15,2,54848.48,1678.28,7044.08,13724.81,7295.1,0.11,47553.270000000004,881.62,500.6499999999999,585.23,1317.41,4010.189999999999,False,1.0,,0.7170000076293945,,8722.36,False,True,True,-3424.959999999999,low,low,low,high
2026-06-17,19,77890.07,2540.12,7184.13,23786.1,15795.02,22134.69,39960.36,596.64,1928.35,312.0,255.37000000000003,12702.66,False,,,,,9724.25,False,False,False,-12390.66,high,low,high,low
2026-05-17,9,53955.22,1608.46,7487.26,14128.84,23038.18,9150.59,21766.45,3508.95,1685.2600000000002,2911.53,3109.03,11823.410000000002,False,,,,,9095.720000000001,False,False,False,-8911.880000000001,high,high,low,mid
2026-05-08,10,49935.74,1446.6,7265.58,12841.77,4121.83,10356.45,35457.45999999999,320.5308549166667,202.11151475,1400.1820728333332,292.07223625,2393.618417083333,True,1.0,1.0,3.3480000495910645,33.856964111328125,8712.18,True,True,True,-993.4363442499998,low,mid,low,high
2026-07-12,22,69162.54,2225.7,7713.4,20263.68,11640.52,0.03,57521.98999999999,1461.3299999999997,1037.37,481.28999999999996,2345.62,6314.909999999999,False,1.0,,7.730000019073486,,9939.099999999999,False,True,True,-5833.619999999999,mid,low,high,mid
2026-06-05,18,66152.62,1930.58,7193.47,19426.24,9924.86,9516.83,46710.92999999999,536.4300000000001,604.25,2976.8100000000004,885.9700000000001,4921.4,False,1.0,,4.627999782562256,,9124.05,False,True,True,-1944.5899999999992,low,high,low,high
2026-05-29,4,49070.54,1528.21,7284.24,12540.43,15693.17,1.24,33376.130000000005,373.21999999999997,1529.54,1544.42,1247.44,10998.55,False,,,,,8812.45,False,False,False,-9454.13,mid,mid,low,low
2026-06-23,19,79783.31,2541.05,7505.25,23038.37,22343.32,14628.3,42811.69,2896.7400000000002,769.9099999999999,2963.5,2460.43,13252.739999999998,False,,,,,10046.3,False,False,False,-10289.239999999998,high,high,high,low
2026-05-18,1,57513.12,1666.48,7671.35,15389.38,28609.89,0.19,28903.040000000005,3469.45,2298.34,3125.61,3388.0600000000004,16328.429999999997,False,,,,,9337.83,False,False,False,-13202.819999999996,high,high,mid,low
2026-07-08,2,59315.45,1852.77,7765.42,17198.07,18859.59,0.16,40455.7,1127.41,1772.7,3213.3,2068.47,10677.71,False,1.0,,5.065000057220459,,9618.19,False,True,True,-7464.409999999999,mid,high,mid,mid
2026-07-02,15,80466.37,2467.31,7982.65,24610.24,11532.83,28927.71,40005.829999999994,2148.36,545.33,2501.24,1325.4399999999998,5012.46,False,,,,,10449.96,False,False,False,-2511.2200000000003,low,high,high,high
2026-05-01,11,50188.42,1320.59,7194.19,13002.04,12194.32,4553.85,33440.25,1438.2434248333338,1337.7440408333334,1264.8068921666668,1084.7104944999999,6849.046401583333,True,1.0,1.0,2.9539999961853027,2.8843348026275635,8514.779999999999,True,True,True,-5584.239509416666,mid,mid,low,mid
2026-06-12,24,63597.31,2045.26,7533.21,17536.06,21034.04,1.1,42562.17,1450.02,1735.13,3113.49,2026.47,12708.93,False,,,,,9578.47,False,False,False,-9595.44,high,high,mid,low
2026-07-06,12,73775.46,2085.14,7866.67,21557.33,1263.01,30916.36,41596.09000000001,356.04,17.03,81.42000000000002,556.53,251.99,False,,,,,9951.81,False,False,False,-170.57,low,low,high,high
2026-06-13,5,53483.2,1737.81,7556.93,14061.49,12379.36,0.41,41103.42999999999,1006.49,1500.12,1384.11,986.24,7502.399999999999,False,1.0,,0.574999988079071,,9294.74,False,True,True,-6118.289999999999,mid,mid,mid,mid
2026-07-07,2,59439.59,1776.68,7485.71,16830.79,9370.23,0.86,50068.5,1120.91,551.53,1937.97,1727.81,4032.01,False,1.0,,9.795000076293945,,9262.39,False,True,True,-2094.04,low,mid,mid,high
2026-06-02,1,59931.06,1637.46,7469.93,16912.46,15056.01,0.03,44875.02,606.87,1038.4,3508.82,1271.4,8630.519999999999,False,1.0,,11.79800033569336,,9107.39,False,True,True,-5121.699999999999,mid,high,low,mid
2026-06-13,23,67665.16,2060.81,7819.29,19415.14,20686.68,0.17,46978.310000000005,1544.94,2161.15,2171.9899999999993,1716.81,13091.790000000003,False,,,,,9880.1,False,False,False,-10919.800000000003,high,mid,high,low
2026-05-03,9,43332.79,1093.67,7544.32,11153.86,11629.82,19633.09,12069.880000000001,267.5348059166667,1615.3412690833331,2051.1121986666662,220.2421838333333,9405.356794833333,True,,,,,8637.99,False,False,False,-7354.244596166667,mid,mid,low,mid
2026-05-29,14,72732.91,2067.1,7839.77,21276.73,10642.89,29313.42,32776.600000000006,715.64,95.94999999999999,729.36,501.6,8600.34,False,,,,,9906.87,False,False,False,-7870.9800000000005,mid,low,high,mid
2026-06-29,19,82083.87,2554.48,6977.34,26055.27,24163.21,19507.34,38413.31999999999,3471.43,2296.18,1734.87,3006.7399999999993,13653.99,False,1.0,,0.6759999990463257,,9531.82,False,True,True,-11919.119999999999,high,mid,mid,low
2026-05-20,12,53528.22,1377.12,7541.28,14129.5,8390.86,17673.44,27463.920000000002,2171.1400000000003,324.12,635.48,968.94,4291.18,False,1.0,,4.136000156402588,,8918.4,False,True,True,-3655.7000000000003,low,low,low,high
2026-06-01,6,52303.53,1482.17,7297.32,14037.7,13153.02,0.05,39150.45999999999,502.24,1623.58,1428.9600000000003,944.45,8653.79,False,,,,,8779.49,False,False,False,-7224.830000000001,mid,mid,low,mid
2026-06-16,2,53092.85,1638.93,7339.53,14187.49,5019.13,0.14,48073.58,262.79,78.70999999999998,1136.04,268.83,3272.76,False,1.0,1.0,26.535999298095703,9.439019203186035,8978.46,True,True,True,-2136.7200000000003,low,mid,low,high
2026-05-10,3,49335.29,1487.58,7460.82,12644.74,22328.88,0.76,27005.65,797.9841108333334,2454.247505833333,2040.9222893333333,1483.4701401666664,15665.9045885,True,,,,,8948.4,False,False,False,-13624.982299166666,high,mid,low,low
2026-06-06,14,66625.48,1862.28,7497.19,18991.59,6318.56,26022.4,34284.52,1129.7500000000002,329.87,713.58,935.14,3210.22,False,,,,,9359.47,False,False,False,-2496.64,low,low,mid,high
2026-06-12,11,68860.28,1995.78,7808.67,20064.64,7965.14,22119.54,38775.6,1902.81,405.91,888.64,1387.87,3379.91,False,,,,,9804.45,False,False,False,-2491.27,low,low,high,high
2026-06-18,8,58718.03,1878.72,7288.29,15930.32,19608.29,7273.01,31836.729999999996,1634.58,1884.1900000000003,2660.62,1878.7700000000002,11550.13,False,1.0,,4.289000034332275,,9167.01,False,True,True,-8889.509999999998,high,high,mid,mid
2026-06-23,14,78240.58,2406.48,7843.92,22924.49,17426.78,27724.77,33089.03,2685.55,1164.28,2005.8699999999997,2141.44,9429.64,False,,,,,10250.4,False,False,False,-7423.7699999999995,mid,mid,high,mid
2026-07-10,4,57535.03,1828.7,7406.94,16910.71,21528.46,0.83,36005.74,471.88999999999993,2123.73,2878.97,1202.43,14851.44,False,,,,,9235.64,False,False,False,-11972.470000000001,high,high,mid,low
2026-07-10,9,61530.76,1942.48,7433.07,18132.57,14542.65,21061.43,25926.68,597.68,1247.58,1440.13,740.7299999999999,10516.53,False,,,,,9375.55,False,False,False,-9076.400000000001,mid,mid,mid,mid
2026-05-04,12,53484.38,1211.76,7798.71,14198.24,17901.77,25618.13,9964.48,2086.515854,2483.219069333333,2155.308783333333,1832.8375732499997,11229.205078249997,True,,,,,9010.47,False,False,False,-9073.896294916663,high,mid,low,mid
2026-05-01,10,49736.37,1359.28,7219.7,12813.33,12826.85,3112.99,33796.530000000006,1400.4414648333336,1160.80360725,1232.3827610833332,1076.3755304166666,7726.045966999999,True,1.0,,2.687000036239624,,8578.98,False,True,True,-6493.663205916666,mid,mid,low,mid
2026-07-05,22,72325.21,1729.3,7558.06,20777.95,19444.44,1.41,52879.36,1803.8,1559.23,1795.3,2338.06,11948.05,False,1.0,1.0,8.293000221252441,0.33762499690055847,9287.36,True,True,True,-10152.75,high,mid,mid,low
2026-06-03,5,47823.11,1548.01,6111.19,12369.24,7892.25,0.09,39930.770000000004,130.97,263.86,1336.62,370.13,5790.670000000001,False,1.0,,18.23200035095215,,7659.2,False,True,True,-4454.050000000001,mid,mid,low,mid
2026-06-18,1,61499.49,2035.43,7660.82,17239.36,24276.08,0.92,37222.49,1533.51,2293.56,2757.89,2386.99,15304.13,False,,,,,9696.25,False,False,False,-12546.24,high,high,high,low
2026-05-07,23,51024.01,1379.86,7267.04,12855.62,11253.84,1.57,39768.6,1945.306709416667,228.76296133333332,2109.0225646666668,818.2730479999999,6032.691180499999,True,1.0,1.0,59.67599868774414,176.11068725585938,8646.9,True,True,True,-3923.6686158333323,mid,mid,low,high
2026-05-13,20,70892.63,2064.5,7819.97,20668.78,13259.24,8441.32,49192.07000000001,1055.1510340833333,390.10856591666663,2425.9570600833335,676.4174142500001,8423.323562916667,True,,,,,9884.470000000001,False,False,False,-5997.366502833333,mid,high,high,mid
2026-07-06,14,81294.35,2302.14,7891.27,24651.63,2741.16,30831.28,47721.91,1449.3100000000002,14.479999999999999,123.03,591.01,563.33,False,,,,,10193.41,False,False,False,-440.30000000000007,low,low,high,high
2026-06-10,23,70413.51,2118.46,7853.93,20987.78,27405.24,4.2,43004.06999999999,2205.52,2393.43,3715.5400000000004,2738.69,16352.06,False,,,,,9972.39,False,False,False,-12636.519999999999,high,high,high,low
2026-06-17,10,60670.82,2008.8,7814.45,17273.08,13221.55,21417.96,26031.310000000005,329.21,1192.43,1903.94,214.47,9581.5,False,,,,,9823.25,False,False,False,-7677.5599999999995,mid,mid,high,mid
2026-07-12,11,64034.44,2016.91,7933.35,18531.99,3868.23,25247.92,34918.29,691.81,189.08,642.6,879.19,1465.55,False,,,,,9950.26,False,False,False,-822.9499999999999,low,low,high,high
2026-05-21,17,59120.64,1583.64,7420.29,15655.13,8664.25,17183.2,33273.19,501.55,187.74,1902.47,799.45,5273.04,False,,,,,9003.93,False,False,False,-3370.5699999999997,low,mid,low,high
2026-06-08,15,76612.1,2203.43,7876.73,23320.77,18386.59,25124.54,33100.97000000001,2570.73,1533.09,461.1200000000001,2339.9,11481.749999999998,False,,,,,10080.16,False,False,False,-11020.629999999997,high,low,high,low
2026-06-11,22,73500.87,2248.95,7451.42,21790.7,18037.37,3.47,55460.03,2181.98,1214.92,2991.34,2917.59,8731.54,False,,,,,9700.369999999999,False,False,False,-5740.200000000001,mid,high,high,mid
2026-06-05,13,64071.1,1858.67,7525.34,18381.63,5921.75,20376.51,37772.84,118.29,363.69,1021.1299999999999,40.94,4377.7,False,,,,,9384.01,False,False,False,-3356.5699999999997,low,low,mid,high
2026-06-23,16,81288.95,2560.63,7472.05,24370.3,19455.46,25399.37,36434.119999999995,2878.08,1032.13,2691.41,2356.35,10497.49,False,,,,,10032.68,False,False,False,-7806.08,mid,high,high,mid
2026-06-26,18,82132.06,2526.18,7539.14,25275.17,20875.84,25431.47,35824.75,3539.32,2044.9200000000003,687.8000000000001,2953.48,11650.32,False,,,,,10065.32,False,False,False,-10962.52,high,low,high,low
2026-05-22,10,54060.7,1410.85,7269.82,14328.87,5431.14,24776.7,23852.859999999997,806.34,61.45,306.68,972.8200000000002,3283.85,False,,,,,8680.67,False,False,False,-2977.17,low,low,low,high
2026-06-03,23,60755.26,1827.03,7229.71,18541.34,12144.77,0.03,48610.46000000001,493.93999999999994,1171.37,2678.92,890.1,6910.44,False,1.0,,26.761999130249023,,9056.74,False,True,True,-4231.5199999999995,mid,high,low,high
2026-05-21,21,57567.63,1536.75,7324.92,15444.15,7192.66,236.53,50138.44,82.05,282.42,2829.2000000000003,717.1,3281.89,False,1.0,,15.187000274658203,,8861.67,False,True,True,-452.6899999999996,low,high,low,high
2026-05-06,20,58166.89,1555.46,7594.77,13147.31,9050.6,4449.4,44666.89,1007.9542282500003,539.72112125,1898.0729365,1121.782683,4308.610578000001,True,1.0,1.0,30.298999786376953,34.261444091796875,9150.23,True,True,True,-2410.537641500001,low,mid,low,high
2026-05-22,6,46154.35,1313.72,7235.07,11722.81,8035.8,0.25,38118.299999999996,970.44,43.02,2073.9000000000005,1084.29,3864.1500000000005,False,1.0,,1.0460000038146973,,8548.789999999999,False,True,True,-1790.25,low,mid,low,high
2026-05-11,11,52535.5,1630.37,7472.09,13239.83,4568.19,23144.06,24823.249999999996,1405.9347225000001,384.92854724999995,45.54029408333333,1399.8990979166665,1383.2166080833333,True,1.0,1.0,6.11899995803833,14.822854995727539,9102.46,True,True,True,-1337.676314,low,low,low,high
2026-06-14,18,72477.99,2236.49,7858.11,19608.2,12277.49,17352.43,42848.07000000001,2186.06,810.93,239.37,853.03,8188.099999999999,False,1.0,,1.649999976158142,,10094.599999999999,False,True,True,-7948.73,mid,low,high,mid
2026-05-17,1,56502.28,1639.93,7642.35,14859.38,28312.65,0.11,28189.519999999997,3196.02,2410.57,2981.26,3355.09,16369.71,False,,,,,9282.28,False,False,False,-13388.449999999999,high,high,mid,low
2026-07-04,14,79591.01,2425.12,8263.69,24366.85,4871.33,32676.0,42043.67999999999,1365.21,177.29000000000002,559.43,959.81,1809.59,False,,,,,10688.810000000001,False,False,False,-1250.1599999999999,low,low,high,high
2026-06-15,3,53421.2,1610.6,7067.16,13225.44,5552.66,0.1,47868.439999999995,822.59,321.98999999999995,282.31,1137.6,2988.1699999999996,False,1.0,,0.6949999928474426,,8677.76,False,True,True,-2705.8599999999997,low,low,low,high
2026-05-14,4,47113.11,1448.37,7383.95,12098.99,21898.44,0.16,25214.510000000002,907.1772053333335,1675.2085643333335,2939.48835775,1726.6202375833334,14311.001113416667,True,,,,,8832.32,False,False,False,-11371.512755666667,high,high,low,low
2026-05-28,23,61982.73,1796.85,7510.24,16966.23,15424.87,1.18,46556.68,1315.74,899.88,1341.85,2540.59,9326.809999999998,False,,,,,9307.09,False,False,False,-7984.959999999997,mid,mid,mid,mid
2026-06-04,10,57147.38,1689.74,7488.92,16101.33,4316.09,18123.98,34707.31,18.55,288.92,938.84,97.75,2972.03,False,1.0,,0.47200000286102295,,9178.66,False,True,True,-2033.19,low,low,mid,high
2026-07-09,1,65454.25,2033.87,7869.44,19827.13,21963.97,0.84,43489.44,1089.61,2362.27,2749.59,1995.0800000000002,13767.420000000002,False,1.0,,0.9340000152587891,,9903.31,False,True,True,-11017.830000000002,high,high,high,low
2026-06-29,11,70929.72,2107.03,7741.86,20761.61,23626.2,27105.1,20198.420000000006,3048.76,2223.9300000000003,1188.65,2875.94,14288.92,False,,,,,9848.89,False,False,False,-13100.27,high,mid,high,low
2026-05-08,20,56039.49,1591.46,7130.7,14780.75,8023.14,4230.75,43785.6,1111.8077960833336,737.9027499166667,1712.7440799166668,712.1013065833333,3606.9202087500003,True,1.0,1.0,12.708000183105469,314.906494140625,8722.16,True,True,True,-1894.1761288333335,low,mid,low,high
2026-06-27,21,76345.86,2434.29,8155.34,23052.33,27418.92,1207.06,47719.880000000005,3364.86,2209.66,3008.23,2998.88,15837.29,False,1.0,,5.318999767303467,,10589.630000000001,False,True,True,-12829.060000000001,high,high,high,low
2026-07-03,11,68419.91,2166.95,7667.52,20065.33,14374.26,30903.94,23141.710000000003,876.1600000000001,785.38,2509.8,1395.24,8807.68,False,,,,,9834.470000000001,False,False,False,-6297.88,mid,high,high,mid
2026-05-02,23,48043.41,1427.06,7346.32,12537.52,9078.47,0.15,38964.79,185.23206783333336,496.69474991666664,1081.8482685,678.1592219166665,6364.848877666666,True,1.0,1.0,121.8290023803711,128.7321014404297,8773.38,True,True,True,-5283.000609166666,mid,mid,low,mid
2026-06-10,21,75693.98,2261.64,7816.3,22881.74,25960.55,944.57,48788.85999999999,2389.77,2055.0,3285.44,2772.49,15457.849999999997,False,,,,,10077.94,False,False,False,-12172.409999999996,high,high,high,low
2026-07-01,1,63611.31,1967.9,7562.65,18452.05,21378.41,0.61,42232.28999999999,1412.63,2121.98,2084.27,2661.81,13097.72,False,1.0,,1.3730000257492065,,9530.55,False,True,True,-11013.449999999999,high,mid,mid,low
2026-07-05,1,64775.76,1911.02,7745.83,18790.6,17379.06,0.66,47396.03999999999,1534.9899999999998,1765.8299999999997,752.76,2437.52,10887.96,False,1.0,,3.0329999923706055,,9656.85,False,True,True,-10135.199999999999,mid,low,mid,low
2026-05-15,15,69254.09,1919.82,8014.77,18851.15,21793.13,23108.36,24352.59999999999,3297.38,2211.77,1816.0300000000004,2654.5,11813.450000000003,False,,,,,9934.59,False,False,False,-9997.420000000002,high,mid,high,low
2026-05-21,12,54147.9,1446.02,7088.0,14792.36,3242.06,12540.18,38365.66,193.06,36.08,376.58,301.2,2335.14,False,,,,,8534.02,False,False,False,-1958.56,low,low,low,high
2026-05-10,24,52087.99,1385.95,7243.65,11811.84,13838.18,0.11,38249.7,392.40236375,1195.887199,258.9107414166667,1495.8584365,10418.012986916669,True,1.0,,6.545000076293945,,8629.6,False,True,True,-10159.102245500002,mid,low,low,low
2026-05-11,15,59176.17,1744.18,7755.23,14888.76,3345.99,28795.43,27034.75,959.1093382500001,307.36695116666664,305.0048415,1096.5768289166665,649.2299029166667,True,,,,,9499.41,False,False,False,-344.2250614166667,low,low,mid,high
2026-06-26,10,64615.03,1906.32,7493.37,18549.59,23332.28,22082.8,19199.95,3245.86,2284.03,1232.1,2715.85,13854.44,False,,,,,9399.69,False,False,False,-12622.34,high,mid,mid,low
2026-06-16,13,65736.51,2048.88,8211.99,19232.26,2373.86,25840.03,37522.619999999995,801.78,23.81,455.94,998.14,94.19,False,,,,,10260.869999999999,False,False,False,361.75,low,low,high,high
2026-07-03,13,75974.0,2337.17,7981.33,22827.99,9575.31,32666.56,33732.130000000005,1129.2800000000002,466.04,1288.77,1383.4299999999998,5307.79,False,,,,,10318.5,False,False,False,-4019.02,low,mid,high,high
2026-07-12,17,78206.87,2419.65,8153.69,25387.91,10760.15,21270.49,46176.229999999996,2527.5,442.62000000000006,1798.5900000000001,1738.31,4253.13,False,,,,,10573.34,False,False,False,-2454.54,low,mid,high,high
2026-05-10,18,64671.98,1869.31,7285.43,14480.79,21131.03,13541.6,29999.350000000006,2110.261525916667,1883.0097442499998,1987.1983320000002,1860.980594583333,13162.270179250001,True,,,,,9154.74,False,False,False,-11175.071847250001,high,mid,low,low
2026-05-31,18,76821.37,2292.72,7920.52,23750.11,16017.45,24897.37,35906.55,1779.65,961.63,459.86,956.84,11859.470000000001,False,1.0,1.0,2.11299991607666,63.79559326171875,10213.24,True,True,True,-11399.61,high,low,high,low
2026-05-22,19,70900.19,1928.83,7849.44,20293.0,13746.88,17741.38,39411.93000000001,2344.5700000000006,498.76,1621.25,1025.29,8257.01,False,,,,,9778.27,False,False,False,-6635.76,mid,mid,high,mid
2026-05-16,22,64262.26,1885.16,7899.57,17889.57,28193.72,0.16,36068.38,2921.07,2107.25,3442.85,3257.72,16464.83,False,,,,,9784.73,False,False,False,-13021.980000000001,high,high,high,low
2026-05-28,16,71457.31,2144.26,7840.17,20116.45,2363.03,31035.44,38058.84,389.78,34.56,85.02,165.25,1688.42,False,,,,,9984.43,False,False,False,-1603.4,low,low,high,high
2026-05-01,19,49335.39,1230.51,7451.78,12537.87,14113.45,4362.35,30859.590000000004,4254.793528416667,878.3634424999999,434.28348225,3174.3529154166663,6183.0540403333325,True,,,,,8682.289999999999,False,False,False,-5748.770558083333,mid,low,low,mid
2026-05-21,7,49785.99,1416.5,7088.53,12831.91,5168.69,54.66,44562.63999999999,1190.9300000000003,213.25,456.46,1188.39,2119.6599999999994,False,1.0,,15.821999549865723,,8505.029999999999,False,True,True,-1663.1999999999994,low,low,low,high
2026-06-27,16,80680.93,2518.3,8254.43,24233.25,22003.5,28983.24,29694.18999999999,3343.74,2309.04,1181.82,2723.42,12445.479999999998,False,,,,,10772.73,False,False,False,-11263.659999999998,high,mid,high,low
2026-06-30,18,81973.85,2498.13,7512.68,25658.62,21626.34,25358.72,34988.79000000001,2896.71,1727.9999999999998,1286.06,2541.35,13174.22,False,,,,,10010.810000000001,False,False,False,-11888.16,high,mid,high,low
2026-05-16,6,48048.86,1483.53,7485.07,12312.48,25293.02,0.22,22755.62,2088.44,2064.24,3539.51,2220.3,15380.530000000002,False,,,,,8968.6,False,False,False,-11841.020000000002,high,high,low,low
2026-05-21,5,46790.21,1383.5,7056.91,11527.07,6217.29,0.08,40572.84,852.51,256.57,341.77000000000004,2356.56,2409.88,False,1.0,,19.60099983215332,,8440.41,False,True,True,-2068.11,low,low,low,high
2026-05-22,3,45451.57,1250.89,7252.6,11394.92,11036.39,0.21,34414.97,978.98,153.68,2402.96,1439.68,6061.09,False,1.0,,4.968999862670898,,8503.49,False,True,True,-3658.13,mid,high,low,high
2026-06-13,10,61632.21,1930.76,7498.46,17427.54,14748.11,24182.14,22701.96,804.3500000000001,1216.32,2106.27,613.07,10008.1,False,,,,,9429.22,False,False,False,-7901.83,mid,mid,mid,mid
2026-05-14,10,55654.02,1682.89,7471.71,15468.43,13683.9,28362.96,13607.159999999996,269.0508550833334,636.9557823333333,2744.92304925,938.8801383333332,10297.933625416665,True,,,,,9154.6,False,False,False,-7553.010576166665,mid,high,low,mid
2026-06-02,6,53569.46,1506.36,7288.42,14325.71,9496.46,0.2,44072.8,126.61,619.33,1816.82,626.13,6307.569999999999,False,1.0,,14.27299976348877,,8794.78,False,True,True,-4490.749999999999,mid,mid,low,mid
2026-06-08,3,56026.13,1766.03,7551.01,15613.94,25668.24,4.16,30353.729999999996,1813.39,2323.5799999999995,3471.71,2121.15,15938.409999999998,False,,,,,9317.04,False,False,False,-12466.699999999997,high,high,mid,low
2026-06-16,20,72430.3,2346.5,8077.96,22413.2,8636.08,12111.15,51683.07,812.85,378.78,2252.73,659.24,4532.48,False,1.0,,1.840000033378601,,10424.46,False,True,True,-2279.7499999999995,low,high,high,high
2026-06-30,10,65557.37,2055.65,7671.05,18935.07,21123.84,22697.1,21736.43,1426.33,1857.45,1508.4600000000003,2222.06,14109.540000000003,False,,,,,9726.7,False,False,False,-12601.080000000002,high,mid,high,low
2026-06-07,5,50627.68,1521.49,7350.25,12018.11,16254.43,0.19,34373.06,2425.3,1703.3099999999997,283.66,2048.91,9793.25,False,,,,,8871.74,False,False,False,-9509.59,mid,low,low,low
2026-06-13,18,77551.6,2437.86,7818.53,23162.09,17523.62,24915.13,35112.850000000006,2885.5499999999997,1347.0200000000002,1819.52,2185.78,9285.75,False,,,,,10256.39,False,False,False,-7466.23,mid,mid,high,mid
2026-05-16,8,49059.14,1496.92,7433.34,12784.55,22776.59,5249.4,21033.15,1637.56,1925.8199999999997,2847.85,1867.6500000000003,14497.71,False,,,,,8930.26,False,False,False,-11649.859999999999,high,high,low,low
2026-05-07,9,49007.26,1366.46,7190.74,12435.74,7871.7,11223.51,29912.050000000003,1313.7985303333337,876.419044,304.04350966666664,1334.8228938333334,3848.4915982499997,True,,,,,8557.2,False,False,False,-3544.448088583333,low,low,low,high
2026-05-19,21,63247.74,1548.73,7244.01,14914.82,12562.01,375.72,50310.009999999995,2776.3700000000003,586.61,1081.25,2543.97,5573.81,False,1.0,,12.840999603271484,,8792.74,False,True,True,-4492.56,low,mid,low,mid
2026-06-09,1,59838.26,1847.68,7571.33,17343.14,24814.62,1.28,35022.36,1525.31,2264.81,3545.2899999999995,2168.68,15310.530000000002,False,,,,,9419.01,False,False,False,-11765.240000000003,high,high,mid,low
2026-06-05,1,55659.12,1703.89,7082.87,15360.86,15695.75,0.06,39963.310000000005,790.69,1434.9099999999999,1571.9500000000003,1266.97,10631.230000000001,False,1.0,,19.437999725341797,,8786.76,False,True,True,-9059.28,mid,mid,low,mid
2026-06-03,20,67811.4,1997.12,7475.98,21469.35,11604.39,6092.43,50114.579999999994,1646.3799999999999,857.2,1865.39,1854.37,5381.05,False,1.0,,10.64900016784668,,9473.099999999999,False,True,True,-3515.66,low,mid,mid,high
2026-07-10,21,75726.15,2349.89,7842.53,24416.57,19546.45,1397.05,54782.649999999994,1243.4399999999998,1493.24,2809.84,2341.86,11658.069999999998,False,,,,,10192.42,False,False,False,-8848.229999999998,high,high,high,mid
2026-06-16,5,50940.2,1634.22,7286.21,13303.34,2983.89,0.12,47956.189999999995,78.83,64.3,1261.23,206.02,1373.5099999999998,False,1.0,1.0,36.06100082397461,1.1368433237075806,8920.43,True,True,True,-112.27999999999975,low,mid,low,high
2026-05-03,8,42066.19,1306.89,7451.98,10513.83,16800.33,7012.31,18253.55,238.0509116666667,1948.767627833333,2479.9508251666666,328.17671741666663,11914.334298416668,True,1.0,,36.20000076293945,,8758.869999999999,False,True,True,-9434.383473250002,high,high,low,low
2026-05-16,1,54929.79,1565.9,7665.92,14781.97,25317.13,0.12,29612.54,2738.33,1419.1,2868.0900000000006,3137.48,15154.130000000003,False,,,,,9231.82,False,False,False,-12286.040000000003,high,high,mid,low
2026-05-29,22,68524.64,1934.58,7823.09,19789.28,22158.53,0.34,46365.770000000004,914.7600000000002,2054.28,2578.74,2534.5,14076.25,False,,,,,9757.67,False,False,False,-11497.51,high,high,high,low
2026-06-10,16,77849.46,2294.53,7164.56,23602.88,21365.09,24536.94,31947.43000000001,2730.13,1907.0600000000002,1263.61,1947.65,13516.64,False,,,,,9459.09,False,False,False,-12253.029999999999,high,mid,mid,low
2026-06-04,19,70697.33,2030.37,7714.25,21071.88,9411.12,14567.0,46719.21,1125.6499999999999,569.2,1583.6,1736.27,4396.4,False,1.0,,16.511999130249023,,9744.619999999999,False,True,True,-2812.7999999999997,low,mid,high,high
2026-06-01,14,75531.39,2055.29,7578.15,22873.31,3966.55,31076.06,40488.78,844.4799999999999,103.04,658.77,132.09,2228.17,False,,,,,9633.439999999999,False,False,False,-1569.4,low,low,mid,high
2026-07-12,13,72225.24,2177.83,8117.65,21632.9,3757.01,27840.78,40627.45000000001,1175.55,104.06000000000002,926.9099999999999,707.96,842.53,False,,,,,10295.48,False,False,False,84.37999999999988,low,low,high,high
2026-05-28,21,66845.67,1928.6,7128.57,18445.93,9003.59,641.18,57200.9,1494.66,252.85,374.30000000000007,1728.12,5153.659999999999,False,,,,,9057.17,False,False,False,-4779.359999999999,low,low,low,mid
2026-05-09,2,47895.93,1387.47,7370.65,11653.89,11705.87,0.9,36189.159999999996,736.5921273333336,1511.69166625,2568.890375833333,1053.5195792499999,5602.9860877500005,True,1.0,1.0,76.34500122070312,3.682868242263794,8758.119999999999,True,True,True,-3034.0957119166674,mid,high,low,high
2026-05-25,11,56512.33,1623.47,7582.78,15079.07,3143.13,30297.63,23071.570000000003,34.88,62.47999999999999,313.2,195.73,2536.84,False,,,,,9206.25,False,False,False,-2223.6400000000003,low,low,mid,high
2026-05-04,11,51928.14,1208.17,7727.01,13753.91,19471.55,23100.8,9355.79,2518.382028,2554.0084521666663,2342.4196742500003,2259.7482149999996,12724.143390166668,True,,,,,8935.18,False,False,False,-10381.723715916667,high,high,low,low
2026-06-26,1,62313.03,1966.59,7627.77,17676.61,23667.41,1.82,38643.799999999996,2468.7800000000007,2321.3100000000004,2203.4,2821.65,13852.27,False,,,,,9594.36,False,False,False,-11648.87,high,mid,mid,low
2026-05-20,13,54625.12,1382.7,7302.15,14499.59,7561.3,21003.36,26060.46,1642.8900000000003,122.95000000000002,638.41,714.81,4442.24,False,1.0,,3.694999933242798,,8684.85,False,True,True,-3803.83,low,low,low,high
2026-07-09,14,81696.82,2432.55,7871.83,25712.53,14052.68,33898.43,33745.710000000014,1634.73,848.92,1145.06,2128.68,8295.29,False,,,,,10304.380000000001,False,False,False,-7150.230000000001,mid,mid,high,mid
2026-06-24,14,78484.87,2350.95,7979.53,23524.61,11497.88,31655.7,35331.28999999999,2428.04,434.11,830.3499999999999,2326.13,5479.25,False,,,,,10330.48,False,False,False,-4648.9,low,low,high,mid
2026-07-06,8,57202.14,1752.78,7179.05,15315.18,3715.17,6678.6,46808.37,320.53,89.56000000000002,381.89000000000004,867.7699999999999,2055.42,False,1.0,,11.746999740600586,,8931.83,False,True,True,-1673.53,low,low,low,high
2026-06-07,15,68067.89,2177.96,7962.81,18886.2,17900.01,22963.89,27203.990000000005,1873.89,1866.5099999999998,1678.3,2415.77,10065.54,False,,,,,10140.77,False,False,False,-8387.240000000002,mid,mid,high,mid
2026-05-30,18,74535.3,2106.67,8195.04,21996.16,14705.4,24586.86,35243.04,1581.2699999999998,1624.25,1994.23,946.18,8559.47,False,,,,,10301.710000000001,False,False,False,-6565.24,mid,mid,high,mid
2026-05-31,7,49266.24,1474.44,7534.24,12899.82,15683.31,414.42,33168.51,223.25,1864.5100000000002,1416.38,1418.35,10760.82,False,1.0,,1.6180000305175781,,9008.68,False,True,True,-9344.439999999999,mid,mid,low,low
2026-07-07,16,82819.22,2468.39,7083.27,26283.47,6273.77,28098.82,48446.63,2198.42,119.55999999999999,686.48,1104.36,2164.95,False,,,,,9551.66,False,False,False,-1478.4699999999998,low,low,mid,high
2026-07-07,5,55567.54,1629.98,7542.48,15220.32,8069.37,0.45,47497.72,675.18,624.4599999999999,1623.38,1344.85,3801.5000000000005,False,1.0,,8.70300006866455,,9172.46,False,True,True,-2178.1200000000003,low,mid,mid,high
2026-05-04,14,56977.32,1282.5,7953.95,15276.96,16140.99,26426.15,14410.18,1972.003465916667,2222.814779916667,1928.002129916667,1364.25963675,9249.83765275,True,,,,,9236.45,False,False,False,-7321.835522833333,mid,mid,mid,mid
2026-05-07,2,45719.46,1321.14,7252.16,10354.86,9414.51,0.07,36304.88,595.9862096666667,1116.0136235833334,1093.6422854166667,502.12744225,5984.321232833333,True,1.0,,61.05099868774414,,8573.3,False,True,True,-4890.678947416666,mid,mid,low,mid
2026-07-12,5,54483.7,1790.81,7723.71,15241.95,10838.49,0.1,43645.11,882.5200000000001,986.04,928.78,1246.28,6794.87,False,1.0,,28.45599937438965,,9514.52,False,True,True,-5866.09,mid,low,mid,mid
2026-05-09,10,52326.02,1348.4,7635.81,13635.5,4515.66,21103.4,26706.96,1778.5305041666666,45.74599583333333,395.40123075,868.5019559166667,1406.7662420833335,True,,,,,8984.210000000001,False,False,False,-1011.3650113333335,low,low,low,high
2026-05-20,6,46426.41,1297.33,7307.83,11474.29,11701.8,0.11,34724.5,1654.61,508.34999999999997,1184.8999999999999,2483.18,5870.76,False,1.0,,36.25299835205078,,8605.16,False,True,True,-4685.860000000001,mid,mid,low,mid
2026-06-13,8,54063.05,1699.49,7465.21,14604.63,11239.9,7771.77,35051.380000000005,289.88,1239.54,2190.8399999999997,487.07,7032.57,False,,,,,9164.7,False,False,False,-4841.73,mid,mid,mid,mid
2026-05-13,16,71893.13,2049.58,8026.39,20648.65,5981.13,33907.16,32004.839999999997,303.8174346666667,107.149374,1180.6203398333332,160.56407891666666,4080.0520568333336,True,,,,,10075.970000000001,False,False,False,-2899.4317170000004,low,mid,high,high
2026-06-29,20,80924.34,2487.44,7445.55,25315.82,26631.25,8674.8,45618.28999999999,3433.68,2319.0999999999995,2659.3900000000003,3177.64,15041.44,False,1.0,,1.2280000448226929,,9932.99,False,True,True,-12382.05,high,high,high,low
2026-05-01,8,47863.77,1364.88,7127.05,12086.02,10333.19,218.03,37312.549999999996,952.2684807500001,1091.9872063333332,1352.1858208333335,956.0661190833334,5745.575183249999,True,1.0,,4.5,,8491.93,False,True,True,-4393.389362416666,mid,mid,low,mid
2026-05-09,16,68296.4,1914.58,8015.17,19325.49,6071.64,32527.87,29696.889999999996,306.43082275000006,82.36385683333332,1587.1394624166664,15.243423333333336,3935.5226255833327,True,,,,,9929.75,False,False,False,-2348.3831631666662,low,mid,high,high
2026-06-25,20,77800.83,2454.05,7689.13,23220.38,26791.27,8175.11,42834.45,3039.9000000000005,2303.17,2650.02,2881.47,15916.709999999995,False,,,,,10143.18,False,False,False,-13266.689999999995,high,high,high,low
2026-05-02,21,50968.86,1541.63,7405.11,13603.83,3801.87,159.4,47007.59,660.25107475,45.071056416666664,152.90382116666666,501.55408008333325,2385.7630811666663,True,1.0,1.0,83.86599731445312,40.43782043457031,8946.74,True,True,True,-2232.8592599999997,low,low,low,high
2026-05-03,6,41083.43,1320.12,7517.4,9880.42,17877.11,0.22,23206.1,172.20284783333338,1869.6066707499997,2777.77566125,498.78218225,12207.363697416666,True,1.0,,83.56700134277344,,8837.52,False,True,True,-9429.588036166666,high,high,low,low
2026-05-18,2,55617.47,1641.9,7641.69,14725.68,27823.76,0.2,27793.510000000002,3177.47,2279.35,3169.360000000001,3007.14,16190.44,False,,,,,9283.59,False,False,False,-13021.08,high,high,mid,low
2026-07-07,18,81975.98,2493.85,7047.58,25898.47,7668.34,26000.85,48306.79,2562.62,461.36,818.7999999999998,1670.11,2155.45,False,1.0,,0.03700000047683716,,9541.43,False,True,True,-1336.65,low,low,mid,high
2026-05-25,5,45456.66,1411.39,7310.55,10783.01,6231.94,1.34,39223.380000000005,4.21,554.2000000000002,1134.03,620.62,3918.8800000000006,False,1.0,,2.496000051498413,,8721.94,False,True,True,-2784.8500000000004,low,mid,low,high
2026-05-18,18,76513.95,2255.64,8257.07,22621.39,23358.85,19402.69,33752.41,3731.3499999999995,1993.37,1293.4799999999998,3034.72,13305.93,False,,,,,10512.71,False,False,False,-12012.45,high,mid,high,low
2026-05-07,16,53952.17,1348.28,7623.08,13732.02,4634.06,21200.61,28117.5,1832.2262805714288,57.31647278571429,475.35225399999996,1054.2077362142857,1143.7449120714289,True,1.0,,3.2100000381469727,,8971.36,False,True,True,-668.392658071429,low,low,low,high
2026-05-13,3,46243.28,1441.12,7347.16,11175.96,19879.8,0.12,26363.36,127.99740025000001,1905.4428849999997,2440.1873199166666,1708.8886487500001,13306.106450750001,True,,,,,8788.279999999999,False,False,False,-10865.919130833336,high,high,low,low
2026-06-18,21,79101.6,2506.83,7618.08,23451.56,21996.48,543.85,56561.27000000001,2720.0,1703.16,2142.9799999999996,1996.2,13434.14,False,1.0,,5.086999893188477,,10124.91,False,True,True,-11291.16,high,mid,high,low
2026-05-14,6,47611.38,1458.04,7362.5,12314.01,20400.29,0.16,27210.929999999997,506.3378807500001,1508.0855390000002,2909.95966375,1701.1009445000002,13347.96466675,True,,,,,8820.54,False,False,False,-10438.005003,high,high,low,low
2026-05-30,15,72248.78,2029.75,8076.54,20904.47,10910.31,30212.94,31125.530000000002,336.27,1338.26,2101.96,347.76000000000005,6786.060000000001,False,,,,,10106.29,False,False,False,-4684.100000000001,mid,mid,high,mid
2026-06-22,4,57692.08,1871.05,7417.98,16149.1,25850.53,2.15,31839.4,2839.8300000000004,2239.22,3052.5200000000004,3054.18,14664.78,False,,,,,9289.029999999999,False,False,False,-11612.26,high,high,mid,low
2026-05-13,7,47658.15,1432.47,7136.1,12068.8,12217.63,199.77,35240.75000000001,0.5495575,1205.7842415833334,1250.6968803333332,920.3090323333332,8599.950528166668,True,,,,,8568.57,False,False,False,-7349.253647833335,mid,mid,low,mid
2026-07-03,17,81646.67,2587.94,7314.99,25943.96,10744.12,29063.81,41838.740000000005,2656.62,397.89,2349.56,1593.27,3746.7800000000007,False,,,,,9902.93,False,False,False,-1397.2200000000007,low,high,high,high
2026-05-02,12,46822.16,1068.28,7673.82,12145.0,3345.56,33644.88,9831.720000000008,1830.9978581666667,40.20125275,430.96935616666667,909.5390685,318.2198738333334,True,1.0,,6.744999885559082,,8742.1,False,True,True,112.74948233333328,low,low,low,high
2026-05-03,2,42613.2,1341.78,7325.68,10498.45,14938.98,0.2,27674.019999999997,48.627042916666674,1613.3079861666668,2638.803751166667,511.95799375,9876.0611125,True,1.0,1.0,135.86000061035156,55.92887496948242,8667.460000000001,True,True,True,-7237.2573613333325,mid,high,low,mid
2026-06-26,19,81494.68,2519.91,7624.1,25010.54,21475.06,22164.15,37855.469999999994,3502.21,1916.0400000000002,506.1,2975.52,12575.189999999999,False,,,,,10144.01,False,False,False,-12069.089999999998,high,low,high,low
2026-05-10,11,55563.01,1639.55,7554.33,14154.42,13278.32,22770.29,19514.4,165.48999158333334,789.6514199166667,3637.0872413333336,315.0785851666667,8166.056437916668,True,,,,,9193.88,False,False,False,-4528.969196583334,mid,high,mid,mid
2026-06-06,23,59317.98,1748.82,6676.3,15262.66,10079.18,0.12,49238.68,1857.83,694.27,764.8199999999998,2301.95,4460.31,False,1.0,,13.267999649047852,,8425.12,False,True,True,-3695.4900000000007,low,low,low,high
2026-05-08,12,51888.13,1471.72,7488.16,13369.08,3288.93,17255.63,31343.569999999996,199.58509658333338,130.3773201666667,1028.7457268333335,346.32166925,1504.4167918333333,True,,,,,8959.88,False,False,False,-475.67106499999977,low,low,low,high
2026-05-08,11,50941.12,1450.87,7363.72,13210.21,3673.97,14412.91,32854.240000000005,200.0175604166667,169.36342233333335,1441.2747305,280.55275066666667,1785.1332606666665,True,,1.0,,25.83489227294922,8814.59,True,False,True,-343.85853016666647,low,mid,low,high
2026-05-10,1,53629.73,1609.67,7550.66,14147.3,22808.98,0.57,30820.180000000004,985.256168916667,2458.0839095833335,1236.3772626666669,1676.77004425,16143.440545833333,True,,,,,9160.33,False,False,False,-14907.063283166666,high,mid,mid,low
2026-06-04,2,51843.3,1537.74,7220.54,14658.68,12268.51,0.07,39574.72,131.67000000000002,1195.87,2214.82,574.57,8151.58,False,1.0,,18.934999465942383,,8758.28,False,True,True,-5936.76,mid,mid,low,mid
2026-07-06,23,70259.99,1939.88,7450.79,21244.69,10654.6,1.35,59604.04000000001,898.57,534.4,1989.65,1683.29,5548.69,False,1.0,,9.145000457763672,,9390.67,False,True,True,-3559.0399999999995,low,mid,mid,high
2026-05-12,8,48365.19,1450.37,7265.89,12440.19,12708.08,9063.98,26593.13,462.12830925000003,375.9330144166667,3239.0700784166665,581.0641696666667,7900.275813166668,True,1.0,,17.040000915527344,,8716.26,False,True,True,-4661.205734750001,mid,high,low,mid
2026-05-26,23,56995.91,1517.44,6373.68,15477.76,6536.4,1.27,50458.240000000005,2815.66,639.31,183.38,1767.78,1130.27,False,1.0,,3.868000030517578,,7891.120000000001,False,True,True,-946.89,low,low,low,high
2026-06-23,3,59070.51,1809.56,7581.6,16702.71,17584.43,0.76,41485.32,2235.06,1441.24,2823.37,2546.77,8537.99,False,1.0,,5.961999893188477,,9391.16,False,True,True,-5714.62,mid,high,mid,mid
2026-06-15,10,57865.81,1759.3,7071.85,15651.15,4479.15,7034.83,46351.829999999994,1187.04,269.81,214.27999999999997,1114.54,1693.48,False,1.0,1.0,11.385000228881836,113.61370086669922,8831.15,True,True,True,-1479.2,low,low,low,high
2026-06-22,18,81930.26,2507.15,7175.17,25288.76,13833.75,25730.82,42365.689999999995,3277.74,1068.09,983.0,2581.01,5923.910000000001,False,,,,,9682.32,False,False,False,-4940.910000000001,mid,low,mid,mid
2026-05-01,23,47257.75,1468.05,7227.7,12089.69,8401.23,0.4,38856.12,3985.9411733333345,543.6698146666666,442.72424416666667,2585.434867833333,1798.6354674166666,True,1.0,,3.818000078201294,,8695.75,False,True,True,-1355.91122325,low,low,low,high
2026-06-12,23,66773.78,2143.83,7558.34,18633.49,20141.33,0.97,46631.479999999996,1601.52,1437.57,3345.08,2451.89,11305.27,False,,,,,9702.17,False,False,False,-7960.1900000000005,high,high,high,mid
2026-07-10,3,58985.87,1876.93,7448.84,17597.44,21983.08,0.78,37002.01,529.41,2129.11,3023.8300000000004,1409.23,14891.500000000002,False,,,,,9325.77,False,False,False,-11867.670000000002,high,high,mid,low
2026-06-18,20,81214.54,2580.1,7202.13,24536.08,21163.31,6901.78,53149.45,2724.5,1645.79,2742.7,1614.91,12435.41,False,,1.0,,20.503318786621094,9782.23,True,False,True,-9692.71,high,high,high,low
2026-06-19,10,62725.08,1801.67,7282.54,15878.89,16317.75,7885.08,38522.25,2635.66,1467.66,270.78,1982.7700000000002,9960.88,False,1.0,,0.7889999747276306,,9084.21,False,True,True,-9690.099999999999,mid,low,low,low
2026-07-04,6,55669.35,1837.32,7555.85,15771.5,18772.89,0.23,36896.229999999996,664.17,1602.53,3305.56,1264.28,11936.35,False,1.0,,0.23600000143051147,,9393.17,False,True,True,-8630.79,high,high,mid,mid
2026-05-02,11,46273.9,1070.44,7636.13,12068.9,3851.58,32115.68,10306.64,1993.0349825833337,108.42323375,700.6584549166666,1034.3638884999998,294.5478606666667,True,1.0,,6.685999870300293,,8706.57,False,True,True,406.11059424999996,low,low,low,high
2026-05-06,13,56081.1,1452.79,7513.47,13048.68,5106.07,20064.23,30910.8,1109.7317287500002,858.5439025,246.94170308333332,127.222767,2794.253743666667,True,,,,,8966.26,False,False,False,-2547.312040583334,low,low,low,high
2026-05-17,17,68320.36,1903.25,8139.0,19454.28,22803.92,17910.56,27605.88,3668.47,2226.02,1539.6400000000003,3216.35,12153.440000000002,False,,,,,10042.25,False,False,False,-10613.800000000003,high,mid,high,low
2026-06-04,15,69798.01,2092.72,7868.91,20098.16,4637.13,24677.37,40483.509999999995,614.78,223.16,1185.75,242.74,2370.7,False,,,,,9961.63,False,False,False,-1184.9499999999998,low,mid,high,high
2026-06-19,16,70594.15,1871.29,8039.09,16934.09,6965.2,22037.88,41591.06999999999,1761.69,844.8399999999999,1007.93,705.5599999999998,2645.18,False,,,,,9910.380000000001,False,False,False,-1637.25,low,low,high,high
2026-06-20,24,60080.58,2007.72,7774.53,17931.0,21703.95,2.61,38374.020000000004,694.75,1718.3,3683.23,1532.62,14075.05,False,,,,,9782.25,False,False,False,-10391.82,high,high,high,low
2026-06-17,18,78281.89,2507.07,7043.29,24210.13,14679.71,26361.32,37240.86,514.65,1928.8800000000003,308.50000000000006,227.1,11700.58,False,,,,,9550.36,False,False,False,-11392.08,high,low,mid,low
2026-05-23,8,46301.89,1315.49,7120.7,11512.24,8063.39,3997.46,34241.04,921.26,476.08,315.95,716.6100000000001,5633.49,False,,,,,8436.19,False,False,False,-5317.54,mid,low,low,mid
2026-05-11,14,57548.84,1748.63,7675.17,14420.16,3301.39,29266.37,24981.079999999998,871.6709780833334,359.5844750833333,245.72948649999998,1004.6503376666666,796.1503265833334,True,,,,,9423.8,False,False,False,-550.4208400833334,low,low,mid,high
2026-06-17,24,65185.61,2154.86,7762.01,18507.19,24216.44,0.82,40968.35,1375.12,2250.05,2493.06,2284.38,15813.830000000002,False,,,,,9916.87,False,False,False,-13320.770000000002,high,high,high,low
2026-06-26,21,76779.94,2321.11,7889.09,23195.36,24989.57,958.77,50831.600000000006,3238.1699999999996,2137.34,704.99,3076.05,15833.02,False,1.0,,2.115999937057495,,10210.2,False,True,True,-15128.03,high,low,high,low
2026-07-05,9,56631.57,1847.43,7471.2,15295.49,8609.21,19445.95,28576.41,655.24,694.95,446.49,1436.9600000000003,5375.57,False,,,,,9318.63,False,False,False,-4929.08,low,low,mid,mid
2026-06-25,22,73407.02,2309.76,7848.55,21610.51,26647.11,0.77,46759.14000000001,2186.66,2302.9,2753.62,2747.1499999999996,16656.78,False,,,,,10158.310000000001,False,False,False,-13903.16,high,high,high,low
2026-06-15,17,67170.63,1935.97,8017.77,20342.74,3207.23,18473.38,45490.020000000004,1116.48,144.77,222.83,825.69,897.46,False,1.0,,1.1579999923706055,,9953.74,False,True,True,-674.63,low,low,high,high
2026-06-16,18,73624.0,2181.69,8204.81,23322.81,6020.87,26375.6,41227.530000000006,1164.91,193.77000000000004,1794.6500000000003,1066.37,1801.17,False,,,,,10386.5,False,False,False,-6.519999999999754,low,mid,high,high
2026-06-19,7,59779.49,1806.35,7308.39,16450.97,14091.29,69.85,45618.35,1753.68,935.69,1457.69,2051.5,7892.73,False,1.0,1.0,10.477999687194824,21.861480712890625,9114.74,True,True,True,-6435.039999999999,mid,mid,low,mid
2026-06-25,4,55235.49,1744.65,7493.49,15333.13,16376.85,1.43,38857.21,1571.05,1830.6499999999999,1975.1500000000005,2108.69,8891.309999999998,False,,1.0,,107.41454315185547,9238.14,True,False,True,-6916.159999999997,mid,mid,mid,mid
2026-06-27,22,74359.6,2351.19,8183.79,22346.23,27952.48,1.36,46405.76000000001,3339.96,2302.1699999999996,3178.34,3122.94,16009.070000000002,False,1.0,,2.933000087738037,,10534.98,False,True,True,-12830.730000000001,high,high,high,low
2026-05-04,5,42463.64,1344.92,7476.77,10492.75,24698.08,0.17,17765.39,1219.515206916667,2603.947192,3454.9379756666667,2265.06436475,15710.590549583334,True,,,,,8821.69,False,False,False,-12255.652573916668,high,high,low,low
2026-07-06,7,55735.1,1681.71,7035.0,14757.76,5015.39,183.4,50536.31,532.74,76.97,238.65,999.5,3167.53,False,1.0,,17.729000091552734,,8716.71,False,True,True,-2928.88,low,low,low,high
2026-07-12,4,55307.68,1725.38,7666.06,15642.89,12649.82,0.09,42657.770000000004,1017.81,1111.54,954.7800000000001,1461.25,8104.439999999998,False,1.0,,23.336999893188477,,9391.44,False,True,True,-7149.659999999998,mid,low,mid,mid
2026-06-05,5,50729.81,1592.99,6794.09,13791.18,10765.27,0.7,39963.84,79.14,1121.95,2097.41,208.92,7257.85,False,1.0,,49.54499816894531,,8387.08,False,True,True,-5160.4400000000005,mid,mid,low,mid
2026-05-11,9,49907.78,1566.74,7525.5,12331.05,6004.86,11994.88,31908.04,1204.4307027500001,753.79724275,21.067429333333333,1963.532737166667,2072.7844138333335,True,1.0,1.0,28.18199920654297,105.92253875732422,9092.24,True,True,True,-2051.7169845000003,low,low,low,high
2026-06-04,6,50058.69,1519.37,7272.02,13369.46,7781.23,0.08,42277.380000000005,89.55,554.59,1731.65,474.5,4930.9400000000005,False,1.0,,20.579999923706055,,8791.39,False,True,True,-3199.2900000000004,low,mid,low,high
2026-06-14,20,69236.27,2121.53,7457.63,18569.11,11689.23,5193.46,52353.58000000001,1890.59,1351.0,188.75,1299.85,6959.04,False,1.0,,3.0460000038146973,,9579.16,False,True,True,-6770.29,mid,low,mid,mid
2026-05-22,20,68482.32,1724.48,7804.16,19424.54,15093.5,6378.52,47010.3,1954.86,645.2000000000002,1763.59,1371.51,9358.34,False,,,,,9528.64,False,False,False,-7594.75,mid,mid,mid,mid
2026-06-06,6,48819.24,1548.75,6631.28,12943.94,4755.5,0.25,44063.49,305.85,867.33,362.22,930.36,2289.74,False,1.0,,15.255999565124512,,8180.03,False,True,True,-1927.5199999999998,low,low,low,high
2026-06-30,8,59385.94,1910.81,7557.0,16966.69,22721.11,6242.2,30422.63,1037.76,1770.41,3365.7700000000004,1747.31,14799.86,False,,,,,9467.81,False,False,False,-11434.09,high,high,mid,low
2026-06-02,23,60918.86,1943.52,7311.75,16655.35,15557.69,0.08,45361.09,484.35,1399.17,2161.32,1673.5,9839.35,False,1.0,1.0,10.442999839782715,69.82024383544922,9255.27,True,True,True,-7678.030000000001,mid,mid,mid,mid
2026-05-18,24,63405.74,1913.7,7824.14,17863.22,28488.92,0.17,34916.65,3176.0700000000006,2225.6100000000006,2975.88,3482.26,16629.1,False,,,,,9737.84,False,False,False,-13653.219999999998,high,high,high,low
2026-06-11,12,71777.68,2090.39,7788.8,20763.77,21054.3,22313.39,28409.98999999999,1817.8800000000003,2091.22,1195.01,1649.21,14300.98,False,,,,,9879.19,False,False,False,-13105.97,high,mid,high,low
2026-05-06,4,47204.83,1334.74,7089.21,10684.66,10565.17,0.11,36639.55,1982.5213435833334,856.348366,1646.5558941666666,1391.0199381666666,4668.258741166666,True,1.0,1.0,122.75399780273438,159.05880737304688,8423.95,True,True,True,-3021.7028469999996,low,mid,low,high
2026-06-03,7,50538.33,1572.25,6488.06,13350.08,6649.76,270.87,43617.7,119.83999999999999,189.06,417.52,323.13,5600.21,False,1.0,,21.224000930786133,,8060.31,False,True,True,-5182.6900000000005,low,low,low,mid
2026-07-02,9,61765.2,1940.13,7401.56,17689.46,16110.11,16095.6,29559.489999999998,543.03,809.52,2343.87,1351.51,11062.18,False,,,,,9341.69,False,False,False,-8718.310000000001,mid,high,mid,mid
2026-07-10,16,81768.21,2505.08,8044.06,26334.84,18520.22,29487.75,33760.240000000005,3223.37,1715.0,1432.22,2023.27,10126.36,False,,,,,10549.14,False,False,False,-8694.140000000001,mid,mid,high,mid
2026-06-19,2,62736.03,1753.3,7232.76,17548.31,13192.58,0.57,49542.88,1872.49,1106.52,994.4899999999999,2335.77,6883.31,False,1.0,,5.2820000648498535,,8986.06,False,True,True,-5888.820000000001,mid,low,low,mid
2026-06-29,7,60811.86,1906.64,7642.27,17350.1,28818.83,210.38,31782.649999999998,2876.12,2419.71,3363.4,3207.29,16952.31,False,,,,,9548.91,False,False,False,-13588.910000000002,high,high,mid,low
2026-05-04,24,52691.86,1596.87,7742.38,14135.87,26028.02,0.26,26663.58,2237.0927473333336,2659.631416,3618.396013416666,2559.2119666666667,15437.404151333332,True,,,,,9339.25,False,False,False,-11819.008137916666,high,high,mid,low
2026-05-09,15,65944.13,1852.03,7994.54,18404.28,5538.4,32635.01,27770.720000000005,88.50168691666667,54.21461716666666,1648.2074636666669,30.464779000000004,3589.5848899166663,True,,,,,9846.57,False,False,False,-1941.3774262499994,low,mid,high,high
2026-06-01,13,72512.01,1980.62,7611.29,21774.4,3582.57,31352.55,37576.889999999985,385.4599999999999,152.57,606.36,104.72,2333.46,False,,,,,9591.91,False,False,False,-1727.1,low,low,mid,high
2026-06-12,17,76414.24,2451.11,7749.53,21211.05,16191.19,24320.07,35902.98,2227.3700000000003,931.1899999999999,2248.9,2000.23,8783.5,False,,,,,10200.64,False,False,False,-6534.6,mid,high,high,mid
2026-06-01,4,51375.22,1402.84,7234.96,13857.22,12085.53,0.05,39289.64,464.8399999999999,1381.85,2332.2,764.74,7141.9,False,1.0,1.0,2.6610000133514404,84.99978637695312,8637.8,True,True,True,-4809.7,mid,high,low,mid
2026-05-25,24,54340.76,1535.36,7335.15,13443.62,13080.12,1.21,41259.43,686.56,573.23,1537.87,1929.7599999999998,8352.7,False,,,,,8870.51,False,False,False,-6814.830000000001,mid,mid,low,mid
2026-06-27,23,71380.94,2253.94,8134.47,21276.29,28477.92,1.07,42901.950000000004,3232.6200000000003,2352.88,3337.2099999999996,3221.0500000000006,16334.16,False,1.0,,1.6130000352859497,,10388.41,False,True,True,-12996.95,high,high,high,low
2026-07-11,5,55920.43,1823.81,7662.76,15814.49,11572.08,0.09,44348.26,1175.53,1118.61,519.25,1698.9699999999998,7059.72,False,1.0,,12.730999946594238,,9486.57,False,True,True,-6540.47,mid,low,mid,mid
2026-07-03,19,81376.48,2607.08,7300.34,25682.01,13978.53,24239.27,43158.67999999999,2859.27,638.92,2500.97,2269.02,5710.35,False,,,,,9907.42,False,False,False,-3209.3800000000006,mid,high,high,high
2026-07-03,20,80022.41,2526.53,7549.6,24865.64,15773.27,12131.15,52117.99,2750.79,769.87,2636.61,2652.4,6963.600000000001,False,,,,,10076.130000000001,False,False,False,-4326.990000000002,mid,high,high,high
2026-05-15,20,65570.87,1868.51,7958.68,17405.12,26361.45,3831.82,35377.6,3433.7599999999998,1828.41,2561.9400000000005,2820.28,15717.059999999998,False,,,,,9827.19,False,False,False,-13155.119999999997,high,high,high,low
2026-05-31,6,49772.81,1515.79,7482.89,13070.14,17079.73,1.11,32691.969999999998,365.31,2067.95,1573.7200000000003,1370.66,11702.09,False,,,,,8998.68,False,False,False,-10128.369999999999,high,mid,low,low
2026-06-06,3,50139.8,1588.0,6626.62,13571.75,5247.72,0.17,44891.91,482.62,701.42,1006.65,1237.98,1819.05,False,1.0,,13.324000358581543,,8214.619999999999,False,True,True,-812.4,low,low,low,high
2026-05-17,14,65250.39,1834.29,8044.38,18244.23,20046.13,20990.39,24213.869999999995,3643.4500000000003,2173.6,1587.96,2729.73,9911.39,False,,,,,9878.67,False,False,False,-8323.43,mid,mid,high,mid
2026-06-24,1,62534.67,1987.3,7640.71,17386.48,22270.83,3.45,40260.39,1705.51,1548.39,2555.2099999999996,2227.69,14234.03,False,,,,,9628.01,False,False,False,-11678.820000000002,high,high,mid,low
2026-06-22,5,57466.44,1738.26,7355.09,16083.91,24504.65,2.21,32959.58,2659.56,1920.0799999999997,2619.89,2978.02,14327.100000000002,False,,,,,9093.35,False,False,False,-11707.210000000003,high,high,low,low
2026-05-23,11,53634.31,1482.98,7569.06,13960.12,4388.92,23439.57,25805.82,434.2,49.26,275.57,1095.36,2534.53,False,,,,,9052.04,False,False,False,-2258.96,low,low,low,high
2026-05-19,18,68565.09,1823.7,7876.99,16067.96,13778.68,16568.59,38217.81999999999,2195.17,879.75,811.4200000000001,1950.5099999999998,7941.829999999999,False,,,,,9700.69,False,False,False,-7130.409999999999,mid,low,high,mid
2026-06-14,9,55993.37,1757.44,7573.99,14761.31,8388.61,10032.42,37572.340000000004,764.42,529.44,2896.83,190.61,4007.3099999999995,False,1.0,,2.322000026702881,,9331.43,False,True,True,-1110.4799999999996,low,high,mid,high
2026-06-29,23,72394.03,2285.23,7729.61,21906.99,26637.43,0.99,45755.61,2235.6999999999994,2546.99,3352.33,3010.2999999999997,15492.109999999999,False,1.0,,1.1169999837875366,,10014.84,False,True,True,-12139.779999999999,high,high,high,low
2026-05-13,19,73624.04,2124.67,7983.47,21540.25,10740.64,23395.28,39488.119999999995,833.9351771666667,285.45185899999996,2059.8437219166667,434.0151953333333,6887.0640588333345,True,,,,,10108.14,False,False,False,-4827.220336916667,mid,mid,high,mid
2026-05-10,12,58701.12,1736.84,7658.27,15078.24,13508.62,24556.36,20636.14,516.8791205000001,611.9090193333334,3745.2702585,358.13194225,8138.813994750001,True,,,,,9395.11,False,False,False,-4393.5437362500015,mid,high,mid,mid
2026-05-11,2,47020.53,1258.26,7260.97,10464.82,12228.1,0.08,34792.35,707.7072413333335,1298.4471598333334,99.01727108333333,1970.2377491666666,8021.696432833334,True,1.0,,12.946999549865723,,8519.23,False,True,True,-7922.679161750001,mid,low,low,mid
2026-06-14,4,55629.49,1711.83,7645.82,14837.06,13358.87,1.0,42269.619999999995,977.2899999999998,1551.13,2276.99,711.18,7842.28,False,1.0,,3.171999931335449,,9357.65,False,True,True,-5565.29,mid,high,mid,mid
2026-06-03,17,71035.29,2079.48,7549.23,22669.09,5826.43,22376.99,42831.869999999995,736.76,387.13,1306.41,1605.39,1790.7400000000002,False,1.0,,9.944000244140625,,9628.71,False,True,True,-484.33000000000015,low,mid,mid,high
2026-06-21,15,72592.12,2320.19,8213.05,21211.17,16950.76,29347.12,26294.24,2929.28,1866.21,80.23,2528.3,9546.74,False,,,,,10533.24,False,False,False,-9466.51,mid,low,high,low
2026-06-24,22,73711.48,2206.89,7749.14,22275.92,18390.08,1.88,55319.52,1940.9,1533.18,1303.01,2497.0,11115.989999999998,False,,,,,9956.03,False,False,False,-9812.979999999998,high,mid,high,low
2026-06-28,2,62100.13,1999.15,7987.7,17636.64,28539.12,1.44,33559.56999999999,2571.5,2441.5900000000006,3389.610000000001,3185.34,16951.08,False,,,,,9986.85,False,False,False,-13561.470000000001,high,high,high,low
2026-06-02,16,77743.26,2271.41,6975.61,24275.36,10942.11,22464.34,44336.81,1008.89,551.24,2567.36,813.03,6001.59,False,,,,,9247.02,False,False,False,-3434.23,mid,high,mid,high
2026-06-03,24,57539.38,1726.17,7190.69,17053.23,12452.11,0.07,45087.2,357.18,1038.6,2659.18,648.17,7748.979999999998,False,1.0,,36.518001556396484,,8916.86,False,True,True,-5089.799999999997,mid,high,low,mid
2026-06-27,12,71355.43,2160.84,8063.2,20696.04,24099.78,27350.64,19905.009999999995,3212.19,2386.3100000000004,1327.06,2842.23,14331.990000000002,False,,,,,10224.04,False,False,False,-13004.930000000002,high,mid,high,low
2026-06-30,19,81694.14,2490.11,7585.59,25373.4,23209.07,20359.68,38125.39,3092.0200000000004,1837.84,1802.2,2717.06,13759.95,False,,,,,10075.7,False,False,False,-11957.75,high,mid,high,low
2026-07-09,6,57711.89,1796.63,7534.01,17002.39,22169.41,1.19,35541.28999999999,294.77,2058.7,3423.18,1826.0300000000002,14566.73,False,,,,,9330.64,False,False,False,-11143.55,high,high,mid,low
2026-05-02,4,40637.3,1372.59,6610.47,10040.37,5939.69,0.42,34697.19,3012.8461577692306,81.76183,931.7525006153846,1953.4333507692306,383.2186981538463,True,1.0,1.0,124.35700225830078,41.35232162475586,7983.06,True,True,True,548.5338024615384,low,low,low,high
2026-07-06,16,82937.51,2381.66,6973.4,26242.13,4262.97,29057.16,49617.37999999999,2122.1999999999994,118.25,270.94,1047.27,704.31,False,,,,,9355.06,False,False,False,-433.36999999999995,low,low,mid,high
2026-05-14,19,73388.3,2218.53,8011.23,21468.99,22116.69,18044.12,33227.490000000005,2697.202257916667,2224.0120065833335,1844.5316243333334,2265.2873268333333,15883.221720000003,True,,,,,10229.76,False,False,False,-14038.69009566667,high,mid,high,low
2026-05-23,4,48019.92,1208.61,7195.94,11724.88,6724.82,1.38,41293.72,338.11999999999995,644.9399999999999,669.0399999999998,292.87,4779.85,False,,,,,8404.55,False,False,False,-4110.81,low,low,low,high
2026-05-28,9,51230.42,1555.48,7420.78,13737.56,3244.86,20672.94,27312.62,21.24,296.68000000000006,147.7,134.87,2644.37,False,,,,,8976.26,False,False,False,-2496.67,low,low,low,high
2026-06-19,8,59581.44,1801.43,7280.57,15969.54,16385.11,1799.38,41396.950000000004,1795.11,895.9800000000001,1238.2,1615.58,10840.24,False,1.0,1.0,2.933000087738037,129.0885772705078,9082.0,True,True,True,-9602.039999999999,mid,mid,low,low
2026-06-07,14,65849.4,2103.88,7854.08,17329.93,16641.95,21885.54,27321.909999999996,1914.7500000000002,1620.93,1538.66,2416.13,9151.48,False,,,,,9957.96,False,False,False,-7612.82,mid,mid,high,mid
2026-06-30,1,64574.12,2068.2,7607.2,18874.25,25002.52,1.17,39570.43000000001,1511.48,2502.19,2701.68,2515.89,15771.28,False,,,,,9675.4,False,False,False,-13069.6,high,high,mid,low
2026-05-29,10,58392.52,1691.36,7632.54,16260.42,5382.93,23977.83,29031.759999999995,232.13999999999996,330.38,292.06,906.5,3621.85,False,,1.0,,10.729430198669434,9323.9,True,False,True,-3329.79,low,low,mid,high
2026-06-25,7,55957.61,1758.38,7331.98,15492.77,17866.17,249.89,37841.55,699.74,1942.17,1012.2699999999999,1362.4400000000003,12849.55,False,1.0,,0.1509999930858612,,9090.36,False,True,True,-11837.279999999999,high,low,low,low
2026-07-01,4,57103.69,1781.4,7417.66,16118.0,18767.2,0.59,38335.90000000001,1174.4899999999998,1791.53,3089.02,1879.19,10832.97,False,1.0,,3.693000078201294,,9199.06,False,True,True,-7743.949999999999,mid,high,mid,mid
2026-05-22,23,61041.03,1493.78,7544.76,16712.58,14835.45,1.35,46204.23,1543.72,1394.14,723.96,2193.07,8980.56,False,,,,,9038.54,False,False,False,-8256.599999999999,mid,low,low,mid
2026-05-07,19,54396.71,1364.75,7548.17,13718.76,8056.58,9521.45,36818.67999999999,1770.8914787500003,175.25050316666668,804.363604,1172.2349675833332,3925.3594498333337,True,1.0,,6.539000034332275,,8912.92,False,True,True,-3120.9958458333335,low,low,low,high
2026-05-26,3,47289.09,1402.7,7351.74,11172.97,10427.66,1.29,36860.13999999999,998.19,670.51,1004.47,1450.26,6304.2300000000005,False,1.0,,0.26899999380111694,,8754.44,False,True,True,-5299.76,mid,low,low,mid
2026-06-11,10,65205.35,1981.17,7551.13,18693.57,21587.25,17743.01,25875.09,1392.31,2120.69,1665.87,1568.98,14839.4,False,,,,,9532.3,False,False,False,-13173.529999999999,high,mid,mid,low
2026-07-08,7,56693.27,1763.44,7475.39,16099.64,16219.61,188.05,40285.60999999999,367.64,1540.19,3218.99,1180.75,9912.04,False,1.0,1.0,7.423999786376953,49.142879486083984,9238.83,True,True,True,-6693.050000000001,mid,high,mid,mid
2026-05-29,8,52370.89,1570.21,7660.85,13852.88,7957.34,6113.15,38300.4,110.85,1063.32,658.04,945.1800000000001,5179.95,False,1.0,,0.2160000056028366,,9231.060000000001,False,True,True,-4521.91,low,low,mid,mid
2026-06-11,1,63253.5,1946.33,7680.77,18293.9,27282.75,2.23,35968.52,2218.63,2482.13,3606.09,2655.35,16320.550000000001,False,,,,,9627.1,False,False,False,-12714.460000000001,high,high,mid,low
2026-07-03,22,75123.55,2338.86,7945.48,22598.35,17698.44,1.25,57423.86,1943.9699999999998,1214.93,2677.15,2736.93,9125.46,False,1.0,,31.704999923706055,,10284.34,False,True,True,-6448.3099999999995,mid,high,high,mid
2026-05-19,17,69100.29,1883.29,7889.43,16597.2,14955.03,18939.76,35205.5,2325.22,1016.67,1092.41,2074.58,8446.15,False,,,,,9772.720000000001,False,False,False,-7353.74,mid,mid,high,mid
2026-06-10,15,77804.7,2279.45,7734.22,23006.03,21027.19,24731.64,32045.869999999995,2569.79,1887.74,1188.65,1951.3799999999999,13429.63,False,,,,,10013.67,False,False,False,-12240.98,high,mid,high,low
2026-06-15,6,53783.71,1659.87,7201.56,13525.51,4861.7,0.7,48921.310000000005,1192.3,325.25,288.59,1146.92,1908.64,False,1.0,,9.479999542236328,,8861.43,False,True,True,-1620.0500000000002,low,low,low,high
2026-06-16,12,63506.06,2043.95,8115.88,17917.37,2687.51,24514.04,36304.509999999995,881.28,14.45,633.68,1090.3,67.8,False,,,,,10159.83,False,False,False,565.88,low,low,high,high
2026-06-17,2,55372.89,1829.05,7349.82,15469.42,20815.11,1.1,34556.68,543.68,1594.5299999999997,3687.510000000001,372.35,14617.04,False,,,,,9178.869999999999,False,False,False,-10929.529999999999,high,high,mid,low
2026-06-21,3,53094.53,1787.82,7590.54,14798.21,22671.02,2.65,30420.859999999997,992.51,1841.08,3608.29,1117.14,15112.0,False,,,,,9378.36,False,False,False,-11503.71,high,high,mid,low
2026-05-31,10,57534.01,1755.06,7613.54,16154.03,10807.72,29591.37,17134.920000000002,330.99,1020.6699999999998,627.4,1293.52,7535.14,False,,,,,9368.6,False,False,False,-6907.740000000001,mid,low,mid,mid
2026-07-10,14,77936.11,2388.25,8016.75,24672.51,16307.73,29045.95,32582.430000000004,1595.6899999999998,1419.9899999999998,1045.6100000000001,1151.58,11094.859999999999,False,,,,,10405.0,False,False,False,-10049.249999999998,high,low,high,low
2026-05-24,23,56625.0,1682.77,7501.39,14307.13,10673.97,1.22,45949.81,230.60999999999999,1218.55,2374.04,1281.35,5569.42,False,1.0,,0.19499999284744263,,9184.16,False,True,True,-3195.38,low,high,mid,high
2026-05-30,20,70972.15,2055.99,7960.62,20891.71,18177.23,8875.36,43919.56,1526.47,1813.4699999999998,2490.42,1990.6500000000003,10356.220000000001,False,,,,,10016.61,False,False,False,-7865.800000000001,mid,high,high,mid
2026-06-05,24,56451.05,1689.19,6849.35,15750.07,9283.3,0.13,47167.62,609.88,1374.05,1687.19,1370.91,4241.27,False,1.0,,14.954999923706055,,8538.54,False,True,True,-2554.0800000000004,low,mid,low,high
2026-05-08,17,57525.46,1606.82,8023.19,14811.69,4291.96,20309.07,32924.43,801.8998540833335,328.6673505,1468.3122916666669,615.0239662500001,1036.0976558333334,True,,,,,9630.01,False,False,False,432.21463583333343,low,mid,mid,high
2026-06-23,9,62011.05,1982.83,7440.04,17473.08,12233.35,15985.59,33792.11,1119.05,1027.05,850.93,1497.3100000000002,7739.009999999999,False,,,,,9422.869999999999,False,False,False,-6888.079999999999,mid,low,mid,mid
2026-06-24,24,65652.39,1992.16,7586.26,19240.06,19068.01,1.66,46582.72,2067.48,1843.7999999999997,1348.53,2722.7399999999993,11085.46,False,,,,,9578.42,False,False,False,-9736.929999999998,mid,mid,mid,low
2026-05-23,18,60496.02,1937.6,7717.86,17855.2,4300.4,19415.51,36780.11,293.32,89.38999999999999,856.28,284.72,2776.69,False,,,,,9655.46,False,False,False,-1920.41,low,low,mid,high
2026-05-14,5,46768.03,1438.6,7350.38,11951.45,20729.1,0.17,26038.760000000002,676.9168269166668,1441.5020971666668,2782.6113105000004,1707.4616716666665,13741.603663250002,True,,,,,8788.98,False,False,False,-10958.992352750001,high,high,low,low
2026-06-17,23,69098.65,2195.65,7677.81,20009.94,22612.1,0.44,46486.10999999999,1284.62,2114.57,1724.8199999999997,2097.3,15390.79,False,,,,,9873.460000000001,False,False,False,-13665.970000000001,high,mid,high,low
2026-06-13,6,53164.35,1721.19,7566.58,14010.55,10952.51,0.51,42211.329999999994,694.83,1372.97,991.6700000000001,842.98,7050.06,False,1.0,,1.6460000276565552,,9287.77,False,True,True,-6058.39,mid,low,mid,mid
2026-06-19,3,60649.25,1804.58,7250.07,16753.97,11779.3,0.57,48869.38,1699.25,1268.8,1022.65,2142.31,5646.29,False,1.0,,9.92300033569336,,9054.65,False,True,True,-4623.64,mid,low,low,mid
2026-06-23,20,77996.93,2473.0,7675.77,22440.33,23318.5,6539.02,48139.40999999999,2502.95,944.2799999999999,2908.95,2525.92,14436.4,False,,,,,10148.77,False,False,False,-11527.45,high,high,high,low
2026-05-08,22,55928.89,1605.65,7279.68,14695.96,12523.5,0.63,43404.76,773.4218943333335,1109.6561155833335,1492.3761566666665,791.33753925,8114.061531166666,True,1.0,1.0,36.79800033569336,67.13873291015625,8885.33,True,True,True,-6621.6853745,mid,mid,low,mid
2026-05-13,17,73791.33,2118.5,8090.87,21443.08,7256.44,32759.38,33775.509999999995,495.3679453846154,179.58746915384617,1326.9260697692307,248.0676286923077,4808.65274,True,,,,,10209.369999999999,False,False,False,-3481.7266702307697,low,mid,high,high
2026-07-12,15,77324.7,2312.08,8191.01,24205.22,7085.66,26285.01,43954.03,1813.54,137.56,2241.4500000000003,1031.67,1861.4400000000003,False,,,,,10503.09,False,False,False,380.01,low,mid,high,high
2026-05-17,7,51306.83,1548.72,7440.3,13107.42,24540.28,72.13,26694.420000000002,3014.7,1796.5399999999997,3595.65,2181.83,13951.56,False,1.0,,0.4950000047683716,,8989.02,False,True,True,-10355.91,high,high,low,low
2026-06-15,9,56810.4,1723.66,7162.43,14993.37,4489.6,4237.21,48083.590000000004,938.6600000000001,283.31999999999994,161.43,1151.81,1954.38,False,1.0,1.0,9.529999732971191,33.543548583984375,8886.09,True,True,True,-1792.95,low,low,low,high
2026-07-09,4,58189.83,1849.68,7602.48,17302.1,22514.07,1.28,35674.48,554.2199999999999,2229.13,3280.6799999999994,1506.24,14943.799999999997,False,1.0,,1.6319999694824219,,9452.16,False,True,True,-11663.119999999999,high,high,mid,low
2026-05-23,13,57441.28,1619.36,7754.16,15585.85,5676.54,24782.25,26982.489999999998,1711.64,24.369999999999997,361.81000000000006,829.88,2748.84,False,,,,,9373.52,False,False,False,-2387.03,low,low,mid,high
2026-07-01,21,77039.68,2280.7,7445.13,23360.19,17757.86,709.55,58572.26999999999,2106.09,1246.24,1869.88,2708.34,9827.31,False,1.0,,3.312999963760376,,9725.83,False,True,True,-7957.429999999999,mid,mid,high,mid
2026-05-08,5,42753.06,1293.67,6779.02,10166.39,8173.98,0.14,34578.94,372.9986815833334,811.7184700833334,2930.693186916667,262.19468908333334,4206.750448666667,True,1.0,1.0,83.60700225830078,225.45126342773438,8072.6900000000005,True,True,True,-1276.0572617499997,low,high,low,high
2026-05-09,3,46709.64,1324.95,7477.83,11202.71,9065.91,0.89,37642.84,776.5618822500002,1004.9954848333332,2282.86424425,971.6938915000001,3902.330047166666,True,1.0,1.0,55.319000244140625,22.31931495666504,8802.78,True,True,True,-1619.4658029166662,low,high,low,high
2026-05-03,19,57540.5,1480.22,7810.83,15991.2,17921.22,18751.04,20868.239999999998,1610.2896488333336,1331.7867880833332,3035.500027666667,1293.7991195,11335.309443,True,,,,,9291.05,False,False,False,-8299.809415333333,high,high,mid,mid
2026-06-19,23,62880.4,1698.17,7670.46,16205.63,11438.86,2.02,51439.520000000004,1252.7700000000002,449.58,1469.11,1493.0899999999997,6774.31,False,1.0,1.0,33.63399887084961,75.003662109375,9368.630000000001,True,True,True,-5305.200000000001,mid,mid,mid,mid
2026-05-23,1,54403.5,1345.49,7491.4,14414.62,13167.02,1.32,41235.159999999996,1513.37,1045.08,1233.24,1837.86,7537.47,False,,,,,8836.89,False,False,False,-6304.2300000000005,mid,mid,low,mid
2026-05-06,11,54755.56,1551.29,7256.16,12989.01,9103.83,10192.59,35459.14,708.8432789166668,1415.845679,544.7741765833333,380.7357606666667,5942.058307833333,True,,,,,8807.45,False,False,False,-5397.2841312499995,mid,low,low,mid
2026-05-06,12,55135.53,1529.49,7429.34,13007.36,7019.25,14578.46,33537.82,894.0843072500002,970.6213104166668,355.4755975,309.205176,4496.861147666667,True,,,,,8958.83,False,False,False,-4141.385550166668,low,low,low,high
2026-05-24,3,45742.91,1405.21,7327.6,11776.34,13426.42,0.2,32316.290000000005,559.53,563.66,1888.1300000000003,812.8,9602.3,False,1.0,,4.050000190734863,,8732.810000000001,False,True,True,-7714.169999999999,mid,mid,low,mid
2026-05-18,6,55774.59,1641.81,7594.71,14910.32,27725.36,0.28,28048.949999999997,3690.8300000000004,2263.73,3226.3400000000006,2802.22,15742.240000000002,False,,,,,9236.52,False,False,False,-12515.900000000001,high,high,mid,low
2026-05-28,20,69311.7,2005.37,7219.18,18991.27,6990.63,7904.8,54416.27,1634.64,110.44,188.05,1159.92,3897.5800000000004,False,,,,,9224.55,False,False,False,-3709.53,low,low,mid,high
2026-06-09,5,54028.07,1641.01,7577.64,14751.99,19377.99,0.55,34649.53,912.31,1713.2100000000003,3092.120000000001,1726.0999999999997,11934.25,False,,,,,9218.65,False,False,False,-8842.13,high,high,mid,mid
2026-05-05,2,48213.31,1500.07,7660.98,12505.24,25681.98,0.19,22531.14,2054.715867333334,2612.713537,3381.559337333333,2476.579167,15827.138995916664,True,,,,,9161.05,False,False,False,-12445.57965858333,high,high,mid,low
2026-06-29,13,78180.61,2323.27,7961.44,23235.22,22788.18,27784.86,27607.57,2861.74,2206.65,1110.5,2866.47,13742.82,False,,,,,10284.71,False,False,False,-12632.32,high,mid,high,low
2026-06-12,20,73852.79,2298.53,7544.78,21121.09,17886.44,8325.06,47641.28999999999,2581.11,1163.8199999999997,2803.73,2823.03,8514.75,False,,1.0,,26.236553192138672,9843.31,True,False,True,-5711.02,mid,high,high,mid
2026-05-27,5,45574.17,1373.91,6822.73,11598.65,4371.19,1.59,41201.39,1443.36,472.12,75.65,1725.6,654.46,False,,,,,8196.64,False,False,False,-578.8100000000001,low,low,low,high
2026-05-10,13,60521.0,1809.28,7866.13,14861.48,14967.08,23556.9,21997.019999999997,1148.2985903333336,569.6655644166666,3559.4887250000006,642.9995609166667,9107.964439166668,True,,,,,9675.41,False,False,False,-5548.475714166667,mid,high,mid,mid
2026-07-06,9,60420.94,1800.76,7459.19,16403.77,2474.85,19797.42,38148.670000000006,270.24,73.79,295.09,961.56,874.1700000000001,False,1.0,,0.9580000042915344,,9259.949999999999,False,True,True,-579.0800000000002,low,low,mid,high
2026-06-02,9,59136.19,1673.96,7457.37,16808.09,6082.45,20901.93,32151.810000000005,0.01,156.11999999999998,1615.68,165.97,4144.67,False,1.0,1.0,2.921999931335449,7.269988059997559,9131.33,True,True,True,-2528.99,low,mid,low,high
2026-06-24,10,64078.02,1982.11,7522.95,18304.75,12929.91,21734.14,29413.97,1743.0300000000002,1240.29,678.07,2097.11,7171.409999999999,False,,,,,9505.06,False,False,False,-6493.339999999999,mid,low,mid,mid
2026-05-06,5,47176.09,1422.77,6941.87,10696.03,9752.64,0.1,37423.35,1423.9727645833336,903.9432774166665,1535.4582526666663,761.2684854166666,5085.297157833333,True,1.0,1.0,126.29199981689453,219.6452178955078,8364.64,True,True,True,-3549.8389051666663,low,mid,low,high
2026-06-10,20,77324.8,2173.06,7290.49,23784.09,24464.23,8912.98,43947.59000000001,2754.22,2208.02,2156.7800000000007,2649.9700000000003,14695.240000000002,False,,,,,9463.55,False,False,False,-12538.460000000001,high,mid,mid,low
2026-06-16,24,61454.8,2007.02,7522.49,17873.64,20206.14,1.14,41247.520000000004,470.01,1258.67,3631.05,486.4800000000001,14359.93,False,1.0,,8.406000137329102,,9529.51,False,True,True,-10728.880000000001,high,high,mid,low
2026-06-26,6,56697.26,1798.21,7486.33,15449.5,18659.47,1.77,38036.020000000004,2381.75,1313.8000000000002,1729.24,2748.8600000000006,10485.82,False,1.0,,8.609000205993652,,9284.54,False,True,True,-8756.58,mid,mid,mid,mid
2026-07-10,12,72385.72,2239.08,7817.9,22198.79,16490.09,29011.97,26883.660000000003,1105.14,1614.11,1017.0599999999998,1028.25,11725.53,False,,,,,10056.98,False,False,False,-10708.470000000001,high,low,high,low
2026-07-11,2,60645.51,1908.18,7722.73,17957.29,14294.5,0.08,46350.93,1503.4,1361.48,1434.37,2082.43,7912.82,False,1.0,,4.131999969482422,,9630.91,False,True,True,-6478.45,mid,mid,mid,mid
2026-06-04,23,61973.38,1920.67,7173.13,17813.43,13705.14,0.05,48268.189999999995,758.1799999999998,1511.57,1704.0900000000001,1599.81,8131.49,False,1.0,,36.29899978637695,,9093.8,False,True,True,-6427.4,mid,mid,low,mid
2026-07-02,3,58253.36,1857.43,7424.96,16534.78,18421.41,0.12,39831.829999999994,1037.5,1861.36,2275.03,1589.7500000000002,11657.770000000002,False,1.0,,3.63100004196167,,9282.39,False,True,True,-9382.740000000002,high,high,mid,low
2026-07-04,15,81253.47,2488.08,8025.28,25112.06,6144.58,31924.99,43183.899999999994,2029.46,242.06999999999996,912.4600000000002,927.94,2032.6500000000003,False,,,,,10513.36,False,False,False,-1120.19,low,low,high,high
2026-06-29,24,68305.84,2171.16,7653.91,20342.6,25724.93,1.17,42579.74,1769.32,2573.82,3170.21,2816.84,15394.739999999998,False,,,,,9825.07,False,False,False,-12224.529999999999,high,high,high,low
2026-07-07,10,65001.34,1842.58,7634.97,18633.19,4306.16,28476.61,32218.569999999992,1029.1,160.88999999999996,211.68,1384.9400000000003,1519.55,False,,,,,9477.55,False,False,False,-1307.87,low,low,mid,high
2026-05-20,9,50261.14,1357.99,7473.47,13174.96,11786.25,4992.69,33482.2,2607.09,469.89,1078.29,2076.71,5554.270000000001,False,1.0,,21.417999267578125,,8831.460000000001,False,True,True,-4475.980000000001,low,mid,low,mid
2026-07-07,11,69380.39,1938.13,7737.2,20239.64,4328.09,31159.48,33892.82000000001,1133.72,82.05,266.92,1392.66,1452.74,False,,,,,9675.33,False,False,False,-1185.82,low,low,mid,high
2026-05-07,6,45314.5,1310.78,7074.85,10647.15,8368.37,0.09,36946.04,1281.022881416667,564.14637325,219.83614275000002,644.0275163333332,5382.406471,True,1.0,,9.031999588012695,,8385.630000000001,False,True,True,-5162.57032825,low,low,low,mid
2026-06-14,14,68491.62,2180.68,8026.37,18128.39,10388.84,24577.4,33525.38,2050.8,190.0,1169.76,629.05,6349.229999999999,False,,,,,10207.05,False,False,False,-5179.469999999998,mid,mid,high,mid
2026-06-05,21,61898.42,1854.21,6855.07,17832.71,10371.4,94.02,51433.0,306.88,1131.64,2461.55,970.07,5501.26,False,1.0,,14.406000137329102,,8709.279999999999,False,True,True,-3039.71,low,high,low,high
2026-05-17,11,59243.29,1703.69,7756.99,15956.89,21760.97,16011.16,21471.16,3610.219999999999,1815.62,1975.29,3023.37,11336.47,False,,,,,9460.68,False,False,False,-9361.18,high,mid,mid,low
2026-06-20,5,52000.31,1607.17,7534.96,12741.63,11639.5,1.72,40359.09,803.12,718.7,1855.4899999999998,776.46,7485.73,False,1.0,,22.416000366210938,,9142.130000000001,False,True,True,-5630.24,mid,mid,low,mid
2026-07-10,7,57276.42,1763.72,7441.14,16455.15,17188.23,182.09,39906.100000000006,389.5,1876.96,1733.64,1102.07,12086.06,False,1.0,,0.1889999955892563,,9204.86,False,True,True,-10352.42,high,mid,mid,low
2026-06-03,13,66654.8,1941.41,7114.78,19431.12,1822.28,23195.05,41637.47,125.81999999999996,272.94,212.79,96.35,1114.38,False,1.0,,3.259999990463257,,9056.19,False,True,True,-901.5900000000001,low,low,low,high
2026-07-03,4,56314.61,1825.36,7457.35,15908.54,18558.99,0.11,37755.509999999995,769.23,1642.4299999999998,2347.4,1662.24,12137.690000000002,False,1.0,,3.38700008392334,,9282.710000000001,False,True,True,-9790.290000000003,high,high,mid,low
2026-07-09,8,58974.51,1810.69,7487.72,17441.47,18790.03,8295.09,31889.390000000003,70.9,1704.5899999999997,2930.19,1527.16,12557.19,False,,,,,9298.41,False,False,False,-9627.0,high,high,mid,low
2026-05-04,21,60608.68,1814.16,7884.76,16885.81,25036.68,51.05,35520.95,2607.2595992500005,2595.0280170833335,3140.187756916667,2154.00021275,14209.935171916666,True,,,,,9698.92,False,False,False,-11069.747415,high,high,high,low
2026-06-11,2,60653.31,1880.88,7600.13,17369.38,27445.79,2.41,33205.10999999999,2213.23,2526.45,3682.93,2679.92,16343.260000000004,False,,,,,9481.01,False,False,False,-12660.330000000004,high,high,mid,low
2026-05-17,24,60100.05,1721.23,7723.39,16317.27,28615.66,0.18,31484.210000000003,3284.93,2190.94,3181.6499999999996,3484.87,16473.27,False,,,,,9444.62,False,False,False,-13291.62,high,high,mid,low
2026-06-10,12,70005.53,2004.98,7748.42,19882.89,20695.46,22941.99,26368.079999999998,2304.32,1753.6699999999998,1392.41,1739.27,13505.79,False,,,,,9753.4,False,False,False,-12113.380000000001,high,mid,high,low
2026-06-13,19,76908.87,2407.09,7897.16,22949.26,18682.25,21292.06,36934.56,2905.93,1370.55,1953.3700000000001,2476.27,9976.13,False,,,,,10304.25,False,False,False,-8022.759999999999,mid,mid,high,mid
2026-06-22,6,58298.77,1689.38,7369.41,16403.18,24599.18,2.6,33696.99,2604.1299999999997,1721.32,2727.69,2960.7,14585.34,False,,,,,9058.79,False,False,False,-11857.65,high,high,low,low
2026-07-08,15,82916.41,2557.29,7331.25,26437.66,10792.5,29916.85,42207.060000000005,1141.95,492.02,1791.9999999999998,1129.36,6237.17,False,,,,,9888.54,False,False,False,-4445.17,mid,mid,high,mid
2026-05-25,22,61424.35,1737.23,7541.78,15603.46,12321.61,1.19,49101.549999999996,771.33,351.82,1654.05,1660.07,7884.34,False,,,,,9279.01,False,False,False,-6230.29,mid,mid,mid,mid
2026-05-14,18,74824.95,2235.09,8030.03,21937.26,21310.78,23779.34,29734.829999999998,2554.6853088333337,2123.45659525,2086.3342999166666,2056.0758161666668,15751.609970916666,True,,,,,10265.119999999999,False,False,False,-13665.275671,high,mid,high,low
2026-05-24,9,47138.8,1408.48,7232.02,12230.29,2987.9,18020.1,26130.800000000003,100.75,299.77,396.35,85.96,2105.0700000000006,False,,,,,8640.5,False,False,False,-1708.7200000000007,low,low,low,high
2026-06-01,20,76852.12,2149.6,7273.36,24009.15,14435.78,10034.54,52381.799999999996,1456.45,361.76,2951.43,1602.3099999999997,8063.83,False,,,,,9422.96,False,False,False,-5112.4,mid,high,mid,mid
2026-06-17,6,53507.13,1668.61,7397.65,14557.72,18542.99,0.69,34963.45,511.08,1303.15,3695.68,392.27,12640.810000000001,False,,,,,9066.26,False,False,False,-8945.130000000001,high,high,low,mid
2026-07-12,7,53884.0,1790.18,7774.96,14833.17,6634.59,48.69,47200.72,709.18,589.0899999999999,879.86,586.96,3869.5,False,1.0,,51.56700134277344,,9565.14,False,True,True,-2989.64,low,low,mid,high
2026-07-03,5,55595.75,1785.85,7440.74,15594.49,18319.62,0.13,37276.00000000001,801.23,1483.32,2636.96,1433.75,11964.359999999999,False,1.0,,3.311000108718872,,9226.59,False,True,True,-9327.399999999998,high,high,mid,low
2026-05-23,24,51852.11,1585.11,7256.84,14269.71,14951.38,0.12,36900.61,1120.61,837.59,2674.13,1188.31,9130.74,False,1.0,,0.75,,8841.95,False,True,True,-6456.61,mid,high,low,mid
2026-06-27,7,55355.0,1832.31,7550.08,15498.47,19589.59,131.86,35633.55,1627.13,1371.93,2662.79,2511.34,11416.4,False,1.0,,0.7120000123977661,,9382.39,False,True,True,-8753.61,high,high,mid,mid
2026-05-02,14,47726.83,1106.68,7761.56,12506.01,3048.45,31208.01,13470.370000000006,2122.4141610000006,87.73900958333333,49.80393833333334,930.5345464166667,207.2855468333333,True,1.0,,3.996999979019165,,8868.24,False,True,True,-157.48160849999996,low,low,low,high
2026-05-27,1,51232.48,1410.51,6447.04,13200.28,6180.08,1.17,45051.23,2393.4,535.78,285.96000000000004,1882.37,1082.57,False,,,,,7857.55,False,False,False,-796.6099999999999,low,low,low,high
2026-05-02,15,48476.75,1134.76,7798.41,12718.96,2816.43,30707.82,14952.5,1960.5984310000003,89.87434958333334,51.96360033333334,866.3615397499999,149.21402366666666,True,1.0,,4.909999847412109,,8933.17,False,True,True,-97.25042333333332,low,low,low,high
2026-05-31,8,50377.12,1586.96,7582.51,13390.64,13775.72,9955.94,26645.46,334.9,1560.63,1328.3,1460.32,9091.57,False,,1.0,,3.5952939987182617,9169.470000000001,True,False,True,-7763.2699999999995,mid,mid,mid,mid
2026-05-09,9,49742.87,1296.39,7471.87,12540.73,5821.56,13586.7,30334.610000000004,1961.1379758333337,114.4582025,236.10070575,1150.0419389166668,2320.116008,True,,,,,8768.26,False,False,False,-2084.01530225,low,low,low,high
2026-05-14,8,50635.85,1590.4,7356.48,13685.34,19187.51,8331.78,23116.559999999998,379.59380725000005,1441.0291614166665,3223.6755420833333,1704.8018895000002,12186.079975333334,True,,,,,8946.88,False,False,False,-8962.404433250002,high,high,low,mid
2026-06-23,23,69827.89,2068.1,7684.24,20154.18,20790.52,2.48,49034.88999999999,1910.9699999999998,1822.1700000000003,3086.1,2624.58,11346.7,False,,,,,9752.34,False,False,False,-8260.6,high,high,high,mid
2026-05-06,21,57546.33,1495.12,7573.37,13353.02,10402.47,226.72,46917.14,809.9202570833336,542.9775856666666,2074.06535325,1146.3423693333334,5616.133263916667,True,1.0,1.0,140.2689971923828,2.868745803833008,9068.49,True,True,True,-3542.0679106666666,mid,mid,low,high
2026-05-22,2,46625.6,1289.95,7180.96,11830.0,11119.5,0.19,35505.909999999996,676.81,218.49,2195.22,1306.28,6722.7,False,1.0,,6.800000190734863,,8470.91,False,True,True,-4527.48,mid,mid,low,mid
2026-05-01,6,44501.15,1314.99,7112.47,10585.67,9753.94,0.96,34746.25,870.6054316666668,873.2016805833333,1341.82884425,726.7834405,5736.543021,True,1.0,1.0,11.604000091552734,96.7868881225586,8427.460000000001,True,True,True,-4394.714176750001,mid,mid,low,mid
2026-05-15,21,64460.46,1878.87,7945.9,17269.71,27074.34,444.33,36941.78999999999,3109.24,2015.58,2802.89,3015.65,16130.98,False,,,,,9824.77,False,False,False,-13328.09,high,high,high,low
2026-06-07,11,59237.21,1804.91,7515.76,15456.46,17250.47,19901.21,22085.53,2412.82,1546.37,838.9599999999999,2057.93,10394.390000000001,False,,,,,9320.67,False,False,False,-9555.430000000002,mid,low,mid,low
2026-07-05,13,75065.08,2295.03,8205.03,22205.7,3561.86,31344.65,40158.57,700.87,169.78,99.28,784.54,1807.39,False,,,,,10500.060000000001,False,False,False,-1708.1100000000001,low,low,high,high
2026-05-27,6,46303.38,1419.74,6659.08,11993.52,4039.4,1.6,42262.38,1661.7799999999997,302.21000000000004,31.01,1473.84,570.5600000000001,False,,,,,8078.82,False,False,False,-539.5500000000001,low,low,low,high
2026-07-05,4,56774.73,1828.22,7693.89,15331.53,14262.67,0.18,42511.880000000005,867.67,1355.98,1184.68,1720.13,9134.21,False,1.0,,8.781999588012695,,9522.11,False,True,True,-7949.529999999999,mid,mid,mid,mid
2026-06-12,15,76019.6,2345.41,7726.64,20646.29,10171.92,26269.97,39577.71000000001,2009.0299999999997,654.38,1128.8899999999999,1162.45,5217.17,False,,,,,10072.05,False,False,False,-4088.28,low,mid,high,high
2026-06-20,22,65265.22,2151.1,7945.37,20311.77,18408.46,212.9,46643.86,539.3699999999999,1303.85,3628.55,1256.42,11680.27,False,1.0,,0.19599999487400055,,10096.47,False,True,True,-8051.72,high,high,high,mid
2026-07-07,24,65591.36,2004.49,7753.92,19572.32,17030.68,0.1,48560.58,1565.44,1345.6299999999999,3155.09,2085.58,8878.94,False,1.0,,2.0799999237060547,,9758.41,False,True,True,-5723.85,mid,high,high,mid
2026-07-08,23,73333.95,2202.45,7715.43,22963.38,20891.07,0.22,52442.659999999996,1389.73,2163.51,2612.9,2099.99,12624.94,False,1.0,,0.29899999499320984,,9917.880000000001,False,True,True,-10012.04,high,high,high,low
2026-05-29,1,54672.77,1685.26,7431.15,14456.29,17770.57,1.28,36900.92,832.08,1357.66,1801.08,2213.78,11565.97,False,,,,,9116.41,False,False,False,-9764.89,high,mid,low,low
2026-05-10,8,46662.82,1404.59,7283.65,11478.38,14283.42,3715.47,28663.93,176.64566200000002,926.6155217500001,2319.6125968333336,589.5071050833333,10098.216291166667,True,,,,,8688.24,False,False,False,-7778.603694333334,mid,high,low,mid
2026-05-02,7,41720.53,1402.96,6645.19,10557.2,6819.64,80.64,34820.25,2652.3050105833336,259.767411,1728.4392824166669,1615.6247685,742.42620525,True,1.0,1.0,123.23799896240234,1183.5712890625,8048.15,True,True,True,986.0130771666669,low,mid,low,high
2026-06-08,16,77424.57,2275.85,7767.54,24217.55,18657.54,24832.47,33934.560000000005,2416.29,1674.86,746.3499999999999,2204.36,11615.68,False,,,,,10043.39,False,False,False,-10869.33,high,low,high,low
2026-06-11,18,78247.75,2416.61,7014.23,23769.14,19131.53,23917.55,35198.67,3024.26,1714.94,2224.42,2571.67,9596.24,False,,,,,9430.84,False,False,False,-7371.82,mid,mid,mid,mid
2026-05-11,23,54530.1,1589.65,7263.76,14024.79,9886.89,1.13,44642.08,536.1575335000001,506.95871783333337,3249.228872083334,932.5527649999999,4666.999248416667,True,1.0,,101.0009994506836,,8853.41,False,True,True,-1417.770376333333,low,high,low,high
2026-05-17,20,67024.93,1941.81,7910.73,18971.22,26509.21,3550.98,36964.73999999999,3628.64,2062.48,2072.94,3454.19,15290.96,False,,,,,9852.539999999999,False,False,False,-13218.019999999999,high,mid,high,low
2026-05-18,10,61617.38,1871.24,7590.62,17335.62,23844.78,13512.28,24260.32,3279.5100000000007,2228.82,1750.8000000000002,2208.65,14377.0,False,,,,,9461.86,False,False,False,-12626.2,high,mid,mid,low
2026-06-22,1,62507.22,1997.12,7555.79,17832.53,27102.76,2.59,35401.87000000001,2878.3299999999995,2571.8100000000004,2747.86,2975.4200000000005,15929.34,False,,,,,9552.91,False,False,False,-13181.48,high,high,mid,low
2026-05-06,17,60666.54,1553.21,7814.52,12979.08,4448.05,17568.92,38649.57,1131.391777666667,417.2297926666667,545.48565275,496.9673024166667,1822.6306118333334,True,,,,,9367.73,False,False,False,-1277.1449590833336,low,low,mid,high
2026-05-28,15,68837.54,2084.96,7798.18,19218.91,2115.95,31323.39,35398.2,413.81,11.86,48.99999999999999,172.73999999999998,1468.54,False,,,,,9883.14,False,False,False,-1419.54,low,low,high,high
2026-06-03,12,63666.06,1899.03,7195.83,18070.68,1550.5,23255.5,38860.06,135.79,36.93,52.9,59.83,1265.05,False,1.0,,4.144999980926514,,9094.86,False,True,True,-1212.1499999999999,low,low,low,high
2026-06-28,6,57103.96,1860.87,7828.25,15766.98,28146.55,1.64,28955.77,2407.35,2404.0899999999997,3387.3499999999995,3021.63,16926.13,False,,,,,9689.119999999999,False,False,False,-13538.780000000002,high,high,high,low
2026-07-04,3,59731.11,1964.6,7699.96,17199.18,22744.34,0.64,36986.130000000005,1142.43,2300.71,3307.9,1924.8599999999997,14068.44,False,1.0,,0.4399999976158142,,9664.56,False,True,True,-10760.54,high,high,mid,low
2026-05-19,15,69361.74,1818.55,7726.59,18661.86,15958.83,21803.7,31599.210000000003,2685.51,1076.76,1176.08,2277.71,8742.77,False,,,,,9545.14,False,False,False,-7566.6900000000005,mid,mid,mid,mid
2026-06-12,3,58265.51,1802.0,7568.5,16282.26,17304.74,1.12,40959.65,1430.0299999999997,1816.65,2450.58,1746.48,9861.0,False,,,,,9370.5,False,False,False,-7410.42,mid,high,mid,mid
2026-06-29,3,60851.05,1971.47,7579.12,17227.86,28816.25,1.61,32033.190000000002,2997.69,2588.72,3282.21,3198.12,16749.51,False,,,,,9550.59,False,False,False,-13467.3,high,high,mid,low
2026-05-01,17,49927.58,1233.18,7246.49,12810.83,15116.18,9496.63,25314.770000000004,3036.279108333334,1242.4733811666667,544.1078316666667,2877.3474467499996,7631.575549333333,True,,,,,8479.67,False,False,False,-7087.467717666666,mid,low,low,mid
2026-06-05,15,67004.56,1966.48,7842.76,19540.7,6791.8,19955.86,40256.899999999994,371.05,290.53,1570.8000000000004,145.58,4413.84,False,1.0,1.0,0.36899998784065247,5.162658214569092,9809.24,True,True,True,-2843.04,low,mid,high,high
2026-05-19,4,54609.76,1611.82,7640.62,14799.47,22160.33,0.23,32449.2,1304.9800000000002,2215.41,3391.03,1949.77,13299.14,False,1.0,,6.4629998207092285,,9252.44,False,True,True,-9908.109999999999,high,high,mid,low
2026-05-12,24,53998.54,1642.84,7398.5,13963.0,20311.27,0.69,33686.58,475.0065336666667,1380.3383873333332,2792.9339704166673,1628.4572198333333,13635.514645666664,True,,,,,9041.34,False,False,False,-10842.580675249998,high,high,low,low
2026-05-27,8,49045.55,1450.6,6796.0,13036.79,5015.62,2088.27,41941.66,1702.79,310.81,50.60000000000001,1921.97,1029.45,False,1.0,,2.431999921798706,,8246.6,False,True,True,-978.85,low,low,low,high
2026-06-14,21,67511.62,2025.66,7355.24,17962.54,10287.53,527.45,56696.64,1370.83,1208.9300000000003,200.36,1346.31,6161.1,False,1.0,,4.894000053405762,,9380.9,False,True,True,-5960.740000000001,mid,low,mid,mid
2026-05-22,9,51302.76,1345.04,7176.71,13537.01,6574.68,16640.46,28087.620000000003,839.68,72.03,708.56,828.92,4125.49,False,,,,,8521.75,False,False,False,-3416.93,low,low,low,high
2026-05-15,14,66870.72,1944.7,7960.72,18088.67,20387.39,25111.68,21371.65,3010.28,2306.99,1359.06,2683.3,11027.76,False,,,,,9905.42,False,False,False,-9668.7,mid,mid,high,low
2026-05-12,22,61567.81,1822.41,7537.36,16653.3,16426.69,1.22,45139.899999999994,577.1544380833333,639.2989395833333,2751.3834241666673,1029.3669019166666,10963.424724249999,True,,,,,9359.77,False,False,False,-8212.041300083332,mid,high,mid,mid
2026-06-03,11,60173.93,1800.06,7105.27,16852.72,1830.07,23193.79,35150.07,83.73,23.08,38.05,78.08,1607.1299999999999,False,1.0,,4.224999904632568,,8905.33,False,True,True,-1569.08,low,low,low,high
2026-06-22,22,75045.74,2225.87,7467.77,22787.96,18865.02,1.58,56179.14,2474.5200000000004,1196.19,2806.39,2792.05,9595.87,False,,,,,9693.64,False,False,False,-6789.480000000001,mid,high,high,mid
2026-05-19,16,69241.34,1840.55,7835.2,17527.3,14826.72,20192.99,34221.62999999999,2206.85,887.77,1318.96,2116.97,8296.17,False,,,,,9675.75,False,False,False,-6977.21,mid,mid,mid,mid
2026-06-15,24,58160.71,1775.79,7465.8,16292.47,5553.31,0.11,52607.29,859.96,122.33999999999999,1793.86,381.49,2395.66,False,1.0,1.0,35.22999954223633,14.902202606201172,9241.59,True,True,True,-601.8,low,mid,mid,high
2026-05-21,14,56410.92,1520.06,7269.24,15286.54,4466.34,14817.85,37126.73,299.75,77.14,927.4800000000001,261.64,2900.33,False,,,,,8789.3,False,False,False,-1972.85,low,low,low,high
2026-07-08,17,82646.63,2589.88,7121.04,27244.97,12105.09,28597.26,41944.28000000001,2272.97,489.85,1768.77,1619.62,5953.88,False,,,,,9710.92,False,False,False,-4185.110000000001,mid,mid,high,high
2026-06-27,13,74519.37,2271.32,8149.35,21724.1,22775.93,28698.7,23044.739999999994,3090.5799999999995,2282.41,1178.24,2821.19,13403.51,False,,,,,10420.67,False,False,False,-12225.27,high,mid,high,low
2026-05-24,20,62911.9,1825.6,7911.03,15715.79,6781.23,8299.3,47831.369999999995,997.2499999999999,579.91,1938.35,1202.26,2063.46,False,,,,,9736.63,False,False,False,-125.11000000000013,low,mid,high,high
2026-05-27,18,61647.73,2021.87,7960.46,18681.65,1047.26,22094.95,38505.520000000004,43.150000000000006,65.67,518.0800000000002,179.69000000000003,240.67,False,,,,,9982.33,False,False,False,277.4100000000002,low,low,high,high
2026-05-25,1,50758.35,1505.69,7466.35,12401.09,9492.28,1.26,41264.81,104.83,1015.6099999999999,2538.56,729.77,5103.509999999999,False,1.0,,2.239000082015991,,8972.04,False,True,True,-2564.9499999999994,low,high,low,high
2026-05-05,19,67078.58,1890.35,7615.81,19559.78,18305.49,9635.35,39137.74,3881.8591572500004,1337.1620045833333,1118.8024631666667,2058.463658333333,10406.859033666666,True,1.0,,0.6480000019073486,,9506.16,False,True,True,-9288.056570499999,mid,mid,mid,low
2026-06-21,23,69308.83,2180.62,7672.38,20377.13,25925.49,1.89,43381.45,2461.41,2533.75,1722.2399999999998,3037.98,16170.11,False,,,,,9853.0,False,False,False,-14447.87,high,mid,high,low
2026-05-20,19,63660.36,1517.76,7044.33,17746.07,6871.87,11336.57,45451.92,813.31,197.32,651.01,511.04999999999995,4699.18,False,1.0,,7.38100004196167,,8562.09,False,True,True,-4048.17,low,low,low,high
2026-06-30,6,57665.59,1855.31,7560.3,16225.9,24387.96,1.71,33275.92,1194.15,1989.4,3285.21,2089.43,15829.77,False,,,,,9415.61,False,False,False,-12544.560000000001,high,high,mid,low
2026-05-10,5,47032.57,1399.45,7372.57,11806.0,19599.46,0.74,27432.37,171.14855758333334,1946.9000865,1698.0301007499997,956.4935223333333,14861.504133,True,,,,,8772.02,False,False,False,-13163.47403225,high,mid,low,low
2026-05-05,22,61566.72,1685.85,7083.19,16673.06,14585.1,0.12,46981.5,2788.8764077500005,1483.4247002500001,1881.03081175,2680.4324104166667,6012.306725333334,True,1.0,1.0,151.177001953125,303.3243713378906,8769.039999999999,True,True,True,-4131.275913583334,mid,mid,low,high
2026-05-11,19,62959.11,1815.72,7967.58,16320.08,3593.14,23786.32,35579.65,1257.8561137500003,263.28560200000004,946.99499725,748.7436555,373.1258155,True,1.0,,1.4919999837875366,,9783.3,False,True,True,573.86918175,low,low,high,high
2026-05-17,16,67454.9,1912.13,8179.18,19312.21,21779.87,18970.63,26704.399999999998,3683.49,2283.0299999999997,1751.4699999999996,3067.05,10994.83,False,,,,,10091.310000000001,False,False,False,-9243.36,mid,mid,high,low
2026-07-11,10,62972.81,1972.44,7616.06,18369.85,7662.24,24872.71,30437.86,1220.4,687.93,142.45,1324.61,4286.85,False,,,,,9588.5,False,False,False,-4144.400000000001,low,low,mid,high
2026-05-24,16,67452.49,1844.53,7972.87,19346.13,3352.62,29206.17,34893.700000000004,1683.94,53.66,315.44999999999993,283.75,1015.82,False,,,,,9817.4,False,False,False,-700.3700000000001,low,low,high,high
2026-07-10,20,78658.55,2461.46,7970.27,25682.88,19690.91,12373.71,46593.93,1547.4399999999998,1561.5899999999997,2526.9699999999993,2470.72,11584.19,False,,,,,10431.73,False,False,False,-9057.220000000001,high,high,high,mid
2026-06-06,9,52037.33,1649.31,6690.5,13774.89,2901.03,6941.51,42194.79,184.03,201.51,718.16,506.78,1290.55,False,1.0,,2.0940001010894775,,8339.81,False,True,True,-572.39,low,low,low,high
2026-06-12,14,75368.72,2117.82,7640.91,21208.71,7561.97,25664.32,42142.43,1861.4900000000002,592.35,607.3799999999999,1055.87,3444.88,False,,,,,9758.73,False,False,False,-2837.5,low,low,high,high
2026-05-03,10,44776.79,1077.55,7539.65,11542.34,11156.54,23419.54,10200.71,112.43264583333334,1117.7297439166668,2652.6441189166667,122.19523441666665,9412.689528500001,True,,,,,8617.199999999999,False,False,False,-6760.045409583334,mid,high,low,mid
2026-05-11,3,45532.27,1263.64,7272.04,10137.72,13211.8,0.09,32320.379999999997,1975.000649166667,1319.2182971666666,35.200964583333324,2648.561064416667,7029.968860083333,True,1.0,,14.406000137329102,,8535.68,False,True,True,-6994.7678955,mid,low,low,mid
2026-06-11,8,59578.26,1906.72,7548.02,16706.18,22051.1,6078.83,31448.33,763.9699999999999,1907.73,2899.15,1134.88,15345.37,False,,,,,9454.74,False,False,False,-12446.220000000001,high,high,mid,low
2026-06-18,11,69592.25,2183.84,7772.18,19832.71,13674.28,27886.82,28031.15,2113.06,1457.12,3493.12,1217.36,5393.620000000001,False,,,,,9956.02,False,False,False,-1900.500000000001,low,high,high,high
2026-05-03,4,41090.43,1316.42,7443.89,9869.06,16888.64,0.26,24201.530000000002,38.80700375000001,1931.9178973333337,2976.629103083333,426.86313541666664,11152.379923166665,True,1.0,,88.40399932861328,,8760.310000000001,False,True,True,-8175.750820083333,high,high,low,mid
2026-05-22,22,64104.0,1591.1,7723.81,17802.57,15542.19,1.74,48560.07,1568.2,1278.4000000000003,1965.66,2463.59,8266.339999999998,False,,,,,9314.91,False,False,False,-6300.6799999999985,mid,mid,mid,mid
2026-05-28,19,71710.76,2067.3,7426.31,19668.47,5075.21,18802.01,47833.53999999999,1275.4600000000003,129.77,129.27,545.54,2995.17,False,,,,,9493.61,False,False,False,-2865.9,low,low,mid,high
2026-06-03,16,70431.91,2047.92,7400.42,22223.4,3860.2,23862.86,42708.850000000006,645.88,237.50999999999996,1074.99,948.65,953.17,False,1.0,,5.581999778747559,,9448.34,False,True,True,121.82000000000005,low,low,mid,high
2026-05-03,3,41542.84,1310.83,7328.15,10088.04,15798.81,0.2,25743.829999999998,50.51232166666667,1852.4333394166663,2783.5282294999997,448.5375185833334,10278.838823416667,True,1.0,1.0,99.77999877929688,45.49099349975586,8638.98,True,True,True,-7495.310593916667,mid,high,low,mid
2026-05-07,20,53963.11,1356.07,7568.14,13548.96,9098.17,4540.93,40324.01,1854.2268589166667,192.70860825,976.7800612499999,1361.6355375000003,4615.911350666666,True,1.0,,8.84000015258789,,8924.210000000001,False,True,True,-3639.1312894166663,low,low,low,high
2026-06-10,13,73086.79,2068.69,7819.47,20992.71,20402.24,24344.0,28340.54999999999,2396.32,1706.96,1132.62,1775.6899999999998,13390.65,False,,,,,9888.16,False,False,False,-12258.029999999999,high,mid,high,low
2026-06-17,7,54885.7,1716.3,7371.7,14994.72,18136.23,191.64,36557.83,465.55,1253.29,3654.749999999999,288.07,12474.57,False,,,,,9088.0,False,False,False,-8819.82,high,high,low,mid
2026-05-21,15,57580.78,1469.32,7322.29,15390.99,6031.29,16837.21,34712.28,384.14000000000004,86.10000000000001,1217.73,377.9800000000001,3965.34,False,,,,,8791.61,False,False,False,-2747.61,low,mid,low,high
2026-05-29,17,77617.76,2286.71,8302.34,22412.78,15836.44,25449.03,36332.28999999999,1915.5,608.5100000000001,1642.06,1656.58,10013.79,False,,1.0,,5.253265857696533,10589.05,True,False,True,-8371.730000000001,mid,mid,high,mid
2026-05-27,12,54234.46,1560.6,7486.17,14979.73,3348.07,19436.05,31450.34,2023.73,75.05,164.58,982.41,102.30000000000001,False,,,,,9046.77,False,False,False,62.28,low,low,low,high
2026-05-29,24,61738.17,1782.31,7732.49,17423.05,25159.05,0.48,36578.63999999999,1093.08,2380.8900000000003,3286.18,2617.6,15781.299999999997,False,,,,,9514.8,False,False,False,-12495.119999999997,high,high,mid,low
2026-05-30,7,49997.12,1495.8,7536.57,13434.17,20355.79,313.72,29327.61,533.2899999999998,1650.57,3155.8299999999995,1584.12,13431.979999999998,False,,,,,9032.369999999999,False,False,False,-10276.149999999998,high,high,low,low
2026-06-05,4,50701.48,1590.91,6755.36,13758.71,11897.93,0.3,38803.25,141.93,1258.0200000000002,1948.9700000000003,520.23,8028.78,False,1.0,,37.979000091552734,,8346.27,False,True,True,-6079.8099999999995,mid,mid,low,mid
2026-05-19,12,63725.98,1832.29,7612.28,18487.27,18537.86,19126.8,26061.320000000003,2872.9099999999994,773.8599999999999,1339.08,2476.51,11075.5,False,,,,,9444.57,False,False,False,-9736.42,mid,mid,mid,low
2026-05-20,2,47213.45,1261.44,7380.54,11325.58,12847.4,0.11,34365.939999999995,1622.37,1296.3699999999997,1638.46,1583.26,6706.94,False,1.0,,39.79899978637695,,8641.98,False,True,True,-5068.48,mid,mid,low,mid
2026-05-13,15,69337.17,1981.76,7924.06,19697.98,4786.92,34126.67,30423.58,191.31826766666666,78.13425591666666,947.2327080833333,82.45826724999999,3314.51094525,True,,,,,9905.82,False,False,False,-2367.2782371666667,low,low,high,high
2026-06-16,17,73387.54,2316.21,8451.44,22964.42,5652.39,26676.99,41058.15999999999,1423.15,204.4,1589.52,1366.8699999999997,1068.45,False,,,,,10767.650000000001,False,False,False,521.0699999999999,low,mid,high,high
2026-07-01,13,76218.1,2232.15,7607.2,22811.04,18125.59,29315.38,28777.13000000001,2120.44,1301.51,2438.23,1950.86,10314.55,False,,,,,9839.35,False,False,False,-7876.32,mid,high,high,mid
2026-07-07,22,73515.92,2194.77,7801.92,22708.55,13822.1,0.52,59693.3,2054.0299999999997,1065.14,1931.23,2290.09,6481.61,False,1.0,,7.765999794006348,,9996.69,False,True,True,-4550.379999999999,mid,mid,high,mid
2026-05-08,4,42469.03,1285.79,6741.56,10111.15,7133.11,0.1,35335.82,386.04357616666675,518.8523095833333,2963.2284241666666,192.61167508333335,3470.770572333334,True,1.0,1.0,75.6760025024414,223.4593505859375,8027.35,True,True,True,-507.5421481666672,low,high,low,high
2026-06-02,19,72177.36,2248.08,7611.4,20223.04,13402.1,12046.02,46729.240000000005,982.4099999999999,1135.0,1983.5800000000002,1315.41,7985.699999999999,False,1.0,,8.121000289916992,,9859.48,False,True,True,-6002.119999999999,mid,mid,high,mid
2026-05-19,5,54435.77,1621.75,7709.74,14732.97,20303.67,0.16,34131.939999999995,941.17,2030.1300000000003,3552.29,2252.52,11527.56,False,1.0,,17.79800033569336,,9331.49,False,True,True,-7975.2699999999995,high,high,mid,mid
2026-05-23,14,58230.94,1644.09,7866.96,16257.1,4031.6,23000.92,31198.420000000006,839.1499999999999,8.37,339.87,627.51,2216.7,False,,,,,9511.05,False,False,False,-1876.83,low,low,mid,high
2026-05-12,11,53648.37,1505.59,7458.86,14021.51,7470.25,30964.13,15213.990000000002,52.180725363636355,142.69096236363637,2890.004153454545,69.3236039090909,5006.369692636364,True,,,,,8964.449999999999,False,False,False,-2116.365539181819,low,high,low,high
2026-05-26,2,48998.81,1426.3,7398.33,11728.92,11344.18,1.26,37653.369999999995,845.11,896.38,1240.9,1612.77,6749.02,False,1.0,,0.04699999839067459,,8824.63,False,True,True,-5508.120000000001,mid,mid,low,mid
2026-06-13,1,60672.29,1965.66,7713.15,16355.74,20024.16,0.82,40647.310000000005,1236.75,1865.9100000000003,2686.64,1781.75,12453.11,False,1.0,,2.8259999752044678,,9678.81,False,True,True,-9766.470000000001,high,high,mid,low
2026-06-29,17,81708.64,2548.12,7075.89,25700.77,21981.63,26146.05,33580.95999999999,3183.92,2405.09,1316.07,2961.0300000000007,12115.52,False,,,,,9624.01,False,False,False,-10799.45,high,mid,mid,low
2026-06-18,13,77679.56,2335.7,7829.62,22859.55,11077.4,30184.27,36417.89,2119.5799999999995,909.72,3759.22,835.34,3453.5399999999995,False,,,,,10165.32,False,False,False,305.6800000000003,low,high,high,high
2026-05-08,24,52062.33,1480.58,7314.95,13256.53,12478.85,0.82,39582.66,821.0553805833334,1244.9651742500002,2068.552171916667,1056.3724375,6991.252264916666,True,1.0,1.0,35.564998626708984,53.513248443603516,8795.529999999999,True,True,True,-4922.7000929999995,mid,mid,low,mid
2026-05-26,15,68481.14,1714.47,7179.27,19515.38,13869.52,23876.87,30734.749999999996,1937.2200000000003,1441.38,1324.4700000000003,1452.27,7714.18,False,,,,,8893.74,False,False,False,-6389.71,mid,mid,low,mid
2026-06-01,12,69282.3,1851.22,7677.97,20598.71,4141.12,30881.42,34259.76,158.72000000000003,306.9,712.34,189.5,2773.66,False,,,,,9529.19,False,False,False,-2061.3199999999997,low,low,mid,high
2026-06-02,2,57001.49,1595.34,7440.33,15722.1,14435.17,0.04,42566.28,368.33,962.33,3428.6,1362.3,8313.61,False,1.0,,15.527999877929688,,9035.67,False,True,True,-4885.01,mid,high,low,mid
2026-07-09,18,82641.84,2520.11,7153.54,27342.62,19119.83,26169.02,37352.98999999999,2264.26,1512.84,2300.51,2548.8,10493.42,False,,,,,9673.65,False,False,False,-8192.91,mid,high,mid,mid
2026-05-09,23,59699.44,1774.09,7649.72,16222.35,22830.85,0.44,36868.15,1047.9687605000004,2125.9172429166665,1501.1052610833335,1622.9411250833334,16175.974872583334,True,,,,,9423.81,False,False,False,-14674.8696115,high,mid,mid,low
2026-05-05,6,48246.7,1411.98,7510.6,12493.44,24417.5,0.29,23828.909999999996,1953.883999416667,2610.343071416666,3411.7784827499995,2258.983515333334,13809.747666166668,True,,,,,8922.58,False,False,False,-10397.969183416668,high,high,low,low
2026-06-05,11,60095.84,1809.75,7360.94,16840.2,8350.46,14676.57,37068.81,42.67,564.62,1081.37,101.68,6560.119999999999,False,,1.0,,0.6140808463096619,9170.689999999999,True,False,True,-5478.749999999999,mid,mid,mid,mid
2026-07-05,5,55107.07,1796.56,7615.63,14643.67,14139.38,0.12,40967.57,929.63,1358.2300000000002,1269.78,1541.43,9040.31,False,1.0,,6.570000171661377,,9412.19,False,True,True,-7770.53,mid,mid,mid,mid
2026-06-18,4,55486.7,1791.14,7459.37,14717.94,20991.53,0.21,34494.96,1647.86,2060.71,1985.45,2370.08,12927.43,False,,,,,9250.51,False,False,False,-10941.98,high,mid,mid,low
2026-06-12,7,57484.78,1735.07,7476.99,16002.92,11058.49,195.47,46230.82,1251.48,1004.53,1345.25,1175.68,6281.549999999999,False,1.0,,3.257999897003174,,9212.06,False,True,True,-4936.299999999999,mid,mid,mid,mid
2026-05-16,10,54954.0,1612.17,7633.93,14724.91,23049.58,19775.69,12128.73,3001.8400000000006,1948.0,1422.01,2744.06,13933.67,False,,,,,9246.1,False,False,False,-12511.66,high,mid,mid,low
2026-06-24,8,57979.98,1879.05,7306.13,16066.42,13290.28,5656.2,39033.50000000001,917.5799999999999,1270.08,1085.91,1658.8299999999997,8357.88,False,,,,,9185.18,False,False,False,-7271.969999999999,mid,mid,mid,mid
2026-07-07,1,62316.02,1773.65,7487.19,17958.8,9894.53,0.59,52420.9,1107.57,481.83,2170.88,1446.02,4688.23,False,1.0,,9.335000038146973,,9260.84,False,True,True,-2517.3499999999995,low,mid,mid,high
2026-05-21,11,53125.28,1498.93,6984.15,14455.79,3242.33,9136.49,40746.46,67.25999999999999,46.39,291.8,272.1,2564.7799999999997,False,,,,,8483.08,False,False,False,-2272.9799999999996,low,low,low,high
2026-06-12,2,60231.66,1864.96,7453.99,17017.57,18011.52,1.07,42219.07,1488.28,1796.3400000000001,2809.53,2007.47,9909.9,False,,1.0,,26.86457633972168,9318.95,True,False,True,-7100.369999999999,mid,high,mid,mid
2026-06-23,6,57740.54,1767.75,7505.04,16073.17,14891.66,0.72,42848.16,1318.85,1258.74,1846.56,1988.67,8478.84,False,1.0,,6.210999965667725,,9272.79,False,True,True,-6632.280000000001,mid,mid,mid,mid
2026-05-01,24,45205.82,1424.54,6897.25,11467.72,7865.5,0.76,37339.56,3842.348096583334,281.0987555,332.51420766666666,2532.513694,1495.7678601666669,True,1.0,,2.8239998817443848,,8321.79,False,True,True,-1163.2536525000003,low,low,low,high
2026-05-25,12,60377.81,1662.58,7677.33,16413.75,3062.22,29728.74,27586.849999999995,44.57,64.89,387.54,94.26,2470.96,False,,,,,9339.91,False,False,False,-2083.42,low,low,mid,high
2026-07-08,24,69270.44,2111.71,7865.72,21279.26,21300.11,0.23,47970.1,1214.12,2295.69,2595.33,2012.33,13182.64,False,1.0,,0.4950000047683716,,9977.43,False,True,True,-10587.31,high,high,high,low
2026-05-02,5,40675.84,1362.96,6660.23,10043.18,5770.54,0.51,34904.78999999999,2802.8000312500003,103.99801508333331,1027.7933614166666,1820.4798434166669,307.9286520833333,True,1.0,1.0,106.40699768066406,34.29478454589844,8023.19,True,True,True,719.8647093333333,low,low,low,high
2026-05-18,23,66878.88,2015.08,7907.48,19218.32,28474.58,0.13,38404.170000000006,3453.54,2108.39,2790.41,3361.07,16761.17,False,,,,,9922.56,False,False,False,-13970.759999999998,high,high,high,low
2026-05-20,3,45862.78,1292.41,7296.0,10988.72,12149.55,0.1,33713.13,1440.63,1219.08,2014.95,1336.38,6138.51,False,1.0,,34.58100128173828,,8588.41,False,True,True,-4123.56,mid,mid,low,high
2026-06-28,1,64761.11,2069.5,8010.27,18731.87,28543.41,1.53,36216.17,2650.07,2443.37,3375.63,3207.3500000000004,16866.99,False,,,,,10079.77,False,False,False,-13491.36,high,high,high,low
2026-07-09,5,57520.98,1818.79,7571.52,16951.86,22463.95,1.28,35055.75,364.1700000000001,2133.49,3482.96,1621.9799999999998,14861.35,False,1.0,,0.28299999237060547,,9390.310000000001,False,True,True,-11378.39,high,high,mid,low
2026-05-02,20,51518.34,1386.26,7491.95,13854.54,2530.4,7047.38,41940.56,1053.0652119166668,10.339529166666667,62.53893716666667,555.5224871666667,900.7393627499999,True,1.0,,31.996999740600586,,8878.21,False,True,True,-838.2004255833333,low,low,low,high
2026-05-17,21,66595.17,1932.21,7901.71,18808.83,27857.88,406.75,38330.53999999999,3489.85,1868.37,2989.3900000000003,3228.8699999999994,16281.399999999998,False,,,,,9833.92,False,False,False,-13292.009999999998,high,high,high,low
2026-05-30,14,69979.97,2017.87,7976.55,20076.41,10155.1,30435.31,29389.56,175.39999999999998,1133.66,1662.32,252.03,6931.69,False,,,,,9994.42,False,False,False,-5269.37,mid,mid,high,mid
2026-06-26,8,58366.39,1793.8,7374.47,16293.95,19160.79,4705.42,34500.18,2088.3,1786.28,1217.93,2565.54,11502.74,False,1.0,,2.7320001125335693,,9168.27,False,True,True,-10284.81,high,mid,mid,low
2026-05-28,14,66134.67,1970.07,7787.75,18546.1,2013.87,31221.28,32899.52,486.2900000000001,3.74,41.47,139.05,1343.32,False,,,,,9757.82,False,False,False,-1301.85,low,low,high,high
2026-06-09,8,56799.31,1525.74,7498.13,15822.72,16083.16,6738.49,33977.659999999996,843.83,1130.0,2633.65,1541.35,9934.33,False,,,,,9023.87,False,False,False,-7300.68,mid,high,low,mid
2026-06-01,21,74575.45,2059.98,7562.72,22787.38,14666.58,662.47,59246.399999999994,1037.04,536.69,3112.61,1564.23,8416.01,False,,,,,9622.7,False,False,False,-5303.4,mid,high,mid,mid
2026-06-04,9,54829.91,1628.19,7431.93,15228.81,3972.59,13072.05,37785.270000000004,13.919999999999998,319.33,584.48,92.26,2962.6,False,1.0,,5.321000099182129,,9060.12,False,True,True,-2378.12,low,low,low,high
2026-06-20,4,52788.16,1643.18,7542.33,12976.95,11152.81,1.98,41633.37,717.81,761.35,2262.86,627.89,6782.9,False,1.0,,19.71500015258789,,9185.51,False,True,True,-4520.039999999999,mid,high,mid,mid
2026-07-12,21,70682.09,2261.36,7680.98,20926.94,13756.28,598.95,56326.86,2148.1499999999996,1130.14,615.9,2397.22,7464.87,False,1.0,,5.578000068664551,,9942.34,False,True,True,-6848.97,mid,low,high,mid
2026-06-19,9,60511.62,1799.88,6988.82,15775.58,15933.49,4904.94,39673.19,2154.9399999999996,1256.55,340.28,1865.73,10315.99,False,1.0,1.0,9.616000175476074,121.20279693603516,8788.7,True,True,True,-9975.71,mid,low,low,low
2026-05-23,5,47061.65,1248.64,7215.52,11333.78,7613.62,0.48,39447.549999999996,495.5600000000001,653.11,301.79,873.28,5289.88,False,,,,,8464.16,False,False,False,-4988.09,low,low,low,mid
2026-05-11,16,60581.05,1756.99,7801.43,15245.38,3413.74,29061.02,28106.290000000005,1172.0593395833334,272.91870900000004,386.89865091666667,1050.6702683333333,516.3668790833334,True,,,,,9558.42,False,False,False,-129.46822816666673,low,low,mid,high
2026-06-27,20,79454.37,2546.12,8148.51,24269.71,26433.78,10756.32,42264.27,3529.42,2128.76,2696.69,3166.37,14912.54,False,1.0,,1.6369999647140503,,10694.630000000001,False,True,True,-12215.85,high,high,high,low
2026-06-28,10,63652.53,2038.49,7840.21,18095.57,25339.45,22683.95,15629.130000000001,3384.7300000000005,2342.87,1424.38,2953.37,15234.1,False,,,,,9878.7,False,False,False,-13809.720000000001,high,mid,high,low
2026-05-26,16,69055.95,1542.05,7197.95,19144.69,11501.7,22297.73,35256.520000000004,2407.4399999999996,1368.77,1195.6899999999998,1518.56,5011.239999999999,False,,,,,8740.0,False,False,False,-3815.5499999999993,low,mid,low,high
2026-06-24,18,81967.14,2418.05,7421.33,25357.22,17019.58,28748.84,36198.72,2772.22,1274.62,890.48,2346.65,9735.61,False,,,,,9839.380000000001,False,False,False,-8845.130000000001,mid,low,high,mid
2026-07-12,20,72949.75,2327.96,7833.09,22170.88,14685.29,6322.88,51941.58,2840.38,711.02,1036.48,2160.26,7937.150000000001,False,1.0,,2.888000011444092,,10161.05,False,True,True,-6900.67,mid,low,high,mid
2026-05-18,19,75367.58,2263.72,8255.86,22310.31,23723.67,14728.4,36915.51,3784.47,1862.6999999999998,1378.81,2979.8799999999997,13717.81,False,,,,,10519.58,False,False,False,-12339.0,high,mid,high,low
2026-07-04,23,70188.81,2100.43,7706.62,20821.04,15316.24,0.94,54871.63,1742.28,1334.11,1354.14,2681.39,8204.32,False,1.0,,7.201000213623047,,9807.05,False,True,True,-6850.179999999999,mid,mid,high,mid
2026-07-06,3,55761.3,1418.72,7053.93,14756.4,7267.39,0.16,48493.75,1007.4299999999998,380.22,318.78,1622.0200000000002,3938.94,False,1.0,,8.74899959564209,,8472.65,False,True,True,-3620.16,low,low,low,high
2026-05-04,17,61950.19,1583.47,8022.96,17287.83,19203.25,22026.9,20720.04,2544.8754230000004,2339.6926035833335,2671.2444440833333,1603.550753,11890.305182916669,True,,,,,9606.43,False,False,False,-9219.060738833336,high,high,mid,low
2026-06-09,18,77859.77,2287.66,7027.31,24102.15,21436.43,22406.27,34017.07000000001,2034.59,1499.26,1637.65,2223.56,14041.37,False,,,,,9314.970000000001,False,False,False,-12403.720000000001,high,mid,mid,low
2026-06-07,1,55598.49,1631.31,7119.14,13891.69,13241.69,0.16,42356.63999999999,1437.21,1046.96,527.1199999999999,1878.2500000000002,8352.15,False,,,,,8750.45,False,False,False,-7825.03,mid,low,low,mid
2026-05-19,13,66835.04,1834.01,7681.48,19328.75,16755.95,21455.18,28623.909999999996,2755.7399999999993,1059.23,1065.8,2387.44,9487.74,False,,,,,9515.49,False,False,False,-8421.94,mid,low,mid,mid
2026-05-22,15,68314.93,1789.44,7971.42,18795.93,3822.78,28011.78,36480.369999999995,1778.41,143.94,519.25,447.95,933.2299999999999,False,,,,,9760.86,False,False,False,-413.9799999999999,low,low,high,high
2026-06-06,16,69986.84,1882.99,7801.96,20798.41,6985.84,27661.44,35339.56,2190.2800000000007,622.0,348.38,1126.57,2698.61,False,,,,,9684.95,False,False,False,-2350.23,low,low,mid,high
2026-07-02,2,60485.61,1914.68,7457.55,17296.41,19137.12,0.1,41348.39000000001,1410.73,2131.59,2249.12,1675.3,11670.38,False,1.0,,5.010000228881836,,9372.23,False,True,True,-9421.259999999998,high,high,mid,low
2026-06-07,24,62702.95,1972.1,7751.23,18153.59,25550.34,0.91,37151.7,1546.56,2290.44,3316.44,2016.13,16380.769999999999,False,,,,,9723.33,False,False,False,-13064.329999999998,high,high,high,low
2026-05-30,17,74899.48,2147.25,8146.04,22138.71,13352.64,27891.22,33655.619999999995,1094.01,1507.82,2260.8999999999996,590.9,7899.010000000001,False,,,,,10293.29,False,False,False,-5638.1100000000015,mid,high,high,mid
2026-06-14,13,65610.99,2115.28,7895.67,16935.73,9736.77,23131.52,32742.7,2009.2299999999996,53.24000000000001,1847.2499999999998,389.4,5437.65,False,,1.0,,20.35399627685547,10010.95,True,False,True,-3590.3999999999996,low,mid,high,high
2026-07-02,16,81358.68,2533.5,7455.36,25312.98,12403.91,27540.18,41414.58999999999,2435.1000000000004,564.24,2706.29,1399.22,5299.06,False,,,,,9988.86,False,False,False,-2592.7700000000004,low,high,high,high
2026-06-06,2,51359.67,1508.04,6538.77,14120.77,6218.9,0.14,45140.63,620.95,927.96,1098.2600000000002,1152.93,2418.8,False,1.0,,19.31999969482422,,8046.81,False,True,True,-1320.54,low,mid,low,high
2026-06-16,7,53419.05,1708.54,7403.01,14094.29,2183.17,128.71,51107.170000000006,238.43000000000006,34.82,979.39,391.42,539.11,False,1.0,1.0,40.62099838256836,29.349910736083984,9111.55,True,True,True,440.28,low,low,low,high
2026-07-01,12,73084.31,2133.59,7676.24,21664.22,19494.09,27383.12,26207.100000000002,1855.1800000000003,1514.37,2519.98,2015.56,11589.0,False,,,,,9809.83,False,False,False,-9069.02,high,high,high,mid
2026-07-04,19,81080.2,2487.97,7375.31,25412.22,11186.96,20338.59,49554.649999999994,2912.03,481.98999999999995,2210.4000000000005,2066.74,3515.8,False,,,,,9863.28,False,False,False,-1305.3999999999996,low,mid,high,high
2026-06-09,13,72457.14,2010.93,7736.66,21447.55,17942.86,26648.25,27866.03,1704.3599999999997,903.7599999999999,2386.96,1681.3999999999999,11266.380000000001,False,,,,,9747.59,False,False,False,-8879.420000000002,high,high,high,mid
2026-06-09,4,54207.77,1671.65,7567.7,14885.74,20517.46,0.51,33689.799999999996,1018.48,1947.6000000000001,3293.74,1868.52,12389.12,False,,,,,9239.35,False,False,False,-9095.380000000001,high,high,mid,mid
2026-06-20,17,70616.92,2319.22,8421.97,22782.54,7396.78,23354.19,39865.95,366.9800000000001,380.47,2538.39,1101.54,3009.4,False,,,,,10741.189999999999,False,False,False,-471.0100000000002,low,high,high,high
2026-07-11,22,69848.81,2223.7,7942.83,22159.33,14752.91,0.17,55095.729999999996,1367.15,1310.3700000000001,462.72,2680.13,8932.54,False,1.0,,3.421999931335449,,10166.529999999999,False,True,True,-8469.820000000002,mid,low,high,mid
2026-07-03,24,68642.59,2164.01,7966.03,20204.0,21461.79,0.19,47180.60999999999,1443.12,1747.98,3293.51,2555.98,12421.199999999999,False,1.0,,4.593999862670898,,10130.04,False,True,True,-9127.689999999999,high,high,high,mid
2026-05-15,12,61423.22,1852.56,7913.51,16367.96,20992.5,23699.42,16731.300000000003,2712.38,2154.87,1124.74,2705.0,12295.51,False,,1.0,,3.6556732654571533,9766.07,True,False,True,-11170.77,high,mid,high,low
2026-07-09,19,82581.82,2544.88,7177.47,27334.43,19440.23,21778.17,41363.42000000001,1753.39,1671.96,2492.89,2169.78,11352.21,False,,,,,9722.35,False,False,False,-8859.32,high,high,high,mid
2026-05-16,2,52368.59,1529.93,7611.34,13935.66,26634.91,0.09,25733.589999999997,2725.98,2059.86,3028.3500000000004,3161.81,15658.91,False,,,,,9141.27,False,False,False,-12630.56,high,high,low,low
2026-05-26,7,49106.11,1447.64,7136.29,12254.89,7909.41,298.62,40898.079999999994,656.05,395.14,269.6000000000001,600.63,5987.99,False,,,,,8583.93,False,False,False,-5718.389999999999,mid,low,low,mid
2026-06-05,12,62584.06,1781.14,7425.03,17645.72,7031.08,18413.25,37139.729999999996,36.300000000000004,399.6499999999999,965.08,48.61,5581.44,False,,,,,9206.17,False,False,False,-4616.36,low,low,mid,mid
2026-05-27,11,53179.18,1553.68,7346.34,14566.11,4882.71,16658.13,31638.34,3005.76,72.59,107.2,1546.03,151.13,False,1.0,,0.5360000133514404,,8900.02,False,True,True,-43.92999999999999,low,low,low,high
2026-06-08,23,66973.23,1939.11,7854.91,20205.6,24397.85,0.78,42574.6,1643.97,2201.41,3437.48,2308.8,14806.19,False,,,,,9794.02,False,False,False,-11368.710000000001,high,high,high,low
2026-06-10,3,56601.89,1712.45,7474.53,15727.03,21809.85,2.63,34789.41,1064.63,1842.1400000000003,3113.81,1871.47,13917.8,False,,,,,9186.98,False,False,False,-10803.99,high,high,mid,low
2026-07-05,18,81157.64,2619.76,7613.62,24126.15,10440.65,20558.56,50158.43000000001,2714.2899999999995,651.38,987.72,1067.0,5020.26,False,,,,,10233.380000000001,False,False,False,-4032.54,low,low,high,high
2026-05-12,1,48010.18,1427.76,7326.95,11647.97,13552.43,0.16,34457.59,379.9285784166667,450.60229475000006,3524.6303811666667,781.8826445,8115.945844666668,True,1.0,,66.8740005493164,,8754.71,False,True,True,-4591.315463500001,mid,high,low,mid
