teid,branch_id,n_snapshots,n_status_rows,n_closed,n_open,pct_closed,default_status_majority,review_flag
1,60003279,20,20,20,0,1.0,Closed,clear_majority
3,60000598,20,20,20,0,1.0,Closed,clear_majority
4,60000596,20,20,20,0,1.0,Closed,clear_majority
5,60000597,20,20,20,0,1.0,Closed,clear_majority
6,60001807,20,20,20,0,1.0,Closed,clear_majority
7,60002331,20,20,20,0,1.0,Closed,clear_majority
11,60002434,20,20,17,3,0.85,Closed,clear_majority
15,60002333,20,20,18,2,0.9,Closed,clear_majority
16,60002454,20,20,20,0,1.0,Closed,clear_majority
17,60004457,20,20,20,0,1.0,Closed,clear_majority
18,60002925,20,20,20,0,1.0,Closed,clear_majority
19,60003128,20,20,20,0,1.0,Closed,clear_majority
20,60003193,20,20,20,0,1.0,Closed,clear_majority
21,60003194,20,20,20,0,1.0,Closed,clear_majority
22,60003454,20,20,20,0,1.0,Closed,clear_majority
23,60003460,20,20,20,0,1.0,Closed,clear_majority
25,60004047,20,20,20,0,1.0,Closed,clear_majority
26,60004095,20,20,20,0,1.0,Closed,clear_majority
27,60004105,20,20,20,0,1.0,Closed,clear_majority
28,60001226,0,0,0,0,,,no_pto_data
29,60001223,20,20,20,0,1.0,Closed,clear_majority
30,60001220,20,20,20,0,1.0,Closed,clear_majority
31,60001859,20,20,20,0,1.0,Closed,clear_majority
32,60006530,20,20,20,0,1.0,Closed,clear_majority
33,60002027,20,20,20,0,1.0,Closed,clear_majority
34,60002195,20,20,20,0,1.0,Closed,clear_majority
35,60002565,20,20,20,0,1.0,Closed,clear_majority
36,60002575,20,20,20,0,1.0,Closed,clear_majority
37,60001750,20,20,20,0,1.0,Closed,clear_majority
38,60007385,20,20,20,0,1.0,Closed,clear_majority
40,60006614,20,20,20,0,1.0,Closed,clear_majority
41,60002716,16,16,8,8,0.5,Closed,mixed
42,60006680,20,20,20,0,1.0,Closed,clear_majority
43,60002783,20,20,20,0,1.0,Closed,clear_majority
44,60002803,20,20,20,0,1.0,Closed,clear_majority
45,60000014,18,18,18,0,1.0,Closed,clear_majority
46,60000941,20,20,14,6,0.7,Closed,mixed
47,60003940,20,20,20,0,1.0,Closed,clear_majority
48,60002387,20,20,20,0,1.0,Closed,clear_majority
49,60002388,20,20,20,0,1.0,Closed,clear_majority
50,60002389,20,20,20,0,1.0,Closed,clear_majority
60,60004827,20,20,20,0,1.0,Closed,clear_majority
61,60004828,20,20,20,0,1.0,Closed,clear_majority
62,60004962,20,20,20,0,1.0,Closed,clear_majority
63,60005012,20,20,20,0,1.0,Closed,clear_majority
64,60005017,20,20,20,0,1.0,Closed,clear_majority
65,60005061,20,20,20,0,1.0,Closed,clear_majority
66,60005105,20,20,20,0,1.0,Closed,clear_majority
67,60005114,20,20,20,0,1.0,Closed,clear_majority
68,60005116,20,20,20,0,1.0,Closed,clear_majority
70,60002127,20,20,20,0,1.0,Closed,clear_majority
71,60000161,20,20,20,0,1.0,Closed,clear_majority
72,60005154,20,20,17,3,0.85,Closed,clear_majority
74,60005217,20,20,20,0,1.0,Closed,clear_majority
76,60005262,20,20,20,0,1.0,Closed,clear_majority
77,60005319,20,20,20,0,1.0,Closed,clear_majority
78,60008360,20,20,20,0,1.0,Closed,clear_majority
80,60005370,20,20,20,0,1.0,Closed,clear_majority
81,60005371,20,20,20,0,1.0,Closed,clear_majority
82,60005372,20,20,20,0,1.0,Closed,clear_majority
83,60005484,20,20,20,0,1.0,Closed,clear_majority
84,60005415,20,20,20,0,1.0,Closed,clear_majority
85,60005483,20,20,20,0,1.0,Closed,clear_majority
86,60005491,20,20,20,0,1.0,Closed,clear_majority
87,60005492,20,20,20,0,1.0,Closed,clear_majority
88,60005504,20,20,20,0,1.0,Closed,clear_majority
89,60005508,20,20,20,0,1.0,Closed,clear_majority
90,60007891,20,20,20,0,1.0,Closed,clear_majority
91,60005556,20,20,20,0,1.0,Closed,clear_majority
93,60005564,20,20,20,0,1.0,Closed,clear_majority
94,60005590,20,20,20,0,1.0,Closed,clear_majority
95,60005594,20,20,20,0,1.0,Closed,clear_majority
99,60005670,20,20,20,0,1.0,Closed,clear_majority
100,60005673,20,20,20,0,1.0,Closed,clear_majority
102,60005689,20,20,19,1,0.95,Closed,clear_majority
103,60005690,20,20,20,0,1.0,Closed,clear_majority
104,60005691,20,20,20,0,1.0,Closed,clear_majority
105,60005730,20,20,20,0,1.0,Closed,clear_majority
106,60005732,20,20,20,0,1.0,Closed,clear_majority
107,60005833,20,20,20,0,1.0,Closed,clear_majority
108,60005846,20,20,20,0,1.0,Closed,clear_majority
109,60005856,20,20,20,0,1.0,Closed,clear_majority
110,60005857,20,20,20,0,1.0,Closed,clear_majority
111,60005858,20,20,20,0,1.0,Closed,clear_majority
112,60005860,20,20,20,0,1.0,Closed,clear_majority
113,60005975,20,20,20,0,1.0,Closed,clear_majority
115,60104026,7,7,6,1,0.857,Closed,clear_majority
116,60006100,20,20,20,0,1.0,Closed,clear_majority
117,60006225,20,20,20,0,1.0,Closed,clear_majority
118,60006226,20,20,20,0,1.0,Closed,clear_majority
119,60006234,20,20,20,0,1.0,Closed,clear_majority
123,60009428,20,20,20,0,1.0,Closed,clear_majority
124,60006449,20,20,20,0,1.0,Closed,clear_majority
125,60002409,20,20,20,0,1.0,Closed,clear_majority
126,60003557,20,20,20,0,1.0,Closed,clear_majority
127,60002906,20,20,20,0,1.0,Closed,clear_majority
128,60007381,20,20,20,0,1.0,Closed,clear_majority
129,60002904,20,20,20,0,1.0,Closed,clear_majority
130,60003323,20,20,20,0,1.0,Closed,clear_majority
131,60004117,20,20,19,1,0.95,Closed,clear_majority
132,60003681,20,20,20,0,1.0,Closed,clear_majority
133,60004622,17,17,17,0,1.0,Closed,clear_majority
134,60004694,20,20,20,0,1.0,Closed,clear_majority
135,60003458,20,20,20,0,1.0,Closed,clear_majority
136,60002921,20,20,20,0,1.0,Closed,clear_majority
138,60004116,20,20,20,0,1.0,Closed,clear_majority
139,60003294,20,20,20,0,1.0,Closed,clear_majority
144,60000976,20,20,20,0,1.0,Closed,clear_majority
145,60002357,20,20,20,0,1.0,Closed,clear_majority
146,60002358,20,20,20,0,1.0,Closed,clear_majority
148,60003290,20,20,20,0,1.0,Closed,clear_majority
149,60005074,20,20,20,0,1.0,Closed,clear_majority
150,60003324,20,20,20,0,1.0,Closed,clear_majority
153,60004331,20,20,18,2,0.9,Closed,clear_majority
157,60002698,20,20,20,0,1.0,Closed,clear_majority
158,60002685,20,20,20,0,1.0,Closed,clear_majority
159,60002700,20,20,20,0,1.0,Closed,clear_majority
160,60004758,20,20,20,0,1.0,Closed,clear_majority
161,60002717,20,20,20,0,1.0,Closed,clear_majority
162,60011504,20,20,20,0,1.0,Closed,clear_majority
163,60002719,20,20,20,0,1.0,Closed,clear_majority
164,60002721,20,20,20,0,1.0,Closed,clear_majority
167,60002396,20,20,20,0,1.0,Closed,clear_majority
168,60002397,20,20,20,0,1.0,Closed,clear_majority
171,60002446,20,20,20,0,1.0,Closed,clear_majority
172,60002447,20,20,20,0,1.0,Closed,clear_majority
173,60002449,3,3,3,0,1.0,Closed,clear_majority
175,60000034,20,20,20,0,1.0,Closed,clear_majority
176,60000035,19,19,18,1,0.947,Closed,clear_majority
177,60000036,20,20,20,0,1.0,Closed,clear_majority
178,60000037,20,20,20,0,1.0,Closed,clear_majority
179,60000038,20,20,20,0,1.0,Closed,clear_majority
182,60011492,20,20,0,20,0.0,Open,clear_majority
184,60002404,20,20,20,0,1.0,Closed,clear_majority
185,60002451,20,20,20,0,1.0,Closed,clear_majority
187,60002453,20,20,20,0,1.0,Closed,clear_majority
188,60002405,20,20,20,0,1.0,Closed,clear_majority
189,60002406,20,20,20,0,1.0,Closed,clear_majority
190,60002407,20,20,20,0,1.0,Closed,clear_majority
191,60002408,20,20,20,0,1.0,Closed,clear_majority
193,60005283,20,20,19,1,0.95,Closed,clear_majority
194,60002411,3,3,3,0,1.0,Closed,clear_majority
196,60002361,20,20,20,0,1.0,Closed,clear_majority
201,60002413,20,20,20,0,1.0,Closed,clear_majority
202,60002414,20,20,20,0,1.0,Closed,clear_majority
203,60002304,20,20,20,0,1.0,Closed,clear_majority
204,60002307,20,20,20,0,1.0,Closed,clear_majority
210,60002465,20,20,20,0,1.0,Closed,clear_majority
211,60002466,5,5,0,5,0.0,Open,clear_majority
214,60003391,19,19,19,0,1.0,Closed,clear_majority
215,60005425,20,20,20,0,1.0,Closed,clear_majority
216,60007034,20,20,20,0,1.0,Closed,clear_majority
217,60004468,20,20,20,0,1.0,Closed,clear_majority
219,60004464,20,20,20,0,1.0,Closed,clear_majority
220,60005444,20,20,20,0,1.0,Closed,clear_majority
221,60002339,20,20,20,0,1.0,Closed,clear_majority
222,60002334,20,20,20,0,1.0,Closed,clear_majority
223,60002336,20,20,20,0,1.0,Closed,clear_majority
224,60002340,20,20,20,0,1.0,Closed,clear_majority
225,60002415,20,20,20,0,1.0,Closed,clear_majority
229,60000019,20,20,20,0,1.0,Closed,clear_majority
230,60003800,20,20,20,0,1.0,Closed,clear_majority
232,60002342,20,20,18,2,0.9,Closed,clear_majority
233,60002343,20,20,20,0,1.0,Closed,clear_majority
234,60002349,20,20,20,0,1.0,Closed,clear_majority
235,60002350,20,20,20,0,1.0,Closed,clear_majority
236,60002351,20,20,20,0,1.0,Closed,clear_majority
237,60002352,20,20,20,0,1.0,Closed,clear_majority
245,60002324,20,20,20,0,1.0,Closed,clear_majority
248,60002499,20,20,20,0,1.0,Closed,clear_majority
249,60002500,20,20,20,0,1.0,Closed,clear_majority
251,60002502,20,20,20,0,1.0,Closed,clear_majority
254,60002417,20,20,20,0,1.0,Closed,clear_majority
255,60002418,20,20,20,0,1.0,Closed,clear_majority
257,60002505,20,20,20,0,1.0,Closed,clear_majority
259,60006609,20,20,20,0,1.0,Closed,clear_majority
260,60000284,20,20,20,0,1.0,Closed,clear_majority
264,60002561,20,20,20,0,1.0,Closed,clear_majority
266,60000139,20,20,20,0,1.0,Closed,clear_majority
267,60011027,20,20,20,0,1.0,Closed,clear_majority
268,60000133,20,20,20,0,1.0,Closed,clear_majority
269,60000281,20,20,20,0,1.0,Closed,clear_majority
270,60000361,20,20,20,0,1.0,Closed,clear_majority
271,60000407,20,20,20,0,1.0,Closed,clear_majority
272,60004739,20,20,20,0,1.0,Closed,clear_majority
274,60000480,20,20,20,0,1.0,Closed,clear_majority
275,60000526,20,20,20,0,1.0,Closed,clear_majority
278,60002603,20,20,20,0,1.0,Closed,clear_majority
279,60002602,20,20,20,0,1.0,Closed,clear_majority
280,60002612,17,17,17,0,1.0,Closed,clear_majority
281,60002770,20,20,20,0,1.0,Closed,clear_majority
282,60004458,20,20,20,0,1.0,Closed,clear_majority
283,60004460,20,20,20,0,1.0,Closed,clear_majority
284,60004461,20,20,20,0,1.0,Closed,clear_majority
285,60000011,20,20,20,0,1.0,Closed,clear_majority
286,60000716,20,20,20,0,1.0,Closed,clear_majority
287,60002870,20,20,20,0,1.0,Closed,clear_majority
288,60002871,20,20,20,0,1.0,Closed,clear_majority
291,60002924,20,20,20,0,1.0,Closed,clear_majority
292,60002978,20,20,20,0,1.0,Closed,clear_majority
293,60005823,20,20,20,0,1.0,Closed,clear_majority
294,60003129,20,20,20,0,1.0,Closed,clear_majority
295,60003195,20,20,20,0,1.0,Closed,clear_majority
296,60003248,20,20,20,0,1.0,Closed,clear_majority
297,60003256,20,20,20,0,1.0,Closed,clear_majority
298,60008875,20,20,20,0,1.0,Closed,clear_majority
299,60003306,20,20,20,0,1.0,Closed,clear_majority
300,60003307,20,20,20,0,1.0,Closed,clear_majority
301,60003346,20,20,20,0,1.0,Closed,clear_majority
304,60003410,20,20,20,0,1.0,Closed,clear_majority
305,60003411,20,20,20,0,1.0,Closed,clear_majority
306,60003432,20,20,20,0,1.0,Closed,clear_majority
307,60003442,20,20,20,0,1.0,Closed,clear_majority
308,60003443,20,20,20,0,1.0,Closed,clear_majority
309,60003445,20,20,20,0,1.0,Closed,clear_majority
310,60003453,20,20,20,0,1.0,Closed,clear_majority
311,60003455,20,20,20,0,1.0,Closed,clear_majority
312,60003456,20,20,20,0,1.0,Closed,clear_majority
313,60003457,20,20,20,0,1.0,Closed,clear_majority
314,60002179,20,20,20,0,1.0,Closed,clear_majority
315,60002181,20,20,20,0,1.0,Closed,clear_majority
316,60011481,20,20,20,0,1.0,Closed,clear_majority
318,60003801,20,20,20,0,1.0,Closed,clear_majority
319,60006811,20,20,20,0,1.0,Closed,clear_majority
320,60003496,20,20,20,0,1.0,Closed,clear_majority
321,60004087,20,20,20,0,1.0,Closed,clear_majority
322,60003615,20,20,20,0,1.0,Closed,clear_majority
323,60003668,20,20,20,0,1.0,Closed,clear_majority
328,60002908,20,20,20,0,1.0,Closed,clear_majority
329,60004469,20,20,20,0,1.0,Closed,clear_majority
331,60005770,20,20,20,0,1.0,Closed,clear_majority
334,60007143,20,20,20,0,1.0,Closed,clear_majority
335,60002600,20,20,20,0,1.0,Closed,clear_majority
338,60000837,20,20,20,0,1.0,Closed,clear_majority
339,60000838,20,20,20,0,1.0,Closed,clear_majority
340,60000839,20,20,20,0,1.0,Closed,clear_majority
341,60000847,20,20,20,0,1.0,Closed,clear_majority
342,60000848,20,20,20,0,1.0,Closed,clear_majority
343,60000849,20,20,20,0,1.0,Closed,clear_majority
344,60001709,20,20,20,0,1.0,Closed,clear_majority
347,60002201,20,20,20,0,1.0,Closed,clear_majority
348,60002203,3,3,3,0,1.0,Closed,clear_majority
349,60003597,20,20,20,0,1.0,Closed,clear_majority
350,60005749,20,20,20,0,1.0,Closed,clear_majority
351,60002220,20,20,20,0,1.0,Closed,clear_majority
352,60002221,20,20,20,0,1.0,Closed,clear_majority
353,60002198,20,20,20,0,1.0,Closed,clear_majority
354,60002222,20,20,20,0,1.0,Closed,clear_majority
355,60002207,20,20,20,0,1.0,Closed,clear_majority
357,60002212,20,20,20,0,1.0,Closed,clear_majority
358,60002213,20,20,20,0,1.0,Closed,clear_majority
361,60011482,20,20,20,0,1.0,Closed,clear_majority
362,60011187,20,20,20,0,1.0,Closed,clear_majority
363,60000719,20,20,20,0,1.0,Closed,clear_majority
364,60001287,20,20,20,0,1.0,Closed,clear_majority
365,60006671,20,20,20,0,1.0,Closed,clear_majority
366,60002371,20,20,20,0,1.0,Closed,clear_majority
367,60002760,19,19,19,0,1.0,Closed,clear_majority
369,60002675,20,20,20,0,1.0,Closed,clear_majority
370,60000804,20,20,20,0,1.0,Closed,clear_majority
371,60005825,20,20,20,0,1.0,Closed,clear_majority
373,60001072,19,19,19,0,1.0,Closed,clear_majority
374,60001153,20,20,20,0,1.0,Closed,clear_majority
375,60098208,14,14,14,0,1.0,Closed,clear_majority
376,60005049,20,20,20,0,1.0,Closed,clear_majority
381,60003027,20,20,20,0,1.0,Closed,clear_majority
387,60004209,20,20,20,0,1.0,Closed,clear_majority
389,60005851,20,20,20,0,1.0,Closed,clear_majority
390,60001006,20,20,20,0,1.0,Closed,clear_majority
391,60002682,20,20,20,0,1.0,Closed,clear_majority
392,60001570,20,20,20,0,1.0,Closed,clear_majority
393,60005287,20,20,0,20,0.0,Open,clear_majority
394,60002668,20,20,20,0,1.0,Closed,clear_majority
395,60001631,20,20,20,0,1.0,Closed,clear_majority
397,60002178,20,20,20,0,1.0,Closed,clear_majority
398,60003482,20,20,20,0,1.0,Closed,clear_majority
399,60003552,20,20,20,0,1.0,Closed,clear_majority
401,60003619,20,20,20,0,1.0,Closed,clear_majority
402,60003651,20,20,20,0,1.0,Closed,clear_majority
403,60003659,20,20,20,0,1.0,Closed,clear_majority
404,60003741,20,20,20,0,1.0,Closed,clear_majority
405,60003742,20,20,20,0,1.0,Closed,clear_majority
406,60003747,20,20,20,0,1.0,Closed,clear_majority
407,60003748,20,20,20,0,1.0,Closed,clear_majority
409,60095247,18,18,18,0,1.0,Closed,clear_majority
411,60002377,20,20,20,0,1.0,Closed,clear_majority
412,60002378,20,20,20,0,1.0,Closed,clear_majority
413,60002379,20,20,20,0,1.0,Closed,clear_majority
414,60002380,20,20,20,0,1.0,Closed,clear_majority
415,60094843,19,19,19,0,1.0,Closed,clear_majority
417,60002690,20,20,20,0,1.0,Closed,clear_majority
418,60002691,20,20,20,0,1.0,Closed,clear_majority
419,60002695,20,20,20,0,1.0,Closed,clear_majority
420,60002696,20,20,20,0,1.0,Closed,clear_majority
421,60002697,20,20,20,0,1.0,Closed,clear_majority
422,60002699,20,20,20,0,1.0,Closed,clear_majority
423,60114829,0,0,0,0,,,no_pto_data
425,60002372,20,20,20,0,1.0,Closed,clear_majority
428,60007896,20,20,20,0,1.0,Closed,clear_majority
430,60006105,20,20,20,0,1.0,Closed,clear_majority
431,60009181,20,20,20,0,1.0,Closed,clear_majority
433,60011627,20,20,20,0,1.0,Closed,clear_majority
439,60003216,20,20,20,0,1.0,Closed,clear_majority
440,60007409,14,14,14,0,1.0,Closed,clear_majority
442,60001574,20,20,20,0,1.0,Closed,clear_majority
444,60005612,17,17,16,1,0.941,Closed,clear_majority
445,60003832,20,20,20,0,1.0,Closed,clear_majority
448,60003088,20,20,20,0,1.0,Closed,clear_majority
449,60005923,20,20,20,0,1.0,Closed,clear_majority
450,60008713,20,20,19,1,0.95,Closed,clear_majority
452,60004960,20,20,20,0,1.0,Closed,clear_majority
453,60003833,20,20,20,0,1.0,Closed,clear_majority
454,60006589,20,20,20,0,1.0,Closed,clear_majority
455,60005613,20,20,20,0,1.0,Closed,clear_majority
456,60005196,20,20,20,0,1.0,Closed,clear_majority
460,60005313,19,19,19,0,1.0,Closed,clear_majority
461,60006859,20,20,20,0,1.0,Closed,clear_majority
462,60003495,20,20,20,0,1.0,Closed,clear_majority
464,60002954,20,20,20,0,1.0,Closed,clear_majority
467,60005714,20,20,20,0,1.0,Closed,clear_majority
468,60005223,20,20,20,0,1.0,Closed,clear_majority
470,60000903,20,20,20,0,1.0,Closed,clear_majority
471,60000898,20,20,20,0,1.0,Closed,clear_majority
472,60000902,20,20,20,0,1.0,Closed,clear_majority
473,60002731,20,20,20,0,1.0,Closed,clear_majority
474,60005903,20,20,20,0,1.0,Closed,clear_majority
476,60002754,20,20,20,0,1.0,Closed,clear_majority
480,60002604,20,20,20,0,1.0,Closed,clear_majority
482,60003641,20,20,20,0,1.0,Closed,clear_majority
483,60002375,20,20,20,0,1.0,Closed,clear_majority
484,60002605,20,20,20,0,1.0,Closed,clear_majority
485,60002606,20,20,20,0,1.0,Closed,clear_majority
486,60002607,19,19,19,0,1.0,Closed,clear_majority
487,60000904,3,3,3,0,1.0,Closed,clear_majority
488,60006307,20,20,20,0,1.0,Closed,clear_majority
490,60002347,20,20,20,0,1.0,Closed,clear_majority
491,60006275,20,20,19,1,0.95,Closed,clear_majority
494,60002150,20,20,20,0,1.0,Closed,clear_majority
496,60002706,20,20,20,0,1.0,Closed,clear_majority
497,60002707,20,20,20,0,1.0,Closed,clear_majority
499,60002708,20,20,20,0,1.0,Closed,clear_majority
500,60002709,20,20,20,0,1.0,Closed,clear_majority
501,60008963,20,20,20,0,1.0,Closed,clear_majority
504,60005193,20,20,20,0,1.0,Closed,clear_majority
505,60004121,20,20,20,0,1.0,Closed,clear_majority
506,60006731,20,20,20,0,1.0,Closed,clear_majority
508,60001219,20,20,20,0,1.0,Closed,clear_majority
509,60001403,20,20,20,0,1.0,Closed,clear_majority
510,60003893,20,20,20,0,1.0,Closed,clear_majority
512,60003911,20,20,20,0,1.0,Closed,clear_majority
513,60003919,20,20,20,0,1.0,Closed,clear_majority
514,60003920,20,20,20,0,1.0,Closed,clear_majority
515,60003921,20,20,19,1,0.95,Closed,clear_majority
516,60003922,20,20,20,0,1.0,Closed,clear_majority
517,60003923,20,20,20,0,1.0,Closed,clear_majority
518,60003928,20,20,20,0,1.0,Closed,clear_majority
519,60007734,20,20,20,0,1.0,Closed,clear_majority
522,60006446,20,20,20,0,1.0,Closed,clear_majority
525,60002748,20,20,20,0,1.0,Closed,clear_majority
529,60002395,20,20,20,0,1.0,Closed,clear_majority
530,60002448,20,20,20,0,1.0,Closed,clear_majority
532,60009779,0,0,0,0,,,no_pto_data
533,60002538,20,20,20,0,1.0,Closed,clear_majority
534,60002386,20,20,20,0,1.0,Closed,clear_majority
535,60002506,20,20,20,0,1.0,Closed,clear_majority
537,60002543,20,20,20,0,1.0,Closed,clear_majority
538,60002547,20,20,20,0,1.0,Closed,clear_majority
539,60002552,20,20,20,0,1.0,Closed,clear_majority
540,60008426,20,20,20,0,1.0,Closed,clear_majority
542,60002518,20,20,20,0,1.0,Closed,clear_majority
544,60004024,19,19,19,0,1.0,Closed,clear_majority
545,60009058,20,20,20,0,1.0,Closed,clear_majority
547,60008077,20,20,20,0,1.0,Closed,clear_majority
550,60006082,20,20,20,0,1.0,Closed,clear_majority
551,60006620,20,20,20,0,1.0,Closed,clear_majority
553,60008075,20,20,20,0,1.0,Closed,clear_majority
554,60008430,20,20,20,0,1.0,Closed,clear_majority
556,60006513,20,20,20,0,1.0,Closed,clear_majority
557,60003387,7,7,7,0,1.0,Closed,clear_majority
558,60003388,20,20,20,0,1.0,Closed,clear_majority
560,60009065,4,4,4,0,1.0,Closed,clear_majority
562,60009071,20,20,20,0,1.0,Closed,clear_majority
564,60064538,0,0,0,0,,,no_pto_data
565,60006552,20,20,20,0,1.0,Closed,clear_majority
566,60008679,20,20,20,0,1.0,Closed,clear_majority
570,60008680,20,20,20,0,1.0,Closed,clear_majority
571,60005772,20,20,18,2,0.9,Closed,clear_majority
574,60001499,20,20,20,0,1.0,Closed,clear_majority
575,60001517,20,20,20,0,1.0,Closed,clear_majority
576,60001524,20,20,18,2,0.9,Closed,clear_majority
577,60001535,19,19,19,0,1.0,Closed,clear_majority
579,60001553,20,20,20,0,1.0,Closed,clear_majority
580,60009568,20,20,20,0,1.0,Closed,clear_majority
582,60001611,20,20,20,0,1.0,Closed,clear_majority
583,60001612,20,20,20,0,1.0,Closed,clear_majority
584,60006211,20,20,20,0,1.0,Closed,clear_majority
585,60004416,20,20,20,0,1.0,Closed,clear_majority
586,60001967,20,20,17,3,0.85,Closed,clear_majority
587,60007457,20,20,20,0,1.0,Closed,clear_majority
588,60001126,20,20,20,0,1.0,Closed,clear_majority
590,60006074,20,20,20,0,1.0,Closed,clear_majority
591,60008068,20,20,20,0,1.0,Closed,clear_majority
592,60006514,20,20,20,0,1.0,Closed,clear_majority
593,60003813,20,20,20,0,1.0,Closed,clear_majority
595,60003104,19,19,19,0,1.0,Closed,clear_majority
596,60009061,20,20,20,0,1.0,Closed,clear_majority
599,60004523,20,20,20,0,1.0,Closed,clear_majority
600,60008045,20,20,20,0,1.0,Closed,clear_majority
601,60006991,20,20,20,0,1.0,Closed,clear_majority
602,60000889,20,20,20,0,1.0,Closed,clear_majority
603,60000901,20,20,20,0,1.0,Closed,clear_majority
604,60000094,20,20,20,0,1.0,Closed,clear_majority
606,60000096,20,20,20,0,1.0,Closed,clear_majority
607,60000097,20,20,20,0,1.0,Closed,clear_majority
608,60000098,20,20,20,0,1.0,Closed,clear_majority
609,60000099,20,20,20,0,1.0,Closed,clear_majority
610,60000100,20,20,20,0,1.0,Closed,clear_majority
611,60000101,20,20,20,0,1.0,Closed,clear_majority
612,60000707,3,3,3,0,1.0,Closed,clear_majority
613,60000569,15,15,15,0,1.0,Closed,clear_majority
614,60001136,20,20,20,0,1.0,Closed,clear_majority
615,60002536,20,20,20,0,1.0,Closed,clear_majority
616,60002779,20,20,20,0,1.0,Closed,clear_majority
617,60000857,20,20,20,0,1.0,Closed,clear_majority
619,60000093,20,20,20,0,1.0,Closed,clear_majority
620,60007055,20,20,20,0,1.0,Closed,clear_majority
623,60003105,20,20,20,0,1.0,Closed,clear_majority
624,60004735,20,20,20,0,1.0,Closed,clear_majority
628,60009021,20,20,20,0,1.0,Closed,clear_majority
632,60005242,20,20,20,0,1.0,Closed,clear_majority
634,60007077,20,20,20,0,1.0,Closed,clear_majority
635,60007069,20,20,20,0,1.0,Closed,clear_majority
636,60008036,20,20,0,20,0.0,Open,clear_majority
637,60006952,20,20,20,0,1.0,Closed,clear_majority
638,60010224,20,20,20,0,1.0,Closed,clear_majority
639,60003812,20,20,20,0,1.0,Closed,clear_majority
640,60006676,20,20,20,0,1.0,Closed,clear_majority
641,60008064,20,20,20,0,1.0,Closed,clear_majority
642,60006147,20,20,20,0,1.0,Closed,clear_majority
643,60003023,20,20,20,0,1.0,Closed,clear_majority
644,60064537,0,0,0,0,,,no_pto_data
645,60006278,20,20,20,0,1.0,Closed,clear_majority
646,60006688,20,20,20,0,1.0,Closed,clear_majority
647,60004825,20,20,18,2,0.9,Closed,clear_majority
649,60005511,3,3,3,0,1.0,Closed,clear_majority
653,60006148,20,20,20,0,1.0,Closed,clear_majority
655,60006577,20,20,20,0,1.0,Closed,clear_majority
656,60009104,20,20,20,0,1.0,Closed,clear_majority
657,60006279,20,20,20,0,1.0,Closed,clear_majority
658,60004053,20,20,20,0,1.0,Closed,clear_majority
659,60000007,20,20,20,0,1.0,Closed,clear_majority
660,60000008,20,20,20,0,1.0,Closed,clear_majority
662,60000020,19,19,19,0,1.0,Closed,clear_majority
663,60000021,20,20,20,0,1.0,Closed,clear_majority
665,60000936,19,19,2,17,0.105,Open,clear_majority
667,60000944,20,20,20,0,1.0,Closed,clear_majority
674,60002321,20,20,20,0,1.0,Closed,clear_majority
675,60002335,20,20,20,0,1.0,Closed,clear_majority
676,60002337,19,19,19,0,1.0,Closed,clear_majority
678,60000104,20,20,20,0,1.0,Closed,clear_majority
679,60000106,20,20,20,0,1.0,Closed,clear_majority
680,60000108,20,20,20,0,1.0,Closed,clear_majority
681,60000109,20,20,20,0,1.0,Closed,clear_majority
682,60000110,20,20,20,0,1.0,Closed,clear_majority
683,60000111,20,20,20,0,1.0,Closed,clear_majority
684,60001133,20,20,20,0,1.0,Closed,clear_majority
685,60001137,20,20,20,0,1.0,Closed,clear_majority
686,60001156,20,20,20,0,1.0,Closed,clear_majority
687,60001160,20,20,20,0,1.0,Closed,clear_majority
688,60001162,20,20,20,0,1.0,Closed,clear_majority
690,60007465,20,20,20,0,1.0,Closed,clear_majority
691,60007515,20,20,20,0,1.0,Closed,clear_majority
694,60003377,17,17,16,1,0.941,Closed,clear_majority
695,60003810,3,3,3,0,1.0,Closed,clear_majority
696,60009638,20,20,20,0,1.0,Closed,clear_majority
697,60009070,20,20,20,0,1.0,Closed,clear_majority
698,60008692,20,20,20,0,1.0,Closed,clear_majority
700,60002128,20,20,20,0,1.0,Closed,clear_majority
701,60002129,20,20,20,0,1.0,Closed,clear_majority
702,60002130,20,20,20,0,1.0,Closed,clear_majority
703,60002140,20,20,20,0,1.0,Closed,clear_majority
705,60002142,20,20,20,0,1.0,Closed,clear_majority
706,60002131,20,20,20,0,1.0,Closed,clear_majority
707,60002132,20,20,20,0,1.0,Closed,clear_majority
708,60002133,20,20,20,0,1.0,Closed,clear_majority
709,60002134,20,20,20,0,1.0,Closed,clear_majority
710,60002135,20,20,20,0,1.0,Closed,clear_majority
711,60002136,20,20,20,0,1.0,Closed,clear_majority
712,60002137,20,20,20,0,1.0,Closed,clear_majority
713,60002138,20,20,20,0,1.0,Closed,clear_majority
714,60000950,20,20,20,0,1.0,Closed,clear_majority
716,60000952,20,20,20,0,1.0,Closed,clear_majority
717,60000949,20,20,20,0,1.0,Closed,clear_majority
719,60000954,20,20,20,0,1.0,Closed,clear_majority
721,60000966,20,20,20,0,1.0,Closed,clear_majority
725,60000992,20,20,8,12,0.4,Open,mixed
733,60001487,20,20,20,0,1.0,Closed,clear_majority
750,60000026,20,20,20,0,1.0,Closed,clear_majority
751,60000027,20,20,20,0,1.0,Closed,clear_majority
752,60000031,20,20,20,0,1.0,Closed,clear_majority
754,60000043,3,3,3,0,1.0,Closed,clear_majority
755,60000044,20,20,20,0,1.0,Closed,clear_majority
756,60000045,20,20,20,0,1.0,Closed,clear_majority
757,60000047,20,20,20,0,1.0,Closed,clear_majority
762,60000051,20,20,20,0,1.0,Closed,clear_majority
763,60000052,20,20,20,0,1.0,Closed,clear_majority
764,60000053,20,20,20,0,1.0,Closed,clear_majority
765,60000054,20,20,20,0,1.0,Closed,clear_majority
767,60092053,20,20,20,0,1.0,Closed,clear_majority
768,60000058,20,20,20,0,1.0,Closed,clear_majority
769,60000059,20,20,20,0,1.0,Closed,clear_majority
770,60092055,20,20,20,0,1.0,Closed,clear_majority
771,60092056,20,20,20,0,1.0,Closed,clear_majority
774,60000072,20,20,20,0,1.0,Closed,clear_majority
775,60092054,20,20,20,0,1.0,Closed,clear_majority
777,60092057,20,20,20,0,1.0,Closed,clear_majority
778,60092059,20,20,20,0,1.0,Closed,clear_majority
779,60092058,20,20,20,0,1.0,Closed,clear_majority
781,60001140,20,20,20,0,1.0,Closed,clear_majority
782,60001394,20,20,20,0,1.0,Closed,clear_majority
783,60001395,20,20,20,0,1.0,Closed,clear_majority
784,60001397,20,20,20,0,1.0,Closed,clear_majority
785,60001412,20,20,20,0,1.0,Closed,clear_majority
786,60001413,20,20,20,0,1.0,Closed,clear_majority
787,60001414,20,20,20,0,1.0,Closed,clear_majority
788,60001430,20,20,20,0,1.0,Closed,clear_majority
790,60090501,20,20,20,0,1.0,Closed,clear_majority
791,60002229,20,20,20,0,1.0,Closed,clear_majority
795,60002233,20,20,20,0,1.0,Closed,clear_majority
797,60002234,20,20,20,0,1.0,Closed,clear_majority
798,60002235,20,20,20,0,1.0,Closed,clear_majority
799,60002236,20,20,20,0,1.0,Closed,clear_majority
802,60002243,20,20,19,1,0.95,Closed,clear_majority
803,60009490,20,20,20,0,1.0,Closed,clear_majority
804,60002242,20,20,20,0,1.0,Closed,clear_majority
805,60002246,20,20,20,0,1.0,Closed,clear_majority
806,60001019,20,20,18,2,0.9,Closed,clear_majority
808,60002241,20,20,20,0,1.0,Closed,clear_majority
809,60002480,20,20,19,1,0.95,Closed,clear_majority
810,60002481,20,20,20,0,1.0,Closed,clear_majority
811,60002482,20,20,20,0,1.0,Closed,clear_majority
812,60002483,20,20,20,0,1.0,Closed,clear_majority
813,60002484,20,20,20,0,1.0,Closed,clear_majority
814,60002485,20,20,20,0,1.0,Closed,clear_majority
815,60002486,20,20,20,0,1.0,Closed,clear_majority
816,60002487,20,20,20,0,1.0,Closed,clear_majority
817,60002488,20,20,20,0,1.0,Closed,clear_majority
818,60002489,20,20,20,0,1.0,Closed,clear_majority
819,60002143,20,20,20,0,1.0,Closed,clear_majority
821,60007983,20,20,20,0,1.0,Closed,clear_majority
823,60002146,20,20,20,0,1.0,Closed,clear_majority
825,60002661,20,20,20,0,1.0,Closed,clear_majority
826,60002664,20,20,20,0,1.0,Closed,clear_majority
827,60007933,20,20,20,0,1.0,Closed,clear_majority
828,60002671,20,20,20,0,1.0,Closed,clear_majority
829,60002657,20,20,20,0,1.0,Closed,clear_majority
830,60002679,20,20,20,0,1.0,Closed,clear_majority
833,60002290,20,20,20,0,1.0,Closed,clear_majority
835,60002292,20,20,20,0,1.0,Closed,clear_majority
836,60002291,20,20,20,0,1.0,Closed,clear_majority
840,60002314,20,20,18,2,0.9,Closed,clear_majority
841,60002322,18,18,18,0,1.0,Closed,clear_majority
843,60002332,20,20,20,0,1.0,Closed,clear_majority
845,60002338,3,3,3,0,1.0,Closed,clear_majority
847,60002341,20,20,20,0,1.0,Closed,clear_majority
848,60002353,20,20,20,0,1.0,Closed,clear_majority
849,60002354,20,20,20,0,1.0,Closed,clear_majority
851,60002369,20,20,20,0,1.0,Closed,clear_majority
852,60007848,20,20,20,0,1.0,Closed,clear_majority
853,60001444,20,20,20,0,1.0,Closed,clear_majority
854,60001464,20,20,20,0,1.0,Closed,clear_majority
855,60001739,20,20,20,0,1.0,Closed,clear_majority
856,60001747,20,20,20,0,1.0,Closed,clear_majority
857,60002105,20,20,20,0,1.0,Closed,clear_majority
858,60002107,20,20,20,0,1.0,Closed,clear_majority
859,60002108,20,20,20,0,1.0,Closed,clear_majority
861,60002110,20,20,20,0,1.0,Closed,clear_majority
862,60002111,20,20,20,0,1.0,Closed,clear_majority
864,60002119,20,20,19,1,0.95,Closed,clear_majority
865,60002120,20,20,19,1,0.95,Closed,clear_majority
869,60002112,20,20,20,0,1.0,Closed,clear_majority
870,60002113,20,20,20,0,1.0,Closed,clear_majority
872,60002115,20,20,20,0,1.0,Closed,clear_majority
873,60002116,20,20,20,0,1.0,Closed,clear_majority
874,60002244,20,20,20,0,1.0,Closed,clear_majority
875,60002251,20,20,20,0,1.0,Closed,clear_majority
876,60002253,20,20,20,0,1.0,Closed,clear_majority
877,60002761,20,20,20,0,1.0,Closed,clear_majority
878,60005457,20,20,20,0,1.0,Closed,clear_majority
880,60009098,20,20,20,0,1.0,Closed,clear_majority
882,60007618,20,20,18,2,0.9,Closed,clear_majority
884,60006592,20,20,20,0,1.0,Closed,clear_majority
885,60003226,20,20,20,0,1.0,Closed,clear_majority
886,60006677,20,20,20,0,1.0,Closed,clear_majority
887,60009083,20,20,20,0,1.0,Closed,clear_majority
888,60005221,20,20,20,0,1.0,Closed,clear_majority
890,60009019,20,20,20,0,1.0,Closed,clear_majority
891,60000615,20,20,20,0,1.0,Closed,clear_majority
893,60000626,5,5,5,0,1.0,Closed,clear_majority
894,60004122,20,20,20,0,1.0,Closed,clear_majority
895,60004159,20,20,20,0,1.0,Closed,clear_majority
896,60004233,20,20,20,0,1.0,Closed,clear_majority
897,60004237,20,20,20,0,1.0,Closed,clear_majority
898,60004294,20,20,20,0,1.0,Closed,clear_majority
899,60004535,20,20,20,0,1.0,Closed,clear_majority
900,60004555,20,20,20,0,1.0,Closed,clear_majority
901,60004556,20,20,20,0,1.0,Closed,clear_majority
902,60004571,20,20,20,0,1.0,Closed,clear_majority
903,60004951,20,20,20,0,1.0,Closed,clear_majority
904,60005248,20,20,20,0,1.0,Closed,clear_majority
906,60006187,20,20,20,0,1.0,Closed,clear_majority
907,60001596,20,20,14,6,0.7,Closed,mixed
908,60004789,20,20,20,0,1.0,Closed,clear_majority
909,60004950,20,20,20,0,1.0,Closed,clear_majority
910,60005966,20,20,20,0,1.0,Closed,clear_majority
911,60005282,20,20,20,0,1.0,Closed,clear_majority
912,60009131,20,20,20,0,1.0,Closed,clear_majority
913,60007296,20,20,20,0,1.0,Closed,clear_majority
915,60001476,20,20,20,0,1.0,Closed,clear_majority
916,60003451,20,20,20,0,1.0,Closed,clear_majority
920,60000819,20,20,20,0,1.0,Closed,clear_majority
921,60000820,20,20,20,0,1.0,Closed,clear_majority
922,60000821,20,20,20,0,1.0,Closed,clear_majority
923,60000822,20,20,20,0,1.0,Closed,clear_majority
924,60000823,20,20,20,0,1.0,Closed,clear_majority
925,60000824,20,20,20,0,1.0,Closed,clear_majority
926,60000825,20,20,20,0,1.0,Closed,clear_majority
927,60000828,20,20,20,0,1.0,Closed,clear_majority
929,60000830,20,20,20,0,1.0,Closed,clear_majority
932,60000833,20,20,20,0,1.0,Closed,clear_majority
933,60000834,20,20,20,0,1.0,Closed,clear_majority
934,60000840,20,20,20,0,1.0,Closed,clear_majority
935,60000841,20,20,20,0,1.0,Closed,clear_majority
936,60000842,20,20,20,0,1.0,Closed,clear_majority
937,60000845,20,20,20,0,1.0,Closed,clear_majority
938,60000846,20,20,20,0,1.0,Closed,clear_majority
939,60000850,20,20,20,0,1.0,Closed,clear_majority
944,60000760,20,20,20,0,1.0,Closed,clear_majority
945,60000761,20,20,20,0,1.0,Closed,clear_majority
953,60000796,20,20,20,0,1.0,Closed,clear_majority
954,60000797,20,20,18,2,0.9,Closed,clear_majority
955,60000798,20,20,20,0,1.0,Closed,clear_majority
956,60000799,20,20,20,0,1.0,Closed,clear_majority
957,60004470,20,20,20,0,1.0,Closed,clear_majority
960,60001731,20,20,20,0,1.0,Closed,clear_majority
961,60001092,20,20,20,0,1.0,Closed,clear_majority
964,60005717,19,19,19,0,1.0,Closed,clear_majority
966,60008106,20,20,20,0,1.0,Closed,clear_majority
967,60001671,20,20,20,0,1.0,Closed,clear_majority
969,60003280,20,20,20,0,1.0,Closed,clear_majority
972,60001679,20,20,20,0,1.0,Closed,clear_majority
975,60005763,20,20,20,0,1.0,Closed,clear_majority
977,60003218,20,20,20,0,1.0,Closed,clear_majority
978,60001071,20,20,20,0,1.0,Closed,clear_majority
979,60001522,20,20,20,0,1.0,Closed,clear_majority
981,60002356,20,20,20,0,1.0,Closed,clear_majority
982,60002359,20,20,20,0,1.0,Closed,clear_majority
984,60000800,20,20,20,0,1.0,Closed,clear_majority
985,60000801,20,20,15,5,0.75,Closed,mixed
986,60000863,20,20,20,0,1.0,Closed,clear_majority
987,60000865,20,20,20,0,1.0,Closed,clear_majority
989,60000869,20,20,20,0,1.0,Closed,clear_majority
991,60000871,20,20,20,0,1.0,Closed,clear_majority
992,60000873,20,20,2,18,0.1,Open,clear_majority
997,60000875,20,20,20,0,1.0,Closed,clear_majority
998,60000876,3,3,3,0,1.0,Closed,clear_majority
999,60000879,20,20,20,0,1.0,Closed,clear_majority
1001,60000883,20,20,20,0,1.0,Closed,clear_majority
1002,60000886,20,20,20,0,1.0,Closed,clear_majority
1003,60000887,20,20,19,1,0.95,Closed,clear_majority
1005,60000892,20,20,20,0,1.0,Closed,clear_majority
1006,60000893,20,20,20,0,1.0,Closed,clear_majority
1007,60000894,20,20,20,0,1.0,Closed,clear_majority
1008,60000895,20,20,20,0,1.0,Closed,clear_majority
1009,60000896,20,20,20,0,1.0,Closed,clear_majority
1010,60000897,20,20,20,0,1.0,Closed,clear_majority
1011,60000899,20,20,20,0,1.0,Closed,clear_majority
1012,60000905,20,20,20,0,1.0,Closed,clear_majority
1013,60000909,20,20,17,3,0.85,Closed,clear_majority
1014,60000910,20,20,19,1,0.95,Closed,clear_majority
1016,60000912,20,20,19,1,0.95,Closed,clear_majority
1017,60000913,18,18,15,3,0.833,Closed,clear_majority
1019,60001232,20,20,20,0,1.0,Closed,clear_majority
1020,60003624,20,20,17,3,0.85,Closed,clear_majority
1022,60002152,20,20,20,0,1.0,Closed,clear_majority
1024,60005449,20,20,20,0,1.0,Closed,clear_majority
1026,60005747,20,20,20,0,1.0,Closed,clear_majority
1028,60001774,20,20,20,0,1.0,Closed,clear_majority
1029,60005480,20,20,20,0,1.0,Closed,clear_majority
1030,60006933,20,20,20,0,1.0,Closed,clear_majority
1031,60005456,20,20,20,0,1.0,Closed,clear_majority
1032,60004484,20,20,20,0,1.0,Closed,clear_majority
1033,60000538,20,20,20,0,1.0,Closed,clear_majority
1035,60005746,20,20,20,0,1.0,Closed,clear_majority
1036,60005450,20,20,20,0,1.0,Closed,clear_majority
1037,60005448,20,20,20,0,1.0,Closed,clear_majority
1039,60006437,20,20,20,0,1.0,Closed,clear_majority
1040,60004655,20,20,20,0,1.0,Closed,clear_majority
1044,60000541,20,20,20,0,1.0,Closed,clear_majority
1045,60000542,20,20,20,0,1.0,Closed,clear_majority
1046,60000547,20,20,20,0,1.0,Closed,clear_majority
1047,60005679,20,20,20,0,1.0,Closed,clear_majority
1048,60005455,20,20,20,0,1.0,Closed,clear_majority
1051,60005637,20,20,20,0,1.0,Closed,clear_majority
1052,60005905,20,20,20,0,1.0,Closed,clear_majority
1054,60001582,20,20,20,0,1.0,Closed,clear_majority
1055,60006246,20,20,20,0,1.0,Closed,clear_majority
1056,60009723,20,20,20,0,1.0,Closed,clear_majority
1057,60009095,20,20,20,0,1.0,Closed,clear_majority
1059,60003103,20,20,20,0,1.0,Closed,clear_majority
1060,60003125,20,20,20,0,1.0,Closed,clear_majority
1061,60003952,20,20,20,0,1.0,Closed,clear_majority
1062,60009114,20,20,20,0,1.0,Closed,clear_majority
1063,60001193,20,20,16,4,0.8,Closed,mixed
1067,60004405,20,20,20,0,1.0,Closed,clear_majority
1072,60000934,16,16,16,0,1.0,Closed,clear_majority
1075,60004615,20,20,20,0,1.0,Closed,clear_majority
1081,60005160,20,20,20,0,1.0,Closed,clear_majority
1085,60002917,20,20,20,0,1.0,Closed,clear_majority
1087,60006839,20,20,20,0,1.0,Closed,clear_majority
1090,60004764,20,20,20,0,1.0,Closed,clear_majority
1092,60001045,20,20,20,0,1.0,Closed,clear_majority
1093,60000745,18,18,18,0,1.0,Closed,clear_majority
1094,60000699,19,19,19,0,1.0,Closed,clear_majority
1095,60004478,20,20,20,0,1.0,Closed,clear_majority
1096,60006300,20,20,20,0,1.0,Closed,clear_majority
1097,60001209,20,20,20,0,1.0,Closed,clear_majority
1098,60006775,20,20,20,0,1.0,Closed,clear_majority
1099,60006301,20,20,20,0,1.0,Closed,clear_majority
1100,60006455,20,20,20,0,1.0,Closed,clear_majority
1101,60007032,20,20,20,0,1.0,Closed,clear_majority
1102,60006909,20,20,20,0,1.0,Closed,clear_majority
1103,60002692,20,20,20,0,1.0,Closed,clear_majority
1104,60004861,20,20,20,0,1.0,Closed,clear_majority
1105,60001765,20,20,20,0,1.0,Closed,clear_majority
1107,60009654,20,20,20,0,1.0,Closed,clear_majority
1108,60010222,20,20,20,0,1.0,Closed,clear_majority
1109,60009123,20,20,20,0,1.0,Closed,clear_majority
1111,60009610,20,20,20,0,1.0,Closed,clear_majority
1112,60003780,20,20,20,0,1.0,Closed,clear_majority
1113,60000561,20,20,20,0,1.0,Closed,clear_majority
1114,60004153,20,20,20,0,1.0,Closed,clear_majority
1116,60006104,20,20,20,0,1.0,Closed,clear_majority
1117,60112582,17,17,17,0,1.0,Closed,clear_majority
1118,60009040,20,20,20,0,1.0,Closed,clear_majority
1119,60004517,20,20,20,0,1.0,Closed,clear_majority
1120,60009094,20,20,20,0,1.0,Closed,clear_majority
1121,60007110,20,20,20,0,1.0,Closed,clear_majority
1123,60006081,20,20,20,0,1.0,Closed,clear_majority
1124,60010907,20,20,20,0,1.0,Closed,clear_majority
1126,60007364,20,20,20,0,1.0,Closed,clear_majority
1130,60009639,20,20,20,0,1.0,Closed,clear_majority
1131,60003022,20,20,20,0,1.0,Closed,clear_majority
1133,60008072,3,3,3,0,1.0,Closed,clear_majority
1136,60004052,20,20,20,0,1.0,Closed,clear_majority
1137,60007187,20,20,20,0,1.0,Closed,clear_majority
1141,60006194,20,20,17,3,0.85,Closed,clear_majority
1143,60000562,20,20,20,0,1.0,Closed,clear_majority
1148,60009069,20,20,20,0,1.0,Closed,clear_majority
1149,60009066,20,20,20,0,1.0,Closed,clear_majority
1153,60005513,20,20,20,0,1.0,Closed,clear_majority
1154,60007359,20,20,20,0,1.0,Closed,clear_majority
1155,60009172,20,20,20,0,1.0,Closed,clear_majority
1156,60007685,20,20,20,0,1.0,Closed,clear_majority
1157,60005680,20,20,20,0,1.0,Closed,clear_majority
1159,60007794,20,20,20,0,1.0,Closed,clear_majority
1160,60003363,20,20,20,0,1.0,Closed,clear_majority
1161,60006208,20,20,20,0,1.0,Closed,clear_majority
1162,60003087,20,20,20,0,1.0,Closed,clear_majority
1163,60007800,20,20,20,0,1.0,Closed,clear_majority
1166,60008132,20,20,20,0,1.0,Closed,clear_majority
1167,60005735,20,20,20,0,1.0,Closed,clear_majority
1168,60005751,20,20,0,20,0.0,Open,clear_majority
1169,60003758,20,20,20,0,1.0,Closed,clear_majority
1170,60006103,20,20,19,1,0.95,Closed,clear_majority
1171,60009705,20,20,20,0,1.0,Closed,clear_majority
1172,60005398,20,20,20,0,1.0,Closed,clear_majority
1173,60005644,20,20,20,0,1.0,Closed,clear_majority
1175,60008139,20,20,20,0,1.0,Closed,clear_majority
1177,60007026,20,20,20,0,1.0,Closed,clear_majority
1178,60003359,20,20,20,0,1.0,Closed,clear_majority
1181,60006857,20,20,20,0,1.0,Closed,clear_majority
1182,60005894,20,20,20,0,1.0,Closed,clear_majority
1184,60007126,20,20,20,0,1.0,Closed,clear_majority
1186,60005341,20,20,20,0,1.0,Closed,clear_majority
1188,60003759,20,20,20,0,1.0,Closed,clear_majority
1189,60006935,20,20,20,0,1.0,Closed,clear_majority
1191,60001583,20,20,20,0,1.0,Closed,clear_majority
1192,60001682,20,20,20,0,1.0,Closed,clear_majority
1193,60002640,20,20,20,0,1.0,Closed,clear_majority
1194,60000174,20,20,20,0,1.0,Closed,clear_majority
1195,60005277,20,20,20,0,1.0,Closed,clear_majority
1196,60006140,20,20,20,0,1.0,Closed,clear_majority
1197,60000357,20,20,18,2,0.9,Closed,clear_majority
1198,60002614,20,20,20,0,1.0,Closed,clear_majority
1199,60000278,20,20,20,0,1.0,Closed,clear_majority
1200,60002615,20,20,20,0,1.0,Closed,clear_majority
1201,60002617,18,18,17,1,0.944,Closed,clear_majority
1202,60000371,20,20,20,0,1.0,Closed,clear_majority
1203,60000452,20,20,19,1,0.95,Closed,clear_majority
1205,60002618,20,20,20,0,1.0,Closed,clear_majority
1206,60002619,19,19,19,0,1.0,Closed,clear_majority
1207,60002620,20,20,20,0,1.0,Closed,clear_majority
1208,60002734,20,20,20,0,1.0,Closed,clear_majority
1211,60002747,20,20,20,0,1.0,Closed,clear_majority
1212,60002750,20,20,20,0,1.0,Closed,clear_majority
1213,60002738,20,20,19,1,0.95,Closed,clear_majority
1214,60002755,20,20,20,0,1.0,Closed,clear_majority
1215,60002733,20,20,20,0,1.0,Closed,clear_majority
1216,60012122,20,20,20,0,1.0,Closed,clear_majority
1219,60002751,20,20,20,0,1.0,Closed,clear_majority
1220,60002601,20,20,20,0,1.0,Closed,clear_majority
1221,60002609,20,20,20,0,1.0,Closed,clear_majority
1222,60002764,19,19,19,0,1.0,Closed,clear_majority
1224,60002766,20,20,20,0,1.0,Closed,clear_majority
1225,60002767,20,20,20,0,1.0,Closed,clear_majority
1226,60002774,20,20,20,0,1.0,Closed,clear_majority
1228,60000004,20,20,20,0,1.0,Closed,clear_majority
1229,60000005,20,20,20,0,1.0,Closed,clear_majority
1230,60000006,20,20,20,0,1.0,Closed,clear_majority
1231,60000015,20,20,20,0,1.0,Closed,clear_majority
1233,60000063,20,20,1,19,0.05,Open,clear_majority
1234,60004719,20,20,20,0,1.0,Closed,clear_majority
1236,60004721,20,20,20,0,1.0,Closed,clear_majority
1237,60004720,20,20,20,0,1.0,Closed,clear_majority
1238,60004722,20,20,20,0,1.0,Closed,clear_majority
1239,60004607,20,20,20,0,1.0,Closed,clear_majority
1240,60009059,20,20,20,0,1.0,Closed,clear_majority
1241,60004638,20,20,20,0,1.0,Closed,clear_majority
1242,60004516,20,20,17,3,0.85,Closed,clear_majority
1243,60004608,20,20,20,0,1.0,Closed,clear_majority
1244,60003556,20,20,20,0,1.0,Closed,clear_majority
1245,60000573,17,17,17,0,1.0,Closed,clear_majority
1247,60003012,20,20,20,0,1.0,Closed,clear_majority
1250,60006689,20,20,20,0,1.0,Closed,clear_majority
1254,60005243,20,20,20,0,1.0,Closed,clear_majority
1255,60005430,20,20,20,0,1.0,Closed,clear_majority
1256,60003058,20,20,20,0,1.0,Closed,clear_majority
1257,60000580,20,20,20,0,1.0,Closed,clear_majority
1258,60000576,20,20,20,0,1.0,Closed,clear_majority
1259,60000611,20,20,17,3,0.85,Closed,clear_majority
1260,60003830,12,12,12,0,1.0,Closed,clear_majority
1261,60003831,20,20,20,0,1.0,Closed,clear_majority
1263,60000603,20,20,20,0,1.0,Closed,clear_majority
1264,60003534,20,20,20,0,1.0,Closed,clear_majority
1265,60000613,20,20,20,0,1.0,Closed,clear_majority
1267,60000617,20,20,19,1,0.95,Closed,clear_majority
1268,60000608,20,20,20,0,1.0,Closed,clear_majority
1270,60000619,20,20,19,1,0.95,Closed,clear_majority
1273,60006068,20,20,20,0,1.0,Closed,clear_majority
1274,60001400,20,20,20,0,1.0,Closed,clear_majority
1275,60001399,20,20,20,0,1.0,Closed,clear_majority
1276,60001401,20,20,20,0,1.0,Closed,clear_majority
1277,60001402,20,20,14,6,0.7,Closed,mixed
1278,60007263,20,20,20,0,1.0,Closed,clear_majority
1279,60006294,20,20,20,0,1.0,Closed,clear_majority
1284,60001404,20,20,20,0,1.0,Closed,clear_majority
1285,60001405,20,20,20,0,1.0,Closed,clear_majority
1286,60001406,20,20,20,0,1.0,Closed,clear_majority
1287,60001407,20,20,14,6,0.7,Closed,mixed
1288,60001411,20,20,20,0,1.0,Closed,clear_majority
1289,60001415,20,20,20,0,1.0,Closed,clear_majority
1290,60001423,20,20,20,0,1.0,Closed,clear_majority
1291,60001426,20,20,20,0,1.0,Closed,clear_majority
1292,60001429,20,20,20,0,1.0,Closed,clear_majority
1293,60001431,20,20,20,0,1.0,Closed,clear_majority
1294,60001434,9,9,9,0,1.0,Closed,clear_majority
1295,60001439,19,19,10,9,0.526,Closed,mixed
1296,60001425,20,20,20,0,1.0,Closed,clear_majority
1297,60001443,20,20,20,0,1.0,Closed,clear_majority
1298,60001445,20,20,20,0,1.0,Closed,clear_majority
1299,60001446,20,20,19,1,0.95,Closed,clear_majority
1300,60001433,20,20,20,0,1.0,Closed,clear_majority
1301,60001447,20,20,10,10,0.5,Closed,mixed
1302,60001448,20,20,19,1,0.95,Closed,clear_majority
1303,60001449,20,20,20,0,1.0,Closed,clear_majority
1304,60001450,20,20,20,0,1.0,Closed,clear_majority
1305,60001451,3,3,3,0,1.0,Closed,clear_majority
1306,60001452,3,3,3,0,1.0,Closed,clear_majority
1307,60001462,20,20,20,0,1.0,Closed,clear_majority
1308,60001463,20,20,20,0,1.0,Closed,clear_majority
1309,60001465,20,20,20,0,1.0,Closed,clear_majority
1310,60000370,20,20,20,0,1.0,Closed,clear_majority
1311,60000397,20,20,20,0,1.0,Closed,clear_majority
1312,60000451,20,20,20,0,1.0,Closed,clear_majority
1317,60000734,20,20,19,1,0.95,Closed,clear_majority
1318,60000498,20,20,20,0,1.0,Closed,clear_majority
1319,60000499,20,20,20,0,1.0,Closed,clear_majority
1320,60000114,20,20,20,0,1.0,Closed,clear_majority
1321,60000757,19,19,19,0,1.0,Closed,clear_majority
1322,60009534,15,15,15,0,1.0,Closed,clear_majority
1323,60110566,4,4,4,0,1.0,Closed,clear_majority
1324,60000827,16,16,15,1,0.938,Closed,clear_majority
1325,60000836,20,20,20,0,1.0,Closed,clear_majority
1326,60000844,10,10,10,0,1.0,Closed,clear_majority
1327,60000806,19,19,19,0,1.0,Closed,clear_majority
1328,60000860,20,20,20,0,1.0,Closed,clear_majority
1329,60000861,20,20,20,0,1.0,Closed,clear_majority
1331,60000916,16,16,16,0,1.0,Closed,clear_majority
1332,60001047,16,16,15,1,0.938,Closed,clear_majority
1333,60000995,20,20,20,0,1.0,Closed,clear_majority
1336,60001079,20,20,19,1,0.95,Closed,clear_majority
1338,60001108,17,17,17,0,1.0,Closed,clear_majority
1339,60001109,20,20,19,1,0.95,Closed,clear_majority
1340,60001125,20,20,20,0,1.0,Closed,clear_majority
1342,60000625,20,20,20,0,1.0,Closed,clear_majority
1343,60000627,20,20,20,0,1.0,Closed,clear_majority
1344,60000628,20,20,20,0,1.0,Closed,clear_majority
1345,60000629,20,20,20,0,1.0,Closed,clear_majority
1346,60000630,20,20,20,0,1.0,Closed,clear_majority
1347,60000631,20,20,20,0,1.0,Closed,clear_majority
1348,60000632,20,20,20,0,1.0,Closed,clear_majority
1349,60000633,20,20,20,0,1.0,Closed,clear_majority
1350,60006020,20,20,20,0,1.0,Closed,clear_majority
1351,60009579,20,20,20,0,1.0,Closed,clear_majority
1355,60000647,20,20,20,0,1.0,Closed,clear_majority
1356,60000648,20,20,20,0,1.0,Closed,clear_majority
1357,60000650,20,20,20,0,1.0,Closed,clear_majority
1359,60000653,20,20,20,0,1.0,Closed,clear_majority
1360,60000655,20,20,20,0,1.0,Closed,clear_majority
1361,60000656,20,20,20,0,1.0,Closed,clear_majority
1362,60000657,5,5,5,0,1.0,Closed,clear_majority
1363,60000658,20,20,20,0,1.0,Closed,clear_majority
1364,60000659,20,20,17,3,0.85,Closed,clear_majority
1365,60000660,20,20,18,2,0.9,Closed,clear_majority
1366,60000661,20,20,20,0,1.0,Closed,clear_majority
1368,60000665,16,16,16,0,1.0,Closed,clear_majority
1369,60000667,20,20,20,0,1.0,Closed,clear_majority
1370,60000668,20,20,20,0,1.0,Closed,clear_majority
1371,60000670,20,20,20,0,1.0,Closed,clear_majority
1373,60000685,20,20,19,1,0.95,Closed,clear_majority
1374,60000688,20,20,20,0,1.0,Closed,clear_majority
1375,60000689,20,20,20,0,1.0,Closed,clear_majority
1376,60000690,20,20,20,0,1.0,Closed,clear_majority
1377,60000692,19,19,19,0,1.0,Closed,clear_majority
1379,60000694,20,20,20,0,1.0,Closed,clear_majority
1380,60000718,20,20,20,0,1.0,Closed,clear_majority
1381,60003782,20,20,20,0,1.0,Closed,clear_majority
1382,60000720,20,20,20,0,1.0,Closed,clear_majority
1384,60000725,19,19,19,0,1.0,Closed,clear_majority
1387,60000730,20,20,20,0,1.0,Closed,clear_majority
1389,60000732,20,20,20,0,1.0,Closed,clear_majority
1390,60000735,20,20,20,0,1.0,Closed,clear_majority
1391,60000736,20,20,20,0,1.0,Closed,clear_majority
1393,60000738,20,20,20,0,1.0,Closed,clear_majority
1394,60000740,20,20,20,0,1.0,Closed,clear_majority
1395,60012668,20,20,0,20,0.0,Open,clear_majority
1401,60000751,20,20,20,0,1.0,Closed,clear_majority
1402,60000752,20,20,20,0,1.0,Closed,clear_majority
1403,60000753,20,20,20,0,1.0,Closed,clear_majority
1404,60001466,20,20,20,0,1.0,Closed,clear_majority
1405,60001481,20,20,20,0,1.0,Closed,clear_majority
1406,60001506,20,20,20,0,1.0,Closed,clear_majority
1407,60001509,20,20,20,0,1.0,Closed,clear_majority
1408,60001666,20,20,20,0,1.0,Closed,clear_majority
1409,60001674,20,20,20,0,1.0,Closed,clear_majority
1410,60001675,20,20,20,0,1.0,Closed,clear_majority
1411,60001698,20,20,20,0,1.0,Closed,clear_majority
1412,60001699,20,20,20,0,1.0,Closed,clear_majority
1413,60001702,20,20,20,0,1.0,Closed,clear_majority
1414,60001703,20,20,20,0,1.0,Closed,clear_majority
1415,60011519,20,20,20,0,1.0,Closed,clear_majority
1417,60001717,20,20,20,0,1.0,Closed,clear_majority
1419,60001721,20,20,20,0,1.0,Closed,clear_majority
1420,60011525,20,20,20,0,1.0,Closed,clear_majority
1421,60011520,20,20,20,0,1.0,Closed,clear_majority
1422,60003113,20,20,20,0,1.0,Closed,clear_majority
1423,60003112,20,20,20,0,1.0,Closed,clear_majority
1425,60004225,20,20,20,0,1.0,Closed,clear_majority
1426,60007467,20,20,20,0,1.0,Closed,clear_majority
1427,60006397,20,20,20,0,1.0,Closed,clear_majority
1428,60006395,20,20,20,0,1.0,Closed,clear_majority
1432,60007174,20,20,20,0,1.0,Closed,clear_majority
1433,60003554,20,20,20,0,1.0,Closed,clear_majority
1434,60007460,20,20,20,0,1.0,Closed,clear_majority
1438,60007310,20,20,20,0,1.0,Closed,clear_majority
1439,60006385,20,20,20,0,1.0,Closed,clear_majority
1440,60003507,20,20,20,0,1.0,Closed,clear_majority
1441,60006978,20,20,20,0,1.0,Closed,clear_majority
1442,60000946,15,15,15,0,1.0,Closed,clear_majority
1443,60001089,20,20,19,1,0.95,Closed,clear_majority
1444,60001090,20,20,19,1,0.95,Closed,clear_majority
1445,60001091,20,20,19,1,0.95,Closed,clear_majority
1446,60001093,20,20,20,0,1.0,Closed,clear_majority
1447,60000945,20,20,20,0,1.0,Closed,clear_majority
1448,60001094,20,20,20,0,1.0,Closed,clear_majority
1449,60001095,20,20,20,0,1.0,Closed,clear_majority
1450,60001097,20,20,20,0,1.0,Closed,clear_majority
1451,60001098,20,20,20,0,1.0,Closed,clear_majority
1452,60001100,20,20,20,0,1.0,Closed,clear_majority
1455,60001110,20,20,13,7,0.65,Closed,mixed
1456,60001111,20,20,18,2,0.9,Closed,clear_majority
1457,60001112,20,20,20,0,1.0,Closed,clear_majority
1458,60001113,20,20,20,0,1.0,Closed,clear_majority
1460,60001116,20,20,17,3,0.85,Closed,clear_majority
1461,60001117,20,20,17,3,0.85,Closed,clear_majority
1462,60001118,20,20,17,3,0.85,Closed,clear_majority
1464,60000696,20,20,19,1,0.95,Closed,clear_majority
1465,60000697,20,20,20,0,1.0,Closed,clear_majority
1467,60004805,20,20,20,0,1.0,Closed,clear_majority
1468,60005089,18,18,18,0,1.0,Closed,clear_majority
1472,60005141,20,20,19,1,0.95,Closed,clear_majority
1473,60005143,20,20,20,0,1.0,Closed,clear_majority
1474,60005168,20,20,20,0,1.0,Closed,clear_majority
1475,60005169,20,20,20,0,1.0,Closed,clear_majority
1477,60003838,20,20,20,0,1.0,Closed,clear_majority
1478,60003839,20,20,20,0,1.0,Closed,clear_majority
1480,60001727,20,20,20,0,1.0,Closed,clear_majority
1481,60001749,20,20,20,0,1.0,Closed,clear_majority
1483,60002042,20,20,20,0,1.0,Closed,clear_majority
1485,60002043,20,20,20,0,1.0,Closed,clear_majority
1486,60002045,20,20,20,0,1.0,Closed,clear_majority
1487,60002046,20,20,20,0,1.0,Closed,clear_majority
1488,60002048,20,20,20,0,1.0,Closed,clear_majority
1489,60002049,20,20,19,1,0.95,Closed,clear_majority
1492,60002056,20,20,20,0,1.0,Closed,clear_majority
1493,60002057,20,20,20,0,1.0,Closed,clear_majority
1494,60002058,20,20,20,0,1.0,Closed,clear_majority
1497,60002062,20,20,20,0,1.0,Closed,clear_majority
1500,60002060,20,20,20,0,1.0,Closed,clear_majority
1501,60002068,19,19,19,0,1.0,Closed,clear_majority
1504,60002071,20,20,20,0,1.0,Closed,clear_majority
1505,60002072,20,20,20,0,1.0,Closed,clear_majority
1508,60093161,18,18,18,0,1.0,Closed,clear_majority
1509,60002077,20,20,20,0,1.0,Closed,clear_majority
1510,60002216,20,20,20,0,1.0,Closed,clear_majority
1511,60002217,20,20,20,0,1.0,Closed,clear_majority
1512,60002218,20,20,20,0,1.0,Closed,clear_majority
1513,60011476,20,20,20,0,1.0,Closed,clear_majority
1516,60002223,20,20,20,0,1.0,Closed,clear_majority
1518,60001119,20,20,17,3,0.85,Closed,clear_majority
1519,60001120,20,20,17,3,0.85,Closed,clear_majority
1520,60001121,20,20,17,3,0.85,Closed,clear_majority
1521,60001122,20,20,17,3,0.85,Closed,clear_majority
1522,60001123,20,20,17,3,0.85,Closed,clear_majority
1525,60003666,20,20,20,0,1.0,Closed,clear_majority
1527,60009115,20,20,20,0,1.0,Closed,clear_majority
1528,60005113,20,20,20,0,1.0,Closed,clear_majority
1529,60081630,0,0,0,0,,,no_pto_data
1530,60003953,20,20,20,0,1.0,Closed,clear_majority
1532,60008082,20,20,20,0,1.0,Closed,clear_majority
1534,60006576,20,20,20,0,1.0,Closed,clear_majority
1535,60003781,20,20,20,0,1.0,Closed,clear_majority
1536,60007157,20,20,20,0,1.0,Closed,clear_majority
1537,60006733,20,20,20,0,1.0,Closed,clear_majority
1538,60003060,18,18,18,0,1.0,Closed,clear_majority
1539,60009075,20,20,20,0,1.0,Closed,clear_majority
1540,60008086,20,20,20,0,1.0,Closed,clear_majority
1541,60006079,20,20,20,0,1.0,Closed,clear_majority
1542,60004038,20,20,20,0,1.0,Closed,clear_majority
1544,60002672,20,20,20,0,1.0,Closed,clear_majority
1545,60002920,20,20,20,0,1.0,Closed,clear_majority
1546,60004995,20,20,20,0,1.0,Closed,clear_majority
1547,60005005,20,20,20,0,1.0,Closed,clear_majority
1548,60005006,20,20,20,0,1.0,Closed,clear_majority
1550,60004700,20,20,20,0,1.0,Closed,clear_majority
1554,60005003,20,20,18,2,0.9,Closed,clear_majority
1555,60005000,20,20,20,0,1.0,Closed,clear_majority
1556,60002894,20,20,20,0,1.0,Closed,clear_majority
1557,60005099,20,20,20,0,1.0,Closed,clear_majority
1559,60003777,20,20,20,0,1.0,Closed,clear_majority
1563,60003390,20,20,20,0,1.0,Closed,clear_majority
1564,60000345,20,20,20,0,1.0,Closed,clear_majority
1565,60005585,20,20,18,2,0.9,Closed,clear_majority
1566,60001606,20,20,20,0,1.0,Closed,clear_majority
1567,60003376,7,7,1,6,0.143,Open,clear_majority
1568,60002464,20,20,20,0,1.0,Closed,clear_majority
1570,60005711,20,20,20,0,1.0,Closed,clear_majority
1571,60000028,20,20,20,0,1.0,Closed,clear_majority
1574,60008067,20,20,20,0,1.0,Closed,clear_majority
1576,60004026,20,20,20,0,1.0,Closed,clear_majority
1577,60009042,20,20,20,0,1.0,Closed,clear_majority
1579,60009080,20,20,20,0,1.0,Closed,clear_majority
1580,60009072,20,20,20,0,1.0,Closed,clear_majority
1581,60009062,20,20,20,0,1.0,Closed,clear_majority
1582,60002850,20,20,19,1,0.95,Closed,clear_majority
1583,60008076,20,20,20,0,1.0,Closed,clear_majority
1584,60000029,20,20,20,0,1.0,Closed,clear_majority
1587,60000364,20,20,20,0,1.0,Closed,clear_majority
1589,60092050,19,19,18,1,0.947,Closed,clear_majority
1590,60000530,20,20,20,0,1.0,Closed,clear_majority
1591,60005438,20,20,20,0,1.0,Closed,clear_majority
1592,60004463,20,20,20,0,1.0,Closed,clear_majority
1595,60005726,20,20,20,0,1.0,Closed,clear_majority
1596,60005768,20,20,20,0,1.0,Closed,clear_majority
1597,60005765,20,20,20,0,1.0,Closed,clear_majority
1598,60003768,20,20,20,0,1.0,Closed,clear_majority
1599,60009029,20,20,20,0,1.0,Closed,clear_majority
1601,60004013,20,20,20,0,1.0,Closed,clear_majority
1602,60004877,20,20,20,0,1.0,Closed,clear_majority
1603,60001356,20,20,20,0,1.0,Closed,clear_majority
1604,60005634,20,20,20,0,1.0,Closed,clear_majority
1606,60001361,20,20,20,0,1.0,Closed,clear_majority
1607,60001665,20,20,20,0,1.0,Closed,clear_majority
1608,60002040,20,20,20,0,1.0,Closed,clear_majority
1609,60002050,20,20,20,0,1.0,Closed,clear_majority
1610,60001775,20,20,20,0,1.0,Closed,clear_majority
1611,60001781,20,20,20,0,1.0,Closed,clear_majority
1612,60001202,20,20,20,0,1.0,Closed,clear_majority
1613,60011918,20,20,20,0,1.0,Closed,clear_majority
1614,60001255,20,20,19,1,0.95,Closed,clear_majority
1615,60001245,20,20,20,0,1.0,Closed,clear_majority
1616,60001249,20,20,20,0,1.0,Closed,clear_majority
1617,60001259,20,20,19,1,0.95,Closed,clear_majority
1618,60001261,20,20,20,0,1.0,Closed,clear_majority
1619,60001262,20,20,20,0,1.0,Closed,clear_majority
1620,60001290,20,20,20,0,1.0,Closed,clear_majority
1621,60001367,19,19,18,1,0.947,Closed,clear_majority
1622,60001505,20,20,20,0,1.0,Closed,clear_majority
1623,60001676,19,19,19,0,1.0,Closed,clear_majority
1624,60001689,20,20,20,0,1.0,Closed,clear_majority
1625,60001710,20,20,20,0,1.0,Closed,clear_majority
1628,60001959,20,20,20,0,1.0,Closed,clear_majority
1629,60001607,20,20,20,0,1.0,Closed,clear_majority
1632,60001620,20,20,20,0,1.0,Closed,clear_majority
1633,60001630,20,20,20,0,1.0,Closed,clear_majority
1634,60001638,20,20,20,0,1.0,Closed,clear_majority
1636,60001642,20,20,20,0,1.0,Closed,clear_majority
1637,60001643,20,20,20,0,1.0,Closed,clear_majority
1638,60001644,20,20,20,0,1.0,Closed,clear_majority
1639,60001786,20,20,20,0,1.0,Closed,clear_majority
1640,60001787,20,20,18,2,0.9,Closed,clear_majority
1641,60001788,20,20,20,0,1.0,Closed,clear_majority
1642,60001789,20,20,20,0,1.0,Closed,clear_majority
1644,60001796,20,20,20,0,1.0,Closed,clear_majority
1645,60001801,20,20,20,0,1.0,Closed,clear_majority
1646,60001803,20,20,20,0,1.0,Closed,clear_majority
1647,60001805,20,20,20,0,1.0,Closed,clear_majority
1649,60096979,15,15,4,11,0.267,Open,mixed
1650,60001823,20,20,19,1,0.95,Closed,clear_majority
1654,60000251,20,20,20,0,1.0,Closed,clear_majority
1655,60002762,20,20,20,0,1.0,Closed,clear_majority
1656,60000638,20,20,20,0,1.0,Closed,clear_majority
1657,60002763,20,20,20,0,1.0,Closed,clear_majority
1658,60003917,20,20,20,0,1.0,Closed,clear_majority
1659,60003924,20,20,20,0,1.0,Closed,clear_majority
1660,60003929,20,20,20,0,1.0,Closed,clear_majority
1661,60003932,20,20,20,0,1.0,Closed,clear_majority
1662,60003935,20,20,20,0,1.0,Closed,clear_majority
1670,60000506,20,20,20,0,1.0,Closed,clear_majority
1671,60003114,20,20,20,0,1.0,Closed,clear_majority
1672,60002781,20,20,20,0,1.0,Closed,clear_majority
1673,60002782,20,20,19,1,0.95,Closed,clear_majority
1675,60002780,20,20,20,0,1.0,Closed,clear_majority
1676,60000369,20,20,20,0,1.0,Closed,clear_majority
1678,60001230,20,20,20,0,1.0,Closed,clear_majority
1679,60001231,20,20,20,0,1.0,Closed,clear_majority
1682,60001238,20,20,19,1,0.95,Closed,clear_majority
1683,60001244,17,17,17,0,1.0,Closed,clear_majority
1684,60001246,20,20,20,0,1.0,Closed,clear_majority
1685,60001247,20,20,20,0,1.0,Closed,clear_majority
1686,60001248,20,20,20,0,1.0,Closed,clear_majority
1687,60001251,20,20,20,0,1.0,Closed,clear_majority
1688,60001254,20,20,19,1,0.95,Closed,clear_majority
1689,60001256,20,20,20,0,1.0,Closed,clear_majority
1690,60001258,20,20,19,1,0.95,Closed,clear_majority
1691,60001241,20,20,20,0,1.0,Closed,clear_majority
1692,60001278,20,20,20,0,1.0,Closed,clear_majority
1693,60001279,20,20,20,0,1.0,Closed,clear_majority
1694,60001280,20,20,20,0,1.0,Closed,clear_majority
1695,60001284,20,20,20,0,1.0,Closed,clear_majority
1696,60001285,20,20,20,0,1.0,Closed,clear_majority
1698,60001289,20,20,20,0,1.0,Closed,clear_majority
1700,60001295,20,20,20,0,1.0,Closed,clear_majority
1701,60001296,20,20,20,0,1.0,Closed,clear_majority
1702,60001309,20,20,20,0,1.0,Closed,clear_majority
1703,60001321,20,20,20,0,1.0,Closed,clear_majority
1704,60001322,20,20,20,0,1.0,Closed,clear_majority
1705,60001323,20,20,20,0,1.0,Closed,clear_majority
1706,60001324,20,20,20,0,1.0,Closed,clear_majority
1707,60001325,20,20,20,0,1.0,Closed,clear_majority
1708,60001328,20,20,20,0,1.0,Closed,clear_majority
1709,60001329,20,20,20,0,1.0,Closed,clear_majority
1710,60001330,20,20,20,0,1.0,Closed,clear_majority
1711,60001332,20,20,20,0,1.0,Closed,clear_majority
1712,60001337,20,20,20,0,1.0,Closed,clear_majority
1714,60088864,20,20,20,0,1.0,Closed,clear_majority
1715,60001343,20,20,20,0,1.0,Closed,clear_majority
1716,60001355,20,20,20,0,1.0,Closed,clear_majority
1717,60001357,20,20,20,0,1.0,Closed,clear_majority
1718,60001358,20,20,20,0,1.0,Closed,clear_majority
1720,60000705,20,20,20,0,1.0,Closed,clear_majority
1721,60000708,20,20,20,0,1.0,Closed,clear_majority
1724,60000710,20,20,20,0,1.0,Closed,clear_majority
1725,60000711,20,20,20,0,1.0,Closed,clear_majority
1726,60000712,20,20,20,0,1.0,Closed,clear_majority
1727,60005537,20,20,20,0,1.0,Closed,clear_majority
1728,60012104,20,20,20,0,1.0,Closed,clear_majority
1729,60001101,20,20,20,0,1.0,Closed,clear_majority
1730,60001102,20,20,20,0,1.0,Closed,clear_majority
1731,60001127,20,20,20,0,1.0,Closed,clear_majority
1732,60001128,20,20,20,0,1.0,Closed,clear_majority
1733,60001129,20,20,20,0,1.0,Closed,clear_majority
1734,60001130,20,20,20,0,1.0,Closed,clear_majority
1735,60001131,20,20,20,0,1.0,Closed,clear_majority
1736,60001134,20,20,20,0,1.0,Closed,clear_majority
1737,60001135,20,20,20,0,1.0,Closed,clear_majority
1738,60001138,20,20,20,0,1.0,Closed,clear_majority
1739,60001139,20,20,20,0,1.0,Closed,clear_majority
1740,60003421,20,20,20,0,1.0,Closed,clear_majority
1742,60008690,20,20,20,0,1.0,Closed,clear_majority
1743,60003091,0,0,0,0,,,no_pto_data
1746,60005244,20,20,20,0,1.0,Closed,clear_majority
1747,60006150,20,20,20,0,1.0,Closed,clear_majority
1749,60009013,20,20,20,0,1.0,Closed,clear_majority
1750,60001141,20,20,20,0,1.0,Closed,clear_majority
1751,60009043,20,20,20,0,1.0,Closed,clear_majority
1752,60009126,20,20,20,0,1.0,Closed,clear_majority
1754,60005665,20,20,20,0,1.0,Closed,clear_majority
1756,60009039,20,20,20,0,1.0,Closed,clear_majority
1757,60012700,20,20,20,0,1.0,Closed,clear_majority
1758,60008071,20,20,20,0,1.0,Closed,clear_majority
1759,60009054,20,20,20,0,1.0,Closed,clear_majority
1761,60001143,16,16,16,0,1.0,Closed,clear_majority
1762,60001359,20,20,20,0,1.0,Closed,clear_majority
1763,60001360,20,20,20,0,1.0,Closed,clear_majority
1764,60001370,20,20,20,0,1.0,Closed,clear_majority
1765,60001371,19,19,19,0,1.0,Closed,clear_majority
1766,60001374,20,20,20,0,1.0,Closed,clear_majority
1767,60001392,20,20,20,0,1.0,Closed,clear_majority
1768,60001514,20,20,20,0,1.0,Closed,clear_majority
1769,60001662,20,20,20,0,1.0,Closed,clear_majority
1770,60002044,20,20,20,0,1.0,Closed,clear_majority
1771,60002063,20,20,20,0,1.0,Closed,clear_majority
1773,60001664,20,20,20,0,1.0,Closed,clear_majority
1774,60001688,20,20,20,0,1.0,Closed,clear_majority
1775,60001704,20,20,20,0,1.0,Closed,clear_majority
1777,60001876,20,20,20,0,1.0,Closed,clear_majority
1778,60011907,20,20,20,0,1.0,Closed,clear_majority
1779,60001878,20,20,20,0,1.0,Closed,clear_majority
1780,60010860,20,20,20,0,1.0,Closed,clear_majority
1781,60001902,20,20,20,0,1.0,Closed,clear_majority
1782,60007261,20,20,20,0,1.0,Closed,clear_majority
1783,60007262,20,20,20,0,1.0,Closed,clear_majority
1784,60001940,20,20,20,0,1.0,Closed,clear_majority
1787,60094884,18,18,18,0,1.0,Closed,clear_majority
1788,60001980,20,20,20,0,1.0,Closed,clear_majority
1789,60001984,20,20,20,0,1.0,Closed,clear_majority
1790,60001988,19,19,19,0,1.0,Closed,clear_majority
1791,60001996,20,20,20,0,1.0,Closed,clear_majority
1792,60002000,7,7,7,0,1.0,Closed,clear_majority
1793,60002029,20,20,20,0,1.0,Closed,clear_majority
1798,60002081,20,20,18,2,0.9,Closed,clear_majority
1799,60002083,20,20,20,0,1.0,Closed,clear_majority
1800,60002084,20,20,20,0,1.0,Closed,clear_majority
1801,60002088,20,20,20,0,1.0,Closed,clear_majority
1802,60002089,20,20,20,0,1.0,Closed,clear_majority
1804,60002091,20,20,18,2,0.9,Closed,clear_majority
1805,60001144,20,20,20,0,1.0,Closed,clear_majority
1808,60001155,20,20,20,0,1.0,Closed,clear_majority
1809,60001148,20,20,20,0,1.0,Closed,clear_majority
1810,60001157,20,20,20,0,1.0,Closed,clear_majority
1812,60003205,20,20,20,0,1.0,Closed,clear_majority
1813,60009060,20,20,20,0,1.0,Closed,clear_majority
1816,60009108,20,20,20,0,1.0,Closed,clear_majority
1817,60005212,20,20,20,0,1.0,Closed,clear_majority
1819,60008670,20,20,20,0,1.0,Closed,clear_majority
1821,60001159,20,20,20,0,1.0,Closed,clear_majority
1822,60001161,20,20,20,0,1.0,Closed,clear_majority
1824,60009608,3,3,3,0,1.0,Closed,clear_majority
1825,60007299,20,20,20,0,1.0,Closed,clear_majority
1826,60005836,20,20,20,0,1.0,Closed,clear_majority
1829,60003422,20,20,20,0,1.0,Closed,clear_majority
1833,60009085,20,20,20,0,1.0,Closed,clear_majority
1834,60004048,20,20,20,0,1.0,Closed,clear_majority
1835,60004154,20,20,20,0,1.0,Closed,clear_majority
1838,60009096,20,20,20,0,1.0,Closed,clear_majority
1839,60009053,20,20,20,0,1.0,Closed,clear_majority
1840,60006054,20,20,17,3,0.85,Closed,clear_majority
1843,60008419,20,20,20,0,1.0,Closed,clear_majority
1844,60008416,20,20,20,0,1.0,Closed,clear_majority
1845,60009051,20,20,20,0,1.0,Closed,clear_majority
1847,60008066,20,20,20,0,1.0,Closed,clear_majority
1848,60001792,20,20,20,0,1.0,Closed,clear_majority
1851,60001800,20,20,20,0,1.0,Closed,clear_majority
1853,60001809,20,20,20,0,1.0,Closed,clear_majority
1856,60010139,0,0,0,0,,,no_pto_data
1857,60002302,20,20,20,0,1.0,Closed,clear_majority
1858,60002559,20,20,20,0,1.0,Closed,clear_majority
1859,60002599,20,20,20,0,1.0,Closed,clear_majority
1860,60002642,20,20,20,0,1.0,Closed,clear_majority
1861,60002628,20,20,20,0,1.0,Closed,clear_majority
1862,60002726,20,20,18,2,0.9,Closed,clear_majority
1863,60001817,20,20,20,0,1.0,Closed,clear_majority
1864,60002773,20,20,20,0,1.0,Closed,clear_majority
1865,60002778,20,20,20,0,1.0,Closed,clear_majority
1866,60002523,20,20,19,1,0.95,Closed,clear_majority
1867,60002092,18,18,17,1,0.944,Closed,clear_majority
1868,60002093,20,20,20,0,1.0,Closed,clear_majority
1870,60002095,20,20,19,1,0.95,Closed,clear_majority
1871,60002096,20,20,20,0,1.0,Closed,clear_majority
1872,60002101,20,20,20,0,1.0,Closed,clear_majority
1873,60002102,20,20,20,0,1.0,Closed,clear_majority
1874,60002103,20,20,20,0,1.0,Closed,clear_majority
1877,60002106,20,20,19,1,0.95,Closed,clear_majority
1878,60009067,20,20,20,0,1.0,Closed,clear_majority
1879,60008433,20,20,20,0,1.0,Closed,clear_majority
1881,60005276,20,20,20,0,1.0,Closed,clear_majority
1882,60008061,20,20,20,0,1.0,Closed,clear_majority
1883,60002831,20,20,20,0,1.0,Closed,clear_majority
1886,60009122,20,20,20,0,1.0,Closed,clear_majority
1890,60009128,20,20,20,0,1.0,Closed,clear_majority
1892,60005419,20,20,20,0,1.0,Closed,clear_majority
1894,60009020,20,20,20,0,1.0,Closed,clear_majority
1897,60003123,20,20,20,0,1.0,Closed,clear_majority
1900,60009015,20,20,20,0,1.0,Closed,clear_majority
1902,60009082,20,20,20,0,1.0,Closed,clear_majority
1903,60006861,3,3,3,0,1.0,Closed,clear_majority
1906,60003386,20,20,20,0,1.0,Closed,clear_majority
1907,60008070,20,20,20,0,1.0,Closed,clear_majority
1909,60006055,19,19,12,7,0.632,Closed,mixed
1910,60008047,20,20,20,0,1.0,Closed,clear_majority
1911,60006138,20,20,20,0,1.0,Closed,clear_majority
1912,60005636,20,20,20,0,1.0,Closed,clear_majority
1914,60009091,20,20,20,0,1.0,Closed,clear_majority
1915,60009010,20,20,20,0,1.0,Closed,clear_majority
1917,60009044,20,20,20,0,1.0,Closed,clear_majority
1918,60009076,20,20,20,0,1.0,Closed,clear_majority
1920,60008436,20,20,20,0,1.0,Closed,clear_majority
1921,60002255,20,20,20,0,1.0,Closed,clear_majority
1923,60002257,20,20,19,1,0.95,Closed,clear_majority
1924,60002277,20,20,20,0,1.0,Closed,clear_majority
1925,60002278,20,20,20,0,1.0,Closed,clear_majority
1926,60002282,20,20,20,0,1.0,Closed,clear_majority
1927,60002362,20,20,20,0,1.0,Closed,clear_majority
1928,60002363,20,20,20,0,1.0,Closed,clear_majority
1929,60002252,20,20,20,0,1.0,Closed,clear_majority
1930,60002254,20,20,20,0,1.0,Closed,clear_majority
1931,60006804,20,20,20,0,1.0,Closed,clear_majority
1932,60006618,20,20,20,0,1.0,Closed,clear_majority
1933,60003122,20,20,20,0,1.0,Closed,clear_majority
1934,60004058,20,20,20,0,1.0,Closed,clear_majority
1936,60008418,20,20,20,0,1.0,Closed,clear_majority
1938,60004560,20,20,20,0,1.0,Closed,clear_majority
1940,60084234,0,0,0,0,,,no_pto_data
1944,60008092,18,18,18,0,1.0,Closed,clear_majority
1945,60003268,20,20,20,0,1.0,Closed,clear_majority
1948,60004039,19,19,19,0,1.0,Closed,clear_majority
1949,60008428,20,20,20,0,1.0,Closed,clear_majority
1951,60005817,20,20,20,0,1.0,Closed,clear_majority
1952,60003063,20,20,20,0,1.0,Closed,clear_majority
1955,60009097,20,20,18,2,0.9,Closed,clear_majority
1956,60000567,20,20,10,10,0.5,Closed,mixed
1957,60009023,20,20,20,0,1.0,Closed,clear_majority
1958,60005236,20,20,20,0,1.0,Closed,clear_majority
1959,60005231,20,20,20,0,1.0,Closed,clear_majority
1960,60006080,20,20,20,0,1.0,Closed,clear_majority
1962,60008432,20,20,20,0,1.0,Closed,clear_majority
1963,60005066,20,20,20,0,1.0,Closed,clear_majority
1965,60006059,20,20,20,0,1.0,Closed,clear_majority
1966,60009022,20,20,20,0,1.0,Closed,clear_majority
1968,60003108,20,20,20,0,1.0,Closed,clear_majority
1970,60003101,20,20,20,0,1.0,Closed,clear_majority
1972,60005238,20,20,20,0,1.0,Closed,clear_majority
1973,60003049,20,20,18,2,0.9,Closed,clear_majority
1974,60112581,17,17,17,0,1.0,Closed,clear_majority
1975,60008084,20,20,20,0,1.0,Closed,clear_majority
1976,60096903,14,14,14,0,1.0,Closed,clear_majority
1977,60000672,20,20,20,0,1.0,Closed,clear_majority
1978,60012131,20,20,20,0,1.0,Closed,clear_majority
1980,60000675,20,20,20,0,1.0,Closed,clear_majority
1984,60000679,20,20,20,0,1.0,Closed,clear_majority
1985,60000680,20,20,20,0,1.0,Closed,clear_majority
1988,60000683,20,20,20,0,1.0,Closed,clear_majority
1989,60000686,20,20,20,0,1.0,Closed,clear_majority
1990,60000687,20,20,20,0,1.0,Closed,clear_majority
1991,60001233,20,20,20,0,1.0,Closed,clear_majority
1992,60001240,20,20,19,1,0.95,Closed,clear_majority
1994,60001327,20,20,20,0,1.0,Closed,clear_majority
1995,60001347,20,20,20,0,1.0,Closed,clear_majority
1996,60001339,20,20,20,0,1.0,Closed,clear_majority
1997,60001354,20,20,20,0,1.0,Closed,clear_majority
1998,60001386,20,20,20,0,1.0,Closed,clear_majority
1999,60001410,20,20,20,0,1.0,Closed,clear_majority
2001,60001495,20,20,20,0,1.0,Closed,clear_majority
2002,60001496,20,20,20,0,1.0,Closed,clear_majority
2003,60001500,20,20,20,0,1.0,Closed,clear_majority
2005,60001589,20,20,20,0,1.0,Closed,clear_majority
2006,60001493,20,20,20,0,1.0,Closed,clear_majority
2008,60001597,16,16,15,1,0.938,Closed,clear_majority
2009,60002149,20,20,20,0,1.0,Closed,clear_majority
2010,60002151,20,20,20,0,1.0,Closed,clear_majority
2011,60002153,20,20,20,0,1.0,Closed,clear_majority
2013,60111447,15,15,14,1,0.933,Closed,clear_majority
2014,60002148,20,20,20,0,1.0,Closed,clear_majority
2023,60002169,3,3,3,0,1.0,Closed,clear_majority
2024,60002173,20,20,20,0,1.0,Closed,clear_majority
2027,60010165,20,20,20,0,1.0,Closed,clear_majority
2030,60000388,20,20,20,0,1.0,Closed,clear_majority
2035,60002184,20,20,20,0,1.0,Closed,clear_majority
2037,60012114,20,20,20,0,1.0,Closed,clear_majority
2038,60002202,20,20,20,0,1.0,Closed,clear_majority
2039,60002204,20,20,20,0,1.0,Closed,clear_majority
2040,60002205,20,20,20,0,1.0,Closed,clear_majority
2041,60002206,20,20,20,0,1.0,Closed,clear_majority
2042,60002209,20,20,20,0,1.0,Closed,clear_majority
2043,60005445,20,20,20,0,1.0,Closed,clear_majority
2044,60006560,20,20,20,0,1.0,Closed,clear_majority
2045,60005446,20,20,20,0,1.0,Closed,clear_majority
2047,60008002,20,20,20,0,1.0,Closed,clear_majority
2048,60002524,19,19,10,9,0.526,Closed,mixed
2050,60002532,20,20,20,0,1.0,Closed,clear_majority
2051,60002560,12,12,9,3,0.75,Closed,mixed
2052,60002562,20,20,20,0,1.0,Closed,clear_majority
2053,60002563,20,20,20,0,1.0,Closed,clear_majority
2054,60002564,20,20,20,0,1.0,Closed,clear_majority
2055,60002566,20,20,20,0,1.0,Closed,clear_majority
2056,60002567,20,20,20,0,1.0,Closed,clear_majority
2057,60002568,20,20,20,0,1.0,Closed,clear_majority
2058,60002569,20,20,20,0,1.0,Closed,clear_majority
2059,60002570,20,20,20,0,1.0,Closed,clear_majority
2060,60002571,20,20,20,0,1.0,Closed,clear_majority
2061,60002572,0,0,0,0,,,no_pto_data
2062,60002580,20,20,20,0,1.0,Closed,clear_majority
2063,60002578,20,20,20,0,1.0,Closed,clear_majority
2064,60002581,20,20,20,0,1.0,Closed,clear_majority
2065,60002582,20,20,20,0,1.0,Closed,clear_majority
2066,60002583,20,20,20,0,1.0,Closed,clear_majority
2067,60002584,20,20,20,0,1.0,Closed,clear_majority
2068,60002585,20,20,20,0,1.0,Closed,clear_majority
2069,60002586,20,20,20,0,1.0,Closed,clear_majority
2071,60103475,8,8,0,8,0.0,Open,clear_majority
2073,60002591,20,20,11,9,0.55,Closed,mixed
2074,60002593,20,20,20,0,1.0,Closed,clear_majority
2075,60002594,18,18,18,0,1.0,Closed,clear_majority
2076,60002595,18,18,18,0,1.0,Closed,clear_majority
2077,60002596,20,20,20,0,1.0,Closed,clear_majority
2078,60000484,20,20,20,0,1.0,Closed,clear_majority
2080,60002786,20,20,20,0,1.0,Closed,clear_majority
2081,60113993,0,0,0,0,,,no_pto_data
2082,60001382,20,20,20,0,1.0,Closed,clear_majority
2083,60001383,20,20,20,0,1.0,Closed,clear_majority
2084,60001384,20,20,20,0,1.0,Closed,clear_majority
2085,60001385,20,20,20,0,1.0,Closed,clear_majority
2086,60001387,20,20,20,0,1.0,Closed,clear_majority
2087,60001376,20,20,20,0,1.0,Closed,clear_majority
2088,60001388,20,20,20,0,1.0,Closed,clear_majority
2089,60001389,20,20,20,0,1.0,Closed,clear_majority
2090,60001390,20,20,20,0,1.0,Closed,clear_majority
2091,60001391,20,20,20,0,1.0,Closed,clear_majority
2092,60001649,20,20,20,0,1.0,Closed,clear_majority
2093,60001650,20,20,20,0,1.0,Closed,clear_majority
2094,60001651,20,20,20,0,1.0,Closed,clear_majority
2095,60001652,20,20,20,0,1.0,Closed,clear_majority
2096,60001653,20,20,20,0,1.0,Closed,clear_majority
2097,60001654,20,20,20,0,1.0,Closed,clear_majority
2098,60001655,20,20,20,0,1.0,Closed,clear_majority
2099,60001659,20,20,20,0,1.0,Closed,clear_majority
2100,60001660,20,20,20,0,1.0,Closed,clear_majority
2101,60001663,20,20,20,0,1.0,Closed,clear_majority
2102,60001752,20,20,20,0,1.0,Closed,clear_majority
2104,60090606,20,20,20,0,1.0,Closed,clear_majority
2105,60001746,20,20,20,0,1.0,Closed,clear_majority
2106,60001829,20,20,19,1,0.95,Closed,clear_majority
2107,60001830,20,20,19,1,0.95,Closed,clear_majority
2108,60001832,20,20,20,0,1.0,Closed,clear_majority
2109,60001833,20,20,20,0,1.0,Closed,clear_majority
2110,60001835,20,20,20,0,1.0,Closed,clear_majority
2111,60001836,20,20,20,0,1.0,Closed,clear_majority
2112,60001837,20,20,20,0,1.0,Closed,clear_majority
2113,60001839,20,20,20,0,1.0,Closed,clear_majority
2114,60001840,20,20,20,0,1.0,Closed,clear_majority
2117,60001844,20,20,20,0,1.0,Closed,clear_majority
2119,60001846,20,20,20,0,1.0,Closed,clear_majority
2120,60002789,20,20,19,1,0.95,Closed,clear_majority
2122,60002791,18,18,11,7,0.611,Closed,mixed
2124,60002793,20,20,19,1,0.95,Closed,clear_majority
2125,60002801,20,20,20,0,1.0,Closed,clear_majority
2126,60002799,20,20,20,0,1.0,Closed,clear_majority
2127,60002788,20,20,19,1,0.95,Closed,clear_majority
2128,60001853,20,20,20,0,1.0,Closed,clear_majority
2130,60001864,20,20,20,0,1.0,Closed,clear_majority
2131,60001863,20,20,20,0,1.0,Closed,clear_majority
2137,60001875,20,20,20,0,1.0,Closed,clear_majority
2140,60010859,20,20,20,0,1.0,Closed,clear_majority
2142,60001882,20,20,20,0,1.0,Closed,clear_majority
2143,60001884,20,20,20,0,1.0,Closed,clear_majority
2145,60001886,20,20,20,0,1.0,Closed,clear_majority
2146,60001887,20,20,20,0,1.0,Closed,clear_majority
2147,60001888,20,20,20,0,1.0,Closed,clear_majority
2148,60001889,20,20,20,0,1.0,Closed,clear_majority
2149,60001890,19,19,3,16,0.158,Open,clear_majority
2150,60001891,20,20,20,0,1.0,Closed,clear_majority
2151,60001896,20,20,20,0,1.0,Closed,clear_majority
2152,60001898,20,20,20,0,1.0,Closed,clear_majority
2154,60001900,20,20,20,0,1.0,Closed,clear_majority
2155,60001901,20,20,20,0,1.0,Closed,clear_majority
2156,60001903,20,20,20,0,1.0,Closed,clear_majority
2157,60001904,19,19,5,14,0.263,Open,mixed
2158,60001905,20,20,20,0,1.0,Closed,clear_majority
2159,60001906,20,20,20,0,1.0,Closed,clear_majority
2160,60001907,20,20,20,0,1.0,Closed,clear_majority
2161,60001908,20,20,20,0,1.0,Closed,clear_majority
2162,60001909,20,20,20,0,1.0,Closed,clear_majority
2163,60001911,20,20,20,0,1.0,Closed,clear_majority
2164,60001912,20,20,20,0,1.0,Closed,clear_majority
2165,60001913,20,20,20,0,1.0,Closed,clear_majority
2170,60008913,20,20,20,0,1.0,Closed,clear_majority
2172,60012450,20,20,19,1,0.95,Closed,clear_majority
2173,60001938,20,20,20,0,1.0,Closed,clear_majority
2174,60001919,20,20,20,0,1.0,Closed,clear_majority
2175,60001939,20,20,20,0,1.0,Closed,clear_majority
2180,60001927,20,20,20,0,1.0,Closed,clear_majority
2181,60001928,20,20,20,0,1.0,Closed,clear_majority
2183,60001948,20,20,20,0,1.0,Closed,clear_majority
2185,60001943,20,20,20,0,1.0,Closed,clear_majority
2186,60008953,20,20,20,0,1.0,Closed,clear_majority
2187,60001950,20,20,20,0,1.0,Closed,clear_majority
2188,60001951,20,20,20,0,1.0,Closed,clear_majority
2189,60001952,20,20,20,0,1.0,Closed,clear_majority
2190,60001941,0,0,0,0,,,no_pto_data
2191,60001953,20,20,20,0,1.0,Closed,clear_majority
2192,60001954,20,20,20,0,1.0,Closed,clear_majority
2193,60001955,20,20,20,0,1.0,Closed,clear_majority
2194,60001957,20,20,20,0,1.0,Closed,clear_majority
2197,60001962,20,20,20,0,1.0,Closed,clear_majority
2198,60001963,20,20,20,0,1.0,Closed,clear_majority
2199,60001964,20,20,20,0,1.0,Closed,clear_majority
2200,60001965,20,20,20,0,1.0,Closed,clear_majority
2201,60001966,20,20,20,0,1.0,Closed,clear_majority
2202,60001970,20,20,20,0,1.0,Closed,clear_majority
2203,60001971,19,19,19,0,1.0,Closed,clear_majority
2204,60001972,20,20,16,4,0.8,Closed,mixed
2205,60001973,20,20,19,1,0.95,Closed,clear_majority
2206,60001974,20,20,20,0,1.0,Closed,clear_majority
2207,60001976,20,20,20,0,1.0,Closed,clear_majority
2208,60001981,20,20,20,0,1.0,Closed,clear_majority
2209,60009489,20,20,20,0,1.0,Closed,clear_majority
2210,60001983,20,20,20,0,1.0,Closed,clear_majority
2211,60001977,20,20,20,0,1.0,Closed,clear_majority
2212,60001978,20,20,20,0,1.0,Closed,clear_majority
2213,60001979,20,20,20,0,1.0,Closed,clear_majority
2217,60002625,20,20,20,0,1.0,Closed,clear_majority
2218,60002630,20,20,20,0,1.0,Closed,clear_majority
2220,60002632,20,20,20,0,1.0,Closed,clear_majority
2222,60002644,20,20,20,0,1.0,Closed,clear_majority
2223,60002645,20,20,20,0,1.0,Closed,clear_majority
2224,60002646,20,20,20,0,1.0,Closed,clear_majority
2225,60002647,20,20,20,0,1.0,Closed,clear_majority
2227,60001985,20,20,20,0,1.0,Closed,clear_majority
2228,60001989,20,20,20,0,1.0,Closed,clear_majority
2229,60010865,20,20,20,0,1.0,Closed,clear_majority
2231,60001992,20,20,20,0,1.0,Closed,clear_majority
2232,60095212,16,16,16,0,1.0,Closed,clear_majority
2238,60002002,20,20,19,1,0.95,Closed,clear_majority
2243,60002008,20,20,20,0,1.0,Closed,clear_majority
2244,60009200,20,20,20,0,1.0,Closed,clear_majority
2245,60002010,20,20,20,0,1.0,Closed,clear_majority
2247,60002012,20,20,20,0,1.0,Closed,clear_majority
2249,60002015,20,20,20,0,1.0,Closed,clear_majority
2250,60002016,20,20,20,0,1.0,Closed,clear_majority
2251,60002017,20,20,20,0,1.0,Closed,clear_majority
2253,60002019,20,20,20,0,1.0,Closed,clear_majority
2254,60002023,20,20,20,0,1.0,Closed,clear_majority
2256,60002025,20,20,20,0,1.0,Closed,clear_majority
2257,60009518,20,20,20,0,1.0,Closed,clear_majority
2258,60002028,20,20,20,0,1.0,Closed,clear_majority
2259,60002030,20,20,20,0,1.0,Closed,clear_majority
2261,60002033,20,20,20,0,1.0,Closed,clear_majority
2262,60002034,20,20,20,0,1.0,Closed,clear_majority
2263,60002035,20,20,20,0,1.0,Closed,clear_majority
2264,60002036,20,20,20,0,1.0,Closed,clear_majority
2265,60002037,20,20,20,0,1.0,Closed,clear_majority
2266,60002038,20,20,20,0,1.0,Closed,clear_majority
2267,60002039,20,20,20,0,1.0,Closed,clear_majority
2268,60002051,20,20,20,0,1.0,Closed,clear_majority
2269,60002052,20,20,20,0,1.0,Closed,clear_majority
2271,60002079,20,20,20,0,1.0,Closed,clear_majority
2274,60004820,20,20,20,0,1.0,Closed,clear_majority
2275,60006364,17,17,16,1,0.941,Closed,clear_majority
2276,60006565,20,20,20,0,1.0,Closed,clear_majority
2277,60001594,20,20,20,0,1.0,Closed,clear_majority
2278,60005195,20,20,20,0,1.0,Closed,clear_majority
2279,60008712,20,20,20,0,1.0,Closed,clear_majority
2280,60003273,20,20,20,0,1.0,Closed,clear_majority
2281,60006588,9,9,9,0,1.0,Closed,clear_majority
2282,60006940,20,20,20,0,1.0,Closed,clear_majority
2283,60006284,20,20,20,0,1.0,Closed,clear_majority
2284,60006109,20,20,20,0,1.0,Closed,clear_majority
2287,60005718,20,20,20,0,1.0,Closed,clear_majority
2288,60006199,19,19,19,0,1.0,Closed,clear_majority
2289,60006587,20,20,20,0,1.0,Closed,clear_majority
2290,60111452,11,11,11,0,1.0,Closed,clear_majority
2291,60007120,20,20,20,0,1.0,Closed,clear_majority
2296,60000346,20,20,20,0,1.0,Closed,clear_majority
2297,60005465,20,20,20,0,1.0,Closed,clear_majority
2298,60005617,20,20,20,0,1.0,Closed,clear_majority
2299,60001776,20,20,20,0,1.0,Closed,clear_majority
2301,60005536,20,20,20,0,1.0,Closed,clear_majority
2303,60001782,20,20,20,0,1.0,Closed,clear_majority
2304,60001783,20,20,20,0,1.0,Closed,clear_majority
2305,60000186,18,18,15,3,0.833,Closed,clear_majority
2306,60000134,20,20,20,0,1.0,Closed,clear_majority
2307,60000138,20,20,20,0,1.0,Closed,clear_majority
2309,60000233,20,20,20,0,1.0,Closed,clear_majority
2310,60000234,20,20,20,0,1.0,Closed,clear_majority
2311,60000235,20,20,20,0,1.0,Closed,clear_majority
2312,60000282,20,20,20,0,1.0,Closed,clear_majority
2313,60000283,20,20,20,0,1.0,Closed,clear_majority
2314,60000285,20,20,20,0,1.0,Closed,clear_majority
2315,60000286,20,20,20,0,1.0,Closed,clear_majority
2316,60000288,20,20,20,0,1.0,Closed,clear_majority
2317,60000289,20,20,20,0,1.0,Closed,clear_majority
2318,60000363,20,20,20,0,1.0,Closed,clear_majority
2319,60000365,20,20,20,0,1.0,Closed,clear_majority
2320,60000408,20,20,20,0,1.0,Closed,clear_majority
2321,60000409,20,20,20,0,1.0,Closed,clear_majority
2322,60000410,20,20,20,0,1.0,Closed,clear_majority
2324,60000859,19,19,19,0,1.0,Closed,clear_majority
2325,60001152,17,17,15,2,0.882,Closed,clear_majority
2326,60000481,20,20,20,0,1.0,Closed,clear_majority
2327,60000491,20,20,20,0,1.0,Closed,clear_majority
2328,60000492,20,20,20,0,1.0,Closed,clear_majority
2330,60000554,20,20,20,0,1.0,Closed,clear_majority
2331,60000555,20,20,20,0,1.0,Closed,clear_majority
2333,60000559,20,20,20,0,1.0,Closed,clear_majority
2334,60010894,20,20,20,0,1.0,Closed,clear_majority
2335,60000588,20,20,20,0,1.0,Closed,clear_majority
2336,60000589,20,20,20,0,1.0,Closed,clear_majority
2338,60000635,20,20,20,0,1.0,Closed,clear_majority
2339,60000528,20,20,20,0,1.0,Closed,clear_majority
2340,60000529,20,20,20,0,1.0,Closed,clear_majority
2341,60000531,20,20,20,0,1.0,Closed,clear_majority
2343,60000533,20,20,20,0,1.0,Closed,clear_majority
2344,60001164,20,20,20,0,1.0,Closed,clear_majority
2345,60001165,20,20,20,0,1.0,Closed,clear_majority
2346,60001166,20,20,20,0,1.0,Closed,clear_majority
2347,60001167,20,20,20,0,1.0,Closed,clear_majority
2348,60001168,20,20,20,0,1.0,Closed,clear_majority
2349,60001171,20,20,20,0,1.0,Closed,clear_majority
2350,60001172,20,20,20,0,1.0,Closed,clear_majority
2351,60001173,20,20,20,0,1.0,Closed,clear_majority
2352,60001174,20,20,20,0,1.0,Closed,clear_majority
2353,60001175,20,20,20,0,1.0,Closed,clear_majority
2354,60001176,20,20,20,0,1.0,Closed,clear_majority
2355,60001177,20,20,20,0,1.0,Closed,clear_majority
2356,60001178,20,20,20,0,1.0,Closed,clear_majority
2357,60003348,20,20,20,0,1.0,Closed,clear_majority
2358,60001180,20,20,20,0,1.0,Closed,clear_majority
2359,60001181,20,20,20,0,1.0,Closed,clear_majority
2360,60001183,20,20,20,0,1.0,Closed,clear_majority
2361,60001184,20,20,20,0,1.0,Closed,clear_majority
2362,60001185,20,20,20,0,1.0,Closed,clear_majority
2363,60001186,20,20,20,0,1.0,Closed,clear_majority
2364,60001187,20,20,20,0,1.0,Closed,clear_majority
2365,60001191,20,20,20,0,1.0,Closed,clear_majority
2366,60001194,20,20,20,0,1.0,Closed,clear_majority
2367,60001195,3,3,3,0,1.0,Closed,clear_majority
2368,60001196,20,20,20,0,1.0,Closed,clear_majority
2369,60001197,3,3,3,0,1.0,Closed,clear_majority
2370,60001198,20,20,20,0,1.0,Closed,clear_majority
2371,60001207,20,20,20,0,1.0,Closed,clear_majority
2373,60011906,20,20,20,0,1.0,Closed,clear_majority
2374,60011919,20,20,20,0,1.0,Closed,clear_majority
2375,60001215,20,20,20,0,1.0,Closed,clear_majority
2376,60001216,20,20,20,0,1.0,Closed,clear_majority
2377,60001217,20,20,20,0,1.0,Closed,clear_majority
2378,60001218,20,20,20,0,1.0,Closed,clear_majority
2379,60001227,20,20,20,0,1.0,Closed,clear_majority
2380,60001228,20,20,20,0,1.0,Closed,clear_majority
2381,60001229,20,20,20,0,1.0,Closed,clear_majority
2382,60002147,20,20,20,0,1.0,Closed,clear_majority
2383,60000534,20,20,20,0,1.0,Closed,clear_majority
2384,60000606,20,20,20,0,1.0,Closed,clear_majority
2385,60004011,20,20,20,0,1.0,Closed,clear_majority
2386,60007917,20,20,20,0,1.0,Closed,clear_majority
2387,60001221,20,20,20,0,1.0,Closed,clear_majority
2388,60001222,20,20,20,0,1.0,Closed,clear_majority
2389,60001224,20,20,20,0,1.0,Closed,clear_majority
2390,60001225,20,20,20,0,1.0,Closed,clear_majority
2391,60002196,20,20,20,0,1.0,Closed,clear_majority
2392,60000441,20,20,20,0,1.0,Closed,clear_majority
2393,60006531,20,20,20,0,1.0,Closed,clear_majority
2394,60002663,20,20,12,8,0.6,Closed,mixed
2395,60003130,20,20,20,0,1.0,Closed,clear_majority
2396,60003936,20,20,20,0,1.0,Closed,clear_majority
2397,60001150,20,20,19,1,0.95,Closed,clear_majority
2399,60001163,19,19,16,3,0.842,Closed,clear_majority
2400,60006106,20,20,20,0,1.0,Closed,clear_majority
2401,60001421,20,20,20,0,1.0,Closed,clear_majority
2402,60000396,20,20,20,0,1.0,Closed,clear_majority
2403,60004954,20,20,20,0,1.0,Closed,clear_majority
2404,60000434,20,20,20,0,1.0,Closed,clear_majority
2405,60003872,20,20,20,0,1.0,Closed,clear_majority
2406,60003876,20,20,20,0,1.0,Closed,clear_majority
2407,60003877,20,20,20,0,1.0,Closed,clear_majority
2408,60003878,20,20,20,0,1.0,Closed,clear_majority
2409,60003879,20,20,20,0,1.0,Closed,clear_majority
2410,60003883,20,20,20,0,1.0,Closed,clear_majority
2411,60003885,20,20,20,0,1.0,Closed,clear_majority
2412,60003887,20,20,19,1,0.95,Closed,clear_majority
2413,60003899,20,20,20,0,1.0,Closed,clear_majority
2414,60003900,20,20,20,0,1.0,Closed,clear_majority
2415,60003902,20,20,20,0,1.0,Closed,clear_majority
2416,60003903,20,20,20,0,1.0,Closed,clear_majority
2417,60003906,20,20,20,0,1.0,Closed,clear_majority
2418,60003907,20,20,20,0,1.0,Closed,clear_majority
2419,60003909,20,20,16,4,0.8,Closed,mixed
2420,60003910,20,20,20,0,1.0,Closed,clear_majority
2421,60004665,20,20,20,0,1.0,Closed,clear_majority
2423,60002522,20,20,20,0,1.0,Closed,clear_majority
2425,60007161,20,20,20,0,1.0,Closed,clear_majority
2426,60008613,20,20,20,0,1.0,Closed,clear_majority
2427,60001669,20,20,20,0,1.0,Closed,clear_majority
2428,60001618,20,20,20,0,1.0,Closed,clear_majority
2429,60110574,5,5,5,0,1.0,Closed,clear_majority
2430,60000984,20,20,19,1,0.95,Closed,clear_majority
2432,60005801,20,20,20,0,1.0,Closed,clear_majority
2433,60003257,12,12,11,1,0.917,Closed,clear_majority
2434,60003077,20,20,20,0,1.0,Closed,clear_majority
2435,60003539,20,20,19,1,0.95,Closed,clear_majority
2436,60003327,20,20,20,0,1.0,Closed,clear_majority
2438,60004459,20,20,20,0,1.0,Closed,clear_majority
2440,60011343,20,20,20,0,1.0,Closed,clear_majority
2442,60009073,20,20,20,0,1.0,Closed,clear_majority
2443,60011269,20,20,20,0,1.0,Closed,clear_majority
2445,60001579,20,20,20,0,1.0,Closed,clear_majority
2447,60006063,15,15,15,0,1.0,Closed,clear_majority
2448,60006286,20,20,20,0,1.0,Closed,clear_majority
2450,60003162,20,20,20,0,1.0,Closed,clear_majority
2451,60001335,20,20,20,0,1.0,Closed,clear_majority
2452,60003379,19,19,15,4,0.789,Closed,mixed
2453,60004953,20,20,20,0,1.0,Closed,clear_majority
2454,60002776,20,20,20,0,1.0,Closed,clear_majority
2456,60002171,20,20,20,0,1.0,Closed,clear_majority
2457,60007445,20,20,20,0,1.0,Closed,clear_majority
2458,60003863,20,20,19,1,0.95,Closed,clear_majority
2459,60001619,20,20,20,0,1.0,Closed,clear_majority
2460,60002280,20,20,20,0,1.0,Closed,clear_majority
2461,60003915,20,20,20,0,1.0,Closed,clear_majority
2462,60000525,20,20,20,0,1.0,Closed,clear_majority
2464,60003076,20,20,20,0,1.0,Closed,clear_majority
2465,60011238,20,20,20,0,1.0,Closed,clear_majority
2467,60003918,20,20,20,0,1.0,Closed,clear_majority
2469,60003925,20,20,20,0,1.0,Closed,clear_majority
2470,60007683,20,20,20,0,1.0,Closed,clear_majority
2471,60001015,20,20,20,0,1.0,Closed,clear_majority
2473,60001534,20,20,20,0,1.0,Closed,clear_majority
2474,60003926,20,20,20,0,1.0,Closed,clear_majority
2475,60001454,20,20,20,0,1.0,Closed,clear_majority
2476,60009025,20,20,20,0,1.0,Closed,clear_majority
2478,60003930,20,20,20,0,1.0,Closed,clear_majority
2483,60007042,20,20,20,0,1.0,Closed,clear_majority
2484,60004014,20,20,20,0,1.0,Closed,clear_majority
2485,60005622,20,20,20,0,1.0,Closed,clear_majority
2486,60002297,20,20,20,0,1.0,Closed,clear_majority
2488,60000135,20,20,20,0,1.0,Closed,clear_majority
2489,60004679,20,20,20,0,1.0,Closed,clear_majority
2490,60004465,20,20,20,0,1.0,Closed,clear_majority
2492,60001601,20,20,19,1,0.95,Closed,clear_majority
2493,60005422,20,20,20,0,1.0,Closed,clear_majority
2494,60005551,19,19,19,0,1.0,Closed,clear_majority
2496,60005460,20,20,20,0,1.0,Closed,clear_majority
2498,60006541,20,20,20,0,1.0,Closed,clear_majority
2499,60006073,20,20,19,1,0.95,Closed,clear_majority
2500,60000878,20,20,20,0,1.0,Closed,clear_majority
2502,60004707,20,20,19,1,0.95,Closed,clear_majority
2503,60110581,5,5,4,1,0.8,Closed,mixed
2506,60005024,20,20,20,0,1.0,Closed,clear_majority
2507,60005666,20,20,20,0,1.0,Closed,clear_majority
2508,60003352,20,20,19,1,0.95,Closed,clear_majority
2511,60006822,20,20,20,0,1.0,Closed,clear_majority
2512,60006865,20,20,20,0,1.0,Closed,clear_majority
2513,60003773,20,20,20,0,1.0,Closed,clear_majority
2514,60003799,20,20,20,0,1.0,Closed,clear_majority
2515,60000465,20,20,20,0,1.0,Closed,clear_majority
2517,60001762,20,20,20,0,1.0,Closed,clear_majority
2519,60002660,20,20,20,0,1.0,Closed,clear_majority
2520,60007695,20,20,20,0,1.0,Closed,clear_majority
2521,60002737,20,20,20,0,1.0,Closed,clear_majority
2523,60002757,20,20,20,0,1.0,Closed,clear_majority
2524,60007716,20,20,20,0,1.0,Closed,clear_majority
2526,60004064,20,20,20,0,1.0,Closed,clear_majority
2527,60002542,20,20,20,0,1.0,Closed,clear_majority
2528,60007102,20,20,20,0,1.0,Closed,clear_majority
2529,60002627,20,20,20,0,1.0,Closed,clear_majority
2530,60007766,20,20,20,0,1.0,Closed,clear_majority
2531,60009031,19,19,19,0,1.0,Closed,clear_majority
2532,60009686,20,20,20,0,1.0,Closed,clear_majority
2533,60004809,20,20,19,1,0.95,Closed,clear_majority
2537,60007038,20,20,0,20,0.0,Open,clear_majority
2538,60008657,20,20,20,0,1.0,Closed,clear_majority
2539,60002753,20,20,20,0,1.0,Closed,clear_majority
2540,60003864,20,20,20,0,1.0,Closed,clear_majority
2541,60004928,20,20,20,0,1.0,Closed,clear_majority
2544,60000700,19,19,19,0,1.0,Closed,clear_majority
2545,60003532,20,20,20,0,1.0,Closed,clear_majority
2546,60000287,20,20,20,0,1.0,Closed,clear_majority
2548,60002078,20,20,20,0,1.0,Closed,clear_majority
2549,60001005,20,20,20,0,1.0,Closed,clear_majority
2552,60004441,20,20,20,0,1.0,Closed,clear_majority
2554,60003865,20,20,20,0,1.0,Closed,clear_majority
2555,60002281,20,20,20,0,1.0,Closed,clear_majority
2556,60009682,20,20,18,2,0.9,Closed,clear_majority
2557,60001239,20,20,20,0,1.0,Closed,clear_majority
2558,60003508,20,20,20,0,1.0,Closed,clear_majority
2559,60005379,20,20,20,0,1.0,Closed,clear_majority
2560,60004892,20,20,20,0,1.0,Closed,clear_majority
2561,60010322,20,20,20,0,1.0,Closed,clear_majority
2562,60005672,20,20,20,0,1.0,Closed,clear_majority
2563,60003931,20,20,20,0,1.0,Closed,clear_majority
2564,60002974,20,20,20,0,1.0,Closed,clear_majority
2565,60000915,18,18,16,2,0.889,Closed,clear_majority
2566,60003320,20,20,20,0,1.0,Closed,clear_majority
2567,60005239,3,3,3,0,1.0,Closed,clear_majority
2568,60003225,20,20,20,0,1.0,Closed,clear_majority
2569,60000926,20,20,20,0,1.0,Closed,clear_majority
2570,60003585,20,20,20,0,1.0,Closed,clear_majority
2571,60003712,20,20,20,0,1.0,Closed,clear_majority
2572,60002298,20,20,20,0,1.0,Closed,clear_majority
2573,60004797,20,20,18,2,0.9,Closed,clear_majority
2575,60005185,20,20,19,1,0.95,Closed,clear_majority
2576,60004479,20,20,19,1,0.95,Closed,clear_majority
2578,60001627,20,20,20,0,1.0,Closed,clear_majority
2580,60004573,20,20,20,0,1.0,Closed,clear_majority
2581,60006774,20,20,20,0,1.0,Closed,clear_majority
2583,60000416,20,20,20,0,1.0,Closed,clear_majority
2584,60006013,20,20,20,0,1.0,Closed,clear_majority
2585,60003124,20,20,20,0,1.0,Closed,clear_majority
2586,60004842,20,20,20,0,1.0,Closed,clear_majority
2589,60002545,3,3,3,0,1.0,Closed,clear_majority
2590,60002740,20,20,19,1,0.95,Closed,clear_majority
2592,60000928,20,20,20,0,1.0,Closed,clear_majority
2594,60004839,20,20,20,0,1.0,Closed,clear_majority
2595,60004421,20,20,20,0,1.0,Closed,clear_majority
2597,60005390,20,20,20,0,1.0,Closed,clear_majority
2598,60004480,20,20,20,0,1.0,Closed,clear_majority
2599,60000815,20,20,20,0,1.0,Closed,clear_majority
2600,60005159,20,20,20,0,1.0,Closed,clear_majority
2601,60004862,20,20,20,0,1.0,Closed,clear_majority
2602,60006319,20,20,20,0,1.0,Closed,clear_majority
2603,60005124,20,20,18,2,0.9,Closed,clear_majority
2604,60007177,20,20,19,1,0.95,Closed,clear_majority
2605,60009690,20,20,20,0,1.0,Closed,clear_majority
2606,60006703,20,20,19,1,0.95,Closed,clear_majority
2607,60004929,20,20,19,1,0.95,Closed,clear_majority
2608,60004780,20,20,20,0,1.0,Closed,clear_majority
2610,60001069,20,20,20,0,1.0,Closed,clear_majority
2611,60001057,20,20,20,0,1.0,Closed,clear_majority
2615,60004293,20,20,20,0,1.0,Closed,clear_majority
2617,60003779,20,20,20,0,1.0,Closed,clear_majority
2618,60002946,20,20,20,0,1.0,Closed,clear_majority
2619,60006572,20,20,20,0,1.0,Closed,clear_majority
2622,60010973,20,20,20,0,1.0,Closed,clear_majority
2623,60003588,20,20,20,0,1.0,Closed,clear_majority
2624,60000002,20,20,20,0,1.0,Closed,clear_majority
2626,60007687,19,19,19,0,1.0,Closed,clear_majority
2630,60005530,20,20,20,0,1.0,Closed,clear_majority
2631,60005266,20,20,20,0,1.0,Closed,clear_majority
2634,60005800,20,20,18,2,0.9,Closed,clear_majority
2635,60005118,20,20,20,0,1.0,Closed,clear_majority
2637,60000122,20,20,20,0,1.0,Closed,clear_majority
2638,60000123,20,20,20,0,1.0,Closed,clear_majority
2639,60000124,20,20,20,0,1.0,Closed,clear_majority
2640,60000128,20,20,20,0,1.0,Closed,clear_majority
2641,60000129,20,20,20,0,1.0,Closed,clear_majority
2642,60000130,20,20,20,0,1.0,Closed,clear_majority
2643,60000131,20,20,20,0,1.0,Closed,clear_majority
2644,60002511,20,20,20,0,1.0,Closed,clear_majority
2645,60000146,20,20,12,8,0.6,Closed,mixed
2646,60000147,20,20,12,8,0.6,Closed,mixed
2647,60000148,20,20,19,1,0.95,Closed,clear_majority
2648,60000151,16,16,16,0,1.0,Closed,clear_majority
2649,60000152,20,20,19,1,0.95,Closed,clear_majority
2650,60000127,20,20,20,0,1.0,Closed,clear_majority
2651,60000144,20,20,20,0,1.0,Closed,clear_majority
2652,60000153,20,20,19,1,0.95,Closed,clear_majority
2653,60000154,20,20,19,1,0.95,Closed,clear_majority
2654,60000155,20,20,19,1,0.95,Closed,clear_majority
2655,60000156,20,20,18,2,0.9,Closed,clear_majority
2656,60000157,20,20,17,3,0.85,Closed,clear_majority
2657,60000158,20,20,18,2,0.9,Closed,clear_majority
2658,60000159,20,20,19,1,0.95,Closed,clear_majority
2661,60000168,20,20,20,0,1.0,Closed,clear_majority
2663,60007306,20,20,20,0,1.0,Closed,clear_majority
2664,60003670,20,20,18,2,0.9,Closed,clear_majority
2665,60005010,20,20,20,0,1.0,Closed,clear_majority
2666,60002683,20,20,20,0,1.0,Closed,clear_majority
2667,60000980,20,20,20,0,1.0,Closed,clear_majority
2668,60009911,20,20,20,0,1.0,Closed,clear_majority
2671,60007806,20,20,20,0,1.0,Closed,clear_majority
2673,60001543,20,20,20,0,1.0,Closed,clear_majority
2674,60005064,20,20,20,0,1.0,Closed,clear_majority
2676,60006142,20,20,20,0,1.0,Closed,clear_majority
2677,60009140,20,20,20,0,1.0,Closed,clear_majority
2678,60004966,20,20,20,0,1.0,Closed,clear_majority
2680,60006752,20,20,18,2,0.9,Closed,clear_majority
2681,60001736,20,20,20,0,1.0,Closed,clear_majority
2685,60001027,20,20,20,0,1.0,Closed,clear_majority
2686,60005397,20,20,20,0,1.0,Closed,clear_majority
2687,60006650,20,20,20,0,1.0,Closed,clear_majority
2688,60003723,20,20,20,0,1.0,Closed,clear_majority
2689,60007289,20,20,20,0,1.0,Closed,clear_majority
2690,60001494,20,20,20,0,1.0,Closed,clear_majority
2691,60003062,20,20,16,4,0.8,Closed,mixed
2692,60006062,20,20,20,0,1.0,Closed,clear_majority
2693,60002100,20,20,20,0,1.0,Closed,clear_majority
2694,60004423,20,20,20,0,1.0,Closed,clear_majority
2695,60006714,20,20,20,0,1.0,Closed,clear_majority
2697,60004925,20,20,20,0,1.0,Closed,clear_majority
2698,60006310,20,20,20,0,1.0,Closed,clear_majority
2701,60005225,20,20,20,0,1.0,Closed,clear_majority
2702,60003819,20,20,20,0,1.0,Closed,clear_majority
2703,60006821,20,20,20,0,1.0,Closed,clear_majority
2706,60007067,20,20,20,0,1.0,Closed,clear_majority
2708,60003017,20,20,20,0,1.0,Closed,clear_majority
2711,60000767,20,20,17,3,0.85,Closed,clear_majority
2712,60007719,20,20,19,1,0.95,Closed,clear_majority
2718,60007454,20,20,18,2,0.9,Closed,clear_majority
2719,60000729,16,16,16,0,1.0,Closed,clear_majority
2720,60003329,20,20,20,0,1.0,Closed,clear_majority
2722,60005176,20,20,20,0,1.0,Closed,clear_majority
2723,60005552,20,20,20,0,1.0,Closed,clear_majority
2727,60009563,20,20,20,0,1.0,Closed,clear_majority
2730,60004774,20,20,20,0,1.0,Closed,clear_majority
2731,60006574,20,20,20,0,1.0,Closed,clear_majority
2733,60000039,20,20,18,2,0.9,Closed,clear_majority
2734,60000900,19,19,16,3,0.842,Closed,clear_majority
2735,60007298,20,20,20,0,1.0,Closed,clear_majority
2736,60002579,20,20,20,0,1.0,Closed,clear_majority
2737,60002651,20,20,20,0,1.0,Closed,clear_majority
2739,60000814,20,20,20,0,1.0,Closed,clear_majority
2740,60001320,20,20,15,5,0.75,Closed,mixed
2744,60000175,20,20,20,0,1.0,Closed,clear_majority
2746,60000177,20,20,20,0,1.0,Closed,clear_majority
2747,60000178,20,20,15,5,0.75,Closed,mixed
2748,60000183,20,20,20,0,1.0,Closed,clear_majority
2749,60000191,20,20,20,0,1.0,Closed,clear_majority
2750,60000192,20,20,20,0,1.0,Closed,clear_majority
2751,60000194,20,20,20,0,1.0,Closed,clear_majority
2752,60000196,20,20,20,0,1.0,Closed,clear_majority
2753,60000190,20,20,20,0,1.0,Closed,clear_majority
2754,60004554,20,20,20,0,1.0,Closed,clear_majority
2756,60114748,0,0,0,0,,,no_pto_data
2757,60114760,0,0,0,0,,,no_pto_data
2758,60000203,20,20,20,0,1.0,Closed,clear_majority
2762,60000207,20,20,20,0,1.0,Closed,clear_majority
2763,60000208,20,20,20,0,1.0,Closed,clear_majority
2768,60000216,20,20,20,0,1.0,Closed,clear_majority
2771,60012640,20,20,20,0,1.0,Closed,clear_majority
2772,60012688,20,20,20,0,1.0,Closed,clear_majority
2773,60000222,20,20,20,0,1.0,Closed,clear_majority
2774,60000223,20,20,20,0,1.0,Closed,clear_majority
2775,60000225,20,20,20,0,1.0,Closed,clear_majority
2776,60000226,20,20,20,0,1.0,Closed,clear_majority
2777,60000227,20,20,20,0,1.0,Closed,clear_majority
2778,60000228,20,20,20,0,1.0,Closed,clear_majority
2779,60000229,20,20,20,0,1.0,Closed,clear_majority
2780,60000231,16,16,16,0,1.0,Closed,clear_majority
2781,60000232,20,20,20,0,1.0,Closed,clear_majority
2784,60001701,20,20,20,0,1.0,Closed,clear_majority
2785,60005199,20,20,17,3,0.85,Closed,clear_majority
2786,60000733,18,18,18,0,1.0,Closed,clear_majority
2788,60001334,20,20,20,0,1.0,Closed,clear_majority
2789,60009142,18,18,18,0,1.0,Closed,clear_majority
2790,60009139,20,20,20,0,1.0,Closed,clear_majority
2792,60001492,20,20,20,0,1.0,Closed,clear_majority
2793,60007288,20,20,20,0,1.0,Closed,clear_majority
2794,60011624,20,20,20,0,1.0,Closed,clear_majority
2796,60001030,20,20,20,0,1.0,Closed,clear_majority
2797,60011265,20,20,20,0,1.0,Closed,clear_majority
2798,60002729,20,20,20,0,1.0,Closed,clear_majority
2799,60000816,20,20,20,0,1.0,Closed,clear_majority
2800,60001770,20,20,20,0,1.0,Closed,clear_majority
2801,60005976,3,3,3,0,1.0,Closed,clear_majority
2802,60007025,20,20,20,0,1.0,Closed,clear_majority
2803,60055698,3,3,3,0,1.0,Closed,clear_majority
2804,60001147,20,20,19,1,0.95,Closed,clear_majority
2805,60002540,3,3,3,0,1.0,Closed,clear_majority
2806,60003044,20,20,19,1,0.95,Closed,clear_majority
2807,60001041,20,20,20,0,1.0,Closed,clear_majority
2810,60007792,20,20,20,0,1.0,Closed,clear_majority
2811,60004169,20,20,20,0,1.0,Closed,clear_majority
2816,60007345,20,20,20,0,1.0,Closed,clear_majority
2818,60004231,20,20,20,0,1.0,Closed,clear_majority
2821,60004256,20,20,20,0,1.0,Closed,clear_majority
2822,60009587,20,20,20,0,1.0,Closed,clear_majority
2823,60004253,20,20,20,0,1.0,Closed,clear_majority
2824,60000581,20,20,20,0,1.0,Closed,clear_majority
2825,60003682,20,20,20,0,1.0,Closed,clear_majority
2827,60000874,20,20,20,0,1.0,Closed,clear_majority
2829,60004321,20,20,20,0,1.0,Closed,clear_majority
2830,60007451,20,20,20,0,1.0,Closed,clear_majority
2833,60002530,20,20,18,2,0.9,Closed,clear_majority
2835,60004534,20,20,20,0,1.0,Closed,clear_majority
2838,60003948,20,20,20,0,1.0,Closed,clear_majority
2839,60008649,20,20,20,0,1.0,Closed,clear_majority
2840,60010920,20,20,20,0,1.0,Closed,clear_majority
2841,60000970,20,20,20,0,1.0,Closed,clear_majority
2844,60000482,20,20,20,0,1.0,Closed,clear_majority
2846,60006540,20,20,20,0,1.0,Closed,clear_majority
2849,60089147,19,19,19,0,1.0,Closed,clear_majority
2851,60003763,20,20,20,0,1.0,Closed,clear_majority
2852,60001767,20,20,20,0,1.0,Closed,clear_majority
2853,60010952,20,20,20,0,1.0,Closed,clear_majority
2854,60005616,20,20,20,0,1.0,Closed,clear_majority
2855,60003676,20,20,20,0,1.0,Closed,clear_majority
2856,60002439,20,20,20,0,1.0,Closed,clear_majority
2857,60000243,20,20,20,0,1.0,Closed,clear_majority
2858,60000248,20,20,20,0,1.0,Closed,clear_majority
2859,60000269,20,20,20,0,1.0,Closed,clear_majority
2860,60000270,20,20,20,0,1.0,Closed,clear_majority
2861,60000271,20,20,20,0,1.0,Closed,clear_majority
2863,60000316,20,20,20,0,1.0,Closed,clear_majority
2864,60000317,20,20,20,0,1.0,Closed,clear_majority
2865,60000318,20,20,20,0,1.0,Closed,clear_majority
2866,60000319,20,20,20,0,1.0,Closed,clear_majority
2867,60000320,19,19,19,0,1.0,Closed,clear_majority
2868,60000321,20,20,20,0,1.0,Closed,clear_majority
2869,60000322,20,20,20,0,1.0,Closed,clear_majority
2871,60000324,20,20,20,0,1.0,Closed,clear_majority
2872,60000325,20,20,20,0,1.0,Closed,clear_majority
2873,60000350,20,20,20,0,1.0,Closed,clear_majority
2874,60000348,18,18,16,2,0.889,Closed,clear_majority
2875,60000349,20,20,17,3,0.85,Closed,clear_majority
2876,60000353,7,7,5,2,0.714,Closed,mixed
2877,60000354,20,20,20,0,1.0,Closed,clear_majority
2878,60000355,20,20,18,2,0.9,Closed,clear_majority
2879,60000358,20,20,18,2,0.9,Closed,clear_majority
2880,60000359,20,20,18,2,0.9,Closed,clear_majority
2881,60000372,20,20,20,0,1.0,Closed,clear_majority
2882,60000373,20,20,20,0,1.0,Closed,clear_majority
2883,60000374,20,20,20,0,1.0,Closed,clear_majority
2884,60000375,20,20,20,0,1.0,Closed,clear_majority
2885,60000376,20,20,20,0,1.0,Closed,clear_majority
2887,60000399,20,20,20,0,1.0,Closed,clear_majority
2889,60000402,20,20,18,2,0.9,Closed,clear_majority
2890,60000403,20,20,18,2,0.9,Closed,clear_majority
2891,60000419,20,20,20,0,1.0,Closed,clear_majority
2892,60000421,20,20,20,0,1.0,Closed,clear_majority
2893,60000422,20,20,20,0,1.0,Closed,clear_majority
2894,60000423,20,20,20,0,1.0,Closed,clear_majority
2899,60000398,20,20,20,0,1.0,Closed,clear_majority
2900,60001026,20,20,20,0,1.0,Closed,clear_majority
2901,60001515,20,20,20,0,1.0,Closed,clear_majority
2902,60000544,20,20,20,0,1.0,Closed,clear_majority
2903,60005850,20,20,20,0,1.0,Closed,clear_majority
2904,60008700,20,20,20,0,1.0,Closed,clear_majority
2905,60004018,20,20,20,0,1.0,Closed,clear_majority
2906,60001498,20,20,20,0,1.0,Closed,clear_majority
2910,60097991,0,0,0,0,,,no_pto_data
2911,60007312,20,20,20,0,1.0,Closed,clear_majority
2912,60000537,20,20,20,0,1.0,Closed,clear_majority
2914,60004968,20,20,20,0,1.0,Closed,clear_majority
2915,60006722,20,20,20,0,1.0,Closed,clear_majority
2916,60011908,20,20,20,0,1.0,Closed,clear_majority
2917,60005340,20,20,20,0,1.0,Closed,clear_majority
2918,60004924,20,20,20,0,1.0,Closed,clear_majority
2919,60005995,20,20,20,0,1.0,Closed,clear_majority
2921,60005678,20,20,20,0,1.0,Closed,clear_majority
2922,60005008,20,20,20,0,1.0,Closed,clear_majority
2923,60004941,20,20,2,18,0.1,Open,clear_majority
2924,60007124,20,20,20,0,1.0,Closed,clear_majority
2925,60001050,20,20,20,0,1.0,Closed,clear_majority
2926,60002907,20,20,20,0,1.0,Closed,clear_majority
2927,60004232,20,20,20,0,1.0,Closed,clear_majority
2928,60004996,20,20,20,0,1.0,Closed,clear_majority
2929,60004893,20,20,20,0,1.0,Closed,clear_majority
2931,60002245,20,20,15,5,0.75,Closed,mixed
2932,60003045,20,20,20,0,1.0,Closed,clear_majority
2933,60004292,20,20,20,0,1.0,Closed,clear_majority
2935,60000540,20,20,20,0,1.0,Closed,clear_majority
2936,60001442,20,20,20,0,1.0,Closed,clear_majority
2937,60004945,20,20,20,0,1.0,Closed,clear_majority
2938,60000113,20,20,20,0,1.0,Closed,clear_majority
2939,60005059,20,20,16,4,0.8,Closed,mixed
2940,60006888,20,20,20,0,1.0,Closed,clear_majority
2941,60001577,20,20,19,1,0.95,Closed,clear_majority
2943,60000236,20,20,20,0,1.0,Closed,clear_majority
2944,60004947,20,20,17,3,0.85,Closed,clear_majority
2945,60003322,20,20,20,0,1.0,Closed,clear_majority
2946,60000327,20,20,20,0,1.0,Closed,clear_majority
2948,60002985,20,20,20,0,1.0,Closed,clear_majority
2949,60002300,20,20,20,0,1.0,Closed,clear_majority
2952,60002355,20,20,20,0,1.0,Closed,clear_majority
2954,60002741,20,20,16,4,0.8,Closed,mixed
2955,60001204,20,20,20,0,1.0,Closed,clear_majority
2956,60006575,20,20,20,0,1.0,Closed,clear_majority
2957,60007275,20,20,20,0,1.0,Closed,clear_majority
2958,60007771,20,20,20,0,1.0,Closed,clear_majority
2959,60005399,18,18,18,0,1.0,Closed,clear_majority
2961,60002987,20,20,20,0,1.0,Closed,clear_majority
2962,60009486,20,20,20,0,1.0,Closed,clear_majority
2963,60002398,20,20,20,0,1.0,Closed,clear_majority
2964,60001438,20,20,20,0,1.0,Closed,clear_majority
2965,60006407,20,20,20,0,1.0,Closed,clear_majority
2966,60012563,20,20,20,0,1.0,Closed,clear_majority
2967,60011912,20,20,20,0,1.0,Closed,clear_majority
2968,60004704,20,20,20,0,1.0,Closed,clear_majority
2969,60001785,20,20,20,0,1.0,Closed,clear_majority
2971,60011886,20,20,20,0,1.0,Closed,clear_majority
2972,60001319,20,20,20,0,1.0,Closed,clear_majority
2973,60000115,20,20,20,0,1.0,Closed,clear_majority
2974,60000116,20,20,20,0,1.0,Closed,clear_majority
2975,60000117,20,20,20,0,1.0,Closed,clear_majority
2976,60000145,20,20,12,8,0.6,Closed,mixed
2977,60000502,20,20,20,0,1.0,Closed,clear_majority
2978,60000503,20,20,20,0,1.0,Closed,clear_majority
2979,60000504,20,20,20,0,1.0,Closed,clear_majority
2980,60000505,20,20,20,0,1.0,Closed,clear_majority
2981,60000507,20,20,20,0,1.0,Closed,clear_majority
2982,60000509,20,20,20,0,1.0,Closed,clear_majority
2983,60000511,20,20,20,0,1.0,Closed,clear_majority
2984,60000512,20,20,20,0,1.0,Closed,clear_majority
2985,60000515,20,20,20,0,1.0,Closed,clear_majority
2987,60000517,20,20,20,0,1.0,Closed,clear_majority
2988,60000518,20,20,18,2,0.9,Closed,clear_majority
2990,60000521,20,20,20,0,1.0,Closed,clear_majority
2991,60008957,20,20,20,0,1.0,Closed,clear_majority
2992,60000522,20,20,20,0,1.0,Closed,clear_majority
2994,60003867,20,20,19,1,0.95,Closed,clear_majority
2995,60006396,20,20,20,0,1.0,Closed,clear_majority
2996,60004605,20,20,20,0,1.0,Closed,clear_majority
2997,60004315,20,20,20,0,1.0,Closed,clear_majority
2998,60007717,20,20,19,1,0.95,Closed,clear_majority
2999,60008719,20,20,20,0,1.0,Closed,clear_majority
3000,60005739,20,20,20,0,1.0,Closed,clear_majority
3001,60004036,20,20,20,0,1.0,Closed,clear_majority
3002,60007207,20,20,20,0,1.0,Closed,clear_majority
3003,60005200,20,20,20,0,1.0,Closed,clear_majority
3004,60005447,20,20,20,0,1.0,Closed,clear_majority
3005,60003050,20,20,18,2,0.9,Closed,clear_majority
3006,60004037,20,20,20,0,1.0,Closed,clear_majority
3007,60006210,20,20,20,0,1.0,Closed,clear_majority
3008,60000543,20,20,20,0,1.0,Closed,clear_majority
3009,60000545,20,20,20,0,1.0,Closed,clear_majority
3010,60000546,20,20,20,0,1.0,Closed,clear_majority
3011,60006932,20,20,20,0,1.0,Closed,clear_majority
3012,60007880,20,20,20,0,1.0,Closed,clear_majority
3014,60003175,20,20,20,0,1.0,Closed,clear_majority
3017,60005323,20,20,20,0,1.0,Closed,clear_majority
3018,60003020,20,20,20,0,1.0,Closed,clear_majority
3020,60004901,20,20,20,0,1.0,Closed,clear_majority
3021,60010917,20,20,20,0,1.0,Closed,clear_majority
3022,60011620,20,20,20,0,1.0,Closed,clear_majority
3023,60006963,20,20,20,0,1.0,Closed,clear_majority
3024,60004884,20,20,20,0,1.0,Closed,clear_majority
3025,60004875,20,20,20,0,1.0,Closed,clear_majority
3027,60005584,20,20,20,0,1.0,Closed,clear_majority
3029,60004963,20,20,20,0,1.0,Closed,clear_majority
3030,60005514,20,20,20,0,1.0,Closed,clear_majority
3031,60000793,17,17,17,0,1.0,Closed,clear_majority
3032,60006583,20,20,20,0,1.0,Closed,clear_majority
3034,60004994,20,20,19,1,0.95,Closed,clear_majority
3035,60006976,20,20,20,0,1.0,Closed,clear_majority
3036,60002912,20,20,20,0,1.0,Closed,clear_majority
3038,60002913,20,20,18,2,0.9,Closed,clear_majority
3039,60006707,20,20,20,0,1.0,Closed,clear_majority
3040,60004658,20,20,20,0,1.0,Closed,clear_majority
3041,60006180,20,20,19,1,0.95,Closed,clear_majority
3042,60011923,20,20,19,1,0.95,Closed,clear_majority
3046,60000520,20,20,20,0,1.0,Closed,clear_majority
3047,60001373,19,19,18,1,0.947,Closed,clear_majority
3048,60000137,20,20,20,0,1.0,Closed,clear_majority
3049,60004706,20,20,19,1,0.95,Closed,clear_majority
3050,60009016,20,20,20,0,1.0,Closed,clear_majority
3051,60000404,20,20,20,0,1.0,Closed,clear_majority
3052,60000684,20,20,20,0,1.0,Closed,clear_majority
3053,60002301,20,20,20,0,1.0,Closed,clear_majority
3054,60000163,19,19,10,9,0.526,Closed,mixed
3056,60001625,20,20,20,0,1.0,Closed,clear_majority
3057,60000195,19,19,19,0,1.0,Closed,clear_majority
3058,60005128,20,20,20,0,1.0,Closed,clear_majority
3059,60004936,20,20,20,0,1.0,Closed,clear_majority
3060,60000032,20,20,20,0,1.0,Closed,clear_majority
3062,60000162,20,20,20,0,1.0,Closed,clear_majority
3064,60000304,20,20,20,0,1.0,Closed,clear_majority
3065,60005829,20,20,20,0,1.0,Closed,clear_majority
3068,60007018,20,20,20,0,1.0,Closed,clear_majority
3069,60005409,20,20,20,0,1.0,Closed,clear_majority
3073,60006538,20,20,20,0,1.0,Closed,clear_majority
3074,60002830,20,20,20,0,1.0,Closed,clear_majority
3076,60000795,20,20,20,0,1.0,Closed,clear_majority
3077,60001540,20,20,20,0,1.0,Closed,clear_majority
3078,60003127,20,20,20,0,1.0,Closed,clear_majority
3080,60005667,20,20,20,0,1.0,Closed,clear_majority
3082,60005395,20,20,20,0,1.0,Closed,clear_majority
3083,60007818,20,20,20,0,1.0,Closed,clear_majority
3084,60000240,20,20,20,0,1.0,Closed,clear_majority
3085,60000241,20,20,20,0,1.0,Closed,clear_majority
3086,60000242,20,20,20,0,1.0,Closed,clear_majority
3087,60000333,20,20,20,0,1.0,Closed,clear_majority
3088,60000341,20,20,20,0,1.0,Closed,clear_majority
3089,60003868,20,20,19,1,0.95,Closed,clear_majority
3090,60000244,20,20,20,0,1.0,Closed,clear_majority
3091,60000245,20,20,20,0,1.0,Closed,clear_majority
3093,60000247,20,20,20,0,1.0,Closed,clear_majority
3094,60000249,20,20,20,0,1.0,Closed,clear_majority
3095,60000253,20,20,20,0,1.0,Closed,clear_majority
3096,60000254,10,10,10,0,1.0,Closed,clear_majority
3097,60000263,20,20,20,0,1.0,Closed,clear_majority
3099,60000257,20,20,20,0,1.0,Closed,clear_majority
3100,60000258,20,20,20,0,1.0,Closed,clear_majority
3101,60000259,20,20,20,0,1.0,Closed,clear_majority
3103,60000261,20,20,20,0,1.0,Closed,clear_majority
3104,60000262,20,20,20,0,1.0,Closed,clear_majority
3105,60000272,20,20,20,0,1.0,Closed,clear_majority
3106,60000273,20,20,19,1,0.95,Closed,clear_majority
3107,60000274,20,20,20,0,1.0,Closed,clear_majority
3108,60000275,20,20,20,0,1.0,Closed,clear_majority
3109,60000293,20,20,20,0,1.0,Closed,clear_majority
3110,60000294,20,20,20,0,1.0,Closed,clear_majority
3111,60007995,20,20,20,0,1.0,Closed,clear_majority
3112,60007997,20,20,20,0,1.0,Closed,clear_majority
3113,60000295,20,20,20,0,1.0,Closed,clear_majority
3115,60000297,20,20,20,0,1.0,Closed,clear_majority
3116,60000300,20,20,20,0,1.0,Closed,clear_majority
3117,60000301,20,20,20,0,1.0,Closed,clear_majority
3118,60000292,20,20,20,0,1.0,Closed,clear_majority
3119,60000303,20,20,20,0,1.0,Closed,clear_majority
3121,60000306,20,20,20,0,1.0,Closed,clear_majority
3122,60000307,20,20,20,0,1.0,Closed,clear_majority
3123,60000308,20,20,20,0,1.0,Closed,clear_majority
3126,60092473,0,0,0,0,,,no_pto_data
3127,60002812,20,20,20,0,1.0,Closed,clear_majority
3128,60001862,20,20,20,0,1.0,Closed,clear_majority
3129,60003490,3,3,3,0,1.0,Closed,clear_majority
3130,60003223,20,20,20,0,1.0,Closed,clear_majority
3133,60087026,0,0,0,0,,,no_pto_data
3135,60005663,20,20,20,0,1.0,Closed,clear_majority
3136,60000610,20,20,20,0,1.0,Closed,clear_majority
3137,60005496,20,20,20,0,1.0,Closed,clear_majority
3141,60004503,20,20,20,0,1.0,Closed,clear_majority
3142,60003591,20,20,20,0,1.0,Closed,clear_majority
3143,60004332,19,19,19,0,1.0,Closed,clear_majority
3145,60007767,20,20,20,0,1.0,Closed,clear_majority
3146,60004874,20,20,20,0,1.0,Closed,clear_majority
3148,60003067,20,20,20,0,1.0,Closed,clear_majority
3149,60003985,20,20,20,0,1.0,Closed,clear_majority
3150,60001022,7,7,4,3,0.571,Closed,mixed
3151,60006535,20,20,20,0,1.0,Closed,clear_majority
3152,60006176,20,20,20,0,1.0,Closed,clear_majority
3153,60000165,20,20,20,0,1.0,Closed,clear_majority
3156,60006568,20,20,20,0,1.0,Closed,clear_majority
3157,60013294,3,3,3,0,1.0,Closed,clear_majority
3159,60006866,20,20,20,0,1.0,Closed,clear_majority
3160,60107558,6,6,6,0,1.0,Closed,clear_majority
3161,60007395,20,20,18,2,0.9,Closed,clear_majority
3163,60000143,20,20,20,0,1.0,Closed,clear_majority
3164,60004882,20,20,20,0,1.0,Closed,clear_majority
3165,60004501,20,20,20,0,1.0,Closed,clear_majority
3166,60008729,3,3,3,0,1.0,Closed,clear_majority
3167,60006765,20,20,20,0,1.0,Closed,clear_majority
3168,60004920,20,20,20,0,1.0,Closed,clear_majority
3169,60008645,20,20,20,0,1.0,Closed,clear_majority
3170,60001573,20,20,20,0,1.0,Closed,clear_majority
3171,60004666,20,20,20,0,1.0,Closed,clear_majority
3173,60003165,20,20,20,0,1.0,Closed,clear_majority
3174,60002435,20,20,20,0,1.0,Closed,clear_majority
3175,60000193,20,20,20,0,1.0,Closed,clear_majority
3176,60114747,0,0,0,0,,,no_pto_data
3177,60000224,20,20,20,0,1.0,Closed,clear_majority
3180,60000433,20,20,20,0,1.0,Closed,clear_majority
3181,60000435,20,20,20,0,1.0,Closed,clear_majority
3182,60000436,9,9,9,0,1.0,Closed,clear_majority
3183,60000437,20,20,19,1,0.95,Closed,clear_majority
3184,60000438,20,20,19,1,0.95,Closed,clear_majority
3186,60000444,20,20,20,0,1.0,Closed,clear_majority
3187,60000445,20,20,20,0,1.0,Closed,clear_majority
3188,60000446,20,20,20,0,1.0,Closed,clear_majority
3189,60000447,20,20,20,0,1.0,Closed,clear_majority
3190,60000448,20,20,20,0,1.0,Closed,clear_majority
3191,60000453,20,20,20,0,1.0,Closed,clear_majority
3193,60000457,20,20,20,0,1.0,Closed,clear_majority
3194,60000458,20,20,20,0,1.0,Closed,clear_majority
3196,60011538,20,20,20,0,1.0,Closed,clear_majority
3199,60000489,20,20,20,0,1.0,Closed,clear_majority
3200,60005609,20,20,20,0,1.0,Closed,clear_majority
3201,60006725,20,20,14,6,0.7,Closed,mixed
3202,60096226,15,15,15,0,1.0,Closed,clear_majority
3205,60005339,20,20,20,0,1.0,Closed,clear_majority
3208,60005906,20,20,20,0,1.0,Closed,clear_majority
3210,60009056,20,20,20,0,1.0,Closed,clear_majority
3211,60008425,20,20,19,1,0.95,Closed,clear_majority
3212,60009047,20,20,20,0,1.0,Closed,clear_majority
3213,60008424,20,20,20,0,1.0,Closed,clear_majority
3214,60009055,20,20,20,0,1.0,Closed,clear_majority
3215,60006581,20,20,20,0,1.0,Closed,clear_majority
3216,60006133,20,20,20,0,1.0,Closed,clear_majority
3217,60007429,20,20,20,0,1.0,Closed,clear_majority
3218,60004442,20,20,20,0,1.0,Closed,clear_majority
3219,60001398,20,20,16,4,0.8,Closed,mixed
3220,60007603,7,7,6,1,0.857,Closed,clear_majority
3222,60111448,17,17,17,0,1.0,Closed,clear_majority
3223,60001831,20,20,20,0,1.0,Closed,clear_majority
3224,60005077,20,20,13,7,0.65,Closed,mixed
3227,60006686,20,20,20,0,1.0,Closed,clear_majority
3228,60006840,20,20,20,0,1.0,Closed,clear_majority
3229,60007370,20,20,20,0,1.0,Closed,clear_majority
3230,60002693,20,20,20,0,1.0,Closed,clear_majority
3231,60004207,20,20,20,0,1.0,Closed,clear_majority
3232,60009144,20,20,20,0,1.0,Closed,clear_majority
3233,60004299,20,20,20,0,1.0,Closed,clear_majority
3236,60000906,20,20,20,0,1.0,Closed,clear_majority
3237,60003563,20,20,20,0,1.0,Closed,clear_majority
3240,60099700,10,10,10,0,1.0,Closed,clear_majority
3242,60002557,3,3,3,0,1.0,Closed,clear_majority
3243,60002804,19,19,19,0,1.0,Closed,clear_majority
3244,60009017,20,20,20,0,1.0,Closed,clear_majority
3245,60006197,2,2,2,0,1.0,Closed,clear_majority
3246,60001081,20,20,20,0,1.0,Closed,clear_majority
3247,60002534,20,20,19,1,0.95,Closed,clear_majority
3248,60006615,20,20,20,0,1.0,Closed,clear_majority
3249,60003937,20,20,19,1,0.95,Closed,clear_majority
3251,60000967,20,20,20,0,1.0,Closed,clear_majority
3252,60004737,20,20,20,0,1.0,Closed,clear_majority
3253,60000957,20,20,20,0,1.0,Closed,clear_majority
3254,60003938,20,20,20,0,1.0,Closed,clear_majority
3255,60005067,20,20,16,4,0.8,Closed,mixed
3256,60004685,20,20,20,0,1.0,Closed,clear_majority
3260,60002775,20,20,20,0,1.0,Closed,clear_majority
3261,60099708,10,10,10,0,1.0,Closed,clear_majority
3262,60001369,19,19,18,1,0.947,Closed,clear_majority
3263,60004265,20,20,20,0,1.0,Closed,clear_majority
3264,60008103,20,20,20,0,1.0,Closed,clear_majority
3265,60004999,20,20,20,0,1.0,Closed,clear_majority
3266,60004173,20,20,20,0,1.0,Closed,clear_majority
3267,60005350,20,20,20,0,1.0,Closed,clear_majority
3270,60004934,20,20,20,0,1.0,Closed,clear_majority
3271,60003939,20,20,20,0,1.0,Closed,clear_majority
3273,60001368,19,19,19,0,1.0,Closed,clear_majority
3274,60110572,4,4,4,0,1.0,Closed,clear_majority
3275,60003620,20,20,20,0,1.0,Closed,clear_majority
3276,60001453,17,17,13,4,0.765,Closed,mixed
3278,60009089,20,20,20,0,1.0,Closed,clear_majority
3280,60000132,20,20,20,0,1.0,Closed,clear_majority
3281,60003583,20,20,20,0,1.0,Closed,clear_majority
3282,60004667,20,20,20,0,1.0,Closed,clear_majority
3283,60005386,20,20,19,1,0.95,Closed,clear_majority
3284,60001469,20,20,17,3,0.85,Closed,clear_majority
3285,60002512,20,20,20,0,1.0,Closed,clear_majority
3286,60011911,20,20,20,0,1.0,Closed,clear_majority
3287,60001692,20,20,20,0,1.0,Closed,clear_majority
3288,60005922,20,20,20,0,1.0,Closed,clear_majority
3289,60000455,20,20,18,2,0.9,Closed,clear_majority
3290,60003678,20,20,20,0,1.0,Closed,clear_majority
3291,60007772,20,20,20,0,1.0,Closed,clear_majority
3292,60006297,20,20,20,0,1.0,Closed,clear_majority
3293,60006862,20,20,20,0,1.0,Closed,clear_majority
3295,60006993,20,20,20,0,1.0,Closed,clear_majority
3297,60005311,20,20,20,0,1.0,Closed,clear_majority
3298,60000550,20,20,20,0,1.0,Closed,clear_majority
3299,60003095,20,20,20,0,1.0,Closed,clear_majority
3300,60008173,20,20,20,0,1.0,Closed,clear_majority
3301,60001520,20,20,20,0,1.0,Closed,clear_majority
3302,60006967,20,20,20,0,1.0,Closed,clear_majority
3303,60001564,20,20,19,1,0.95,Closed,clear_majority
3305,60110564,4,4,4,0,1.0,Closed,clear_majority
3307,60000955,20,20,20,0,1.0,Closed,clear_majority
3308,60001037,20,20,20,0,1.0,Closed,clear_majority
3309,60010208,20,20,18,2,0.9,Closed,clear_majority
3310,60000087,20,20,20,0,1.0,Closed,clear_majority
3312,60001581,20,20,20,0,1.0,Closed,clear_majority
3313,60000473,20,20,20,0,1.0,Closed,clear_majority
3315,60001372,19,19,19,0,1.0,Closed,clear_majority
3316,60012171,20,20,20,0,1.0,Closed,clear_majority
3318,60005624,20,20,20,0,1.0,Closed,clear_majority
3319,60008647,20,20,20,0,1.0,Closed,clear_majority
3321,60003790,20,20,20,0,1.0,Closed,clear_majority
3322,60005396,20,20,20,0,1.0,Closed,clear_majority
3324,60098033,14,14,14,0,1.0,Closed,clear_majority
3326,60002905,20,20,20,0,1.0,Closed,clear_majority
3328,60003166,20,20,20,0,1.0,Closed,clear_majority
3329,60002768,20,20,20,0,1.0,Closed,clear_majority
3330,60003941,20,20,18,2,0.9,Closed,clear_majority
3331,60009050,20,20,20,0,1.0,Closed,clear_majority
3332,60004798,20,20,20,0,1.0,Closed,clear_majority
3333,60002541,20,20,20,0,1.0,Closed,clear_majority
3334,60004279,20,20,20,0,1.0,Closed,clear_majority
3335,60007653,20,20,20,0,1.0,Closed,clear_majority
3336,60003942,20,20,19,1,0.95,Closed,clear_majority
3338,60012189,20,20,20,0,1.0,Closed,clear_majority
3340,60007391,20,20,20,0,1.0,Closed,clear_majority
3344,60003943,20,20,20,0,1.0,Closed,clear_majority
3345,60005614,20,20,20,0,1.0,Closed,clear_majority
3346,60006343,20,20,20,0,1.0,Closed,clear_majority
3347,60003967,20,20,20,0,1.0,Closed,clear_majority
3348,60009041,20,20,20,0,1.0,Closed,clear_majority
3350,60004576,20,20,20,0,1.0,Closed,clear_majority
3351,60000085,20,20,20,0,1.0,Closed,clear_majority
3352,60001076,20,20,20,0,1.0,Closed,clear_majority
3353,60004472,20,20,20,0,1.0,Closed,clear_majority
3354,60009724,20,20,20,0,1.0,Closed,clear_majority
3355,60000527,20,20,20,0,1.0,Closed,clear_majority
3356,60002508,20,20,20,0,1.0,Closed,clear_majority
3358,60008029,20,20,20,0,1.0,Closed,clear_majority
3359,60011557,20,20,20,0,1.0,Closed,clear_majority
3360,60000536,20,20,20,0,1.0,Closed,clear_majority
3361,60000560,20,20,20,0,1.0,Closed,clear_majority
3362,60004770,20,20,20,0,1.0,Closed,clear_majority
3363,60006456,20,20,20,0,1.0,Closed,clear_majority
3364,60001544,20,20,20,0,1.0,Closed,clear_majority
3365,60011496,20,20,20,0,1.0,Closed,clear_majority
3366,60009688,20,20,20,0,1.0,Closed,clear_majority
3368,60005929,20,20,20,0,1.0,Closed,clear_majority
3369,60004212,20,20,20,0,1.0,Closed,clear_majority
3370,60007879,20,20,20,0,1.0,Closed,clear_majority
3371,60004559,20,20,20,0,1.0,Closed,clear_majority
3372,60004955,20,20,20,0,1.0,Closed,clear_majority
3373,60006964,20,20,20,0,1.0,Closed,clear_majority
3374,60006966,20,20,20,0,1.0,Closed,clear_majority
3376,60004661,20,20,20,0,1.0,Closed,clear_majority
3377,60004101,20,20,20,0,1.0,Closed,clear_majority
3378,60002963,20,20,19,1,0.95,Closed,clear_majority
3382,60000013,20,20,20,0,1.0,Closed,clear_majority
3383,60003350,20,20,20,0,1.0,Closed,clear_majority
3384,60006837,20,20,20,0,1.0,Closed,clear_majority
3385,60006846,20,20,20,0,1.0,Closed,clear_majority
3386,60005377,20,20,20,0,1.0,Closed,clear_majority
3387,60005102,20,20,20,0,1.0,Closed,clear_majority
3390,60003783,20,20,20,0,1.0,Closed,clear_majority
3391,60009584,20,20,20,0,1.0,Closed,clear_majority
3392,60006690,20,20,20,0,1.0,Closed,clear_majority
3393,60004160,20,20,20,0,1.0,Closed,clear_majority
3395,60001732,20,20,19,1,0.95,Closed,clear_majority
3396,60000553,20,20,20,0,1.0,Closed,clear_majority
3397,60001647,20,20,20,0,1.0,Closed,clear_majority
3398,60003459,20,20,20,0,1.0,Closed,clear_majority
3401,60005058,20,20,16,4,0.8,Closed,mixed
3402,60011559,20,20,20,0,1.0,Closed,clear_majority
3403,60002097,20,20,20,0,1.0,Closed,clear_majority
3404,60001380,20,20,20,0,1.0,Closed,clear_majority
3406,60003547,20,20,20,0,1.0,Closed,clear_majority
3407,60001861,20,20,18,2,0.9,Closed,clear_majority
3408,60006870,20,20,20,0,1.0,Closed,clear_majority
3409,60103493,8,8,2,6,0.25,Open,mixed
3411,60008100,20,20,20,0,1.0,Closed,clear_majority
3412,60007023,20,20,20,0,1.0,Closed,clear_majority
3413,60010142,20,20,20,0,1.0,Closed,clear_majority
3415,60007405,20,20,20,0,1.0,Closed,clear_majority
3416,60001008,20,20,20,0,1.0,Closed,clear_majority
3417,60006173,20,20,18,2,0.9,Closed,clear_majority
3421,60007001,20,20,20,0,1.0,Closed,clear_majority
3422,60007996,20,20,20,0,1.0,Closed,clear_majority
3424,60009103,20,20,20,0,1.0,Closed,clear_majority
3425,60011924,20,20,20,0,1.0,Closed,clear_majority
3427,60007495,20,20,20,0,1.0,Closed,clear_majority
3428,60005222,20,20,20,0,1.0,Closed,clear_majority
3429,60002546,20,20,20,0,1.0,Closed,clear_majority
3430,60007939,20,20,20,0,1.0,Closed,clear_majority
3431,60002551,20,20,0,20,0.0,Open,clear_majority
3434,60006314,20,20,14,6,0.7,Closed,mixed
3435,60003945,20,20,20,0,1.0,Closed,clear_majority
3436,60001341,20,20,20,0,1.0,Closed,clear_majority
3437,60006742,20,20,20,0,1.0,Closed,clear_majority
3438,60003844,20,20,20,0,1.0,Closed,clear_majority
3439,60004206,20,20,20,0,1.0,Closed,clear_majority
3440,60008704,20,20,0,20,0.0,Open,clear_majority
3441,60007652,20,20,20,0,1.0,Closed,clear_majority
3444,60003099,20,20,20,0,1.0,Closed,clear_majority
3446,60110567,3,3,3,0,1.0,Closed,clear_majority
3447,60006027,20,20,20,0,1.0,Closed,clear_majority
3449,60003870,20,20,20,0,1.0,Closed,clear_majority
3450,60011913,20,20,20,0,1.0,Closed,clear_majority
3451,60005899,20,20,20,0,1.0,Closed,clear_majority
3452,60003871,20,20,16,4,0.8,Closed,mixed
3453,60005022,20,20,20,0,1.0,Closed,clear_majority
3454,60005671,20,20,20,0,1.0,Closed,clear_majority
3455,60003873,20,20,20,0,1.0,Closed,clear_majority
3456,60007436,20,20,20,0,1.0,Closed,clear_majority
3457,60007455,20,20,20,0,1.0,Closed,clear_majority
3459,60003874,20,20,19,1,0.95,Closed,clear_majority
3460,60005495,20,20,20,0,1.0,Closed,clear_majority
3461,60003875,20,20,20,0,1.0,Closed,clear_majority
3462,60005029,20,20,20,0,1.0,Closed,clear_majority
3463,60005606,20,20,20,0,1.0,Closed,clear_majority
3464,60006983,20,20,20,0,1.0,Closed,clear_majority
3466,60001489,20,20,20,0,1.0,Closed,clear_majority
3467,60006452,20,20,20,0,1.0,Closed,clear_majority
3468,60001201,20,20,20,0,1.0,Closed,clear_majority
3469,60004894,20,20,20,0,1.0,Closed,clear_majority
3471,60110582,5,5,5,0,1.0,Closed,clear_majority
3472,60001696,20,20,20,0,1.0,Closed,clear_majority
3473,60004908,20,20,20,0,1.0,Closed,clear_majority
3474,60006393,20,20,20,0,1.0,Closed,clear_majority
3475,60005474,20,20,20,0,1.0,Closed,clear_majority
3477,60002702,20,20,20,0,1.0,Closed,clear_majority
3478,60011904,20,20,20,0,1.0,Closed,clear_majority
3481,60007434,20,20,20,0,1.0,Closed,clear_majority
3482,60002973,20,20,20,0,1.0,Closed,clear_majority
3483,60002608,20,20,20,0,1.0,Closed,clear_majority
3486,60004888,20,20,20,0,1.0,Closed,clear_majority
3487,60004010,20,20,20,0,1.0,Closed,clear_majority
3489,60007081,20,20,20,0,1.0,Closed,clear_majority
3490,60001365,20,20,20,0,1.0,Closed,clear_majority
3491,60000637,20,20,20,0,1.0,Closed,clear_majority
3492,60006287,20,20,17,3,0.85,Closed,clear_majority
3493,60004902,20,20,20,0,1.0,Closed,clear_majority
3495,60011916,20,20,20,0,1.0,Closed,clear_majority
3496,60004060,20,20,20,0,1.0,Closed,clear_majority
3497,60012175,20,20,16,4,0.8,Closed,mixed
3498,60001633,17,17,16,1,0.941,Closed,clear_majority
3499,60000890,20,20,20,0,1.0,Closed,clear_majority
3500,60005799,16,16,11,5,0.688,Closed,mixed
3501,60003214,20,20,20,0,1.0,Closed,clear_majority
3502,60003375,20,20,13,7,0.65,Closed,mixed
3506,60000750,18,18,18,0,1.0,Closed,clear_majority
3507,60011618,20,20,20,0,1.0,Closed,clear_majority
3508,60011264,20,20,20,0,1.0,Closed,clear_majority
3509,60004881,20,20,20,0,1.0,Closed,clear_majority
3510,60000025,20,20,20,0,1.0,Closed,clear_majority
3511,60003845,20,20,20,0,1.0,Closed,clear_majority
3513,60003846,20,20,20,0,1.0,Closed,clear_majority
3514,60000535,20,20,20,0,1.0,Closed,clear_majority
3515,60000182,20,20,20,0,1.0,Closed,clear_majority
3516,60006145,20,20,20,0,1.0,Closed,clear_majority
3518,60004871,20,20,20,0,1.0,Closed,clear_majority
3520,60001023,20,20,20,0,1.0,Closed,clear_majority
3522,60001114,20,20,20,0,1.0,Closed,clear_majority
3523,60000471,20,20,20,0,1.0,Closed,clear_majority
3527,60005549,20,20,20,0,1.0,Closed,clear_majority
3528,60003848,20,20,20,0,1.0,Closed,clear_majority
3529,60002772,20,20,20,0,1.0,Closed,clear_majority
3530,60003360,20,20,20,0,1.0,Closed,clear_majority
3531,60001064,20,20,20,0,1.0,Closed,clear_majority
3533,60007698,20,20,20,0,1.0,Closed,clear_majority
3537,60001648,20,20,20,0,1.0,Closed,clear_majority
3538,60004223,20,20,20,0,1.0,Closed,clear_majority
3539,60007564,20,20,17,3,0.85,Closed,clear_majority
3540,60110577,4,4,3,1,0.75,Closed,mixed
3541,60005901,20,20,20,0,1.0,Closed,clear_majority
3542,60007368,20,20,20,0,1.0,Closed,clear_majority
3543,60000276,20,20,20,0,1.0,Closed,clear_majority
3545,60004914,20,20,20,0,1.0,Closed,clear_majority
3546,60003347,20,20,20,0,1.0,Closed,clear_majority
3547,60004939,20,20,20,0,1.0,Closed,clear_majority
3551,60000636,20,20,20,0,1.0,Closed,clear_majority
3552,60004907,20,20,20,0,1.0,Closed,clear_majority
3554,60002813,20,20,20,0,1.0,Closed,clear_majority
3556,60005980,20,20,20,0,1.0,Closed,clear_majority
3557,60004930,20,20,20,0,1.0,Closed,clear_majority
3559,60004923,20,20,20,0,1.0,Closed,clear_majority
3560,60000150,20,20,19,1,0.95,Closed,clear_majority
3562,60000755,20,20,20,0,1.0,Closed,clear_majority
3564,60009112,20,20,20,0,1.0,Closed,clear_majority
3565,60001056,20,20,20,0,1.0,Closed,clear_majority
3566,60004683,20,20,20,0,1.0,Closed,clear_majority
3567,60001408,20,20,20,0,1.0,Closed,clear_majority
3568,60000881,20,20,20,0,1.0,Closed,clear_majority
3569,60012174,20,20,17,3,0.85,Closed,clear_majority
3570,60006526,20,20,20,0,1.0,Closed,clear_majority
3571,60004428,20,20,15,5,0.75,Closed,mixed
3572,60009007,20,20,20,0,1.0,Closed,clear_majority
3573,60005018,20,20,20,0,1.0,Closed,clear_majority
3574,60006263,20,20,20,0,1.0,Closed,clear_majority
3575,60009691,20,20,20,0,1.0,Closed,clear_majority
3576,60005500,20,20,20,0,1.0,Closed,clear_majority
3577,60006724,20,20,20,0,1.0,Closed,clear_majority
3578,60006810,20,20,20,0,1.0,Closed,clear_majority
3581,60007765,20,20,20,0,1.0,Closed,clear_majority
3582,60002735,20,20,19,1,0.95,Closed,clear_majority
3583,60001074,20,20,20,0,1.0,Closed,clear_majority
3584,60005475,20,20,20,0,1.0,Closed,clear_majority
3585,60007274,20,20,20,0,1.0,Closed,clear_majority
3586,60003841,20,20,20,0,1.0,Closed,clear_majority
3587,60001048,20,20,20,0,1.0,Closed,clear_majority
3588,60004940,20,20,4,16,0.2,Open,mixed
3589,60005285,20,20,20,0,1.0,Closed,clear_majority
3592,60006139,20,20,20,0,1.0,Closed,clear_majority
3593,60005804,20,20,20,0,1.0,Closed,clear_majority
3596,60009580,20,20,20,0,1.0,Closed,clear_majority
3597,60003850,20,20,20,0,1.0,Closed,clear_majority
3598,60004066,20,20,20,0,1.0,Closed,clear_majority
3599,60003851,20,20,20,0,1.0,Closed,clear_majority
3600,60004863,20,20,20,0,1.0,Closed,clear_majority
3601,60000107,19,19,11,8,0.579,Closed,mixed
3602,60001461,20,20,20,0,1.0,Closed,clear_majority
3603,60003082,20,20,20,0,1.0,Closed,clear_majority
3604,60003971,20,20,20,0,1.0,Closed,clear_majority
3605,60002553,20,20,20,0,1.0,Closed,clear_majority
3606,60002976,20,20,20,0,1.0,Closed,clear_majority
3608,60004088,20,20,20,0,1.0,Closed,clear_majority
3610,60003852,20,20,20,0,1.0,Closed,clear_majority
3611,60007332,20,20,20,0,1.0,Closed,clear_majority
3612,60011889,20,20,20,0,1.0,Closed,clear_majority
3613,60001203,20,20,20,0,1.0,Closed,clear_majority
3614,60005916,20,20,20,0,1.0,Closed,clear_majority
3617,60001576,20,20,20,0,1.0,Closed,clear_majority
3618,60003661,20,20,20,0,1.0,Closed,clear_majority
3619,60003880,20,20,20,0,1.0,Closed,clear_majority
3620,60003627,20,20,20,0,1.0,Closed,clear_majority
3621,60003881,20,20,20,0,1.0,Closed,clear_majority
3622,60003882,20,20,20,0,1.0,Closed,clear_majority
3623,60002549,20,20,20,0,1.0,Closed,clear_majority
3625,60004409,20,20,20,0,1.0,Closed,clear_majority
3626,60099686,10,10,10,0,1.0,Closed,clear_majority
3627,60003884,20,20,20,0,1.0,Closed,clear_majority
3628,60001645,20,20,17,3,0.85,Closed,clear_majority
3629,60003436,20,20,20,0,1.0,Closed,clear_majority
3632,60110570,4,4,4,0,1.0,Closed,clear_majority
3634,60003886,20,20,17,3,0.85,Closed,clear_majority
3635,60004433,17,17,17,0,1.0,Closed,clear_majority
3636,60004698,20,20,20,0,1.0,Closed,clear_majority
3638,60001013,20,20,18,2,0.9,Closed,clear_majority
3639,60003761,20,20,20,0,1.0,Closed,clear_majority
3640,60000078,20,20,20,0,1.0,Closed,clear_majority
3641,60003984,20,20,20,0,1.0,Closed,clear_majority
3642,60000557,20,20,20,0,1.0,Closed,clear_majority
3643,60004636,20,20,20,0,1.0,Closed,clear_majority
3644,60011626,20,20,20,0,1.0,Closed,clear_majority
3645,60006838,20,20,20,0,1.0,Closed,clear_majority
3650,60000001,20,20,20,0,1.0,Closed,clear_majority
3651,60005538,20,20,19,1,0.95,Closed,clear_majority
3652,60002794,20,20,20,0,1.0,Closed,clear_majority
3653,60004588,20,20,20,0,1.0,Closed,clear_majority
3654,60001637,20,20,20,0,1.0,Closed,clear_majority
3655,60004475,20,20,20,0,1.0,Closed,clear_majority
3657,60004500,20,20,20,0,1.0,Closed,clear_majority
3658,60007761,20,20,20,0,1.0,Closed,clear_majority
3659,60003441,20,20,20,0,1.0,Closed,clear_majority
3660,60000929,20,20,15,5,0.75,Closed,mixed
3661,60003330,20,20,20,0,1.0,Closed,clear_majority
3663,60000930,20,20,18,2,0.9,Closed,clear_majority
3664,60003512,20,20,20,0,1.0,Closed,clear_majority
3666,60009689,20,20,20,0,1.0,Closed,clear_majority
3667,60007208,20,20,20,0,1.0,Closed,clear_majority
3669,60006424,20,20,20,0,1.0,Closed,clear_majority
3670,60003513,20,20,20,0,1.0,Closed,clear_majority
3671,60004964,20,20,15,5,0.75,Closed,mixed
3672,60007449,20,20,20,0,1.0,Closed,clear_majority
3674,60018742,3,3,3,0,1.0,Closed,clear_majority
3675,60001738,20,20,20,0,1.0,Closed,clear_majority
3676,60011471,20,20,20,0,1.0,Closed,clear_majority
3678,60003772,20,20,20,0,1.0,Closed,clear_majority
3679,60003970,20,20,20,0,1.0,Closed,clear_majority
3681,60006451,20,20,20,0,1.0,Closed,clear_majority
3682,60007768,20,20,20,0,1.0,Closed,clear_majority
3683,60006625,20,20,20,0,1.0,Closed,clear_majority
3684,60004895,20,20,20,0,1.0,Closed,clear_majority
3685,60005828,20,20,19,1,0.95,Closed,clear_majority
3686,60004669,20,20,20,0,1.0,Closed,clear_majority
3688,60003787,20,20,20,0,1.0,Closed,clear_majority
3690,60003531,20,20,20,0,1.0,Closed,clear_majority
3691,60007890,20,20,20,0,1.0,Closed,clear_majority
3692,60001764,20,20,20,0,1.0,Closed,clear_majority
3694,60002099,20,20,20,0,1.0,Closed,clear_majority
3696,60001546,20,20,20,0,1.0,Closed,clear_majority
3697,60005442,20,20,20,0,1.0,Closed,clear_majority
3698,60006002,20,20,20,0,1.0,Closed,clear_majority
3699,60000575,20,20,18,2,0.9,Closed,clear_majority
3700,60006710,20,20,20,0,1.0,Closed,clear_majority
3702,60004916,20,20,16,4,0.8,Closed,mixed
3703,60008025,20,20,20,0,1.0,Closed,clear_majority
3704,60003151,20,20,20,0,1.0,Closed,clear_majority
3705,60092468,0,0,0,0,,,no_pto_data
3708,60002749,20,20,20,0,1.0,Closed,clear_majority
3709,60002509,20,20,20,0,1.0,Closed,clear_majority
3710,60003590,20,20,20,0,1.0,Closed,clear_majority
3711,60003888,20,20,19,1,0.95,Closed,clear_majority
3716,60001634,20,20,17,3,0.85,Closed,clear_majority
3718,60007362,20,20,20,0,1.0,Closed,clear_majority
3719,60003889,20,20,19,1,0.95,Closed,clear_majority
3720,60003890,20,20,20,0,1.0,Closed,clear_majority
3722,60011914,20,20,20,0,1.0,Closed,clear_majority
3723,60006528,20,20,20,0,1.0,Closed,clear_majority
3724,60006243,20,20,20,0,1.0,Closed,clear_majority
3725,60003891,20,20,20,0,1.0,Closed,clear_majority
3726,60004656,20,20,20,0,1.0,Closed,clear_majority
3727,60005181,20,20,20,0,1.0,Closed,clear_majority
3728,60004069,20,20,20,0,1.0,Closed,clear_majority
3729,60001260,20,20,20,0,1.0,Closed,clear_majority
3730,60004952,20,20,20,0,1.0,Closed,clear_majority
3732,60003523,20,20,20,0,1.0,Closed,clear_majority
3734,60003245,3,3,3,0,1.0,Closed,clear_majority
3736,60004193,20,20,20,0,1.0,Closed,clear_majority
3737,60004654,20,20,20,0,1.0,Closed,clear_majority
3739,60008661,20,20,15,5,0.75,Closed,mixed
3740,60006262,20,20,20,0,1.0,Closed,clear_majority
3743,60005284,20,20,17,3,0.85,Closed,clear_majority
3744,60003150,20,20,20,0,1.0,Closed,clear_majority
3746,60004866,20,20,20,0,1.0,Closed,clear_majority
3751,60006864,20,20,20,0,1.0,Closed,clear_majority
3754,60001567,20,20,19,1,0.95,Closed,clear_majority
3755,60000510,20,20,20,0,1.0,Closed,clear_majority
3756,60006188,20,20,19,1,0.95,Closed,clear_majority
3757,60001640,20,20,20,0,1.0,Closed,clear_majority
3758,60004598,20,20,19,1,0.95,Closed,clear_majority
3759,60002649,20,20,20,0,1.0,Closed,clear_majority
3760,60000334,20,20,20,0,1.0,Closed,clear_majority
3761,60001550,20,20,20,0,1.0,Closed,clear_majority
3762,60006021,20,20,20,0,1.0,Closed,clear_majority
3763,60004451,20,20,15,5,0.75,Closed,mixed
3766,60005498,20,20,20,0,1.0,Closed,clear_majority
3767,60003854,20,20,20,0,1.0,Closed,clear_majority
3769,60005288,20,20,20,0,1.0,Closed,clear_majority
3770,60006741,20,20,20,0,1.0,Closed,clear_majority
3773,60092474,0,0,0,0,,,no_pto_data
3774,60003533,20,20,20,0,1.0,Closed,clear_majority
3775,60003994,20,20,20,0,1.0,Closed,clear_majority
3776,60003855,20,20,20,0,1.0,Closed,clear_majority
3777,60006867,20,20,20,0,1.0,Closed,clear_majority
3778,60003836,20,20,20,0,1.0,Closed,clear_majority
3779,60003085,20,20,20,0,1.0,Closed,clear_majority
3780,60006706,20,20,20,0,1.0,Closed,clear_majority
3781,60003840,20,20,20,0,1.0,Closed,clear_majority
3782,60009160,20,20,20,0,1.0,Closed,clear_majority
3783,60003086,20,20,20,0,1.0,Closed,clear_majority
3784,60009578,20,20,20,0,1.0,Closed,clear_majority
3785,60003856,20,20,19,1,0.95,Closed,clear_majority
3786,60006740,20,20,20,0,1.0,Closed,clear_majority
3787,60004102,20,20,20,0,1.0,Closed,clear_majority
3789,60002510,20,20,20,0,1.0,Closed,clear_majority
3790,60003892,20,20,19,1,0.95,Closed,clear_majority
3792,60009529,20,20,20,0,1.0,Closed,clear_majority
3793,60001755,20,20,20,0,1.0,Closed,clear_majority
3794,60005104,20,20,20,0,1.0,Closed,clear_majority
3795,60005180,20,20,20,0,1.0,Closed,clear_majority
3799,60003894,20,20,20,0,1.0,Closed,clear_majority
3800,60001441,20,20,20,0,1.0,Closed,clear_majority
3803,60005497,20,20,20,0,1.0,Closed,clear_majority
3804,60003895,20,20,20,0,1.0,Closed,clear_majority
3805,60003896,20,20,20,0,1.0,Closed,clear_majority
3806,60003901,20,20,20,0,1.0,Closed,clear_majority
3807,60001189,20,20,20,0,1.0,Closed,clear_majority
3808,60001757,20,20,20,0,1.0,Closed,clear_majority
3809,60008112,20,20,14,6,0.7,Closed,mixed
3813,60074336,3,3,3,0,1.0,Closed,clear_majority
3817,60004932,20,20,20,0,1.0,Closed,clear_majority
3821,60009130,20,20,20,0,1.0,Closed,clear_majority
3823,60003326,20,20,20,0,1.0,Closed,clear_majority
3824,60009090,20,20,16,4,0.8,Closed,mixed
3825,60005490,20,20,20,0,1.0,Closed,clear_majority
3826,60001602,20,20,15,5,0.75,Closed,mixed
3828,60001748,20,20,20,0,1.0,Closed,clear_majority
3830,60004867,20,20,20,0,1.0,Closed,clear_majority
3831,60001235,20,20,19,1,0.95,Closed,clear_majority
3833,60004771,20,20,20,0,1.0,Closed,clear_majority
3834,60007209,20,20,19,1,0.95,Closed,clear_majority
3835,60005462,20,20,20,0,1.0,Closed,clear_majority
3836,60005485,20,20,19,1,0.95,Closed,clear_majority
3840,60004076,20,20,20,0,1.0,Closed,clear_majority
3844,60006723,20,20,20,0,1.0,Closed,clear_majority
3845,60003635,20,20,20,0,1.0,Closed,clear_majority
3846,60000420,20,20,20,0,1.0,Closed,clear_majority
3847,60011915,20,20,20,0,1.0,Closed,clear_majority
3848,60000552,20,20,20,0,1.0,Closed,clear_majority
3849,60012870,20,20,20,0,1.0,Closed,clear_majority
3850,60001773,20,20,20,0,1.0,Closed,clear_majority
3851,60002926,20,20,20,0,1.0,Closed,clear_majority
3852,60001569,20,20,20,0,1.0,Closed,clear_majority
3853,60004738,20,20,20,0,1.0,Closed,clear_majority
3855,60001685,20,20,20,0,1.0,Closed,clear_majority
3857,60001088,20,20,19,1,0.95,Closed,clear_majority
3858,60000291,20,20,20,0,1.0,Closed,clear_majority
3859,60000614,20,20,20,0,1.0,Closed,clear_majority
3861,60004420,20,20,20,0,1.0,Closed,clear_majority
3862,60007699,20,20,20,0,1.0,Closed,clear_majority
3864,60001527,20,20,20,0,1.0,Closed,clear_majority
3866,60005201,20,20,20,0,1.0,Closed,clear_majority
3869,60006012,20,20,20,0,1.0,Closed,clear_majority
3870,60000937,20,20,20,0,1.0,Closed,clear_majority
3873,60001087,20,20,20,0,1.0,Closed,clear_majority
3875,60007736,20,20,20,0,1.0,Closed,clear_majority
3876,60000070,20,20,20,0,1.0,Closed,clear_majority
3878,60001539,20,20,20,0,1.0,Closed,clear_majority
3879,60011890,20,20,20,0,1.0,Closed,clear_majority
3880,60003857,20,20,20,0,1.0,Closed,clear_majority
3881,60002082,20,20,18,2,0.9,Closed,clear_majority
3882,60004297,20,20,20,0,1.0,Closed,clear_majority
3883,60003861,20,20,20,0,1.0,Closed,clear_majority
3884,60003706,20,20,20,0,1.0,Closed,clear_majority
3885,60002211,20,20,20,0,1.0,Closed,clear_majority
3886,60009068,20,20,20,0,1.0,Closed,clear_majority
3887,60001599,20,20,18,2,0.9,Closed,clear_majority
3888,60003904,20,20,20,0,1.0,Closed,clear_majority
3889,60008129,20,20,20,0,1.0,Closed,clear_majority
3890,60005360,20,20,20,0,1.0,Closed,clear_majority
3891,60003908,20,20,20,0,1.0,Closed,clear_majority
3892,60001460,10,10,10,0,1.0,Closed,clear_majority
3895,60004623,17,17,17,0,1.0,Closed,clear_majority
3896,60007774,20,20,14,6,0.7,Closed,mixed
3897,60006979,20,20,20,0,1.0,Closed,clear_majority
3898,60005163,20,20,20,0,1.0,Closed,clear_majority
3899,60006195,20,20,20,0,1.0,Closed,clear_majority
3900,60003802,20,20,20,0,1.0,Closed,clear_majority
3901,60003912,20,20,20,0,1.0,Closed,clear_majority
3904,60001082,20,20,20,0,1.0,Closed,clear_majority
3906,60005075,20,20,20,0,1.0,Closed,clear_majority
3907,60004020,20,20,15,5,0.75,Closed,mixed
3908,60003914,20,20,20,0,1.0,Closed,clear_majority
3909,60002915,20,20,20,0,1.0,Closed,clear_majority
3910,60002296,20,20,20,0,1.0,Closed,clear_majority
3912,60001068,20,20,20,0,1.0,Closed,clear_majority
3913,60003433,20,20,20,0,1.0,Closed,clear_majority
3916,60012130,20,20,20,0,1.0,Closed,clear_majority
3920,60004419,20,20,20,0,1.0,Closed,clear_majority
3921,60007305,20,20,19,1,0.95,Closed,clear_majority
3923,60005482,20,20,20,0,1.0,Closed,clear_majority
3924,60005437,20,20,20,0,1.0,Closed,clear_majority
3925,60004413,20,20,20,0,1.0,Closed,clear_majority
3926,60005167,20,20,18,2,0.9,Closed,clear_majority
3928,60004997,20,20,20,0,1.0,Closed,clear_majority
3929,60001033,20,20,19,1,0.95,Closed,clear_majority
3931,60006254,20,20,20,0,1.0,Closed,clear_majority
3932,60005771,20,20,20,0,1.0,Closed,clear_majority
3934,60005378,20,20,20,0,1.0,Closed,clear_majority
3935,60005707,20,20,20,0,1.0,Closed,clear_majority
3936,60003711,20,20,20,0,1.0,Closed,clear_majority
3937,60000411,20,20,20,0,1.0,Closed,clear_majority
3938,60006763,20,20,20,0,1.0,Closed,clear_majority
3939,60002539,20,20,20,0,1.0,Closed,clear_majority
3940,60002650,20,20,20,0,1.0,Closed,clear_majority
3941,60007670,20,20,20,0,1.0,Closed,clear_majority
3942,60000570,20,20,20,0,1.0,Closed,clear_majority
3943,60011885,20,20,20,0,1.0,Closed,clear_majority
3944,60003982,20,20,20,0,1.0,Closed,clear_majority
3945,60001002,20,20,20,0,1.0,Closed,clear_majority
3947,60009569,20,20,20,0,1.0,Closed,clear_majority
3948,60003356,20,20,20,0,1.0,Closed,clear_majority
3949,60000264,20,20,20,0,1.0,Closed,clear_majority
3951,60006782,20,20,20,0,1.0,Closed,clear_majority
3952,60000496,20,20,20,0,1.0,Closed,clear_majority
3955,60007220,20,20,20,0,1.0,Closed,clear_majority
3956,60005947,20,20,20,0,1.0,Closed,clear_majority
3957,60002977,20,20,20,0,1.0,Closed,clear_majority
3958,60006989,20,20,20,0,1.0,Closed,clear_majority
3959,60006652,20,20,20,0,1.0,Closed,clear_majority
3960,60006990,20,20,20,0,1.0,Closed,clear_majority
3961,60011555,20,20,20,0,1.0,Closed,clear_majority
3962,60001151,20,20,19,1,0.95,Closed,clear_majority
3964,60004296,20,20,20,0,1.0,Closed,clear_majority
3965,60007004,20,20,20,0,1.0,Closed,clear_majority
3966,60007284,20,20,20,0,1.0,Closed,clear_majority
3967,60005263,20,20,20,0,1.0,Closed,clear_majority
3968,60007005,20,20,20,0,1.0,Closed,clear_majority
3969,60011617,20,20,20,0,1.0,Closed,clear_majority
3970,60009679,20,20,20,0,1.0,Closed,clear_majority
3971,60007024,20,20,20,0,1.0,Closed,clear_majority
3972,60007006,20,20,20,0,1.0,Closed,clear_majority
3973,60004307,20,20,20,0,1.0,Closed,clear_majority
3975,60000523,20,20,20,0,1.0,Closed,clear_majority
3976,60005320,20,20,20,0,1.0,Closed,clear_majority
3977,60007049,20,20,20,0,1.0,Closed,clear_majority
3978,60007065,20,20,20,0,1.0,Closed,clear_majority
3979,60007068,20,20,20,0,1.0,Closed,clear_majority
3981,60002777,20,20,20,0,1.0,Closed,clear_majority
3982,60001697,20,20,20,0,1.0,Closed,clear_majority
3983,60007819,20,20,20,0,1.0,Closed,clear_majority
3985,60007686,20,20,20,0,1.0,Closed,clear_majority
3987,60009052,3,3,3,0,1.0,Closed,clear_majority
3988,60008947,20,20,20,0,1.0,Closed,clear_majority
3991,60006708,20,20,19,1,0.95,Closed,clear_majority
3992,60003215,20,20,20,0,1.0,Closed,clear_majority
3993,60006750,20,20,20,0,1.0,Closed,clear_majority
3995,60005656,20,20,20,0,1.0,Closed,clear_majority
3998,60004515,20,20,20,0,1.0,Closed,clear_majority
3999,60000040,20,20,20,0,1.0,Closed,clear_majority
4000,60004927,20,20,20,0,1.0,Closed,clear_majority
4002,60003595,20,20,20,0,1.0,Closed,clear_majority
4004,60003497,20,20,20,0,1.0,Closed,clear_majority
4006,60004558,20,20,20,0,1.0,Closed,clear_majority
4007,60001881,20,20,20,0,1.0,Closed,clear_majority
4008,60001590,20,20,20,0,1.0,Closed,clear_majority
4010,60004911,20,20,20,0,1.0,Closed,clear_majority
4011,60001521,20,20,20,0,1.0,Closed,clear_majority
4012,60010249,20,20,20,0,1.0,Closed,clear_majority
4013,60003174,20,20,18,2,0.9,Closed,clear_majority
4014,60009168,20,20,20,0,1.0,Closed,clear_majority
4016,60003361,20,20,20,0,1.0,Closed,clear_majority
4018,60004281,20,20,20,0,1.0,Closed,clear_majority
4020,60007746,20,20,20,0,1.0,Closed,clear_majority
4021,60000230,16,16,16,0,1.0,Closed,clear_majority
4022,60000061,20,20,20,0,1.0,Closed,clear_majority
4024,60008662,20,20,16,4,0.8,Closed,mixed
4025,60009597,20,20,20,0,1.0,Closed,clear_majority
4026,60010918,20,20,20,0,1.0,Closed,clear_majority
4027,60006892,20,20,20,0,1.0,Closed,clear_majority
4028,60007113,20,20,20,0,1.0,Closed,clear_majority
4031,60001009,20,20,20,0,1.0,Closed,clear_majority
4032,60001605,20,20,20,0,1.0,Closed,clear_majority
4033,60001459,19,19,19,0,1.0,Closed,clear_majority
4034,60001587,20,20,20,0,1.0,Closed,clear_majority
4035,60007104,20,20,20,0,1.0,Closed,clear_majority
4037,60007173,20,20,20,0,1.0,Closed,clear_majority
4038,60003662,20,20,20,0,1.0,Closed,clear_majority
4039,60007175,20,20,20,0,1.0,Closed,clear_majority
4041,60007221,20,20,20,0,1.0,Closed,clear_majority
4042,60007222,20,20,20,0,1.0,Closed,clear_majority
4043,60007227,20,20,20,0,1.0,Closed,clear_majority
4044,60002548,20,20,20,0,1.0,Closed,clear_majority
4045,60007230,20,20,20,0,1.0,Closed,clear_majority
4046,60003272,20,20,19,1,0.95,Closed,clear_majority
4047,60010128,20,20,20,0,1.0,Closed,clear_majority
4048,60009431,20,20,20,0,1.0,Closed,clear_majority
4049,60004905,20,20,20,0,1.0,Closed,clear_majority
4051,60007267,20,20,20,0,1.0,Closed,clear_majority
4052,60007268,20,20,20,0,1.0,Closed,clear_majority
4053,60009048,18,18,17,1,0.944,Closed,clear_majority
4055,60001560,20,20,20,0,1.0,Closed,clear_majority
4057,60005308,20,20,7,13,0.35,Open,mixed
4058,60002641,20,20,20,0,1.0,Closed,clear_majority
4059,60007406,20,20,20,0,1.0,Closed,clear_majority
4060,60007000,20,20,20,0,1.0,Closed,clear_majority
4062,60005359,20,20,20,0,1.0,Closed,clear_majority
4063,60001428,20,20,17,3,0.85,Closed,clear_majority
4064,60003343,20,20,20,0,1.0,Closed,clear_majority
4065,60007797,20,20,20,0,1.0,Closed,clear_majority
4067,60007450,20,20,18,2,0.9,Closed,clear_majority
4068,60094859,19,19,19,0,1.0,Closed,clear_majority
4070,60005524,20,20,20,0,1.0,Closed,clear_majority
4073,60006363,18,18,18,0,1.0,Closed,clear_majority
4074,60011658,20,20,20,0,1.0,Closed,clear_majority
4075,60000663,16,16,16,0,1.0,Closed,clear_majority
4077,60005576,20,20,20,0,1.0,Closed,clear_majority
4079,60000490,20,20,20,0,1.0,Closed,clear_majority
4081,60002533,15,15,15,0,1.0,Closed,clear_majority
4082,60001124,20,20,20,0,1.0,Closed,clear_majority
4083,60001424,20,20,20,0,1.0,Closed,clear_majority
4085,60011958,20,20,20,0,1.0,Closed,clear_majority
4087,60006926,20,20,20,0,1.0,Closed,clear_majority
4088,60007297,20,20,20,0,1.0,Closed,clear_majority
4090,60006660,19,19,19,0,1.0,Closed,clear_majority
4091,60006555,20,20,20,0,1.0,Closed,clear_majority
4092,60000412,20,20,20,0,1.0,Closed,clear_majority
4094,60007645,20,20,20,0,1.0,Closed,clear_majority
4095,60002598,20,20,20,0,1.0,Closed,clear_majority
4096,60006320,20,20,20,0,1.0,Closed,clear_majority
4097,60007303,20,20,20,0,1.0,Closed,clear_majority
4100,60005179,20,20,20,0,1.0,Closed,clear_majority
4101,60006421,20,20,20,0,1.0,Closed,clear_majority
4102,60004473,20,20,20,0,1.0,Closed,clear_majority
4103,60007394,20,20,20,0,1.0,Closed,clear_majority
4104,60004904,20,20,20,0,1.0,Closed,clear_majority
4105,60000571,20,20,20,0,1.0,Closed,clear_majority
4107,60000977,20,20,20,0,1.0,Closed,clear_majority
4108,60004887,20,20,20,0,1.0,Closed,clear_majority
4109,60006450,20,20,20,0,1.0,Closed,clear_majority
4110,60004257,20,20,20,0,1.0,Closed,clear_majority
4111,60008083,20,20,20,0,1.0,Closed,clear_majority
4113,60007269,20,20,20,0,1.0,Closed,clear_majority
4114,60007273,20,20,20,0,1.0,Closed,clear_majority
4116,60007276,20,20,20,0,1.0,Closed,clear_majority
4117,60007321,20,20,20,0,1.0,Closed,clear_majority
4118,60007322,20,20,20,0,1.0,Closed,clear_majority
4119,60004687,20,20,20,0,1.0,Closed,clear_majority
4120,60004965,20,20,20,0,1.0,Closed,clear_majority
4121,60006338,20,20,20,0,1.0,Closed,clear_majority
4122,60017558,0,0,0,0,,,no_pto_data
4123,60005016,20,20,20,0,1.0,Closed,clear_majority
4124,60007323,20,20,20,0,1.0,Closed,clear_majority
4125,60003717,20,20,20,0,1.0,Closed,clear_majority
4126,60005079,20,20,20,0,1.0,Closed,clear_majority
4127,60005374,20,20,20,0,1.0,Closed,clear_majority
4128,60003444,20,20,20,0,1.0,Closed,clear_majority
4129,60007324,20,20,18,2,0.9,Closed,clear_majority
4131,60001483,3,3,3,0,1.0,Closed,clear_majority
4132,60001034,20,20,20,0,1.0,Closed,clear_majority
4136,60007894,20,20,20,0,1.0,Closed,clear_majority
4137,60002986,20,20,20,0,1.0,Closed,clear_majority
4138,60007325,20,20,20,0,1.0,Closed,clear_majority
4139,60007326,20,20,20,0,1.0,Closed,clear_majority
4140,60006564,20,20,20,0,1.0,Closed,clear_majority
4141,60000917,20,20,20,0,1.0,Closed,clear_majority
4142,60003339,20,20,20,0,1.0,Closed,clear_majority
4143,60002436,20,20,20,0,1.0,Closed,clear_majority
4145,60005190,20,20,19,1,0.95,Closed,clear_majority
4147,60001353,20,20,19,1,0.95,Closed,clear_majority
4148,60001432,20,20,19,1,0.95,Closed,clear_majority
4149,60004504,20,20,20,0,1.0,Closed,clear_majority
4150,60004708,20,20,19,1,0.95,Closed,clear_majority
4151,60003262,20,20,20,0,1.0,Closed,clear_majority
4152,60005011,20,20,19,1,0.95,Closed,clear_majority
4153,60001551,20,20,19,1,0.95,Closed,clear_majority
4154,60006480,20,20,10,10,0.5,Closed,mixed
4156,60006556,20,20,20,0,1.0,Closed,clear_majority
4157,60005125,20,20,20,0,1.0,Closed,clear_majority
4158,60006590,20,20,20,0,1.0,Closed,clear_majority
4159,60011527,20,20,20,0,1.0,Closed,clear_majority
4160,60004889,20,20,20,0,1.0,Closed,clear_majority
4166,60006984,20,20,20,0,1.0,Closed,clear_majority
4168,60001565,20,20,20,0,1.0,Closed,clear_majority
4169,60000942,20,20,17,3,0.85,Closed,clear_majority
4170,60001894,20,20,20,0,1.0,Closed,clear_majority
4171,60007793,20,20,20,0,1.0,Closed,clear_majority
4172,60001795,20,20,20,0,1.0,Closed,clear_majority
4173,60002965,20,20,20,0,1.0,Closed,clear_majority
4174,60007119,20,20,20,0,1.0,Closed,clear_majority
4175,60002577,20,20,18,2,0.9,Closed,clear_majority
4176,60006096,20,20,11,9,0.55,Closed,mixed
4178,60004926,20,20,20,0,1.0,Closed,clear_majority
4179,60005550,19,19,19,0,1.0,Closed,clear_majority
4180,60009030,20,20,20,0,1.0,Closed,clear_majority
4181,60003746,20,20,20,0,1.0,Closed,clear_majority
4182,60006977,20,20,20,0,1.0,Closed,clear_majority
4183,60002809,20,20,20,0,1.0,Closed,clear_majority
4184,60006045,20,20,20,0,1.0,Closed,clear_majority
4185,60007595,20,20,20,0,1.0,Closed,clear_majority
4187,60000493,20,20,20,0,1.0,Closed,clear_majority
4188,60002616,20,20,20,0,1.0,Closed,clear_majority
4189,60001532,20,20,20,0,1.0,Closed,clear_majority
4190,60007903,19,19,19,0,1.0,Closed,clear_majority
4191,60006610,20,20,20,0,1.0,Closed,clear_majority
4192,60007411,20,20,20,0,1.0,Closed,clear_majority
4194,60093143,20,20,20,0,1.0,Closed,clear_majority
4195,60005760,20,20,20,0,1.0,Closed,clear_majority
4196,60004616,20,20,20,0,1.0,Closed,clear_majority
4197,60003437,20,20,20,0,1.0,Closed,clear_majority
4198,60001556,20,20,20,0,1.0,Closed,clear_majority
4199,60000956,20,20,20,0,1.0,Closed,clear_majority
4200,60006780,20,20,20,0,1.0,Closed,clear_majority
4201,60003744,20,20,20,0,1.0,Closed,clear_majority
4202,60007226,20,20,20,0,1.0,Closed,clear_majority
4203,60004300,20,20,20,0,1.0,Closed,clear_majority
4204,60002576,20,20,20,0,1.0,Closed,clear_majority
4205,60005389,20,20,20,0,1.0,Closed,clear_majority
4207,60011882,20,20,20,0,1.0,Closed,clear_majority
4210,60011884,20,20,20,0,1.0,Closed,clear_majority
4211,60007327,20,20,20,0,1.0,Closed,clear_majority
4212,60007328,20,20,20,0,1.0,Closed,clear_majority
4213,60007382,20,20,20,0,1.0,Closed,clear_majority
4215,60007383,20,20,20,0,1.0,Closed,clear_majority
4216,60007386,20,20,20,0,1.0,Closed,clear_majority
4217,60001472,20,20,19,1,0.95,Closed,clear_majority
4218,60003304,20,20,19,1,0.95,Closed,clear_majority
4219,60004474,20,20,20,0,1.0,Closed,clear_majority
4220,60004578,20,20,20,0,1.0,Closed,clear_majority
4221,60002421,20,20,20,0,1.0,Closed,clear_majority
4222,60001880,20,20,20,0,1.0,Closed,clear_majority
4224,60007668,20,20,20,0,1.0,Closed,clear_majority
4225,60003771,20,20,20,0,1.0,Closed,clear_majority
4227,60006605,20,20,20,0,1.0,Closed,clear_majority
4229,60007412,20,20,20,0,1.0,Closed,clear_majority
4230,60007413,20,20,20,0,1.0,Closed,clear_majority
4231,60004123,20,20,20,0,1.0,Closed,clear_majority
4232,60007414,20,20,20,0,1.0,Closed,clear_majority
4233,60006087,20,20,20,0,1.0,Closed,clear_majority
4235,60005257,20,20,20,0,1.0,Closed,clear_majority
4237,60001841,20,20,16,4,0.8,Closed,mixed
4238,60005575,20,20,20,0,1.0,Closed,clear_majority
4239,60002798,20,20,16,4,0.8,Closed,mixed
4240,60001658,20,20,15,5,0.75,Closed,mixed
4241,60003582,20,20,20,0,1.0,Closed,clear_majority
4243,60003722,20,20,20,0,1.0,Closed,clear_majority
4244,60001504,20,20,20,0,1.0,Closed,clear_majority
4245,60095270,18,18,16,2,0.889,Closed,clear_majority
4246,60005057,20,20,20,0,1.0,Closed,clear_majority
4248,60004938,20,20,20,0,1.0,Closed,clear_majority
4249,60004581,20,20,20,0,1.0,Closed,clear_majority
4250,60003589,20,20,20,0,1.0,Closed,clear_majority
4251,60006779,20,20,20,0,1.0,Closed,clear_majority
4252,60004172,20,20,20,0,1.0,Closed,clear_majority
4254,60006141,20,20,20,0,1.0,Closed,clear_majority
4255,60005404,20,20,20,0,1.0,Closed,clear_majority
4257,60000706,20,20,20,0,1.0,Closed,clear_majority
4258,60006143,20,20,20,0,1.0,Closed,clear_majority
4260,60006440,20,20,20,0,1.0,Closed,clear_majority
4262,60002725,20,20,20,0,1.0,Closed,clear_majority
4263,60005488,20,20,20,0,1.0,Closed,clear_majority
4264,60007277,20,20,20,0,1.0,Closed,clear_majority
4265,60005410,20,20,20,0,1.0,Closed,clear_majority
4266,60004903,20,20,20,0,1.0,Closed,clear_majority
4267,60001070,20,20,20,0,1.0,Closed,clear_majority
4268,60002947,20,20,20,0,1.0,Closed,clear_majority
4269,60006242,20,20,20,0,1.0,Closed,clear_majority
4270,60001381,20,20,20,0,1.0,Closed,clear_majority
4271,60000649,20,20,20,0,1.0,Closed,clear_majority
4273,60001684,20,20,20,0,1.0,Closed,clear_majority
4274,60007314,20,20,20,0,1.0,Closed,clear_majority
4275,60011477,20,20,20,0,1.0,Closed,clear_majority
4277,60000948,20,20,20,0,1.0,Closed,clear_majority
4278,60003247,20,20,20,0,1.0,Closed,clear_majority
4279,60002544,20,20,20,0,1.0,Closed,clear_majority
4280,60007646,20,20,20,0,1.0,Closed,clear_majority
4281,60001510,20,20,20,0,1.0,Closed,clear_majority
4283,60002520,20,20,20,0,1.0,Closed,clear_majority
4284,60000975,20,20,20,0,1.0,Closed,clear_majority
4285,60002531,20,20,18,2,0.9,Closed,clear_majority
4286,60000464,20,20,20,0,1.0,Closed,clear_majority
4287,60006235,20,20,20,0,1.0,Closed,clear_majority
4288,60003621,20,20,20,0,1.0,Closed,clear_majority
4289,60008654,20,20,18,2,0.9,Closed,clear_majority
4291,60006213,20,20,20,0,1.0,Closed,clear_majority
4292,60001799,20,20,20,0,1.0,Closed,clear_majority
4293,60009024,20,20,20,0,1.0,Closed,clear_majority
4294,60003074,20,20,20,0,1.0,Closed,clear_majority
4296,60005265,20,20,20,0,1.0,Closed,clear_majority
4298,60002295,20,20,20,0,1.0,Closed,clear_majority
4299,60000430,20,20,19,1,0.95,Closed,clear_majority
4300,60007415,20,20,20,0,1.0,Closed,clear_majority
4301,60007416,20,20,20,0,1.0,Closed,clear_majority
4302,60007417,20,20,20,0,1.0,Closed,clear_majority
4303,60000198,20,20,20,0,1.0,Closed,clear_majority
4304,60000971,20,20,19,1,0.95,Closed,clear_majority
4305,60007637,20,20,20,0,1.0,Closed,clear_majority
4306,60007638,20,20,20,0,1.0,Closed,clear_majority
4307,60007493,20,20,20,0,1.0,Closed,clear_majority
4308,60007516,20,20,19,1,0.95,Closed,clear_majority
4309,60005946,20,20,20,0,1.0,Closed,clear_majority
4310,60008362,20,20,18,2,0.9,Closed,clear_majority
4311,60001377,20,20,20,0,1.0,Closed,clear_majority
4313,60004906,20,20,20,0,1.0,Closed,clear_majority
4314,60007757,20,20,20,0,1.0,Closed,clear_majority
4315,60088853,20,20,20,0,1.0,Closed,clear_majority
4316,60007816,20,20,20,0,1.0,Closed,clear_majority
4317,60000237,18,18,18,0,1.0,Closed,clear_majority
4318,60007817,20,20,20,0,1.0,Closed,clear_majority
4319,60006659,20,20,20,0,1.0,Closed,clear_majority
4322,60001067,20,20,20,0,1.0,Closed,clear_majority
4323,60001604,20,20,20,0,1.0,Closed,clear_majority
4325,60001396,20,20,20,0,1.0,Closed,clear_majority
4326,60004915,20,20,16,4,0.8,Closed,mixed
4328,60006986,20,20,20,0,1.0,Closed,clear_majority
4329,60004949,20,20,20,0,1.0,Closed,clear_majority
4330,60001342,20,20,20,0,1.0,Closed,clear_majority
4331,60007654,20,20,20,0,1.0,Closed,clear_majority
4332,60006624,20,20,20,0,1.0,Closed,clear_majority
4334,60001011,20,20,20,0,1.0,Closed,clear_majority
4335,60110578,4,4,0,4,0.0,Open,clear_majority
4339,60003481,20,20,20,0,1.0,Closed,clear_majority
4340,60001552,20,20,20,0,1.0,Closed,clear_majority
4341,60009687,20,20,20,0,1.0,Closed,clear_majority
4342,60001895,20,20,20,0,1.0,Closed,clear_majority
4343,60007796,20,20,20,0,1.0,Closed,clear_majority
4344,60004609,20,20,20,0,1.0,Closed,clear_majority
4347,60005664,20,20,20,0,1.0,Closed,clear_majority
4348,60006305,20,20,20,0,1.0,Closed,clear_majority
4349,60004919,20,20,20,0,1.0,Closed,clear_majority
4350,60004285,20,20,20,0,1.0,Closed,clear_majority
4351,60001060,20,20,20,0,1.0,Closed,clear_majority
4352,60003719,20,20,20,0,1.0,Closed,clear_majority
4353,60001042,20,20,20,0,1.0,Closed,clear_majority
4354,60000268,20,20,20,0,1.0,Closed,clear_majority
4355,60005859,20,20,20,0,1.0,Closed,clear_majority
4356,60006749,20,20,20,0,1.0,Closed,clear_majority
4357,60007134,20,20,20,0,1.0,Closed,clear_majority
4359,60007099,20,20,20,0,1.0,Closed,clear_majority
4360,60002514,20,20,20,0,1.0,Closed,clear_majority
4361,60008364,20,20,20,0,1.0,Closed,clear_majority
4363,60004699,20,20,20,0,1.0,Closed,clear_majority
4364,60003026,20,20,20,0,1.0,Closed,clear_majority
4366,60003362,20,20,20,0,1.0,Closed,clear_majority
4367,60000960,20,20,18,2,0.9,Closed,clear_majority
4368,60007082,20,20,20,0,1.0,Closed,clear_majority
4369,60004330,17,17,17,0,1.0,Closed,clear_majority
4371,60001084,20,20,20,0,1.0,Closed,clear_majority
4374,60004536,20,20,20,0,1.0,Closed,clear_majority
4375,60004553,20,20,20,0,1.0,Closed,clear_majority
4377,60005278,20,20,20,0,1.0,Closed,clear_majority
4378,60006766,20,20,20,0,1.0,Closed,clear_majority
4380,60011268,20,20,20,0,1.0,Closed,clear_majority
4381,60004876,20,20,19,1,0.95,Closed,clear_majority
4382,60000215,20,20,20,0,1.0,Closed,clear_majority
4383,60004286,20,20,20,0,1.0,Closed,clear_majority
4384,60004264,20,20,20,0,1.0,Closed,clear_majority
4386,60000362,20,20,20,0,1.0,Closed,clear_majority
4388,60007820,20,20,20,0,1.0,Closed,clear_majority
4389,60007823,20,20,20,0,1.0,Closed,clear_majority
4391,60007836,20,20,20,0,1.0,Closed,clear_majority
4392,60003233,20,20,20,0,1.0,Closed,clear_majority
4393,60005577,20,20,20,0,1.0,Closed,clear_majority
4394,60007837,20,20,20,0,1.0,Closed,clear_majority
4396,60007859,20,20,20,0,1.0,Closed,clear_majority
4397,60007862,20,20,20,0,1.0,Closed,clear_majority
4402,60004427,20,20,20,0,1.0,Closed,clear_majority
4403,60000405,20,20,20,0,1.0,Closed,clear_majority
4405,60007882,20,20,20,0,1.0,Closed,clear_majority
4406,60011002,20,20,20,0,1.0,Closed,clear_majority
4407,60006244,18,18,18,0,1.0,Closed,clear_majority
4409,60004886,20,20,20,0,1.0,Closed,clear_majority
4412,60000919,20,20,20,0,1.0,Closed,clear_majority
4413,60001018,20,20,20,0,1.0,Closed,clear_majority
4414,60012176,20,20,20,0,1.0,Closed,clear_majority
4415,60002085,20,20,20,0,1.0,Closed,clear_majority
4416,60004483,20,20,20,0,1.0,Closed,clear_majority
4418,60006573,20,20,20,0,1.0,Closed,clear_majority
4419,60011921,20,20,20,0,1.0,Closed,clear_majority
4420,60004896,20,20,20,0,1.0,Closed,clear_majority
4421,60006536,20,20,20,0,1.0,Closed,clear_majority
4422,60005401,20,20,20,0,1.0,Closed,clear_majority
4423,60007648,20,20,20,0,1.0,Closed,clear_majority
4424,60003340,20,20,20,0,1.0,Closed,clear_majority
4426,60001557,20,20,20,0,1.0,Closed,clear_majority
4427,60000787,20,20,20,0,1.0,Closed,clear_majority
4428,60007037,19,19,18,1,0.947,Closed,clear_majority
4429,60000012,20,20,20,0,1.0,Closed,clear_majority
4430,60003079,20,20,20,0,1.0,Closed,clear_majority
4431,60000551,20,20,20,0,1.0,Closed,clear_majority
4434,60000356,16,16,14,2,0.875,Closed,clear_majority
4438,60000578,20,20,18,2,0.9,Closed,clear_majority
4439,60002808,20,20,20,0,1.0,Closed,clear_majority
4440,60003809,3,3,3,0,1.0,Closed,clear_majority
4441,60001555,20,20,20,0,1.0,Closed,clear_majority
4442,60000463,20,20,20,0,1.0,Closed,clear_majority
4444,60009057,20,20,20,0,1.0,Closed,clear_majority
4446,60005261,20,20,20,0,1.0,Closed,clear_majority
4447,60004572,20,20,20,0,1.0,Closed,clear_majority
4448,60006567,20,20,20,0,1.0,Closed,clear_majority
4449,60004688,20,20,20,0,1.0,Closed,clear_majority
4451,60004078,20,20,20,0,1.0,Closed,clear_majority
4452,60005260,20,20,20,0,1.0,Closed,clear_majority
4453,60005183,20,20,20,0,1.0,Closed,clear_majority
4455,60001578,20,20,20,0,1.0,Closed,clear_majority
4456,60008706,20,20,20,0,1.0,Closed,clear_majority
4457,60000925,20,20,20,0,1.0,Closed,clear_majority
4458,60004577,20,20,20,0,1.0,Closed,clear_majority
4459,60003287,20,20,20,0,1.0,Closed,clear_majority
4460,60004593,20,20,20,0,1.0,Closed,clear_majority
4462,60001545,20,20,20,0,1.0,Closed,clear_majority
4463,60005867,20,20,20,0,1.0,Closed,clear_majority
4464,60007064,20,20,20,0,1.0,Closed,clear_majority
4466,60010831,20,20,20,0,1.0,Closed,clear_majority
4467,60006735,20,20,0,20,0.0,Open,clear_majority
4468,60005303,20,20,20,0,1.0,Closed,clear_majority
4469,60007913,20,20,20,0,1.0,Closed,clear_majority
4470,60007369,20,20,20,0,1.0,Closed,clear_majority
4471,60007492,20,20,20,0,1.0,Closed,clear_majority
4472,60004788,20,20,20,0,1.0,Closed,clear_majority
4474,60001629,20,20,20,0,1.0,Closed,clear_majority
4475,60002208,20,20,20,0,1.0,Closed,clear_majority
4476,60004210,20,20,20,0,1.0,Closed,clear_majority
4479,60000927,20,20,20,0,1.0,Closed,clear_majority
4480,60006137,20,20,20,0,1.0,Closed,clear_majority
4481,60011657,20,20,20,0,1.0,Closed,clear_majority
4482,60001687,20,20,20,0,1.0,Closed,clear_majority
4483,60000961,20,20,20,0,1.0,Closed,clear_majority
4484,60008147,20,20,20,0,1.0,Closed,clear_majority
4485,60004868,20,20,20,0,1.0,Closed,clear_majority
4486,60002467,20,20,20,0,1.0,Closed,clear_majority
4487,60002250,20,20,20,0,1.0,Closed,clear_majority
4488,60001169,20,20,20,0,1.0,Closed,clear_majority
4489,60004900,20,20,20,0,1.0,Closed,clear_majority
4491,60003068,20,20,20,0,1.0,Closed,clear_majority
4492,60004234,20,20,20,0,1.0,Closed,clear_majority
4493,60004100,20,20,20,0,1.0,Closed,clear_majority
4494,60003587,20,20,20,0,1.0,Closed,clear_majority
4497,60011026,20,20,20,0,1.0,Closed,clear_majority
4498,60004680,20,20,20,0,1.0,Closed,clear_majority
4499,60002550,20,20,20,0,1.0,Closed,clear_majority
4501,60004675,20,20,20,0,1.0,Closed,clear_majority
4502,60001052,20,20,20,0,1.0,Closed,clear_majority
4503,60007266,20,20,20,0,1.0,Closed,clear_majority
4504,60001283,20,20,20,0,1.0,Closed,clear_majority
4505,60006777,20,20,20,0,1.0,Closed,clear_majority
4507,60006980,20,20,20,0,1.0,Closed,clear_majority
4508,60002574,19,19,19,0,1.0,Closed,clear_majority
4510,60001427,20,20,20,0,1.0,Closed,clear_majority
4511,60004301,20,20,20,0,1.0,Closed,clear_majority
4513,60003604,20,20,20,0,1.0,Closed,clear_majority
4514,60009143,18,18,18,0,1.0,Closed,clear_majority
4517,60000091,18,18,16,2,0.889,Closed,clear_majority
4518,60008404,20,20,20,0,1.0,Closed,clear_majority
4519,60004158,20,20,20,0,1.0,Closed,clear_majority
4520,60002200,20,20,20,0,1.0,Closed,clear_majority
4522,60008775,20,20,20,0,1.0,Closed,clear_majority
4523,60003491,3,3,3,0,1.0,Closed,clear_majority
4524,60001182,20,20,20,0,1.0,Closed,clear_majority
4526,60001039,20,20,20,0,1.0,Closed,clear_majority
4527,60004594,20,20,20,0,1.0,Closed,clear_majority
4529,60004263,20,20,18,2,0.9,Closed,clear_majority
4530,60003219,20,20,20,0,1.0,Closed,clear_majority
4532,60000646,20,20,20,0,1.0,Closed,clear_majority
4533,60004673,20,20,20,0,1.0,Closed,clear_majority
4534,60004175,20,20,20,0,1.0,Closed,clear_majority
4535,60004340,20,20,20,0,1.0,Closed,clear_majority
4536,60001420,20,20,20,0,1.0,Closed,clear_majority
4537,60004723,20,20,20,0,1.0,Closed,clear_majority
4538,60008664,20,20,20,0,1.0,Closed,clear_majority
4540,60002942,20,20,20,0,1.0,Closed,clear_majority
4541,60001475,20,20,20,0,1.0,Closed,clear_majority
4544,60011659,20,20,20,0,1.0,Closed,clear_majority
4545,60004235,19,19,19,0,1.0,Closed,clear_majority
4548,60005862,20,20,18,2,0.9,Closed,clear_majority
4549,60005122,20,20,20,0,1.0,Closed,clear_majority
4550,60009653,20,20,20,0,1.0,Closed,clear_majority
4551,60006776,20,20,20,0,1.0,Closed,clear_majority
4552,60001814,20,20,20,0,1.0,Closed,clear_majority
4553,60004152,20,20,20,0,1.0,Closed,clear_majority
4554,60008672,20,20,20,0,1.0,Closed,clear_majority
4555,60011922,20,20,20,0,1.0,Closed,clear_majority
4556,60003094,20,20,20,0,1.0,Closed,clear_majority
4560,60005140,20,20,20,0,1.0,Closed,clear_majority
4562,60001422,20,20,20,0,1.0,Closed,clear_majority
4564,60006309,20,20,20,0,1.0,Closed,clear_majority
4566,60007228,20,20,20,0,1.0,Closed,clear_majority
4567,60110563,4,4,0,4,0.0,Open,clear_majority
4568,60002670,20,20,20,0,1.0,Closed,clear_majority
4569,60001032,20,20,20,0,1.0,Closed,clear_majority
4571,60005548,20,20,20,0,1.0,Closed,clear_majority
4572,60005417,20,20,20,0,1.0,Closed,clear_majority
4573,60005464,20,20,20,0,1.0,Closed,clear_majority
4574,60003392,20,20,20,0,1.0,Closed,clear_majority
4575,60110585,5,5,5,0,1.0,Closed,clear_majority
4577,60005503,20,20,20,0,1.0,Closed,clear_majority
4578,60007873,20,20,20,0,1.0,Closed,clear_majority
4579,60000406,20,20,18,2,0.9,Closed,clear_majority
4580,60005518,20,20,20,0,1.0,Closed,clear_majority
4581,60003210,20,20,20,0,1.0,Closed,clear_majority
4582,60004273,20,20,20,0,1.0,Closed,clear_majority
4583,60000715,20,20,20,0,1.0,Closed,clear_majority
4584,60006135,20,20,20,0,1.0,Closed,clear_majority
4585,60003394,20,20,20,0,1.0,Closed,clear_majority
4586,60003745,20,20,20,0,1.0,Closed,clear_majority
4587,60003196,20,20,20,0,1.0,Closed,clear_majority
4588,60001893,20,20,20,0,1.0,Closed,clear_majority
4589,60004993,20,20,19,1,0.95,Closed,clear_majority
4590,60005589,20,20,18,2,0.9,Closed,clear_majority
4591,60007287,20,20,19,1,0.95,Closed,clear_majority
4593,60004775,20,20,20,0,1.0,Closed,clear_majority
4594,60007610,20,20,20,0,1.0,Closed,clear_majority
4595,60007815,20,20,19,1,0.95,Closed,clear_majority
4596,60006744,20,20,20,0,1.0,Closed,clear_majority
4599,60001563,20,20,20,0,1.0,Closed,clear_majority
4600,60011917,20,20,20,0,1.0,Closed,clear_majority
4601,60000666,20,20,20,0,1.0,Closed,clear_majority
4602,60004885,20,20,20,0,1.0,Closed,clear_majority
4603,60001826,20,20,20,0,1.0,Closed,clear_majority
4604,60006337,20,20,20,0,1.0,Closed,clear_majority
4605,60001588,20,20,20,0,1.0,Closed,clear_majority
4606,60009586,20,20,20,0,1.0,Closed,clear_majority
4607,60011270,20,20,20,0,1.0,Closed,clear_majority
4608,60006264,20,20,20,0,1.0,Closed,clear_majority
4609,60000010,20,20,20,0,1.0,Closed,clear_majority
4611,60006298,20,20,20,0,1.0,Closed,clear_majority
4612,60001592,20,20,20,0,1.0,Closed,clear_majority
4614,60001190,20,20,20,0,1.0,Closed,clear_majority
4615,60001603,20,20,20,0,1.0,Closed,clear_majority
4616,60005281,20,20,19,1,0.95,Closed,clear_majority
4618,60005256,20,20,20,0,1.0,Closed,clear_majority
4620,60007943,20,20,17,3,0.85,Closed,clear_majority
4621,60002962,20,20,20,0,1.0,Closed,clear_majority
4622,60001317,20,20,20,0,1.0,Closed,clear_majority
4623,60003770,20,20,20,0,1.0,Closed,clear_majority
4626,60003776,20,20,20,0,1.0,Closed,clear_majority
4628,60000817,20,20,20,0,1.0,Closed,clear_majority
4630,60004146,20,20,20,0,1.0,Closed,clear_majority
4632,60002975,20,20,20,0,1.0,Closed,clear_majority
4633,60006268,20,20,20,0,1.0,Closed,clear_majority
4635,60009152,20,20,20,0,1.0,Closed,clear_majority
4636,60001626,20,20,20,0,1.0,Closed,clear_majority
4637,60004432,17,17,17,0,1.0,Closed,clear_majority
4639,60011873,20,20,20,0,1.0,Closed,clear_majority
4640,60003570,20,20,20,0,1.0,Closed,clear_majority
4641,60001017,20,20,20,0,1.0,Closed,clear_majority
4643,60006302,20,20,20,0,1.0,Closed,clear_majority
4644,60002918,20,20,20,0,1.0,Closed,clear_majority
4645,60002895,20,20,20,0,1.0,Closed,clear_majority
4646,60005466,20,20,20,0,1.0,Closed,clear_majority
4647,60005476,20,20,20,0,1.0,Closed,clear_majority
4648,60007805,20,20,20,0,1.0,Closed,clear_majority
4649,60004065,20,20,20,0,1.0,Closed,clear_majority
4650,60009437,20,20,20,0,1.0,Closed,clear_majority
4651,60007745,20,20,20,0,1.0,Closed,clear_majority
4653,60006023,20,20,20,0,1.0,Closed,clear_majority
4655,60003331,20,20,20,0,1.0,Closed,clear_majority
4658,60005595,20,20,20,0,1.0,Closed,clear_majority
4659,60000922,20,20,20,0,1.0,Closed,clear_majority
4660,60000924,20,20,20,0,1.0,Closed,clear_majority
4661,60002279,20,20,20,0,1.0,Closed,clear_majority
4664,60009905,20,20,20,0,1.0,Closed,clear_majority
4667,60001536,20,20,20,0,1.0,Closed,clear_majority
4670,60003408,20,20,20,0,1.0,Closed,clear_majority
4672,60002635,20,20,20,0,1.0,Closed,clear_majority
4674,60003820,20,20,20,0,1.0,Closed,clear_majority
4675,60007404,20,20,20,0,1.0,Closed,clear_majority
4676,60004998,20,20,20,0,1.0,Closed,clear_majority
4677,60002807,20,20,20,0,1.0,Closed,clear_majority
4678,60004174,20,20,20,0,1.0,Closed,clear_majority
4679,60005345,20,20,20,0,1.0,Closed,clear_majority
4680,60004686,20,20,20,0,1.0,Closed,clear_majority
4681,60002940,20,20,20,0,1.0,Closed,clear_majority
4686,60005433,20,20,20,0,1.0,Closed,clear_majority
4687,60000826,20,20,20,0,1.0,Closed,clear_majority
4688,60001624,20,20,20,0,1.0,Closed,clear_majority
4689,60006378,20,20,20,0,1.0,Closed,clear_majority
4691,60001063,20,20,20,0,1.0,Closed,clear_majority
4692,60001488,20,20,20,0,1.0,Closed,clear_majority
4694,60008632,20,20,20,0,1.0,Closed,clear_majority
4696,60006172,20,20,20,0,1.0,Closed,clear_majority
4697,60000221,20,20,20,0,1.0,Closed,clear_majority
4698,60001053,20,20,16,4,0.8,Closed,mixed
4699,60003950,20,20,20,0,1.0,Closed,clear_majority
4700,60005337,20,20,20,0,1.0,Closed,clear_majority
4701,60005467,20,20,20,0,1.0,Closed,clear_majority
4702,60001975,20,20,20,0,1.0,Closed,clear_majority
4703,60006339,20,20,20,0,1.0,Closed,clear_majority
4705,60000184,20,20,19,1,0.95,Closed,clear_majority
4706,60011619,20,20,20,0,1.0,Closed,clear_majority
4707,60004422,20,20,20,0,1.0,Closed,clear_majority
4709,60000951,20,20,20,0,1.0,Closed,clear_majority
4710,60000701,20,20,20,0,1.0,Closed,clear_majority
4711,60003823,20,20,20,0,1.0,Closed,clear_majority
4713,60004843,20,20,20,0,1.0,Closed,clear_majority
4715,60002667,20,20,20,0,1.0,Closed,clear_majority
4716,60007397,20,20,20,0,1.0,Closed,clear_majority
4717,60003573,20,20,20,0,1.0,Closed,clear_majority
4718,60003572,20,20,20,0,1.0,Closed,clear_majority
4719,60004602,19,19,18,1,0.947,Closed,clear_majority
4720,60003764,20,20,20,0,1.0,Closed,clear_majority
4721,60006266,20,20,20,0,1.0,Closed,clear_majority
4722,60002170,20,20,20,0,1.0,Closed,clear_majority
4725,60001879,20,20,20,0,1.0,Closed,clear_majority
4726,60001670,20,20,20,0,1.0,Closed,clear_majority
4727,60003561,20,20,20,0,1.0,Closed,clear_majority
4728,60003246,20,20,20,0,1.0,Closed,clear_majority
4729,60001705,20,20,20,0,1.0,Closed,clear_majority
4731,60006578,20,20,20,0,1.0,Closed,clear_majority
4732,60007594,20,20,20,0,1.0,Closed,clear_majority
4733,60004108,20,20,20,0,1.0,Closed,clear_majority
4734,60006044,20,20,20,0,1.0,Closed,clear_majority
4737,60009593,20,20,20,0,1.0,Closed,clear_majority
4739,60000501,20,20,20,0,1.0,Closed,clear_majority
4740,60004917,20,20,16,4,0.8,Closed,mixed
4741,60004440,20,20,20,0,1.0,Closed,clear_majority
4743,60001572,20,20,20,0,1.0,Closed,clear_majority
4744,60002759,20,20,20,0,1.0,Closed,clear_majority
4745,60005932,20,20,20,0,1.0,Closed,clear_majority
4747,60003579,20,20,20,0,1.0,Closed,clear_majority
4748,60000169,20,20,20,0,1.0,Closed,clear_majority
4750,60005558,20,20,20,0,1.0,Closed,clear_majority
4751,60000802,20,20,20,0,1.0,Closed,clear_majority
4752,60005214,20,20,20,0,1.0,Closed,clear_majority
4753,60005931,20,20,20,0,1.0,Closed,clear_majority
4755,60008104,20,20,20,0,1.0,Closed,clear_majority
4756,60007573,20,20,20,0,1.0,Closed,clear_majority
4758,60007553,20,20,20,0,1.0,Closed,clear_majority
4759,60004220,20,20,20,0,1.0,Closed,clear_majority
4761,60004532,20,20,20,0,1.0,Closed,clear_majority
4762,60005643,20,20,19,1,0.95,Closed,clear_majority
4763,60011625,20,20,20,0,1.0,Closed,clear_majority
4764,60005953,20,20,20,0,1.0,Closed,clear_majority
4765,60006604,20,20,20,0,1.0,Closed,clear_majority
4768,60003393,20,20,20,0,1.0,Closed,clear_majority
4769,60006136,20,20,20,0,1.0,Closed,clear_majority
4770,60026789,3,3,3,0,1.0,Closed,clear_majority
4774,60006923,20,20,20,0,1.0,Closed,clear_majority
4776,60003083,20,20,20,0,1.0,Closed,clear_majority
4777,60001014,20,20,20,0,1.0,Closed,clear_majority
4778,60005578,20,20,20,0,1.0,Closed,clear_majority
4779,60004510,20,20,20,0,1.0,Closed,clear_majority
4780,60006029,20,20,20,0,1.0,Closed,clear_majority
4781,60006606,20,20,20,0,1.0,Closed,clear_majority
4782,60004295,20,20,20,0,1.0,Closed,clear_majority
4783,60000068,20,20,20,0,1.0,Closed,clear_majority
4786,60009045,20,20,20,0,1.0,Closed,clear_majority
4787,60001877,20,20,20,0,1.0,Closed,clear_majority
4788,60003569,20,20,20,0,1.0,Closed,clear_majority
4792,60006868,20,20,20,0,1.0,Closed,clear_majority
4793,60004913,20,20,20,0,1.0,Closed,clear_majority
4794,60006064,20,20,20,0,1.0,Closed,clear_majority
4795,60005710,20,20,20,0,1.0,Closed,clear_majority
4796,60009746,20,20,20,0,1.0,Closed,clear_majority
4797,60000566,20,20,20,0,1.0,Closed,clear_majority
4798,60005652,20,20,20,0,1.0,Closed,clear_majority
4799,60003784,20,20,20,0,1.0,Closed,clear_majority
4801,60002086,20,20,20,0,1.0,Closed,clear_majority
4802,60001531,20,20,20,0,1.0,Closed,clear_majority
4803,60007007,20,20,20,0,1.0,Closed,clear_majority
4805,60005623,3,3,3,0,1.0,Closed,clear_majority
4806,60005653,20,20,20,0,1.0,Closed,clear_majority
4807,60005172,20,20,20,0,1.0,Closed,clear_majority
4811,60003837,20,20,20,0,1.0,Closed,clear_majority
4812,60003269,20,20,20,0,1.0,Closed,clear_majority
4813,60003603,20,20,20,0,1.0,Closed,clear_majority
4814,60005001,20,20,20,0,1.0,Closed,clear_majority
4819,60003374,20,20,20,0,1.0,Closed,clear_majority
4820,60001467,19,19,19,0,1.0,Closed,clear_majority
4822,60001025,20,20,20,0,1.0,Closed,clear_majority
4823,60006377,20,20,20,0,1.0,Closed,clear_majority
4824,60003274,20,20,20,0,1.0,Closed,clear_majority
4825,60002746,20,20,20,0,1.0,Closed,clear_majority
4826,60001614,20,20,20,0,1.0,Closed,clear_majority
4827,60004546,20,20,20,0,1.0,Closed,clear_majority
4828,60006099,20,20,20,0,1.0,Closed,clear_majority
4830,60004961,20,20,20,0,1.0,Closed,clear_majority
4831,60006543,20,20,20,0,1.0,Closed,clear_majority
4833,60002654,20,20,20,0,1.0,Closed,clear_majority
4834,60004810,20,20,19,1,0.95,Closed,clear_majority
4836,60002554,20,20,20,0,1.0,Closed,clear_majority
4837,60004619,20,20,20,0,1.0,Closed,clear_majority
4838,60110580,5,5,5,0,1.0,Closed,clear_majority
4839,60003364,20,20,17,3,0.85,Closed,clear_majority
4843,60004784,20,20,20,0,1.0,Closed,clear_majority
4844,60001761,20,20,20,0,1.0,Closed,clear_majority
4845,60001562,20,20,19,1,0.95,Closed,clear_majority
4846,60004319,20,20,20,0,1.0,Closed,clear_majority
4849,60004278,19,19,16,3,0.842,Closed,clear_majority
4850,60002555,3,3,3,0,1.0,Closed,clear_majority
4851,60000328,20,20,20,0,1.0,Closed,clear_majority
4853,60006146,20,20,20,0,1.0,Closed,clear_majority
4854,60004502,20,20,20,0,1.0,Closed,clear_majority
4855,60005123,20,20,19,1,0.95,Closed,clear_majority
4856,60002634,20,20,20,0,1.0,Closed,clear_majority
4857,60003075,20,20,20,0,1.0,Closed,clear_majority
4858,60007574,20,20,20,0,1.0,Closed,clear_majority
4860,60000599,20,20,18,2,0.9,Closed,clear_majority
4861,60003715,20,20,20,0,1.0,Closed,clear_majority
4863,60001754,20,20,20,0,1.0,Closed,clear_majority
4865,60007570,20,20,20,0,1.0,Closed,clear_majority
4866,60000866,20,20,17,3,0.85,Closed,clear_majority
4867,60004921,20,20,20,0,1.0,Closed,clear_majority
4870,60003342,20,20,20,0,1.0,Closed,clear_majority
4871,60001132,3,3,3,0,1.0,Closed,clear_majority
4873,60004280,20,20,20,0,1.0,Closed,clear_majority
4875,60009567,20,20,20,0,1.0,Closed,clear_majority
4876,60008669,20,20,20,0,1.0,Closed,clear_majority
4878,60074627,3,3,3,0,1.0,Closed,clear_majority
4879,60007045,20,20,20,0,1.0,Closed,clear_majority
4880,60001512,18,18,18,0,1.0,Closed,clear_majority
4881,60006299,20,20,19,1,0.95,Closed,clear_majority
4883,60004800,20,20,20,0,1.0,Closed,clear_majority
4884,60003677,20,20,20,0,1.0,Closed,clear_majority
4885,60006458,20,20,20,0,1.0,Closed,clear_majority
4887,60006083,20,20,18,2,0.9,Closed,clear_majority
4889,60004891,20,20,20,0,1.0,Closed,clear_majority
4890,60002806,20,20,20,0,1.0,Closed,clear_majority
4891,60006534,20,20,20,0,1.0,Closed,clear_majority
4894,60003586,20,20,20,0,1.0,Closed,clear_majority
4895,60002087,20,20,20,0,1.0,Closed,clear_majority
4896,60012271,20,20,17,3,0.85,Closed,clear_majority
4898,60006342,20,20,20,0,1.0,Closed,clear_majority
4899,60006882,20,20,20,0,1.0,Closed,clear_majority
4902,60006336,20,20,20,0,1.0,Closed,clear_majority
4903,60004799,20,20,20,0,1.0,Closed,clear_majority
4904,60003713,20,20,20,0,1.0,Closed,clear_majority
4905,60004184,20,20,20,0,1.0,Closed,clear_majority
4906,60005615,20,20,19,1,0.95,Closed,clear_majority
4907,60001281,20,20,20,0,1.0,Closed,clear_majority
4908,60003006,20,20,20,0,1.0,Closed,clear_majority
4909,60001636,20,20,20,0,1.0,Closed,clear_majority
4910,60001061,20,20,20,0,1.0,Closed,clear_majority
4911,60004671,20,20,20,0,1.0,Closed,clear_majority
4912,60005925,20,20,20,0,1.0,Closed,clear_majority
4913,60011521,20,20,20,0,1.0,Closed,clear_majority
4914,60000786,20,20,20,0,1.0,Closed,clear_majority
4916,60006767,20,20,20,0,1.0,Closed,clear_majority
4917,60006769,20,20,20,0,1.0,Closed,clear_majority
4918,60001096,20,20,20,0,1.0,Closed,clear_majority
4919,60000210,20,20,20,0,1.0,Closed,clear_majority
4920,60001142,20,20,20,0,1.0,Closed,clear_majority
4921,60006751,20,20,20,0,1.0,Closed,clear_majority
4922,60001344,20,20,20,0,1.0,Closed,clear_majority
4923,60002805,20,20,20,0,1.0,Closed,clear_majority
4924,60005494,20,20,20,0,1.0,Closed,clear_majority
4925,60002744,20,20,20,0,1.0,Closed,clear_majority
4927,60004684,20,20,20,0,1.0,Closed,clear_majority
4928,60002653,20,20,20,0,1.0,Closed,clear_majority
4929,60008368,20,20,20,0,1.0,Closed,clear_majority
4931,60000277,20,20,20,0,1.0,Closed,clear_majority
4932,60001566,20,20,20,0,1.0,Closed,clear_majority
4933,60001541,20,20,17,3,0.85,Closed,clear_majority
4935,60000601,20,20,19,1,0.95,Closed,clear_majority
4936,60003825,20,20,20,0,1.0,Closed,clear_majority
4937,60003069,20,20,20,0,1.0,Closed,clear_majority
4938,60001054,20,20,20,0,1.0,Closed,clear_majority
4941,60006265,20,20,20,0,1.0,Closed,clear_majority
4942,60005866,20,20,20,0,1.0,Closed,clear_majority
4943,60001364,20,20,20,0,1.0,Closed,clear_majority
4944,60003710,20,20,20,0,1.0,Closed,clear_majority
4946,60001236,20,20,19,1,0.95,Closed,clear_majority
4947,60008946,20,20,20,0,1.0,Closed,clear_majority
4948,60005192,20,20,20,0,1.0,Closed,clear_majority
4949,60002611,18,18,17,1,0.944,Closed,clear_majority
4951,60003789,20,20,20,0,1.0,Closed,clear_majority
4952,60004211,20,20,20,0,1.0,Closed,clear_majority
4953,60009571,20,20,20,0,1.0,Closed,clear_majority
4954,60001106,20,20,20,0,1.0,Closed,clear_majority
4955,60008663,20,20,20,0,1.0,Closed,clear_majority
4956,60004682,20,20,20,0,1.0,Closed,clear_majority
4959,60000963,20,20,20,0,1.0,Closed,clear_majority
4962,60011505,20,20,20,0,1.0,Closed,clear_majority
4964,60006043,20,20,20,0,1.0,Closed,clear_majority
4965,60007292,20,20,20,0,1.0,Closed,clear_majority
4966,60005019,20,20,20,0,1.0,Closed,clear_majority
4967,60003276,20,20,20,0,1.0,Closed,clear_majority
4968,60003143,20,20,0,20,0.0,Open,clear_majority
4969,60003142,20,20,20,0,1.0,Closed,clear_majority
4970,60008791,20,20,20,0,1.0,Closed,clear_majority
4971,60006491,20,20,20,0,1.0,Closed,clear_majority
4972,60004575,20,20,20,0,1.0,Closed,clear_majority
4973,60001346,20,20,18,2,0.9,Closed,clear_majority
4974,60006887,20,20,20,0,1.0,Closed,clear_majority
4975,60006267,20,20,20,0,1.0,Closed,clear_majority
4976,60004320,20,20,20,0,1.0,Closed,clear_majority
4977,60009576,20,20,20,0,1.0,Closed,clear_majority
4979,60004094,20,20,20,0,1.0,Closed,clear_majority
4980,60001838,20,20,20,0,1.0,Closed,clear_majority
4981,60004785,20,20,20,0,1.0,Closed,clear_majority
4982,60000387,20,20,20,0,1.0,Closed,clear_majority
4983,60001366,20,20,20,0,1.0,Closed,clear_majority
4984,60005621,20,20,20,0,1.0,Closed,clear_majority
4986,60006781,20,20,20,0,1.0,Closed,clear_majority
4987,60012178,20,20,19,1,0.95,Closed,clear_majority
4988,60006783,18,18,16,2,0.889,Closed,clear_majority
4992,60000239,20,20,20,0,1.0,Closed,clear_majority
4993,60006459,20,20,20,0,1.0,Closed,clear_majority
4995,60007889,20,20,20,0,1.0,Closed,clear_majority
4996,60010974,20,20,20,0,1.0,Closed,clear_majority
4997,60001580,20,20,20,0,1.0,Closed,clear_majority
4998,60001035,20,20,20,0,1.0,Closed,clear_majority
4999,60002626,20,20,20,0,1.0,Closed,clear_majority
5000,60006474,20,20,20,0,1.0,Closed,clear_majority
5001,60005115,20,20,20,0,1.0,Closed,clear_majority
5003,60006799,20,20,20,0,1.0,Closed,clear_majority
5004,60000558,20,20,18,2,0.9,Closed,clear_majority
5005,60010939,20,20,0,20,0.0,Open,clear_majority
5006,60007511,20,20,20,0,1.0,Closed,clear_majority
5007,60007885,20,20,20,0,1.0,Closed,clear_majority
5008,60006098,20,20,20,0,1.0,Closed,clear_majority
5009,60002513,20,20,20,0,1.0,Closed,clear_majority
5010,60005904,20,20,20,0,1.0,Closed,clear_majority
5011,60000762,20,20,20,0,1.0,Closed,clear_majority
5012,60000524,20,20,20,0,1.0,Closed,clear_majority
5014,60000756,20,20,19,1,0.95,Closed,clear_majority
5016,60000427,20,20,18,2,0.9,Closed,clear_majority
5017,60009581,20,20,14,6,0.7,Closed,mixed
5018,60004664,20,20,20,0,1.0,Closed,clear_majority
5019,60006727,20,20,20,0,1.0,Closed,clear_majority
5022,60003395,20,20,20,0,1.0,Closed,clear_majority
5023,60004801,20,20,20,0,1.0,Closed,clear_majority
5024,60006003,20,20,20,0,1.0,Closed,clear_majority
5025,60008884,20,20,20,0,1.0,Closed,clear_majority
5026,60000487,20,20,20,0,1.0,Closed,clear_majority
5027,60003270,20,20,20,0,1.0,Closed,clear_majority
5028,60003981,20,20,20,0,1.0,Closed,clear_majority
5030,60000923,20,20,20,0,1.0,Closed,clear_majority
5031,60004899,20,20,20,0,1.0,Closed,clear_majority
5032,60003271,20,20,20,0,1.0,Closed,clear_majority
5034,60006591,20,20,20,0,1.0,Closed,clear_majority
5035,60004168,20,20,20,0,1.0,Closed,clear_majority
5036,60011910,20,20,20,0,1.0,Closed,clear_majority
5040,60005970,17,17,17,0,1.0,Closed,clear_majority
5043,60004890,20,20,20,0,1.0,Closed,clear_majority
5046,60003344,20,20,20,0,1.0,Closed,clear_majority
5047,60001043,20,20,20,0,1.0,Closed,clear_majority
5048,60006848,20,20,19,1,0.95,Closed,clear_majority
5049,60007435,20,20,20,0,1.0,Closed,clear_majority
5051,60006394,20,20,20,0,1.0,Closed,clear_majority
5053,60006934,20,20,20,0,1.0,Closed,clear_majority
5055,60002370,20,20,20,0,1.0,Closed,clear_majority
5056,60006032,20,20,20,0,1.0,Closed,clear_majority
5057,60000622,20,20,20,0,1.0,Closed,clear_majority
5058,60001646,20,20,20,0,1.0,Closed,clear_majority
5062,60001537,20,20,20,0,1.0,Closed,clear_majority
5063,60001004,20,20,20,0,1.0,Closed,clear_majority
5064,60004845,20,20,20,0,1.0,Closed,clear_majority
5065,60002521,20,20,20,0,1.0,Closed,clear_majority
5066,60011472,20,20,20,0,1.0,Closed,clear_majority
5068,60007466,20,20,19,1,0.95,Closed,clear_majority
5069,60007737,20,20,20,0,1.0,Closed,clear_majority
5070,60007433,20,20,20,0,1.0,Closed,clear_majority
5071,60009577,20,20,18,2,0.9,Closed,clear_majority
5072,60007459,20,20,20,0,1.0,Closed,clear_majority
5075,60003328,19,19,19,0,1.0,Closed,clear_majority
5076,60003061,20,20,20,0,1.0,Closed,clear_majority
5077,60005272,20,20,20,0,1.0,Closed,clear_majority
5078,60003163,20,20,20,0,1.0,Closed,clear_majority
5079,60004476,20,20,20,0,1.0,Closed,clear_majority
5080,60007304,20,20,20,0,1.0,Closed,clear_majority
5081,60002984,20,20,20,0,1.0,Closed,clear_majority
5083,60006685,20,20,20,0,1.0,Closed,clear_majority
5084,60001086,20,20,20,0,1.0,Closed,clear_majority
5085,60006802,20,20,20,0,1.0,Closed,clear_majority
5086,60007735,20,20,20,0,1.0,Closed,clear_majority
5087,60004258,20,20,20,0,1.0,Closed,clear_majority
5090,60004205,20,20,20,0,1.0,Closed,clear_majority
5091,60003378,4,4,4,0,1.0,Closed,clear_majority
5093,60005119,20,20,20,0,1.0,Closed,clear_majority
5094,60006885,20,20,20,0,1.0,Closed,clear_majority
5098,60006551,20,20,20,0,1.0,Closed,clear_majority
5099,60004068,20,20,20,0,1.0,Closed,clear_majority
5100,60004824,5,5,3,2,0.6,Closed,mixed
5101,60000962,18,18,18,0,1.0,Closed,clear_majority
5102,60006884,20,20,20,0,1.0,Closed,clear_majority
5103,60006886,20,20,20,0,1.0,Closed,clear_majority
5104,60005120,20,20,20,0,1.0,Closed,clear_majority
5105,60098079,0,0,0,0,,,no_pto_data
5107,60011855,20,20,20,0,1.0,Closed,clear_majority
5109,60001728,20,20,20,0,1.0,Closed,clear_majority
5110,60004165,20,20,20,0,1.0,Closed,clear_majority
5112,60001616,20,20,20,0,1.0,Closed,clear_majority
5114,60099709,10,10,10,0,1.0,Closed,clear_majority
5115,60001075,20,20,20,0,1.0,Closed,clear_majority
5116,60001482,20,20,20,0,1.0,Closed,clear_majority
5117,60006764,20,20,20,0,1.0,Closed,clear_majority
5120,60004012,20,20,20,0,1.0,Closed,clear_majority
5121,60002276,17,17,14,3,0.824,Closed,clear_majority
5124,60003592,20,20,20,0,1.0,Closed,clear_majority
5125,60002771,20,20,20,0,1.0,Closed,clear_majority
5126,60001758,20,20,20,0,1.0,Closed,clear_majority
5127,60000920,20,20,20,0,1.0,Closed,clear_majority
5128,60001331,20,20,13,7,0.65,Closed,mixed
5130,60003520,20,20,20,0,1.0,Closed,clear_majority
5131,60003718,20,20,20,0,1.0,Closed,clear_majority
5132,60005709,20,20,20,0,1.0,Closed,clear_majority
5134,60006807,20,20,20,0,1.0,Closed,clear_majority
5136,60006922,20,20,20,0,1.0,Closed,clear_majority
5137,60008099,20,20,20,0,1.0,Closed,clear_majority
5138,60005727,17,17,17,0,1.0,Closed,clear_majority
5140,60006651,20,20,20,0,1.0,Closed,clear_majority
5142,60000758,15,15,15,0,1.0,Closed,clear_majority
5143,60005186,20,20,20,0,1.0,Closed,clear_majority
5144,60006800,20,20,20,0,1.0,Closed,clear_majority
5145,60004603,20,20,20,0,1.0,Closed,clear_majority
5148,60005651,20,20,20,0,1.0,Closed,clear_majority
5149,60007463,20,20,20,0,1.0,Closed,clear_majority
5150,60004606,20,20,20,0,1.0,Closed,clear_majority
5152,60002556,20,20,20,0,1.0,Closed,clear_majority
5154,60000413,20,20,20,0,1.0,Closed,clear_majority
5155,60000360,20,20,20,0,1.0,Closed,clear_majority
5157,60007224,20,20,20,0,1.0,Closed,clear_majority
5159,60001480,20,20,20,0,1.0,Closed,clear_majority
5162,60000662,20,20,20,0,1.0,Closed,clear_majority
5165,60006622,20,20,20,0,1.0,Closed,clear_majority
5166,60003975,20,20,20,0,1.0,Closed,clear_majority
5168,60003714,20,20,20,0,1.0,Closed,clear_majority
5170,60003538,20,20,20,0,1.0,Closed,clear_majority
5171,60012333,20,20,19,1,0.95,Closed,clear_majority
5172,60003109,20,20,20,0,1.0,Closed,clear_majority
5174,60006911,20,20,20,0,1.0,Closed,clear_majority
5176,60011887,20,20,20,0,1.0,Closed,clear_majority
5177,60006253,20,20,20,0,1.0,Closed,clear_majority
5179,60007494,20,20,20,0,1.0,Closed,clear_majority
5180,60002610,19,19,19,0,1.0,Closed,clear_majority
5181,60006912,20,20,20,0,1.0,Closed,clear_majority
5182,60006913,20,20,20,0,1.0,Closed,clear_majority
5185,60006920,20,20,20,0,1.0,Closed,clear_majority
5186,60001379,20,20,20,0,1.0,Closed,clear_majority
5187,60001586,20,20,20,0,1.0,Closed,clear_majority
5188,60007393,20,20,20,0,1.0,Closed,clear_majority
5189,60006527,20,20,20,0,1.0,Closed,clear_majority
5192,60011888,20,20,20,0,1.0,Closed,clear_majority
5193,60006921,20,20,20,0,1.0,Closed,clear_majority
5194,60002811,20,20,20,0,1.0,Closed,clear_majority
5195,60006924,20,20,20,0,1.0,Closed,clear_majority
5196,60009086,20,20,20,0,1.0,Closed,clear_majority
5198,60007474,20,20,20,0,1.0,Closed,clear_majority
5200,60003618,20,20,20,0,1.0,Closed,clear_majority
5201,60006863,20,20,20,0,1.0,Closed,clear_majority
5202,60110571,4,4,4,0,1.0,Closed,clear_majority
5203,60000003,20,20,19,1,0.95,Closed,clear_majority
5205,60001436,20,20,20,0,1.0,Closed,clear_majority
5206,60001375,20,20,20,0,1.0,Closed,clear_majority
5208,60098912,11,11,11,0,1.0,Closed,clear_majority
5210,60003164,20,20,20,0,1.0,Closed,clear_majority
5211,60001208,20,20,20,0,1.0,Closed,clear_majority
5214,60000079,20,20,20,0,1.0,Closed,clear_majority
5215,60006753,20,20,15,5,0.75,Closed,mixed
5216,60007958,20,20,20,0,1.0,Closed,clear_majority
5218,60005355,20,20,20,0,1.0,Closed,clear_majority
5219,60003622,20,20,20,0,1.0,Closed,clear_majority
5220,60005787,20,20,20,0,1.0,Closed,clear_majority
5221,60003018,20,20,20,0,1.0,Closed,clear_majority
5222,60003321,20,20,20,0,1.0,Closed,clear_majority
5223,60005547,20,20,20,0,1.0,Closed,clear_majority
5226,60008610,20,20,20,0,1.0,Closed,clear_majority
5227,60003974,20,20,20,0,1.0,Closed,clear_majority
5230,60004499,20,20,20,0,1.0,Closed,clear_majority
5231,60002684,20,20,20,0,1.0,Closed,clear_majority
5232,60006795,20,20,20,0,1.0,Closed,clear_majority
5233,60003968,20,20,18,2,0.9,Closed,clear_majority
5236,60008005,20,20,20,0,1.0,Closed,clear_majority
5237,60001049,20,20,20,0,1.0,Closed,clear_majority
5238,60005523,20,20,20,0,1.0,Closed,clear_majority
5239,60009754,20,20,20,0,1.0,Closed,clear_majority
5240,60006939,20,20,20,0,1.0,Closed,clear_majority
5241,60004878,20,20,20,0,1.0,Closed,clear_majority
5243,60003521,20,20,20,0,1.0,Closed,clear_majority
5244,60002665,19,19,16,3,0.842,Closed,clear_majority
5245,60002249,20,20,20,0,1.0,Closed,clear_majority
5246,60005952,20,20,20,0,1.0,Closed,clear_majority
5247,60110573,5,5,5,0,1.0,Closed,clear_majority
5248,60006473,20,20,20,0,1.0,Closed,clear_majority
5249,60003325,20,20,20,0,1.0,Closed,clear_majority
5251,60001077,20,20,20,0,1.0,Closed,clear_majority
5252,60001490,20,20,20,0,1.0,Closed,clear_majority
5254,60001286,20,20,20,0,1.0,Closed,clear_majority
5255,60007491,20,20,20,0,1.0,Closed,clear_majority
5256,60001528,20,20,19,1,0.95,Closed,clear_majority
5257,60008612,20,20,20,0,1.0,Closed,clear_majority
5258,60005393,20,20,20,0,1.0,Closed,clear_majority
5260,60000338,20,20,20,0,1.0,Closed,clear_majority
5263,60007066,15,15,15,0,1.0,Closed,clear_majority
5264,60001813,20,20,20,0,1.0,Closed,clear_majority
5265,60005400,20,20,20,0,1.0,Closed,clear_majority
5266,60001179,20,20,20,0,1.0,Closed,clear_majority
5269,60092475,0,0,0,0,,,no_pto_data
5270,60007271,20,20,20,0,1.0,Closed,clear_majority
5272,60005286,20,20,20,0,1.0,Closed,clear_majority
5273,60006925,20,20,20,0,1.0,Closed,clear_majority
5274,60012172,20,20,20,0,1.0,Closed,clear_majority
5277,60002689,20,20,20,0,1.0,Closed,clear_majority
5279,60002715,9,9,7,2,0.778,Closed,mixed
5280,60002752,20,20,20,0,1.0,Closed,clear_majority
5281,60003197,20,20,20,0,1.0,Closed,clear_majority
5282,60098631,12,12,12,0,1.0,Closed,clear_majority
5283,60005216,20,20,20,0,1.0,Closed,clear_majority
5284,60000754,20,20,20,0,1.0,Closed,clear_majority
5285,60003232,20,20,20,0,1.0,Closed,clear_majority
5287,60006929,20,20,20,0,1.0,Closed,clear_majority
5291,60005247,20,20,20,0,1.0,Closed,clear_majority
5292,60006988,20,20,20,0,1.0,Closed,clear_majority
5293,60006726,20,20,20,0,1.0,Closed,clear_majority
5294,60006815,20,20,20,0,1.0,Closed,clear_majority
5295,60004731,20,20,14,6,0.7,Closed,mixed
5296,60001378,20,20,20,0,1.0,Closed,clear_majority
5297,60002897,20,20,20,0,1.0,Closed,clear_majority
5299,60004531,20,20,20,0,1.0,Closed,clear_majority
5300,60002528,20,20,20,0,1.0,Closed,clear_majority
5301,60099707,10,10,10,0,1.0,Closed,clear_majority
5302,60003905,20,20,20,0,1.0,Closed,clear_majority
5303,60007462,20,20,20,0,1.0,Closed,clear_majority
5306,60000651,20,20,20,0,1.0,Closed,clear_majority
5307,60003660,20,20,18,2,0.9,Closed,clear_majority
5308,60110562,4,4,4,0,1.0,Closed,clear_majority
5309,60001242,20,20,20,0,1.0,Closed,clear_majority
5310,60006072,20,20,20,0,1.0,Closed,clear_majority
5311,60008417,20,20,20,0,1.0,Closed,clear_majority
5313,60108220,6,6,6,0,1.0,Closed,clear_majority
5315,60002621,20,20,20,0,1.0,Closed,clear_majority
5316,60006084,20,20,20,0,1.0,Closed,clear_majority
5317,60003335,20,20,20,0,1.0,Closed,clear_majority
5318,60006728,20,20,20,0,1.0,Closed,clear_majority
5320,60006387,20,20,20,0,1.0,Closed,clear_majority
5321,60005567,20,20,20,0,1.0,Closed,clear_majority
5322,60005593,20,20,20,0,1.0,Closed,clear_majority
5323,60005596,20,20,20,0,1.0,Closed,clear_majority
5324,60005731,20,20,20,0,1.0,Closed,clear_majority
5326,60001051,20,20,20,0,1.0,Closed,clear_majority
5327,60004164,20,20,20,0,1.0,Closed,clear_majority
5331,60012993,3,3,3,0,1.0,Closed,clear_majority
5332,60011503,20,20,20,0,1.0,Closed,clear_majority
5334,60003081,20,20,20,0,1.0,Closed,clear_majority
5335,60009585,20,20,20,0,1.0,Closed,clear_majority
5336,60001024,20,20,15,5,0.75,Closed,mixed
5337,60008703,20,20,20,0,1.0,Closed,clear_majority
5338,60005083,20,20,20,0,1.0,Closed,clear_majority
5340,60005258,20,20,20,0,1.0,Closed,clear_majority
5341,60001253,20,20,19,1,0.95,Closed,clear_majority
5342,60002800,5,5,5,0,1.0,Closed,clear_majority
5343,60005845,20,20,20,0,1.0,Closed,clear_majority
5344,60001409,20,20,20,0,1.0,Closed,clear_majority
5345,60006754,20,20,20,0,1.0,Closed,clear_majority
5346,60009132,20,20,18,2,0.9,Closed,clear_majority
5347,60006770,20,20,20,0,1.0,Closed,clear_majority
5348,60000853,20,20,20,0,1.0,Closed,clear_majority
5349,60030293,3,3,3,0,1.0,Closed,clear_majority
5351,60006732,20,20,20,0,1.0,Closed,clear_majority
5352,60007602,20,20,20,0,1.0,Closed,clear_majority
5353,60005951,20,20,20,0,1.0,Closed,clear_majority
5355,60002701,19,19,19,0,1.0,Closed,clear_majority
5357,60002491,20,20,20,0,1.0,Closed,clear_majority
5358,60007152,20,20,20,0,1.0,Closed,clear_majority
5359,60000468,20,20,20,0,1.0,Closed,clear_majority
5360,60005738,20,20,20,0,1.0,Closed,clear_majority
5361,60005153,20,20,20,0,1.0,Closed,clear_majority
5362,60001828,20,20,20,0,1.0,Closed,clear_majority
5363,60001779,20,20,20,0,1.0,Closed,clear_majority
5364,60006130,20,20,20,0,1.0,Closed,clear_majority
5365,60001038,20,20,20,0,1.0,Closed,clear_majority
5366,60002678,20,20,20,0,1.0,Closed,clear_majority
5367,60007634,20,20,20,0,1.0,Closed,clear_majority
5368,60001435,20,20,20,0,1.0,Closed,clear_majority
5369,60004860,20,20,20,0,1.0,Closed,clear_majority
5370,60007111,20,20,20,0,1.0,Closed,clear_majority
5372,60000564,20,20,20,0,1.0,Closed,clear_majority
5373,60001593,20,20,20,0,1.0,Closed,clear_majority
5374,60011957,20,20,20,0,1.0,Closed,clear_majority
5376,60004829,20,20,20,0,1.0,Closed,clear_majority
5377,60005769,20,20,20,0,1.0,Closed,clear_majority
5378,60001437,20,20,20,0,1.0,Closed,clear_majority
5379,60006201,20,20,20,0,1.0,Closed,clear_majority
5380,60007013,20,20,20,0,1.0,Closed,clear_majority
5381,60002687,20,20,19,1,0.95,Closed,clear_majority
5382,60000090,20,20,20,0,1.0,Closed,clear_majority
5383,60008743,20,20,20,0,1.0,Closed,clear_majority
5386,60001591,20,20,20,0,1.0,Closed,clear_majority
5387,60008358,20,20,20,0,1.0,Closed,clear_majority
5388,60000593,20,20,20,0,1.0,Closed,clear_majority
5389,60005708,20,20,20,0,1.0,Closed,clear_majority
5390,60002713,20,20,19,1,0.95,Closed,clear_majority
5393,60004716,20,20,20,0,1.0,Closed,clear_majority
5395,60005164,20,20,20,0,1.0,Closed,clear_majority
5397,60007308,20,20,20,0,1.0,Closed,clear_majority
5398,60004672,20,20,20,0,1.0,Closed,clear_majority
5399,60002303,20,20,20,0,1.0,Closed,clear_majority
5400,60006131,20,20,18,2,0.9,Closed,clear_majority
5403,60006202,20,20,20,0,1.0,Closed,clear_majority
5404,60008486,20,20,20,0,1.0,Closed,clear_majority
5405,60001780,20,20,20,0,1.0,Closed,clear_majority
5406,60001827,20,20,20,0,1.0,Closed,clear_majority
5407,60001656,20,20,20,0,1.0,Closed,clear_majority
5408,60001036,20,20,20,0,1.0,Closed,clear_majority
5409,60002677,19,19,19,0,1.0,Closed,clear_majority
5410,60001690,20,20,20,0,1.0,Closed,clear_majority
5411,60002490,20,20,20,0,1.0,Closed,clear_majority
5412,60006346,20,20,20,0,1.0,Closed,clear_majority
5413,60010211,20,20,20,0,1.0,Closed,clear_majority
5415,60000089,20,20,20,0,1.0,Closed,clear_majority
5416,60004015,20,20,20,0,1.0,Closed,clear_majority
5417,60001667,20,20,20,0,1.0,Closed,clear_majority
5420,60000852,20,20,20,0,1.0,Closed,clear_majority
5421,60007384,20,20,20,0,1.0,Closed,clear_majority
5423,60000594,20,20,20,0,1.0,Closed,clear_majority
5424,60001440,20,20,20,0,1.0,Closed,clear_majority
5635,60007293,20,20,20,0,1.0,Closed,clear_majority
5636,60002919,20,20,20,0,1.0,Closed,clear_majority
5719,60110710,17,17,16,1,0.941,Closed,clear_majority
5730,60006586,20,20,20,0,1.0,Closed,clear_majority
5848,60006371,20,20,20,0,1.0,Closed,clear_majority
5897,60110709,17,17,16,1,0.941,Closed,clear_majority
6021,60110712,17,17,13,4,0.765,Closed,mixed
6037,60112298,17,17,17,0,1.0,Closed,clear_majority
6084,60112297,17,17,17,0,1.0,Closed,clear_majority
6562,60111378,17,17,17,0,1.0,Closed,clear_majority
6671,60001958,20,20,20,0,1.0,Closed,clear_majority
6714,60007294,20,20,20,0,1.0,Closed,clear_majority
6863,60004161,20,20,20,0,1.0,Closed,clear_majority
7067,60003642,20,20,20,0,1.0,Closed,clear_majority
7075,60005581,20,20,14,6,0.7,Closed,mixed
7157,60003345,20,20,20,0,1.0,Closed,clear_majority
7281,60111010,17,17,17,0,1.0,Closed,clear_majority
7302,60111027,17,17,17,0,1.0,Closed,clear_majority
7487,60005220,20,20,20,0,1.0,Closed,clear_majority
7650,60110711,17,17,17,0,1.0,Closed,clear_majority
7740,60005737,20,20,20,0,1.0,Closed,clear_majority
7847,60006584,20,20,20,0,1.0,Closed,clear_majority
7903,60111204,17,17,0,17,0.0,Open,clear_majority
8148,60006372,20,20,20,0,1.0,Closed,clear_majority
8158,60004840,20,20,20,0,1.0,Closed,clear_majority
8191,60005569,20,20,20,0,1.0,Closed,clear_majority
8360,60006373,20,20,20,0,1.0,Closed,clear_majority
8434,60006858,20,20,20,0,1.0,Closed,clear_majority
8723,60001772,20,20,20,0,1.0,Closed,clear_majority
8928,60007127,20,20,20,0,1.0,Closed,clear_majority
8978,60112799,17,17,17,0,1.0,Closed,clear_majority
9375,60008208,20,20,20,0,1.0,Closed,clear_majority
9627,60008108,19,19,19,0,1.0,Closed,clear_majority
10081,60004216,20,20,18,2,0.9,Closed,clear_majority
10084,60003167,20,20,20,0,1.0,Closed,clear_majority
10263,60006585,20,20,20,0,1.0,Closed,clear_majority
10394,60001105,20,20,20,0,1.0,Closed,clear_majority
10545,60004148,20,20,19,1,0.95,Closed,clear_majority
10613,60005697,20,20,20,0,1.0,Closed,clear_majority
10664,60024439,0,0,0,0,,,no_pto_data
11052,60003536,20,20,20,0,1.0,Closed,clear_majority
11053,60003126,20,20,20,0,1.0,Closed,clear_majority
11436,60006370,20,20,14,6,0.7,Closed,mixed
11498,60112317,17,17,17,0,1.0,Closed,clear_majority
11516,60006941,20,20,20,0,1.0,Closed,clear_majority
11930,60011034,20,20,20,0,1.0,Closed,clear_majority
12063,60004597,20,20,20,0,1.0,Closed,clear_majority
12489,60010854,20,20,20,0,1.0,Closed,clear_majority
12579,60004596,20,20,20,0,1.0,Closed,clear_majority
12843,60006854,20,20,20,0,1.0,Closed,clear_majority
12853,60112146,17,17,17,0,1.0,Closed,clear_majority
12982,60008377,20,20,20,0,1.0,Closed,clear_majority
13035,60009064,20,20,20,0,1.0,Closed,clear_majority
13227,60002852,20,20,20,0,1.0,Closed,clear_majority
13348,60008792,20,20,20,0,1.0,Closed,clear_majority
13370,60001099,20,20,20,0,1.0,Closed,clear_majority
13566,60005317,20,20,20,0,1.0,Closed,clear_majority
13706,60004543,20,20,20,0,1.0,Closed,clear_majority
13708,60007171,20,20,20,0,1.0,Closed,clear_majority
13750,60004547,20,20,20,0,1.0,Closed,clear_majority
13799,60007170,20,20,20,0,1.0,Closed,clear_majority
13825,60008763,2,2,2,0,1.0,Closed,clear_majority
13834,60001028,20,20,20,0,1.0,Closed,clear_majority
13894,60005202,20,20,20,0,1.0,Closed,clear_majority
13979,60007076,20,20,20,0,1.0,Closed,clear_majority
14004,60007078,20,20,20,0,1.0,Closed,clear_majority
14024,60007079,20,20,20,0,1.0,Closed,clear_majority
14097,60008707,20,20,20,0,1.0,Closed,clear_majority
14166,60112273,17,17,17,0,1.0,Closed,clear_majority
14167,60112274,17,17,17,0,1.0,Closed,clear_majority
14535,60013036,1,1,1,0,1.0,Closed,clear_majority
14790,60000140,20,20,20,0,1.0,Closed,clear_majority
14904,60003263,20,20,20,0,1.0,Closed,clear_majority
15126,60001635,20,20,18,2,0.9,Closed,clear_majority
15252,60008088,20,20,20,0,1.0,Closed,clear_majority
15430,60007936,20,20,20,0,1.0,Closed,clear_majority
15506,60004452,20,20,20,0,1.0,Closed,clear_majority
15644,60011273,17,17,17,0,1.0,Closed,clear_majority
15865,60007181,20,20,20,0,1.0,Closed,clear_majority
16105,60009185,20,20,20,0,1.0,Closed,clear_majority
16175,60111387,17,17,17,0,1.0,Closed,clear_majority
16467,60005563,20,20,20,0,1.0,Closed,clear_majority
16582,60001847,20,20,20,0,1.0,Closed,clear_majority
16596,60001848,20,20,20,0,1.0,Closed,clear_majority
16626,60001554,20,20,20,0,1.0,Closed,clear_majority
16629,60008681,20,20,20,0,1.0,Closed,clear_majority
16955,60004538,20,20,20,0,1.0,Closed,clear_majority
17056,60001693,20,20,20,0,1.0,Closed,clear_majority
17063,60007408,20,20,20,0,1.0,Closed,clear_majority
17123,60007407,20,20,20,0,1.0,Closed,clear_majority
17155,60011274,17,17,17,0,1.0,Closed,clear_majority
17415,60004061,20,20,20,0,1.0,Closed,clear_majority
17917,60008203,20,20,20,0,1.0,Closed,clear_majority
17919,60008198,20,20,19,1,0.95,Closed,clear_majority
17929,60008628,20,20,20,0,1.0,Closed,clear_majority
18033,60008199,20,20,20,0,1.0,Closed,clear_majority
18043,60008204,20,20,19,1,0.95,Closed,clear_majority
18299,60004149,20,20,20,0,1.0,Closed,clear_majority
18339,60005562,20,20,19,1,0.95,Closed,clear_majority
18341,60003716,20,20,19,1,0.95,Closed,clear_majority
18454,60002851,20,20,20,0,1.0,Closed,clear_majority
18718,60110952,17,17,17,0,1.0,Closed,clear_majority
18879,60008488,20,20,20,0,1.0,Closed,clear_majority
18882,60008489,20,20,19,1,0.95,Closed,clear_majority
18935,60112122,17,17,17,0,1.0,Closed,clear_majority
18957,60006078,20,20,20,0,1.0,Closed,clear_majority
18959,60004308,20,20,20,0,1.0,Closed,clear_majority
19215,60111837,17,17,17,0,1.0,Closed,clear_majority
19499,60005391,20,20,20,0,1.0,Closed,clear_majority
19531,60001595,20,20,20,0,1.0,Closed,clear_majority
19553,60000141,20,20,20,0,1.0,Closed,clear_majority
19593,60006318,20,20,20,0,1.0,Closed,clear_majority
19594,60002893,20,20,20,0,1.0,Closed,clear_majority
19730,60003578,20,20,20,0,1.0,Closed,clear_majority
20172,60009421,20,20,20,0,1.0,Closed,clear_majority
20395,60011621,20,20,20,0,1.0,Closed,clear_majority
20442,60111849,17,17,17,0,1.0,Closed,clear_majority
20821,60008217,20,20,20,0,1.0,Closed,clear_majority
20860,60003998,20,20,20,0,1.0,Closed,clear_majority
20920,60003999,20,20,20,0,1.0,Closed,clear_majority
20991,60008485,20,20,20,0,1.0,Closed,clear_majority
21011,60003368,20,20,20,0,1.0,Closed,clear_majority
21229,60111467,17,17,17,0,1.0,Closed,clear_majority
21239,60111774,17,17,17,0,1.0,Closed,clear_majority
21353,60004356,20,20,20,0,1.0,Closed,clear_majority
21361,60111531,17,17,17,0,1.0,Closed,clear_majority
21369,60004357,20,20,20,0,1.0,Closed,clear_majority
21418,60005224,20,20,20,0,1.0,Closed,clear_majority
21497,60008563,20,20,20,0,1.0,Closed,clear_majority
21558,60009919,20,20,20,0,1.0,Closed,clear_majority
21584,60002957,20,20,20,0,1.0,Closed,clear_majority
21711,60045805,0,0,0,0,,,no_pto_data
21771,60008755,20,20,20,0,1.0,Closed,clear_majority
21924,60003664,20,20,20,0,1.0,Closed,clear_majority
21934,60003282,20,20,20,0,1.0,Closed,clear_majority
22116,60003675,20,20,20,0,1.0,Closed,clear_majority
22121,60006389,20,20,20,0,1.0,Closed,clear_majority
22144,60002991,20,20,20,0,1.0,Closed,clear_majority
22149,60004311,20,20,20,0,1.0,Closed,clear_majority
22249,60045806,0,0,0,0,,,no_pto_data
22321,60112268,17,17,17,0,1.0,Closed,clear_majority
22492,60007568,20,20,20,0,1.0,Closed,clear_majority
22978,60008001,20,20,20,0,1.0,Closed,clear_majority
23084,60006149,20,20,20,0,1.0,Closed,clear_majority
23174,60005520,20,20,20,0,1.0,Closed,clear_majority
23249,60009725,20,20,20,0,1.0,Closed,clear_majority
23349,60002686,20,20,20,0,1.0,Closed,clear_majority
23359,60002694,20,20,20,0,1.0,Closed,clear_majority
23675,60007701,20,20,20,0,1.0,Closed,clear_majority
23710,60003720,20,20,20,0,1.0,Closed,clear_majority
23714,60006833,20,20,20,0,1.0,Closed,clear_majority
23747,60008721,20,20,20,0,1.0,Closed,clear_majority
23868,60006747,20,20,20,0,1.0,Closed,clear_majority
24013,60006757,20,20,20,0,1.0,Closed,clear_majority
24107,60110942,17,17,17,0,1.0,Closed,clear_majority
24132,60007085,20,20,20,0,1.0,Closed,clear_majority
24156,60011221,20,20,20,0,1.0,Closed,clear_majority
24157,60007598,20,20,20,0,1.0,Closed,clear_majority
24178,60007599,20,20,20,0,1.0,Closed,clear_majority
24182,60008976,0,0,0,0,,,no_pto_data
24313,60004595,20,20,20,0,1.0,Closed,clear_majority
24464,60008476,16,16,15,1,0.938,Closed,clear_majority
24642,60007607,20,20,20,0,1.0,Closed,clear_majority
24652,60005218,20,20,20,0,1.0,Closed,clear_majority
24939,60002655,20,20,20,0,1.0,Closed,clear_majority
25116,60007502,20,20,20,0,1.0,Closed,clear_majority
25178,60008470,16,16,15,1,0.938,Closed,clear_majority
25363,60007219,20,20,20,0,1.0,Closed,clear_majority
25389,60005226,20,20,19,1,0.95,Closed,clear_majority
25451,60001933,20,20,20,0,1.0,Closed,clear_majority
25534,60001735,20,20,20,0,1.0,Closed,clear_majority
25655,60006037,20,20,20,0,1.0,Closed,clear_majority
25660,60005194,20,20,20,0,1.0,Closed,clear_majority
25811,60006668,20,20,20,0,1.0,Closed,clear_majority
25908,60002981,20,20,20,0,1.0,Closed,clear_majority
26180,60004530,20,20,20,0,1.0,Closed,clear_majority
26290,60004668,20,20,20,0,1.0,Closed,clear_majority
26320,60004657,20,20,20,0,1.0,Closed,clear_majority
26449,60001771,20,20,20,0,1.0,Closed,clear_majority
26477,60001760,20,20,20,0,1.0,Closed,clear_majority
26492,60008475,16,16,15,1,0.938,Closed,clear_majority
26602,60004819,20,20,20,0,1.0,Closed,clear_majority
26695,60006070,20,20,20,0,1.0,Closed,clear_majority
26762,60003140,20,20,0,20,0.0,Open,clear_majority
26763,60003141,20,20,0,20,0.0,Open,clear_majority
26899,60002982,20,20,20,0,1.0,Closed,clear_majority
27310,60002174,20,20,20,0,1.0,Closed,clear_majority
27438,60112123,17,17,17,0,1.0,Closed,clear_majority
27503,60006127,20,20,20,0,1.0,Closed,clear_majority
27504,60006128,20,20,20,0,1.0,Closed,clear_majority
27566,60008156,20,20,20,0,1.0,Closed,clear_majority
27660,60004070,20,20,20,0,1.0,Closed,clear_majority
27679,60009533,20,20,20,0,1.0,Closed,clear_majority
27872,60000383,20,20,20,0,1.0,Closed,clear_majority
27915,60000142,20,20,20,0,1.0,Closed,clear_majority
27933,60111426,17,17,17,0,1.0,Closed,clear_majority
27952,60111429,17,17,17,0,1.0,Closed,clear_majority
28005,60002889,20,20,20,0,1.0,Closed,clear_majority
28013,60110825,17,17,17,0,1.0,Closed,clear_majority
28048,60110824,17,17,17,0,1.0,Closed,clear_majority
28107,60008065,20,20,20,0,1.0,Closed,clear_majority
28240,60003502,20,20,20,0,1.0,Closed,clear_majority
28242,60007724,20,20,20,0,1.0,Closed,clear_majority
28328,60006547,14,14,14,0,1.0,Closed,clear_majority
28444,60006548,20,20,20,0,1.0,Closed,clear_majority
28773,60007883,20,20,20,0,1.0,Closed,clear_majority
28779,60001892,20,20,20,0,1.0,Closed,clear_majority
29082,60004912,20,20,20,0,1.0,Closed,clear_majority
29087,60003435,20,20,20,0,1.0,Closed,clear_majority
29112,60112269,17,17,17,0,1.0,Closed,clear_majority
29113,60112270,17,17,17,0,1.0,Closed,clear_majority
29482,60006445,20,20,20,0,1.0,Closed,clear_majority
29771,60007608,20,20,20,0,1.0,Closed,clear_majority
29857,60001700,20,20,0,20,0.0,Open,clear_majority
29860,60008770,20,20,20,0,1.0,Closed,clear_majority
30020,60004077,20,20,20,0,1.0,Closed,clear_majority
30128,60112567,17,17,17,0,1.0,Closed,clear_majority
30229,60007218,3,3,3,0,1.0,Closed,clear_majority
30267,60112568,17,17,17,0,1.0,Closed,clear_majority
30352,60005847,20,20,20,0,1.0,Closed,clear_majority
30371,60003916,20,20,20,0,1.0,Closed,clear_majority
30487,60001668,20,20,20,0,1.0,Closed,clear_majority
30570,60009425,20,20,20,0,1.0,Closed,clear_majority
30589,60003673,20,20,20,0,1.0,Closed,clear_majority
30751,60004051,20,20,20,0,1.0,Closed,clear_majority
31053,60111728,17,17,17,0,1.0,Closed,clear_majority
31054,60008769,20,20,20,0,1.0,Closed,clear_majority
31071,60007290,20,20,20,0,1.0,Closed,clear_majority
31076,60002013,20,20,20,0,1.0,Closed,clear_majority
31088,60007555,20,20,18,2,0.9,Closed,clear_majority
31399,60009081,20,20,20,0,1.0,Closed,clear_majority
31405,60004852,20,20,20,0,1.0,Closed,clear_majority
31617,60110739,17,17,17,0,1.0,Closed,clear_majority
31680,60112800,17,17,17,0,1.0,Closed,clear_majority
31683,60006042,20,20,20,0,1.0,Closed,clear_majority
31691,60003461,20,20,20,0,1.0,Closed,clear_majority
31828,60001558,20,20,20,0,1.0,Closed,clear_majority
31886,60000805,20,20,20,0,1.0,Closed,clear_majority
32145,60008410,20,20,20,0,1.0,Closed,clear_majority
32282,60004230,20,20,19,1,0.95,Closed,clear_majority
32295,60007613,20,20,18,2,0.9,Closed,clear_majority
32505,60009772,20,20,20,0,1.0,Closed,clear_majority
32522,60005815,20,20,20,0,1.0,Closed,clear_majority
32820,60005509,20,20,20,0,1.0,Closed,clear_majority
32873,60004533,17,17,17,0,1.0,Closed,clear_majority
32957,60000389,20,20,20,0,1.0,Closed,clear_majority
33017,60006855,20,20,20,0,1.0,Closed,clear_majority
33040,60008131,20,20,20,0,1.0,Closed,clear_majority
33115,60112272,17,17,17,0,1.0,Closed,clear_majority
33121,60112271,17,17,17,0,1.0,Closed,clear_majority
33203,60004424,20,20,20,0,1.0,Closed,clear_majority
33498,60004041,20,20,20,0,1.0,Closed,clear_majority
33736,60110898,17,17,17,0,1.0,Closed,clear_majority
33877,60003372,20,20,20,0,1.0,Closed,clear_majority
33959,60007976,20,20,20,0,1.0,Closed,clear_majority
34351,60001858,20,20,20,0,1.0,Closed,clear_majority
34363,60004050,20,20,20,0,1.0,Closed,clear_majority
34384,60005117,20,20,20,0,1.0,Closed,clear_majority
34522,60004371,20,20,20,0,1.0,Closed,clear_majority
34523,60004380,20,20,20,0,1.0,Closed,clear_majority
34525,60004375,20,20,20,0,1.0,Closed,clear_majority
34526,60004382,20,20,20,0,1.0,Closed,clear_majority
34527,60004383,20,20,20,0,1.0,Closed,clear_majority
34529,60004384,20,20,20,0,1.0,Closed,clear_majority
34530,60004385,20,20,20,0,1.0,Closed,clear_majority
34531,60004373,20,20,20,0,1.0,Closed,clear_majority
34535,60004381,20,20,20,0,1.0,Closed,clear_majority
34536,60004370,20,20,20,0,1.0,Closed,clear_majority
34537,60004372,20,20,20,0,1.0,Closed,clear_majority
34538,60004386,20,20,20,0,1.0,Closed,clear_majority
34547,60004388,20,20,20,0,1.0,Closed,clear_majority
34548,60004377,20,20,20,0,1.0,Closed,clear_majority
34549,60004378,20,20,20,0,1.0,Closed,clear_majority
34550,60004387,20,20,20,0,1.0,Closed,clear_majority
34551,60004376,20,20,20,0,1.0,Closed,clear_majority
34552,60004379,20,20,20,0,1.0,Closed,clear_majority
34571,60004826,20,20,20,0,1.0,Closed,clear_majority
34658,60005646,20,20,20,0,1.0,Closed,clear_majority
34929,60005649,20,20,20,0,1.0,Closed,clear_majority
35237,60008754,20,20,20,0,1.0,Closed,clear_majority
35347,60008778,20,20,20,0,1.0,Closed,clear_majority
35416,60001874,20,20,20,0,1.0,Closed,clear_majority
36106,60005065,20,20,20,0,1.0,Closed,clear_majority
36305,60007977,20,20,20,0,1.0,Closed,clear_majority
36678,60009271,20,20,20,0,1.0,Closed,clear_majority
36769,60007937,20,20,19,1,0.95,Closed,clear_majority
37128,60006669,20,20,20,0,1.0,Closed,clear_majority
37164,60007464,20,20,20,0,1.0,Closed,clear_majority
37546,60001766,20,20,20,0,1.0,Closed,clear_majority
37642,60001318,20,20,20,0,1.0,Closed,clear_majority
37839,60008110,20,20,19,1,0.95,Closed,clear_majority
37845,60000179,20,20,20,0,1.0,Closed,clear_majority
38081,60001326,20,20,20,0,1.0,Closed,clear_majority
38217,60052970,3,3,3,0,1.0,Closed,clear_majority
38314,60052971,3,3,3,0,1.0,Closed,clear_majority
38346,60002674,20,20,20,0,1.0,Closed,clear_majority
38560,60009145,20,20,19,1,0.95,Closed,clear_majority
38564,60008822,20,20,20,0,1.0,Closed,clear_majority
38751,60001763,20,20,20,0,1.0,Closed,clear_majority
38758,60005510,19,19,19,0,1.0,Closed,clear_majority
38945,60007881,20,20,20,0,1.0,Closed,clear_majority
39275,60008727,20,20,20,0,1.0,Closed,clear_majority
39480,60006646,20,20,20,0,1.0,Closed,clear_majority
39481,60000329,20,20,20,0,1.0,Closed,clear_majority
39798,60111166,16,16,16,0,1.0,Closed,clear_majority
39970,60001677,20,20,20,0,1.0,Closed,clear_majority
39986,60001333,20,20,20,0,1.0,Closed,clear_majority
40034,60005579,20,20,20,0,1.0,Closed,clear_majority
40075,60000118,16,16,16,0,1.0,Closed,clear_majority
40155,60000330,20,20,20,0,1.0,Closed,clear_majority
40942,60001678,20,20,20,0,1.0,Closed,clear_majority
40958,60001742,20,20,20,0,1.0,Closed,clear_majority
41044,60000298,20,20,20,0,1.0,Closed,clear_majority
41077,60111766,17,17,17,0,1.0,Closed,clear_majority
41080,60111773,17,17,17,0,1.0,Closed,clear_majority
41175,60005315,20,20,20,0,1.0,Closed,clear_majority
41231,60111756,17,17,12,5,0.706,Closed,mixed
41249,60008069,20,20,20,0,1.0,Closed,clear_majority
41969,60009084,20,20,20,0,1.0,Closed,clear_majority
42360,60112125,17,17,17,0,1.0,Closed,clear_majority
42428,60006417,20,20,20,0,1.0,Closed,clear_majority
42442,60002998,20,20,20,0,1.0,Closed,clear_majority
42487,60009609,17,17,17,0,1.0,Closed,clear_majority
42807,60112279,17,17,17,0,1.0,Closed,clear_majority
42966,60004730,20,20,14,6,0.7,Closed,mixed
43143,60005713,20,20,20,0,1.0,Closed,clear_majority
43247,60110616,17,17,16,1,0.941,Closed,clear_majority
43340,60112128,17,17,17,0,1.0,Closed,clear_majority
43609,60110618,17,17,17,0,1.0,Closed,clear_majority
43703,60110617,17,17,17,0,1.0,Closed,clear_majority
43982,60112565,17,17,16,1,0.941,Closed,clear_majority
44000,60012689,20,20,20,0,1.0,Closed,clear_majority
44181,60112566,17,17,17,0,1.0,Closed,clear_majority
44356,60011955,20,20,20,0,1.0,Closed,clear_majority
44519,60008146,20,20,20,0,1.0,Closed,clear_majority
44609,60007365,20,20,20,0,1.0,Closed,clear_majority
45453,60001734,20,20,17,3,0.85,Closed,clear_majority
45455,60002633,20,20,20,0,1.0,Closed,clear_majority
46048,60003277,20,20,20,0,1.0,Closed,clear_majority
46257,60003278,20,20,20,0,1.0,Closed,clear_majority
46419,60007860,20,20,20,0,1.0,Closed,clear_majority
47149,60002636,20,20,20,0,1.0,Closed,clear_majority
47588,60008420,20,20,20,0,1.0,Closed,clear_majority
47633,60004831,20,20,20,0,1.0,Closed,clear_majority
47636,60004832,20,20,19,1,0.95,Closed,clear_majority
47667,60004835,20,20,19,1,0.95,Closed,clear_majority
47814,60008174,20,20,20,0,1.0,Closed,clear_majority
47823,60002637,20,20,20,0,1.0,Closed,clear_majority
48127,60004833,20,20,20,0,1.0,Closed,clear_majority
48129,60004834,20,20,19,1,0.95,Closed,clear_majority
48173,60112590,17,17,17,0,1.0,Closed,clear_majority
48404,60008128,20,20,20,0,1.0,Closed,clear_majority
48830,60112138,17,17,16,1,0.941,Closed,clear_majority
48841,60005785,20,20,19,1,0.95,Closed,clear_majority
48856,60008359,20,20,20,0,1.0,Closed,clear_majority
49329,60007418,20,20,20,0,1.0,Closed,clear_majority
49501,60002714,20,20,20,0,1.0,Closed,clear_majority
49699,60002315,20,20,18,2,0.9,Closed,clear_majority
49843,60112875,3,3,3,0,1.0,Closed,clear_majority
49933,60005955,18,18,18,0,1.0,Closed,clear_majority
49977,60007884,20,20,20,0,1.0,Closed,clear_majority
50144,60007807,20,20,20,0,1.0,Closed,clear_majority
50250,60112424,17,17,17,0,1.0,Closed,clear_majority
50475,60002638,20,20,20,0,1.0,Closed,clear_majority
50478,60112423,17,17,17,0,1.0,Closed,clear_majority
50796,60112422,17,17,17,0,1.0,Closed,clear_majority
51184,60005324,20,20,20,0,1.0,Closed,clear_majority
51347,60006603,20,20,20,0,1.0,Closed,clear_majority
51525,60006206,20,20,20,0,1.0,Closed,clear_majority
51563,60006204,20,20,20,0,1.0,Closed,clear_majority
51604,60006205,20,20,20,0,1.0,Closed,clear_majority
51782,60111377,17,17,17,0,1.0,Closed,clear_majority
53086,60006856,20,20,20,0,1.0,Closed,clear_majority
53274,60004693,20,20,20,0,1.0,Closed,clear_majority
53290,60007644,20,20,14,6,0.7,Closed,mixed
53743,60004933,20,20,20,0,1.0,Closed,clear_majority
53844,60007950,20,20,20,0,1.0,Closed,clear_majority
53948,60111669,17,17,17,0,1.0,Closed,clear_majority
54008,60110716,17,17,17,0,1.0,Closed,clear_majority
54139,60007942,20,20,17,3,0.85,Closed,clear_majority
54276,60005648,20,20,20,0,1.0,Closed,clear_majority
54317,60007941,20,20,20,0,1.0,Closed,clear_majority
54965,60003625,20,20,17,3,0.85,Closed,clear_majority
55269,60008627,20,20,20,0,1.0,Closed,clear_majority
55864,60003371,20,20,20,0,1.0,Closed,clear_majority
56100,60006438,20,20,20,0,1.0,Closed,clear_majority
56195,60004844,20,20,20,0,1.0,Closed,clear_majority
56297,60003204,20,20,20,0,1.0,Closed,clear_majority
56417,60008176,20,20,20,0,1.0,Closed,clear_majority
56912,60004369,20,20,20,0,1.0,Closed,clear_majority
56913,60004368,20,20,20,0,1.0,Closed,clear_majority
56924,60000843,20,20,20,0,1.0,Closed,clear_majority
57661,60006069,18,18,18,0,1.0,Closed,clear_majority
57711,60017207,0,0,0,0,,,no_pto_data
57789,60007484,20,20,20,0,1.0,Closed,clear_majority
57843,60006619,20,20,20,0,1.0,Closed,clear_majority
58082,60005162,20,20,20,0,1.0,Closed,clear_majority
58390,60111713,17,17,17,0,1.0,Closed,clear_majority
58585,60005219,20,20,20,0,1.0,Closed,clear_majority
58712,60005519,20,20,20,0,1.0,Closed,clear_majority
58779,60003822,20,20,20,0,1.0,Closed,clear_majority
58982,60112275,17,17,17,0,1.0,Closed,clear_majority
59628,60111480,17,17,16,1,0.941,Closed,clear_majority
59925,60000864,20,20,20,0,1.0,Closed,clear_majority
59927,60008497,20,20,20,0,1.0,Closed,clear_majority
59933,60111481,17,17,17,0,1.0,Closed,clear_majority
59944,60008051,20,20,20,0,1.0,Closed,clear_majority
60125,60001806,20,20,20,0,1.0,Closed,clear_majority
60229,60110806,17,17,17,0,1.0,Closed,clear_majority
60274,60007225,20,20,20,0,1.0,Closed,clear_majority
60320,60111266,17,17,17,0,1.0,Closed,clear_majority
60393,60112276,17,17,17,0,1.0,Closed,clear_majority
60394,60110706,17,17,17,0,1.0,Closed,clear_majority
60407,60110705,17,17,17,0,1.0,Closed,clear_majority
60412,60006247,20,20,20,0,1.0,Closed,clear_majority
60503,60022561,0,0,0,0,,,no_pto_data
60509,60006248,20,20,20,0,1.0,Closed,clear_majority
60527,60110791,17,17,17,0,1.0,Closed,clear_majority
60678,60110796,17,17,17,0,1.0,Closed,clear_majority
60694,60110864,17,17,17,0,1.0,Closed,clear_majority
60976,60110869,17,17,17,0,1.0,Closed,clear_majority
60992,60005812,20,20,16,4,0.8,Closed,mixed
61072,60003756,20,20,20,0,1.0,Closed,clear_majority
61149,60005813,20,20,17,3,0.85,Closed,clear_majority
61256,60111786,17,17,17,0,1.0,Closed,clear_majority
61257,60111063,17,17,17,0,1.0,Closed,clear_majority
61258,60111703,17,17,17,0,1.0,Closed,clear_majority
61265,60007728,20,20,20,0,1.0,Closed,clear_majority
61324,60008409,20,20,20,0,1.0,Closed,clear_majority
61328,60007729,20,20,20,0,1.0,Closed,clear_majority
61378,60007702,20,20,20,0,1.0,Closed,clear_majority
61498,60007703,20,20,20,0,1.0,Closed,clear_majority
61526,60007375,20,20,20,0,1.0,Closed,clear_majority
61636,60005600,20,20,20,0,1.0,Closed,clear_majority
61724,60110681,17,17,17,0,1.0,Closed,clear_majority
61732,60003860,20,20,20,0,1.0,Closed,clear_majority
61756,60007705,20,20,20,0,1.0,Closed,clear_majority
61835,60007706,20,20,20,0,1.0,Closed,clear_majority
61856,60110673,17,17,17,0,1.0,Closed,clear_majority
61889,60003849,20,20,20,0,1.0,Closed,clear_majority
62100,60112426,17,17,17,0,1.0,Closed,clear_majority
62167,60001299,20,20,19,1,0.95,Closed,clear_majority
62883,60000337,19,19,19,0,1.0,Closed,clear_majority
63432,60007192,20,20,20,0,1.0,Closed,clear_majority
63579,60112301,17,17,17,0,1.0,Closed,clear_majority
63907,60007500,20,20,20,0,1.0,Closed,clear_majority
64022,60003788,20,20,20,0,1.0,Closed,clear_majority
64110,60007270,20,20,20,0,1.0,Closed,clear_majority
64202,60003731,20,20,20,0,1.0,Closed,clear_majority
64449,60003734,20,20,20,0,1.0,Closed,clear_majority
64575,60008483,20,20,20,0,1.0,Closed,clear_majority
64802,60009774,20,20,20,0,1.0,Closed,clear_majority
65121,60004124,20,20,20,0,1.0,Closed,clear_majority
65543,60004956,20,20,20,0,1.0,Closed,clear_majority
65555,60006998,20,20,20,0,1.0,Closed,clear_majority
65716,60004125,20,20,20,0,1.0,Closed,clear_majority
65774,60007400,20,20,20,0,1.0,Closed,clear_majority
66241,60006356,20,20,20,0,1.0,Closed,clear_majority
66363,60111906,17,17,17,0,1.0,Closed,clear_majority
66495,60007458,20,20,20,0,1.0,Closed,clear_majority
66816,60006801,20,20,20,0,1.0,Closed,clear_majority
67205,60002656,20,20,20,0,1.0,Closed,clear_majority
67213,60000563,20,20,20,0,1.0,Closed,clear_majority
67716,60001949,20,20,20,0,1.0,Closed,clear_majority
67781,60003367,20,20,20,0,1.0,Closed,clear_majority
68156,60008087,20,20,20,0,1.0,Closed,clear_majority
68207,60001300,20,20,20,0,1.0,Closed,clear_majority
68214,60001824,20,20,20,0,1.0,Closed,clear_majority
68564,60007569,20,20,20,0,1.0,Closed,clear_majority
68641,60005591,20,20,20,0,1.0,Closed,clear_majority
68719,60003601,20,20,20,0,1.0,Closed,clear_majority
68738,60001267,20,20,20,0,1.0,Closed,clear_majority
68898,60112280,17,17,17,0,1.0,Closed,clear_majority
68935,60003600,3,3,3,0,1.0,Closed,clear_majority
69026,60005275,20,20,20,0,1.0,Closed,clear_majority
69127,60110856,17,17,17,0,1.0,Closed,clear_majority
69336,60110989,17,17,17,0,1.0,Closed,clear_majority
69541,60112281,17,17,17,0,1.0,Closed,clear_majority
69543,60001275,20,20,20,0,1.0,Closed,clear_majority
69686,60003334,19,19,19,0,1.0,Closed,clear_majority
69693,60003337,20,20,20,0,1.0,Closed,clear_majority
69860,60002994,20,20,20,0,1.0,Closed,clear_majority
69912,60006398,20,20,20,0,1.0,Closed,clear_majority
70161,60004610,20,20,20,0,1.0,Closed,clear_majority
70248,60001733,20,20,20,0,1.0,Closed,clear_majority
70297,60008126,20,20,20,0,1.0,Closed,clear_majority
70365,60008059,20,20,20,0,1.0,Closed,clear_majority
70524,60003821,20,20,20,0,1.0,Closed,clear_majority
70621,60111014,17,17,17,0,1.0,Closed,clear_majority
71379,60111701,17,17,17,0,1.0,Closed,clear_majority
71435,60004471,20,20,20,0,1.0,Closed,clear_majority
71630,60008473,20,20,20,0,1.0,Closed,clear_majority
71755,60005618,19,19,19,0,1.0,Closed,clear_majority
71859,60001269,20,20,20,0,1.0,Closed,clear_majority
72247,60008774,20,20,20,0,1.0,Closed,clear_majority
72321,60112288,17,17,17,0,1.0,Closed,clear_majority
72335,60112289,17,17,17,0,1.0,Closed,clear_majority
72370,60005586,19,19,19,0,1.0,Closed,clear_majority
72443,60005094,20,20,20,0,1.0,Closed,clear_majority
72460,60005468,20,20,20,0,1.0,Closed,clear_majority
72487,60006709,20,20,20,0,1.0,Closed,clear_majority
72996,60111432,17,17,17,0,1.0,Closed,clear_majority
73041,60000125,20,20,20,0,1.0,Closed,clear_majority
73077,60000126,20,20,20,0,1.0,Closed,clear_majority
73102,60000378,20,20,20,0,1.0,Closed,clear_majority
73117,60000379,20,20,20,0,1.0,Closed,clear_majority
73270,60004063,20,20,19,1,0.95,Closed,clear_majority
73311,60016872,0,0,0,0,,,no_pto_data
73549,60008000,20,20,20,0,1.0,Closed,clear_majority
73802,60112284,17,17,17,0,1.0,Closed,clear_majority
73807,60005830,20,20,20,0,1.0,Closed,clear_majority
74077,60001363,20,20,20,0,1.0,Closed,clear_majority
74129,60112285,17,17,17,0,1.0,Closed,clear_majority
74256,60112124,17,17,17,0,1.0,Closed,clear_majority
74270,60003417,20,20,20,0,1.0,Closed,clear_majority
74850,60006814,20,20,20,0,1.0,Closed,clear_majority
74946,60003419,20,20,20,0,1.0,Closed,clear_majority
74956,60008188,20,20,20,0,1.0,Closed,clear_majority
74959,60004767,20,20,20,0,1.0,Closed,clear_majority
74969,60008030,20,20,20,0,1.0,Closed,clear_majority
75235,60006997,20,20,20,0,1.0,Closed,clear_majority
75388,60003565,20,20,20,0,1.0,Closed,clear_majority
75395,60001778,20,20,20,0,1.0,Closed,clear_majority
75406,60004696,20,20,20,0,1.0,Closed,clear_majority
75861,60009116,20,20,20,0,1.0,Closed,clear_majority
75911,60006034,20,20,20,0,1.0,Closed,clear_majority
75959,60003418,20,20,20,0,1.0,Closed,clear_majority
75969,60006672,20,20,20,0,1.0,Closed,clear_majority
76055,60005402,20,20,16,4,0.8,Closed,mixed
76157,60011257,20,20,20,0,1.0,Closed,clear_majority
76173,60010500,20,20,20,0,1.0,Closed,clear_majority
76185,60010501,20,20,20,0,1.0,Closed,clear_majority
76597,60000331,20,20,20,0,1.0,Closed,clear_majority
76602,60000332,20,20,20,0,1.0,Closed,clear_majority
76864,60002951,20,20,20,0,1.0,Closed,clear_majority
76880,60002992,20,20,20,0,1.0,Closed,clear_majority
76965,60008037,20,20,20,0,1.0,Closed,clear_majority
76988,60111674,17,17,17,0,1.0,Closed,clear_majority
77059,60005178,20,20,20,0,1.0,Closed,clear_majority
77192,60004718,20,20,20,0,1.0,Closed,clear_majority
77459,60004590,20,20,20,0,1.0,Closed,clear_majority
77469,60005394,20,20,15,5,0.75,Closed,mixed
77555,60112798,17,17,17,0,1.0,Closed,clear_majority
77559,60112797,17,17,17,0,1.0,Closed,clear_majority
78130,60001672,20,20,20,0,1.0,Closed,clear_majority
78172,60009517,20,20,20,0,1.0,Closed,clear_majority
78205,60002022,20,20,20,0,1.0,Closed,clear_majority
78308,60005786,20,20,20,0,1.0,Closed,clear_majority
78866,60005270,20,20,20,0,1.0,Closed,clear_majority
78873,60006645,20,20,20,0,1.0,Closed,clear_majority
79056,60111907,17,17,17,0,1.0,Closed,clear_majority
79280,60007744,20,20,20,0,1.0,Closed,clear_majority
79433,60008063,20,20,18,2,0.9,Closed,clear_majority
79478,60008062,20,20,17,3,0.85,Closed,clear_majority
79539,60005879,20,20,20,0,1.0,Closed,clear_majority
79558,60005876,20,20,20,0,1.0,Closed,clear_majority
79625,60004309,20,20,11,9,0.55,Closed,mixed
79665,60004310,20,20,20,0,1.0,Closed,clear_majority
79938,60004492,20,20,20,0,1.0,Closed,clear_majority
79945,60110970,17,17,17,0,1.0,Closed,clear_majority
80439,60112290,17,17,17,0,1.0,Closed,clear_majority
80707,60112429,17,17,17,0,1.0,Closed,clear_majority
80857,60007285,20,20,20,0,1.0,Closed,clear_majority
80883,60007286,20,20,20,0,1.0,Closed,clear_majority
80918,60008016,20,20,20,0,1.0,Closed,clear_majority
81018,60111675,17,17,17,0,1.0,Closed,clear_majority
81372,60112277,17,17,17,0,1.0,Closed,clear_majority
81455,60112278,17,17,17,0,1.0,Closed,clear_majority
81516,60007156,20,20,20,0,1.0,Closed,clear_majority
81773,60008270,20,20,20,0,1.0,Closed,clear_majority
81961,60089991,20,20,20,0,1.0,Closed,clear_majority
81988,60008472,20,20,20,0,1.0,Closed,clear_majority
82012,60008523,20,20,20,0,1.0,Closed,clear_majority
82126,60004268,20,20,20,0,1.0,Closed,clear_majority
82196,60112575,17,17,17,0,1.0,Closed,clear_majority
82281,60006212,20,20,20,0,1.0,Closed,clear_majority
82290,60002929,20,20,20,0,1.0,Closed,clear_majority
82291,60002933,20,20,20,0,1.0,Closed,clear_majority
82355,60092052,20,20,20,0,1.0,Closed,clear_majority
82429,60008382,20,20,20,0,1.0,Closed,clear_majority
82433,60002936,20,20,20,0,1.0,Closed,clear_majority
82437,60002937,20,20,20,0,1.0,Closed,clear_majority
82593,60008878,20,20,20,0,1.0,Closed,clear_majority
82738,60112292,17,17,17,0,1.0,Closed,clear_majority
82779,60009166,20,20,3,17,0.15,Open,clear_majority
82962,60112291,17,17,17,0,1.0,Closed,clear_majority
83021,60011473,20,20,17,3,0.85,Closed,clear_majority
83190,60005570,20,20,20,0,1.0,Closed,clear_majority
83307,60008405,20,20,20,0,1.0,Closed,clear_majority
83320,60007988,20,20,20,0,1.0,Closed,clear_majority
83559,60004194,20,20,20,0,1.0,Closed,clear_majority
83560,60004411,20,20,20,0,1.0,Closed,clear_majority
83880,60112564,17,17,17,0,1.0,Closed,clear_majority
84214,60112140,17,17,17,0,1.0,Closed,clear_majority
84230,60112141,17,17,17,0,1.0,Closed,clear_majority
84351,60007080,20,20,20,0,1.0,Closed,clear_majority
84411,60112264,17,17,17,0,1.0,Closed,clear_majority
84452,60007558,20,20,20,0,1.0,Closed,clear_majority
84480,60008116,20,20,20,0,1.0,Closed,clear_majority
84674,60003059,20,20,20,0,1.0,Closed,clear_majority
84751,60007112,20,20,20,0,1.0,Closed,clear_majority
85073,60008209,20,20,20,0,1.0,Closed,clear_majority
85223,60004545,20,20,19,1,0.95,Closed,clear_majority
85229,60004544,20,20,19,1,0.95,Closed,clear_majority
85287,60001519,20,20,20,0,1.0,Closed,clear_majority
85302,60004548,20,20,19,1,0.95,Closed,clear_majority
85521,60001922,20,20,17,3,0.85,Closed,clear_majority
85568,60009262,20,20,20,0,1.0,Closed,clear_majority
85671,60005051,20,20,20,0,1.0,Closed,clear_majority
85689,60005675,20,20,20,0,1.0,Closed,clear_majority
85706,60008494,20,20,20,0,1.0,Closed,clear_majority
85776,60006475,20,20,20,0,1.0,Closed,clear_majority
85777,60007554,20,20,19,1,0.95,Closed,clear_majority
86125,60008977,20,20,20,0,1.0,Closed,clear_majority
86434,60006077,20,20,20,0,1.0,Closed,clear_majority
86577,60054627,0,0,0,0,,,no_pto_data
86655,60112293,17,17,17,0,1.0,Closed,clear_majority
86984,60001725,4,4,3,1,0.75,Closed,mixed
87055,60006850,20,20,20,0,1.0,Closed,clear_majority
87057,60008007,20,20,20,0,1.0,Closed,clear_majority
87084,60111051,17,17,17,0,1.0,Closed,clear_majority
87096,60008111,20,20,20,0,1.0,Closed,clear_majority
87546,60000336,20,20,20,0,1.0,Closed,clear_majority
87563,60008143,20,20,20,0,1.0,Closed,clear_majority
87585,60008144,20,20,20,0,1.0,Closed,clear_majority
87647,60002320,20,20,20,0,1.0,Closed,clear_majority
87861,60019490,0,0,0,0,,,no_pto_data
88075,60003314,20,20,20,0,1.0,Closed,clear_majority
88076,60003315,20,20,20,0,1.0,Closed,clear_majority
88401,60008474,20,20,20,0,1.0,Closed,clear_majority
88411,60008477,20,20,20,0,1.0,Closed,clear_majority
88442,60001910,20,20,20,0,1.0,Closed,clear_majority
88465,60009110,20,20,20,0,1.0,Closed,clear_majority
88491,60008081,20,20,20,0,1.0,Closed,clear_majority
88908,60003440,20,20,20,0,1.0,Closed,clear_majority
88974,60008178,20,20,20,0,1.0,Closed,clear_majority
89171,60008022,20,20,20,0,1.0,Closed,clear_majority
89174,60008023,20,20,20,0,1.0,Closed,clear_majority
89299,60112282,17,17,17,0,1.0,Closed,clear_majority
89306,60112283,17,17,17,0,1.0,Closed,clear_majority
89326,60007351,20,20,20,0,1.0,Closed,clear_majority
89687,60112142,17,17,17,0,1.0,Closed,clear_majority
89688,60112143,17,17,17,0,1.0,Closed,clear_majority
89903,60006476,20,20,20,0,1.0,Closed,clear_majority
89934,60007291,20,20,20,0,1.0,Closed,clear_majority
89995,60004505,20,20,20,0,1.0,Closed,clear_majority
90042,60005111,20,20,20,0,1.0,Closed,clear_majority
90173,60005706,20,20,20,0,1.0,Closed,clear_majority
90198,60002328,19,19,17,2,0.895,Closed,clear_majority
90199,60111508,17,17,16,1,0.941,Closed,clear_majority
90200,60111509,17,17,17,0,1.0,Closed,clear_majority
90235,60004229,20,20,20,0,1.0,Closed,clear_majority
90296,60005601,0,0,0,0,,,no_pto_data
90317,60002964,20,20,20,0,1.0,Closed,clear_majority
90348,60007814,20,20,20,0,1.0,Closed,clear_majority
90403,60005165,20,20,20,0,1.0,Closed,clear_majority
90675,60008196,20,20,20,0,1.0,Closed,clear_majority
90689,60005822,20,20,20,0,1.0,Closed,clear_majority
90820,60005824,20,20,20,0,1.0,Closed,clear_majority
90864,60032560,0,0,0,0,,,no_pto_data
91003,60008487,20,20,20,0,1.0,Closed,clear_majority
91004,60008003,0,0,0,0,,,no_pto_data
91007,60008484,20,20,20,0,1.0,Closed,clear_majority
91009,60007973,20,20,20,0,1.0,Closed,clear_majority
91206,60008012,20,20,20,0,1.0,Closed,clear_majority
91262,60008423,20,20,20,0,1.0,Closed,clear_majority
91403,60008365,0,0,0,0,,,no_pto_data
91422,60007347,20,20,20,0,1.0,Closed,clear_majority
91633,60008246,20,20,19,1,0.95,Closed,clear_majority
91655,60112139,17,17,16,1,0.941,Closed,clear_majority
91943,60008724,20,20,19,1,0.95,Closed,clear_majority
92292,60008073,20,20,20,0,1.0,Closed,clear_majority
92293,60110703,17,17,17,0,1.0,Closed,clear_majority
92304,60008434,20,20,20,0,1.0,Closed,clear_majority
92329,60004404,20,20,20,0,1.0,Closed,clear_majority
92360,60008443,20,20,20,0,1.0,Closed,clear_majority
92635,60112144,17,17,17,0,1.0,Closed,clear_majority
92687,60112145,17,17,17,0,1.0,Closed,clear_majority
93079,60008495,20,20,20,0,1.0,Closed,clear_majority
93119,60008017,20,20,18,2,0.9,Closed,clear_majority
93328,60112428,17,17,17,0,1.0,Closed,clear_majority
93380,60112427,17,17,17,0,1.0,Closed,clear_majority
93499,60007993,20,20,20,0,1.0,Closed,clear_majority
93500,60112296,17,17,17,0,1.0,Closed,clear_majority
93612,60007982,20,20,20,0,1.0,Closed,clear_majority
93827,60001031,20,20,20,0,1.0,Closed,clear_majority
94034,60006819,20,20,20,0,1.0,Closed,clear_majority
94085,60003409,20,20,20,0,1.0,Closed,clear_majority
94191,60112587,17,17,17,0,1.0,Closed,clear_majority
94340,60112147,17,17,17,0,1.0,Closed,clear_majority
94395,60112554,17,17,17,0,1.0,Closed,clear_majority
94445,60006561,20,20,20,0,1.0,Closed,clear_majority
94510,60111486,17,17,16,1,0.941,Closed,clear_majority
94511,60111488,17,17,17,0,1.0,Closed,clear_majority
94531,60007984,20,20,20,0,1.0,Closed,clear_majority
94586,60008159,20,20,20,0,1.0,Closed,clear_majority
94590,60008766,20,20,20,0,1.0,Closed,clear_majority
94606,60007987,20,20,20,0,1.0,Closed,clear_majority
94696,60007955,20,20,20,0,1.0,Closed,clear_majority
94970,60008517,20,20,10,10,0.5,Closed,mixed
94980,60007980,20,20,20,0,1.0,Closed,clear_majority
95007,60008750,20,20,20,0,1.0,Closed,clear_majority
95037,60111884,17,17,17,0,1.0,Closed,clear_majority
95044,60111883,17,17,17,0,1.0,Closed,clear_majority
95162,60008926,20,20,20,0,1.0,Closed,clear_majority
95259,60009216,20,20,20,0,1.0,Closed,clear_majority
95377,60008219,20,20,20,0,1.0,Closed,clear_majority
95394,60008220,20,20,20,0,1.0,Closed,clear_majority
95416,60111028,17,17,17,0,1.0,Closed,clear_majority
95425,60008210,20,20,19,1,0.95,Closed,clear_majority
95516,60005082,20,20,20,0,1.0,Closed,clear_majority
95546,60111008,17,17,17,0,1.0,Closed,clear_majority
95773,60008101,20,20,20,0,1.0,Closed,clear_majority
95831,60008032,20,20,20,0,1.0,Closed,clear_majority
95875,60007974,20,20,20,0,1.0,Closed,clear_majority
95917,60007972,20,20,20,0,1.0,Closed,clear_majority
95950,60008221,20,20,20,0,1.0,Closed,clear_majority
96290,60008402,20,20,20,0,1.0,Closed,clear_majority
96541,60009217,20,20,20,0,1.0,Closed,clear_majority
96852,60008467,20,20,20,0,1.0,Closed,clear_majority
96862,60008522,20,20,20,0,1.0,Closed,clear_majority
96882,60110692,17,17,17,0,1.0,Closed,clear_majority
96899,60008521,20,20,20,0,1.0,Closed,clear_majority
96909,60110693,17,17,17,0,1.0,Closed,clear_majority
96962,60008466,20,20,20,0,1.0,Closed,clear_majority
97202,60003669,20,20,20,0,1.0,Closed,clear_majority
97221,60004162,20,20,20,0,1.0,Closed,clear_majority
97299,60112596,17,17,17,0,1.0,Closed,clear_majority
97351,60008886,20,20,20,0,1.0,Closed,clear_majority
97708,60011283,20,20,20,0,1.0,Closed,clear_majority
97748,60008013,20,20,18,2,0.9,Closed,clear_majority
97771,60007990,20,20,18,2,0.9,Closed,clear_majority
97782,60009277,20,20,20,0,1.0,Closed,clear_majority
97895,60111019,17,17,17,0,1.0,Closed,clear_majority
97913,60111322,17,17,17,0,1.0,Closed,clear_majority
97977,60002455,20,20,20,0,1.0,Closed,clear_majority
98510,60008254,20,20,20,0,1.0,Closed,clear_majority
98521,60009280,20,20,20,0,1.0,Closed,clear_majority
98558,60008253,20,20,20,0,1.0,Closed,clear_majority
98608,60110742,17,17,16,1,0.941,Closed,clear_majority
98709,60110744,17,17,17,0,1.0,Closed,clear_majority
98732,60110743,17,17,17,0,1.0,Closed,clear_majority
98920,60008383,20,20,19,1,0.95,Closed,clear_majority
98939,60008384,20,20,20,0,1.0,Closed,clear_majority
99265,60002438,20,20,20,0,1.0,Closed,clear_majority
99318,60010862,20,20,20,0,1.0,Closed,clear_majority
99398,60112309,17,17,17,0,1.0,Closed,clear_majority
99432,60008411,20,20,20,0,1.0,Closed,clear_majority
99469,60005816,20,20,20,0,1.0,Closed,clear_majority
99640,60008412,20,20,20,0,1.0,Closed,clear_majority
99667,60008496,20,20,20,0,1.0,Closed,clear_majority
99800,60007975,20,20,20,0,1.0,Closed,clear_majority
99874,60008237,20,20,20,0,1.0,Closed,clear_majority
100088,60008185,20,20,20,0,1.0,Closed,clear_majority
100094,60001993,20,20,20,0,1.0,Closed,clear_majority
100159,60112801,17,17,17,0,1.0,Closed,clear_majority
100188,60111397,17,17,17,0,1.0,Closed,clear_majority
100350,60008385,20,20,20,0,1.0,Closed,clear_majority
100380,60001994,20,20,20,0,1.0,Closed,clear_majority
100453,60008114,20,20,20,0,1.0,Closed,clear_majority
100866,60001302,20,20,14,6,0.7,Closed,mixed
100957,60007195,20,20,20,0,1.0,Closed,clear_majority
100978,60006571,20,20,20,0,1.0,Closed,clear_majority
100980,60112295,17,17,17,0,1.0,Closed,clear_majority
101033,60006016,20,20,20,0,1.0,Closed,clear_majority
101078,60002727,20,20,20,0,1.0,Closed,clear_majority
101202,60002728,20,20,20,0,1.0,Closed,clear_majority
101307,60006344,20,20,19,1,0.95,Closed,clear_majority
101374,60006512,20,20,20,0,1.0,Closed,clear_majority
101610,60001784,20,20,17,3,0.85,Closed,clear_majority
101632,60009564,20,20,20,0,1.0,Closed,clear_majority
101758,60002247,20,20,20,0,1.0,Closed,clear_majority
101777,60009572,20,20,20,0,1.0,Closed,clear_majority
101779,60002673,20,20,20,0,1.0,Closed,clear_majority
102066,60001821,20,20,20,0,1.0,Closed,clear_majority
102105,60007991,20,20,20,0,1.0,Closed,clear_majority
102156,60112294,17,17,17,0,1.0,Closed,clear_majority
102324,60001822,20,20,20,0,1.0,Closed,clear_majority
102455,60008183,20,20,20,0,1.0,Closed,clear_majority
102466,60008179,20,20,20,0,1.0,Closed,clear_majority
102680,60112580,17,17,17,0,1.0,Closed,clear_majority
102784,60003829,18,18,18,0,1.0,Closed,clear_majority
102869,60111676,17,17,17,0,1.0,Closed,clear_majority
104415,60111427,17,17,17,0,1.0,Closed,clear_majority
107357,60008804,20,20,2,18,0.1,Open,clear_majority
108053,60008445,20,20,20,0,1.0,Closed,clear_majority
108985,60069205,0,0,0,0,,,no_pto_data
109004,60001263,20,20,20,0,1.0,Closed,clear_majority
109256,60004187,20,20,19,1,0.95,Closed,clear_majority
109324,60001264,20,20,20,0,1.0,Closed,clear_majority
109333,60112578,17,17,17,0,1.0,Closed,clear_majority
109732,60008223,20,20,20,0,1.0,Closed,clear_majority
111535,60111428,17,17,17,0,1.0,Closed,clear_majority
111896,60084847,0,0,0,0,,,no_pto_data
112699,60000549,20,20,20,0,1.0,Closed,clear_majority
113050,60004046,20,20,20,0,1.0,Closed,clear_majority
113628,60111477,17,17,17,0,1.0,Closed,clear_majority
113629,60111478,17,17,17,0,1.0,Closed,clear_majority
114569,60000340,20,20,20,0,1.0,Closed,clear_majority
117974,60003509,20,20,20,0,1.0,Closed,clear_majority
118680,60110740,17,17,16,1,0.941,Closed,clear_majority
118784,60111317,17,17,17,0,1.0,Closed,clear_majority
119137,60110741,17,17,16,1,0.941,Closed,clear_majority
119327,60001265,20,20,20,0,1.0,Closed,clear_majority
119560,60011597,20,20,20,0,1.0,Closed,clear_majority
120028,60001266,20,20,20,0,1.0,Closed,clear_majority
120056,60005848,20,20,20,0,1.0,Closed,clear_majority
121320,60008024,20,20,20,0,1.0,Closed,clear_majority
121955,60111318,17,17,17,0,1.0,Closed,clear_majority
122252,60001995,20,20,20,0,1.0,Closed,clear_majority
123345,60112316,17,17,17,0,1.0,Closed,clear_majority
123519,60001530,20,20,20,0,1.0,Closed,clear_majority
123633,60001542,20,20,20,0,1.0,Closed,clear_majority
123762,60001525,20,20,20,0,1.0,Closed,clear_majority
123838,60000290,20,20,20,0,1.0,Closed,clear_majority
123879,60002139,20,20,20,0,1.0,Closed,clear_majority
124013,60006716,20,20,20,0,1.0,Closed,clear_majority
124029,60006717,20,20,20,0,1.0,Closed,clear_majority
124041,60112315,17,17,17,0,1.0,Closed,clear_majority
124106,60007692,20,20,20,0,1.0,Closed,clear_majority
124321,60111192,17,17,17,0,1.0,Closed,clear_majority
124631,60007139,20,20,20,0,1.0,Closed,clear_majority
124653,60111190,17,17,17,0,1.0,Closed,clear_majority
124684,60111191,17,17,17,0,1.0,Closed,clear_majority
125310,60008152,20,20,20,0,1.0,Closed,clear_majority
125352,60006345,20,20,20,0,1.0,Closed,clear_majority
125487,60007672,20,20,20,0,1.0,Closed,clear_majority
125984,60008212,20,20,20,0,1.0,Closed,clear_majority
126147,60006179,20,20,20,0,1.0,Closed,clear_majority
126292,60004324,20,20,20,0,1.0,Closed,clear_majority
126307,60110785,17,17,17,0,1.0,Closed,clear_majority
126319,60004322,20,20,20,0,1.0,Closed,clear_majority
126440,60000119,20,20,20,0,1.0,Closed,clear_majority
126465,60004323,20,20,20,0,1.0,Closed,clear_majority
126596,60110786,17,17,17,0,1.0,Closed,clear_majority
126603,60007086,20,20,20,0,1.0,Closed,clear_majority
126752,60004325,20,20,20,0,1.0,Closed,clear_majority
126910,60008881,20,20,20,0,1.0,Closed,clear_majority
126967,60005942,20,20,20,0,1.0,Closed,clear_majority
127264,60002680,20,20,20,0,1.0,Closed,clear_majority
127389,60002681,20,20,20,0,1.0,Closed,clear_majority
127817,60111200,17,17,17,0,1.0,Closed,clear_majority
128215,60005837,20,20,20,0,1.0,Closed,clear_majority
128242,60008229,20,20,20,0,1.0,Closed,clear_majority
128243,60008230,20,20,20,0,1.0,Closed,clear_majority
128758,60006500,20,20,20,0,1.0,Closed,clear_majority
129929,60008885,20,20,20,0,1.0,Closed,clear_majority
130026,60005838,20,20,20,0,1.0,Closed,clear_majority
130771,60007190,20,20,20,0,1.0,Closed,clear_majority
130789,60007994,20,20,20,0,1.0,Closed,clear_majority
130947,60000586,20,20,20,0,1.0,Closed,clear_majority
130948,60008978,20,20,20,0,1.0,Closed,clear_majority
131445,60006418,20,20,20,0,1.0,Closed,clear_majority
131867,60008979,20,20,20,0,1.0,Closed,clear_majority
131895,60110788,17,17,17,0,1.0,Closed,clear_majority
132007,60008388,20,20,20,0,1.0,Closed,clear_majority
132284,60006312,20,20,20,0,1.0,Closed,clear_majority
132327,60000381,20,20,20,0,1.0,Closed,clear_majority
132719,60002669,20,20,20,0,1.0,Closed,clear_majority
132739,60008366,20,20,20,0,1.0,Closed,clear_majority
132781,60111201,17,17,17,0,1.0,Closed,clear_majority
132827,60002676,3,3,3,0,1.0,Closed,clear_majority
133456,60001857,20,20,20,0,1.0,Closed,clear_majority
133566,60110637,17,17,17,0,1.0,Closed,clear_majority
133657,60008771,20,20,20,0,1.0,Closed,clear_majority
135405,60008353,20,20,20,0,1.0,Closed,clear_majority
135664,60000964,20,20,20,0,1.0,Closed,clear_majority
136157,60007938,20,20,20,0,1.0,Closed,clear_majority
139318,60110761,17,17,16,1,0.941,Closed,clear_majority
139369,60008880,20,20,20,0,1.0,Closed,clear_majority
139919,60112265,17,17,17,0,1.0,Closed,clear_majority
140108,60008709,20,20,20,0,1.0,Closed,clear_majority
140389,60110760,17,17,17,0,1.0,Closed,clear_majority
142505,60009548,3,3,3,0,1.0,Closed,clear_majority
142630,60008181,20,20,20,0,1.0,Closed,clear_majority
142632,60008180,20,20,19,1,0.95,Closed,clear_majority
146013,60008608,20,20,20,0,1.0,Closed,clear_majority
148323,60007196,20,20,19,1,0.95,Closed,clear_majority
153621,60007197,20,20,20,0,1.0,Closed,clear_majority
153623,60110762,17,17,17,0,1.0,Closed,clear_majority
154845,60110759,17,17,17,0,1.0,Closed,clear_majority
155001,60004238,20,20,0,20,0.0,Open,clear_majority
155529,60008357,20,20,18,2,0.9,Closed,clear_majority
159871,60004239,20,20,0,20,0.0,Open,clear_majority
163001,60004574,20,20,20,0,1.0,Closed,clear_majority
163207,60009451,3,3,3,0,1.0,Closed,clear_majority
163242,60008380,20,20,20,0,1.0,Closed,clear_majority
168425,60012219,20,20,20,0,1.0,Closed,clear_majority
170057,60005126,20,20,20,0,1.0,Closed,clear_majority
170108,60006024,20,20,20,0,1.0,Closed,clear_majority
171836,60003227,20,20,20,0,1.0,Closed,clear_majority
173744,60006025,20,20,20,0,1.0,Closed,clear_majority
173845,60004302,20,20,20,0,1.0,Closed,clear_majority
173864,60005338,20,20,20,0,1.0,Closed,clear_majority
174651,60000323,20,20,20,0,1.0,Closed,clear_majority
175279,60008422,20,20,20,0,1.0,Closed,clear_majority
176414,60008646,20,20,20,0,1.0,Closed,clear_majority
176987,60007956,20,20,20,0,1.0,Closed,clear_majority
177992,60007957,20,20,20,0,1.0,Closed,clear_majority
178069,60001743,20,20,20,0,1.0,Closed,clear_majority
178581,60002814,20,20,20,0,1.0,Closed,clear_majority
179267,60005136,20,20,20,0,1.0,Closed,clear_majority
179896,60001272,20,20,20,0,1.0,Closed,clear_majority
181666,60111411,17,17,17,0,1.0,Closed,clear_majority
181894,60008243,20,20,20,0,1.0,Closed,clear_majority
182028,60008136,20,20,20,0,1.0,Closed,clear_majority
182090,60007512,20,20,20,0,1.0,Closed,clear_majority
182758,60009219,20,20,20,0,1.0,Closed,clear_majority
183090,60008090,20,20,20,0,1.0,Closed,clear_majority
183388,60001273,20,20,20,0,1.0,Closed,clear_majority
183643,60000994,20,20,18,2,0.9,Closed,clear_majority
183947,60001016,20,20,20,0,1.0,Closed,clear_majority
184029,60009218,20,20,20,0,1.0,Closed,clear_majority
184046,60008160,20,20,20,0,1.0,Closed,clear_majority
184566,60001274,20,20,20,0,1.0,Closed,clear_majority
185126,60009196,20,20,20,0,1.0,Closed,clear_majority
185181,60008980,20,20,20,0,1.0,Closed,clear_majority
185308,60034982,0,0,0,0,,,no_pto_data
185333,60009221,20,20,20,0,1.0,Closed,clear_majority
186414,60003913,20,20,19,1,0.95,Closed,clear_majority
186600,60091191,20,20,16,4,0.8,Closed,mixed
186677,60091193,20,20,20,0,1.0,Closed,clear_majority
186734,60008408,20,20,20,0,1.0,Closed,clear_majority
186836,60003853,20,20,20,0,1.0,Closed,clear_majority
187794,60008004,0,0,0,0,,,no_pto_data
188100,60008504,20,20,20,0,1.0,Closed,clear_majority
188513,60008655,20,20,18,2,0.9,Closed,clear_majority
190009,60074327,0,0,0,0,,,no_pto_data
191554,60006897,17,17,17,0,1.0,Closed,clear_majority
191599,60061570,0,0,0,0,,,no_pto_data
192011,60004551,20,20,20,0,1.0,Closed,clear_majority
192700,60111370,17,17,17,0,1.0,Closed,clear_majority
192717,60111371,17,17,17,0,1.0,Closed,clear_majority
192730,60111372,17,17,17,0,1.0,Closed,clear_majority
192731,60111373,17,17,17,0,1.0,Closed,clear_majority
192788,60111374,17,17,17,0,1.0,Closed,clear_majority
192799,60111375,17,17,17,0,1.0,Closed,clear_majority
196167,60112287,17,17,17,0,1.0,Closed,clear_majority
196470,60112286,17,17,17,0,1.0,Closed,clear_majority
198761,60008682,20,20,20,0,1.0,Closed,clear_majority
200247,60006071,20,20,20,0,1.0,Closed,clear_majority
200491,60061571,0,0,0,0,,,no_pto_data
200928,60005046,20,20,20,0,1.0,Closed,clear_majority
206317,60008222,20,20,0,20,0.0,Open,clear_majority
206635,60003969,20,20,20,0,1.0,Closed,clear_majority
206969,60005435,20,20,20,0,1.0,Closed,clear_majority
207211,60008398,0,0,0,0,,,no_pto_data
207862,60111811,17,17,17,0,1.0,Closed,clear_majority
207881,60111813,17,17,17,0,1.0,Closed,clear_majority
207889,60111810,17,17,17,0,1.0,Closed,clear_majority
207908,60111812,17,17,17,0,1.0,Closed,clear_majority
208470,60008125,14,14,14,0,1.0,Closed,clear_majority
208783,60008154,20,20,20,0,1.0,Closed,clear_majority
209229,60008020,20,20,20,0,1.0,Closed,clear_majority
209261,60001511,20,20,20,0,1.0,Closed,clear_majority
209268,60001516,20,20,20,0,1.0,Closed,clear_majority
211408,60009074,20,20,20,0,1.0,Closed,clear_majority
211696,60002979,20,20,20,0,1.0,Closed,clear_majority
211789,60008361,20,20,20,0,1.0,Closed,clear_majority
213086,60008155,20,20,20,0,1.0,Closed,clear_majority
214066,60008137,20,20,20,0,1.0,Closed,clear_majority
214167,60008944,20,20,20,0,1.0,Closed,clear_majority
214682,60008151,20,20,20,0,1.0,Closed,clear_majority
215259,60008085,20,20,20,0,1.0,Closed,clear_majority
215642,60004804,20,20,20,0,1.0,Closed,clear_majority
216025,60004252,20,20,20,0,1.0,Closed,clear_majority
216905,60003285,20,20,20,0,1.0,Closed,clear_majority
216940,60003593,20,20,20,0,1.0,Closed,clear_majority
216941,60003594,20,20,20,0,1.0,Closed,clear_majority
216942,60004016,20,20,20,0,1.0,Closed,clear_majority
216943,60004017,20,20,20,0,1.0,Closed,clear_majority
217264,60005625,20,20,20,0,1.0,Closed,clear_majority
217767,60007690,20,20,20,0,1.0,Closed,clear_majority
217805,60112574,17,17,17,0,1.0,Closed,clear_majority
218462,60005392,14,14,10,4,0.714,Closed,mixed
218591,60008790,20,20,19,1,0.95,Closed,clear_majority
218594,60042831,0,0,0,0,,,no_pto_data
218622,60010157,20,20,20,0,1.0,Closed,clear_majority
219180,60042832,0,0,0,0,,,no_pto_data
219319,60008105,20,20,20,0,1.0,Closed,clear_majority
219553,60008161,20,20,20,0,1.0,Closed,clear_majority
221123,60007060,20,20,18,2,0.9,Closed,clear_majority
221651,60009214,20,20,20,0,1.0,Closed,clear_majority
221870,60008351,20,20,20,0,1.0,Closed,clear_majority
222031,60014252,0,0,0,0,,,no_pto_data
222295,60006030,20,20,20,0,1.0,Closed,clear_majority
222656,60008514,20,20,20,0,1.0,Closed,clear_majority
222967,60008515,20,20,18,2,0.9,Closed,clear_majority
222996,60008507,20,20,20,0,1.0,Closed,clear_majority
223507,60008265,20,20,19,1,0.95,Closed,clear_majority
223742,60008508,20,20,20,0,1.0,Closed,clear_majority
223780,60011938,3,3,3,0,1.0,Closed,clear_majority
223983,60111072,17,17,17,0,1.0,Closed,clear_majority
224047,60007453,20,20,18,2,0.9,Closed,clear_majority
224161,60008492,20,20,20,0,1.0,Closed,clear_majority
225062,60009250,20,20,20,0,1.0,Closed,clear_majority
225063,60009008,17,17,17,0,1.0,Closed,clear_majority
225501,60008158,20,20,20,0,1.0,Closed,clear_majority
225795,60008577,20,20,20,0,1.0,Closed,clear_majority
226170,60112796,17,17,17,0,1.0,Closed,clear_majority
227053,60111140,17,17,17,0,1.0,Closed,clear_majority
227602,60112417,17,17,17,0,1.0,Closed,clear_majority
228551,60112416,17,17,17,0,1.0,Closed,clear_majority
228800,60009213,20,20,20,0,1.0,Closed,clear_majority
229048,60008789,20,20,19,1,0.95,Closed,clear_majority
231385,60007951,20,20,20,0,1.0,Closed,clear_majority
231913,60111479,17,17,16,1,0.941,Closed,clear_majority
231914,60111483,17,17,16,1,0.941,Closed,clear_majority
232492,60008213,20,20,20,0,1.0,Closed,clear_majority
232821,60009212,20,20,20,0,1.0,Closed,clear_majority
232985,60003046,20,20,20,0,1.0,Closed,clear_majority
233621,60008134,20,20,20,0,1.0,Closed,clear_majority
233645,60008725,20,20,20,0,1.0,Closed,clear_majority
233695,60000296,20,20,20,0,1.0,Closed,clear_majority
234938,60008098,20,20,20,0,1.0,Closed,clear_majority
235634,60001856,20,20,20,0,1.0,Closed,clear_majority
236181,60009163,20,20,20,0,1.0,Closed,clear_majority
236189,60009164,20,20,20,0,1.0,Closed,clear_majority
236806,60002996,20,20,20,0,1.0,Closed,clear_majority
238285,60008667,20,20,20,0,1.0,Closed,clear_majority
238598,60001352,20,20,20,0,1.0,Closed,clear_majority
239781,60112765,17,17,17,0,1.0,Closed,clear_majority
239956,60112766,17,17,17,0,1.0,Closed,clear_majority
239957,60112764,17,17,17,0,1.0,Closed,clear_majority
240521,60008491,20,20,20,0,1.0,Closed,clear_majority
242691,60003643,20,20,20,0,1.0,Closed,clear_majority
243467,60006240,20,20,20,0,1.0,Closed,clear_majority
243676,60003898,20,20,20,0,1.0,Closed,clear_majority
245240,60007959,20,20,20,0,1.0,Closed,clear_majority
245275,60008252,20,20,20,0,1.0,Closed,clear_majority
245698,60004849,20,20,20,0,1.0,Closed,clear_majority
245857,60002161,20,20,20,0,1.0,Closed,clear_majority
246350,60005626,20,20,20,0,1.0,Closed,clear_majority
246708,60005213,20,20,20,0,1.0,Closed,clear_majority
247202,60005674,20,20,20,0,1.0,Closed,clear_majority
247219,60007714,20,20,20,0,1.0,Closed,clear_majority
247220,60007715,20,20,20,0,1.0,Closed,clear_majority
248447,60009487,20,20,20,0,1.0,Closed,clear_majority
252103,60003423,20,20,19,1,0.95,Closed,clear_majority
252235,60008107,20,20,20,0,1.0,Closed,clear_majority
253603,60004526,20,20,20,0,1.0,Closed,clear_majority
253782,60008458,20,20,20,0,1.0,Closed,clear_majority
254103,60008566,0,0,0,0,,,no_pto_data
254107,60111670,17,20,20,0,1.0,Closed,clear_majority
254108,60111671,16,16,16,0,1.0,Closed,clear_majority
254110,60008569,4,4,4,0,1.0,Closed,clear_majority
254551,60003959,19,19,19,0,1.0,Closed,clear_majority
254617,60003425,20,20,20,0,1.0,Closed,clear_majority
255036,60110998,17,17,17,0,1.0,Closed,clear_majority
255130,60004085,20,20,20,0,1.0,Closed,clear_majority
255380,60005264,20,20,20,0,1.0,Closed,clear_majority
256181,60008269,20,20,20,0,1.0,Closed,clear_majority
256387,60009174,20,20,20,0,1.0,Closed,clear_majority
257871,60111104,17,17,15,2,0.882,Closed,clear_majority
257884,60100827,0,0,0,0,,,no_pto_data
258592,60005267,20,20,20,0,1.0,Closed,clear_majority
260600,60005268,20,20,20,0,1.0,Closed,clear_majority
261216,60005907,20,20,20,0,1.0,Closed,clear_majority
261277,60007944,20,20,20,0,1.0,Closed,clear_majority
261278,60007945,20,20,20,0,1.0,Closed,clear_majority
261279,60007946,20,20,20,0,1.0,Closed,clear_majority
261280,60012566,20,20,20,0,1.0,Closed,clear_majority
261281,60007948,20,20,20,0,1.0,Closed,clear_majority
261282,60007940,20,20,20,0,1.0,Closed,clear_majority
261359,60006511,20,20,20,0,1.0,Closed,clear_majority
261418,60000352,20,20,20,0,1.0,Closed,clear_majority
261524,60001768,20,20,20,0,1.0,Closed,clear_majority
261555,60001298,20,20,19,1,0.95,Closed,clear_majority
261614,60003804,20,20,20,0,1.0,Closed,clear_majority
261709,60004167,20,20,0,20,0.0,Open,clear_majority
261768,60001271,20,20,20,0,1.0,Closed,clear_majority
261828,60008120,20,20,20,0,1.0,Closed,clear_majority
261837,60005048,20,20,20,0,1.0,Closed,clear_majority
261871,60008119,20,20,20,0,1.0,Closed,clear_majority
261988,60006715,20,20,19,1,0.95,Closed,clear_majority
262244,60005387,20,20,20,0,1.0,Closed,clear_majority
262282,60005583,20,20,20,0,1.0,Closed,clear_majority
262335,60005761,20,20,20,0,1.0,Closed,clear_majority
262424,60008115,20,20,20,0,1.0,Closed,clear_majority
262428,60112701,17,17,17,0,1.0,Closed,clear_majority
262437,60112700,17,17,17,0,1.0,Closed,clear_majority
262713,60004022,20,20,20,0,1.0,Closed,clear_majority
262721,60004023,20,20,20,0,1.0,Closed,clear_majority
262726,60002588,20,20,20,0,1.0,Closed,clear_majority
262772,60110899,17,17,17,0,1.0,Closed,clear_majority
262926,60003805,20,20,20,0,1.0,Closed,clear_majority
262953,60112062,17,17,17,0,1.0,Closed,clear_majority
263010,60005762,20,20,20,0,1.0,Closed,clear_majority
263075,60006987,20,20,20,0,1.0,Closed,clear_majority
263298,60004200,20,20,20,0,1.0,Closed,clear_majority
263302,60004201,20,20,20,0,1.0,Closed,clear_majority
263333,60004202,20,20,20,0,1.0,Closed,clear_majority
263338,60003827,20,20,20,0,1.0,Closed,clear_majority
263622,60007142,20,20,20,0,1.0,Closed,clear_majority
263638,60004512,20,20,20,0,1.0,Closed,clear_majority
264009,60005184,20,20,20,0,1.0,Closed,clear_majority
264173,60008241,20,20,20,0,1.0,Closed,clear_majority
264356,60112299,17,17,17,0,1.0,Closed,clear_majority
264419,60004527,20,20,20,0,1.0,Closed,clear_majority
264622,60003858,20,20,20,0,1.0,Closed,clear_majority
264687,60112300,17,17,17,0,1.0,Closed,clear_majority
264864,60006017,20,20,20,0,1.0,Closed,clear_majority
264898,60008224,20,20,20,0,1.0,Closed,clear_majority
265421,60003665,20,20,20,0,1.0,Closed,clear_majority
265501,60005014,20,20,20,0,1.0,Closed,clear_majority
266290,60111376,17,17,17,0,1.0,Closed,clear_majority
266669,60000851,20,20,20,0,1.0,Closed,clear_majority
266887,60003960,19,19,19,0,1.0,Closed,clear_majority
268543,60001711,20,20,13,7,0.65,Closed,mixed
269559,60008390,20,20,20,0,1.0,Closed,clear_majority
270374,60007002,20,20,20,0,1.0,Closed,clear_majority
270482,60008379,20,20,20,0,1.0,Closed,clear_majority
270514,60004329,20,20,20,0,1.0,Closed,clear_majority
270520,60003954,20,20,20,0,1.0,Closed,clear_majority
270552,60007052,20,20,20,0,1.0,Closed,clear_majority
273110,60001737,20,20,20,0,1.0,Closed,clear_majority
273492,60003818,20,20,20,0,1.0,Closed,clear_majority
273565,60005640,20,20,20,0,1.0,Closed,clear_majority
273726,60112304,17,17,17,0,1.0,Closed,clear_majority
273822,60112303,17,17,17,0,1.0,Closed,clear_majority
273970,60112302,17,17,17,0,1.0,Closed,clear_majority
274014,60112306,17,17,17,0,1.0,Closed,clear_majority
274169,60110897,17,17,17,0,1.0,Closed,clear_majority
274194,60112307,17,17,17,0,1.0,Closed,clear_majority
274320,60112308,17,17,17,0,1.0,Closed,clear_majority
274394,60112305,17,17,17,0,1.0,Closed,clear_majority
274571,60008247,20,20,20,0,1.0,Closed,clear_majority
274625,60005641,20,20,20,0,1.0,Closed,clear_majority
274736,60008455,20,20,20,0,1.0,Closed,clear_majority
274834,60008456,20,20,20,0,1.0,Closed,clear_majority
274835,60008499,20,20,19,1,0.95,Closed,clear_majority
274996,60001351,20,20,20,0,1.0,Closed,clear_majority
275204,60000180,20,20,20,0,1.0,Closed,clear_majority
275879,60003634,20,20,20,0,1.0,Closed,clear_majority
275960,60007914,20,20,20,0,1.0,Closed,clear_majority
277300,60008469,20,20,20,0,1.0,Closed,clear_majority
277319,60008471,20,20,20,0,1.0,Closed,clear_majority
277336,60112699,17,17,17,0,1.0,Closed,clear_majority
278351,60004410,20,20,20,0,1.0,Closed,clear_majority
278542,60006285,20,20,20,0,1.0,Closed,clear_majority
278651,60008197,20,20,20,0,1.0,Closed,clear_majority
278661,60003170,20,20,20,0,1.0,Closed,clear_majority
278662,60008200,20,20,20,0,1.0,Closed,clear_majority
278664,60003169,20,20,20,0,1.0,Closed,clear_majority
278667,60008201,20,20,20,0,1.0,Closed,clear_majority
278703,60007912,20,20,20,0,1.0,Closed,clear_majority
278937,60006996,20,20,20,0,1.0,Closed,clear_majority
278955,60006444,20,20,20,0,1.0,Closed,clear_majority
278956,60112131,17,17,17,0,1.0,Closed,clear_majority
278957,60110725,17,17,17,0,1.0,Closed,clear_majority
278959,60112263,17,17,17,0,1.0,Closed,clear_majority
278963,60112261,17,17,17,0,1.0,Closed,clear_majority
278965,60112259,17,17,17,0,1.0,Closed,clear_majority
278967,60006617,20,20,20,0,1.0,Closed,clear_majority
278968,60110732,17,17,17,0,1.0,Closed,clear_majority
278971,60112262,17,17,17,0,1.0,Closed,clear_majority
278972,60110733,17,17,17,0,1.0,Closed,clear_majority
278974,60110834,17,17,17,0,1.0,Closed,clear_majority
278978,60007331,20,20,20,0,1.0,Closed,clear_majority
278980,60110713,17,17,17,0,1.0,Closed,clear_majority
278981,60112127,17,17,17,0,1.0,Closed,clear_majority
278982,60110734,17,17,17,0,1.0,Closed,clear_majority
278983,60110752,17,17,17,0,1.0,Closed,clear_majority
278984,60003452,20,20,20,0,1.0,Closed,clear_majority
278985,60031649,0,0,0,0,,,no_pto_data
278987,60112768,17,17,11,6,0.647,Closed,mixed
278988,60112767,17,17,11,6,0.647,Closed,mixed
278989,60112769,17,17,11,6,0.647,Closed,mixed
278990,60112770,17,17,11,6,0.647,Closed,mixed
278991,60111644,17,17,17,0,1.0,Closed,clear_majority
278992,60112665,17,17,17,0,1.0,Closed,clear_majority
278993,60003338,20,20,20,0,1.0,Closed,clear_majority
278994,60006550,20,20,20,0,1.0,Closed,clear_majority
278995,60112534,17,17,17,0,1.0,Closed,clear_majority
278998,60115059,0,0,0,0,,,no_pto_data
279000,60006457,20,20,20,0,1.0,Closed,clear_majority
279001,60010005,20,20,20,0,1.0,Closed,clear_majority
279004,60112545,17,17,17,0,1.0,Closed,clear_majority
279005,60010054,20,20,20,0,1.0,Closed,clear_majority
279007,60112536,17,17,17,0,1.0,Closed,clear_majority
279008,60111090,17,17,17,0,1.0,Closed,clear_majority
279009,60111070,17,17,17,0,1.0,Closed,clear_majority
279012,60007091,20,20,20,0,1.0,Closed,clear_majority
279013,60072245,0,0,0,0,,,no_pto_data
279015,60112107,17,17,17,0,1.0,Closed,clear_majority
279016,60006772,20,20,20,0,1.0,Closed,clear_majority
279017,60006771,20,20,20,0,1.0,Closed,clear_majority
279019,60006579,20,20,20,0,1.0,Closed,clear_majority
279020,60111620,17,17,17,0,1.0,Closed,clear_majority
279021,60004585,20,20,19,1,0.95,Closed,clear_majority
279022,60111838,17,17,17,0,1.0,Closed,clear_majority
279023,60110766,17,17,17,0,1.0,Closed,clear_majority
279024,60006970,20,20,18,2,0.9,Closed,clear_majority
279027,60110802,17,17,17,0,1.0,Closed,clear_majority
279028,60110787,17,17,17,0,1.0,Closed,clear_majority
279030,60110803,17,17,17,0,1.0,Closed,clear_majority
279033,60111385,17,17,17,0,1.0,Closed,clear_majority
279037,60110871,17,17,13,4,0.765,Closed,mixed
279038,60110605,17,17,17,0,1.0,Closed,clear_majority
279039,60010358,20,20,20,0,1.0,Closed,clear_majority
279041,60110872,17,17,13,4,0.765,Closed,mixed
279044,60111815,17,17,17,0,1.0,Closed,clear_majority
279046,60044288,0,0,0,0,,,no_pto_data
279047,60030287,0,0,0,0,,,no_pto_data
279049,60011065,20,20,19,1,0.95,Closed,clear_majority
279050,60004568,20,20,20,0,1.0,Closed,clear_majority
279051,60004569,20,20,20,0,1.0,Closed,clear_majority
279052,60111407,17,17,15,2,0.882,Closed,clear_majority
279053,60010447,20,20,20,0,1.0,Closed,clear_majority
279054,60027359,0,0,0,0,,,no_pto_data
279055,60111610,17,17,17,0,1.0,Closed,clear_majority
279056,60111611,17,17,17,0,1.0,Closed,clear_majority
279057,60007624,20,20,20,0,1.0,Closed,clear_majority
279058,60007623,20,20,20,0,1.0,Closed,clear_majority
279060,60111609,17,17,17,0,1.0,Closed,clear_majority
279062,60111380,17,17,17,0,1.0,Closed,clear_majority
279063,60057140,0,0,0,0,,,no_pto_data
279066,60007617,20,20,20,0,1.0,Closed,clear_majority
279071,60007659,20,20,18,2,0.9,Closed,clear_majority
279072,60009958,20,20,20,0,1.0,Closed,clear_majority
279073,60004127,0,0,0,0,,,no_pto_data
279076,60007353,20,20,20,0,1.0,Closed,clear_majority
279077,60007354,20,20,20,0,1.0,Closed,clear_majority
279078,60007144,20,20,20,0,1.0,Closed,clear_majority
279079,60110820,17,17,17,0,1.0,Closed,clear_majority
279081,60007145,20,20,20,0,1.0,Closed,clear_majority
279083,60006353,20,20,20,0,1.0,Closed,clear_majority
279084,60009957,20,20,20,0,1.0,Closed,clear_majority
279086,60111272,17,17,17,0,1.0,Closed,clear_majority
279087,60110843,17,17,17,0,1.0,Closed,clear_majority
279088,60110663,17,17,17,0,1.0,Closed,clear_majority
279090,60005534,20,20,20,0,1.0,Closed,clear_majority
279092,60110817,17,17,17,0,1.0,Closed,clear_majority
279095,60110818,17,17,17,0,1.0,Closed,clear_majority
279099,60055436,0,0,0,0,,,no_pto_data
279101,60110596,17,17,17,0,1.0,Closed,clear_majority
279102,60055437,0,0,0,0,,,no_pto_data
279104,60111270,17,17,17,0,1.0,Closed,clear_majority
279115,60110647,17,17,17,0,1.0,Closed,clear_majority
279116,60110654,17,17,17,0,1.0,Closed,clear_majority
279120,60037075,0,0,0,0,,,no_pto_data
279122,60073867,0,0,0,0,,,no_pto_data
279125,60111401,17,17,16,1,0.941,Closed,clear_majority
279126,60110680,17,17,17,0,1.0,Closed,clear_majority
279131,60112101,17,17,17,0,1.0,Closed,clear_majority
279133,60112786,17,17,17,0,1.0,Closed,clear_majority
279139,60110688,17,17,17,0,1.0,Closed,clear_majority
279145,60006483,20,20,20,0,1.0,Closed,clear_majority
279146,60006482,20,20,20,0,1.0,Closed,clear_majority
279147,60112109,17,17,17,0,1.0,Closed,clear_majority
279150,60008773,20,20,20,0,1.0,Closed,clear_majority
279151,60112135,17,17,17,0,1.0,Closed,clear_majority
279153,60059534,0,0,0,0,,,no_pto_data
279155,60033726,0,0,0,0,,,no_pto_data
279156,60112111,17,17,17,0,1.0,Closed,clear_majority
279157,60112126,17,17,17,0,1.0,Closed,clear_majority
279158,60021583,0,0,0,0,,,no_pto_data
279161,60112779,17,17,17,0,1.0,Closed,clear_majority
279164,60112106,17,17,17,0,1.0,Closed,clear_majority
279165,60111440,15,15,15,0,1.0,Closed,clear_majority
279166,60112105,17,17,17,0,1.0,Closed,clear_majority
279167,60111441,11,11,11,0,1.0,Closed,clear_majority
279168,60112756,17,17,17,0,1.0,Closed,clear_majority
279169,60112108,17,17,17,0,1.0,Closed,clear_majority
279173,60017412,0,0,0,0,,,no_pto_data
279176,60110988,17,17,13,4,0.765,Closed,mixed
279178,60110695,17,17,17,0,1.0,Closed,clear_majority
279179,60033802,0,0,0,0,,,no_pto_data
279180,60111398,17,17,17,0,1.0,Closed,clear_majority
279187,60025851,0,0,0,0,,,no_pto_data
279189,60011734,0,0,0,0,,,no_pto_data
279190,60111205,17,17,17,0,1.0,Closed,clear_majority
279191,60016208,0,0,0,0,,,no_pto_data
279192,60112055,17,17,17,0,1.0,Closed,clear_majority
279193,60112057,17,17,17,0,1.0,Closed,clear_majority
279194,60003412,20,20,20,0,1.0,Closed,clear_majority
279196,60112056,17,17,17,0,1.0,Closed,clear_majority
279197,60111015,17,17,17,0,1.0,Closed,clear_majority
279198,60111525,11,11,11,0,1.0,Closed,clear_majority
279199,60111527,11,11,11,0,1.0,Closed,clear_majority
279200,60110607,17,17,17,0,1.0,Closed,clear_majority
279204,60011377,8,8,8,0,1.0,Closed,clear_majority
279205,60111524,12,12,12,0,1.0,Closed,clear_majority
279206,60111526,11,11,11,0,1.0,Closed,clear_majority
279207,60110683,17,17,17,0,1.0,Closed,clear_majority
279208,60110682,17,17,17,0,1.0,Closed,clear_majority
279209,60110686,17,17,17,0,1.0,Closed,clear_majority
279210,60110756,17,17,17,0,1.0,Closed,clear_majority
279211,60110687,17,17,17,0,1.0,Closed,clear_majority
279212,60110685,17,17,17,0,1.0,Closed,clear_majority
279215,60111251,17,17,17,0,1.0,Closed,clear_majority
279216,60006544,16,16,16,0,1.0,Closed,clear_majority
279217,60110684,17,17,17,0,1.0,Closed,clear_majority
279218,60110793,17,17,17,0,1.0,Closed,clear_majority
279219,60006153,20,20,20,0,1.0,Closed,clear_majority
279220,60110794,17,17,17,0,1.0,Closed,clear_majority
279222,60097083,14,14,13,1,0.929,Closed,clear_majority
279225,60097084,14,14,13,1,0.929,Closed,clear_majority
279226,60110773,17,17,17,0,1.0,Closed,clear_majority
279227,60110717,17,17,17,0,1.0,Closed,clear_majority
279229,60007581,19,19,8,11,0.421,Open,mixed
279234,60110629,17,17,17,0,1.0,Closed,clear_majority
279236,60110780,17,17,17,0,1.0,Closed,clear_majority
279237,60110812,17,17,17,0,1.0,Closed,clear_majority
279238,60110810,17,17,17,0,1.0,Closed,clear_majority
279239,60110660,17,17,17,0,1.0,Closed,clear_majority
279240,60110781,17,17,16,1,0.941,Closed,clear_majority
279243,60110620,17,17,17,0,1.0,Closed,clear_majority
279244,60005779,20,20,18,2,0.9,Closed,clear_majority
279248,60005780,20,20,18,2,0.9,Closed,clear_majority
279249,60003488,20,20,20,0,1.0,Closed,clear_majority
279250,60110612,17,17,17,0,1.0,Closed,clear_majority
279252,60110799,17,17,17,0,1.0,Closed,clear_majority
279253,60111199,17,17,17,0,1.0,Closed,clear_majority
279255,60007629,2,2,2,0,1.0,Closed,clear_majority
279256,60110797,17,17,17,0,1.0,Closed,clear_majority
279257,60112409,17,17,17,0,1.0,Closed,clear_majority
279259,60007020,20,20,20,0,1.0,Closed,clear_majority
279260,60007155,20,20,20,0,1.0,Closed,clear_majority
279261,60111395,17,17,17,0,1.0,Closed,clear_majority
279262,60110746,17,17,17,0,1.0,Closed,clear_majority
279265,60110745,17,17,17,0,1.0,Closed,clear_majority
279267,60111291,17,17,17,0,1.0,Closed,clear_majority
279268,60110795,17,17,17,0,1.0,Closed,clear_majority
279270,60006805,18,18,18,0,1.0,Closed,clear_majority
279271,60110950,17,17,17,0,1.0,Closed,clear_majority
279272,60011728,20,20,20,0,1.0,Closed,clear_majority
279273,60110832,17,17,17,0,1.0,Closed,clear_majority
279274,60110882,17,17,17,0,1.0,Closed,clear_majority
279276,60005863,20,20,20,0,1.0,Closed,clear_majority
279279,60004759,20,20,20,0,1.0,Closed,clear_majority
279281,60004760,20,20,20,0,1.0,Closed,clear_majority
279282,60112401,17,17,17,0,1.0,Closed,clear_majority
279283,60111390,17,17,17,0,1.0,Closed,clear_majority
279284,60110808,17,17,17,0,1.0,Closed,clear_majority
279286,60110807,17,17,17,0,1.0,Closed,clear_majority
279287,60031038,0,0,0,0,,,no_pto_data
279289,60007166,20,20,20,0,1.0,Closed,clear_majority
279290,60007167,20,20,20,0,1.0,Closed,clear_majority
279291,60003989,20,20,20,0,1.0,Closed,clear_majority
279293,60003988,20,20,20,0,1.0,Closed,clear_majority
279294,60110718,17,17,17,0,1.0,Closed,clear_majority
279296,60110870,17,17,17,0,1.0,Closed,clear_majority
279297,60003015,20,20,20,0,1.0,Closed,clear_majority
279298,60110804,17,17,16,1,0.941,Closed,clear_majority
279300,60005069,20,20,20,0,1.0,Closed,clear_majority
279301,60112098,17,17,17,0,1.0,Closed,clear_majority
279302,60005068,20,20,20,0,1.0,Closed,clear_majority
279303,60007281,20,20,20,0,1.0,Closed,clear_majority
279305,60007282,20,20,20,0,1.0,Closed,clear_majority
279306,60005364,10,10,3,7,0.3,Open,mixed
279307,60004119,20,20,20,0,1.0,Closed,clear_majority
279309,60110770,17,17,17,0,1.0,Closed,clear_majority
279310,60005365,20,20,3,17,0.15,Open,clear_majority
279311,60004582,20,20,19,1,0.95,Closed,clear_majority
279313,60110613,17,17,17,0,1.0,Closed,clear_majority
279315,60004583,20,20,19,1,0.95,Closed,clear_majority
279316,60110642,17,17,16,1,0.941,Closed,clear_majority
279317,60110720,17,17,17,0,1.0,Closed,clear_majority
279318,60110645,17,17,17,0,1.0,Closed,clear_majority
279320,60110798,17,17,11,6,0.647,Closed,mixed
279321,60007899,2,2,1,1,0.5,Closed,mixed
279322,60003979,3,3,3,0,1.0,Closed,clear_majority
279323,60007090,20,20,20,0,1.0,Closed,clear_majority
279326,60111532,17,17,17,0,1.0,Closed,clear_majority
279327,60110937,17,17,17,0,1.0,Closed,clear_majority
279331,60111533,17,17,17,0,1.0,Closed,clear_majority
279332,60015328,0,0,0,0,,,no_pto_data
279334,60040082,0,0,0,0,,,no_pto_data
279335,60111065,17,17,17,0,1.0,Closed,clear_majority
279336,60111066,17,17,17,0,1.0,Closed,clear_majority
279341,60112561,17,17,17,0,1.0,Closed,clear_majority
279343,60003220,20,20,20,0,1.0,Closed,clear_majority
279344,60060877,0,0,0,0,,,no_pto_data
279345,60013990,0,0,0,0,,,no_pto_data
279347,60112537,17,17,17,0,1.0,Closed,clear_majority
279351,60111710,17,17,17,0,1.0,Closed,clear_majority
279353,60006626,20,20,19,1,0.95,Closed,clear_majority
279354,60005930,20,20,20,0,1.0,Closed,clear_majority
279355,60111103,17,17,17,0,1.0,Closed,clear_majority
279358,60111078,17,17,17,0,1.0,Closed,clear_majority
279359,60031617,0,0,0,0,,,no_pto_data
279360,60110963,17,17,17,0,1.0,Closed,clear_majority
279361,60111507,17,17,13,4,0.765,Closed,mixed
279362,60006361,20,20,20,0,1.0,Closed,clear_majority
279363,60006360,20,20,20,0,1.0,Closed,clear_majority
279364,60006359,20,20,20,0,1.0,Closed,clear_majority
279365,60111510,17,17,14,3,0.824,Closed,clear_majority
279367,60056216,0,0,0,0,,,no_pto_data
279369,60111120,17,17,17,0,1.0,Closed,clear_majority
279371,60060575,0,0,0,0,,,no_pto_data
279373,60110938,17,17,17,0,1.0,Closed,clear_majority
279377,60111406,17,17,17,0,1.0,Closed,clear_majority
279378,60111022,17,17,17,0,1.0,Closed,clear_majority
279379,60110992,17,17,17,0,1.0,Closed,clear_majority
279380,60003383,0,0,0,0,,,no_pto_data
279383,60003384,1,1,1,0,1.0,Closed,clear_majority
279385,60112759,17,17,17,0,1.0,Closed,clear_majority
279387,60035102,0,0,0,0,,,no_pto_data
279388,60004796,20,20,20,0,1.0,Closed,clear_majority
279389,60021648,0,0,0,0,,,no_pto_data
279390,100004101,0,0,0,0,,,no_pto_data
279396,60014420,0,0,0,0,,,no_pto_data
279397,60110975,17,17,17,0,1.0,Closed,clear_majority
279398,60062440,0,0,0,0,,,no_pto_data
279401,60110757,17,17,16,1,0.941,Closed,clear_majority
279402,60110758,17,17,17,0,1.0,Closed,clear_majority
279403,60110639,17,17,17,0,1.0,Closed,clear_majority
279408,60111383,17,17,17,0,1.0,Closed,clear_majority
279409,60007183,20,20,20,0,1.0,Closed,clear_majority
279411,60110792,17,17,17,0,1.0,Closed,clear_majority
279413,60007374,20,20,20,0,1.0,Closed,clear_majority
279414,60111796,17,17,17,0,1.0,Closed,clear_majority
279417,60111366,17,17,16,1,0.941,Closed,clear_majority
279419,60110880,17,17,17,0,1.0,Closed,clear_majority
279421,60110881,17,17,17,0,1.0,Closed,clear_majority
279422,60110784,17,17,16,1,0.941,Closed,clear_majority
279424,60088514,0,0,0,0,,,no_pto_data
279425,60005318,20,20,20,0,1.0,Closed,clear_majority
279426,60110655,17,17,16,1,0.941,Closed,clear_majority
279427,60110658,17,17,16,1,0.941,Closed,clear_majority
279429,60066397,0,0,0,0,,,no_pto_data
279430,60047047,0,0,0,0,,,no_pto_data
279431,60110801,17,17,16,1,0.941,Closed,clear_majority
279432,60112571,17,17,17,0,1.0,Closed,clear_majority
279433,60112572,17,17,17,0,1.0,Closed,clear_majority
279434,60110800,17,17,17,0,1.0,Closed,clear_majority
279438,60111127,17,17,17,0,1.0,Closed,clear_majority
279439,60110600,17,17,17,0,1.0,Closed,clear_majority
279440,60110723,17,17,17,0,1.0,Closed,clear_majority
279442,60111263,17,17,17,0,1.0,Closed,clear_majority
279443,60110805,17,17,17,0,1.0,Closed,clear_majority
279449,60110722,17,17,15,2,0.882,Closed,clear_majority
279450,60004272,20,20,20,0,1.0,Closed,clear_majority
279452,60006441,20,20,18,2,0.9,Closed,clear_majority
279453,60006442,20,20,18,2,0.9,Closed,clear_majority
279454,60007738,20,20,19,1,0.95,Closed,clear_majority
279457,60007739,20,20,19,1,0.95,Closed,clear_majority
279460,60110789,17,17,17,0,1.0,Closed,clear_majority
279462,60004130,20,20,20,0,1.0,Closed,clear_majority
279463,60004131,20,20,20,0,1.0,Closed,clear_majority
279465,60110873,17,17,14,3,0.824,Closed,clear_majority
279466,60003258,20,20,20,0,1.0,Closed,clear_majority
279468,60006969,20,20,18,2,0.9,Closed,clear_majority
279469,60111613,17,17,17,0,1.0,Closed,clear_majority
279472,60009371,0,0,0,0,,,no_pto_data
279473,60030446,0,0,0,0,,,no_pto_data
279474,60111249,17,17,17,0,1.0,Closed,clear_majority
279475,60110958,17,17,17,0,1.0,Closed,clear_majority
279476,60111518,17,17,15,2,0.882,Closed,clear_majority
279477,60111520,17,17,15,2,0.882,Closed,clear_majority
279479,60111822,17,17,17,0,1.0,Closed,clear_majority
279480,60003317,20,20,17,3,0.85,Closed,clear_majority
279481,60003318,20,20,17,3,0.85,Closed,clear_majority
279484,60112252,17,17,17,0,1.0,Closed,clear_majority
279486,60002993,20,20,20,0,1.0,Closed,clear_majority
279491,60003426,20,20,20,0,1.0,Closed,clear_majority
279492,60111409,17,17,17,0,1.0,Closed,clear_majority
279493,60003695,20,20,20,0,1.0,Closed,clear_majority
279494,60065203,0,0,0,0,,,no_pto_data
279495,60003696,20,20,20,0,1.0,Closed,clear_majority
279497,60110704,17,17,17,0,1.0,Closed,clear_majority
279498,60111410,17,17,17,0,1.0,Closed,clear_majority
279500,60110731,17,17,17,0,1.0,Closed,clear_majority
279501,60094322,18,18,18,0,1.0,Closed,clear_majority
279502,60111109,17,17,17,0,1.0,Closed,clear_majority
279503,60112552,17,17,17,0,1.0,Closed,clear_majority
279504,60110962,17,17,17,0,1.0,Closed,clear_majority
279505,60097988,14,14,14,0,1.0,Closed,clear_majority
279509,60006529,0,0,0,0,,,no_pto_data
279510,60006942,20,20,20,0,1.0,Closed,clear_majority
279511,60006943,20,20,20,0,1.0,Closed,clear_majority
279512,60111499,17,17,17,0,1.0,Closed,clear_majority
279514,60111500,17,17,17,0,1.0,Closed,clear_majority
279515,60111498,17,17,17,0,1.0,Closed,clear_majority
279516,60112547,17,17,17,0,1.0,Closed,clear_majority
279517,60005789,15,15,14,1,0.933,Closed,clear_majority
279519,60111110,17,17,17,0,1.0,Closed,clear_majority
279521,60112097,17,17,0,17,0.0,Open,clear_majority
279522,60112136,17,17,17,0,1.0,Closed,clear_majority
279523,60110689,17,17,17,0,1.0,Closed,clear_majority
279524,60012275,20,20,20,0,1.0,Closed,clear_majority
279526,60012276,20,20,20,0,1.0,Closed,clear_majority
279527,60111522,17,17,17,0,1.0,Closed,clear_majority
279528,60111523,17,17,17,0,1.0,Closed,clear_majority
279530,60112778,17,17,17,0,1.0,Closed,clear_majority
279531,60006895,20,20,19,1,0.95,Closed,clear_majority
279533,60110636,17,17,17,0,1.0,Closed,clear_majority
279539,60110719,17,17,17,0,1.0,Closed,clear_majority
279541,60007103,20,20,20,0,1.0,Closed,clear_majority
279543,60004564,20,20,20,0,1.0,Closed,clear_majority
279545,60004565,20,20,20,0,1.0,Closed,clear_majority
279546,60110823,17,17,17,0,1.0,Closed,clear_majority
279550,60008846,20,20,19,1,0.95,Closed,clear_majority
279552,60008847,20,20,19,1,0.95,Closed,clear_majority
279553,60110702,17,17,17,0,1.0,Closed,clear_majority
279554,60112685,17,17,17,0,1.0,Closed,clear_majority
279555,60112538,17,17,17,0,1.0,Closed,clear_majority
279556,60112539,17,17,17,0,1.0,Closed,clear_majority
279558,60110853,17,17,17,0,1.0,Closed,clear_majority
279559,60110842,17,17,17,0,1.0,Closed,clear_majority
279561,60110728,17,17,17,0,1.0,Closed,clear_majority
279563,60007179,20,20,20,0,1.0,Closed,clear_majority
279564,60110737,17,17,17,0,1.0,Closed,clear_majority
279565,60110851,17,17,16,1,0.941,Closed,clear_majority
279566,60110854,17,17,16,1,0.941,Closed,clear_majority
279568,60110597,17,17,17,0,1.0,Closed,clear_majority
279570,60004518,20,20,20,0,1.0,Closed,clear_majority
279571,60110828,17,17,16,1,0.941,Closed,clear_majority
279572,60110827,17,17,16,1,0.941,Closed,clear_majority
279574,60004519,20,20,20,0,1.0,Closed,clear_majority
279575,60028293,0,0,0,0,,,no_pto_data
279577,60007461,20,20,17,3,0.85,Closed,clear_majority
279578,60009307,20,20,20,0,1.0,Closed,clear_majority
279582,60112783,17,17,17,0,1.0,Closed,clear_majority
279583,60067944,0,0,0,0,,,no_pto_data
279584,60070907,0,0,0,0,,,no_pto_data
279585,60112788,17,17,17,0,1.0,Closed,clear_majority
279586,60007301,20,20,20,0,1.0,Closed,clear_majority
279587,60005131,20,20,20,0,1.0,Closed,clear_majority
279588,60005132,20,20,20,0,1.0,Closed,clear_majority
279589,60110708,17,17,17,0,1.0,Closed,clear_majority
279591,60112412,17,17,17,0,1.0,Closed,clear_majority
279592,60007839,20,20,20,0,1.0,Closed,clear_majority
279593,60056813,0,0,0,0,,,no_pto_data
279594,60112789,17,17,17,0,1.0,Closed,clear_majority
279595,60112772,17,17,16,1,0.941,Closed,clear_majority
279596,60112112,17,17,14,3,0.824,Closed,clear_majority
279598,60112775,17,17,0,17,0.0,Open,clear_majority
279601,60110974,17,17,17,0,1.0,Closed,clear_majority
279602,60006901,20,20,20,0,1.0,Closed,clear_majority
279604,60006902,20,20,20,0,1.0,Closed,clear_majority
279605,60004403,19,19,19,0,1.0,Closed,clear_majority
279606,60112784,17,17,17,0,1.0,Closed,clear_majority
279608,60063098,0,0,0,0,,,no_pto_data
279613,60007235,20,20,20,0,1.0,Closed,clear_majority
279614,60007234,20,20,20,0,1.0,Closed,clear_majority
279617,60041804,0,0,0,0,,,no_pto_data
279620,60110885,17,17,17,0,1.0,Closed,clear_majority
279621,60005597,20,20,20,0,1.0,Closed,clear_majority
279622,60111490,16,16,16,0,1.0,Closed,clear_majority
279624,60004786,20,20,20,0,1.0,Closed,clear_majority
279625,60111852,17,17,17,0,1.0,Closed,clear_majority
279626,60006768,20,20,20,0,1.0,Closed,clear_majority
279628,60003366,20,20,17,3,0.85,Closed,clear_majority
279629,60062848,0,0,0,0,,,no_pto_data
279630,60111835,17,17,17,0,1.0,Closed,clear_majority
279631,60111834,17,17,17,0,1.0,Closed,clear_majority
279633,60111746,17,17,17,0,1.0,Closed,clear_majority
279634,60010592,20,20,20,0,1.0,Closed,clear_majority
279638,60005985,20,20,20,0,1.0,Closed,clear_majority
279639,60005984,20,20,20,0,1.0,Closed,clear_majority
279641,60006049,20,20,20,0,1.0,Closed,clear_majority
279642,60006051,20,20,20,0,1.0,Closed,clear_majority
279643,60111013,17,17,17,0,1.0,Closed,clear_majority
279648,60111853,17,17,17,0,1.0,Closed,clear_majority
279649,60072274,0,0,0,0,,,no_pto_data
279655,60111431,16,16,16,0,1.0,Closed,clear_majority
279659,60111782,17,17,17,0,1.0,Closed,clear_majority
279661,60111433,17,17,15,2,0.882,Closed,clear_majority
279663,60111402,17,17,17,0,1.0,Closed,clear_majority
279665,60111817,17,17,17,0,1.0,Closed,clear_majority
279666,60111844,17,17,17,0,1.0,Closed,clear_majority
279667,60111455,17,17,17,0,1.0,Closed,clear_majority
279670,60007070,20,20,20,0,1.0,Closed,clear_majority
279671,60019167,0,0,0,0,,,no_pto_data
279672,60115039,1,1,1,0,1.0,Closed,clear_majority
279674,60112774,17,17,0,17,0.0,Open,clear_majority
279675,60005403,20,20,20,0,1.0,Closed,clear_majority
279676,60111134,17,17,17,0,1.0,Closed,clear_majority
279678,60111131,17,17,17,0,1.0,Closed,clear_majority
279679,60111132,17,17,17,0,1.0,Closed,clear_majority
279680,60004957,20,20,16,4,0.8,Closed,mixed
279682,60062838,0,0,0,0,,,no_pto_data
279683,60111673,17,17,12,5,0.706,Closed,mixed
279685,60033959,0,0,0,0,,,no_pto_data
279686,60110917,17,17,17,0,1.0,Closed,clear_majority
279687,60111040,16,16,14,2,0.875,Closed,clear_majority
279688,60112129,17,17,17,0,1.0,Closed,clear_majority
279689,60110907,17,17,17,0,1.0,Closed,clear_majority
279690,60110949,17,17,17,0,1.0,Closed,clear_majority
279692,60110903,17,17,17,0,1.0,Closed,clear_majority
279694,60033400,0,0,0,0,,,no_pto_data
279696,60110953,17,17,17,0,1.0,Closed,clear_majority
279697,60062846,0,0,0,0,,,no_pto_data
279698,60110904,17,17,17,0,1.0,Closed,clear_majority
279699,60110908,17,17,17,0,1.0,Closed,clear_majority
279702,60005334,20,20,20,0,1.0,Closed,clear_majority
279704,60020219,0,0,0,0,,,no_pto_data
279705,60065705,0,0,0,0,,,no_pto_data
279707,60005335,20,20,20,0,1.0,Closed,clear_majority
279709,60003609,20,20,20,0,1.0,Closed,clear_majority
279710,60003608,20,20,20,0,1.0,Closed,clear_majority
279715,60111129,17,17,17,0,1.0,Closed,clear_majority
279716,60044137,0,0,0,0,,,no_pto_data
279717,60035251,0,0,0,0,,,no_pto_data
279718,60111044,17,17,17,0,1.0,Closed,clear_majority
279720,60111130,17,17,16,1,0.941,Closed,clear_majority
279721,60035639,0,0,0,0,,,no_pto_data
279723,60046809,0,0,0,0,,,no_pto_data
279724,60016139,0,0,0,0,,,no_pto_data
279725,60003132,20,20,20,0,1.0,Closed,clear_majority
279726,60003133,20,20,20,0,1.0,Closed,clear_majority
279727,60005291,20,20,20,0,1.0,Closed,clear_majority
279729,60112555,17,17,17,0,1.0,Closed,clear_majority
279730,60004586,20,20,19,1,0.95,Closed,clear_majority
279734,60111833,17,17,17,0,1.0,Closed,clear_majority
279735,60111832,17,17,17,0,1.0,Closed,clear_majority
279739,60112697,17,17,17,0,1.0,Closed,clear_majority
279740,60003778,20,20,20,0,1.0,Closed,clear_majority
279742,60111454,17,17,17,0,1.0,Closed,clear_majority
279744,60110599,17,17,17,0,1.0,Closed,clear_majority
279745,60111037,17,17,17,0,1.0,Closed,clear_majority
279746,60111036,17,17,17,0,1.0,Closed,clear_majority
279748,60021332,0,0,0,0,,,no_pto_data
279749,60111608,17,17,17,0,1.0,Closed,clear_majority
279750,60111607,17,17,17,0,1.0,Closed,clear_majority
279757,60007756,20,20,20,0,1.0,Closed,clear_majority
279758,60010605,20,20,20,0,1.0,Closed,clear_majority
279759,60111417,17,17,17,0,1.0,Closed,clear_majority
279760,60004222,20,20,20,0,1.0,Closed,clear_majority
279763,60111492,17,17,17,0,1.0,Closed,clear_majority
279764,60111788,17,17,17,0,1.0,Closed,clear_majority
279765,60046013,0,0,0,0,,,no_pto_data
279767,60046011,0,0,0,0,,,no_pto_data
279768,60046012,0,0,0,0,,,no_pto_data
279769,60112794,17,17,17,0,1.0,Closed,clear_majority
279770,60112681,17,17,17,0,1.0,Closed,clear_majority
279772,60021245,0,0,0,0,,,no_pto_data
279775,60003514,20,20,20,0,1.0,Closed,clear_majority
279777,60111798,17,17,17,0,1.0,Closed,clear_majority
279779,60112754,17,17,17,0,1.0,Closed,clear_majority
279780,60110987,17,17,17,0,1.0,Closed,clear_majority
279781,60011758,20,20,20,0,1.0,Closed,clear_majority
279782,60111404,17,17,17,0,1.0,Closed,clear_majority
279783,60076784,0,0,0,0,,,no_pto_data
279784,60110986,17,17,17,0,1.0,Closed,clear_majority
279785,60007868,20,20,19,1,0.95,Closed,clear_majority
279786,60007867,20,20,19,1,0.95,Closed,clear_majority
279787,60111446,17,17,17,0,1.0,Closed,clear_majority
279788,60111797,17,17,17,0,1.0,Closed,clear_majority
279789,60008853,20,20,20,0,1.0,Closed,clear_majority
279790,60111799,17,17,17,0,1.0,Closed,clear_majority
279791,60112793,17,17,17,0,1.0,Closed,clear_majority
279792,60112792,17,17,17,0,1.0,Closed,clear_majority
279793,60111419,17,17,17,0,1.0,Closed,clear_majority
279795,60111418,17,17,17,0,1.0,Closed,clear_majority
279796,60111420,17,17,17,0,1.0,Closed,clear_majority
279797,60111794,17,17,17,0,1.0,Closed,clear_majority
279798,60010569,20,20,20,0,1.0,Closed,clear_majority
279799,60111789,17,17,17,0,1.0,Closed,clear_majority
279800,60111792,17,17,17,0,1.0,Closed,clear_majority
279801,60111790,17,17,17,0,1.0,Closed,clear_majority
279802,60111791,17,17,17,0,1.0,Closed,clear_majority
279803,60111793,17,17,17,0,1.0,Closed,clear_majority
279804,60111795,17,17,17,0,1.0,Closed,clear_majority
279805,60016873,0,0,0,0,,,no_pto_data
279806,60111618,17,17,17,0,1.0,Closed,clear_majority
279807,60111621,17,17,17,0,1.0,Closed,clear_majority
279808,60111619,17,17,17,0,1.0,Closed,clear_majority
279809,60112795,17,17,10,7,0.588,Closed,mixed
279810,60111098,17,17,17,0,1.0,Closed,clear_majority
279811,60111297,17,17,17,0,1.0,Closed,clear_majority
279814,60021260,0,0,0,0,,,no_pto_data
279815,60003115,20,20,20,0,1.0,Closed,clear_majority
279816,60007828,20,20,20,0,1.0,Closed,clear_majority
279818,60007825,20,20,20,0,1.0,Closed,clear_majority
279819,60007826,20,20,20,0,1.0,Closed,clear_majority
279821,60007829,20,20,20,0,1.0,Closed,clear_majority
279822,60005722,20,20,18,2,0.9,Closed,clear_majority
279825,60111024,17,17,17,0,1.0,Closed,clear_majority
279826,60111025,17,17,17,0,1.0,Closed,clear_majority
279827,60111831,17,17,17,0,1.0,Closed,clear_majority
279828,60007591,20,20,20,0,1.0,Closed,clear_majority
279832,60086450,0,0,0,0,,,no_pto_data
279834,60110929,17,17,17,0,1.0,Closed,clear_majority
279835,60110928,17,17,17,0,1.0,Closed,clear_majority
279836,60110893,17,17,17,0,1.0,Closed,clear_majority
279837,60110894,17,17,17,0,1.0,Closed,clear_majority
279838,60110895,17,17,10,7,0.588,Closed,mixed
279839,60110896,17,17,13,4,0.765,Closed,mixed
279840,60110892,17,17,14,3,0.824,Closed,clear_majority
279842,60110936,17,17,17,0,1.0,Closed,clear_majority
279843,60005721,20,20,18,2,0.9,Closed,clear_majority
279846,60111462,15,15,15,0,1.0,Closed,clear_majority
279847,60112110,17,17,17,0,1.0,Closed,clear_majority
279848,60111023,17,17,17,0,1.0,Closed,clear_majority
279849,60112059,17,17,17,0,1.0,Closed,clear_majority
279850,60003380,20,20,20,0,1.0,Closed,clear_majority
279851,60111818,17,17,17,0,1.0,Closed,clear_majority
279852,60111821,17,17,17,0,1.0,Closed,clear_majority
279853,60111439,16,16,16,0,1.0,Closed,clear_majority
279854,60112410,17,17,17,0,1.0,Closed,clear_majority
279855,60112406,17,17,17,0,1.0,Closed,clear_majority
279857,60110657,17,17,16,1,0.941,Closed,clear_majority
279858,60112676,17,17,17,0,1.0,Closed,clear_majority
279859,60110790,17,17,17,0,1.0,Closed,clear_majority
279860,60110726,17,17,17,0,1.0,Closed,clear_majority
279861,60111866,17,17,17,0,1.0,Closed,clear_majority
279862,60111604,17,17,17,0,1.0,Closed,clear_majority
279864,60111252,17,17,17,0,1.0,Closed,clear_majority
279865,60110763,17,17,17,0,1.0,Closed,clear_majority
279866,60110626,17,17,17,0,1.0,Closed,clear_majority
279869,60112061,17,17,17,0,1.0,Closed,clear_majority
279870,60112060,17,17,17,0,1.0,Closed,clear_majority
279871,60111843,17,17,17,0,1.0,Closed,clear_majority
279872,60111615,17,17,17,0,1.0,Closed,clear_majority
279873,60112698,17,17,17,0,1.0,Closed,clear_majority
279874,60007578,19,19,18,1,0.947,Closed,clear_majority
279875,60112413,17,17,17,0,1.0,Closed,clear_majority
279876,60111253,17,17,17,0,1.0,Closed,clear_majority
279877,60112402,17,17,17,0,1.0,Closed,clear_majority
279879,60112134,17,17,17,0,1.0,Closed,clear_majority
279880,60069410,0,0,0,0,,,no_pto_data
279881,60112132,17,17,17,0,1.0,Closed,clear_majority
279882,60004120,20,20,20,0,1.0,Closed,clear_majority
279883,60110985,16,16,13,3,0.812,Closed,clear_majority
279884,60045392,0,0,0,0,,,no_pto_data
279885,60005890,20,20,20,0,1.0,Closed,clear_majority
279886,60006158,20,20,20,0,1.0,Closed,clear_majority
279888,60110916,17,17,16,1,0.941,Closed,clear_majority
279890,60111787,17,17,17,0,1.0,Closed,clear_majority
279891,60112560,12,12,12,0,1.0,Closed,clear_majority
279892,60004031,20,20,20,0,1.0,Closed,clear_majority
279894,60111599,17,17,17,0,1.0,Closed,clear_majority
279895,60111601,17,17,17,0,1.0,Closed,clear_majority
279897,60062847,0,0,0,0,,,no_pto_data
279899,60111416,17,17,15,2,0.882,Closed,clear_majority
279901,60110815,17,17,17,0,1.0,Closed,clear_majority
279904,60110816,17,17,17,0,1.0,Closed,clear_majority
279905,60110932,17,17,17,0,1.0,Closed,clear_majority
279906,60112258,17,17,17,0,1.0,Closed,clear_majority
279907,60004631,20,20,20,0,1.0,Closed,clear_majority
279908,60003611,20,20,20,0,1.0,Closed,clear_majority
279910,60043691,0,0,0,0,,,no_pto_data
279912,60110679,17,17,17,0,1.0,Closed,clear_majority
279914,60112260,17,17,17,0,1.0,Closed,clear_majority
279915,60110858,17,17,17,0,1.0,Closed,clear_majority
279916,60003365,20,20,20,0,1.0,Closed,clear_majority
279917,60111854,17,17,17,0,1.0,Closed,clear_majority
279918,60065062,0,0,0,0,,,no_pto_data
279920,60006972,20,20,20,0,1.0,Closed,clear_majority
279921,60010363,20,20,20,0,1.0,Closed,clear_majority
279924,60006163,20,20,20,0,1.0,Closed,clear_majority
279925,60112680,17,17,17,0,1.0,Closed,clear_majority
279926,60110835,17,17,17,0,1.0,Closed,clear_majority
279929,60111457,17,17,17,0,1.0,Closed,clear_majority
279930,60110814,17,17,17,0,1.0,Closed,clear_majority
279931,60046939,0,0,0,0,,,no_pto_data
279932,60112777,17,17,17,0,1.0,Closed,clear_majority
279933,60112535,17,17,17,0,1.0,Closed,clear_majority
279935,60111012,17,17,17,0,1.0,Closed,clear_majority
279936,60111779,17,17,17,0,1.0,Closed,clear_majority
279937,60111456,17,17,17,0,1.0,Closed,clear_majority
279938,60110838,17,17,17,0,1.0,Closed,clear_majority
279940,60111804,17,17,16,1,0.941,Closed,clear_majority
279941,60112757,17,17,17,0,1.0,Closed,clear_majority
279943,60112257,17,17,17,0,1.0,Closed,clear_majority
279945,60004032,20,20,20,0,1.0,Closed,clear_majority
279946,60111465,17,17,17,0,1.0,Closed,clear_majority
279951,60110782,17,17,17,0,1.0,Closed,clear_majority
279952,60029997,0,0,0,0,,,no_pto_data
279953,60112542,17,17,17,0,1.0,Closed,clear_majority
279954,60112543,17,17,17,0,1.0,Closed,clear_majority
279955,60112540,17,17,16,1,0.941,Closed,clear_majority
279956,60112541,17,17,17,0,1.0,Closed,clear_majority
279957,60111016,17,17,17,0,1.0,Closed,clear_majority
279958,60111017,17,17,17,0,1.0,Closed,clear_majority
279959,60112251,17,17,17,0,1.0,Closed,clear_majority
279960,60112250,17,17,17,0,1.0,Closed,clear_majority
279961,60071342,0,0,0,0,,,no_pto_data
279962,60071343,0,0,0,0,,,no_pto_data
279963,60071344,0,0,0,0,,,no_pto_data
279970,60110914,17,17,17,0,1.0,Closed,clear_majority
279971,60110913,17,17,17,0,1.0,Closed,clear_majority
279972,60111880,17,17,17,0,1.0,Closed,clear_majority
279973,60111882,17,17,17,0,1.0,Closed,clear_majority
279974,60111879,17,17,17,0,1.0,Closed,clear_majority
279975,60111881,17,17,17,0,1.0,Closed,clear_majority
279979,60071345,0,0,0,0,,,no_pto_data
279981,60110967,17,17,17,0,1.0,Closed,clear_majority
279983,60110968,17,17,17,0,1.0,Closed,clear_majority
279984,60110969,17,17,17,0,1.0,Closed,clear_majority
280004,60111450,15,15,14,1,0.933,Closed,clear_majority
280005,60111451,11,11,11,0,1.0,Closed,clear_majority
280010,60004435,20,20,20,0,1.0,Closed,clear_majority
280011,60111530,17,17,17,0,1.0,Closed,clear_majority
280013,60111529,17,17,17,0,1.0,Closed,clear_majority
280014,60004437,20,20,20,0,1.0,Closed,clear_majority
280019,60111422,15,15,15,0,1.0,Closed,clear_majority
280020,60111423,11,11,11,0,1.0,Closed,clear_majority
280023,60111119,17,17,17,0,1.0,Closed,clear_majority
280025,60110735,17,17,17,0,1.0,Closed,clear_majority
280028,60110611,17,17,17,0,1.0,Closed,clear_majority
280029,60003381,0,0,0,0,,,no_pto_data
280030,60111850,17,17,17,0,1.0,Closed,clear_majority
280031,60011168,20,20,20,0,1.0,Closed,clear_majority
280033,60003135,19,19,19,0,1.0,Closed,clear_majority
280038,60110609,17,17,17,0,1.0,Closed,clear_majority
280040,60111124,17,17,16,1,0.941,Closed,clear_majority
280041,60112099,17,17,17,0,1.0,Closed,clear_majority
280042,60111819,17,17,17,0,1.0,Closed,clear_majority
280043,60110604,17,17,16,1,0.941,Closed,clear_majority
280045,60111076,17,17,17,0,1.0,Closed,clear_majority
280047,60111747,17,17,17,0,1.0,Closed,clear_majority
280049,60010600,20,20,20,0,1.0,Closed,clear_majority
280050,60111046,17,17,17,0,1.0,Closed,clear_majority
280051,60111596,17,17,17,0,1.0,Closed,clear_majority
280052,60110764,17,17,17,0,1.0,Closed,clear_majority
280053,60110840,17,17,17,0,1.0,Closed,clear_majority
280054,60112102,17,17,17,0,1.0,Closed,clear_majority
280055,60019168,0,0,0,0,,,no_pto_data
280056,60111712,17,17,17,0,1.0,Closed,clear_majority
280057,60069411,0,0,0,0,,,no_pto_data
280060,60003430,20,20,20,0,1.0,Closed,clear_majority
280062,60111298,17,17,17,0,1.0,Closed,clear_majority
280063,60038028,0,0,0,0,,,no_pto_data
280064,60111784,17,17,17,0,1.0,Closed,clear_majority
280065,60111593,17,17,17,0,1.0,Closed,clear_majority
280066,60003693,0,0,0,0,,,no_pto_data
280067,60031619,0,0,0,0,,,no_pto_data
280068,60012041,20,20,20,0,1.0,Closed,clear_majority
280069,60066398,0,0,0,0,,,no_pto_data
280070,60006164,20,20,20,0,1.0,Closed,clear_majority
280071,60004978,0,0,0,0,,,no_pto_data
280072,60031039,0,0,0,0,,,no_pto_data
280074,60004724,0,0,0,0,,,no_pto_data
280075,60112411,17,17,17,0,1.0,Closed,clear_majority
280076,60111806,17,17,17,0,1.0,Closed,clear_majority
280077,60110771,17,17,15,2,0.882,Closed,clear_majority
280078,60006485,20,20,17,3,0.85,Closed,clear_majority
280079,60010055,20,20,20,0,1.0,Closed,clear_majority
280081,60111600,17,17,17,0,1.0,Closed,clear_majority
280082,60111011,17,17,17,0,1.0,Closed,clear_majority
280083,60007660,20,20,18,2,0.9,Closed,clear_majority
280084,60053244,0,0,0,0,,,no_pto_data
280085,60007742,20,20,20,0,1.0,Closed,clear_majority
280086,60111594,17,17,17,0,1.0,Closed,clear_majority
280088,60111045,17,17,17,0,1.0,Closed,clear_majority
280089,60110602,17,17,17,0,1.0,Closed,clear_majority
280092,60010471,17,17,17,0,1.0,Closed,clear_majority
280093,60112787,17,17,17,0,1.0,Closed,clear_majority
280094,60007088,20,20,20,0,1.0,Closed,clear_majority
280095,60111864,17,17,17,0,1.0,Closed,clear_majority
280096,100007800,0,0,0,0,,,no_pto_data
280097,60110833,17,17,17,0,1.0,Closed,clear_majority
280098,60006052,20,20,20,0,1.0,Closed,clear_majority
280099,60111865,17,17,17,0,1.0,Closed,clear_majority
280100,60112556,17,17,17,0,1.0,Closed,clear_majority
280101,60110769,17,17,15,2,0.882,Closed,clear_majority
280105,60006050,3,3,3,0,1.0,Closed,clear_majority
280106,60110608,17,17,17,0,1.0,Closed,clear_majority
280107,60112559,17,17,17,0,1.0,Closed,clear_majority
280108,60111118,17,17,17,0,1.0,Closed,clear_majority
280110,60112256,17,17,17,0,1.0,Closed,clear_majority
280111,60111847,17,17,17,0,1.0,Closed,clear_majority
280115,60038025,0,0,0,0,,,no_pto_data
280116,60111271,17,17,17,0,1.0,Closed,clear_majority
280117,60111808,17,17,17,0,1.0,Closed,clear_majority
280118,60006524,20,20,20,0,1.0,Closed,clear_majority
280119,60017413,0,0,0,0,,,no_pto_data
280120,60006873,20,20,20,0,1.0,Closed,clear_majority
280122,60110652,17,17,17,0,1.0,Closed,clear_majority
280123,60110933,17,17,17,0,1.0,Closed,clear_majority
280124,60110915,17,17,17,0,1.0,Closed,clear_majority
280125,60110641,17,17,17,0,1.0,Closed,clear_majority
280126,60111038,16,16,16,0,1.0,Closed,clear_majority
280128,60009306,20,20,20,0,1.0,Closed,clear_majority
280129,60111083,17,17,17,0,1.0,Closed,clear_majority
280130,60010697,0,0,0,0,,,no_pto_data
280133,60111803,17,17,16,1,0.941,Closed,clear_majority
280134,60111781,17,17,17,0,1.0,Closed,clear_majority
280135,60111606,17,17,17,0,1.0,Closed,clear_majority
280136,60110623,17,17,17,0,1.0,Closed,clear_majority
280139,60111851,17,17,17,0,1.0,Closed,clear_majority
280140,60005071,20,20,20,0,1.0,Closed,clear_majority
280143,60112255,17,17,17,0,1.0,Closed,clear_majority
280145,60038027,0,0,0,0,,,no_pto_data
280148,60111845,17,17,17,0,1.0,Closed,clear_majority
280149,60111800,17,17,14,3,0.824,Closed,clear_majority
280150,60010694,0,0,0,0,,,no_pto_data
280151,60111867,17,17,17,0,1.0,Closed,clear_majority
280152,60021256,0,0,0,0,,,no_pto_data
280153,60110678,17,17,17,0,1.0,Closed,clear_majority
280155,60007215,0,0,0,0,,,no_pto_data
280156,60112551,17,17,17,0,1.0,Closed,clear_majority
280157,60110754,17,17,17,0,1.0,Closed,clear_majority
280158,60111597,17,17,17,0,1.0,Closed,clear_majority
280159,60110721,17,17,17,0,1.0,Closed,clear_majority
280160,60111605,17,17,17,0,1.0,Closed,clear_majority
280161,60110619,17,17,17,0,1.0,Closed,clear_majority
280163,60112553,17,17,17,0,1.0,Closed,clear_majority
280165,60111135,17,17,17,0,1.0,Closed,clear_majority
280166,60111458,17,17,17,0,1.0,Closed,clear_majority
280167,60111860,17,17,17,0,1.0,Closed,clear_majority
280168,60112546,17,17,17,0,1.0,Closed,clear_majority
280169,60005987,20,20,18,2,0.9,Closed,clear_majority
280170,60112679,17,17,17,0,1.0,Closed,clear_majority
280171,60111805,17,17,17,0,1.0,Closed,clear_majority
280172,60021259,0,0,0,0,,,no_pto_data
280173,60112404,17,17,17,0,1.0,Closed,clear_majority
280174,60111616,17,17,17,0,1.0,Closed,clear_majority
280176,60007579,16,16,16,0,1.0,Closed,clear_majority
280177,60111857,17,17,17,0,1.0,Closed,clear_majority
280179,60007216,0,0,0,0,,,no_pto_data
280180,60004630,20,20,20,0,1.0,Closed,clear_majority
280181,60111382,17,17,17,0,1.0,Closed,clear_majority
280182,60111598,17,17,17,0,1.0,Closed,clear_majority
280184,60111464,17,17,17,0,1.0,Closed,clear_majority
280185,60005540,20,20,20,0,1.0,Closed,clear_majority
280187,60111493,17,17,17,0,1.0,Closed,clear_majority
280189,60111841,17,17,17,0,1.0,Closed,clear_majority
280191,60112408,17,17,17,0,1.0,Closed,clear_majority
280195,60112058,17,17,17,0,1.0,Closed,clear_majority
280196,60004005,20,20,20,0,1.0,Closed,clear_majority
280198,60111379,17,17,17,0,1.0,Closed,clear_majority
280199,60004006,20,20,20,0,1.0,Closed,clear_majority
280200,60110919,17,17,17,0,1.0,Closed,clear_majority
280204,60110628,17,17,17,0,1.0,Closed,clear_majority
280205,60062849,0,0,0,0,,,no_pto_data
280206,60007087,20,20,20,0,1.0,Closed,clear_majority
280208,60110819,17,17,17,0,1.0,Closed,clear_majority
280209,60025254,0,0,0,0,,,no_pto_data
280210,60111846,17,17,17,0,1.0,Closed,clear_majority
280212,60112678,17,17,17,0,1.0,Closed,clear_majority
280213,60112558,17,17,17,0,1.0,Closed,clear_majority
280214,60111082,17,17,17,0,1.0,Closed,clear_majority
280215,60110755,17,17,17,0,1.0,Closed,clear_majority
280216,60006486,20,20,17,3,0.85,Closed,clear_majority
280217,60111020,17,17,17,0,1.0,Closed,clear_majority
280218,60112103,17,17,17,0,1.0,Closed,clear_majority
280219,60110918,17,17,16,1,0.941,Closed,clear_majority
280220,60111807,17,17,17,0,1.0,Closed,clear_majority
280221,60031618,0,0,0,0,,,no_pto_data
280222,60112790,17,17,17,0,1.0,Closed,clear_majority
280224,60110959,17,17,17,0,1.0,Closed,clear_majority
280226,60115041,0,0,0,0,,,no_pto_data
280227,60111780,17,17,17,0,1.0,Closed,clear_majority
280228,60110653,17,17,17,0,1.0,Closed,clear_majority
280230,60111435,17,17,17,0,1.0,Closed,clear_majority
280231,60010362,19,19,19,0,1.0,Closed,clear_majority
280233,60111415,17,17,15,2,0.882,Closed,clear_majority
280234,60111273,17,17,17,0,1.0,Closed,clear_majority
280236,60014421,0,0,0,0,,,no_pto_data
280237,60110621,17,17,17,0,1.0,Closed,clear_majority
280238,60112100,17,17,17,0,1.0,Closed,clear_majority
280239,60111802,17,17,17,0,1.0,Closed,clear_majority
280240,60112137,17,17,17,0,1.0,Closed,clear_majority
280241,60110783,17,17,17,0,1.0,Closed,clear_majority
280242,60112544,17,17,17,0,1.0,Closed,clear_majority
280243,60110839,17,17,17,0,1.0,Closed,clear_majority
280244,60112686,17,17,17,0,1.0,Closed,clear_majority
280245,60111820,17,17,17,0,1.0,Closed,clear_majority
280246,60112688,17,17,17,0,1.0,Closed,clear_majority
280248,60006784,17,17,12,5,0.706,Closed,mixed
280249,60111745,17,17,17,0,1.0,Closed,clear_majority
280250,60111403,17,17,17,0,1.0,Closed,clear_majority
280251,60110601,17,17,17,0,1.0,Closed,clear_majority
280252,60111077,17,17,17,0,1.0,Closed,clear_majority
280253,60010696,0,0,0,0,,,no_pto_data
280254,60110765,17,17,17,0,1.0,Closed,clear_majority
280255,60110930,17,17,17,0,1.0,Closed,clear_majority
280256,60110753,17,17,17,0,1.0,Closed,clear_majority
280257,60038024,0,0,0,0,,,no_pto_data
280258,60067943,0,0,0,0,,,no_pto_data
280260,60003429,20,20,20,0,1.0,Closed,clear_majority
280262,60111414,17,17,15,2,0.882,Closed,clear_majority
280265,60111408,17,17,16,1,0.941,Closed,clear_majority
280266,60112133,17,17,17,0,1.0,Closed,clear_majority
280267,60111614,17,17,17,0,1.0,Closed,clear_majority
280268,60112785,17,17,17,0,1.0,Closed,clear_majority
280269,60111595,17,17,17,0,1.0,Closed,clear_majority
280274,60112403,17,17,17,0,1.0,Closed,clear_majority
280275,60111777,17,17,17,0,1.0,Closed,clear_majority
280276,60111842,17,17,17,0,1.0,Closed,clear_majority
280277,60111839,17,17,17,0,1.0,Closed,clear_majority
280278,60110931,17,17,17,0,1.0,Closed,clear_majority
280280,60112104,17,17,17,0,1.0,Closed,clear_majority
280281,60040084,0,0,0,0,,,no_pto_data
280282,60110638,17,17,17,0,1.0,Closed,clear_majority
280283,60110768,17,17,17,0,1.0,Closed,clear_majority
280284,60111206,17,17,17,0,1.0,Closed,clear_majority
280285,60111840,17,17,17,0,1.0,Closed,clear_majority
280288,60111848,17,17,17,0,1.0,Closed,clear_majority
280289,60012807,20,20,20,0,1.0,Closed,clear_majority
280290,60111434,17,17,17,0,1.0,Closed,clear_majority
280291,60111612,17,17,17,0,1.0,Closed,clear_majority
280293,60110727,17,17,17,0,1.0,Closed,clear_majority
280294,60110957,17,17,17,0,1.0,Closed,clear_majority
280295,60110707,17,17,17,0,1.0,Closed,clear_majority
280299,60040083,0,0,0,0,,,no_pto_data
280300,60007229,0,0,0,0,,,no_pto_data
280304,60110751,17,17,17,0,1.0,Closed,clear_majority
280306,60112407,17,17,17,0,1.0,Closed,clear_majority
280307,60111394,17,17,17,0,1.0,Closed,clear_majority
280310,60111438,17,17,17,0,1.0,Closed,clear_majority
280312,60111783,17,17,17,0,1.0,Closed,clear_majority
280313,60111039,17,17,17,0,1.0,Closed,clear_majority
280315,60112253,17,17,17,0,1.0,Closed,clear_majority
280318,60005207,20,20,19,1,0.95,Closed,clear_majority
280320,60111436,16,16,16,0,1.0,Closed,clear_majority
280321,60005072,20,20,20,0,1.0,Closed,clear_majority
280322,60110691,17,17,17,0,1.0,Closed,clear_majority
280323,60111437,17,17,16,1,0.941,Closed,clear_majority
280325,60005294,20,20,20,0,1.0,Closed,clear_majority
280326,60003403,20,20,18,2,0.9,Closed,clear_majority
280330,60006157,20,20,20,0,1.0,Closed,clear_majority
280331,60110861,17,17,17,0,1.0,Closed,clear_majority
280332,60072275,0,0,0,0,,,no_pto_data
280335,60060758,0,0,0,0,,,no_pto_data
280336,60111381,17,17,17,0,1.0,Closed,clear_majority
280337,60110956,17,17,17,0,1.0,Closed,clear_majority
280338,60111617,17,17,17,0,1.0,Closed,clear_majority
280339,60010470,17,17,17,0,1.0,Closed,clear_majority
280340,60112758,17,17,17,0,1.0,Closed,clear_majority
280341,60110615,17,17,17,0,1.0,Closed,clear_majority
280342,60006905,20,20,20,0,1.0,Closed,clear_majority
280344,60110749,17,17,17,0,1.0,Closed,clear_majority
280345,60112780,17,17,17,0,1.0,Closed,clear_majority
280347,60007022,20,20,20,0,1.0,Closed,clear_majority
280349,60112771,17,17,5,12,0.294,Open,mixed
280352,60038026,0,0,0,0,,,no_pto_data
280353,60112677,17,17,17,0,1.0,Closed,clear_majority
280354,60112405,17,17,17,0,1.0,Closed,clear_majority
280357,60111141,17,17,17,0,1.0,Closed,clear_majority
280359,60110610,17,17,17,0,1.0,Closed,clear_majority
280362,60110603,17,17,16,1,0.941,Closed,clear_majority
280363,60026743,0,0,0,0,,,no_pto_data
280364,60111296,17,17,17,0,1.0,Closed,clear_majority
280365,60007741,20,20,20,0,1.0,Closed,clear_majority
280367,60112781,17,17,17,0,1.0,Closed,clear_majority
280371,60006904,20,20,20,0,1.0,Closed,clear_majority
280373,60010593,20,20,20,0,1.0,Closed,clear_majority
280374,60111778,17,17,17,0,1.0,Closed,clear_majority
280375,60112687,17,17,17,0,1.0,Closed,clear_majority
280376,60038029,0,0,0,0,,,no_pto_data
280377,60111274,17,17,17,0,1.0,Closed,clear_majority
280378,60110614,17,17,17,0,1.0,Closed,clear_majority
280379,60111855,17,17,17,0,1.0,Closed,clear_majority
280381,60003612,20,20,20,0,1.0,Closed,clear_majority
280383,60112773,17,17,0,17,0.0,Open,clear_majority
280384,60111384,17,17,17,0,1.0,Closed,clear_majority
280385,60056217,0,0,0,0,,,no_pto_data
280386,60010601,20,20,20,0,1.0,Closed,clear_majority
280387,60110649,17,17,17,0,1.0,Closed,clear_majority
280388,60111816,17,17,17,0,1.0,Closed,clear_majority
280393,60111491,17,17,17,0,1.0,Closed,clear_majority
280394,60111709,17,17,17,0,1.0,Closed,clear_majority
280398,60112414,17,17,17,0,1.0,Closed,clear_majority
280399,60005683,20,20,20,0,1.0,Closed,clear_majority
280400,60010004,20,20,20,0,1.0,Closed,clear_majority
280402,60010606,20,20,20,0,1.0,Closed,clear_majority
280405,60110625,17,17,17,0,1.0,Closed,clear_majority
280406,60112254,17,17,17,0,1.0,Closed,clear_majority
280408,60111021,17,17,17,0,1.0,Closed,clear_majority
280409,60112113,17,17,17,0,1.0,Closed,clear_majority
280410,60065061,0,0,0,0,,,no_pto_data
280411,60007237,20,20,20,0,1.0,Closed,clear_majority
280412,60006973,20,20,20,0,1.0,Closed,clear_majority
280413,60112557,17,17,17,0,1.0,Closed,clear_majority
280414,60043690,0,0,0,0,,,no_pto_data
280415,60111801,17,17,17,0,1.0,Closed,clear_majority
280416,60110648,17,17,17,0,1.0,Closed,clear_majority
280419,60110767,17,17,17,0,1.0,Closed,clear_majority
280422,60111859,17,17,17,0,1.0,Closed,clear_majority
280423,60110750,17,17,17,0,1.0,Closed,clear_majority
280424,60088515,0,0,0,0,,,no_pto_data
280426,60005434,20,20,20,0,1.0,Closed,clear_majority
280427,60008300,20,20,20,0,1.0,Closed,clear_majority
280428,60112751,17,17,17,0,1.0,Closed,clear_majority
280429,60110996,17,17,17,0,1.0,Closed,clear_majority
280432,60007240,20,20,20,0,1.0,Closed,clear_majority
280434,60111519,17,17,17,0,1.0,Closed,clear_majority
280436,60110696,17,17,17,0,1.0,Closed,clear_majority
280438,60111459,17,17,17,0,1.0,Closed,clear_majority
280439,60112750,17,17,17,0,1.0,Closed,clear_majority
280440,60111468,11,11,11,0,1.0,Closed,clear_majority
280441,60005598,20,20,20,0,1.0,Closed,clear_majority
280442,60008299,20,20,20,0,1.0,Closed,clear_majority
280443,60111521,17,17,17,0,1.0,Closed,clear_majority
280444,60007279,20,20,20,0,1.0,Closed,clear_majority
280446,60110640,17,17,17,0,1.0,Closed,clear_majority
280447,60007278,20,20,20,0,1.0,Closed,clear_majority
280448,60007241,20,20,20,0,1.0,Closed,clear_majority
280449,60112752,17,17,17,0,1.0,Closed,clear_majority
280452,60111836,17,17,17,0,1.0,Closed,clear_majority
280535,60008171,20,20,20,0,1.0,Closed,clear_majority
280540,60008172,20,20,20,0,1.0,Closed,clear_majority
280620,60000347,20,20,20,0,1.0,Closed,clear_majority
280624,60006280,20,20,20,0,1.0,Closed,clear_majority
280735,60006018,20,20,20,0,1.0,Closed,clear_majority
280759,60009684,20,20,20,0,1.0,Closed,clear_majority
280808,60112311,17,17,17,0,1.0,Closed,clear_majority
281130,60110906,17,17,17,0,1.0,Closed,clear_majority
281141,60112312,17,17,17,0,1.0,Closed,clear_majority
281262,60110905,15,15,15,0,1.0,Closed,clear_majority
281630,60007349,3,3,3,0,1.0,Closed,clear_majority
281631,60009296,20,20,20,0,1.0,Closed,clear_majority
281632,60003545,20,20,14,6,0.7,Closed,mixed
281633,60006705,20,20,20,0,1.0,Closed,clear_majority
281634,60006704,20,20,20,0,1.0,Closed,clear_majority
281635,60005766,20,20,20,0,1.0,Closed,clear_majority
281636,60005767,20,20,20,0,1.0,Closed,clear_majority
281637,60005933,20,20,20,0,1.0,Closed,clear_majority
281638,60005934,20,20,20,0,1.0,Closed,clear_majority
281639,60005949,20,20,20,0,1.0,Closed,clear_majority
281640,60005950,20,20,20,0,1.0,Closed,clear_majority
281642,60005971,20,20,20,0,1.0,Closed,clear_majority
281643,60005972,20,20,20,0,1.0,Closed,clear_majority
281644,60009242,20,20,20,0,1.0,Closed,clear_majority
281645,60005978,20,20,19,1,0.95,Closed,clear_majority
281646,60006075,20,20,20,0,1.0,Closed,clear_majority
281647,60006076,20,20,19,1,0.95,Closed,clear_majority
281648,60006134,20,20,20,0,1.0,Closed,clear_majority
281652,60006391,20,20,20,0,1.0,Closed,clear_majority
281653,60006392,20,20,20,0,1.0,Closed,clear_majority
281654,60006419,20,20,20,0,1.0,Closed,clear_majority
281655,60006420,20,20,20,0,1.0,Closed,clear_majority
281658,60006469,20,20,20,0,1.0,Closed,clear_majority
281659,60006470,20,20,20,0,1.0,Closed,clear_majority
281660,60006471,20,20,20,0,1.0,Closed,clear_majority
281661,60006472,20,20,20,0,1.0,Closed,clear_majority
281662,60006648,20,20,20,0,1.0,Closed,clear_majority
281663,60006649,20,20,20,0,1.0,Closed,clear_majority
281665,60006712,20,20,19,1,0.95,Closed,clear_majority
281666,60006713,20,20,20,0,1.0,Closed,clear_majority
281667,60006738,20,20,20,0,1.0,Closed,clear_majority
281668,60006739,20,20,20,0,1.0,Closed,clear_majority
281669,60006808,20,20,20,0,1.0,Closed,clear_majority
281670,60006809,20,20,20,0,1.0,Closed,clear_majority
281671,60006836,20,20,20,0,1.0,Closed,clear_majority
281674,60007014,20,20,20,0,1.0,Closed,clear_majority
281675,60007015,20,20,20,0,1.0,Closed,clear_majority
281676,60007033,20,20,19,1,0.95,Closed,clear_majority
281677,60007122,20,20,20,0,1.0,Closed,clear_majority
281679,60007172,20,20,20,0,1.0,Closed,clear_majority
281680,60007205,20,20,20,0,1.0,Closed,clear_majority
281681,60007206,20,20,19,1,0.95,Closed,clear_majority
281682,60007360,20,20,20,0,1.0,Closed,clear_majority
281683,60007361,20,20,20,0,1.0,Closed,clear_majority
281684,60007378,20,20,20,0,1.0,Closed,clear_majority
281685,60007379,20,20,20,0,1.0,Closed,clear_majority
281686,60007481,20,20,19,1,0.95,Closed,clear_majority
281687,60007485,20,20,20,0,1.0,Closed,clear_majority
281688,60007486,20,20,20,0,1.0,Closed,clear_majority
281689,60007549,20,20,20,0,1.0,Closed,clear_majority
281691,60007551,20,20,20,0,1.0,Closed,clear_majority
281694,60007571,20,20,20,0,1.0,Closed,clear_majority
281695,60007572,20,20,20,0,1.0,Closed,clear_majority
281696,60007592,20,20,20,0,1.0,Closed,clear_majority
281697,60007593,20,20,20,0,1.0,Closed,clear_majority
281698,60007647,20,20,20,0,1.0,Closed,clear_majority
281699,60007679,20,20,20,0,1.0,Closed,clear_majority
281700,60007680,20,20,20,0,1.0,Closed,clear_majority
281701,60007681,20,20,20,0,1.0,Closed,clear_majority
281702,60007682,20,20,20,0,1.0,Closed,clear_majority
281703,60007688,20,20,20,0,1.0,Closed,clear_majority
281704,60007689,20,20,20,0,1.0,Closed,clear_majority
281705,60007775,20,20,20,0,1.0,Closed,clear_majority
281706,60007776,20,20,20,0,1.0,Closed,clear_majority
281707,60007778,20,20,20,0,1.0,Closed,clear_majority
281708,60007779,20,20,20,0,1.0,Closed,clear_majority
281709,60007787,20,20,20,0,1.0,Closed,clear_majority
281710,60007788,20,20,20,0,1.0,Closed,clear_majority
281711,60007789,20,20,20,0,1.0,Closed,clear_majority
281712,60007790,20,20,20,0,1.0,Closed,clear_majority
281713,60007904,20,20,20,0,1.0,Closed,clear_majority
281714,60007905,20,20,20,0,1.0,Closed,clear_majority
281715,60007910,20,20,20,0,1.0,Closed,clear_majority
281725,60005874,20,20,20,0,1.0,Closed,clear_majority
281726,60005872,20,20,20,0,1.0,Closed,clear_majority
281727,60007352,20,20,20,0,1.0,Closed,clear_majority
281729,60005873,20,20,20,0,1.0,Closed,clear_majority
281730,60005875,20,20,20,0,1.0,Closed,clear_majority
281731,60005878,20,20,20,0,1.0,Closed,clear_majority
281733,60005880,20,20,20,0,1.0,Closed,clear_majority
281736,60003596,20,20,20,0,1.0,Closed,clear_majority
281739,60005877,20,20,20,0,1.0,Closed,clear_majority
281740,60003724,20,20,20,0,1.0,Closed,clear_majority
281742,60007582,3,3,3,0,1.0,Closed,clear_majority
281743,60006436,20,20,20,0,1.0,Closed,clear_majority
281744,60004489,5,5,5,0,1.0,Closed,clear_majority
281745,60003637,20,20,20,0,1.0,Closed,clear_majority
281746,60003030,20,20,20,0,1.0,Closed,clear_majority
281747,60004467,20,20,20,0,1.0,Closed,clear_majority
281748,60003016,20,20,20,0,1.0,Closed,clear_majority
281750,60005289,20,20,20,0,1.0,Closed,clear_majority
281751,60004008,3,3,3,0,1.0,Closed,clear_majority
281753,60003021,20,20,20,0,1.0,Closed,clear_majority
281754,60006647,20,20,20,0,1.0,Closed,clear_majority
281755,60003653,20,20,20,0,1.0,Closed,clear_majority
281761,60007567,20,20,20,0,1.0,Closed,clear_majority
281765,60007123,20,20,20,0,1.0,Closed,clear_majority
281766,60006340,20,20,20,0,1.0,Closed,clear_majority
281770,60005941,20,20,19,1,0.95,Closed,clear_majority
281772,60007334,20,20,20,0,1.0,Closed,clear_majority
281773,60006898,17,17,16,1,0.941,Closed,clear_majority
281780,60003743,20,20,20,0,1.0,Closed,clear_majority
281781,60003157,20,20,19,1,0.95,Closed,clear_majority
281782,60003158,20,20,20,0,1.0,Closed,clear_majority
281783,60003159,20,20,20,0,1.0,Closed,clear_majority
281784,60003160,20,20,20,0,1.0,Closed,clear_majority
281785,60008202,20,20,20,0,1.0,Closed,clear_majority
281786,60003209,20,20,20,0,1.0,Closed,clear_majority
281788,60003354,20,20,20,0,1.0,Closed,clear_majority
281789,60003355,20,20,19,1,0.95,Closed,clear_majority
281790,60011631,20,20,20,0,1.0,Closed,clear_majority
281793,60003679,20,20,20,0,1.0,Closed,clear_majority
281794,60003680,20,20,20,0,1.0,Closed,clear_majority
281795,60003721,20,20,20,0,1.0,Closed,clear_majority
281796,60003733,20,20,20,0,1.0,Closed,clear_majority
281797,60003732,20,20,20,0,1.0,Closed,clear_majority
281798,60003769,20,20,20,0,1.0,Closed,clear_majority
281799,60003774,20,20,20,0,1.0,Closed,clear_majority
281800,60003775,20,20,20,0,1.0,Closed,clear_majority
281801,60003834,20,20,20,0,1.0,Closed,clear_majority
281802,60003835,20,20,20,0,1.0,Closed,clear_majority
281803,60003842,20,20,20,0,1.0,Closed,clear_majority
281804,60003843,20,20,20,0,1.0,Closed,clear_majority
281806,60004190,20,20,20,0,1.0,Closed,clear_majority
281807,60004203,20,20,20,0,1.0,Closed,clear_majority
281808,60004204,20,20,20,0,1.0,Closed,clear_majority
281809,60004254,20,20,20,0,1.0,Closed,clear_majority
281810,60005423,20,20,20,0,1.0,Closed,clear_majority
281811,60005424,20,20,20,0,1.0,Closed,clear_majority
281812,60005439,20,20,20,0,1.0,Closed,clear_majority
281813,60005440,20,20,20,0,1.0,Closed,clear_majority
281814,60005443,20,20,20,0,1.0,Closed,clear_majority
281815,60005461,20,20,20,0,1.0,Closed,clear_majority
281817,60005486,20,20,19,1,0.95,Closed,clear_majority
281818,60005487,20,20,20,0,1.0,Closed,clear_majority
281819,60005521,20,20,20,0,1.0,Closed,clear_majority
281820,60005522,20,20,20,0,1.0,Closed,clear_majority
281822,60004255,20,20,20,0,1.0,Closed,clear_majority
281823,60004513,20,20,20,0,1.0,Closed,clear_majority
281824,60004514,20,20,20,0,1.0,Closed,clear_majority
281825,60004549,20,20,20,0,1.0,Closed,clear_majority
281826,60004550,20,20,20,0,1.0,Closed,clear_majority
281827,60004841,17,17,17,0,1.0,Closed,clear_majority
281828,60004864,20,20,20,0,1.0,Closed,clear_majority
281832,60005015,20,20,19,1,0.95,Closed,clear_majority
281833,60005027,20,20,20,0,1.0,Closed,clear_majority
281834,60005028,20,20,20,0,1.0,Closed,clear_majority
281837,60005100,20,20,20,0,1.0,Closed,clear_majority
281838,60005101,20,20,20,0,1.0,Closed,clear_majority
281839,60005170,20,20,20,0,1.0,Closed,clear_majority
281840,60005171,20,20,20,0,1.0,Closed,clear_majority
281841,60005188,20,20,19,1,0.95,Closed,clear_majority
281842,60005189,20,20,20,0,1.0,Closed,clear_majority
281843,60005351,20,20,20,0,1.0,Closed,clear_majority
281844,60005619,20,20,20,0,1.0,Closed,clear_majority
281845,60005620,20,20,20,0,1.0,Closed,clear_majority
281846,60005654,20,20,20,0,1.0,Closed,clear_majority
281847,60005655,20,20,20,0,1.0,Closed,clear_majority
281848,60005668,20,20,20,0,1.0,Closed,clear_majority
281849,60005669,20,20,20,0,1.0,Closed,clear_majority
281850,60005677,20,20,20,0,1.0,Closed,clear_majority
281851,60005702,20,20,20,0,1.0,Closed,clear_majority
281852,60005728,20,20,20,0,1.0,Closed,clear_majority
281853,60005729,20,20,20,0,1.0,Closed,clear_majority
281854,60004021,20,20,20,0,1.0,Closed,clear_majority
281856,60007333,20,20,19,1,0.95,Closed,clear_majority
281857,60005092,20,20,20,0,1.0,Closed,clear_majority
281858,60007164,20,20,18,2,0.9,Closed,clear_majority
281861,60012124,20,20,20,0,1.0,Closed,clear_majority
281863,60007348,3,3,3,0,1.0,Closed,clear_majority
281864,60005093,20,20,20,0,1.0,Closed,clear_majority
281865,60007163,20,20,20,0,1.0,Closed,clear_majority
281871,60007799,6,6,6,0,1.0,Closed,clear_majority
281876,60003033,20,20,20,0,1.0,Closed,clear_majority
281877,60005736,20,20,20,0,1.0,Closed,clear_majority
281880,60070585,0,0,0,0,,,no_pto_data
281881,60003031,20,20,20,0,1.0,Closed,clear_majority
281885,60007675,20,20,20,0,1.0,Closed,clear_majority
281887,60005280,20,20,20,0,1.0,Closed,clear_majority
281888,60003652,20,20,20,0,1.0,Closed,clear_majority
281890,60005290,20,20,20,0,1.0,Closed,clear_majority
281891,60070584,0,0,0,0,,,no_pto_data
281892,60006878,20,20,20,0,1.0,Closed,clear_majority
281893,60005587,20,20,18,2,0.9,Closed,clear_majority
281895,60003032,20,20,20,0,1.0,Closed,clear_majority
281896,60005588,20,20,20,0,1.0,Closed,clear_majority
281898,60002911,20,20,20,0,1.0,Closed,clear_majority
281899,60003599,20,20,20,0,1.0,Closed,clear_majority
281901,60004466,20,20,20,0,1.0,Closed,clear_majority
281903,60004009,3,3,3,0,1.0,Closed,clear_majority
281904,60007162,20,20,20,0,1.0,Closed,clear_majority
281905,60066693,0,0,0,0,,,no_pto_data
281906,60066694,0,0,0,0,,,no_pto_data
281907,60007560,20,20,20,0,1.0,Closed,clear_majority
281908,60066695,0,0,0,0,,,no_pto_data
281909,60007559,20,20,20,0,1.0,Closed,clear_majority
281910,60066691,0,0,0,0,,,no_pto_data
281911,60066692,0,0,0,0,,,no_pto_data
281913,60007432,20,20,20,0,1.0,Closed,clear_majority
282179,60001468,20,20,19,1,0.95,Closed,clear_majority
284632,60003093,20,20,20,0,1.0,Closed,clear_majority
284898,60001751,20,20,20,0,1.0,Closed,clear_majority
285614,60002294,20,20,20,0,1.0,Closed,clear_majority
286654,60006504,20,20,20,0,1.0,Closed,clear_majority
287229,60008447,20,20,20,0,1.0,Closed,clear_majority
287370,60009161,20,20,20,0,1.0,Closed,clear_majority
288987,60004025,20,20,20,0,1.0,Closed,clear_majority
289426,60007185,20,20,20,0,1.0,Closed,clear_majority
289894,60001756,20,20,20,0,1.0,Closed,clear_majority
290001,60008356,20,20,20,0,1.0,Closed,clear_majority
290122,60000986,18,18,17,1,0.944,Closed,clear_majority
291551,60007053,20,20,20,0,1.0,Closed,clear_majority
292138,60008363,20,20,20,0,1.0,Closed,clear_majority
292332,60008561,20,20,20,0,1.0,Closed,clear_majority
292974,60007864,20,20,20,0,1.0,Closed,clear_majority
293090,60111514,17,17,17,0,1.0,Closed,clear_majority
293143,60111516,17,17,17,0,1.0,Closed,clear_majority
294640,60111895,17,17,17,0,1.0,Closed,clear_majority
295197,60008900,20,20,20,0,1.0,Closed,clear_majority
298072,60066696,0,0,0,0,,,no_pto_data
298086,60066697,0,0,0,0,,,no_pto_data
298100,60066698,0,0,0,0,,,no_pto_data
298141,60112588,17,17,17,0,1.0,Closed,clear_majority
298189,60111758,17,17,17,0,1.0,Closed,clear_majority
298190,60111760,17,17,17,0,1.0,Closed,clear_majority
298191,60111761,17,17,17,0,1.0,Closed,clear_majority
298249,60111754,17,17,17,0,1.0,Closed,clear_majority
298356,60111763,17,17,17,0,1.0,Closed,clear_majority
298401,60111762,17,17,17,0,1.0,Closed,clear_majority
298451,60010544,20,20,20,0,1.0,Closed,clear_majority
298453,60111759,17,17,17,0,1.0,Closed,clear_majority
298586,60010543,20,20,20,0,1.0,Closed,clear_majority
298774,60008908,19,19,19,0,1.0,Closed,clear_majority
299040,60007315,20,20,20,0,1.0,Closed,clear_majority
299066,60007194,20,20,20,0,1.0,Closed,clear_majority
299072,60007313,20,20,20,0,1.0,Closed,clear_majority
299084,60003420,20,20,20,0,1.0,Closed,clear_majority
299099,60002829,20,20,20,0,1.0,Closed,clear_majority
299123,60005232,20,20,20,0,1.0,Closed,clear_majority
299172,60007141,20,20,20,0,1.0,Closed,clear_majority
299206,60005431,20,20,20,0,1.0,Closed,clear_majority
299336,60001303,20,20,20,0,1.0,Closed,clear_majority
299561,60006860,20,20,20,0,1.0,Closed,clear_majority
299708,60008629,20,20,20,0,1.0,Closed,clear_majority
299736,60001304,20,20,20,0,1.0,Closed,clear_majority
299777,60004562,20,20,20,0,1.0,Closed,clear_majority
299841,60001234,20,20,20,0,1.0,Closed,clear_majority
299858,60006820,20,20,20,0,1.0,Closed,clear_majority
299863,60006304,20,20,20,0,1.0,Closed,clear_majority
299913,60111501,17,17,16,1,0.941,Closed,clear_majority
299914,60111504,17,17,17,0,1.0,Closed,clear_majority
299916,60111503,17,17,17,0,1.0,Closed,clear_majority
299922,60005349,20,20,20,0,1.0,Closed,clear_majority
299931,60005352,20,20,20,0,1.0,Closed,clear_majority
299935,60111506,17,17,17,0,1.0,Closed,clear_majority
299940,60111502,17,17,17,0,1.0,Closed,clear_majority
299942,60111505,17,17,17,0,1.0,Closed,clear_majority
299991,60001729,20,20,18,2,0.9,Closed,clear_majority
300051,60004528,20,20,20,0,1.0,Closed,clear_majority
300065,60007619,20,20,20,0,1.0,Closed,clear_majority
300091,60005175,20,20,20,0,1.0,Closed,clear_majority
300092,60005174,20,20,20,0,1.0,Closed,clear_majority
300093,60003584,20,20,20,0,1.0,Closed,clear_majority
300118,60004529,20,20,20,0,1.0,Closed,clear_majority
300128,60006566,20,20,20,0,1.0,Closed,clear_majority
300172,60110935,17,17,17,0,1.0,Closed,clear_majority
300390,60007499,20,20,20,0,1.0,Closed,clear_majority
300554,60003644,3,3,3,0,1.0,Closed,clear_majority
300557,60006376,20,20,20,0,1.0,Closed,clear_majority
300646,60005454,20,20,17,3,0.85,Closed,clear_majority
300717,60112418,17,17,17,0,1.0,Closed,clear_majority
300884,60007159,20,20,20,0,1.0,Closed,clear_majority
300920,60110934,17,17,17,0,1.0,Closed,clear_majority
300931,60006965,20,20,20,0,1.0,Closed,clear_majority
300935,60006928,20,20,20,0,1.0,Closed,clear_majority
301336,60003096,20,20,20,0,1.0,Closed,clear_majority
301490,60005960,20,20,20,0,1.0,Closed,clear_majority
301649,60005803,20,20,20,0,1.0,Closed,clear_majority
301689,60001759,20,20,20,0,1.0,Closed,clear_majority
301766,60001571,20,20,20,0,1.0,Closed,clear_majority
301797,60112576,17,17,17,0,1.0,Closed,clear_majority
301894,60112577,17,17,17,0,1.0,Closed,clear_majority
301897,60005959,20,20,20,0,1.0,Closed,clear_majority
302029,60006930,20,20,20,0,1.0,Closed,clear_majority
302059,60004620,20,20,0,20,0.0,Open,clear_majority
302096,60000382,20,20,20,0,1.0,Closed,clear_majority
302190,60003817,20,20,16,4,0.8,Closed,mixed
302197,60006623,20,20,20,0,1.0,Closed,clear_majority
302226,60012331,20,20,18,2,0.9,Closed,clear_majority
302244,60007061,20,20,18,2,0.9,Closed,clear_majority
302299,60112597,17,17,17,0,1.0,Closed,clear_majority
302404,60005981,20,20,20,0,1.0,Closed,clear_majority
302430,60001931,20,20,20,0,1.0,Closed,clear_majority
302456,60001769,20,20,20,0,1.0,Closed,clear_majority
302554,60111650,17,17,17,0,1.0,Closed,clear_majority
302618,60112267,17,17,17,0,1.0,Closed,clear_majority
302700,60003236,20,20,20,0,1.0,Closed,clear_majority
302760,60008945,20,20,20,0,1.0,Closed,clear_majority
302931,60002293,20,20,20,0,1.0,Closed,clear_majority
303323,60008393,20,20,20,0,1.0,Closed,clear_majority
303339,60011009,20,20,20,0,1.0,Closed,clear_majority
303394,60008392,20,20,20,0,1.0,Closed,clear_majority
303397,60003416,20,20,20,0,1.0,Closed,clear_majority
303479,60002238,20,20,20,0,1.0,Closed,clear_majority
303480,60008465,20,20,20,0,1.0,Closed,clear_majority
303506,60008464,20,20,20,0,1.0,Closed,clear_majority
303515,60008463,20,20,20,0,1.0,Closed,clear_majority
303538,60002239,20,20,20,0,1.0,Closed,clear_majority
303590,60005568,20,20,20,0,1.0,Closed,clear_majority
303989,60111511,16,16,16,0,1.0,Closed,clear_majority
303990,60007475,20,20,20,0,1.0,Closed,clear_majority
304027,60111512,17,17,17,0,1.0,Closed,clear_majority
304031,60111513,17,17,17,0,1.0,Closed,clear_majority
304032,60007694,20,20,20,0,1.0,Closed,clear_majority
304691,60004521,20,20,17,3,0.85,Closed,clear_majority
304697,60004522,20,20,16,4,0.8,Closed,mixed
304701,60001694,20,20,18,2,0.9,Closed,clear_majority
304707,60001695,20,20,17,3,0.85,Closed,clear_majority
304722,60006553,20,20,16,4,0.8,Closed,mixed
304725,60006554,20,20,15,5,0.75,Closed,mixed
304737,60000877,20,20,18,2,0.9,Closed,clear_majority
304744,60000991,20,20,17,3,0.85,Closed,clear_majority
304752,60000880,20,20,18,2,0.9,Closed,clear_majority
304757,60001055,20,20,17,3,0.85,Closed,clear_majority
304842,60009274,20,20,20,0,1.0,Closed,clear_majority
305147,60007439,20,20,20,0,1.0,Closed,clear_majority
305161,60007440,20,20,20,0,1.0,Closed,clear_majority
305270,60005245,20,20,20,0,1.0,Closed,clear_majority
305295,60005580,20,20,20,0,1.0,Closed,clear_majority
305422,60004969,20,20,15,5,0.75,Closed,mixed
305430,60004970,20,20,19,1,0.95,Closed,clear_majority
305433,60004316,20,20,20,0,1.0,Closed,clear_majority
305553,60006841,20,20,20,0,1.0,Closed,clear_majority
305583,60008505,20,20,20,0,1.0,Closed,clear_majority
305604,60111665,17,17,14,3,0.824,Closed,clear_majority
305613,60008952,20,20,20,0,1.0,Closed,clear_majority
305614,60111664,17,17,17,0,1.0,Closed,clear_majority
305618,60111666,17,17,3,14,0.176,Open,clear_majority
305690,60092094,0,0,0,0,,,no_pto_data
305780,60003897,20,20,20,0,1.0,Closed,clear_majority
305796,60003859,20,20,20,0,1.0,Closed,clear_majority
305885,60004317,20,20,20,0,1.0,Closed,clear_majority
306014,60001418,18,18,18,0,1.0,Closed,clear_majority
306036,60001419,18,18,18,0,1.0,Closed,clear_majority
306066,60007563,20,20,20,0,1.0,Closed,clear_majority
306111,60111823,17,17,17,0,1.0,Closed,clear_majority
306122,60111825,17,17,10,7,0.588,Closed,mixed
306129,60111826,17,17,17,0,1.0,Closed,clear_majority
306375,60069269,0,0,0,0,,,no_pto_data
306414,60007443,20,20,20,0,1.0,Closed,clear_majority
306432,60007217,20,20,20,0,1.0,Closed,clear_majority
306541,60005531,20,20,20,0,1.0,Closed,clear_majority
306758,60003961,20,20,20,0,1.0,Closed,clear_majority
306763,60003962,20,20,20,0,1.0,Closed,clear_majority
306796,60005376,20,20,20,0,1.0,Closed,clear_majority
306814,60005881,20,20,19,1,0.95,Closed,clear_majority
306819,60005882,20,20,20,0,1.0,Closed,clear_majority
306825,60000380,20,20,20,0,1.0,Closed,clear_majority
306861,60005375,20,20,20,0,1.0,Closed,clear_majority
306918,60007210,20,20,20,0,1.0,Closed,clear_majority
306961,60003415,20,20,20,0,1.0,Closed,clear_majority
307142,60111421,15,15,15,0,1.0,Closed,clear_majority
307143,60111424,11,11,11,0,1.0,Closed,clear_majority
307176,60003341,20,20,20,0,1.0,Closed,clear_majority
307182,60003254,20,20,20,0,1.0,Closed,clear_majority
307229,60111894,17,17,17,0,1.0,Closed,clear_majority
307230,60111893,17,17,17,0,1.0,Closed,clear_majority
307231,60111892,17,17,17,0,1.0,Closed,clear_majority
307304,60007892,20,20,20,0,1.0,Closed,clear_majority
307322,60004338,20,20,20,0,1.0,Closed,clear_majority
307362,60000250,3,3,3,0,1.0,Closed,clear_majority
307459,60007916,20,20,20,0,1.0,Closed,clear_majority
307500,60005917,20,20,20,0,1.0,Closed,clear_majority
307539,60004214,20,20,19,1,0.95,Closed,clear_majority
307551,60110698,17,17,17,0,1.0,Closed,clear_majority
307556,60110697,17,17,17,0,1.0,Closed,clear_majority
307634,60004213,20,20,20,0,1.0,Closed,clear_majority
307655,60006400,20,20,20,0,1.0,Closed,clear_majority
307837,60010844,20,20,20,0,1.0,Closed,clear_majority
307856,60010134,20,20,20,0,1.0,Closed,clear_majority
307963,60008480,20,20,20,0,1.0,Closed,clear_majority
307970,60008481,20,20,20,0,1.0,Closed,clear_majority
307991,60004455,20,20,20,0,1.0,Closed,clear_majority
308003,60112579,17,17,17,0,1.0,Closed,clear_majority
308125,60089190,19,19,19,0,1.0,Closed,clear_majority
308137,60004303,20,20,20,0,1.0,Closed,clear_majority
308293,60001416,20,20,20,0,1.0,Closed,clear_majority
308342,60112600,17,17,17,0,1.0,Closed,clear_majority
308365,60002478,20,20,20,0,1.0,Closed,clear_majority
308385,60111495,17,17,17,0,1.0,Closed,clear_majority
308386,60111496,17,17,17,0,1.0,Closed,clear_majority
308391,60111494,17,17,16,1,0.941,Closed,clear_majority
308392,60111497,17,17,16,1,0.941,Closed,clear_majority
308558,60000483,20,20,20,0,1.0,Closed,clear_majority
308669,60008742,20,20,20,0,1.0,Closed,clear_majority
308670,60005109,20,20,20,0,1.0,Closed,clear_majority
308684,60005110,20,20,20,0,1.0,Closed,clear_majority
308732,60008741,20,20,20,0,1.0,Closed,clear_majority
308845,60112599,17,17,17,0,1.0,Closed,clear_majority
308869,60001457,20,20,20,0,1.0,Closed,clear_majority
308923,60008740,20,20,20,0,1.0,Closed,clear_majority
308962,60005240,20,20,20,0,1.0,Closed,clear_majority
308986,60004147,20,20,20,0,1.0,Closed,clear_majority
309005,60008776,18,18,18,0,1.0,Closed,clear_majority
309057,60008777,20,20,20,0,1.0,Closed,clear_majority
309072,60003869,20,20,20,0,1.0,Closed,clear_majority
309077,60003866,20,20,20,0,1.0,Closed,clear_majority
309234,60005421,20,20,20,0,1.0,Closed,clear_majority
309237,60008427,20,20,20,0,1.0,Closed,clear_majority
309310,60004150,20,20,19,1,0.95,Closed,clear_majority
309314,60004151,20,20,20,0,1.0,Closed,clear_majority
309480,60007446,20,20,19,1,0.95,Closed,clear_majority
309500,60007448,20,20,20,0,1.0,Closed,clear_majority
309530,60007639,20,20,19,1,0.95,Closed,clear_majority
309550,60007640,20,20,20,0,1.0,Closed,clear_majority
309586,60005406,20,20,20,0,1.0,Closed,clear_majority
309751,60001311,20,20,19,1,0.95,Closed,clear_majority
309752,60001310,20,20,20,0,1.0,Closed,clear_majority
309912,60003424,20,20,20,0,1.0,Closed,clear_majority
309933,60003503,20,20,20,0,1.0,Closed,clear_majority
309984,60003504,20,20,20,0,1.0,Closed,clear_majority
309985,60007441,20,20,20,0,1.0,Closed,clear_majority
310004,60007442,20,20,20,0,1.0,Closed,clear_majority
310010,60007447,20,20,19,1,0.95,Closed,clear_majority
310032,60001268,20,20,20,0,1.0,Closed,clear_majority
310045,60003500,20,20,0,20,0.0,Open,clear_majority
310184,60003505,20,20,20,0,1.0,Closed,clear_majority
310212,60005608,20,20,20,0,1.0,Closed,clear_majority
310216,60003816,20,20,20,0,1.0,Closed,clear_majority
310423,60002020,20,20,20,0,1.0,Closed,clear_majority
310985,60009230,20,20,20,0,1.0,Closed,clear_majority
311025,60007671,20,20,20,0,1.0,Closed,clear_majority
311040,60008387,20,20,20,0,1.0,Closed,clear_majority
311267,60000335,20,20,20,0,1.0,Closed,clear_majority
311304,60004082,17,17,17,0,1.0,Closed,clear_majority
311599,60004081,17,17,17,0,1.0,Closed,clear_majority
311870,60112314,17,17,17,0,1.0,Closed,clear_majority
311872,60112313,17,17,17,0,1.0,Closed,clear_majority
312603,60009231,20,20,20,0,1.0,Closed,clear_majority
312844,60005052,20,20,20,0,1.0,Closed,clear_majority
312907,60005121,20,20,20,0,1.0,Closed,clear_majority
312912,60008414,20,20,20,0,1.0,Closed,clear_majority
312913,60008413,20,20,20,0,1.0,Closed,clear_majority
312926,60008660,20,20,20,0,1.0,Closed,clear_majority
312939,60005053,20,20,20,0,1.0,Closed,clear_majority
313115,60111075,17,17,17,0,1.0,Closed,clear_majority
313123,60111073,17,17,15,2,0.882,Closed,clear_majority
313132,60111074,17,17,0,17,0.0,Open,clear_majority
313285,60112748,17,17,17,0,1.0,Closed,clear_majority
313286,60112747,17,17,17,0,1.0,Closed,clear_majority
313287,60112749,17,17,17,0,1.0,Closed,clear_majority
313456,60005553,20,20,20,0,1.0,Closed,clear_majority
313457,60005554,20,20,20,0,1.0,Closed,clear_majority
313458,60005555,20,20,20,0,1.0,Closed,clear_majority
313476,60006718,20,20,20,0,1.0,Closed,clear_majority
313488,60003964,20,20,20,0,1.0,Closed,clear_majority
313506,60003965,20,20,20,0,1.0,Closed,clear_majority
313517,60111005,17,17,17,0,1.0,Closed,clear_majority
313530,60111032,17,17,17,0,1.0,Closed,clear_majority
313556,60006411,19,19,19,0,1.0,Closed,clear_majority
313621,60006414,20,20,20,0,1.0,Closed,clear_majority
313684,60005686,20,20,20,0,1.0,Closed,clear_majority
313731,60006412,20,20,20,0,1.0,Closed,clear_majority
313753,60006415,20,20,20,0,1.0,Closed,clear_majority
313774,60001883,20,20,20,0,1.0,Closed,clear_majority
313785,60001897,20,20,20,0,1.0,Closed,clear_majority
313924,60006745,20,20,20,0,1.0,Closed,clear_majority
313932,60004092,20,20,20,0,1.0,Closed,clear_majority
313945,60005676,20,20,20,0,1.0,Closed,clear_majority
314167,60112425,17,17,17,0,1.0,Closed,clear_majority
314215,60008781,20,20,20,0,1.0,Closed,clear_majority
314267,60004601,20,20,20,0,1.0,Closed,clear_majority
314384,60008784,20,20,20,0,1.0,Closed,clear_majority
314405,60008782,20,20,20,0,1.0,Closed,clear_majority
314415,60004454,20,20,20,0,1.0,Closed,clear_majority
314416,60003267,20,20,20,0,1.0,Closed,clear_majority
314467,60007058,20,20,20,0,1.0,Closed,clear_majority
314621,60005459,3,3,3,0,1.0,Closed,clear_majority
314626,60008780,20,20,20,0,1.0,Closed,clear_majority
314648,60006563,20,20,20,0,1.0,Closed,clear_majority
314683,60008785,20,20,20,0,1.0,Closed,clear_majority
314759,60007059,20,20,20,0,1.0,Closed,clear_majority
314832,60004537,20,20,20,0,1.0,Closed,clear_majority
314840,60004557,20,20,12,8,0.6,Closed,mixed
314855,60004115,20,20,20,0,1.0,Closed,clear_majority
314856,60004118,20,20,20,0,1.0,Closed,clear_majority
314857,60004114,20,20,20,0,1.0,Closed,clear_majority
314859,60098081,0,0,0,0,,,no_pto_data
314907,60008659,20,20,20,0,1.0,Closed,clear_majority
314931,60008658,20,20,20,0,1.0,Closed,clear_majority
314942,60008668,20,20,20,0,1.0,Closed,clear_majority
315664,60005870,20,20,20,0,1.0,Closed,clear_majority
315693,60112248,17,17,17,0,1.0,Closed,clear_majority
315698,60112249,17,17,17,0,1.0,Closed,clear_majority
315708,60112247,17,17,17,0,1.0,Closed,clear_majority
315723,60005187,20,20,20,0,1.0,Closed,clear_majority
315724,60005158,20,20,20,0,1.0,Closed,clear_majority
315817,60008731,20,20,20,0,1.0,Closed,clear_majority
316277,60006602,20,20,20,0,1.0,Closed,clear_majority
316306,60112419,17,17,17,0,1.0,Closed,clear_majority
316342,60112420,17,17,17,0,1.0,Closed,clear_majority
316345,60112421,17,17,17,0,1.0,Closed,clear_majority
316381,60002172,20,20,20,0,1.0,Closed,clear_majority
316941,60112152,17,17,17,0,1.0,Closed,clear_majority
316954,60008765,20,20,20,0,1.0,Closed,clear_majority
317153,60008611,20,20,20,0,1.0,Closed,clear_majority
317352,60008757,20,20,20,0,1.0,Closed,clear_majority
317353,60008758,20,20,20,0,1.0,Closed,clear_majority
317406,60012220,18,18,13,5,0.722,Closed,mixed
317407,60008687,2,2,2,0,1.0,Closed,clear_majority
317479,60008909,20,20,20,0,1.0,Closed,clear_majority
318410,60009238,20,20,20,0,1.0,Closed,clear_majority
318598,60008761,20,20,20,0,1.0,Closed,clear_majority
318618,60009099,20,20,20,0,1.0,Closed,clear_majority
318637,60008678,20,20,20,0,1.0,Closed,clear_majority
318638,60009252,20,20,20,0,1.0,Closed,clear_majority
318644,60008677,20,20,20,0,1.0,Closed,clear_majority
318731,60111043,17,17,17,0,1.0,Closed,clear_majority
318769,60111042,17,17,17,0,1.0,Closed,clear_majority
318929,60112148,17,17,17,0,1.0,Closed,clear_majority
319007,60111463,17,17,17,0,1.0,Closed,clear_majority
319008,60111469,17,17,17,0,1.0,Closed,clear_majority
319014,60003078,20,20,20,0,1.0,Closed,clear_majority
319113,60008675,20,20,20,0,1.0,Closed,clear_majority
319114,60009046,20,20,20,0,1.0,Closed,clear_majority
319115,60008674,20,20,20,0,1.0,Closed,clear_majority
319157,60008745,20,20,20,0,1.0,Closed,clear_majority
319165,60008747,20,20,20,0,1.0,Closed,clear_majority
319171,60008746,20,20,20,0,1.0,Closed,clear_majority
319425,60008756,20,20,20,0,1.0,Closed,clear_majority
319510,60008744,20,20,20,0,1.0,Closed,clear_majority
319563,60009575,20,20,16,4,0.8,Closed,mixed
319566,60111018,17,17,17,0,1.0,Closed,clear_majority
319569,60111035,17,17,17,0,1.0,Closed,clear_majority
319658,60009574,20,20,18,2,0.9,Closed,clear_majority
319757,60008693,20,20,20,0,1.0,Closed,clear_majority
319871,60110850,17,17,17,0,1.0,Closed,clear_majority
319882,60110855,17,17,17,0,1.0,Closed,clear_majority
319981,60008753,20,20,20,0,1.0,Closed,clear_majority
320088,60009136,20,20,20,0,1.0,Closed,clear_majority
320148,60008715,20,20,20,0,1.0,Closed,clear_majority
320160,60008714,20,20,20,0,1.0,Closed,clear_majority
320383,60110669,17,17,17,0,1.0,Closed,clear_majority
320410,60111172,17,17,17,0,1.0,Closed,clear_majority
320644,60008666,20,20,20,0,1.0,Closed,clear_majority
320667,60111123,17,17,17,0,1.0,Closed,clear_majority
320668,60111125,17,17,17,0,1.0,Closed,clear_majority
320735,60009165,20,20,20,0,1.0,Closed,clear_majority
320867,60008624,20,20,20,0,1.0,Closed,clear_majority
320953,60111719,17,17,17,0,1.0,Closed,clear_majority
321061,60008685,20,20,20,0,1.0,Closed,clear_majority
321062,60008683,20,20,20,0,1.0,Closed,clear_majority
321283,60111475,17,17,17,0,1.0,Closed,clear_majority
321284,60111476,17,17,17,0,1.0,Closed,clear_majority
321429,60112589,17,17,17,0,1.0,Closed,clear_majority
321439,60008786,20,20,20,0,1.0,Closed,clear_majority
321797,60008606,20,20,20,0,1.0,Closed,clear_majority
321807,60008607,20,20,20,0,1.0,Closed,clear_majority
322080,60008640,0,0,0,0,,,no_pto_data
322086,60111461,17,17,17,0,1.0,Closed,clear_majority
322107,60008937,20,20,20,0,1.0,Closed,clear_majority
322121,60008639,20,20,20,0,1.0,Closed,clear_majority
322331,60008614,20,20,20,0,1.0,Closed,clear_majority
322437,60008903,20,20,20,0,1.0,Closed,clear_majority
322453,60111030,17,17,17,0,1.0,Closed,clear_majority
322457,60111006,17,17,17,0,1.0,Closed,clear_majority
322477,60008748,20,20,20,0,1.0,Closed,clear_majority
322501,60008752,20,20,20,0,1.0,Closed,clear_majority
322541,60008759,20,20,20,0,1.0,Closed,clear_majority
322611,60112155,17,17,17,0,1.0,Closed,clear_majority
322708,60009175,20,20,20,0,1.0,Closed,clear_majority
322793,60008643,20,20,20,0,1.0,Closed,clear_majority
322971,60112154,17,17,17,0,1.0,Closed,clear_majority
323046,60008630,20,20,20,0,1.0,Closed,clear_majority
323053,60008697,20,20,20,0,1.0,Closed,clear_majority
323114,60008620,20,20,20,0,1.0,Closed,clear_majority
323232,60112593,17,17,17,0,1.0,Closed,clear_majority
323259,60112594,17,17,17,0,1.0,Closed,clear_majority
323314,60008874,20,20,20,0,1.0,Closed,clear_majority
323379,60012969,0,0,0,0,,,no_pto_data
323537,60008967,20,20,19,1,0.95,Closed,clear_majority
323589,60008974,20,20,20,0,1.0,Closed,clear_majority
323625,60008728,20,20,20,0,1.0,Closed,clear_majority
323841,60009240,20,20,20,0,1.0,Closed,clear_majority
323887,60008772,20,20,19,1,0.95,Closed,clear_majority
324091,60009243,20,20,20,0,1.0,Closed,clear_majority
324095,60009234,20,20,20,0,1.0,Closed,clear_majority
324096,60009237,20,20,20,0,1.0,Closed,clear_majority
324103,60008904,20,20,20,0,1.0,Closed,clear_majority
324198,60008993,20,20,20,0,1.0,Closed,clear_majority
324212,60008992,20,20,20,0,1.0,Closed,clear_majority
324280,60111007,17,17,17,0,1.0,Closed,clear_majority
324285,60111031,17,17,17,0,1.0,Closed,clear_majority
324420,60008021,20,20,20,0,1.0,Closed,clear_majority
324429,60008122,20,20,20,0,1.0,Closed,clear_majority
324518,60009285,20,20,20,0,1.0,Closed,clear_majority
324528,60112310,17,17,17,0,1.0,Closed,clear_majority
324690,60009208,20,20,20,0,1.0,Closed,clear_majority
324699,60009127,20,20,20,0,1.0,Closed,clear_majority
324748,60009184,20,20,20,0,1.0,Closed,clear_majority
324911,60009049,20,20,20,0,1.0,Closed,clear_majority
324919,60009026,20,20,20,0,1.0,Closed,clear_majority
324998,60009011,20,20,20,0,1.0,Closed,clear_majority
325089,60009179,20,20,20,0,1.0,Closed,clear_majority
325106,60009272,20,20,20,0,1.0,Closed,clear_majority
325108,60009180,20,20,20,0,1.0,Closed,clear_majority
325207,60008518,20,20,20,0,1.0,Closed,clear_majority
325253,60111700,17,17,2,15,0.118,Open,clear_majority
325392,60009232,20,20,20,0,1.0,Closed,clear_majority
325393,60009233,20,20,20,0,1.0,Closed,clear_majority
325475,60112157,17,17,17,0,1.0,Closed,clear_majority
325557,60009279,20,20,20,0,1.0,Closed,clear_majority
325569,60009177,20,20,20,0,1.0,Closed,clear_majority
325580,60009178,20,20,20,0,1.0,Closed,clear_majority
325666,60009291,20,20,20,0,1.0,Closed,clear_majority
325739,60009292,20,20,20,0,1.0,Closed,clear_majority
325830,60111049,17,17,17,0,1.0,Closed,clear_majority
326065,60009887,20,20,20,0,1.0,Closed,clear_majority
326072,60009005,20,20,20,0,1.0,Closed,clear_majority
326159,60009225,20,20,20,0,1.0,Closed,clear_majority
326161,60009226,20,20,20,0,1.0,Closed,clear_majority
326174,60047395,3,3,3,0,1.0,Closed,clear_majority
326252,60111901,17,17,17,0,1.0,Closed,clear_majority
326253,60111900,17,17,17,0,1.0,Closed,clear_majority
326254,60111903,17,17,13,4,0.765,Closed,mixed
326255,60111902,17,17,13,4,0.765,Closed,mixed
326653,60009228,20,20,20,0,1.0,Closed,clear_majority
326663,60009227,20,20,20,0,1.0,Closed,clear_majority
326900,60009246,20,20,20,0,1.0,Closed,clear_majority
326920,60111484,17,17,16,1,0.941,Closed,clear_majority
326921,60111489,17,17,17,0,1.0,Closed,clear_majority
327000,60009565,20,20,20,0,1.0,Closed,clear_majority
327019,60008996,20,20,20,0,1.0,Closed,clear_majority
327060,60112802,17,17,17,0,1.0,Closed,clear_majority
327067,60009186,20,20,20,0,1.0,Closed,clear_majority
327084,60111471,17,17,17,0,1.0,Closed,clear_majority
327085,60111474,16,16,16,0,1.0,Closed,clear_majority
327087,60009334,20,20,20,0,1.0,Closed,clear_majority
327088,60111473,17,17,17,0,1.0,Closed,clear_majority
327201,60011645,18,18,17,1,0.944,Closed,clear_majority
327202,60012906,18,18,18,0,1.0,Closed,clear_majority
327203,60004336,20,20,19,1,0.95,Closed,clear_majority
327254,60011629,20,20,20,0,1.0,Closed,clear_majority
327255,60011630,20,20,18,2,0.9,Closed,clear_majority
327256,60011644,18,18,18,0,1.0,Closed,clear_majority
327257,60009861,17,17,17,0,1.0,Closed,clear_majority
327258,60009251,20,20,19,1,0.95,Closed,clear_majority
327259,60009256,20,20,19,1,0.95,Closed,clear_majority
327415,60111905,17,17,17,0,1.0,Closed,clear_majority
327424,60111904,17,17,17,0,1.0,Closed,clear_majority
327437,60009077,20,20,20,0,1.0,Closed,clear_majority
327446,60009079,20,20,0,20,0.0,Open,clear_majority
327616,60009012,20,20,20,0,1.0,Closed,clear_majority
327657,60008938,20,20,20,0,1.0,Closed,clear_majority
327734,60009155,20,20,20,0,1.0,Closed,clear_majority
327768,60009111,20,20,20,0,1.0,Closed,clear_majority
327770,60010490,20,20,20,0,1.0,Closed,clear_majority
327868,60112804,17,17,17,0,1.0,Closed,clear_majority
327869,60112803,17,17,17,0,1.0,Closed,clear_majority
327895,60009113,20,20,20,0,1.0,Closed,clear_majority
327924,60009121,20,20,20,0,1.0,Closed,clear_majority
327932,60111651,16,16,16,0,1.0,Closed,clear_majority
328352,60009197,20,20,20,0,1.0,Closed,clear_majority
328422,60008883,20,20,20,0,1.0,Closed,clear_majority
328574,60112806,17,17,17,0,1.0,Closed,clear_majority
328682,60112805,17,17,17,0,1.0,Closed,clear_majority
328942,60009206,20,20,20,0,1.0,Closed,clear_majority
329033,60009865,20,20,20,0,1.0,Closed,clear_majority
329169,60009009,20,20,20,0,1.0,Closed,clear_majority
329180,60008928,20,20,17,3,0.85,Closed,clear_majority
329182,60110729,17,17,17,0,1.0,Closed,clear_majority
329188,60008930,20,20,17,3,0.85,Closed,clear_majority
329259,60008990,20,20,20,0,1.0,Closed,clear_majority
329276,60009671,20,20,20,0,1.0,Closed,clear_majority
329284,60008927,20,20,20,0,1.0,Closed,clear_majority
329307,60110730,17,17,17,0,1.0,Closed,clear_majority
329467,60009158,20,20,20,0,1.0,Closed,clear_majority
329490,60008986,20,20,20,0,1.0,Closed,clear_majority
329532,60004778,20,20,20,0,1.0,Closed,clear_majority
329572,60096904,2,2,2,0,1.0,Closed,clear_majority
329579,60096905,14,14,14,0,1.0,Closed,clear_majority
329960,60008969,20,20,20,0,1.0,Closed,clear_majority
330181,60009135,20,20,20,0,1.0,Closed,clear_majority
330254,60009210,20,20,20,0,1.0,Closed,clear_majority
330297,60009141,20,20,18,2,0.9,Closed,clear_majority
330316,60008983,20,20,20,0,1.0,Closed,clear_majority
330408,60111677,17,17,17,0,1.0,Closed,clear_majority
330497,60112319,17,17,17,0,1.0,Closed,clear_majority
330498,60112318,17,17,17,0,1.0,Closed,clear_majority
330524,60009207,20,20,18,2,0.9,Closed,clear_majority
330698,60009253,20,20,20,0,1.0,Closed,clear_majority
330706,60009100,20,20,20,0,1.0,Closed,clear_majority
330707,60009106,20,20,20,0,1.0,Closed,clear_majority
330714,60009254,20,20,20,0,1.0,Closed,clear_majority
330803,60008940,20,20,20,0,1.0,Closed,clear_majority
330878,60008879,20,20,20,0,1.0,Closed,clear_majority
330993,60009018,20,20,20,0,1.0,Closed,clear_majority
331009,60112158,17,17,16,1,0.941,Closed,clear_majority
331137,60111908,17,17,17,0,1.0,Closed,clear_majority
331163,60009202,20,20,20,0,1.0,Closed,clear_majority
331164,60009201,20,20,20,0,1.0,Closed,clear_majority
331251,60096955,0,0,0,0,,,no_pto_data
331363,60009260,20,20,20,0,1.0,Closed,clear_majority
331416,60096956,0,0,0,0,,,no_pto_data
331421,60096957,0,0,0,0,,,no_pto_data
331507,60009259,20,20,20,0,1.0,Closed,clear_majority
331680,60008939,20,20,20,0,1.0,Closed,clear_majority
331681,60008920,20,20,20,0,1.0,Closed,clear_majority
331924,60008929,20,20,20,0,1.0,Closed,clear_majority
331927,60008959,20,20,20,0,1.0,Closed,clear_majority
332004,60009187,20,20,20,0,1.0,Closed,clear_majority
332396,60008911,20,20,20,0,1.0,Closed,clear_majority
332408,60012965,0,0,0,0,,,no_pto_data
332475,60009235,20,20,20,0,1.0,Closed,clear_majority
332915,60012987,0,0,0,0,,,no_pto_data
332984,60009147,20,20,20,0,1.0,Closed,clear_majority
333196,60009193,20,20,20,0,1.0,Closed,clear_majority
333389,60009657,20,20,20,0,1.0,Closed,clear_majority
333407,60009191,20,20,20,0,1.0,Closed,clear_majority
333408,60009222,20,20,20,0,1.0,Closed,clear_majority
333517,60009162,20,20,20,0,1.0,Closed,clear_majority
333633,60008982,20,20,20,0,1.0,Closed,clear_majority
333634,60008984,20,20,20,0,1.0,Closed,clear_majority
333716,60009176,20,20,20,0,1.0,Closed,clear_majority
334189,60111326,17,17,17,0,1.0,Closed,clear_majority
334232,60009129,19,19,19,0,1.0,Closed,clear_majority
334265,60111323,17,17,16,1,0.941,Closed,clear_majority
334305,60009268,20,20,20,0,1.0,Closed,clear_majority
334380,60009282,20,20,20,0,1.0,Closed,clear_majority
334414,60009275,20,20,20,0,1.0,Closed,clear_majority
334577,60112151,17,17,17,0,1.0,Closed,clear_majority
334578,60112150,17,17,17,0,1.0,Closed,clear_majority
335062,60009293,20,20,20,0,1.0,Closed,clear_majority
335070,60112430,17,17,17,0,1.0,Closed,clear_majority
335097,60112601,17,17,17,0,1.0,Closed,clear_majority
335098,60112602,17,17,17,0,1.0,Closed,clear_majority
335284,60009526,20,20,20,0,1.0,Closed,clear_majority
335313,60011533,20,20,20,0,1.0,Closed,clear_majority
335982,60008922,20,20,20,0,1.0,Closed,clear_majority
335985,60009033,20,20,20,0,1.0,Closed,clear_majority
336008,60009034,20,20,20,0,1.0,Closed,clear_majority
336163,60009035,20,20,20,0,1.0,Closed,clear_majority
336177,60009087,20,20,20,0,1.0,Closed,clear_majority
336187,60009032,20,20,20,0,1.0,Closed,clear_majority
336300,60008950,20,20,20,0,1.0,Closed,clear_majority
336301,60008951,20,20,20,0,1.0,Closed,clear_majority
337005,60009198,20,20,20,0,1.0,Closed,clear_majority
337206,60009167,20,20,20,0,1.0,Closed,clear_majority
337236,60009267,20,20,20,0,1.0,Closed,clear_majority
337245,60009266,20,20,20,0,1.0,Closed,clear_majority
337526,60009516,20,20,20,0,1.0,Closed,clear_majority
337527,60008965,20,20,12,8,0.6,Closed,mixed
337702,60094879,17,17,17,0,1.0,Closed,clear_majority
337711,60008919,20,20,20,0,1.0,Closed,clear_majority
337829,60009154,20,20,20,0,1.0,Closed,clear_majority
337838,60009153,20,20,20,0,1.0,Closed,clear_majority
337851,60009264,20,20,20,0,1.0,Closed,clear_majority
337852,60009263,20,20,20,0,1.0,Closed,clear_majority
338078,60008960,20,20,20,0,1.0,Closed,clear_majority
338079,60008961,20,20,20,0,1.0,Closed,clear_majority
338341,60009120,20,20,20,0,1.0,Closed,clear_majority
338445,60112149,17,17,17,0,1.0,Closed,clear_majority
338462,60009910,20,20,20,0,1.0,Closed,clear_majority
338552,60112153,17,17,17,0,1.0,Closed,clear_majority
338734,60008895,20,20,18,2,0.9,Closed,clear_majority
338892,60009194,20,20,20,0,1.0,Closed,clear_majority
338932,60094881,17,17,17,0,1.0,Closed,clear_majority
338933,60094882,17,17,17,0,1.0,Closed,clear_majority
339294,60008917,20,20,20,0,1.0,Closed,clear_majority
339626,60008894,20,20,20,0,1.0,Closed,clear_majority
339712,60009497,20,20,20,0,1.0,Closed,clear_majority
339713,60008954,20,20,20,0,1.0,Closed,clear_majority
339733,60112431,17,17,17,0,1.0,Closed,clear_majority
339734,60010744,20,20,20,0,1.0,Closed,clear_majority
339761,60010745,20,20,20,0,1.0,Closed,clear_majority
339908,60008958,20,20,20,0,1.0,Closed,clear_majority
340435,60011959,20,20,20,0,1.0,Closed,clear_majority
340699,60009447,20,20,20,0,1.0,Closed,clear_majority
340700,60009478,20,20,20,0,1.0,Closed,clear_majority
340877,60112807,17,17,17,0,1.0,Closed,clear_majority
340945,60009276,20,20,20,0,1.0,Closed,clear_majority
340978,60009289,20,20,20,0,1.0,Closed,clear_majority
340987,60009290,20,20,17,3,0.85,Closed,clear_majority
341066,60009101,20,20,20,0,1.0,Closed,clear_majority
341343,60009460,20,20,20,0,1.0,Closed,clear_majority
341900,60112415,17,17,17,0,1.0,Closed,clear_majority
341904,60006755,20,20,20,0,1.0,Closed,clear_majority
341914,60008949,20,20,20,0,1.0,Closed,clear_majority
341994,60008906,20,20,20,0,1.0,Closed,clear_majority
342026,60008905,20,20,20,0,1.0,Closed,clear_majority
342077,60009261,20,20,20,0,1.0,Closed,clear_majority
342218,60008891,20,20,19,1,0.95,Closed,clear_majority
342219,60008897,20,20,19,1,0.95,Closed,clear_majority
342220,60008892,20,20,19,1,0.95,Closed,clear_majority
342414,60009150,20,20,20,0,1.0,Closed,clear_majority
342423,60009151,20,20,20,0,1.0,Closed,clear_majority
342607,60008889,20,20,20,0,1.0,Closed,clear_majority
342616,60008890,20,20,20,0,1.0,Closed,clear_majority
342617,60008888,20,20,20,0,1.0,Closed,clear_majority
342635,60009528,20,20,20,0,1.0,Closed,clear_majority
343131,60009003,20,20,20,0,1.0,Closed,clear_majority
343132,60009004,20,20,20,0,1.0,Closed,clear_majority
343170,60008971,20,20,20,0,1.0,Closed,clear_majority
343225,60004763,20,20,20,0,1.0,Closed,clear_majority
343258,60001961,20,20,19,1,0.95,Closed,clear_majority
343286,60009156,20,20,20,0,1.0,Closed,clear_majority
343293,60009157,20,20,10,10,0.5,Closed,mixed
343578,60009281,20,20,19,1,0.95,Closed,clear_majority
343589,60001930,20,20,20,0,1.0,Closed,clear_majority
343597,60009468,20,20,20,0,1.0,Closed,clear_majority
343736,60009901,20,20,20,0,1.0,Closed,clear_majority
343847,60009105,20,20,20,0,1.0,Closed,clear_majority
343922,60009483,20,20,20,0,1.0,Closed,clear_majority
343960,60009170,20,20,20,0,1.0,Closed,clear_majority
344010,60009702,20,20,20,0,1.0,Closed,clear_majority
344020,60009701,20,20,20,0,1.0,Closed,clear_majority
344148,60009707,20,20,20,0,1.0,Closed,clear_majority
344200,60009188,20,20,20,0,1.0,Closed,clear_majority
344260,60009732,20,20,20,0,1.0,Closed,clear_majority
344326,60009538,20,20,20,0,1.0,Closed,clear_majority
344630,60011226,20,20,20,0,1.0,Closed,clear_majority
344654,60009607,20,20,20,0,1.0,Closed,clear_majority
344673,60009605,20,20,20,0,1.0,Closed,clear_majority
344697,60111485,17,17,17,0,1.0,Closed,clear_majority
344698,60111487,17,17,17,0,1.0,Closed,clear_majority
344883,60009093,20,20,20,0,1.0,Closed,clear_majority
344951,60009269,20,20,20,0,1.0,Closed,clear_majority
345059,60112704,17,17,17,0,1.0,Closed,clear_majority
345421,60009649,20,20,20,0,1.0,Closed,clear_majority
345422,60001491,20,20,20,0,1.0,Closed,clear_majority
345840,60009138,20,20,20,0,1.0,Closed,clear_majority
346071,60009302,20,20,20,0,1.0,Closed,clear_majority
346072,60009303,20,20,20,0,1.0,Closed,clear_majority
346112,60010154,20,20,20,0,1.0,Closed,clear_majority
346164,60011059,18,18,18,0,1.0,Closed,clear_majority
346165,60011063,20,20,20,0,1.0,Closed,clear_majority
347580,60009543,20,20,20,0,1.0,Closed,clear_majority
347655,60009866,20,20,20,0,1.0,Closed,clear_majority
347656,60009868,20,20,20,0,1.0,Closed,clear_majority
347657,60009867,20,20,20,0,1.0,Closed,clear_majority
347658,60009869,20,20,20,0,1.0,Closed,clear_majority
347772,60009721,20,20,20,0,1.0,Closed,clear_majority
347781,60009719,20,20,20,0,1.0,Closed,clear_majority
347790,60009722,20,20,20,0,1.0,Closed,clear_majority
347844,60111321,16,16,16,0,1.0,Closed,clear_majority
349266,60008941,20,20,20,0,1.0,Closed,clear_majority
349392,60007964,20,20,20,0,1.0,Closed,clear_majority
352312,60004883,20,20,19,1,0.95,Closed,clear_majority
352313,60009839,20,20,20,0,1.0,Closed,clear_majority
352391,60009459,20,20,20,0,1.0,Closed,clear_majority
352495,60007523,20,20,20,0,1.0,Closed,clear_majority
352496,60007524,20,20,20,0,1.0,Closed,clear_majority
352575,60009676,20,20,20,0,1.0,Closed,clear_majority
352576,60009817,20,20,20,0,1.0,Closed,clear_majority
352666,60009601,20,20,20,0,1.0,Closed,clear_majority
352684,60009606,20,20,20,0,1.0,Closed,clear_majority
352779,60009630,18,18,17,1,0.944,Closed,clear_majority
353593,60009642,20,20,20,0,1.0,Closed,clear_majority
353594,60009641,20,20,20,0,1.0,Closed,clear_majority
353595,60009644,20,20,20,0,1.0,Closed,clear_majority
353596,60093123,20,20,20,0,1.0,Closed,clear_majority
354437,60009831,20,20,20,0,1.0,Closed,clear_majority
354452,60009637,20,20,20,0,1.0,Closed,clear_majority
354460,60009544,20,20,20,0,1.0,Closed,clear_majority
354465,60009541,20,20,20,0,1.0,Closed,clear_majority
354569,60008988,20,20,20,0,1.0,Closed,clear_majority
354570,60008989,20,20,20,0,1.0,Closed,clear_majority
354623,60009450,20,20,20,0,1.0,Closed,clear_majority
354625,60009660,20,20,20,0,1.0,Closed,clear_majority
354809,60111449,15,15,15,0,1.0,Closed,clear_majority
354810,60111453,11,11,11,0,1.0,Closed,clear_majority
355156,60009652,20,20,20,0,1.0,Closed,clear_majority
355545,60008907,20,20,20,0,1.0,Closed,clear_majority
355903,60009422,20,20,20,0,1.0,Closed,clear_majority
356145,60009870,20,20,20,0,1.0,Closed,clear_majority
356146,60009871,20,20,20,0,1.0,Closed,clear_majority
356175,60009872,20,20,20,0,1.0,Closed,clear_majority
357665,60010156,20,20,20,0,1.0,Closed,clear_majority
357666,60009474,20,20,20,0,1.0,Closed,clear_majority
357822,60009645,3,3,3,0,1.0,Closed,clear_majority
357826,60009646,20,20,20,0,1.0,Closed,clear_majority
358115,60009842,20,20,20,0,1.0,Closed,clear_majority
358116,60009853,20,20,20,0,1.0,Closed,clear_majority
358310,60004897,19,19,19,0,1.0,Closed,clear_majority
358311,60009835,20,20,20,0,1.0,Closed,clear_majority
358312,60009836,20,20,20,0,1.0,Closed,clear_majority
358313,60009837,20,20,20,0,1.0,Closed,clear_majority
358489,60009440,20,20,20,0,1.0,Closed,clear_majority
358589,60010425,3,3,3,0,1.0,Closed,clear_majority
358685,60009875,20,20,20,0,1.0,Closed,clear_majority
358851,60009491,20,20,20,0,1.0,Closed,clear_majority
358995,60110715,17,17,17,0,1.0,Closed,clear_majority
359136,60011526,20,20,20,0,1.0,Closed,clear_majority
359161,60009554,20,20,20,0,1.0,Closed,clear_majority
359162,60009553,20,20,20,0,1.0,Closed,clear_majority
359288,60009814,20,20,19,1,0.95,Closed,clear_majority
359289,60009674,20,20,20,0,1.0,Closed,clear_majority
359460,60009453,20,20,20,0,1.0,Closed,clear_majority
359529,60009479,20,20,20,0,1.0,Closed,clear_majority
359854,60111909,17,17,17,0,1.0,Closed,clear_majority
359855,60111910,17,17,17,0,1.0,Closed,clear_majority
359868,60009854,20,20,20,0,1.0,Closed,clear_majority
359869,60009855,20,20,20,0,1.0,Closed,clear_majority
359899,60009939,20,20,20,0,1.0,Closed,clear_majority
359900,60009938,20,20,20,0,1.0,Closed,clear_majority
359951,60009834,20,20,20,0,1.0,Closed,clear_majority
360176,60009495,20,20,20,0,1.0,Closed,clear_majority
360177,60009494,20,20,20,0,1.0,Closed,clear_majority
360567,60012556,20,20,20,0,1.0,Closed,clear_majority
360568,60012557,20,20,20,0,1.0,Closed,clear_majority
360624,60009851,20,20,20,0,1.0,Closed,clear_majority
360710,60009536,20,20,20,0,1.0,Closed,clear_majority
360830,60009925,20,20,20,0,1.0,Closed,clear_majority
360927,60074388,0,0,0,0,,,no_pto_data
361034,60009446,20,20,20,0,1.0,Closed,clear_majority
361083,60009002,20,20,20,0,1.0,Closed,clear_majority
361174,60009888,20,20,20,0,1.0,Closed,clear_majority
361206,60009592,20,20,20,0,1.0,Closed,clear_majority
361247,60008998,20,20,20,0,1.0,Closed,clear_majority
361470,60009923,4,4,4,0,1.0,Closed,clear_majority
361523,60111715,17,17,17,0,1.0,Closed,clear_majority
361531,60111716,17,17,17,0,1.0,Closed,clear_majority
361553,60009727,20,20,20,0,1.0,Closed,clear_majority
361562,60009728,20,20,20,0,1.0,Closed,clear_majority
361575,60009505,20,20,20,0,1.0,Closed,clear_majority
361577,60009509,20,20,20,0,1.0,Closed,clear_majority
361578,60009508,20,20,20,0,1.0,Closed,clear_majority
361994,60009863,20,20,20,0,1.0,Closed,clear_majority
361995,60009864,20,20,20,0,1.0,Closed,clear_majority
362260,60010190,20,20,20,0,1.0,Closed,clear_majority
362262,60009537,20,20,20,0,1.0,Closed,clear_majority
362428,60009739,20,20,20,0,1.0,Closed,clear_majority
362437,60009706,20,20,20,0,1.0,Closed,clear_majority
362971,60009677,20,20,20,0,1.0,Closed,clear_majority
363104,60111656,16,16,16,0,1.0,Closed,clear_majority
363140,60009619,20,20,20,0,1.0,Closed,clear_majority
363168,60009890,20,20,20,0,1.0,Closed,clear_majority
363194,60009510,20,20,20,0,1.0,Closed,clear_majority
363294,60012722,20,20,20,0,1.0,Closed,clear_majority
363615,60009465,20,20,20,0,1.0,Closed,clear_majority
363625,60009471,20,20,20,0,1.0,Closed,clear_majority
363633,60009466,20,20,20,0,1.0,Closed,clear_majority
363677,60006464,20,20,20,0,1.0,Closed,clear_majority
363678,60111482,17,17,17,0,1.0,Closed,clear_majority
363707,60009655,20,20,20,0,1.0,Closed,clear_majority
364057,60112163,17,17,17,0,1.0,Closed,clear_majority
364058,60112164,17,17,17,0,1.0,Closed,clear_majority
364090,60009469,20,20,20,0,1.0,Closed,clear_majority
364637,60009922,20,20,20,0,1.0,Closed,clear_majority
364643,60012717,20,20,20,0,1.0,Closed,clear_majority
364660,60009441,20,20,20,0,1.0,Closed,clear_majority
364809,60111717,17,17,17,0,1.0,Closed,clear_majority
364817,60111718,17,17,17,0,1.0,Closed,clear_majority
364878,60009729,20,20,20,0,1.0,Closed,clear_majority
364887,60009730,20,20,20,0,1.0,Closed,clear_majority
364963,60010175,20,20,20,0,1.0,Closed,clear_majority
364970,60009523,20,20,20,0,1.0,Closed,clear_majority
365129,60009763,20,20,20,0,1.0,Closed,clear_majority
365343,60009616,20,20,20,0,1.0,Closed,clear_majority
365472,60009522,20,20,20,0,1.0,Closed,clear_majority
365526,60009521,18,18,18,0,1.0,Closed,clear_majority
365536,60010178,20,20,20,0,1.0,Closed,clear_majority
365568,60010174,20,20,20,0,1.0,Closed,clear_majority
365943,60112595,17,17,17,0,1.0,Closed,clear_majority
365975,60009764,20,20,20,0,1.0,Closed,clear_majority
366004,60009926,20,20,20,0,1.0,Closed,clear_majority
366035,60112605,17,17,17,0,1.0,Closed,clear_majority
366331,60112167,17,17,17,0,1.0,Closed,clear_majority
366379,60112156,17,17,17,0,1.0,Closed,clear_majority
366637,60009713,20,20,20,0,1.0,Closed,clear_majority
366659,60009570,20,20,20,0,1.0,Closed,clear_majority
366789,60009708,20,20,20,0,1.0,Closed,clear_majority
366814,60009573,20,20,20,0,1.0,Closed,clear_majority
366826,60009582,20,20,20,0,1.0,Closed,clear_majority
366908,60009463,20,20,20,0,1.0,Closed,clear_majority
366909,60009481,20,20,20,0,1.0,Closed,clear_majority
366910,60009482,20,20,20,0,1.0,Closed,clear_majority
366972,60009480,20,20,20,0,1.0,Closed,clear_majority
367237,60010189,13,13,10,3,0.769,Closed,mixed
367329,60009704,20,20,20,0,1.0,Closed,clear_majority
367340,60009935,20,20,20,0,1.0,Closed,clear_majority
367461,60111911,17,17,17,0,1.0,Closed,clear_majority
367462,60111912,17,17,17,0,1.0,Closed,clear_majority
367486,60009903,20,20,20,0,1.0,Closed,clear_majority
367555,60009718,20,20,20,0,1.0,Closed,clear_majority
367564,60009720,20,20,20,0,1.0,Closed,clear_majority
367589,60009714,20,20,20,0,1.0,Closed,clear_majority
367599,60009762,20,20,20,0,1.0,Closed,clear_majority
367618,60009874,20,20,20,0,1.0,Closed,clear_majority
367619,60009873,20,20,20,0,1.0,Closed,clear_majority
367874,60009662,20,20,20,0,1.0,Closed,clear_majority
367875,60009673,20,20,20,0,1.0,Closed,clear_majority
367891,60009461,20,20,20,0,1.0,Closed,clear_majority
367933,60009856,20,20,20,0,1.0,Closed,clear_majority
367934,60009876,20,20,20,0,1.0,Closed,clear_majority
368165,60009499,20,20,20,0,1.0,Closed,clear_majority
368266,60112811,17,17,17,0,1.0,Closed,clear_majority
368269,60009904,20,20,20,0,1.0,Closed,clear_majority
368366,60110738,17,17,17,0,1.0,Closed,clear_majority
368367,60111216,17,17,17,0,1.0,Closed,clear_majority
368511,60009698,20,20,20,0,1.0,Closed,clear_majority
368520,60009699,20,20,20,0,1.0,Closed,clear_majority
368623,60009532,20,20,20,0,1.0,Closed,clear_majority
368654,60009550,20,20,20,0,1.0,Closed,clear_majority
368655,60009551,20,20,20,0,1.0,Closed,clear_majority
368665,60009552,20,20,20,0,1.0,Closed,clear_majority
368870,60009927,20,20,20,0,1.0,Closed,clear_majority
369101,60112592,17,17,17,0,1.0,Closed,clear_majority
369102,60112591,17,17,17,0,1.0,Closed,clear_majority
369531,60009539,20,20,20,0,1.0,Closed,clear_majority
369532,60009782,20,20,20,0,1.0,Closed,clear_majority
369584,60009427,20,20,20,0,1.0,Closed,clear_majority
369596,60009788,20,20,20,0,1.0,Closed,clear_majority
369635,60009783,20,20,20,0,1.0,Closed,clear_majority
369636,60009542,20,20,20,0,1.0,Closed,clear_majority
370068,60009419,20,20,20,0,1.0,Closed,clear_majority
370208,60010160,20,20,20,0,1.0,Closed,clear_majority
370247,60110874,17,17,17,0,1.0,Closed,clear_majority
370248,60110875,17,17,17,0,1.0,Closed,clear_majority
370393,60009862,20,20,20,0,1.0,Closed,clear_majority
370394,60009858,20,20,20,0,1.0,Closed,clear_majority
370510,60009628,20,20,20,0,1.0,Closed,clear_majority
370520,60009636,20,20,20,0,1.0,Closed,clear_majority
370642,60009549,20,20,18,2,0.9,Closed,clear_majority
370652,60009799,20,20,20,0,1.0,Closed,clear_majority
370653,60009798,20,20,20,0,1.0,Closed,clear_majority
370654,60009797,20,20,20,0,1.0,Closed,clear_majority
370863,60009493,20,20,19,1,0.95,Closed,clear_majority
370864,60009492,20,20,20,0,1.0,Closed,clear_majority
370926,60110714,17,17,17,0,1.0,Closed,clear_majority
371070,60009555,20,20,15,5,0.75,Closed,mixed
371349,60009780,20,20,20,0,1.0,Closed,clear_majority
371420,60010308,20,20,20,0,1.0,Closed,clear_majority
371425,60009669,20,20,20,0,1.0,Closed,clear_majority
371426,60009813,20,20,20,0,1.0,Closed,clear_majority
371427,60009812,20,20,20,0,1.0,Closed,clear_majority
371515,60009424,20,20,20,0,1.0,Closed,clear_majority
371516,60010309,20,20,20,0,1.0,Closed,clear_majority
371881,60009934,20,20,20,0,1.0,Closed,clear_majority
371982,60112598,17,17,17,0,1.0,Closed,clear_majority
371994,60009667,20,20,20,0,1.0,Closed,clear_majority
371995,60009816,20,20,20,0,1.0,Closed,clear_majority
371996,60009815,20,20,20,0,1.0,Closed,clear_majority
372324,60009683,20,20,20,0,1.0,Closed,clear_majority
372447,60009498,20,20,20,0,1.0,Closed,clear_majority
372472,60009648,20,20,20,0,1.0,Closed,clear_majority
372523,60009656,20,20,20,0,1.0,Closed,clear_majority
372598,60009933,20,20,20,0,1.0,Closed,clear_majority
372719,60112604,17,17,17,0,1.0,Closed,clear_majority
372720,60112603,17,17,17,0,1.0,Closed,clear_majority
372797,60009794,20,20,20,0,1.0,Closed,clear_majority
372802,60009795,20,20,20,0,1.0,Closed,clear_majority
372809,60009796,20,20,20,0,1.0,Closed,clear_majority
373095,60009680,20,20,20,0,1.0,Closed,clear_majority
373206,60009681,20,20,20,0,1.0,Closed,clear_majority
373236,60009822,20,20,20,0,1.0,Closed,clear_majority
373237,60009820,20,20,20,0,1.0,Closed,clear_majority
373238,60009824,20,20,20,0,1.0,Closed,clear_majority
373259,60009511,20,20,20,0,1.0,Closed,clear_majority
373260,60009507,20,20,2,18,0.1,Open,clear_majority
373288,60009634,20,20,20,0,1.0,Closed,clear_majority
373309,60009849,20,20,20,0,1.0,Closed,clear_majority
373310,60009850,20,20,20,0,1.0,Closed,clear_majority
373506,60010321,20,20,20,0,1.0,Closed,clear_majority
373890,60009432,20,20,20,0,1.0,Closed,clear_majority
373933,60110774,17,17,17,0,1.0,Closed,clear_majority
373934,60009955,4,4,4,0,1.0,Closed,clear_majority
373950,60009527,20,20,20,0,1.0,Closed,clear_majority
374029,60009844,20,20,20,0,1.0,Closed,clear_majority
374137,60009545,20,20,20,0,1.0,Closed,clear_majority
374205,60110748,17,17,17,0,1.0,Closed,clear_majority
374206,60110747,17,17,17,0,1.0,Closed,clear_majority
374266,60009777,20,20,20,0,1.0,Closed,clear_majority
374310,60009694,20,20,20,0,1.0,Closed,clear_majority
374372,60009857,20,20,20,0,1.0,Closed,clear_majority
374373,60009859,20,20,20,0,1.0,Closed,clear_majority
374532,60009670,20,20,20,0,1.0,Closed,clear_majority
374837,60111659,17,17,17,0,1.0,Closed,clear_majority
374880,60009623,20,20,20,0,1.0,Closed,clear_majority
374960,60009617,20,20,20,0,1.0,Closed,clear_majority
374970,60009618,20,20,20,0,1.0,Closed,clear_majority
375095,60009776,20,20,20,0,1.0,Closed,clear_majority
375138,60112266,17,17,17,0,1.0,Closed,clear_majority
375368,60111009,17,17,17,0,1.0,Closed,clear_majority
375369,60111029,17,17,17,0,1.0,Closed,clear_majority
375730,60009804,20,20,20,0,1.0,Closed,clear_majority
375753,60009805,20,20,20,0,1.0,Closed,clear_majority
375986,60002160,20,20,20,0,1.0,Closed,clear_majority
375987,60009472,20,20,20,0,1.0,Closed,clear_majority
376213,60096954,15,15,15,0,1.0,Closed,clear_majority
376257,60009515,20,20,20,0,1.0,Closed,clear_majority
376714,60009588,20,20,20,0,1.0,Closed,clear_majority
377056,60110579,4,4,4,0,1.0,Closed,clear_majority
377188,60110631,17,17,17,0,1.0,Closed,clear_majority
377189,60110632,17,17,17,0,1.0,Closed,clear_majority
377260,60009556,20,20,20,0,1.0,Closed,clear_majority
377261,60009785,19,19,19,0,1.0,Closed,clear_majority
377426,60009433,17,17,17,0,1.0,Closed,clear_majority
377427,60009434,20,20,20,0,1.0,Closed,clear_majority
377450,60009435,20,20,20,0,1.0,Closed,clear_majority
377501,60009884,20,20,20,0,1.0,Closed,clear_majority
377502,60010485,20,20,20,0,1.0,Closed,clear_majority
377545,60009894,20,20,20,0,1.0,Closed,clear_majority
377951,60009589,20,20,20,0,1.0,Closed,clear_majority
378142,60009591,20,20,20,0,1.0,Closed,clear_majority
378166,60001681,20,20,20,0,1.0,Closed,clear_majority
378357,60009629,20,20,20,0,1.0,Closed,clear_majority
378517,60009778,20,20,20,0,1.0,Closed,clear_majority
378602,60009761,20,20,20,0,1.0,Closed,clear_majority
378611,60009760,20,20,20,0,1.0,Closed,clear_majority
378724,60011286,20,20,20,0,1.0,Closed,clear_majority
378740,60009659,20,20,20,0,1.0,Closed,clear_majority
378763,60009675,3,3,3,0,1.0,Closed,clear_majority
378780,60012729,20,20,20,0,1.0,Closed,clear_majority
378786,60009692,20,20,20,0,1.0,Closed,clear_majority
378796,60001291,20,20,20,0,1.0,Closed,clear_majority
378809,60009458,3,3,3,0,1.0,Closed,clear_majority
378861,60009773,20,20,20,0,1.0,Closed,clear_majority
378862,60009771,20,20,20,0,1.0,Closed,clear_majority
379012,60111466,17,17,17,0,1.0,Closed,clear_majority
379013,60111772,17,17,17,0,1.0,Closed,clear_majority
379055,60110674,17,17,17,0,1.0,Closed,clear_majority
379056,60110675,17,17,17,0,1.0,Closed,clear_majority
379087,60009860,20,20,20,0,1.0,Closed,clear_majority
379141,60009488,20,20,20,0,1.0,Closed,clear_majority
379809,60009599,20,20,20,0,1.0,Closed,clear_majority
379818,60009598,20,20,20,0,1.0,Closed,clear_majority
379848,60001683,20,20,20,0,1.0,Closed,clear_majority
379936,60111696,17,17,17,0,1.0,Closed,clear_majority
379937,60111695,17,17,17,0,1.0,Closed,clear_majority
379971,60009916,20,20,20,0,1.0,Closed,clear_majority
379972,60009915,20,20,20,0,1.0,Closed,clear_majority
380192,60112815,17,17,17,0,1.0,Closed,clear_majority
380193,60112814,17,17,17,0,1.0,Closed,clear_majority
380344,60009622,20,20,20,0,1.0,Closed,clear_majority
380353,60009620,20,20,20,0,1.0,Closed,clear_majority
380363,60009621,20,20,20,0,1.0,Closed,clear_majority
380463,60009695,20,20,20,0,1.0,Closed,clear_majority
380464,60009594,20,20,20,0,1.0,Closed,clear_majority
380481,60009420,20,20,20,0,1.0,Closed,clear_majority
380636,60009448,20,20,20,0,1.0,Closed,clear_majority
380649,60009476,20,20,20,0,1.0,Closed,clear_majority
380701,60010162,20,20,20,0,1.0,Closed,clear_majority
380707,60010161,20,20,20,0,1.0,Closed,clear_majority
380741,60009477,20,20,20,0,1.0,Closed,clear_majority
380759,60009940,20,20,20,0,1.0,Closed,clear_majority
380954,60112817,17,17,17,0,1.0,Closed,clear_majority
380955,60112816,17,17,17,0,1.0,Closed,clear_majority
381236,60009531,20,20,20,0,1.0,Closed,clear_majority
381248,60009781,20,20,20,0,1.0,Closed,clear_majority
381333,60009878,20,20,20,0,1.0,Closed,clear_majority
381334,60009885,20,20,20,0,1.0,Closed,clear_majority
381335,60009877,20,20,20,0,1.0,Closed,clear_majority
381336,60009879,20,20,20,0,1.0,Closed,clear_majority
381426,60009756,20,20,20,0,1.0,Closed,clear_majority
381436,60009767,20,20,20,0,1.0,Closed,clear_majority
381704,60009784,20,20,20,0,1.0,Closed,clear_majority
382034,60009765,20,20,20,0,1.0,Closed,clear_majority
382043,60034983,3,3,3,0,1.0,Closed,clear_majority
382048,60034984,3,3,3,0,1.0,Closed,clear_majority
382388,60009651,20,20,20,0,1.0,Closed,clear_majority
382575,60112168,17,17,17,0,1.0,Closed,clear_majority
382576,60112169,17,17,17,0,1.0,Closed,clear_majority
382728,60009430,20,20,20,0,1.0,Closed,clear_majority
382729,60009790,20,20,20,0,1.0,Closed,clear_majority
382730,60010126,20,20,20,0,1.0,Closed,clear_majority
382731,60009789,20,20,20,0,1.0,Closed,clear_majority
382828,60112322,17,17,17,0,1.0,Closed,clear_majority
382834,60009791,20,20,20,0,1.0,Closed,clear_majority
382950,60009443,20,20,20,0,1.0,Closed,clear_majority
383009,60009908,20,20,20,0,1.0,Closed,clear_majority
383192,60001584,20,20,20,0,1.0,Closed,clear_majority
383225,60009473,20,20,20,0,1.0,Closed,clear_majority
383235,60009941,20,20,20,0,1.0,Closed,clear_majority
383449,60112165,17,17,17,0,1.0,Closed,clear_majority
383450,60112166,17,17,17,0,1.0,Closed,clear_majority
383619,60009562,20,20,20,0,1.0,Closed,clear_majority
383620,60009561,20,20,20,0,1.0,Closed,clear_majority
383643,60111089,17,17,17,0,1.0,Closed,clear_majority
383758,60009906,20,20,20,0,1.0,Closed,clear_majority
383767,60009907,20,20,20,0,1.0,Closed,clear_majority
383793,60008089,20,20,20,0,1.0,Closed,clear_majority
383975,60009899,20,20,19,1,0.95,Closed,clear_majority
384305,60009436,20,20,20,0,1.0,Closed,clear_majority
384314,60009769,20,20,6,14,0.3,Open,mixed
384365,60009444,20,20,20,0,1.0,Closed,clear_majority
384376,60010289,20,20,20,0,1.0,Closed,clear_majority
384383,60009452,20,20,20,0,1.0,Closed,clear_majority
384389,60009665,20,20,20,0,1.0,Closed,clear_majority
384396,60010294,20,20,20,0,1.0,Closed,clear_majority
384414,60009840,20,20,20,0,1.0,Closed,clear_majority
384415,60009841,20,20,20,0,1.0,Closed,clear_majority
384648,60009895,20,20,20,0,1.0,Closed,clear_majority
384657,60009717,20,20,20,0,1.0,Closed,clear_majority
384686,60009766,20,20,20,0,1.0,Closed,clear_majority
384772,60010122,20,20,20,0,1.0,Closed,clear_majority
384773,60009423,20,20,20,0,1.0,Closed,clear_majority
386202,60009726,18,18,18,0,1.0,Closed,clear_majority
386211,60009711,18,18,18,0,1.0,Closed,clear_majority
392091,60009615,20,20,6,14,0.3,Open,mixed
392116,60009833,20,20,20,0,1.0,Closed,clear_majority
392163,60009832,20,20,20,0,1.0,Closed,clear_majority
392337,60009819,20,20,20,0,1.0,Closed,clear_majority
392338,60009821,20,20,20,0,1.0,Closed,clear_majority
392409,60009752,20,20,20,0,1.0,Closed,clear_majority
392421,60060723,0,0,0,0,,,no_pto_data
392479,60009672,20,20,19,1,0.95,Closed,clear_majority
395316,60111179,17,17,16,1,0.941,Closed,clear_majority
395321,60111185,17,17,0,17,0.0,Open,clear_majority
395474,60009611,20,20,20,0,1.0,Closed,clear_majority
395511,60009602,20,20,20,0,1.0,Closed,clear_majority
395521,60009600,20,20,20,0,1.0,Closed,clear_majority
395624,60009897,20,20,20,0,1.0,Closed,clear_majority
395744,60112320,17,17,17,0,1.0,Closed,clear_majority
395745,60112321,17,17,17,0,1.0,Closed,clear_majority
395777,60009929,20,20,20,0,1.0,Closed,clear_majority
395783,60009930,20,20,20,0,1.0,Closed,clear_majority
395870,60009775,20,20,20,0,1.0,Closed,clear_majority
395946,60008145,20,20,20,0,1.0,Closed,clear_majority
395955,60008723,20,20,20,0,1.0,Closed,clear_majority
395965,60001503,20,20,20,0,1.0,Closed,clear_majority
396585,60009918,20,20,20,0,1.0,Closed,clear_majority
397015,60009700,20,20,20,0,1.0,Closed,clear_majority
397016,60009703,20,20,20,0,1.0,Closed,clear_majority
397190,60009547,20,20,20,0,1.0,Closed,clear_majority
397200,60009546,20,20,20,0,1.0,Closed,clear_majority
397264,60009429,20,20,20,0,1.0,Closed,clear_majority
397265,60009426,20,20,20,0,1.0,Closed,clear_majority
397320,60009484,20,20,20,0,1.0,Closed,clear_majority
397354,60010492,19,19,19,0,1.0,Closed,clear_majority
397360,60009932,20,20,20,0,1.0,Closed,clear_majority
397369,60009843,20,20,20,0,1.0,Closed,clear_majority
397370,60009847,20,20,20,0,1.0,Closed,clear_majority
397732,60011510,20,20,20,0,1.0,Closed,clear_majority
397829,60111653,17,17,17,0,1.0,Closed,clear_majority
397830,60111652,17,17,0,17,0.0,Open,clear_majority
398051,60009750,20,20,20,0,1.0,Closed,clear_majority
398063,60009751,20,20,20,0,1.0,Closed,clear_majority
398075,60112323,17,17,17,0,1.0,Closed,clear_majority
398137,60009942,20,20,20,0,1.0,Closed,clear_majority
398158,60009921,20,20,20,0,1.0,Closed,clear_majority
398219,60112327,17,17,17,0,1.0,Closed,clear_majority
398240,60010838,20,20,20,0,1.0,Closed,clear_majority
398311,60009900,20,20,20,0,1.0,Closed,clear_majority
398526,60010155,20,20,20,0,1.0,Closed,clear_majority
398665,60009613,20,20,20,0,1.0,Closed,clear_majority
398822,60009558,20,20,19,1,0.95,Closed,clear_majority
398823,60009559,9,9,8,1,0.889,Closed,clear_majority
399212,60009802,20,20,20,0,1.0,Closed,clear_majority
399213,60009800,20,20,20,0,1.0,Closed,clear_majority
399214,60009801,20,20,20,0,1.0,Closed,clear_majority
399315,60009640,20,20,20,0,1.0,Closed,clear_majority
399324,60009892,20,20,20,0,1.0,Closed,clear_majority
399343,60111400,17,17,17,0,1.0,Closed,clear_majority
399344,60111399,17,17,0,17,0.0,Open,clear_majority
399438,60010217,20,20,20,0,1.0,Closed,clear_majority
399470,60009603,20,20,20,0,1.0,Closed,clear_majority
399516,60010312,20,20,20,0,1.0,Closed,clear_majority
399536,60010313,20,20,20,0,1.0,Closed,clear_majority
399568,60010171,0,0,0,0,,,no_pto_data
399569,60010170,20,20,20,0,1.0,Closed,clear_majority
399803,60010151,20,20,17,3,0.85,Closed,clear_majority
399804,60010153,20,20,20,0,1.0,Closed,clear_majority
399828,60034290,0,0,0,0,,,no_pto_data
399837,60009753,20,20,20,0,1.0,Closed,clear_majority
399843,60009737,20,20,20,0,1.0,Closed,clear_majority
399850,60009418,20,20,20,0,1.0,Closed,clear_majority
399871,60009513,20,20,20,0,1.0,Closed,clear_majority
399902,60009604,20,20,20,0,1.0,Closed,clear_majority
399911,60009612,20,20,20,0,1.0,Closed,clear_majority
399979,60009880,20,20,20,0,1.0,Closed,clear_majority
399980,60009881,20,20,20,0,1.0,Closed,clear_majority
399981,60012776,20,20,19,1,0.95,Closed,clear_majority
399982,60009882,20,20,19,1,0.95,Closed,clear_majority
400059,60009807,20,20,20,0,1.0,Closed,clear_majority
400060,60009810,20,20,20,0,1.0,Closed,clear_majority
400061,60009808,20,20,20,0,1.0,Closed,clear_majority
400062,60009809,20,20,20,0,1.0,Closed,clear_majority
400155,60111207,17,17,17,0,1.0,Closed,clear_majority
400377,60010863,3,3,3,0,1.0,Closed,clear_majority
400378,60010163,20,20,20,0,1.0,Closed,clear_majority
400456,60010226,20,20,20,0,1.0,Closed,clear_majority
400490,60010305,20,20,20,0,1.0,Closed,clear_majority
400491,60010164,20,20,20,0,1.0,Closed,clear_majority
400556,60010227,20,20,20,0,1.0,Closed,clear_majority
400632,60010213,20,20,20,0,1.0,Closed,clear_majority
400780,60010230,20,20,20,0,1.0,Closed,clear_majority
400781,60010228,20,20,20,0,1.0,Closed,clear_majority
400835,60010229,20,20,20,0,1.0,Closed,clear_majority
400911,60010231,20,20,20,0,1.0,Closed,clear_majority
400975,60010232,20,20,20,0,1.0,Closed,clear_majority
400976,60010235,20,20,18,2,0.9,Closed,clear_majority
401132,60010234,20,20,20,0,1.0,Closed,clear_majority
401205,60009696,20,20,20,0,1.0,Closed,clear_majority
401403,60010135,18,18,18,0,1.0,Closed,clear_majority
401697,60010237,20,20,20,0,1.0,Closed,clear_majority
401698,60010233,20,20,20,0,1.0,Closed,clear_majority
401699,60010236,20,20,20,0,1.0,Closed,clear_majority
401700,60010238,20,20,20,0,1.0,Closed,clear_majority
401701,60010244,20,20,20,0,1.0,Closed,clear_majority
401702,60010240,20,20,20,0,1.0,Closed,clear_majority
401703,60010239,20,20,20,0,1.0,Closed,clear_majority
402204,60009768,20,20,20,0,1.0,Closed,clear_majority
402284,60009786,20,20,12,8,0.6,Closed,mixed
402361,60009643,20,20,20,0,1.0,Closed,clear_majority
402606,60010497,20,20,20,0,1.0,Closed,clear_majority
402796,60112607,17,17,17,0,1.0,Closed,clear_majority
402797,60112606,17,17,17,0,1.0,Closed,clear_majority
402816,60010498,20,20,20,0,1.0,Closed,clear_majority
402914,60112608,17,17,17,0,1.0,Closed,clear_majority
402926,60010905,20,20,19,1,0.95,Closed,clear_majority
402946,60010903,19,19,19,0,1.0,Closed,clear_majority
402962,60010218,20,20,20,0,1.0,Closed,clear_majority
403128,60009787,20,20,20,0,1.0,Closed,clear_majority
403419,60010836,20,20,20,0,1.0,Closed,clear_majority
403420,60010124,20,20,20,0,1.0,Closed,clear_majority
403496,60010276,20,20,20,0,1.0,Closed,clear_majority
403499,60010285,20,20,20,0,1.0,Closed,clear_majority
403526,60010150,20,20,20,0,1.0,Closed,clear_majority
403545,60010265,20,20,20,0,1.0,Closed,clear_majority
403583,60010277,20,20,20,0,1.0,Closed,clear_majority
403663,60010274,20,20,20,0,1.0,Closed,clear_majority
403681,60010257,20,20,20,0,1.0,Closed,clear_majority
403782,60010255,20,20,20,0,1.0,Closed,clear_majority
403791,60010254,20,20,20,0,1.0,Closed,clear_majority
404024,60112324,17,17,17,0,1.0,Closed,clear_majority
404025,60112325,17,17,17,0,1.0,Closed,clear_majority
404101,60009512,20,20,20,0,1.0,Closed,clear_majority
404118,60010253,20,20,20,0,1.0,Closed,clear_majority
404124,60010252,20,20,20,0,1.0,Closed,clear_majority
404250,60010166,3,3,0,3,0.0,Open,clear_majority
404277,60010159,20,20,19,1,0.95,Closed,clear_majority
404343,60011531,20,20,20,0,1.0,Closed,clear_majority
404344,60010897,20,20,20,0,1.0,Closed,clear_majority
404419,60010200,20,20,20,0,1.0,Closed,clear_majority
404452,60010193,20,20,20,0,1.0,Closed,clear_majority
404560,60010194,20,20,20,0,1.0,Closed,clear_majority
404603,60010192,20,20,20,0,1.0,Closed,clear_majority
404616,60010841,20,20,20,0,1.0,Closed,clear_majority
404829,60010131,20,20,20,0,1.0,Closed,clear_majority
404830,60010132,20,20,20,0,1.0,Closed,clear_majority
404888,60010121,20,20,20,0,1.0,Closed,clear_majority
405191,60010118,20,20,20,0,1.0,Closed,clear_majority
405328,60094213,18,18,18,0,1.0,Closed,clear_majority
405357,60010290,20,20,20,0,1.0,Closed,clear_majority
405415,60010243,20,20,20,0,1.0,Closed,clear_majority
405416,60010242,20,20,20,0,1.0,Closed,clear_majority
405539,60010169,20,20,20,0,1.0,Closed,clear_majority
405559,60111004,17,17,17,0,1.0,Closed,clear_majority
405560,60111003,17,17,17,0,1.0,Closed,clear_majority
405634,60009467,20,20,20,0,1.0,Closed,clear_majority
405650,60112177,17,17,17,0,1.0,Closed,clear_majority
405816,60010203,20,20,20,0,1.0,Closed,clear_majority
405935,60010202,20,20,20,0,1.0,Closed,clear_majority
405936,60010201,16,16,15,1,0.938,Closed,clear_majority
406373,60009936,20,20,20,0,1.0,Closed,clear_majority
406539,60009937,20,20,20,0,1.0,Closed,clear_majority
406777,60010195,20,20,20,0,1.0,Closed,clear_majority
406963,60010298,17,17,17,0,1.0,Closed,clear_majority
407028,60010900,20,20,20,0,1.0,Closed,clear_majority
407126,60112614,17,17,17,0,1.0,Closed,clear_majority
407140,60010199,20,20,20,0,1.0,Closed,clear_majority
407191,60010942,20,20,20,0,1.0,Closed,clear_majority
407192,60010935,20,20,20,0,1.0,Closed,clear_majority
407242,60011518,20,20,20,0,1.0,Closed,clear_majority
407247,60010264,20,20,20,0,1.0,Closed,clear_majority
407372,60111914,17,17,17,0,1.0,Closed,clear_majority
407373,60111913,17,17,17,0,1.0,Closed,clear_majority
407489,60112160,17,17,17,0,1.0,Closed,clear_majority
407542,60009898,20,20,20,0,1.0,Closed,clear_majority
407713,60010198,20,20,20,0,1.0,Closed,clear_majority
407714,60010197,20,20,20,0,1.0,Closed,clear_majority
407780,60010191,20,20,20,0,1.0,Closed,clear_majority
407807,60010196,20,20,20,0,1.0,Closed,clear_majority
408018,60010263,20,20,20,0,1.0,Closed,clear_majority
408028,60010262,20,20,20,0,1.0,Closed,clear_majority
408060,60010288,20,20,20,0,1.0,Closed,clear_majority
408078,60009457,20,20,20,0,1.0,Closed,clear_majority
408149,60010123,20,20,20,0,1.0,Closed,clear_majority
408167,60010180,20,20,20,0,1.0,Closed,clear_majority
408321,60010219,20,20,20,0,1.0,Closed,clear_majority
408413,60097955,14,14,14,0,1.0,Closed,clear_majority
408497,60001149,20,20,20,0,1.0,Closed,clear_majority
408558,60010223,20,20,20,0,1.0,Closed,clear_majority
408919,60010280,20,20,20,0,1.0,Closed,clear_majority
408922,60010281,20,20,20,0,1.0,Closed,clear_majority
408982,60010486,20,20,20,0,1.0,Closed,clear_majority
408997,60111002,17,17,17,0,1.0,Closed,clear_majority
409303,60010488,20,20,20,0,1.0,Closed,clear_majority
409406,60010315,20,20,20,0,1.0,Closed,clear_majority
409511,60010489,20,20,20,0,1.0,Closed,clear_majority
409652,60112821,17,17,17,0,1.0,Closed,clear_majority
409653,60112820,17,17,17,0,1.0,Closed,clear_majority
410002,60112193,17,17,17,0,1.0,Closed,clear_majority
410005,60112192,17,17,17,0,1.0,Closed,clear_majority
410507,60112326,17,17,17,0,1.0,Closed,clear_majority
410644,60010512,20,20,20,0,1.0,Closed,clear_majority
410703,60010316,20,20,20,0,1.0,Closed,clear_majority
410719,60010325,20,20,20,0,1.0,Closed,clear_majority
410847,60010317,20,20,20,0,1.0,Closed,clear_majority
411023,60010204,20,20,20,0,1.0,Closed,clear_majority
411150,60011018,20,20,20,0,1.0,Closed,clear_majority
411476,60112185,17,17,17,0,1.0,Closed,clear_majority
411655,60010250,20,20,19,1,0.95,Closed,clear_majority
411664,60010832,20,20,20,0,1.0,Closed,clear_majority
411665,60010176,20,20,20,0,1.0,Closed,clear_majority
411667,60010186,20,20,20,0,1.0,Closed,clear_majority
412018,60010188,20,20,20,0,1.0,Closed,clear_majority
412019,60010187,20,20,20,0,1.0,Closed,clear_majority
412089,60010324,20,20,20,0,1.0,Closed,clear_majority
412090,60010328,20,20,20,0,1.0,Closed,clear_majority
412542,60010508,20,20,20,0,1.0,Closed,clear_majority
412543,60010509,20,20,20,0,1.0,Closed,clear_majority
412584,60114958,1,1,1,0,1.0,Closed,clear_majority
412687,60010212,20,20,20,0,1.0,Closed,clear_majority
412828,60010332,20,20,20,0,1.0,Closed,clear_majority
412919,60111915,17,17,17,0,1.0,Closed,clear_majority
413133,60002956,20,20,20,0,1.0,Closed,clear_majority
413143,60010327,20,20,20,0,1.0,Closed,clear_majority
413385,60110941,17,17,17,0,1.0,Closed,clear_majority
413386,60110939,17,17,17,0,1.0,Closed,clear_majority
413399,60010282,20,20,20,0,1.0,Closed,clear_majority
413449,60010273,20,20,20,0,1.0,Closed,clear_majority
413500,60006237,20,20,20,0,1.0,Closed,clear_majority
413596,60010210,20,20,20,0,1.0,Closed,clear_majority
413605,60010144,20,20,20,0,1.0,Closed,clear_majority
413808,60094880,17,17,17,0,1.0,Closed,clear_majority
413952,60112609,17,17,17,0,1.0,Closed,clear_majority
414024,60010514,19,19,19,0,1.0,Closed,clear_majority
414050,60009740,20,20,20,0,1.0,Closed,clear_majority
414053,60009741,20,20,20,0,1.0,Closed,clear_majority
414061,60009742,20,20,20,0,1.0,Closed,clear_majority
414062,60009743,20,20,20,0,1.0,Closed,clear_majority
414081,60001010,20,20,20,0,1.0,Closed,clear_majority
414379,60112179,17,17,17,0,1.0,Closed,clear_majority
414450,60001001,20,20,20,0,1.0,Closed,clear_majority
414766,60112172,17,17,17,0,1.0,Closed,clear_majority
415134,60008516,20,20,20,0,1.0,Closed,clear_majority
415163,60010304,20,20,20,0,1.0,Closed,clear_majority
415252,60010306,20,20,20,0,1.0,Closed,clear_majority
415283,60010494,20,20,20,0,1.0,Closed,clear_majority
415355,60010270,20,20,20,0,1.0,Closed,clear_majority
415370,60010284,20,20,20,0,1.0,Closed,clear_majority
415478,60010869,18,18,16,2,0.889,Closed,clear_majority
415516,60010137,20,20,20,0,1.0,Closed,clear_majority
415753,60004865,20,20,20,0,1.0,Closed,clear_majority
415837,60011013,20,20,20,0,1.0,Closed,clear_majority
415846,60011014,20,20,19,1,0.95,Closed,clear_majority
415853,60011358,20,20,20,0,1.0,Closed,clear_majority
415873,60010329,20,20,20,0,1.0,Closed,clear_majority
415874,60010323,20,20,20,0,1.0,Closed,clear_majority
416055,60010127,20,20,20,0,1.0,Closed,clear_majority
416155,60112186,17,17,17,0,1.0,Closed,clear_majority
416156,60112187,17,17,17,0,1.0,Closed,clear_majority
416272,60010173,20,20,20,0,1.0,Closed,clear_majority
416329,60010511,20,20,20,0,1.0,Closed,clear_majority
416406,60111212,17,17,17,0,1.0,Closed,clear_majority
417148,60010301,20,20,20,0,1.0,Closed,clear_majority
417149,60010292,20,20,19,1,0.95,Closed,clear_majority
417150,60010295,20,20,20,0,1.0,Closed,clear_majority
417151,60010293,20,20,20,0,1.0,Closed,clear_majority
417152,60010146,20,20,20,0,1.0,Closed,clear_majority
417454,60111180,17,17,17,0,1.0,Closed,clear_majority
417455,60111187,17,17,0,17,0.0,Open,clear_majority
417953,60010145,20,20,20,0,1.0,Closed,clear_majority
418118,60112612,17,17,17,0,1.0,Closed,clear_majority
418134,60010499,20,20,20,0,1.0,Closed,clear_majority
418336,60010300,20,20,20,0,1.0,Closed,clear_majority
418337,60010299,20,20,20,0,1.0,Closed,clear_majority
419023,60111919,17,17,17,0,1.0,Closed,clear_majority
419024,60111920,17,17,17,0,1.0,Closed,clear_majority
419025,60111916,17,17,17,0,1.0,Closed,clear_majority
419026,60111917,17,17,15,2,0.882,Closed,clear_majority
419027,60111918,17,17,16,1,0.941,Closed,clear_majority
419029,60010502,20,20,20,0,1.0,Closed,clear_majority
419030,60010503,20,20,20,0,1.0,Closed,clear_majority
419160,60010483,20,20,20,0,1.0,Closed,clear_majority
419224,60010125,4,4,4,0,1.0,Closed,clear_majority
419385,60010837,19,19,19,0,1.0,Closed,clear_majority
419442,60010207,20,20,20,0,1.0,Closed,clear_majority
419526,60010271,20,20,20,0,1.0,Closed,clear_majority
419535,60010272,20,20,20,0,1.0,Closed,clear_majority
419604,60010972,20,20,20,0,1.0,Closed,clear_majority
419605,60010181,0,0,0,0,,,no_pto_data
419606,60011511,20,20,20,0,1.0,Closed,clear_majority
419607,60010971,20,20,20,0,1.0,Closed,clear_majority
419676,60011010,20,20,20,0,1.0,Closed,clear_majority
419739,60007970,20,20,20,0,1.0,Closed,clear_majority
419792,60010182,20,20,20,0,1.0,Closed,clear_majority
419793,60010310,20,20,20,0,1.0,Closed,clear_majority
419794,60010183,20,20,20,0,1.0,Closed,clear_majority
419795,60010184,20,20,20,0,1.0,Closed,clear_majority
419849,60010302,20,20,20,0,1.0,Closed,clear_majority
419958,60011732,3,3,3,0,1.0,Closed,clear_majority
419959,60010370,19,19,19,0,1.0,Closed,clear_majority
420037,60011484,3,3,3,0,1.0,Closed,clear_majority
420097,60010214,20,20,20,0,1.0,Closed,clear_majority
420142,60012188,20,20,12,8,0.6,Closed,mixed
420163,60011263,20,20,20,0,1.0,Closed,clear_majority
420203,60010167,20,20,20,0,1.0,Closed,clear_majority
420323,60011466,20,20,20,0,1.0,Closed,clear_majority
420419,60112812,17,17,17,0,1.0,Closed,clear_majority
420420,60112813,17,17,17,0,1.0,Closed,clear_majority
420524,60010307,20,20,20,0,1.0,Closed,clear_majority
420564,60112171,17,17,17,0,1.0,Closed,clear_majority
420570,60112170,17,17,17,0,1.0,Closed,clear_majority
420599,60010303,20,20,20,0,1.0,Closed,clear_majority
420660,60010260,20,20,20,0,1.0,Closed,clear_majority
420661,60010261,20,20,20,0,1.0,Closed,clear_majority
420854,60010871,20,20,20,0,1.0,Closed,clear_majority
421094,60010510,20,20,19,1,0.95,Closed,clear_majority
421221,60112159,17,17,16,1,0.941,Closed,clear_majority
421388,60010513,20,20,20,0,1.0,Closed,clear_majority
421482,60009265,20,20,20,0,1.0,Closed,clear_majority
421496,60010259,20,20,20,0,1.0,Closed,clear_majority
421508,60110583,5,5,5,0,1.0,Closed,clear_majority
421765,60010119,20,20,20,0,1.0,Closed,clear_majority
421766,60010120,20,20,20,0,1.0,Closed,clear_majority
421818,60111868,6,6,6,0,1.0,Closed,clear_majority
421819,60010621,16,16,16,0,1.0,Closed,clear_majority
421909,60010839,20,20,20,0,1.0,Closed,clear_majority
421959,60002227,20,20,20,0,1.0,Closed,clear_majority
422044,60010129,20,20,20,0,1.0,Closed,clear_majority
422067,60001529,20,20,20,0,1.0,Closed,clear_majority
422068,60010246,20,20,19,1,0.95,Closed,clear_majority
422284,60010130,20,20,20,0,1.0,Closed,clear_majority
422333,60011000,20,20,20,0,1.0,Closed,clear_majority
422334,60010997,17,17,17,0,1.0,Closed,clear_majority
422439,60111470,17,17,17,0,1.0,Closed,clear_majority
422440,60111472,17,17,17,0,1.0,Closed,clear_majority
422550,60010279,20,20,20,0,1.0,Closed,clear_majority
422564,60010278,20,20,20,0,1.0,Closed,clear_majority
422822,60010982,20,20,20,0,1.0,Closed,clear_majority
422886,60111460,17,17,17,0,1.0,Closed,clear_majority
422922,60090500,20,20,20,0,1.0,Closed,clear_majority
422993,60010487,20,20,20,0,1.0,Closed,clear_majority
422999,60010291,20,20,20,0,1.0,Closed,clear_majority
423004,60010287,20,20,20,0,1.0,Closed,clear_majority
423010,60010148,20,20,20,0,1.0,Closed,clear_majority
423024,60010147,18,18,18,0,1.0,Closed,clear_majority
423091,60010948,20,20,20,0,1.0,Closed,clear_majority
423104,60010926,20,20,20,0,1.0,Closed,clear_majority
423113,60010927,20,20,20,0,1.0,Closed,clear_majority
423122,60010158,20,20,17,3,0.85,Closed,clear_majority
423267,60011278,3,3,3,0,1.0,Closed,clear_majority
423285,60111863,17,17,17,0,1.0,Closed,clear_majority
424088,60010884,20,20,20,0,1.0,Closed,clear_majority
424103,60010875,20,20,20,0,1.0,Closed,clear_majority
424112,60010881,20,20,20,0,1.0,Closed,clear_majority
424118,60010877,20,20,20,0,1.0,Closed,clear_majority
424135,60112822,17,17,16,1,0.941,Closed,clear_majority
424177,60010878,20,20,20,0,1.0,Closed,clear_majority
424209,60010883,20,20,20,0,1.0,Closed,clear_majority
424215,60002005,20,20,20,0,1.0,Closed,clear_majority
424221,60010882,20,20,20,0,1.0,Closed,clear_majority
424232,60010880,20,20,20,0,1.0,Closed,clear_majority
424238,60010879,20,20,20,0,1.0,Closed,clear_majority
424324,60010889,20,20,20,0,1.0,Closed,clear_majority
424325,60010892,20,20,20,0,1.0,Closed,clear_majority
424326,60010891,20,20,20,0,1.0,Closed,clear_majority
424494,60010491,20,20,19,1,0.95,Closed,clear_majority
424630,60010985,20,20,20,0,1.0,Closed,clear_majority
424732,60010981,20,20,20,0,1.0,Closed,clear_majority
424774,60010850,20,20,20,0,1.0,Closed,clear_majority
425017,60010951,20,20,20,0,1.0,Closed,clear_majority
425078,60010980,20,20,20,0,1.0,Closed,clear_majority
425150,60007718,20,20,20,0,1.0,Closed,clear_majority
425190,60010937,20,20,20,0,1.0,Closed,clear_majority
425203,60010940,20,20,20,0,1.0,Closed,clear_majority
425333,60010481,19,19,19,0,1.0,Closed,clear_majority
425334,60010482,19,19,19,0,1.0,Closed,clear_majority
425593,60112824,17,17,17,0,1.0,Closed,clear_majority
425594,60112825,17,17,17,0,1.0,Closed,clear_majority
425754,60012360,20,20,20,0,1.0,Closed,clear_majority
426679,60010843,20,20,16,4,0.8,Closed,mixed
426680,60088855,20,20,20,0,1.0,Closed,clear_majority
427124,60010856,20,20,20,0,1.0,Closed,clear_majority
427621,60010857,20,20,20,0,1.0,Closed,clear_majority
427666,60002122,20,20,20,0,1.0,Closed,clear_majority
427923,60010945,20,20,20,0,1.0,Closed,clear_majority
428107,60112611,17,17,17,0,1.0,Closed,clear_majority
428108,60112610,17,17,17,0,1.0,Closed,clear_majority
428211,60010138,20,20,20,0,1.0,Closed,clear_majority
428502,60010152,20,20,20,0,1.0,Closed,clear_majority
428546,60011277,20,20,18,2,0.9,Closed,clear_majority
429032,60110671,17,17,17,0,1.0,Closed,clear_majority
429035,60111170,17,17,17,0,1.0,Closed,clear_majority
429036,60111171,17,17,17,0,1.0,Closed,clear_majority
429037,60110670,17,17,17,0,1.0,Closed,clear_majority
429038,60011074,20,20,20,0,1.0,Closed,clear_majority
429039,60011071,20,20,20,0,1.0,Closed,clear_majority
429041,60011073,20,20,20,0,1.0,Closed,clear_majority
429042,60011072,20,20,20,0,1.0,Closed,clear_majority
429158,60011016,20,20,20,0,1.0,Closed,clear_majority
429235,60010992,20,20,20,0,1.0,Closed,clear_majority
429236,60010990,20,20,20,0,1.0,Closed,clear_majority
429477,60010991,20,20,20,0,1.0,Closed,clear_majority
429499,60011582,20,20,20,0,1.0,Closed,clear_majority
429537,60010931,20,20,20,0,1.0,Closed,clear_majority
429546,60010925,20,20,20,0,1.0,Closed,clear_majority
430168,60010858,20,20,20,0,1.0,Closed,clear_majority
430238,60010934,20,20,20,0,1.0,Closed,clear_majority
430247,60010936,17,17,17,0,1.0,Closed,clear_majority
430272,60001873,20,20,20,0,1.0,Closed,clear_majority
430361,60010867,20,20,18,2,0.9,Closed,clear_majority
430396,60010958,20,20,20,0,1.0,Closed,clear_majority
430438,60010874,20,20,20,0,1.0,Closed,clear_majority
430558,60112199,17,17,17,0,1.0,Closed,clear_majority
431044,60112328,17,17,17,0,1.0,Closed,clear_majority
431045,60112329,17,17,17,0,1.0,Closed,clear_majority
431054,60011303,20,20,20,0,1.0,Closed,clear_majority
431277,60112819,17,17,17,0,1.0,Closed,clear_majority
431278,60112818,17,17,17,0,1.0,Closed,clear_majority
431309,60012361,20,20,20,0,1.0,Closed,clear_majority
431337,60010979,20,20,20,0,1.0,Closed,clear_majority
431338,60010978,20,20,20,0,1.0,Closed,clear_majority
431452,60010959,20,20,20,0,1.0,Closed,clear_majority
431463,60010960,20,20,20,0,1.0,Closed,clear_majority
431581,60112175,17,17,17,0,1.0,Closed,clear_majority
431589,60112176,17,17,17,0,1.0,Closed,clear_majority
431784,60011012,20,20,20,0,1.0,Closed,clear_majority
432598,60001526,20,20,20,0,1.0,Closed,clear_majority
432599,60088876,20,20,20,0,1.0,Closed,clear_majority
432620,60011020,20,20,20,0,1.0,Closed,clear_majority
432740,60010861,10,10,9,1,0.9,Closed,clear_majority
432757,60011019,20,20,20,0,1.0,Closed,clear_majority
432758,60011707,20,20,20,0,1.0,Closed,clear_majority
432952,60011003,20,20,20,0,1.0,Closed,clear_majority
433070,60010855,20,20,20,0,1.0,Closed,clear_majority
433087,60010998,20,20,20,0,1.0,Closed,clear_majority
433311,60111921,17,17,17,0,1.0,Closed,clear_majority
433373,60010999,20,20,20,0,1.0,Closed,clear_majority
433383,60010961,20,20,20,0,1.0,Closed,clear_majority
433560,60112200,17,17,17,0,1.0,Closed,clear_majority
433561,60112201,17,17,17,0,1.0,Closed,clear_majority
433583,60010993,20,20,20,0,1.0,Closed,clear_majority
433584,60010995,20,20,19,1,0.95,Closed,clear_majority
433586,60010994,20,20,20,0,1.0,Closed,clear_majority
434146,60010938,20,20,20,0,1.0,Closed,clear_majority
434147,60010933,20,20,20,0,1.0,Closed,clear_majority
434206,60098227,12,12,10,2,0.833,Closed,clear_majority
434215,60009535,20,20,20,0,1.0,Closed,clear_majority
434456,60010899,20,20,20,0,1.0,Closed,clear_majority
434476,60010944,20,20,20,0,1.0,Closed,clear_majority
434495,60010950,20,20,20,0,1.0,Closed,clear_majority
434613,60009192,20,20,20,0,1.0,Closed,clear_majority
434824,60010887,20,20,20,0,1.0,Closed,clear_majority
434830,60011508,20,20,20,0,1.0,Closed,clear_majority
434837,60002188,20,20,20,0,1.0,Closed,clear_majority
434853,60010886,20,20,20,0,1.0,Closed,clear_majority
434869,60010890,3,3,3,0,1.0,Closed,clear_majority
434887,60010888,20,20,20,0,1.0,Closed,clear_majority
435649,60112809,17,17,17,0,1.0,Closed,clear_majority
435650,60112808,17,17,17,0,1.0,Closed,clear_majority
435670,60012359,20,20,20,0,1.0,Closed,clear_majority
436087,60010989,20,20,20,0,1.0,Closed,clear_majority
436088,60010987,20,20,20,0,1.0,Closed,clear_majority
436089,60010988,20,20,20,0,1.0,Closed,clear_majority
436465,60001020,20,20,20,0,1.0,Closed,clear_majority
436484,60010919,20,20,20,0,1.0,Closed,clear_majority
436543,60010840,20,20,20,0,1.0,Closed,clear_majority
436610,60010949,20,20,20,0,1.0,Closed,clear_majority
436767,60112613,17,17,17,0,1.0,Closed,clear_majority
437166,60011553,20,20,20,0,1.0,Closed,clear_majority
437419,60010909,20,20,20,0,1.0,Closed,clear_majority
437510,60010833,20,20,20,0,1.0,Closed,clear_majority
437545,60010932,20,20,20,0,1.0,Closed,clear_majority
437625,60010911,20,20,20,0,1.0,Closed,clear_majority
437759,60010893,20,20,20,0,1.0,Closed,clear_majority
437764,60010873,20,20,20,0,1.0,Closed,clear_majority
438080,60011288,20,20,20,0,1.0,Closed,clear_majority
438118,60010830,20,20,20,0,1.0,Closed,clear_majority
438335,60011051,20,20,20,0,1.0,Closed,clear_majority
438336,60011050,20,20,20,0,1.0,Closed,clear_majority
438354,60110811,17,17,17,0,1.0,Closed,clear_majority
438355,60110813,17,17,17,0,1.0,Closed,clear_majority
438428,60011015,20,20,20,0,1.0,Closed,clear_majority
438503,60010984,20,20,20,0,1.0,Closed,clear_majority
438504,60010983,20,20,20,0,1.0,Closed,clear_majority
438548,60011023,20,20,20,0,1.0,Closed,clear_majority
438560,60010908,20,20,20,0,1.0,Closed,clear_majority
438579,60011220,20,20,20,0,1.0,Closed,clear_majority
438675,60010835,20,20,20,0,1.0,Closed,clear_majority
438676,60010834,20,20,20,0,1.0,Closed,clear_majority
438734,60011017,20,20,20,0,1.0,Closed,clear_majority
438752,60010876,3,3,3,0,1.0,Closed,clear_majority
438923,60010928,20,20,20,0,1.0,Closed,clear_majority
438945,60010924,20,20,20,0,1.0,Closed,clear_majority
439089,60010969,20,20,18,2,0.9,Closed,clear_majority
439239,60010901,20,20,20,0,1.0,Closed,clear_majority
439529,60011022,20,20,20,0,1.0,Closed,clear_majority
439569,60112178,17,17,15,2,0.882,Closed,clear_majority
439623,60112623,17,17,17,0,1.0,Closed,clear_majority
439624,60112622,17,17,17,0,1.0,Closed,clear_majority
439770,60010967,20,20,20,0,1.0,Closed,clear_majority
439869,60112330,17,17,17,0,1.0,Closed,clear_majority
440746,60011021,20,20,20,0,1.0,Closed,clear_majority
440947,60112827,17,17,17,0,1.0,Closed,clear_majority
440948,60112826,17,17,17,0,1.0,Closed,clear_majority
441030,60010970,20,20,20,0,1.0,Closed,clear_majority
441293,60112828,17,17,17,0,1.0,Closed,clear_majority
441307,60012362,20,20,20,0,1.0,Closed,clear_majority
441458,60011078,20,20,20,0,1.0,Closed,clear_majority
441471,60011077,20,20,20,0,1.0,Closed,clear_majority
441582,60011079,20,20,20,0,1.0,Closed,clear_majority
441596,60011076,20,20,20,0,1.0,Closed,clear_majority
441606,60010957,20,20,20,0,1.0,Closed,clear_majority
441616,60011365,19,19,19,0,1.0,Closed,clear_majority
441633,60010916,20,20,19,1,0.95,Closed,clear_majority
441913,60011007,20,20,20,0,1.0,Closed,clear_majority
441993,60011091,20,20,20,0,1.0,Closed,clear_majority
442064,60011008,20,20,20,0,1.0,Closed,clear_majority
442102,60010929,20,20,20,0,1.0,Closed,clear_majority
442132,60010947,20,20,20,0,1.0,Closed,clear_majority
442149,60010941,20,20,20,0,1.0,Closed,clear_majority
442154,60010943,20,20,20,0,1.0,Closed,clear_majority
442273,60110920,17,17,17,0,1.0,Closed,clear_majority
442449,60011281,20,20,20,0,1.0,Closed,clear_majority
443530,60000702,19,19,17,2,0.895,Closed,clear_majority
443531,60000723,20,20,20,0,1.0,Closed,clear_majority
443532,60107759,6,6,6,0,1.0,Closed,clear_majority
443533,60000717,18,18,18,0,1.0,Closed,clear_majority
443534,60000574,20,20,20,0,1.0,Closed,clear_majority
443535,60000721,20,20,20,0,1.0,Closed,clear_majority
443536,60000624,20,20,20,0,1.0,Closed,clear_majority
443800,60011092,20,20,20,0,1.0,Closed,clear_majority
443801,60011060,20,20,20,0,1.0,Closed,clear_majority
443803,60011801,20,20,20,0,1.0,Closed,clear_majority
443804,60011061,20,20,20,0,1.0,Closed,clear_majority
443880,60011304,20,20,20,0,1.0,Closed,clear_majority
443881,60011320,20,20,20,0,1.0,Closed,clear_majority
443882,60011318,20,20,20,0,1.0,Closed,clear_majority
444348,60001585,20,20,20,0,1.0,Closed,clear_majority
444349,60009758,20,20,20,0,1.0,Closed,clear_majority
444530,60010946,20,20,20,0,1.0,Closed,clear_majority
444742,60112621,17,17,17,0,1.0,Closed,clear_majority
444743,60112620,17,17,17,0,1.0,Closed,clear_majority
445117,60011024,20,20,20,0,1.0,Closed,clear_majority
445172,60011321,20,20,20,0,1.0,Closed,clear_majority
445216,60011323,20,20,20,0,1.0,Closed,clear_majority
445217,60011319,20,20,20,0,1.0,Closed,clear_majority
445245,60010845,20,20,18,2,0.9,Closed,clear_majority
445433,60010975,20,20,20,0,1.0,Closed,clear_majority
445434,60010976,20,20,20,0,1.0,Closed,clear_majority
445435,60010977,20,20,20,0,1.0,Closed,clear_majority
445748,60113988,0,0,0,0,,,no_pto_data
445853,60011241,20,20,20,0,1.0,Closed,clear_majority
445913,60011011,20,20,17,3,0.85,Closed,clear_majority
445914,60010902,20,20,17,3,0.85,Closed,clear_majority
446033,60112830,17,17,17,0,1.0,Closed,clear_majority
446034,60112829,17,17,17,0,1.0,Closed,clear_majority
446303,60010912,20,20,20,0,1.0,Closed,clear_majority
446421,60010847,20,20,20,0,1.0,Closed,clear_majority
446444,60010953,20,20,20,0,1.0,Closed,clear_majority
447020,60010962,3,3,3,0,1.0,Closed,clear_majority
447103,60008948,20,20,20,0,1.0,Closed,clear_majority
447319,60011206,20,20,20,0,1.0,Closed,clear_majority
447415,60011282,20,20,20,0,1.0,Closed,clear_majority
448039,60011349,20,20,20,0,1.0,Closed,clear_majority
448049,60011350,20,20,20,0,1.0,Closed,clear_majority
448121,60005227,20,20,20,0,1.0,Closed,clear_majority
448276,60002214,20,20,20,0,1.0,Closed,clear_majority
448430,60006879,20,20,20,0,1.0,Closed,clear_majority
449072,60011289,17,17,16,1,0.941,Closed,clear_majority
449081,60011290,20,20,13,7,0.65,Closed,mixed
449136,60011285,20,20,20,0,1.0,Closed,clear_majority
449172,60011329,20,20,20,0,1.0,Closed,clear_majority
449181,60011216,20,20,20,0,1.0,Closed,clear_majority
449182,60011215,20,20,20,0,1.0,Closed,clear_majority
449613,60112831,17,17,17,0,1.0,Closed,clear_majority
449654,60012363,20,20,20,0,1.0,Closed,clear_majority
451164,60112835,17,17,17,0,1.0,Closed,clear_majority
451464,60010968,20,20,20,0,1.0,Closed,clear_majority
451531,60011361,20,20,15,5,0.75,Closed,mixed
451682,60011360,20,20,20,0,1.0,Closed,clear_majority
452406,60112202,17,17,17,0,1.0,Closed,clear_majority
452407,60112203,17,17,17,0,1.0,Closed,clear_majority
452521,60002450,20,20,20,0,1.0,Closed,clear_majority
452714,60011342,20,20,20,0,1.0,Closed,clear_majority
452752,60011356,20,20,20,0,1.0,Closed,clear_majority
452753,60011357,20,20,20,0,1.0,Closed,clear_majority
452939,60012358,20,20,20,0,1.0,Closed,clear_majority
452983,60011324,20,20,20,0,1.0,Closed,clear_majority
453227,60011622,20,20,19,1,0.95,Closed,clear_majority
453237,60004415,20,20,20,0,1.0,Closed,clear_majority
453247,60011410,20,20,20,0,1.0,Closed,clear_majority
453256,60011409,20,20,20,0,1.0,Closed,clear_majority
453417,60000607,20,20,4,16,0.2,Open,mixed
453514,60088857,20,20,20,0,1.0,Closed,clear_majority
453543,60011178,20,20,20,0,1.0,Closed,clear_majority
453666,60011227,20,20,20,0,1.0,Closed,clear_majority
453685,60011228,20,20,20,0,1.0,Closed,clear_majority
454823,60000009,0,0,0,0,,,no_pto_data
454840,60110584,5,5,5,0,1.0,Closed,clear_majority
454891,60011317,20,20,20,0,1.0,Closed,clear_majority
454892,60011316,20,20,20,0,1.0,Closed,clear_majority
454893,60011312,20,20,20,0,1.0,Closed,clear_majority
455180,60011291,20,20,20,0,1.0,Closed,clear_majority
455185,60011495,20,20,20,0,1.0,Closed,clear_majority
455241,60011493,20,20,20,0,1.0,Closed,clear_majority
455264,60011494,20,20,20,0,1.0,Closed,clear_majority
455351,60000474,20,20,20,0,1.0,Closed,clear_majority
455393,60000475,20,20,20,0,1.0,Closed,clear_majority
455485,60011295,20,20,20,0,1.0,Closed,clear_majority
455494,60011296,20,20,20,0,1.0,Closed,clear_majority
456189,60112618,17,17,17,0,1.0,Closed,clear_majority
456950,60011325,20,20,20,0,1.0,Closed,clear_majority
456951,60011327,20,20,20,0,1.0,Closed,clear_majority
456952,60011328,20,20,20,0,1.0,Closed,clear_majority
457178,60000835,20,20,20,0,1.0,Closed,clear_majority
457204,60009182,20,20,20,0,1.0,Closed,clear_majority
457205,60011248,20,20,20,0,1.0,Closed,clear_majority
457303,60001741,20,20,20,0,1.0,Closed,clear_majority
457304,60011196,20,20,20,0,1.0,Closed,clear_majority
457572,60011176,20,20,20,0,1.0,Closed,clear_majority
458029,60111885,17,17,17,0,1.0,Closed,clear_majority
458165,60011275,20,20,20,0,1.0,Closed,clear_majority
458244,60002723,20,20,20,0,1.0,Closed,clear_majority
458245,60011298,20,20,20,0,1.0,Closed,clear_majority
458763,60011253,20,20,20,0,1.0,Closed,clear_majority
458764,60011251,20,20,20,0,1.0,Closed,clear_majority
458846,60011252,20,20,20,0,1.0,Closed,clear_majority
458849,60011366,20,20,20,0,1.0,Closed,clear_majority
459074,60112615,17,17,17,0,1.0,Closed,clear_majority
459075,60112616,17,17,17,0,1.0,Closed,clear_majority
459076,60112617,17,17,17,0,1.0,Closed,clear_majority
459153,60003535,20,20,20,0,1.0,Closed,clear_majority
459260,60011344,20,20,20,0,1.0,Closed,clear_majority
459962,60111654,17,17,17,0,1.0,Closed,clear_majority
459973,60011416,20,20,20,0,1.0,Closed,clear_majority
459999,60011214,20,20,20,0,1.0,Closed,clear_majority
460017,60011415,20,20,20,0,1.0,Closed,clear_majority
460021,60011255,20,20,20,0,1.0,Closed,clear_majority
460030,60011254,20,20,20,0,1.0,Closed,clear_majority
460089,60011234,20,20,20,0,1.0,Closed,clear_majority
460090,60011235,20,20,20,0,1.0,Closed,clear_majority
460091,60011207,20,20,20,0,1.0,Closed,clear_majority
460235,60011208,20,20,20,0,1.0,Closed,clear_majority
460371,60012581,3,3,3,0,1.0,Closed,clear_majority
460386,60012580,3,3,3,0,1.0,Closed,clear_majority
460834,60112342,17,17,17,0,1.0,Closed,clear_majority
461164,60112333,17,17,17,0,1.0,Closed,clear_majority
461314,60112063,17,17,17,0,1.0,Closed,clear_majority
461739,60112833,17,17,17,0,1.0,Closed,clear_majority
462215,60112434,17,17,17,0,1.0,Closed,clear_majority
462216,60112435,17,17,17,0,1.0,Closed,clear_majority
463151,60112204,17,17,17,0,1.0,Closed,clear_majority
463152,60112205,17,17,17,0,1.0,Closed,clear_majority
463173,60011244,20,20,20,0,1.0,Closed,clear_majority
463392,60112206,17,17,17,0,1.0,Closed,clear_majority
463393,60112207,17,17,17,0,1.0,Closed,clear_majority
464196,60112173,17,17,15,2,0.882,Closed,clear_majority
464197,60112174,17,17,15,2,0.882,Closed,clear_majority
464459,60011213,20,20,20,0,1.0,Closed,clear_majority
464539,60011181,20,20,20,0,1.0,Closed,clear_majority
464565,60011528,20,20,19,1,0.95,Closed,clear_majority
465131,60011308,0,0,0,0,,,no_pto_data
465278,60112832,17,17,17,0,1.0,Closed,clear_majority
465298,60011382,20,20,20,0,1.0,Closed,clear_majority
465299,60011741,20,20,20,0,1.0,Closed,clear_majority
465308,60011369,20,20,20,0,1.0,Closed,clear_majority
465336,60011351,20,20,20,0,1.0,Closed,clear_majority
466187,60011197,0,0,0,0,,,no_pto_data
466212,60011198,0,0,0,0,,,no_pto_data
466226,60011199,20,20,20,0,1.0,Closed,clear_majority
466267,60011192,0,0,0,0,,,no_pto_data
466567,60011247,0,0,0,0,,,no_pto_data
466580,60011284,20,20,20,0,1.0,Closed,clear_majority
466602,60011191,0,0,0,0,,,no_pto_data
466603,60011194,20,20,20,0,1.0,Closed,clear_majority
466604,60011195,20,20,20,0,1.0,Closed,clear_majority
466660,60011279,20,20,20,0,1.0,Closed,clear_majority
466671,60011280,20,20,20,0,1.0,Closed,clear_majority
466789,60011332,20,20,20,0,1.0,Closed,clear_majority
466790,60011333,20,20,20,0,1.0,Closed,clear_majority
467299,60001923,20,20,20,0,1.0,Closed,clear_majority
467365,60011367,20,20,20,0,1.0,Closed,clear_majority
467366,60011292,20,20,20,0,1.0,Closed,clear_majority
467378,60101292,9,9,9,0,1.0,Closed,clear_majority
467379,60011209,20,20,20,0,1.0,Closed,clear_majority
467380,60011293,19,19,19,0,1.0,Closed,clear_majority
467419,60092093,20,20,20,0,1.0,Closed,clear_majority
467788,60002305,20,20,20,0,1.0,Closed,clear_majority
467888,60011611,20,20,20,0,1.0,Closed,clear_majority
467889,60011334,20,20,20,0,1.0,Closed,clear_majority
467913,60011613,20,20,20,0,1.0,Closed,clear_majority
467914,60011612,20,20,20,0,1.0,Closed,clear_majority
468055,60089173,20,20,20,0,1.0,Closed,clear_majority
468071,60111060,17,17,17,0,1.0,Closed,clear_majority
468141,60071529,0,0,0,0,,,no_pto_data
468600,60011536,19,19,12,7,0.632,Closed,mixed
468626,60011537,20,20,20,0,1.0,Closed,clear_majority
468636,60011301,19,19,18,1,0.947,Closed,clear_majority
468678,60011205,20,20,20,0,1.0,Closed,clear_majority
470028,60011172,20,20,20,0,1.0,Closed,clear_majority
470029,60011173,20,20,20,0,1.0,Closed,clear_majority
470030,60068020,3,3,3,0,1.0,Closed,clear_majority
470031,60011174,20,20,20,0,1.0,Closed,clear_majority
470261,60011354,20,20,20,0,1.0,Closed,clear_majority
470270,60011355,20,20,20,0,1.0,Closed,clear_majority
470279,60001730,20,20,20,0,1.0,Closed,clear_majority
470280,60011239,20,20,20,0,1.0,Closed,clear_majority
470433,60011601,20,20,20,0,1.0,Closed,clear_majority
470470,60011598,20,20,20,0,1.0,Closed,clear_majority
470628,60001691,20,20,19,1,0.95,Closed,clear_majority
470629,60011188,20,20,20,0,1.0,Closed,clear_majority
470761,60011311,20,20,20,0,1.0,Closed,clear_majority
471196,60011346,17,17,17,0,1.0,Closed,clear_majority
471202,60011347,20,20,20,0,1.0,Closed,clear_majority
471385,60011896,20,20,20,0,1.0,Closed,clear_majority
471386,60011897,20,20,20,0,1.0,Closed,clear_majority
472141,60111697,17,17,17,0,1.0,Closed,clear_majority
472151,60011272,20,20,20,0,1.0,Closed,clear_majority
472379,60011210,20,20,20,0,1.0,Closed,clear_majority
476559,60012989,3,3,3,0,1.0,Closed,clear_majority
478746,60011217,20,20,20,0,1.0,Closed,clear_majority
478769,60011212,20,20,20,0,1.0,Closed,clear_majority
479363,60112345,17,17,17,0,1.0,Closed,clear_majority
479712,60011237,20,20,20,0,1.0,Closed,clear_majority
480220,60011297,20,20,20,0,1.0,Closed,clear_majority
480325,60011558,20,20,20,0,1.0,Closed,clear_majority
480776,60011336,20,20,20,0,1.0,Closed,clear_majority
481638,60011352,20,20,20,0,1.0,Closed,clear_majority
481777,60011300,20,20,20,0,1.0,Closed,clear_majority
481786,60012192,20,20,20,0,1.0,Closed,clear_majority
481787,60012338,20,20,20,0,1.0,Closed,clear_majority
482534,60011276,20,20,20,0,1.0,Closed,clear_majority
482943,60011225,20,20,20,0,1.0,Closed,clear_majority
483022,60011271,20,20,20,0,1.0,Closed,clear_majority
483113,60011256,20,20,20,0,1.0,Closed,clear_majority
483114,60011259,19,19,19,0,1.0,Closed,clear_majority
483168,60011260,20,20,19,1,0.95,Closed,clear_majority
483206,60011236,20,20,20,0,1.0,Closed,clear_majority
483482,60011203,20,20,20,0,1.0,Closed,clear_majority
485035,60111950,17,17,17,0,1.0,Closed,clear_majority
485036,60111948,17,17,17,0,1.0,Closed,clear_majority
485037,60111953,17,17,17,0,1.0,Closed,clear_majority
485038,60111951,17,17,17,0,1.0,Closed,clear_majority
485039,60111944,17,17,17,0,1.0,Closed,clear_majority
485040,60111949,17,17,17,0,1.0,Closed,clear_majority
485041,60111946,17,17,17,0,1.0,Closed,clear_majority
485042,60111947,17,17,17,0,1.0,Closed,clear_majority
485043,60111952,17,17,17,0,1.0,Closed,clear_majority
485044,60111945,17,17,17,0,1.0,Closed,clear_majority
485157,60111624,17,17,17,0,1.0,Closed,clear_majority
485158,60111623,17,17,17,0,1.0,Closed,clear_majority
485827,60111627,17,17,17,0,1.0,Closed,clear_majority
485828,60111626,17,17,17,0,1.0,Closed,clear_majority
485855,60111630,17,17,17,0,1.0,Closed,clear_majority
485856,60111629,17,17,17,0,1.0,Closed,clear_majority
485967,60011243,20,20,20,0,1.0,Closed,clear_majority
486066,60112705,17,17,17,0,1.0,Closed,clear_majority
486259,60112211,17,17,17,0,1.0,Closed,clear_majority
486620,60012053,20,20,20,0,1.0,Closed,clear_majority
486621,60011773,20,20,20,0,1.0,Closed,clear_majority
486654,60011782,20,20,20,0,1.0,Closed,clear_majority
486655,60011774,20,20,20,0,1.0,Closed,clear_majority
486703,60111637,17,17,17,0,1.0,Closed,clear_majority
486704,60111638,17,17,17,0,1.0,Closed,clear_majority
486706,60111634,17,17,17,0,1.0,Closed,clear_majority
486707,60111639,17,17,17,0,1.0,Closed,clear_majority
486907,60011204,20,20,20,0,1.0,Closed,clear_majority
486971,60012055,20,20,20,0,1.0,Closed,clear_majority
486972,60011794,20,20,20,0,1.0,Closed,clear_majority
486974,60111643,17,17,3,14,0.176,Open,clear_majority
486975,60111640,17,17,3,14,0.176,Open,clear_majority
486990,60011566,17,17,14,3,0.824,Closed,clear_majority
486991,60011565,20,20,17,3,0.85,Closed,clear_majority
487184,60011786,20,20,20,0,1.0,Closed,clear_majority
487185,60011784,20,20,20,0,1.0,Closed,clear_majority
487499,60012243,20,20,20,0,1.0,Closed,clear_majority
487520,60012006,20,20,20,0,1.0,Closed,clear_majority
487530,60012007,20,20,6,14,0.3,Open,mixed
487543,60012242,20,20,20,0,1.0,Closed,clear_majority
488222,60001533,20,20,20,0,1.0,Closed,clear_majority
489014,60011600,20,20,20,0,1.0,Closed,clear_majority
489023,60011676,20,20,20,0,1.0,Closed,clear_majority
489024,60011679,20,20,20,0,1.0,Closed,clear_majority
489025,60011680,20,20,20,0,1.0,Closed,clear_majority
489050,60011682,20,20,20,0,1.0,Closed,clear_majority
489051,60011683,20,20,20,0,1.0,Closed,clear_majority
489052,60011684,20,20,20,0,1.0,Closed,clear_majority
489077,60011685,20,20,20,0,1.0,Closed,clear_majority
489086,60011686,20,20,20,0,1.0,Closed,clear_majority
489113,60011687,20,20,20,0,1.0,Closed,clear_majority
489114,60011688,20,20,20,0,1.0,Closed,clear_majority
489115,60011689,20,20,20,0,1.0,Closed,clear_majority
489149,60011690,20,20,20,0,1.0,Closed,clear_majority
489150,60011693,19,19,19,0,1.0,Closed,clear_majority
489151,60011697,20,20,20,0,1.0,Closed,clear_majority
489176,60011698,20,20,20,0,1.0,Closed,clear_majority
489178,60011705,20,20,19,1,0.95,Closed,clear_majority
489257,60011599,20,20,20,0,1.0,Closed,clear_majority
489283,60011699,20,20,20,0,1.0,Closed,clear_majority
489292,60011604,20,20,20,0,1.0,Closed,clear_majority
489357,60011489,20,20,20,0,1.0,Closed,clear_majority
489515,60011587,20,20,20,0,1.0,Closed,clear_majority
489661,60011864,20,20,20,0,1.0,Closed,clear_majority
489717,60011692,20,20,19,1,0.95,Closed,clear_majority
489718,60011703,20,20,20,0,1.0,Closed,clear_majority
489735,60011673,20,20,20,0,1.0,Closed,clear_majority
489736,60011674,20,20,20,0,1.0,Closed,clear_majority
489737,60011691,20,20,20,0,1.0,Closed,clear_majority
489762,60011694,20,20,19,1,0.95,Closed,clear_majority
489763,60011695,20,20,20,0,1.0,Closed,clear_majority
489764,60011696,20,20,20,0,1.0,Closed,clear_majority
489765,60011706,20,20,20,0,1.0,Closed,clear_majority
489766,60011702,20,20,20,0,1.0,Closed,clear_majority
489839,60011552,20,20,20,0,1.0,Closed,clear_majority
489848,60011551,20,20,19,1,0.95,Closed,clear_majority
489885,60011567,20,20,2,18,0.1,Open,clear_majority
489894,60011570,20,20,20,0,1.0,Closed,clear_majority
489970,60011606,20,20,6,14,0.3,Open,mixed
489975,60011990,20,20,20,0,1.0,Closed,clear_majority
489984,60011603,20,20,20,0,1.0,Closed,clear_majority
489990,60011988,20,20,20,0,1.0,Closed,clear_majority
490043,60110624,17,17,17,0,1.0,Closed,clear_majority
490051,60011512,20,20,20,0,1.0,Closed,clear_majority
490567,60011486,20,20,20,0,1.0,Closed,clear_majority
490627,60011561,20,20,20,0,1.0,Closed,clear_majority
490672,60112706,17,17,17,0,1.0,Closed,clear_majority
490785,60112436,17,17,17,0,1.0,Closed,clear_majority
490915,60011364,20,20,20,0,1.0,Closed,clear_majority
491069,60011353,20,20,20,0,1.0,Closed,clear_majority
491086,60011714,20,20,20,0,1.0,Closed,clear_majority
491171,60011545,20,20,20,0,1.0,Closed,clear_majority
491422,60111268,17,17,17,0,1.0,Closed,clear_majority
491423,60110809,17,17,17,0,1.0,Closed,clear_majority
491499,60011725,20,20,20,0,1.0,Closed,clear_majority
491600,60112196,17,17,17,0,1.0,Closed,clear_majority
492549,60011989,20,20,20,0,1.0,Closed,clear_majority
492550,60011605,20,20,20,0,1.0,Closed,clear_majority
492644,60111430,17,17,17,0,1.0,Closed,clear_majority
492645,60111425,17,17,17,0,1.0,Closed,clear_majority
493085,60011475,20,20,17,3,0.85,Closed,clear_majority
493352,60011577,16,16,16,0,1.0,Closed,clear_majority
493586,60011788,20,20,11,9,0.55,Closed,mixed
493587,60046173,10,10,10,0,1.0,Closed,clear_majority
493688,60012042,20,20,20,0,1.0,Closed,clear_majority
493691,60111445,17,17,17,0,1.0,Closed,clear_majority
493694,60012044,20,20,20,0,1.0,Closed,clear_majority
493697,60111443,17,17,17,0,1.0,Closed,clear_majority
493700,60111444,17,34,34,0,1.0,Closed,clear_majority
493701,60111442,17,34,34,0,1.0,Closed,clear_majority
493860,60112839,17,17,16,1,0.941,Closed,clear_majority
493872,60012636,20,20,20,0,1.0,Closed,clear_majority
493873,60011572,20,20,20,0,1.0,Closed,clear_majority
493884,60011524,20,20,20,0,1.0,Closed,clear_majority
493885,60011596,20,20,20,0,1.0,Closed,clear_majority
493954,60011245,20,20,20,0,1.0,Closed,clear_majority
494107,60011490,20,20,20,0,1.0,Closed,clear_majority
494118,60011485,20,20,20,0,1.0,Closed,clear_majority
494153,60112208,17,17,17,0,1.0,Closed,clear_majority
494202,60112338,17,17,17,0,1.0,Closed,clear_majority
494287,60011266,20,20,20,0,1.0,Closed,clear_majority
494288,60011267,20,20,17,3,0.85,Closed,clear_majority
494341,60011469,20,20,20,0,1.0,Closed,clear_majority
494342,60011470,20,20,20,0,1.0,Closed,clear_majority
494482,60011656,20,20,20,0,1.0,Closed,clear_majority
494500,60011654,20,20,20,0,1.0,Closed,clear_majority
494501,60011653,20,20,20,0,1.0,Closed,clear_majority
494966,60112635,17,17,17,0,1.0,Closed,clear_majority
495288,60111954,17,17,17,0,1.0,Closed,clear_majority
495815,60011586,20,20,20,0,1.0,Closed,clear_majority
495993,60112209,17,17,17,0,1.0,Closed,clear_majority
495994,60112210,17,17,17,0,1.0,Closed,clear_majority
496027,60011946,20,20,20,0,1.0,Closed,clear_majority
496067,60011548,20,20,20,0,1.0,Closed,clear_majority
496165,60011554,20,20,20,0,1.0,Closed,clear_majority
496174,60000033,20,20,20,0,1.0,Closed,clear_majority
496255,60011571,20,20,19,1,0.95,Closed,clear_majority
496574,60011614,20,20,20,0,1.0,Closed,clear_majority
496986,60011522,20,20,19,1,0.95,Closed,clear_majority
496987,60013006,0,0,0,0,,,no_pto_data
497086,60011881,20,20,20,0,1.0,Closed,clear_majority
497123,60011547,20,20,20,0,1.0,Closed,clear_majority
497350,60112437,17,17,17,0,1.0,Closed,clear_majority
497436,60011880,20,20,20,0,1.0,Closed,clear_majority
497626,60013020,3,3,3,0,1.0,Closed,clear_majority
497651,60012339,20,20,20,0,1.0,Closed,clear_majority
497670,60011860,20,20,20,0,1.0,Closed,clear_majority
497679,60011859,20,20,20,0,1.0,Closed,clear_majority
497742,60013021,3,3,3,0,1.0,Closed,clear_majority
498098,60011497,0,0,0,0,,,no_pto_data
498112,60011499,20,20,20,0,1.0,Closed,clear_majority
498126,60011711,20,20,20,0,1.0,Closed,clear_majority
498164,60011632,19,19,19,0,1.0,Closed,clear_majority
498165,60011636,20,20,20,0,1.0,Closed,clear_majority
498170,60011634,20,20,20,0,1.0,Closed,clear_majority
498171,60011637,20,20,20,0,1.0,Closed,clear_majority
498193,60011638,17,17,17,0,1.0,Closed,clear_majority
498194,60011628,17,17,17,0,1.0,Closed,clear_majority
498276,60011556,20,20,20,0,1.0,Closed,clear_majority
498336,60038621,0,0,0,0,,,no_pto_data
498337,60011643,20,20,20,0,1.0,Closed,clear_majority
498358,60011641,20,20,20,0,1.0,Closed,clear_majority
498393,60011529,20,20,20,0,1.0,Closed,clear_majority
498640,60012955,0,0,0,0,,,no_pto_data
498654,60011539,20,20,20,0,1.0,Closed,clear_majority
498675,60011540,20,20,19,1,0.95,Closed,clear_majority
498711,60011564,20,20,20,0,1.0,Closed,clear_majority
498712,60011563,20,20,20,0,1.0,Closed,clear_majority
498896,60011585,20,20,20,0,1.0,Closed,clear_majority
499136,60013007,1,1,1,0,1.0,Closed,clear_majority
499192,60011639,20,20,20,0,1.0,Closed,clear_majority
499193,60011647,20,20,20,0,1.0,Closed,clear_majority
499227,60011648,20,20,20,0,1.0,Closed,clear_majority
499353,60011534,20,20,20,0,1.0,Closed,clear_majority
499495,60112625,17,17,17,0,1.0,Closed,clear_majority
499507,60011549,20,20,20,0,1.0,Closed,clear_majority
499605,60112438,17,17,17,0,1.0,Closed,clear_majority
499986,60011710,20,20,20,0,1.0,Closed,clear_majority
500354,60112197,17,17,16,1,0.941,Closed,clear_majority
500355,60112198,17,17,16,1,0.941,Closed,clear_majority
500473,60007981,20,20,20,0,1.0,Closed,clear_majority
500795,60011560,20,20,20,0,1.0,Closed,clear_majority
500892,60112708,17,17,17,0,1.0,Closed,clear_majority
500893,60112707,17,17,17,0,1.0,Closed,clear_majority
501062,60011709,20,20,20,0,1.0,Closed,clear_majority
501097,60011633,19,19,17,2,0.895,Closed,clear_majority
501127,60011635,17,17,17,0,1.0,Closed,clear_majority
501195,60011662,20,20,20,0,1.0,Closed,clear_majority
501219,60011665,20,20,19,1,0.95,Closed,clear_majority
501220,60011661,20,20,20,0,1.0,Closed,clear_majority
501236,60011660,20,20,20,0,1.0,Closed,clear_majority
501298,60011931,20,20,19,1,0.95,Closed,clear_majority
501299,60011544,20,20,19,1,0.95,Closed,clear_majority
501318,60011663,20,20,19,1,0.95,Closed,clear_majority
501334,60003551,20,20,20,0,1.0,Closed,clear_majority
501475,60011664,20,20,19,1,0.95,Closed,clear_majority
502489,60011717,20,20,20,0,1.0,Closed,clear_majority
502660,60011727,20,20,20,0,1.0,Closed,clear_majority
502803,60112841,17,17,17,0,1.0,Closed,clear_majority
502834,60011523,20,20,20,0,1.0,Closed,clear_majority
503202,60111182,17,17,17,0,1.0,Closed,clear_majority
503203,60111183,17,17,17,0,1.0,Closed,clear_majority
503223,60111181,17,17,17,0,1.0,Closed,clear_majority
503224,60111184,17,17,17,0,1.0,Closed,clear_majority
503252,60011602,20,20,20,0,1.0,Closed,clear_majority
503635,60111517,17,17,17,0,1.0,Closed,clear_majority
503636,60111515,17,17,17,0,1.0,Closed,clear_majority
503685,60011506,20,20,20,0,1.0,Closed,clear_majority
503686,60011507,20,20,20,0,1.0,Closed,clear_majority
503839,60012997,0,0,0,0,,,no_pto_data
503861,60012998,0,0,0,0,,,no_pto_data
503881,60011580,20,20,20,0,1.0,Closed,clear_majority
503894,60011581,20,20,20,0,1.0,Closed,clear_majority
504315,60011509,20,20,20,0,1.0,Closed,clear_majority
504316,60011514,20,20,20,0,1.0,Closed,clear_majority
504317,60011513,18,18,18,0,1.0,Closed,clear_majority
504318,60011517,20,20,20,0,1.0,Closed,clear_majority
504518,60011498,0,0,0,0,,,no_pto_data
504557,60011542,20,20,20,0,1.0,Closed,clear_majority
504736,60011478,20,20,20,0,1.0,Closed,clear_majority
504762,60011573,20,20,20,0,1.0,Closed,clear_majority
504767,60011575,20,20,20,0,1.0,Closed,clear_majority
504768,60011576,20,20,20,0,1.0,Closed,clear_majority
505079,60112195,17,17,17,0,1.0,Closed,clear_majority
505080,60112194,17,17,17,0,1.0,Closed,clear_majority
505118,60111757,17,17,17,0,1.0,Closed,clear_majority
505445,60112184,17,17,17,0,1.0,Closed,clear_majority
505458,60011655,20,20,20,0,1.0,Closed,clear_majority
505650,60111962,17,17,17,0,1.0,Closed,clear_majority
505651,60111961,17,17,17,0,1.0,Closed,clear_majority
505779,60112439,17,17,17,0,1.0,Closed,clear_majority
506166,60012003,20,20,19,1,0.95,Closed,clear_majority
506167,60011999,20,20,18,2,0.9,Closed,clear_majority
506977,60001250,20,20,20,0,1.0,Closed,clear_majority
506986,60011708,20,20,20,0,1.0,Closed,clear_majority
507097,60011623,20,20,19,1,0.95,Closed,clear_majority
507129,60011535,20,20,20,0,1.0,Closed,clear_majority
507747,60011616,20,20,20,0,1.0,Closed,clear_majority
507755,60011615,20,20,20,0,1.0,Closed,clear_majority
507806,60011574,20,20,20,0,1.0,Closed,clear_majority
507813,60011670,20,20,20,0,1.0,Closed,clear_majority
507823,60011669,20,20,20,0,1.0,Closed,clear_majority
507824,60011594,20,20,20,0,1.0,Closed,clear_majority
508044,60112353,17,17,17,0,1.0,Closed,clear_majority
508045,60112352,17,17,17,0,1.0,Closed,clear_majority
508078,60011652,20,20,20,0,1.0,Closed,clear_majority
508079,60012352,20,20,20,0,1.0,Closed,clear_majority
508281,60112351,17,17,17,0,1.0,Closed,clear_majority
508282,60112350,17,17,17,0,1.0,Closed,clear_majority
508317,60011649,20,20,20,0,1.0,Closed,clear_majority
508333,60011650,20,20,20,0,1.0,Closed,clear_majority
508348,60011651,20,20,20,0,1.0,Closed,clear_majority
508393,60012196,20,20,20,0,1.0,Closed,clear_majority
508684,60111391,17,17,17,0,1.0,Closed,clear_majority
508706,60011550,20,20,20,0,1.0,Closed,clear_majority
508907,60011578,20,20,20,0,1.0,Closed,clear_majority
508923,60011467,20,20,20,0,1.0,Closed,clear_majority
508924,60011468,20,20,20,0,1.0,Closed,clear_majority
509026,60011726,20,20,20,0,1.0,Closed,clear_majority
509275,60011854,20,20,20,0,1.0,Closed,clear_majority
509535,60011595,20,20,19,1,0.95,Closed,clear_majority
509640,60011590,20,20,20,0,1.0,Closed,clear_majority
509869,60112214,17,17,17,0,1.0,Closed,clear_majority
509870,60112213,17,17,17,0,1.0,Closed,clear_majority
509881,60001192,20,20,20,0,1.0,Closed,clear_majority
510251,60011712,20,20,20,0,1.0,Closed,clear_majority
510439,60112341,17,17,17,0,1.0,Closed,clear_majority
510563,60001708,20,20,20,0,1.0,Closed,clear_majority
510581,60011546,20,20,20,0,1.0,Closed,clear_majority
510937,60112349,17,17,17,0,1.0,Closed,clear_majority
510938,60112348,17,17,17,0,1.0,Closed,clear_majority
511368,60011949,20,20,20,0,1.0,Closed,clear_majority
511369,60011948,20,20,20,0,1.0,Closed,clear_majority
511681,60112638,17,17,17,0,1.0,Closed,clear_majority
511682,60112637,17,17,17,0,1.0,Closed,clear_majority
512182,60112347,17,17,17,0,1.0,Closed,clear_majority
512183,60112346,17,17,17,0,1.0,Closed,clear_majority
512500,60112065,17,17,17,0,1.0,Closed,clear_majority
512638,60011715,20,20,20,0,1.0,Closed,clear_majority
512690,60011646,20,20,20,0,1.0,Closed,clear_majority
512707,60011500,20,20,20,0,1.0,Closed,clear_majority
512748,60011666,20,20,20,0,1.0,Closed,clear_majority
512749,60011668,20,20,20,0,1.0,Closed,clear_majority
512750,60011667,20,20,20,0,1.0,Closed,clear_majority
512965,60012168,20,20,20,0,1.0,Closed,clear_majority
513155,60011480,20,20,20,0,1.0,Closed,clear_majority
513724,60112212,17,17,17,0,1.0,Closed,clear_majority
514075,60104542,6,6,6,0,1.0,Closed,clear_majority
514099,60011609,18,18,18,0,1.0,Closed,clear_majority
514362,60112215,17,17,17,0,1.0,Closed,clear_majority
515201,60112627,17,17,17,0,1.0,Closed,clear_majority
515202,60112628,17,17,17,0,1.0,Closed,clear_majority
515663,60012346,20,20,20,0,1.0,Closed,clear_majority
516223,60011995,20,20,20,0,1.0,Closed,clear_majority
516328,60011945,18,18,18,0,1.0,Closed,clear_majority
516329,60011944,20,20,20,0,1.0,Closed,clear_majority
516798,60011968,20,20,20,0,1.0,Closed,clear_majority
517017,60111966,17,17,17,0,1.0,Closed,clear_majority
517018,60111965,17,17,17,0,1.0,Closed,clear_majority
517040,60011608,20,20,20,0,1.0,Closed,clear_majority
517310,60112432,17,17,17,0,1.0,Closed,clear_majority
517311,60112433,17,17,17,0,1.0,Closed,clear_majority
517336,60011719,20,20,20,0,1.0,Closed,clear_majority
517350,60012017,20,20,20,0,1.0,Closed,clear_majority
517373,60011966,20,20,20,0,1.0,Closed,clear_majority
517374,60011974,20,20,20,0,1.0,Closed,clear_majority
517398,60011607,20,20,20,0,1.0,Closed,clear_majority
517409,60012018,20,20,20,0,1.0,Closed,clear_majority
517415,60012016,20,20,20,0,1.0,Closed,clear_majority
517422,60012015,20,20,20,0,1.0,Closed,clear_majority
517428,60012019,20,20,20,0,1.0,Closed,clear_majority
517539,60011972,17,17,17,0,1.0,Closed,clear_majority
517540,60011965,11,11,11,0,1.0,Closed,clear_majority
517578,60012026,20,20,20,0,1.0,Closed,clear_majority
517587,60011953,20,20,20,0,1.0,Closed,clear_majority
518195,60112630,17,17,17,0,1.0,Closed,clear_majority
518196,60112629,17,17,17,0,1.0,Closed,clear_majority
518215,60011975,20,20,20,0,1.0,Closed,clear_majority
519520,60011926,20,20,20,0,1.0,Closed,clear_majority
519521,60011927,20,20,20,0,1.0,Closed,clear_majority
520203,60012011,20,20,20,0,1.0,Closed,clear_majority
520559,60011869,20,20,20,0,1.0,Closed,clear_majority
520732,60011954,20,20,20,0,1.0,Closed,clear_majority
520780,60011984,20,20,20,0,1.0,Closed,clear_majority
520951,60011870,20,20,20,0,1.0,Closed,clear_majority
520966,60011868,20,20,20,0,1.0,Closed,clear_majority
521030,60012328,19,19,13,6,0.684,Closed,mixed
521078,60012025,20,20,20,0,1.0,Closed,clear_majority
521144,60011940,20,20,20,0,1.0,Closed,clear_majority
521226,60110943,17,17,17,0,1.0,Closed,clear_majority
521385,60112068,17,17,17,0,1.0,Closed,clear_majority
521429,60011856,20,20,20,0,1.0,Closed,clear_majority
521509,60012002,20,20,20,0,1.0,Closed,clear_majority
521610,60012000,20,20,20,0,1.0,Closed,clear_majority
521823,60112449,17,17,17,0,1.0,Closed,clear_majority
521824,60112448,17,17,17,0,1.0,Closed,clear_majority
521825,60112450,17,17,17,0,1.0,Closed,clear_majority
521845,60011925,20,20,20,0,1.0,Closed,clear_majority
521989,60012329,20,20,18,2,0.9,Closed,clear_majority
522039,60011853,20,20,20,0,1.0,Closed,clear_majority
522217,60112066,17,17,17,0,1.0,Closed,clear_majority
522218,60112067,17,17,17,0,1.0,Closed,clear_majority
522244,60012325,20,20,20,0,1.0,Closed,clear_majority
522548,60112344,17,17,17,0,1.0,Closed,clear_majority
522549,60112343,17,17,17,0,1.0,Closed,clear_majority
522629,60011934,20,20,20,0,1.0,Closed,clear_majority
524005,60011932,20,20,20,0,1.0,Closed,clear_majority
524048,60012349,20,20,20,0,1.0,Closed,clear_majority
524135,60012012,20,20,20,0,1.0,Closed,clear_majority
524156,60012020,20,20,20,0,1.0,Closed,clear_majority
524313,60011970,20,20,20,0,1.0,Closed,clear_majority
524314,60011967,20,20,20,0,1.0,Closed,clear_majority
524366,60011969,20,20,20,0,1.0,Closed,clear_majority
524384,60011930,20,20,18,2,0.9,Closed,clear_majority
524430,60011902,20,20,16,4,0.8,Closed,mixed
524482,60012001,20,20,20,0,1.0,Closed,clear_majority
524548,60012113,20,20,20,0,1.0,Closed,clear_majority
524745,60013005,0,0,0,0,,,no_pto_data
524965,60012005,20,20,20,0,1.0,Closed,clear_majority
524979,60012004,20,20,20,0,1.0,Closed,clear_majority
527244,60011986,20,20,20,0,1.0,Closed,clear_majority
527471,60112356,17,17,17,0,1.0,Closed,clear_majority
527472,60112355,17,17,17,0,1.0,Closed,clear_majority
528403,60011961,20,20,20,0,1.0,Closed,clear_majority
528404,60011960,20,20,20,0,1.0,Closed,clear_majority
529227,60112440,17,17,16,1,0.941,Closed,clear_majority
529228,60112441,17,17,16,1,0.941,Closed,clear_majority
529492,60011985,20,20,19,1,0.95,Closed,clear_majority
529931,60112446,17,17,16,1,0.941,Closed,clear_majority
529932,60112447,17,17,16,1,0.941,Closed,clear_majority
529933,60112445,17,17,16,1,0.941,Closed,clear_majority
530284,60012343,20,20,20,0,1.0,Closed,clear_majority
530457,60112632,17,17,17,0,1.0,Closed,clear_majority
530745,60011861,12,12,12,0,1.0,Closed,clear_majority
530811,60011983,20,20,20,0,1.0,Closed,clear_majority
530986,60011865,20,20,20,0,1.0,Closed,clear_majority
531172,60011987,20,20,20,0,1.0,Closed,clear_majority
531173,60011903,20,20,19,1,0.95,Closed,clear_majority
531174,60011899,0,0,0,0,,,no_pto_data
531175,60011901,20,20,20,0,1.0,Closed,clear_majority
531232,60011971,20,20,20,0,1.0,Closed,clear_majority
531493,60011978,3,3,3,0,1.0,Closed,clear_majority
531689,60012119,20,20,20,0,1.0,Closed,clear_majority
531690,60011857,20,20,20,0,1.0,Closed,clear_majority
531711,60012330,20,20,19,1,0.95,Closed,clear_majority
531749,60104543,6,6,6,0,1.0,Closed,clear_majority
531768,60012027,20,20,20,0,1.0,Closed,clear_majority
531829,60111122,17,17,17,0,1.0,Closed,clear_majority
532020,60011876,20,20,18,2,0.9,Closed,clear_majority
532050,60002003,20,20,20,0,1.0,Closed,clear_majority
532118,60011994,20,20,20,0,1.0,Closed,clear_majority
532119,60011993,20,20,20,0,1.0,Closed,clear_majority
532155,60011979,20,20,20,0,1.0,Closed,clear_majority
532156,60011980,20,20,20,0,1.0,Closed,clear_majority
532249,60011909,20,20,20,0,1.0,Closed,clear_majority
532316,60011874,20,20,20,0,1.0,Closed,clear_majority
532317,60011875,20,20,20,0,1.0,Closed,clear_majority
532721,60112634,17,17,17,0,1.0,Closed,clear_majority
533031,60111938,17,17,16,1,0.941,Closed,clear_majority
533032,60111939,17,17,16,1,0.941,Closed,clear_majority
533372,60110661,17,17,17,0,1.0,Closed,clear_majority
533373,60110630,17,17,17,0,1.0,Closed,clear_majority
533429,60011956,20,20,20,0,1.0,Closed,clear_majority
533430,60000497,20,20,20,0,1.0,Closed,clear_majority
534352,60111979,17,17,17,0,1.0,Closed,clear_majority
534355,60111978,17,17,17,0,1.0,Closed,clear_majority
534358,60111980,17,17,17,0,1.0,Closed,clear_majority
534361,60111981,17,17,17,0,1.0,Closed,clear_majority
534535,60011939,20,20,20,0,1.0,Closed,clear_majority
534536,60011937,20,20,20,0,1.0,Closed,clear_majority
534833,60012021,16,16,16,0,1.0,Closed,clear_majority
535071,60012022,20,20,20,0,1.0,Closed,clear_majority
535222,60012205,20,20,20,0,1.0,Closed,clear_majority
535246,60012098,20,20,20,0,1.0,Closed,clear_majority
535594,60011892,20,20,20,0,1.0,Closed,clear_majority
535595,60011895,20,20,20,0,1.0,Closed,clear_majority
535621,60011976,20,20,18,2,0.9,Closed,clear_majority
535622,60003862,20,20,18,2,0.9,Closed,clear_majority
535929,60011929,20,20,20,0,1.0,Closed,clear_majority
536115,60012161,20,20,20,0,1.0,Closed,clear_majority
536930,60012159,20,20,20,0,1.0,Closed,clear_majority
536942,60012158,20,20,20,0,1.0,Closed,clear_majority
536975,60012160,20,20,20,0,1.0,Closed,clear_majority
537362,60112452,17,17,17,0,1.0,Closed,clear_majority
537561,60112217,7,7,7,0,1.0,Closed,clear_majority
539263,60112455,17,17,17,0,1.0,Closed,clear_majority
539264,60112454,17,17,17,0,1.0,Closed,clear_majority
539492,60112810,17,17,17,0,1.0,Closed,clear_majority
545879,60011894,5,5,3,2,0.6,Closed,mixed
545880,60011900,0,0,0,0,,,no_pto_data
546170,60013017,0,0,0,0,,,no_pto_data
546171,60013026,0,0,0,0,,,no_pto_data
546230,60011867,20,20,20,0,1.0,Closed,clear_majority
546471,60012337,20,20,20,0,1.0,Closed,clear_majority
546539,60011883,19,19,19,0,1.0,Closed,clear_majority
546678,60012036,20,20,17,3,0.85,Closed,clear_majority
546679,60008814,20,20,17,3,0.85,Closed,clear_majority
546781,60012029,20,20,20,0,1.0,Closed,clear_majority
546791,60011973,20,20,20,0,1.0,Closed,clear_majority
546966,60011871,3,3,3,0,1.0,Closed,clear_majority
546975,60011872,20,20,20,0,1.0,Closed,clear_majority
546994,60012209,20,20,20,0,1.0,Closed,clear_majority
546995,60012195,20,20,20,0,1.0,Closed,clear_majority
547736,60112709,17,17,17,0,1.0,Closed,clear_majority
547737,60112710,17,17,17,0,1.0,Closed,clear_majority
547757,60012326,20,20,20,0,1.0,Closed,clear_majority
548382,60112334,17,17,17,0,1.0,Closed,clear_majority
548383,60112337,17,17,17,0,1.0,Closed,clear_majority
548384,60112335,17,17,17,0,1.0,Closed,clear_majority
548385,60112336,17,17,17,0,1.0,Closed,clear_majority
548624,60111984,17,17,17,0,1.0,Closed,clear_majority
548625,60111985,17,17,17,0,1.0,Closed,clear_majority
549276,60000508,20,20,20,0,1.0,Closed,clear_majority
549757,60012345,20,20,20,0,1.0,Closed,clear_majority
549885,60112633,17,17,17,0,1.0,Closed,clear_majority
550681,60012141,0,0,0,0,,,no_pto_data
550699,60012140,20,20,20,0,1.0,Closed,clear_majority
550713,60012344,20,20,20,0,1.0,Closed,clear_majority
550841,60112631,17,17,17,0,1.0,Closed,clear_majority
551378,60111936,17,17,17,0,1.0,Closed,clear_majority
551379,60111930,17,17,17,0,1.0,Closed,clear_majority
551380,60111935,17,17,17,0,1.0,Closed,clear_majority
551381,60111931,17,17,17,0,1.0,Closed,clear_majority
551382,60111937,17,17,17,0,1.0,Closed,clear_majority
551383,60111934,17,17,17,0,1.0,Closed,clear_majority
551384,60111932,17,17,17,0,1.0,Closed,clear_majority
551385,60111933,17,17,17,0,1.0,Closed,clear_majority
551569,60012269,20,20,19,1,0.95,Closed,clear_majority
551618,60012266,20,20,20,0,1.0,Closed,clear_majority
551642,60012267,20,20,20,0,1.0,Closed,clear_majority
551725,60012262,20,20,20,0,1.0,Closed,clear_majority
551739,60012118,20,20,20,0,1.0,Closed,clear_majority
551740,60001793,20,20,20,0,1.0,Closed,clear_majority
552333,60012493,20,20,20,0,1.0,Closed,clear_majority
552447,60012167,20,20,0,20,0.0,Open,clear_majority
552448,60012166,20,20,3,17,0.15,Open,clear_majority
552502,60111189,17,17,17,0,1.0,Closed,clear_majority
552512,60012270,20,20,20,0,1.0,Closed,clear_majority
552519,60003434,20,20,20,0,1.0,Closed,clear_majority
552868,60000671,20,20,20,0,1.0,Closed,clear_majority
553202,60111942,17,17,17,0,1.0,Closed,clear_majority
553203,60111943,17,17,17,0,1.0,Closed,clear_majority
553239,60012023,20,20,0,20,0.0,Open,clear_majority
553334,60012117,20,20,20,0,1.0,Closed,clear_majority
553372,60012347,20,20,20,0,1.0,Closed,clear_majority
553639,60112643,17,17,17,0,1.0,Closed,clear_majority
553640,60112644,17,17,17,0,1.0,Closed,clear_majority
553681,60012008,20,20,20,0,1.0,Closed,clear_majority
554459,60012249,20,20,20,0,1.0,Closed,clear_majority
554603,60012254,20,20,20,0,1.0,Closed,clear_majority
554830,60012208,20,20,20,0,1.0,Closed,clear_majority
555002,60112640,17,17,17,0,1.0,Closed,clear_majority
555003,60112639,17,17,17,0,1.0,Closed,clear_majority
555042,60012988,1,1,1,0,1.0,Closed,clear_majority
555097,60012335,20,20,20,0,1.0,Closed,clear_majority
555249,60112216,7,7,7,0,1.0,Closed,clear_majority
555294,60012134,20,20,20,0,1.0,Closed,clear_majority
555531,60012348,20,20,20,0,1.0,Closed,clear_majority
555585,60012240,20,20,20,0,1.0,Closed,clear_majority
555586,60012239,20,20,20,0,1.0,Closed,clear_majority
555613,60012120,20,20,20,0,1.0,Closed,clear_majority
555614,60000695,20,20,20,0,1.0,Closed,clear_majority
555928,60012212,20,20,20,0,1.0,Closed,clear_majority
555986,60012123,20,20,20,0,1.0,Closed,clear_majority
556820,60000676,20,20,20,0,1.0,Closed,clear_majority
556821,60012132,20,20,20,0,1.0,Closed,clear_majority
556822,60012133,20,20,20,0,1.0,Closed,clear_majority
558863,60012246,20,20,20,0,1.0,Closed,clear_majority
558864,60012247,20,20,20,0,1.0,Closed,clear_majority
559818,60012102,20,20,20,0,1.0,Closed,clear_majority
559830,60012103,20,20,20,0,1.0,Closed,clear_majority
559850,60012145,20,20,20,0,1.0,Closed,clear_majority
560105,60012147,20,20,20,0,1.0,Closed,clear_majority
560278,60012148,7,7,3,4,0.429,Open,mixed
560310,60012321,20,20,20,0,1.0,Closed,clear_majority
560337,60012268,20,20,20,0,1.0,Closed,clear_majority
560487,60012210,20,20,20,0,1.0,Closed,clear_majority
560488,60003944,20,20,20,0,1.0,Closed,clear_majority
560505,60012695,20,20,20,0,1.0,Closed,clear_majority
560524,60012696,20,20,20,0,1.0,Closed,clear_majority
560549,60012214,20,20,20,0,1.0,Closed,clear_majority
560573,60012250,20,20,20,0,1.0,Closed,clear_majority
560581,60012251,20,20,20,0,1.0,Closed,clear_majority
560582,60012520,20,20,20,0,1.0,Closed,clear_majority
560618,60012519,20,20,20,0,1.0,Closed,clear_majority
561049,60112458,17,17,16,1,0.941,Closed,clear_majority
561050,60112456,17,17,16,1,0.941,Closed,clear_majority
561051,60112457,17,17,16,1,0.941,Closed,clear_majority
561194,60012264,20,20,20,0,1.0,Closed,clear_majority
561195,60012263,20,20,20,0,1.0,Closed,clear_majority
561247,60012136,20,20,20,0,1.0,Closed,clear_majority
561296,60012186,20,20,20,0,1.0,Closed,clear_majority
561314,60012198,20,20,20,0,1.0,Closed,clear_majority
561315,60012201,20,20,20,0,1.0,Closed,clear_majority
561316,60012197,20,20,20,0,1.0,Closed,clear_majority
561527,60012228,20,20,20,0,1.0,Closed,clear_majority
561989,60012227,20,20,20,0,1.0,Closed,clear_majority
562654,60111983,17,17,17,0,1.0,Closed,clear_majority
562655,60111982,17,17,17,0,1.0,Closed,clear_majority
564157,60111998,17,17,17,0,1.0,Closed,clear_majority
565624,60111993,17,17,17,0,1.0,Closed,clear_majority
565625,60111991,17,17,17,0,1.0,Closed,clear_majority
565626,60111988,17,17,17,0,1.0,Closed,clear_majority
565627,60111987,17,17,17,0,1.0,Closed,clear_majority
565628,60111994,17,17,17,0,1.0,Closed,clear_majority
565629,60111992,17,17,17,0,1.0,Closed,clear_majority
565761,60012229,20,20,20,0,1.0,Closed,clear_majority
565986,60012181,20,20,19,1,0.95,Closed,clear_majority
565987,60012182,20,20,19,1,0.95,Closed,clear_majority
566238,60012252,20,20,20,0,1.0,Closed,clear_majority
566250,60012244,20,20,20,0,1.0,Closed,clear_majority
566537,60012129,20,20,20,0,1.0,Closed,clear_majority
566551,60012126,2,2,2,0,1.0,Closed,clear_majority
566639,60012245,20,20,20,0,1.0,Closed,clear_majority
567019,60112443,17,17,17,0,1.0,Closed,clear_majority
567020,60112444,17,17,17,0,1.0,Closed,clear_majority
567139,60012230,20,20,19,1,0.95,Closed,clear_majority
567213,60012110,20,20,20,0,1.0,Closed,clear_majority
567214,60012111,19,19,14,5,0.737,Closed,mixed
567297,60012248,20,20,20,0,1.0,Closed,clear_majority
567562,60012116,20,20,20,0,1.0,Closed,clear_majority
567595,60012234,20,20,20,0,1.0,Closed,clear_majority
567597,60012233,20,20,20,0,1.0,Closed,clear_majority
567638,60012156,20,20,20,0,1.0,Closed,clear_majority
567639,60012157,20,20,20,0,1.0,Closed,clear_majority
567640,60012319,20,20,20,0,1.0,Closed,clear_majority
567763,60112462,17,17,17,0,1.0,Closed,clear_majority
567871,60012226,20,20,20,0,1.0,Closed,clear_majority
568186,60012115,20,20,20,0,1.0,Closed,clear_majority
568343,60012235,20,20,20,0,1.0,Closed,clear_majority
568355,60012121,20,20,20,0,1.0,Closed,clear_majority
568409,60103498,8,8,8,0,1.0,Closed,clear_majority
568410,60012199,20,20,20,0,1.0,Closed,clear_majority
568411,60012200,20,20,20,0,1.0,Closed,clear_majority
568412,60012193,20,20,20,0,1.0,Closed,clear_majority
569498,60012137,20,20,20,0,1.0,Closed,clear_majority
569499,60012138,20,20,20,0,1.0,Closed,clear_majority
569976,60012241,20,20,20,0,1.0,Closed,clear_majority
570132,60111968,17,17,17,0,1.0,Closed,clear_majority
570133,60111967,17,17,17,0,1.0,Closed,clear_majority
570151,60012127,20,20,20,0,1.0,Closed,clear_majority
570152,60012128,20,20,20,0,1.0,Closed,clear_majority
570163,60012317,3,3,3,0,1.0,Closed,clear_majority
570298,60012222,20,20,20,0,1.0,Closed,clear_majority
570299,60012221,20,20,20,0,1.0,Closed,clear_majority
570372,60012273,20,20,20,0,1.0,Closed,clear_majority
570393,60092466,0,0,0,0,,,no_pto_data
570510,60012107,20,20,20,0,1.0,Closed,clear_majority
570611,60012106,20,20,20,0,1.0,Closed,clear_majority
570780,60012350,20,20,20,0,1.0,Closed,clear_majority
570840,60112220,17,17,17,0,1.0,Closed,clear_majority
570988,60012351,20,20,20,0,1.0,Closed,clear_majority
571030,60112221,17,17,17,0,1.0,Closed,clear_majority
571436,60012216,20,20,20,0,1.0,Closed,clear_majority
571535,60112845,17,17,17,0,1.0,Closed,clear_majority
571544,60114815,0,0,0,0,,,no_pto_data
571545,60114814,0,0,0,0,,,no_pto_data
571593,60012323,20,20,20,0,1.0,Closed,clear_majority
572092,60012100,20,20,20,0,1.0,Closed,clear_majority
572093,60012099,20,20,20,0,1.0,Closed,clear_majority
572463,60111996,17,17,17,0,1.0,Closed,clear_majority
572656,60012152,20,20,20,0,1.0,Closed,clear_majority
572675,60012143,19,19,19,0,1.0,Closed,clear_majority
573046,60012173,20,20,20,0,1.0,Closed,clear_majority
573487,60012187,20,20,20,0,1.0,Closed,clear_majority
573608,60112619,17,17,17,0,1.0,Closed,clear_majority
574184,60012253,20,20,20,0,1.0,Closed,clear_majority
574196,60012324,20,20,20,0,1.0,Closed,clear_majority
574197,60012170,20,20,20,0,1.0,Closed,clear_majority
574377,60012165,11,11,3,8,0.273,Open,mixed
574378,60012163,20,20,12,8,0.6,Closed,mixed
574379,60012164,20,20,12,8,0.6,Closed,mixed
574555,60012211,20,20,20,0,1.0,Closed,clear_majority
574564,60012265,20,20,20,0,1.0,Closed,clear_majority
575144,60111960,17,17,17,0,1.0,Closed,clear_majority
575204,60000312,20,20,20,0,1.0,Closed,clear_majority
575205,60012177,20,20,20,0,1.0,Closed,clear_majority
575229,60012180,20,20,20,0,1.0,Closed,clear_majority
575556,60012353,20,20,20,0,1.0,Closed,clear_majority
575771,60012340,20,20,20,0,1.0,Closed,clear_majority
576039,60112451,17,17,17,0,1.0,Closed,clear_majority
576274,60112711,17,17,17,0,1.0,Closed,clear_majority
576275,60112712,17,17,17,0,1.0,Closed,clear_majority
576291,60012356,20,20,20,0,1.0,Closed,clear_majority
576294,60012357,20,20,20,0,1.0,Closed,clear_majority
576642,60112465,17,17,17,0,1.0,Closed,clear_majority
576643,60112464,17,17,17,0,1.0,Closed,clear_majority
576757,60012105,20,20,20,0,1.0,Closed,clear_majority
576966,60111963,17,17,17,0,1.0,Closed,clear_majority
576967,60111964,17,17,17,0,1.0,Closed,clear_majority
577862,60111105,17,17,17,0,1.0,Closed,clear_majority
578169,60111969,17,17,17,0,1.0,Closed,clear_majority
578323,60012318,20,20,20,0,1.0,Closed,clear_majority
578324,60012101,20,20,20,0,1.0,Closed,clear_majority
578409,60011502,0,0,0,0,,,no_pto_data
578520,60012139,20,20,20,0,1.0,Closed,clear_majority
578623,60012565,20,20,20,0,1.0,Closed,clear_majority
578632,60012256,20,20,20,0,1.0,Closed,clear_majority
578692,60012489,20,20,20,0,1.0,Closed,clear_majority
578693,60012491,20,20,20,0,1.0,Closed,clear_majority
578694,60012490,20,20,20,0,1.0,Closed,clear_majority
578695,60012488,20,20,20,0,1.0,Closed,clear_majority
578697,60012183,20,20,20,0,1.0,Closed,clear_majority
578862,60012162,20,20,20,0,1.0,Closed,clear_majority
578972,60112842,17,17,17,0,1.0,Closed,clear_majority
579070,60012281,20,20,20,0,1.0,Closed,clear_majority
579071,60012282,20,20,20,0,1.0,Closed,clear_majority
579172,60012236,20,20,20,0,1.0,Closed,clear_majority
579211,60012237,20,20,20,0,1.0,Closed,clear_majority
579251,60111405,17,17,17,0,1.0,Closed,clear_majority
579485,60012203,20,20,20,0,1.0,Closed,clear_majority
579486,60012206,20,20,20,0,1.0,Closed,clear_majority
579668,60008936,0,0,0,0,,,no_pto_data
579679,60012109,20,20,20,0,1.0,Closed,clear_majority
579701,60012204,20,20,20,0,1.0,Closed,clear_majority
579737,60012190,20,20,20,0,1.0,Closed,clear_majority
579738,60012191,20,20,20,0,1.0,Closed,clear_majority
579739,60012341,20,20,15,5,0.75,Closed,mixed
579740,60012342,20,20,15,5,0.75,Closed,mixed
580289,60012646,20,20,20,0,1.0,Closed,clear_majority
580444,60012153,20,20,20,0,1.0,Closed,clear_majority
580445,60012154,20,20,20,0,1.0,Closed,clear_majority
580824,60012238,20,20,20,0,1.0,Closed,clear_majority
581725,60012598,20,20,20,0,1.0,Closed,clear_majority
581726,60012608,20,20,20,0,1.0,Closed,clear_majority
581782,60012355,20,20,20,0,1.0,Closed,clear_majority
581822,60012531,20,20,20,0,1.0,Closed,clear_majority
582373,60110676,17,17,17,0,1.0,Closed,clear_majority
582374,60110677,17,17,17,0,1.0,Closed,clear_majority
582549,60012459,20,20,20,0,1.0,Closed,clear_majority
582711,60012224,20,20,20,0,1.0,Closed,clear_majority
582712,60012223,20,20,20,0,1.0,Closed,clear_majority
582740,60012472,20,20,20,0,1.0,Closed,clear_majority
582749,60012529,20,20,20,0,1.0,Closed,clear_majority
582767,60012473,20,20,20,0,1.0,Closed,clear_majority
582807,60012523,20,20,20,0,1.0,Closed,clear_majority
582808,60012524,20,20,20,0,1.0,Closed,clear_majority
582861,60012492,20,20,20,0,1.0,Closed,clear_majority
583209,60012538,20,20,15,5,0.75,Closed,mixed
583210,60012539,14,14,9,5,0.643,Closed,mixed
583620,60112642,17,17,17,0,1.0,Closed,clear_majority
583621,60112641,17,17,17,0,1.0,Closed,clear_majority
583922,60111925,17,17,17,0,1.0,Closed,clear_majority
583923,60111926,17,17,17,0,1.0,Closed,clear_majority
584008,60012589,20,20,19,1,0.95,Closed,clear_majority
584086,60012207,20,20,20,0,1.0,Closed,clear_majority
584226,60012600,20,20,20,0,1.0,Closed,clear_majority
584271,60012697,20,20,20,0,1.0,Closed,clear_majority
584894,60012521,20,20,20,0,1.0,Closed,clear_majority
584978,60012526,20,20,19,1,0.95,Closed,clear_majority
584979,60012525,20,20,20,0,1.0,Closed,clear_majority
585029,60012482,3,3,3,0,1.0,Closed,clear_majority
585317,60012498,20,20,16,4,0.8,Closed,mixed
585347,60012603,12,12,3,9,0.25,Open,mixed
585917,60012464,0,0,0,0,,,no_pto_data
585939,60012463,20,20,20,0,1.0,Closed,clear_majority
585960,60012461,20,20,20,0,1.0,Closed,clear_majority
586163,60012155,20,20,20,0,1.0,Closed,clear_majority
586256,60012518,20,20,20,0,1.0,Closed,clear_majority
586269,60012517,20,20,20,0,1.0,Closed,clear_majority
586270,60012753,20,20,20,0,1.0,Closed,clear_majority
586289,60012477,20,20,12,8,0.6,Closed,mixed
586290,60012476,20,20,12,8,0.6,Closed,mixed
586291,60012475,20,20,12,8,0.6,Closed,mixed
586383,60012515,20,20,20,0,1.0,Closed,clear_majority
586385,60012516,20,20,20,0,1.0,Closed,clear_majority
586530,60012558,20,20,20,0,1.0,Closed,clear_majority
586561,60012460,20,20,20,0,1.0,Closed,clear_majority
586575,60001609,17,17,17,0,1.0,Closed,clear_majority
586576,60000744,20,20,20,0,1.0,Closed,clear_majority
586577,60012713,18,18,18,0,1.0,Closed,clear_majority
586578,60001610,17,17,17,0,1.0,Closed,clear_majority
586712,60110841,17,17,17,0,1.0,Closed,clear_majority
586727,60110837,17,17,17,0,1.0,Closed,clear_majority
586751,60012562,20,20,20,0,1.0,Closed,clear_majority
586752,60012637,20,20,20,0,1.0,Closed,clear_majority
587146,60012559,20,20,20,0,1.0,Closed,clear_majority
587147,60012560,20,20,20,0,1.0,Closed,clear_majority
587148,60012512,20,20,20,0,1.0,Closed,clear_majority
587149,60012513,20,20,20,0,1.0,Closed,clear_majority
587394,60012635,20,20,20,0,1.0,Closed,clear_majority
587395,60012561,20,20,20,0,1.0,Closed,clear_majority
587396,60012506,20,20,19,1,0.95,Closed,clear_majority
587665,60012479,20,20,20,0,1.0,Closed,clear_majority
587666,60012481,20,20,20,0,1.0,Closed,clear_majority
588008,60112473,17,17,17,0,1.0,Closed,clear_majority
588611,60112073,17,17,17,0,1.0,Closed,clear_majority
588612,60112074,17,17,17,0,1.0,Closed,clear_majority
588613,60112075,17,17,17,0,1.0,Closed,clear_majority
588681,60112222,17,17,17,0,1.0,Closed,clear_majority
589257,60012791,20,20,20,0,1.0,Closed,clear_majority
589258,60012789,20,20,20,0,1.0,Closed,clear_majority
589506,60012500,20,20,20,0,1.0,Closed,clear_majority
589507,60108972,6,6,6,0,1.0,Closed,clear_majority
589508,60012504,20,20,20,0,1.0,Closed,clear_majority
589509,60012960,0,0,0,0,,,no_pto_data
589510,60012503,20,20,20,0,1.0,Closed,clear_majority
589666,60012457,0,0,0,0,,,no_pto_data
589971,60012451,20,20,20,0,1.0,Closed,clear_majority
591883,60012567,20,20,20,0,1.0,Closed,clear_majority
591884,60012568,20,20,20,0,1.0,Closed,clear_majority
592144,60012466,20,20,20,0,1.0,Closed,clear_majority
592176,60012486,20,20,20,0,1.0,Closed,clear_majority
592205,60012487,20,20,20,0,1.0,Closed,clear_majority
592223,60012485,20,20,17,3,0.85,Closed,clear_majority
592455,60002155,20,20,20,0,1.0,Closed,clear_majority
592474,60002157,0,0,0,0,,,no_pto_data
592483,60002167,20,20,20,0,1.0,Closed,clear_majority
592493,60012444,20,20,20,0,1.0,Closed,clear_majority
592502,60012445,20,20,20,0,1.0,Closed,clear_majority
592554,60012454,18,18,15,3,0.833,Closed,clear_majority
592555,60012478,18,18,16,2,0.889,Closed,clear_majority
592648,60012447,20,20,20,0,1.0,Closed,clear_majority
592737,60012497,0,0,0,0,,,no_pto_data
593055,60012595,20,20,20,0,1.0,Closed,clear_majority
593151,60012615,19,19,19,0,1.0,Closed,clear_majority
593152,60012616,19,19,19,0,1.0,Closed,clear_majority
593265,60011501,0,0,0,0,,,no_pto_data
593274,60012601,20,20,20,0,1.0,Closed,clear_majority
593284,60012645,20,20,20,0,1.0,Closed,clear_majority
593599,60112649,17,17,17,0,1.0,Closed,clear_majority
594336,60008925,20,20,20,0,1.0,Closed,clear_majority
594413,60012578,20,20,20,0,1.0,Closed,clear_majority
594414,60002711,20,20,20,0,1.0,Closed,clear_majority
594601,60012733,20,20,20,0,1.0,Closed,clear_majority
594635,60012660,20,20,20,0,1.0,Closed,clear_majority
594636,60012659,20,20,20,0,1.0,Closed,clear_majority
594870,60012586,19,19,19,0,1.0,Closed,clear_majority
594877,60012956,20,20,20,0,1.0,Closed,clear_majority
594988,60012587,20,20,20,0,1.0,Closed,clear_majority
594989,60012583,20,20,20,0,1.0,Closed,clear_majority
595242,60012596,20,20,20,0,1.0,Closed,clear_majority
595281,60012968,20,20,20,0,1.0,Closed,clear_majority
595291,60012734,20,20,20,0,1.0,Closed,clear_majority
595305,60002224,20,20,20,0,1.0,Closed,clear_majority
595306,60008621,20,20,20,0,1.0,Closed,clear_majority
595390,60012564,20,20,20,0,1.0,Closed,clear_majority
595391,60012577,20,20,20,0,1.0,Closed,clear_majority
596265,60001924,20,20,20,0,1.0,Closed,clear_majority
596296,60012730,20,20,20,0,1.0,Closed,clear_majority
596675,60012765,20,20,20,0,1.0,Closed,clear_majority
596919,60012764,20,20,20,0,1.0,Closed,clear_majority
596978,60012606,20,20,20,0,1.0,Closed,clear_majority
597080,60111047,16,16,16,0,1.0,Closed,clear_majority
597439,60111858,17,17,17,0,1.0,Closed,clear_majority
597440,60111856,17,17,17,0,1.0,Closed,clear_majority
597464,60089237,20,20,20,0,1.0,Closed,clear_majority
597632,60110883,17,17,17,0,1.0,Closed,clear_majority
597655,60012528,20,20,20,0,1.0,Closed,clear_majority
597964,60112161,17,17,17,0,1.0,Closed,clear_majority
597965,60112162,17,17,17,0,1.0,Closed,clear_majority
598028,60012605,20,20,20,0,1.0,Closed,clear_majority
598029,60012748,20,20,20,0,1.0,Closed,clear_majority
598030,60012604,20,20,20,0,1.0,Closed,clear_majority
598031,60012747,20,20,20,0,1.0,Closed,clear_majority
598032,60012594,20,20,20,0,1.0,Closed,clear_majority
598551,60012569,20,20,20,0,1.0,Closed,clear_majority
598590,60094239,20,20,19,1,0.95,Closed,clear_majority
598591,60094238,20,20,19,1,0.95,Closed,clear_majority
598612,60078136,20,20,20,0,1.0,Closed,clear_majority
598613,60013003,0,0,0,0,,,no_pto_data
598699,60012718,20,20,20,0,1.0,Closed,clear_majority
598700,60012719,20,20,20,0,1.0,Closed,clear_majority
598967,60012533,20,20,20,0,1.0,Closed,clear_majority
598980,60012590,20,20,20,0,1.0,Closed,clear_majority
599040,60012579,20,20,20,0,1.0,Closed,clear_majority
599215,60012655,20,20,18,2,0.9,Closed,clear_majority
599224,60012662,20,20,18,2,0.9,Closed,clear_majority
599300,60012723,20,20,20,0,1.0,Closed,clear_majority
599304,60012725,20,20,20,0,1.0,Closed,clear_majority
599372,60012724,20,20,20,0,1.0,Closed,clear_majority
599380,60093142,20,20,20,0,1.0,Closed,clear_majority
599381,60012593,20,20,20,0,1.0,Closed,clear_majority
599775,60012465,20,20,20,0,1.0,Closed,clear_majority
599776,60012530,20,20,20,0,1.0,Closed,clear_majority
600024,60012484,20,20,20,0,1.0,Closed,clear_majority
600087,60012707,20,20,20,0,1.0,Closed,clear_majority
600096,60002065,20,20,20,0,1.0,Closed,clear_majority
600097,60002064,20,20,20,0,1.0,Closed,clear_majority
601405,60112467,17,17,17,0,1.0,Closed,clear_majority
601406,60112466,17,17,17,0,1.0,Closed,clear_majority
601680,60112469,17,17,17,0,1.0,Closed,clear_majority
601681,60112470,17,17,17,0,1.0,Closed,clear_majority
601682,60112468,17,17,17,0,1.0,Closed,clear_majority
601938,60111923,17,17,17,0,1.0,Closed,clear_majority
601939,60111924,17,17,17,0,1.0,Closed,clear_majority
602124,60012610,20,20,20,0,1.0,Closed,clear_majority
602511,60012917,20,20,20,0,1.0,Closed,clear_majority
602512,60012918,0,0,0,0,,,no_pto_data
602570,60112368,17,17,17,0,1.0,Closed,clear_majority
602571,60112367,17,17,17,0,1.0,Closed,clear_majority
602572,60112369,17,17,17,0,1.0,Closed,clear_majority
602615,60012901,20,20,20,0,1.0,Closed,clear_majority
602833,60012644,20,20,20,0,1.0,Closed,clear_majority
602845,60012643,20,20,20,0,1.0,Closed,clear_majority
603029,60112477,17,17,17,0,1.0,Closed,clear_majority
603092,60111196,17,17,17,0,1.0,Closed,clear_majority
603093,60111197,17,17,17,0,1.0,Closed,clear_majority
603130,60012803,20,20,20,0,1.0,Closed,clear_majority
603131,60012804,20,20,20,0,1.0,Closed,clear_majority
603387,60112463,17,17,17,0,1.0,Closed,clear_majority
603399,60092035,0,0,0,0,,,no_pto_data
603719,60092515,0,0,0,0,,,no_pto_data
604347,60112475,17,17,17,0,1.0,Closed,clear_majority
604348,60112474,17,17,17,0,1.0,Closed,clear_majority
604368,60012930,20,20,20,0,1.0,Closed,clear_majority
604369,60012446,20,20,20,0,1.0,Closed,clear_majority
604502,60096980,9,9,0,9,0.0,Open,clear_majority
604612,60098213,14,14,4,10,0.286,Open,mixed
604613,60012910,0,0,0,0,,,no_pto_data
604943,60012534,20,20,20,0,1.0,Closed,clear_majority
605078,60094878,17,17,17,0,1.0,Closed,clear_majority
605101,60012779,20,20,20,0,1.0,Closed,clear_majority
605102,60012780,20,20,20,0,1.0,Closed,clear_majority
605393,60012588,20,20,20,0,1.0,Closed,clear_majority
605559,60012582,20,20,17,3,0.85,Closed,clear_majority
605568,60012992,15,15,15,0,1.0,Closed,clear_majority
605620,60012904,20,20,20,0,1.0,Closed,clear_majority
605621,60001059,20,20,20,0,1.0,Closed,clear_majority
605648,60012715,20,20,20,0,1.0,Closed,clear_majority
605663,60043657,5,5,5,0,1.0,Closed,clear_majority
605669,60012647,18,18,18,0,1.0,Closed,clear_majority
605675,60012679,20,20,20,0,1.0,Closed,clear_majority
605754,60012652,20,20,20,0,1.0,Closed,clear_majority
605899,60012607,20,20,20,0,1.0,Closed,clear_majority
605922,60012584,20,20,20,0,1.0,Closed,clear_majority
605944,60012786,18,18,12,6,0.667,Closed,mixed
606304,60112077,17,17,17,0,1.0,Closed,clear_majority
606305,60112076,17,17,17,0,1.0,Closed,clear_majority
606358,60012602,20,20,20,0,1.0,Closed,clear_majority
606621,60112071,17,17,17,0,1.0,Closed,clear_majority
606622,60112072,17,17,17,0,1.0,Closed,clear_majority
606653,60012891,20,20,20,0,1.0,Closed,clear_majority
606658,60012698,20,20,12,8,0.6,Closed,mixed
607273,60112471,17,17,17,0,1.0,Closed,clear_majority
607274,60112472,17,17,17,0,1.0,Closed,clear_majority
607503,60112843,17,17,17,0,1.0,Closed,clear_majority
607504,60112844,17,17,17,0,1.0,Closed,clear_majority
608249,60111645,17,17,17,0,1.0,Closed,clear_majority
608268,60012777,20,20,20,0,1.0,Closed,clear_majority
608269,60012778,20,20,19,1,0.95,Closed,clear_majority
608551,60111776,17,17,17,0,1.0,Closed,clear_majority
608745,60012494,20,20,20,0,1.0,Closed,clear_majority
609266,60012781,20,20,20,0,1.0,Closed,clear_majority
609336,60110627,17,17,17,0,1.0,Closed,clear_majority
609360,60088894,20,20,20,0,1.0,Closed,clear_majority
609504,60012808,20,20,20,0,1.0,Closed,clear_majority
609505,60111412,17,17,17,0,1.0,Closed,clear_majority
609583,60012663,20,20,20,0,1.0,Closed,clear_majority
609728,60012675,20,20,20,0,1.0,Closed,clear_majority
609738,60000476,20,20,20,0,1.0,Closed,clear_majority
609750,60012670,20,20,20,0,1.0,Closed,clear_majority
609763,60012669,20,20,20,0,1.0,Closed,clear_majority
610169,60012740,20,20,20,0,1.0,Closed,clear_majority
610181,60012712,20,20,20,0,1.0,Closed,clear_majority
610182,60000429,20,20,17,3,0.85,Closed,clear_majority
610535,60092027,0,0,0,0,,,no_pto_data
610665,60112442,17,17,17,0,1.0,Closed,clear_majority
610686,60092487,0,0,0,0,,,no_pto_data
610817,60112453,17,17,17,0,1.0,Closed,clear_majority
610831,60012842,20,20,20,0,1.0,Closed,clear_majority
610832,60012841,20,20,20,0,1.0,Closed,clear_majority
610878,60011189,20,20,20,0,1.0,Closed,clear_majority
611302,60012792,20,20,20,0,1.0,Closed,clear_majority
611393,60012705,17,17,17,0,1.0,Closed,clear_majority
611439,60012852,20,20,14,6,0.7,Closed,mixed
611440,60012853,20,20,14,6,0.7,Closed,mixed
611441,60012851,20,20,14,6,0.7,Closed,mixed
611574,60012706,20,20,20,0,1.0,Closed,clear_majority
611598,60012766,20,20,20,0,1.0,Closed,clear_majority
611688,60012699,20,20,20,0,1.0,Closed,clear_majority
612016,60012784,20,20,20,0,1.0,Closed,clear_majority
612233,60112847,17,17,17,0,1.0,Closed,clear_majority
612234,60112846,17,17,17,0,1.0,Closed,clear_majority
613061,60012704,17,17,17,0,1.0,Closed,clear_majority
613318,60012721,20,20,20,0,1.0,Closed,clear_majority
613351,60012611,20,20,20,0,1.0,Closed,clear_majority
613439,60012612,20,20,20,0,1.0,Closed,clear_majority
613794,60000590,20,20,20,0,1.0,Closed,clear_majority
613812,60012873,20,20,20,0,1.0,Closed,clear_majority
613818,60012872,20,20,20,0,1.0,Closed,clear_majority
613832,60012761,20,20,20,0,1.0,Closed,clear_majority
613833,60012877,20,20,20,0,1.0,Closed,clear_majority
613834,60012874,20,20,20,0,1.0,Closed,clear_majority
613864,60094237,20,20,19,1,0.95,Closed,clear_majority
613912,60012760,20,20,20,0,1.0,Closed,clear_majority
614146,60012772,20,20,20,0,1.0,Closed,clear_majority
614183,60012743,20,20,20,0,1.0,Closed,clear_majority
614184,60012744,20,20,20,0,1.0,Closed,clear_majority
614323,60012795,20,20,20,0,1.0,Closed,clear_majority
614403,60012775,20,20,20,0,1.0,Closed,clear_majority
614410,60012773,20,20,20,0,1.0,Closed,clear_majority
614469,60012914,5,5,5,0,1.0,Closed,clear_majority
614470,60012913,20,20,20,0,1.0,Closed,clear_majority
614531,60111705,17,17,17,0,1.0,Closed,clear_majority
614532,60111113,17,17,17,0,1.0,Closed,clear_majority
614534,60111704,17,17,17,0,1.0,Closed,clear_majority
614535,60111117,17,17,17,0,1.0,Closed,clear_majority
614583,60013045,0,0,0,0,,,no_pto_data
614584,60096982,4,4,4,0,1.0,Closed,clear_majority
615156,60112223,17,17,17,0,1.0,Closed,clear_majority
615249,60112840,17,17,16,1,0.941,Closed,clear_majority
615265,60012702,20,20,20,0,1.0,Closed,clear_majority
616202,60012726,20,20,20,0,1.0,Closed,clear_majority
616203,60012727,20,20,20,0,1.0,Closed,clear_majority
616860,60112009,17,17,17,0,1.0,Closed,clear_majority
616861,60112011,17,17,17,0,1.0,Closed,clear_majority
616862,60112010,17,17,17,0,1.0,Closed,clear_majority
616863,60112012,17,17,17,0,1.0,Closed,clear_majority
616864,60112015,17,17,17,0,1.0,Closed,clear_majority
616865,60112014,17,17,17,0,1.0,Closed,clear_majority
616919,60012658,20,20,20,0,1.0,Closed,clear_majority
617021,60013028,20,20,20,0,1.0,Closed,clear_majority
617036,60012732,20,20,20,0,1.0,Closed,clear_majority
617229,60012665,20,20,20,0,1.0,Closed,clear_majority
617230,60012736,20,20,20,0,1.0,Closed,clear_majority
617546,60111929,17,17,17,0,1.0,Closed,clear_majority
617547,60111928,17,17,17,0,1.0,Closed,clear_majority
617548,60111927,17,17,17,0,1.0,Closed,clear_majority
617667,60000016,20,20,20,0,1.0,Closed,clear_majority
617668,60012684,20,20,20,0,1.0,Closed,clear_majority
618411,60012749,20,20,8,12,0.4,Open,mixed
618477,60012796,20,20,20,0,1.0,Closed,clear_majority
618559,60012783,20,20,20,0,1.0,Closed,clear_majority
618823,60012687,20,20,20,0,1.0,Closed,clear_majority
618824,60090494,20,20,20,0,1.0,Closed,clear_majority
618825,60012690,20,20,20,0,1.0,Closed,clear_majority
619204,60012754,20,20,20,0,1.0,Closed,clear_majority
619205,60012756,20,20,20,0,1.0,Closed,clear_majority
619206,60012755,20,20,20,0,1.0,Closed,clear_majority
619230,60012763,20,20,20,0,1.0,Closed,clear_majority
619463,60012667,20,20,20,0,1.0,Closed,clear_majority
619713,60012794,20,20,18,2,0.9,Closed,clear_majority
619714,60012793,20,20,19,1,0.95,Closed,clear_majority
619782,60012768,20,20,20,0,1.0,Closed,clear_majority
619783,60012762,17,17,17,0,1.0,Closed,clear_majority
619792,60012858,20,20,20,0,1.0,Closed,clear_majority
619802,60078151,20,20,20,0,1.0,Closed,clear_majority
620070,60012638,20,20,20,0,1.0,Closed,clear_majority
620071,60012639,20,20,13,7,0.65,Closed,mixed
620175,60089159,1,1,1,0,1.0,Closed,clear_majority
620176,60012922,20,20,20,0,1.0,Closed,clear_majority
620177,60012921,20,20,20,0,1.0,Closed,clear_majority
620205,60012694,20,20,20,0,1.0,Closed,clear_majority
620206,60012693,20,20,20,0,1.0,Closed,clear_majority
620281,60012685,20,20,20,0,1.0,Closed,clear_majority
620282,60012683,20,20,20,0,1.0,Closed,clear_majority
620383,60012751,18,18,18,0,1.0,Closed,clear_majority
620404,60012876,20,20,20,0,1.0,Closed,clear_majority
620412,60012875,20,20,20,0,1.0,Closed,clear_majority
620421,60012920,20,20,20,0,1.0,Closed,clear_majority
620466,60012919,20,20,20,0,1.0,Closed,clear_majority
620820,60012649,18,18,18,0,1.0,Closed,clear_majority
620821,60012731,19,19,19,0,1.0,Closed,clear_majority
620822,60012657,17,17,17,0,1.0,Closed,clear_majority
620823,60012656,20,20,20,0,1.0,Closed,clear_majority
620824,60012911,5,5,5,0,1.0,Closed,clear_majority
621287,60013034,20,20,15,5,0.75,Closed,mixed
621288,60012742,20,20,15,5,0.75,Closed,mixed
621371,60012641,20,20,20,0,1.0,Closed,clear_majority
621372,60012642,20,20,20,0,1.0,Closed,clear_majority
621463,60012834,20,20,8,12,0.4,Open,mixed
621464,60012835,20,20,8,12,0.4,Open,mixed
621525,60012709,20,20,20,0,1.0,Closed,clear_majority
621862,60012653,20,20,20,0,1.0,Closed,clear_majority
621869,60012735,20,20,20,0,1.0,Closed,clear_majority
621870,60012932,20,20,20,0,1.0,Closed,clear_majority
621971,60012737,20,20,20,0,1.0,Closed,clear_majority
621981,60012738,0,0,0,0,,,no_pto_data
622110,60012944,15,15,14,1,0.933,Closed,clear_majority
622373,60112008,17,17,17,0,1.0,Closed,clear_majority
622374,60112013,17,17,17,0,1.0,Closed,clear_majority
622420,60012898,20,20,10,10,0.5,Closed,mixed
622421,60012899,20,20,10,10,0.5,Closed,mixed
622598,60012703,17,17,17,0,1.0,Closed,clear_majority
622864,60013031,20,20,20,0,1.0,Closed,clear_majority
622867,60002011,20,20,20,0,1.0,Closed,clear_majority
622896,60011962,20,20,20,0,1.0,Closed,clear_majority
623265,60088898,20,20,20,0,1.0,Closed,clear_majority
623274,60012843,1,1,0,1,0.0,Open,clear_majority
623364,60088899,20,20,20,0,1.0,Closed,clear_majority
623436,60000280,20,20,20,0,1.0,Closed,clear_majority
623437,60012855,20,20,20,0,1.0,Closed,clear_majority
623465,60012879,17,17,17,0,1.0,Closed,clear_majority
623473,60012878,20,20,20,0,1.0,Closed,clear_majority
623484,60012846,0,0,0,0,,,no_pto_data
623485,60012994,0,0,0,0,,,no_pto_data
623778,60012860,20,20,0,20,0.0,Open,clear_majority
623779,60012859,20,20,0,20,0.0,Open,clear_majority
623800,60112374,17,17,17,0,1.0,Closed,clear_majority
624203,60012916,20,20,18,2,0.9,Closed,clear_majority
624239,60012830,0,0,0,0,,,no_pto_data
624240,60012831,20,20,20,0,1.0,Closed,clear_majority
624366,60012840,20,20,20,0,1.0,Closed,clear_majority
624372,60012868,20,20,20,0,1.0,Closed,clear_majority
624468,60012757,20,20,19,1,0.95,Closed,clear_majority
624473,60012758,20,20,20,0,1.0,Closed,clear_majority
624474,60012759,20,20,20,0,1.0,Closed,clear_majority
624497,60012836,20,20,16,4,0.8,Closed,mixed
624852,60078134,20,20,20,0,1.0,Closed,clear_majority
624870,60012674,20,20,20,0,1.0,Closed,clear_majority
624881,60012673,20,20,20,0,1.0,Closed,clear_majority
625153,60038886,3,3,3,0,1.0,Closed,clear_majority
625304,60012857,20,20,20,0,1.0,Closed,clear_majority
625305,60012856,20,20,20,0,1.0,Closed,clear_majority
625505,60013029,20,20,20,0,1.0,Closed,clear_majority
625507,60078682,20,20,20,0,1.0,Closed,clear_majority
625562,60091713,20,20,20,0,1.0,Closed,clear_majority
625588,60012950,20,20,20,0,1.0,Closed,clear_majority
625589,60012949,20,20,20,0,1.0,Closed,clear_majority
625639,60013018,20,20,20,0,1.0,Closed,clear_majority
625859,60012864,20,20,19,1,0.95,Closed,clear_majority
625864,60012865,20,20,18,2,0.9,Closed,clear_majority
626033,60112332,17,17,17,0,1.0,Closed,clear_majority
626034,60112331,17,17,17,0,1.0,Closed,clear_majority
626058,60012827,19,19,10,9,0.526,Closed,mixed
626059,60012828,19,19,10,9,0.526,Closed,mixed
626358,60110575,3,3,0,3,0.0,Open,clear_majority
626359,60110576,2,2,0,2,0.0,Open,clear_majority
626428,60012929,20,20,20,0,1.0,Closed,clear_majority
626465,60012741,20,20,20,0,1.0,Closed,clear_majority
626483,60090576,11,11,6,5,0.545,Closed,mixed
626574,60012909,7,7,4,3,0.571,Closed,mixed
626686,60012822,20,20,20,0,1.0,Closed,clear_majority
626687,60012821,20,20,20,0,1.0,Closed,clear_majority
626790,60012825,20,20,20,0,1.0,Closed,clear_majority
626863,60031416,3,3,3,0,1.0,Closed,clear_majority
626864,60031417,0,0,0,0,,,no_pto_data
630747,60012867,20,20,19,1,0.95,Closed,clear_majority
630847,60012826,20,20,20,0,1.0,Closed,clear_majority
630886,60031418,3,3,3,0,1.0,Closed,clear_majority
630887,60111193,17,17,17,0,1.0,Closed,clear_majority
639257,60012782,20,20,20,0,1.0,Closed,clear_majority
639261,60092032,0,0,0,0,,,no_pto_data
639461,60012892,20,20,20,0,1.0,Closed,clear_majority
639467,60013074,3,3,3,0,1.0,Closed,clear_majority
639494,60012890,20,20,20,0,1.0,Closed,clear_majority
639535,60012869,20,20,20,0,1.0,Closed,clear_majority
639729,60112370,17,17,17,0,1.0,Closed,clear_majority
639836,60112716,17,17,17,0,1.0,Closed,clear_majority
639857,60092026,0,0,0,0,,,no_pto_data
640237,60112480,17,17,17,0,1.0,Closed,clear_majority
640238,60112481,17,17,17,0,1.0,Closed,clear_majority
640808,60012940,19,19,12,7,0.632,Closed,mixed
640809,60012945,20,20,14,6,0.7,Closed,mixed
640879,60012903,20,20,20,0,1.0,Closed,clear_majority
640962,60012951,20,20,20,0,1.0,Closed,clear_majority
640963,60012952,20,20,20,0,1.0,Closed,clear_majority
640964,60012941,20,20,20,0,1.0,Closed,clear_majority
641701,60112228,17,17,17,0,1.0,Closed,clear_majority
641753,60012925,20,20,0,20,0.0,Open,clear_majority
641754,60012924,20,20,0,20,0.0,Open,clear_majority
642119,60012838,17,17,14,3,0.824,Closed,clear_majority
642224,60012880,20,20,20,0,1.0,Closed,clear_majority
642362,60012850,20,20,20,0,1.0,Closed,clear_majority
642608,60012897,20,20,20,0,1.0,Closed,clear_majority
642725,60112064,17,17,17,0,1.0,Closed,clear_majority
642976,60112624,17,17,17,0,1.0,Closed,clear_majority
643216,60012790,20,20,20,0,1.0,Closed,clear_majority
643720,60112478,17,17,17,0,1.0,Closed,clear_majority
645022,60012895,20,20,20,0,1.0,Closed,clear_majority
645514,60012902,20,20,20,0,1.0,Closed,clear_majority
645787,60112476,17,17,17,0,1.0,Closed,clear_majority
645878,60089243,20,20,20,0,1.0,Closed,clear_majority
645891,60089244,20,20,20,0,1.0,Closed,clear_majority
645930,60088873,20,20,20,0,1.0,Closed,clear_majority
646145,60012893,20,20,20,0,1.0,Closed,clear_majority
646146,60078144,20,20,19,1,0.95,Closed,clear_majority
646147,60078145,20,20,19,1,0.95,Closed,clear_majority
646176,60012863,20,20,20,0,1.0,Closed,clear_majority
646177,60012861,20,20,20,0,1.0,Closed,clear_majority
646178,60012862,20,20,20,0,1.0,Closed,clear_majority
646478,60112548,17,17,17,0,1.0,Closed,clear_majority
646479,60112549,17,17,17,0,1.0,Closed,clear_majority
646480,60112550,17,17,17,0,1.0,Closed,clear_majority
646538,60088870,20,20,20,0,1.0,Closed,clear_majority
646632,60088854,20,20,20,0,1.0,Closed,clear_majority
646662,60012915,20,20,20,0,1.0,Closed,clear_majority
646758,60078140,20,20,0,20,0.0,Open,clear_majority
646759,60078141,20,20,1,19,0.05,Open,clear_majority
646760,60078139,20,20,1,19,0.05,Open,clear_majority
646856,60074144,20,20,20,0,1.0,Closed,clear_majority
646857,60074145,20,20,20,0,1.0,Closed,clear_majority
646943,60012942,20,20,18,2,0.9,Closed,clear_majority
646945,60012943,20,20,18,2,0.9,Closed,clear_majority
647160,60112376,17,17,17,0,1.0,Closed,clear_majority
647161,60112375,17,17,17,0,1.0,Closed,clear_majority
647237,60012905,20,20,18,2,0.9,Closed,clear_majority
647421,60078158,19,19,19,0,1.0,Closed,clear_majority
647422,60078159,20,20,20,0,1.0,Closed,clear_majority
647462,60111108,17,17,16,1,0.941,Closed,clear_majority
647463,60111062,17,17,16,1,0.941,Closed,clear_majority
647493,60012946,20,20,20,0,1.0,Closed,clear_majority
647596,60090577,11,11,6,5,0.545,Closed,mixed
647601,60078138,20,20,15,5,0.75,Closed,mixed
647655,60012881,20,20,20,0,1.0,Closed,clear_majority
647714,60111922,17,17,17,0,1.0,Closed,clear_majority
647792,60088878,20,20,20,0,1.0,Closed,clear_majority
647959,60012933,20,20,20,0,1.0,Closed,clear_majority
648043,60013014,0,0,0,0,,,no_pto_data
648053,60078132,20,20,20,0,1.0,Closed,clear_majority
648350,60088877,20,20,2,18,0.1,Open,clear_majority
648351,60088881,20,20,2,18,0.1,Open,clear_majority
648642,60088875,20,20,20,0,1.0,Closed,clear_majority
648643,60088874,20,20,20,0,1.0,Closed,clear_majority
648670,60089242,20,20,20,0,1.0,Closed,clear_majority
648671,60001726,19,19,19,0,1.0,Closed,clear_majority
649088,60088901,20,20,20,0,1.0,Closed,clear_majority
649194,60088889,20,20,20,0,1.0,Closed,clear_majority
649314,60112230,17,17,17,0,1.0,Closed,clear_majority
649535,60112377,17,17,17,0,1.0,Closed,clear_majority
649536,60112378,17,17,17,0,1.0,Closed,clear_majority
649566,60077615,19,19,19,0,1.0,Closed,clear_majority
649571,60112219,17,17,17,0,1.0,Closed,clear_majority
649706,60088867,20,20,20,0,1.0,Closed,clear_majority
649725,60092494,0,0,0,0,,,no_pto_data
649836,60112360,17,17,17,0,1.0,Closed,clear_majority
649863,60078036,20,20,20,0,1.0,Closed,clear_majority
650162,60088916,20,20,20,0,1.0,Closed,clear_majority
650270,60111320,17,17,17,0,1.0,Closed,clear_majority
650439,60112715,17,17,17,0,1.0,Closed,clear_majority
650440,60112714,17,17,17,0,1.0,Closed,clear_majority
650761,60078150,20,20,20,0,1.0,Closed,clear_majority
650763,60078149,20,20,20,0,1.0,Closed,clear_majority
651183,60078154,20,20,20,0,1.0,Closed,clear_majority
651211,60089245,20,20,20,0,1.0,Closed,clear_majority
651220,60088913,20,20,20,0,1.0,Closed,clear_majority
651339,60013027,20,20,15,5,0.75,Closed,mixed
651342,60088865,2,2,0,2,0.0,Open,clear_majority
651349,60013030,20,20,15,5,0.75,Closed,mixed
651521,60078157,0,0,0,0,,,no_pto_data
651525,60012948,20,20,20,0,1.0,Closed,clear_majority
652043,60111319,17,17,17,0,1.0,Closed,clear_majority
652063,60111258,17,17,17,0,1.0,Closed,clear_majority
652128,60111259,17,17,17,0,1.0,Closed,clear_majority
652490,60111959,17,17,17,0,1.0,Closed,clear_majority
652491,60111958,17,17,17,0,1.0,Closed,clear_majority
652625,60012999,20,20,20,0,1.0,Closed,clear_majority
652631,60013000,20,20,20,0,1.0,Closed,clear_majority
652636,60013001,20,20,20,0,1.0,Closed,clear_majority
652642,60013002,20,20,20,0,1.0,Closed,clear_majority
652905,60089166,20,20,0,20,0.0,Open,clear_majority
652944,60089167,20,20,0,20,0.0,Open,clear_majority
652945,60089165,20,20,0,20,0.0,Open,clear_majority
652967,60013046,20,20,11,9,0.55,Closed,mixed
652976,60013047,20,20,20,0,1.0,Closed,clear_majority
653127,60088869,20,20,20,0,1.0,Closed,clear_majority
653295,60089158,4,4,0,4,0.0,Open,clear_majority
653463,60088888,20,20,20,0,1.0,Closed,clear_majority
654022,60112227,17,17,17,0,1.0,Closed,clear_majority
654023,60112226,17,17,17,0,1.0,Closed,clear_majority
654388,60095567,16,16,16,0,1.0,Closed,clear_majority
654439,60008981,0,0,0,0,,,no_pto_data
654620,60088897,20,20,20,0,1.0,Closed,clear_majority
654796,60112487,17,17,17,0,1.0,Closed,clear_majority
654797,60112488,17,17,17,0,1.0,Closed,clear_majority
654985,60089162,20,20,20,0,1.0,Closed,clear_majority
655121,60112490,17,17,17,0,1.0,Closed,clear_majority
655122,60112489,17,17,17,0,1.0,Closed,clear_majority
655149,60013040,20,20,20,0,1.0,Closed,clear_majority
655464,60077613,20,20,20,0,1.0,Closed,clear_majority
655489,60077614,20,20,20,0,1.0,Closed,clear_majority
655551,60077612,3,3,3,0,1.0,Closed,clear_majority
655566,60092477,0,0,0,0,,,no_pto_data
655765,60112225,17,17,17,0,1.0,Closed,clear_majority
655791,60112224,17,17,17,0,1.0,Closed,clear_majority
656081,60112083,17,17,17,0,1.0,Closed,clear_majority
656082,60112084,17,17,17,0,1.0,Closed,clear_majority
656143,60077637,20,20,20,0,1.0,Closed,clear_majority
656144,60077638,20,20,20,0,1.0,Closed,clear_majority
656460,60088858,0,0,0,0,,,no_pto_data
656461,60013035,20,20,20,0,1.0,Closed,clear_majority
656470,60002240,20,20,20,0,1.0,Closed,clear_majority
656483,60013038,20,20,20,0,1.0,Closed,clear_majority
656563,60078137,20,20,20,0,1.0,Closed,clear_majority
656565,60078152,20,20,20,0,1.0,Closed,clear_majority
656641,60077403,20,20,20,0,1.0,Closed,clear_majority
656651,60012966,20,20,20,0,1.0,Closed,clear_majority
656708,60089168,20,20,18,2,0.9,Closed,clear_majority
656870,60112485,17,17,17,0,1.0,Closed,clear_majority
656871,60112486,17,17,17,0,1.0,Closed,clear_majority
656889,60078146,20,20,20,0,1.0,Closed,clear_majority
657372,60112838,17,17,17,0,1.0,Closed,clear_majority
657373,60112836,17,17,17,0,1.0,Closed,clear_majority
657374,60112837,17,17,17,0,1.0,Closed,clear_majority
657516,60112479,17,17,17,0,1.0,Closed,clear_majority
657609,60078153,20,20,20,0,1.0,Closed,clear_majority
657636,60103529,3,3,3,0,1.0,Closed,clear_majority
657746,60088914,20,20,20,0,1.0,Closed,clear_majority
657747,60088892,20,20,20,0,1.0,Closed,clear_majority
657876,60088860,20,20,20,0,1.0,Closed,clear_majority
657877,60088859,20,20,20,0,1.0,Closed,clear_majority
657881,60012934,20,20,20,0,1.0,Closed,clear_majority
658239,60078147,20,20,20,0,1.0,Closed,clear_majority
658274,60078155,20,20,20,0,1.0,Closed,clear_majority
658520,60112849,17,17,17,0,1.0,Closed,clear_majority
658652,60077622,1,1,1,0,1.0,Closed,clear_majority
658653,60088862,19,19,19,0,1.0,Closed,clear_majority
658761,60078148,20,20,20,0,1.0,Closed,clear_majority
659063,60089148,20,20,20,0,1.0,Closed,clear_majority
659081,60077617,2,2,2,0,1.0,Closed,clear_majority
659082,60077618,2,2,2,0,1.0,Closed,clear_majority
659083,60089239,6,6,6,0,1.0,Closed,clear_majority
659084,60089238,16,16,16,0,1.0,Closed,clear_majority
659341,60088907,20,20,20,0,1.0,Closed,clear_majority
659342,60088906,20,20,20,0,1.0,Closed,clear_majority
659343,60088904,20,20,20,0,1.0,Closed,clear_majority
659625,60110966,17,17,17,0,1.0,Closed,clear_majority
659626,60110965,17,17,17,0,1.0,Closed,clear_majority
661546,60111986,17,17,17,0,1.0,Closed,clear_majority
661645,60112232,17,17,17,0,1.0,Closed,clear_majority
661653,60088903,20,20,20,0,1.0,Closed,clear_majority
661931,60088891,20,20,20,0,1.0,Closed,clear_majority
662092,60111956,17,17,17,0,1.0,Closed,clear_majority
662093,60111957,17,17,12,5,0.706,Closed,mixed
662946,60088887,20,20,20,0,1.0,Closed,clear_majority
663290,60088893,20,20,20,0,1.0,Closed,clear_majority
663342,60097012,15,15,15,0,1.0,Closed,clear_majority
663343,60088890,20,20,15,5,0.75,Closed,mixed
663356,60089174,17,17,9,8,0.529,Closed,mixed
663357,60089175,17,17,9,8,0.529,Closed,mixed
663428,60088866,20,20,20,0,1.0,Closed,clear_majority
663435,60088852,20,20,20,0,1.0,Closed,clear_majority
663565,60077624,20,20,13,7,0.65,Closed,mixed
663572,60077623,20,20,20,0,1.0,Closed,clear_majority
663722,60088911,20,20,19,1,0.95,Closed,clear_majority
663725,60088871,20,20,20,0,1.0,Closed,clear_majority
663728,60088902,20,20,20,0,1.0,Closed,clear_majority
663729,60088915,20,20,20,0,1.0,Closed,clear_majority
663911,60089163,20,20,20,0,1.0,Closed,clear_majority
664623,60112007,16,16,16,0,1.0,Closed,clear_majority
664626,60112005,16,16,16,0,1.0,Closed,clear_majority
664629,60112006,16,16,16,0,1.0,Closed,clear_majority
664822,60112719,17,17,17,0,1.0,Closed,clear_majority
665377,60111310,17,17,17,0,1.0,Closed,clear_majority
665378,60111312,17,17,17,0,1.0,Closed,clear_majority
665428,60089144,20,20,20,0,1.0,Closed,clear_majority
665429,60089146,20,20,20,0,1.0,Closed,clear_majority
665477,60088908,20,20,20,0,1.0,Closed,clear_majority
665571,60092488,0,0,0,0,,,no_pto_data
665670,60089172,20,20,19,1,0.95,Closed,clear_majority
665938,60089153,20,20,14,6,0.7,Closed,mixed
666020,60078193,12,12,6,6,0.5,Closed,mixed
666167,60088868,20,20,20,0,1.0,Closed,clear_majority
666179,60078168,20,20,20,0,1.0,Closed,clear_majority
666188,60078169,20,20,20,0,1.0,Closed,clear_majority
666277,60078179,0,0,0,0,,,no_pto_data
666290,60089842,19,19,17,2,0.895,Closed,clear_majority
666388,60089171,20,20,20,0,1.0,Closed,clear_majority
666524,60112484,17,17,17,0,1.0,Closed,clear_majority
666563,60089150,20,20,20,0,1.0,Closed,clear_majority
666564,60078185,0,0,0,0,,,no_pto_data
666565,60078186,0,0,0,0,,,no_pto_data
666784,60089178,20,20,20,0,1.0,Closed,clear_majority
666945,60111309,17,17,17,0,1.0,Closed,clear_majority
666946,60111311,17,17,17,0,1.0,Closed,clear_majority
667100,60112231,17,17,17,0,1.0,Closed,clear_majority
667340,60002054,18,18,13,5,0.722,Closed,mixed
667341,60002055,18,18,13,5,0.722,Closed,mixed
667520,60078182,8,8,8,0,1.0,Closed,clear_majority
667607,60089240,13,13,13,0,1.0,Closed,clear_majority
667608,60078166,13,13,13,0,1.0,Closed,clear_majority
667609,60078171,3,3,3,0,1.0,Closed,clear_majority
667918,60112027,17,17,17,0,1.0,Closed,clear_majority
668082,60078160,20,20,20,0,1.0,Closed,clear_majority
668084,60078161,19,19,18,1,0.947,Closed,clear_majority
668184,60078172,3,3,3,0,1.0,Closed,clear_majority
668185,60078173,3,3,3,0,1.0,Closed,clear_majority
668198,60078190,6,6,6,0,1.0,Closed,clear_majority
668199,60078191,20,20,17,3,0.85,Closed,clear_majority
668732,60089180,20,20,20,0,1.0,Closed,clear_majority
668910,60112218,17,17,17,0,1.0,Closed,clear_majority
669045,60112497,17,17,17,0,1.0,Closed,clear_majority
669285,60112851,17,17,17,0,1.0,Closed,clear_majority
669383,60111528,17,17,17,0,1.0,Closed,clear_majority
669460,60091739,20,20,15,5,0.75,Closed,mixed
669461,60091740,20,20,15,5,0.75,Closed,mixed
669897,60112354,17,17,17,0,1.0,Closed,clear_majority
670184,60091702,20,20,15,5,0.75,Closed,mixed
670702,60091448,20,20,11,9,0.55,Closed,mixed
670703,60091447,20,20,11,9,0.55,Closed,mixed
670746,60089177,20,20,20,0,1.0,Closed,clear_majority
671031,60091738,20,20,20,0,1.0,Closed,clear_majority
671040,60007444,20,20,20,0,1.0,Closed,clear_majority
671060,60089188,20,20,20,0,1.0,Closed,clear_majority
671100,60089161,20,20,20,0,1.0,Closed,clear_majority
671374,60112852,12,12,12,0,1.0,Closed,clear_majority
671638,60089182,20,20,20,0,1.0,Closed,clear_majority
671639,60089181,20,20,20,0,1.0,Closed,clear_majority
671661,60089170,20,20,20,0,1.0,Closed,clear_majority
671770,60112718,17,17,17,0,1.0,Closed,clear_majority
671896,60089189,20,20,20,0,1.0,Closed,clear_majority
672036,60089185,20,20,20,0,1.0,Closed,clear_majority
672173,60091450,18,18,10,8,0.556,Closed,mixed
672174,60091449,16,16,6,10,0.375,Open,mixed
672178,60078167,15,15,15,0,1.0,Closed,clear_majority
672328,60078165,8,8,8,0,1.0,Closed,clear_majority
672359,60089187,20,20,20,0,1.0,Closed,clear_majority
672490,60092036,0,0,0,0,,,no_pto_data
672593,60112483,17,17,17,0,1.0,Closed,clear_majority
672696,60112078,17,17,17,0,1.0,Closed,clear_majority
672767,60089176,20,20,20,0,1.0,Closed,clear_majority
672873,60112650,17,17,17,0,1.0,Closed,clear_majority
673082,60000884,20,20,20,0,1.0,Closed,clear_majority
673144,60089191,20,20,20,0,1.0,Closed,clear_majority
673197,60112720,17,17,17,0,1.0,Closed,clear_majority
673928,60112482,17,17,17,0,1.0,Closed,clear_majority
674032,60089978,20,20,20,0,1.0,Closed,clear_majority
674429,60091673,20,20,20,0,1.0,Closed,clear_majority
674430,60091672,20,20,20,0,1.0,Closed,clear_majority
674448,60091703,20,20,18,2,0.9,Closed,clear_majority
674525,60089184,20,20,12,8,0.6,Closed,mixed
674654,60089164,20,20,20,0,1.0,Closed,clear_majority
674800,60090497,20,20,19,1,0.95,Closed,clear_majority
674801,60090496,20,20,20,0,1.0,Closed,clear_majority
674802,60089186,20,20,20,0,1.0,Closed,clear_majority
674810,60089157,20,20,20,0,1.0,Closed,clear_majority
674921,60091705,20,20,19,1,0.95,Closed,clear_majority
675038,60091704,20,20,18,2,0.9,Closed,clear_majority
675110,60091709,20,20,8,12,0.4,Open,mixed
675111,60091712,20,20,8,12,0.4,Open,mixed
675197,60089988,20,20,16,4,0.8,Closed,mixed
675405,60088921,18,18,18,0,1.0,Closed,clear_majority
675481,60089985,20,20,20,0,1.0,Closed,clear_majority
675482,60089984,2,2,2,0,1.0,Closed,clear_majority
675483,60089986,20,20,20,0,1.0,Closed,clear_majority
675696,60005007,20,20,20,0,1.0,Closed,clear_majority
675809,60111989,15,15,15,0,1.0,Closed,clear_majority
675810,60111990,15,15,15,0,1.0,Closed,clear_majority
676176,60112383,17,17,17,0,1.0,Closed,clear_majority
676177,60112382,17,17,17,0,1.0,Closed,clear_majority
676340,60112016,17,17,17,0,1.0,Closed,clear_majority
676418,60111698,17,18,18,0,1.0,Closed,clear_majority
676419,60111699,16,16,16,0,1.0,Closed,clear_majority
676420,60078479,2,2,2,0,1.0,Closed,clear_majority
676421,60078480,4,4,4,0,1.0,Closed,clear_majority
676422,60098927,3,3,3,0,1.0,Closed,clear_majority
676558,60112721,17,17,17,0,1.0,Closed,clear_majority
676576,60111061,17,17,17,0,1.0,Closed,clear_majority
676602,60091456,18,18,18,0,1.0,Closed,clear_majority
676827,60091457,20,20,20,0,1.0,Closed,clear_majority
676834,60091455,20,20,20,0,1.0,Closed,clear_majority
676890,60090588,20,20,20,0,1.0,Closed,clear_majority
677272,60091459,20,20,20,0,1.0,Closed,clear_majority
677399,60112736,17,17,17,0,1.0,Closed,clear_majority
677536,60111995,17,17,17,0,1.0,Closed,clear_majority
677571,60089169,20,20,20,0,1.0,Closed,clear_majority
677585,60089987,20,20,20,0,1.0,Closed,clear_majority
677629,60089979,20,20,20,0,1.0,Closed,clear_majority
677631,60091460,20,20,20,0,1.0,Closed,clear_majority
677688,60091453,20,20,20,0,1.0,Closed,clear_majority
677689,60091454,20,20,20,0,1.0,Closed,clear_majority
677781,60091700,20,20,20,0,1.0,Closed,clear_majority
677790,60089600,18,18,18,0,1.0,Closed,clear_majority
677809,60091710,20,20,20,0,1.0,Closed,clear_majority
677836,60091715,20,20,20,0,1.0,Closed,clear_majority
677858,60089248,20,20,20,0,1.0,Closed,clear_majority
677992,60091689,20,20,19,1,0.95,Closed,clear_majority
677993,60091692,20,20,19,1,0.95,Closed,clear_majority
677994,60089606,20,20,19,1,0.95,Closed,clear_majority
678131,60091451,20,20,20,0,1.0,Closed,clear_majority
678241,60112848,17,17,17,0,1.0,Closed,clear_majority
678255,60008113,20,20,20,0,1.0,Closed,clear_majority
678264,60091706,20,20,20,0,1.0,Closed,clear_majority
678930,60112025,17,17,17,0,1.0,Closed,clear_majority
678931,60112022,17,17,17,0,1.0,Closed,clear_majority
678932,60112024,17,17,17,0,1.0,Closed,clear_majority
678933,60112023,17,17,17,0,1.0,Closed,clear_majority
678934,60112026,17,17,17,0,1.0,Closed,clear_majority
678935,60112021,17,17,17,0,1.0,Closed,clear_majority
678936,60112019,17,17,17,0,1.0,Closed,clear_majority
678937,60112020,17,17,17,0,1.0,Closed,clear_majority
679301,60112034,17,17,17,0,1.0,Closed,clear_majority
679302,60112033,17,17,17,0,1.0,Closed,clear_majority
679670,60112017,16,16,16,0,1.0,Closed,clear_majority
679671,60112018,16,16,16,0,1.0,Closed,clear_majority
679696,60089249,20,20,20,0,1.0,Closed,clear_majority
679778,60091679,20,20,12,8,0.6,Closed,mixed
679852,60091734,20,20,12,8,0.6,Closed,mixed
679983,60091718,18,18,16,2,0.889,Closed,clear_majority
679984,60091719,20,20,18,2,0.9,Closed,clear_majority
680022,60091676,20,20,20,0,1.0,Closed,clear_majority
680085,60089981,20,20,20,0,1.0,Closed,clear_majority
680143,60092018,20,20,20,0,1.0,Closed,clear_majority
680144,60092019,20,20,20,0,1.0,Closed,clear_majority
680184,60089156,20,20,20,0,1.0,Closed,clear_majority
680194,60089983,20,20,20,0,1.0,Closed,clear_majority
680502,60091727,20,20,20,0,1.0,Closed,clear_majority
680503,60091731,20,20,20,0,1.0,Closed,clear_majority
680531,60090309,18,18,18,0,1.0,Closed,clear_majority
680533,60091680,18,18,18,0,1.0,Closed,clear_majority
680721,60090305,14,14,14,0,1.0,Closed,clear_majority
680730,60090306,14,14,14,0,1.0,Closed,clear_majority
680739,60090307,4,4,4,0,1.0,Closed,clear_majority
680746,60091675,20,20,20,0,1.0,Closed,clear_majority
680748,60090308,3,3,3,0,1.0,Closed,clear_majority
680750,60091674,20,20,20,0,1.0,Closed,clear_majority
680936,60091461,20,20,20,0,1.0,Closed,clear_majority
680955,60091720,20,20,20,0,1.0,Closed,clear_majority
681133,60091733,20,20,20,0,1.0,Closed,clear_majority
681183,60091735,19,19,19,0,1.0,Closed,clear_majority
681214,60091699,18,18,18,0,1.0,Closed,clear_majority
681223,60004215,18,18,15,3,0.833,Closed,clear_majority
681271,60089996,20,20,20,0,1.0,Closed,clear_majority
681280,60089997,20,20,20,0,1.0,Closed,clear_majority
681398,60091694,20,20,20,0,1.0,Closed,clear_majority
681406,60089992,20,20,20,0,1.0,Closed,clear_majority
681446,60090255,7,7,7,0,1.0,Closed,clear_majority
681447,60110848,17,17,17,0,1.0,Closed,clear_majority
681478,60111386,13,13,13,0,1.0,Closed,clear_majority
681480,60110849,17,17,13,4,0.765,Closed,mixed
681641,60091458,20,20,20,0,1.0,Closed,clear_majority
681914,60091711,20,20,19,1,0.95,Closed,clear_majority
682108,60112645,17,17,16,1,0.941,Closed,clear_majority
682109,60112646,17,17,16,1,0.941,Closed,clear_majority
682155,60090469,4,4,3,1,0.75,Closed,mixed
682156,60090470,20,20,19,1,0.95,Closed,clear_majority
682190,60091452,20,20,20,0,1.0,Closed,clear_majority
683141,60006959,20,20,20,0,1.0,Closed,clear_majority
683224,60004367,20,20,20,0,1.0,Closed,clear_majority
683454,60112233,17,17,17,0,1.0,Closed,clear_majority
683479,60104524,6,6,6,0,1.0,Closed,clear_majority
683603,60091462,20,20,20,0,1.0,Closed,clear_majority
683804,60112380,17,17,17,0,1.0,Closed,clear_majority
683805,60112379,17,17,17,0,1.0,Closed,clear_majority
683946,60089980,20,20,20,0,1.0,Closed,clear_majority
696479,60091682,2,2,2,0,1.0,Closed,clear_majority
696490,60091683,12,12,12,0,1.0,Closed,clear_majority
696686,60090605,20,20,20,0,1.0,Closed,clear_majority
696696,60090607,20,20,20,0,1.0,Closed,clear_majority
696806,60091730,20,20,18,2,0.9,Closed,clear_majority
696807,60091729,20,20,18,2,0.9,Closed,clear_majority
696889,60091736,20,20,18,2,0.9,Closed,clear_majority
697034,60090610,20,20,20,0,1.0,Closed,clear_majority
697035,60091728,20,20,18,2,0.9,Closed,clear_majority
697036,60091737,20,20,18,2,0.9,Closed,clear_majority
697037,60091726,20,20,18,2,0.9,Closed,clear_majority
697318,60089843,20,20,20,0,1.0,Closed,clear_majority
697319,60089844,20,20,19,1,0.95,Closed,clear_majority
697465,60090296,20,20,20,0,1.0,Closed,clear_majority
697475,60092016,0,0,0,0,,,no_pto_data
697496,60090299,3,3,3,0,1.0,Closed,clear_majority
697506,60090301,20,20,20,0,1.0,Closed,clear_majority
697555,60092017,0,0,0,0,,,no_pto_data
697605,60090586,20,20,20,0,1.0,Closed,clear_majority
697606,60090585,20,20,20,0,1.0,Closed,clear_majority
697734,60112512,17,17,17,0,1.0,Closed,clear_majority
697862,60090587,20,20,20,0,1.0,Closed,clear_majority
697863,60091671,20,20,20,0,1.0,Closed,clear_majority
697962,60091721,20,20,20,0,1.0,Closed,clear_majority
697963,60091722,20,20,18,2,0.9,Closed,clear_majority
697966,60005734,20,20,20,0,1.0,Closed,clear_majority
698031,60089192,20,20,20,0,1.0,Closed,clear_majority
698036,60089193,20,20,20,0,1.0,Closed,clear_majority
698112,60090300,20,20,20,0,1.0,Closed,clear_majority
698121,60091690,0,0,0,0,,,no_pto_data
698175,60090601,5,5,1,4,0.2,Open,mixed
698202,60093234,14,14,14,0,1.0,Closed,clear_majority
698203,60093114,20,20,20,0,1.0,Closed,clear_majority
698285,60090602,4,4,3,1,0.75,Closed,mixed
698286,60090603,20,20,19,1,0.95,Closed,clear_majority
698287,60090604,15,15,15,0,1.0,Closed,clear_majority
698292,60097944,14,14,14,0,1.0,Closed,clear_majority
698293,60097945,14,14,14,0,1.0,Closed,clear_majority
698297,60090578,20,20,15,5,0.75,Closed,mixed
698298,60090579,20,20,15,5,0.75,Closed,mixed
698433,60092014,20,20,19,1,0.95,Closed,clear_majority
698434,60092015,20,20,20,0,1.0,Closed,clear_majority
698510,60090590,18,18,18,0,1.0,Closed,clear_majority
698511,60090591,20,20,20,0,1.0,Closed,clear_majority
698656,60111209,17,17,17,0,1.0,Closed,clear_majority
698657,60111208,17,17,17,0,1.0,Closed,clear_majority
698784,60090611,20,20,20,0,1.0,Closed,clear_majority
698785,60090612,20,20,20,0,1.0,Closed,clear_majority
698786,60090613,20,20,20,0,1.0,Closed,clear_majority
698904,60091716,20,20,20,0,1.0,Closed,clear_majority
698905,60091717,20,20,20,0,1.0,Closed,clear_majority
698927,60114891,1,1,1,0,1.0,Closed,clear_majority
699129,60093122,20,20,20,0,1.0,Closed,clear_majority
699248,60090592,20,20,17,3,0.85,Closed,clear_majority
699712,60112028,17,17,17,0,1.0,Closed,clear_majority
699713,60112029,17,17,17,0,1.0,Closed,clear_majority
699788,60093136,17,17,17,0,1.0,Closed,clear_majority
699789,60093137,17,17,17,0,1.0,Closed,clear_majority
699808,60091079,15,15,15,0,1.0,Closed,clear_majority
699817,60091080,3,3,3,0,1.0,Closed,clear_majority
699924,60091200,20,20,20,0,1.0,Closed,clear_majority
700019,60095252,16,16,14,2,0.875,Closed,clear_majority
700020,60095251,15,15,14,1,0.933,Closed,clear_majority
700270,60112234,17,17,17,0,1.0,Closed,clear_majority
700271,60112235,17,17,17,0,1.0,Closed,clear_majority
700396,60091688,18,18,18,0,1.0,Closed,clear_majority
700397,60090600,2,2,2,0,1.0,Closed,clear_majority
700401,60091725,20,20,20,0,1.0,Closed,clear_majority
700692,60112493,17,17,16,1,0.941,Closed,clear_majority
700897,60003847,20,20,20,0,1.0,Closed,clear_majority
700997,60091084,20,20,20,0,1.0,Closed,clear_majority
701025,60005233,20,20,20,0,1.0,Closed,clear_majority
701056,60093141,20,20,3,17,0.15,Open,clear_majority
701083,60091732,20,20,20,0,1.0,Closed,clear_majority
701339,60112498,17,17,17,0,1.0,Closed,clear_majority
701340,60112499,17,17,17,0,1.0,Closed,clear_majority
701542,60112237,17,17,17,0,1.0,Closed,clear_majority
701788,60092088,20,20,20,0,1.0,Closed,clear_majority
701932,60091724,20,20,20,0,1.0,Closed,clear_majority
701948,60091708,20,20,19,1,0.95,Closed,clear_majority
701962,60092083,20,20,20,0,1.0,Closed,clear_majority
702330,60091701,20,20,20,0,1.0,Closed,clear_majority
702593,60104568,3,3,3,0,1.0,Closed,clear_majority
702594,60104569,3,3,3,0,1.0,Closed,clear_majority
702904,60092091,20,20,0,20,0.0,Open,clear_majority
702978,60091195,20,20,20,0,1.0,Closed,clear_majority
703007,60091196,3,3,3,0,1.0,Closed,clear_majority
703176,60091197,20,20,20,0,1.0,Closed,clear_majority
703213,60092090,20,20,0,20,0.0,Open,clear_majority
703273,60092092,20,20,0,20,0.0,Open,clear_majority
703558,60112626,17,17,17,0,1.0,Closed,clear_majority
703632,60092082,20,20,20,0,1.0,Closed,clear_majority
703757,60112461,17,17,17,0,1.0,Closed,clear_majority
703881,60091697,20,20,20,0,1.0,Closed,clear_majority
704026,60091693,20,20,20,0,1.0,Closed,clear_majority
704035,60093111,20,20,20,0,1.0,Closed,clear_majority
704074,60091081,20,20,20,0,1.0,Closed,clear_majority
704075,60091082,18,18,18,0,1.0,Closed,clear_majority
704076,60091083,19,19,19,0,1.0,Closed,clear_majority
704188,60112035,17,17,17,0,1.0,Closed,clear_majority
704345,60001617,19,19,19,0,1.0,Closed,clear_majority
704361,60091463,6,6,4,2,0.667,Closed,mixed
704422,60111997,17,17,17,0,1.0,Closed,clear_majority
704734,60093118,18,18,15,3,0.833,Closed,clear_majority
704743,60093116,18,18,14,4,0.778,Closed,mixed
704744,60093117,15,15,15,0,1.0,Closed,clear_majority
704818,60112502,17,17,17,0,1.0,Closed,clear_majority
705040,60112515,17,17,17,0,1.0,Closed,clear_majority
705078,60092089,20,20,20,0,1.0,Closed,clear_majority
705389,60112371,17,17,17,0,1.0,Closed,clear_majority
705390,60112372,17,17,17,0,1.0,Closed,clear_majority
705391,60112373,17,17,17,0,1.0,Closed,clear_majority
705415,60091714,20,20,20,0,1.0,Closed,clear_majority
705425,60090499,3,3,3,0,1.0,Closed,clear_majority
705844,60092085,20,20,20,0,1.0,Closed,clear_majority
705904,60092086,20,20,20,0,1.0,Closed,clear_majority
705905,60092087,20,20,20,0,1.0,Closed,clear_majority
706088,60093119,20,20,20,0,1.0,Closed,clear_majority
706097,60093120,20,20,20,0,1.0,Closed,clear_majority
706106,60093121,20,20,20,0,1.0,Closed,clear_majority
706308,60091681,20,20,20,0,1.0,Closed,clear_majority
706315,60091677,20,20,20,0,1.0,Closed,clear_majority
706409,60091866,2,2,2,0,1.0,Closed,clear_majority
706410,60110606,17,17,17,0,1.0,Closed,clear_majority
706448,60093109,20,20,20,0,1.0,Closed,clear_majority
706541,60093110,20,20,20,0,1.0,Closed,clear_majority
706676,60093135,20,20,20,0,1.0,Closed,clear_majority
706817,60095295,18,18,16,2,0.889,Closed,clear_majority
706818,60095294,17,17,15,2,0.882,Closed,clear_majority
706819,60095292,18,18,16,2,0.889,Closed,clear_majority
706858,60008708,17,17,6,11,0.353,Open,mixed
707045,60093140,20,20,20,0,1.0,Closed,clear_majority
707168,60112651,17,17,17,0,1.0,Closed,clear_majority
707363,60112038,17,17,17,0,1.0,Closed,clear_majority
707405,60092084,20,20,20,0,1.0,Closed,clear_majority
707635,60112516,17,17,17,0,1.0,Closed,clear_majority
707636,60112517,17,17,17,0,1.0,Closed,clear_majority
707933,60112520,17,17,17,0,1.0,Closed,clear_majority
707934,60112519,17,17,17,0,1.0,Closed,clear_majority
708083,60093126,20,20,20,0,1.0,Closed,clear_majority
708322,60112647,17,17,17,0,1.0,Closed,clear_majority
708323,60112648,17,17,17,0,1.0,Closed,clear_majority
708857,60093139,20,20,20,0,1.0,Closed,clear_majority
709568,60093262,18,18,5,13,0.278,Open,mixed
709641,60092131,20,20,19,1,0.95,Closed,clear_majority
709642,60092132,19,19,18,1,0.947,Closed,clear_majority
709659,60093263,3,3,2,1,0.667,Closed,mixed
709739,60094243,2,2,1,1,0.5,Closed,mixed
709749,60094244,3,3,2,1,0.667,Closed,mixed
709759,60092135,19,19,18,1,0.947,Closed,clear_majority
709769,60009455,20,20,19,1,0.95,Closed,clear_majority
709813,60009733,19,19,10,9,0.526,Closed,mixed
709924,60095232,18,18,15,3,0.833,Closed,clear_majority
709978,60091774,20,20,19,1,0.95,Closed,clear_majority
710359,60093113,20,20,20,0,1.0,Closed,clear_majority
710365,60093147,20,20,20,0,1.0,Closed,clear_majority
710366,60093148,20,20,20,0,1.0,Closed,clear_majority
710668,60093149,20,20,0,20,0.0,Open,clear_majority
710681,60093115,9,9,0,9,0.0,Open,clear_majority
710707,60092129,3,3,3,0,1.0,Closed,clear_majority
710709,60092130,7,7,7,0,1.0,Closed,clear_majority
710794,60093112,20,20,20,0,1.0,Closed,clear_majority
710919,60097979,14,14,14,0,1.0,Closed,clear_majority
711153,60092536,19,19,19,0,1.0,Closed,clear_majority
711155,60093150,20,20,20,0,1.0,Closed,clear_majority
711380,60112654,17,17,17,0,1.0,Closed,clear_majority
711381,60112655,17,17,17,0,1.0,Closed,clear_majority
711399,60094246,20,20,20,0,1.0,Closed,clear_majority
711474,60093151,20,20,20,0,1.0,Closed,clear_majority
711843,60112358,17,17,17,0,1.0,Closed,clear_majority
711844,60112357,17,17,17,0,1.0,Closed,clear_majority
711845,60112359,17,17,17,0,1.0,Closed,clear_majority
712024,60092469,14,14,14,0,1.0,Closed,clear_majority
712033,60092470,2,2,2,0,1.0,Closed,clear_majority
712043,60092471,1,1,1,0,1.0,Closed,clear_majority
712052,60092472,0,0,0,0,,,no_pto_data
712718,60111396,16,16,15,1,0.938,Closed,clear_majority
712896,60094248,20,20,20,0,1.0,Closed,clear_majority
712971,60095727,17,17,9,8,0.529,Closed,mixed
712975,60095724,17,17,8,9,0.471,Open,mixed
713154,60094857,19,19,18,1,0.947,Closed,clear_majority
713245,60094247,20,20,20,0,1.0,Closed,clear_majority
713487,60112069,17,17,17,0,1.0,Closed,clear_majority
713488,60112070,17,17,17,0,1.0,Closed,clear_majority
713952,60112361,17,17,17,0,1.0,Closed,clear_majority
713953,60112362,16,16,16,0,1.0,Closed,clear_majority
714083,60112717,17,17,17,0,1.0,Closed,clear_majority
714929,60094252,18,18,18,0,1.0,Closed,clear_majority
714938,60094253,18,18,18,0,1.0,Closed,clear_majority
714954,60092540,19,19,18,1,0.947,Closed,clear_majority
714955,60093160,18,18,17,1,0.944,Closed,clear_majority
715048,60009734,16,16,10,6,0.625,Closed,mixed
715049,60004091,19,19,9,10,0.474,Open,mixed
715154,60111106,16,16,11,5,0.688,Closed,mixed
715161,60111107,16,16,11,5,0.688,Closed,mixed
715189,60092799,19,19,12,7,0.632,Closed,mixed
715203,60092800,19,19,12,7,0.632,Closed,mixed
715293,60094851,17,17,10,7,0.588,Closed,mixed
715309,60094852,17,17,10,7,0.588,Closed,mixed
715318,60094850,16,16,9,7,0.562,Closed,mixed
715474,60092518,19,19,17,2,0.895,Closed,clear_majority
715475,60092519,5,5,5,0,1.0,Closed,clear_majority
715476,60094872,19,19,18,1,0.947,Closed,clear_majority
715477,60094871,19,19,19,0,1.0,Closed,clear_majority
715538,60093127,20,20,20,0,1.0,Closed,clear_majority
715539,60093128,20,20,20,0,1.0,Closed,clear_majority
715540,60093129,20,20,20,0,1.0,Closed,clear_majority
715541,60093130,20,20,20,0,1.0,Closed,clear_majority
715677,60094838,18,18,17,1,0.944,Closed,clear_majority
715938,60092539,17,17,15,2,0.882,Closed,clear_majority
715939,60092537,15,15,12,3,0.8,Closed,mixed
715940,60092523,10,10,8,2,0.8,Closed,mixed
715941,60092542,11,11,9,2,0.818,Closed,clear_majority
715944,60092522,17,17,15,2,0.882,Closed,clear_majority
716258,60093253,15,15,15,0,1.0,Closed,clear_majority
716262,60093157,10,10,7,3,0.7,Closed,mixed
716263,60093158,14,14,2,12,0.143,Open,clear_majority
716271,60093254,1,1,1,0,1.0,Closed,clear_majority
716322,60094240,20,20,20,0,1.0,Closed,clear_majority
716446,60112494,17,17,17,0,1.0,Closed,clear_majority
716521,60092546,7,7,5,2,0.714,Closed,mixed
716522,60092545,17,17,15,2,0.882,Closed,clear_majority
716918,60112037,17,17,17,0,1.0,Closed,clear_majority
716919,60112036,17,17,17,0,1.0,Closed,clear_majority
716931,60092547,19,19,19,0,1.0,Closed,clear_majority
716935,60094848,19,19,3,16,0.158,Open,clear_majority
716936,60094849,19,19,3,16,0.158,Open,clear_majority
717071,60111167,16,16,14,2,0.875,Closed,clear_majority
717097,60111145,16,16,14,2,0.875,Closed,clear_majority
717098,60111147,16,16,14,2,0.875,Closed,clear_majority
717117,60111144,16,16,14,2,0.875,Closed,clear_majority
717118,60111146,16,16,14,2,0.875,Closed,clear_majority
718019,60110991,16,16,16,0,1.0,Closed,clear_majority
718553,60111287,15,15,15,0,1.0,Closed,clear_majority
718554,60111238,15,15,15,0,1.0,Closed,clear_majority
718824,60111288,15,15,15,0,1.0,Closed,clear_majority
718825,60111237,15,15,15,0,1.0,Closed,clear_majority
719059,60110990,16,16,16,0,1.0,Closed,clear_majority
719164,60097067,14,14,1,13,0.071,Open,clear_majority
719175,60094861,19,19,18,1,0.947,Closed,clear_majority
719176,60094860,19,19,18,1,0.947,Closed,clear_majority
719423,60097980,14,14,14,0,1.0,Closed,clear_majority
719476,60094855,18,18,17,1,0.944,Closed,clear_majority
719486,60094854,19,19,19,0,1.0,Closed,clear_majority
719544,60095263,18,18,18,0,1.0,Closed,clear_majority
719545,60095262,18,18,18,0,1.0,Closed,clear_majority
719631,60004089,19,19,9,10,0.474,Open,mixed
719724,60110978,15,15,11,4,0.733,Closed,mixed
719725,60110977,14,14,10,4,0.714,Closed,mixed
719756,60094845,19,19,19,0,1.0,Closed,clear_majority
719757,60006845,19,19,19,0,1.0,Closed,clear_majority
719758,60094836,19,19,19,0,1.0,Closed,clear_majority
719765,60094846,19,19,19,0,1.0,Closed,clear_majority
719944,60094856,1,1,1,0,1.0,Closed,clear_majority
719945,60092543,12,12,12,0,1.0,Closed,clear_majority
719946,60092544,19,19,19,0,1.0,Closed,clear_majority
720075,60092534,19,19,19,0,1.0,Closed,clear_majority
720076,60092535,19,19,19,0,1.0,Closed,clear_majority
720207,60092529,8,8,8,0,1.0,Closed,clear_majority
720208,60099710,10,10,10,0,1.0,Closed,clear_majority
720319,60092516,19,19,18,1,0.947,Closed,clear_majority
720324,60093269,9,9,5,4,0.556,Closed,mixed
720325,60093268,11,11,5,6,0.455,Open,mixed
720326,60098219,14,14,14,0,1.0,Closed,clear_majority
720328,60092517,19,19,19,0,1.0,Closed,clear_majority
720330,60095239,18,18,14,4,0.778,Closed,mixed
720526,60110979,15,15,10,5,0.667,Closed,mixed
720535,60110976,14,14,10,4,0.714,Closed,mixed
720712,60111159,15,15,15,0,1.0,Closed,clear_majority
720713,60111161,15,15,15,0,1.0,Closed,clear_majority
720715,60111160,15,15,15,0,1.0,Closed,clear_majority
720930,60095269,18,18,17,1,0.944,Closed,clear_majority
720970,60111162,15,15,15,0,1.0,Closed,clear_majority
721029,60095236,18,18,18,0,1.0,Closed,clear_majority
721042,60095235,18,18,18,0,1.0,Closed,clear_majority
721055,60093276,18,18,18,0,1.0,Closed,clear_majority
721065,60093277,18,18,18,0,1.0,Closed,clear_majority
721430,60093271,4,4,4,0,1.0,Closed,clear_majority
721622,60094094,17,17,17,0,1.0,Closed,clear_majority
721623,60094095,18,18,18,0,1.0,Closed,clear_majority
722121,60112522,15,15,14,1,0.933,Closed,clear_majority
722136,60112384,15,15,15,0,1.0,Closed,clear_majority
722179,60095278,17,17,15,2,0.882,Closed,clear_majority
722180,60008121,19,19,17,2,0.895,Closed,clear_majority
722674,60093282,18,18,16,2,0.889,Closed,clear_majority
722684,60093283,18,18,17,1,0.944,Closed,clear_majority
722694,60093246,4,4,4,0,1.0,Closed,clear_majority
722707,60093247,17,17,16,1,0.941,Closed,clear_majority
722727,60095286,18,18,18,0,1.0,Closed,clear_majority
722941,60093245,18,18,18,0,1.0,Closed,clear_majority
722942,60093242,18,18,18,0,1.0,Closed,clear_majority
722944,60093241,17,17,17,0,1.0,Closed,clear_majority
723255,60094245,20,20,20,0,1.0,Closed,clear_majority
723564,60093257,12,12,6,6,0.5,Closed,mixed
723565,60095261,18,18,18,0,1.0,Closed,clear_majority
723772,60095280,18,18,18,0,1.0,Closed,clear_majority
723786,60093264,18,18,18,0,1.0,Closed,clear_majority
723796,60093265,18,18,18,0,1.0,Closed,clear_majority
723831,60093250,3,3,3,0,1.0,Closed,clear_majority
724069,60112523,15,15,15,0,1.0,Closed,clear_majority
724071,60095307,18,18,18,0,1.0,Closed,clear_majority
724168,60093279,13,13,11,2,0.846,Closed,clear_majority
724177,60093280,15,15,13,2,0.867,Closed,clear_majority
724186,60093281,15,15,13,2,0.867,Closed,clear_majority
724226,60093235,18,18,16,2,0.889,Closed,clear_majority
724236,60093236,18,18,16,2,0.889,Closed,clear_majority
724245,60093237,18,18,9,9,0.5,Closed,mixed
724454,60095282,18,18,18,0,1.0,Closed,clear_majority
724455,60095279,18,18,16,2,0.889,Closed,clear_majority
724456,60095281,18,18,18,0,1.0,Closed,clear_majority
724569,60094862,19,19,19,0,1.0,Closed,clear_majority
724807,60112514,16,16,16,0,1.0,Closed,clear_majority
724808,60112513,16,16,16,0,1.0,Closed,clear_majority
724873,60098236,14,14,12,2,0.857,Closed,clear_majority
724917,60094853,19,19,19,0,1.0,Closed,clear_majority
725073,60006182,18,18,18,0,1.0,Closed,clear_majority
725213,60094864,19,19,19,0,1.0,Closed,clear_majority
725214,60095285,18,18,18,0,1.0,Closed,clear_majority
725267,60112713,16,16,15,1,0.938,Closed,clear_majority
725349,60093255,3,3,3,0,1.0,Closed,clear_majority
725626,60112653,16,16,16,0,1.0,Closed,clear_majority
725627,60112652,16,16,16,0,1.0,Closed,clear_majority
726424,60095287,18,18,18,0,1.0,Closed,clear_majority
726475,60097951,14,14,14,0,1.0,Closed,clear_majority
726484,60097952,14,14,14,0,1.0,Closed,clear_majority
726511,60093251,18,18,18,0,1.0,Closed,clear_majority
726512,60093252,18,18,18,0,1.0,Closed,clear_majority
726532,60094847,19,19,19,0,1.0,Closed,clear_majority
726570,60097946,14,14,7,7,0.5,Closed,mixed
726571,60093238,18,18,11,7,0.611,Closed,mixed
726658,60093239,18,18,18,0,1.0,Closed,clear_majority
726765,60095284,18,18,18,0,1.0,Closed,clear_majority
726793,60095237,18,18,18,0,1.0,Closed,clear_majority
726797,60098838,11,11,10,1,0.909,Closed,clear_majority
726798,60008376,18,18,18,0,1.0,Closed,clear_majority
726908,60095265,18,18,17,1,0.944,Closed,clear_majority
726936,60095238,18,18,18,0,1.0,Closed,clear_majority
726937,60093244,16,16,16,0,1.0,Closed,clear_majority
726990,60111661,15,15,15,0,1.0,Closed,clear_majority
726991,60111660,15,15,15,0,1.0,Closed,clear_majority
727060,60098265,10,10,9,1,0.9,Closed,clear_majority
727061,60098264,10,10,9,1,0.9,Closed,clear_majority
727260,60095288,18,18,18,0,1.0,Closed,clear_majority
727261,60095289,18,18,18,0,1.0,Closed,clear_majority
727508,60095259,18,18,9,9,0.5,Closed,mixed
727767,60112511,15,15,9,6,0.6,Closed,mixed
727960,60112660,15,15,14,1,0.933,Closed,clear_majority
727987,60097950,14,14,11,3,0.786,Closed,mixed
727989,60095245,18,18,11,7,0.611,Closed,mixed
727990,60095244,16,16,9,7,0.562,Closed,mixed
728133,60095250,18,18,18,0,1.0,Closed,clear_majority
728337,60112741,15,15,15,0,1.0,Closed,clear_majority
728469,60095256,18,18,18,0,1.0,Closed,clear_majority
728530,60110863,15,15,15,0,1.0,Closed,clear_majority
728531,60110868,15,15,15,0,1.0,Closed,clear_majority
728553,60095728,17,17,17,0,1.0,Closed,clear_majority
728562,60095730,17,17,17,0,1.0,Closed,clear_majority
728600,60096999,15,15,14,1,0.933,Closed,clear_majority
728601,60097000,15,15,14,1,0.933,Closed,clear_majority
728693,60095707,17,17,17,0,1.0,Closed,clear_majority
728776,60094249,18,18,18,0,1.0,Closed,clear_majority
728777,60094250,18,18,18,0,1.0,Closed,clear_majority
728842,60095306,18,18,17,1,0.944,Closed,clear_majority
728935,60095305,18,18,18,0,1.0,Closed,clear_majority
728957,60095708,17,17,10,7,0.588,Closed,mixed
728958,60095709,17,17,10,7,0.588,Closed,mixed
729044,60095249,18,18,15,3,0.833,Closed,clear_majority
729229,60095248,18,18,18,0,1.0,Closed,clear_majority
729487,60099711,7,7,3,4,0.429,Open,mixed
729488,60095264,14,14,11,3,0.786,Closed,mixed
729701,60112850,14,14,13,1,0.929,Closed,clear_majority
730816,60110846,15,15,15,0,1.0,Closed,clear_majority
730817,60110845,15,15,15,0,1.0,Closed,clear_majority
730869,60095243,18,18,17,1,0.944,Closed,clear_majority
730890,60095266,18,18,17,1,0.944,Closed,clear_majority
730891,60096219,16,16,8,8,0.5,Closed,mixed
730907,60012750,14,14,3,11,0.214,Open,mixed
730908,60012752,14,14,3,11,0.214,Open,mixed
730921,60095297,18,18,12,6,0.667,Closed,mixed
730922,60095298,18,18,7,11,0.389,Open,mixed
730937,60012935,14,14,3,11,0.214,Open,mixed
730942,60094242,20,20,20,0,1.0,Closed,clear_majority
731061,60095240,18,18,18,0,1.0,Closed,clear_majority
731071,60095241,2,2,2,0,1.0,Closed,clear_majority
731081,60097947,14,14,14,0,1.0,Closed,clear_majority
731206,60095301,18,18,17,1,0.944,Closed,clear_majority
731220,60095274,18,18,15,3,0.833,Closed,clear_majority
731221,60001518,18,18,14,4,0.778,Closed,mixed
731232,60095720,17,17,17,0,1.0,Closed,clear_majority
731233,60095719,17,17,17,0,1.0,Closed,clear_majority
731626,60095729,17,17,17,0,1.0,Closed,clear_majority
731819,60112656,14,14,14,0,1.0,Closed,clear_majority
731935,60112728,14,14,14,0,1.0,Closed,clear_majority
731938,60112729,14,14,14,0,1.0,Closed,clear_majority
731979,60096311,15,15,15,0,1.0,Closed,clear_majority
731980,60096312,15,15,15,0,1.0,Closed,clear_majority
732011,60095328,16,16,15,1,0.938,Closed,clear_majority
732012,60095329,16,16,15,1,0.938,Closed,clear_majority
732013,60095330,16,16,15,1,0.938,Closed,clear_majority
732104,60095332,16,16,16,0,1.0,Closed,clear_majority
732114,60095333,16,16,16,0,1.0,Closed,clear_majority
732128,60095669,16,16,16,0,1.0,Closed,clear_majority
732137,60095671,16,16,16,0,1.0,Closed,clear_majority
732233,60001598,18,18,16,2,0.889,Closed,clear_majority
732242,60095272,18,18,18,0,1.0,Closed,clear_majority
732716,60095300,18,18,18,0,1.0,Closed,clear_majority
732759,60094269,18,18,18,0,1.0,Closed,clear_majority
732769,60094270,18,18,18,0,1.0,Closed,clear_majority
732784,60095291,18,18,18,0,1.0,Closed,clear_majority
732794,60095290,18,18,18,0,1.0,Closed,clear_majority
732978,60009635,18,18,17,1,0.944,Closed,clear_majority
733075,60095319,15,15,15,0,1.0,Closed,clear_majority
733091,60095276,18,18,10,8,0.556,Closed,mixed
733092,60095277,18,18,10,8,0.556,Closed,mixed
733105,60094281,18,18,18,0,1.0,Closed,clear_majority
733136,60095293,18,18,0,18,0.0,Open,clear_majority
733203,60094282,6,6,6,0,1.0,Closed,clear_majority
733204,60095242,10,10,10,0,1.0,Closed,clear_majority
733300,60094260,18,18,18,0,1.0,Closed,clear_majority
733301,60095254,18,18,18,0,1.0,Closed,clear_majority
733302,60095253,18,18,18,0,1.0,Closed,clear_majority
733510,60096225,13,13,13,0,1.0,Closed,clear_majority
733914,60098209,14,14,3,11,0.214,Open,mixed
733915,60098210,14,14,3,11,0.214,Open,mixed
734093,60112082,15,15,15,0,1.0,Closed,clear_majority
734094,60112081,15,15,15,0,1.0,Closed,clear_majority
734150,60094886,17,17,12,5,0.706,Closed,mixed
734160,60094887,17,17,12,5,0.706,Closed,mixed
734278,60094276,18,18,17,1,0.944,Closed,clear_majority
734279,60094277,18,18,17,1,0.944,Closed,clear_majority
734284,60095258,18,18,18,0,1.0,Closed,clear_majority
734561,60112739,15,15,15,0,1.0,Closed,clear_majority
734629,60095718,17,17,6,11,0.353,Open,mixed
734630,60104071,6,6,5,1,0.833,Closed,clear_majority
735006,60112363,14,14,14,0,1.0,Closed,clear_majority
735179,60095334,16,16,16,0,1.0,Closed,clear_majority
735180,60095335,16,16,16,0,1.0,Closed,clear_majority
735181,60096229,16,16,16,0,1.0,Closed,clear_majority
735182,60096218,16,16,16,0,1.0,Closed,clear_majority
735266,60095685,15,15,3,12,0.2,Open,mixed
735404,60096223,16,16,16,0,1.0,Closed,clear_majority
735513,60112740,15,15,15,0,1.0,Closed,clear_majority
735527,60096230,16,16,16,0,1.0,Closed,clear_majority
735528,60096231,16,16,16,0,1.0,Closed,clear_majority
735530,60095725,17,17,8,9,0.471,Open,mixed
735533,60095714,16,16,8,8,0.5,Closed,mixed
736034,60095321,15,15,15,0,1.0,Closed,clear_majority
736073,60111112,15,15,12,3,0.8,Closed,mixed
736074,60111111,15,15,12,3,0.8,Closed,mixed
736134,60097953,14,14,14,0,1.0,Closed,clear_majority
736144,60097954,14,14,14,0,1.0,Closed,clear_majority
736181,60112085,13,13,5,8,0.385,Open,mixed
736258,60097006,15,15,3,12,0.2,Open,mixed
736361,60095325,16,16,12,4,0.75,Closed,mixed
736750,60112500,14,14,14,0,1.0,Closed,clear_majority
736751,60112501,14,14,14,0,1.0,Closed,clear_majority
736929,60095296,18,18,18,0,1.0,Closed,clear_majority
737045,60096228,16,16,16,0,1.0,Closed,clear_majority
737164,60095260,18,18,18,0,1.0,Closed,clear_majority
737270,60111158,13,13,13,0,1.0,Closed,clear_majority
737321,60097017,15,15,12,3,0.8,Closed,mixed
737356,60097020,15,15,12,3,0.8,Closed,mixed
737537,60095731,17,17,17,0,1.0,Closed,clear_majority
737645,60112525,14,14,14,0,1.0,Closed,clear_majority
737646,60112524,14,14,14,0,1.0,Closed,clear_majority
738073,60112045,14,14,10,4,0.714,Closed,mixed
738091,60095723,17,17,15,2,0.882,Closed,clear_majority
738103,60112526,14,14,11,3,0.786,Closed,mixed
738157,60094813,18,18,18,0,1.0,Closed,clear_majority
738158,60094812,18,18,18,0,1.0,Closed,clear_majority
738211,60096234,16,16,5,11,0.312,Open,mixed
738548,60095706,15,15,15,0,1.0,Closed,clear_majority
738571,60096313,15,15,15,0,1.0,Closed,clear_majority
738572,60096314,15,15,15,0,1.0,Closed,clear_majority
738651,60095267,15,15,15,0,1.0,Closed,clear_majority
738662,60096214,16,16,16,0,1.0,Closed,clear_majority
738952,60112079,13,13,13,0,1.0,Closed,clear_majority
738953,60112080,13,13,13,0,1.0,Closed,clear_majority
739255,60112390,14,14,13,1,0.929,Closed,clear_majority
739256,60112391,14,14,13,1,0.929,Closed,clear_majority
739285,60097026,14,14,8,6,0.571,Closed,mixed
739286,60097025,15,15,13,2,0.867,Closed,clear_majority
739559,60112041,13,13,11,2,0.846,Closed,clear_majority
739560,60112042,13,13,11,2,0.846,Closed,clear_majority
739596,60095283,18,18,5,13,0.278,Open,mixed
739597,60095275,18,18,5,13,0.278,Open,mixed
739810,60112236,13,13,13,0,1.0,Closed,clear_majority
740323,60112032,13,13,12,1,0.923,Closed,clear_majority
740419,60097008,15,15,12,3,0.8,Closed,mixed
740503,60098241,14,14,13,1,0.929,Closed,clear_majority
740584,60098207,14,14,12,2,0.857,Closed,clear_majority
740585,60099706,10,10,10,0,1.0,Closed,clear_majority
740604,60096222,16,16,15,1,0.938,Closed,clear_majority
740605,60096221,16,16,15,1,0.938,Closed,clear_majority
740640,60097007,15,15,4,11,0.267,Open,mixed
740952,60097021,15,15,4,11,0.267,Open,mixed
740953,60096991,15,15,4,11,0.267,Open,mixed
741006,60096990,15,15,4,11,0.267,Open,mixed
741007,60096989,15,15,4,11,0.267,Open,mixed
741044,60096985,13,13,13,0,1.0,Closed,clear_majority
741094,60098027,0,0,0,0,,,no_pto_data
741116,60095183,10,10,9,1,0.9,Closed,clear_majority
741167,60095705,17,17,17,0,1.0,Closed,clear_majority
741227,60097010,15,15,15,0,1.0,Closed,clear_majority
741237,60097009,15,15,15,0,1.0,Closed,clear_majority
741334,60097047,6,6,6,0,1.0,Closed,clear_majority
741342,60098205,14,14,14,0,1.0,Closed,clear_majority
741350,60097049,4,4,3,1,0.75,Closed,mixed
741360,60097054,5,5,4,1,0.8,Closed,mixed
741499,60098084,14,14,14,0,1.0,Closed,clear_majority
741521,60096988,15,15,12,3,0.8,Closed,mixed
741522,60096987,15,15,12,3,0.8,Closed,mixed
741565,60095746,15,15,13,2,0.867,Closed,clear_majority
741566,60096983,15,15,14,1,0.933,Closed,clear_majority
741571,60095741,13,13,13,0,1.0,Closed,clear_majority
741707,60097001,15,15,0,15,0.0,Open,clear_majority
741708,60097002,15,15,0,15,0.0,Open,clear_majority
741791,60096215,16,16,16,0,1.0,Closed,clear_majority
741792,60096216,16,16,16,0,1.0,Closed,clear_majority
741869,60002420,19,19,18,1,0.947,Closed,clear_majority
741870,60096998,15,15,15,0,1.0,Closed,clear_majority
741970,60011211,18,18,11,7,0.611,Closed,mixed
741993,60096986,15,15,15,0,1.0,Closed,clear_majority
742106,60096993,6,6,2,4,0.333,Open,mixed
742107,60097023,15,15,12,3,0.8,Closed,mixed
742108,60096992,12,12,8,4,0.667,Closed,mixed
742145,60111658,12,12,10,2,0.833,Closed,clear_majority
742146,60111657,12,12,10,2,0.833,Closed,clear_majority
742212,60095743,15,15,14,1,0.933,Closed,clear_majority
742221,60095744,15,15,14,1,0.933,Closed,clear_majority
742409,60000781,18,18,11,7,0.611,Closed,mixed
742457,60097003,15,15,15,0,1.0,Closed,clear_majority
742458,60097004,15,15,15,0,1.0,Closed,clear_majority
742499,60097015,15,15,15,0,1.0,Closed,clear_majority
742500,60097014,15,15,15,0,1.0,Closed,clear_majority
742501,60097019,15,15,15,0,1.0,Closed,clear_majority
742502,60097018,15,15,15,0,1.0,Closed,clear_majority
742542,60097024,15,15,14,1,0.933,Closed,clear_majority
742753,60096233,16,16,12,4,0.75,Closed,mixed
742761,60097022,15,15,15,0,1.0,Closed,clear_majority
742953,60112853,12,12,12,0,1.0,Closed,clear_majority
743175,60112048,12,12,12,0,1.0,Closed,clear_majority
743176,60112047,12,12,12,0,1.0,Closed,clear_majority
743377,60112240,12,12,12,0,1.0,Closed,clear_majority
743577,60112510,11,11,10,1,0.909,Closed,clear_majority
743578,60112509,11,11,10,1,0.909,Closed,clear_majority
743969,60096338,14,14,3,11,0.214,Open,mixed
743978,60000472,13,13,2,11,0.154,Open,clear_majority
744333,60112518,12,12,12,0,1.0,Closed,clear_majority
744602,60095710,17,17,10,7,0.588,Closed,mixed
744603,60096981,15,15,15,0,1.0,Closed,clear_majority
744724,60112385,12,12,12,0,1.0,Closed,clear_majority
744779,60104540,6,6,6,0,1.0,Closed,clear_majority
744828,60096339,3,3,3,0,1.0,Closed,clear_majority
744838,60096340,3,3,3,0,1.0,Closed,clear_majority
745053,60095303,18,18,17,1,0.944,Closed,clear_majority
745255,60112661,15,15,14,1,0.933,Closed,clear_majority
745266,60095722,17,17,17,0,1.0,Closed,clear_majority
745448,60112239,15,15,15,0,1.0,Closed,clear_majority
745466,60095304,18,18,17,1,0.944,Closed,clear_majority
745547,60095299,18,18,18,0,1.0,Closed,clear_majority
745660,60112044,15,15,15,0,1.0,Closed,clear_majority
745925,60098040,5,5,5,0,1.0,Closed,clear_majority
745938,60094873,19,19,19,0,1.0,Closed,clear_majority
746235,60096325,14,14,14,0,1.0,Closed,clear_majority
746245,60096326,14,14,14,0,1.0,Closed,clear_majority
746255,60096330,14,14,14,0,1.0,Closed,clear_majority
746264,60096331,14,14,14,0,1.0,Closed,clear_majority
746417,60096334,14,14,14,0,1.0,Closed,clear_majority
746427,60096356,5,5,5,0,1.0,Closed,clear_majority
746440,60098221,14,14,14,0,1.0,Closed,clear_majority
746453,60096320,14,14,14,0,1.0,Closed,clear_majority
746463,60096321,14,14,14,0,1.0,Closed,clear_majority
746464,60096335,14,14,14,0,1.0,Closed,clear_majority
746473,60098220,8,8,8,0,1.0,Closed,clear_majority
746498,60096336,14,14,14,0,1.0,Closed,clear_majority
746598,60097013,15,15,15,0,1.0,Closed,clear_majority
746713,60096232,16,16,16,0,1.0,Closed,clear_majority
746819,60096343,17,17,8,9,0.471,Open,mixed
747452,60098237,14,14,8,6,0.571,Closed,mixed
747485,60096908,8,8,2,6,0.25,Open,mixed
747516,60098215,6,6,4,2,0.667,Closed,mixed
747646,60096354,14,14,14,0,1.0,Closed,clear_majority
747726,60096360,6,6,5,1,0.833,Closed,clear_majority
747736,60098248,14,14,13,1,0.929,Closed,clear_majority
747851,60096323,14,14,8,6,0.571,Closed,mixed
747861,60113935,1,1,1,0,1.0,Closed,clear_majority
748006,60096366,2,2,2,0,1.0,Closed,clear_majority
748007,60096333,14,14,14,0,1.0,Closed,clear_majority
748012,60098233,13,13,12,1,0.923,Closed,clear_majority
748013,60098229,14,14,14,0,1.0,Closed,clear_majority
748067,60096315,13,13,1,12,0.077,Open,clear_majority
748076,60096316,14,14,2,12,0.143,Open,clear_majority
748086,60096317,3,3,1,2,0.333,Open,mixed
748095,60096318,13,13,1,12,0.077,Open,clear_majority
748170,60098217,14,14,13,1,0.929,Closed,clear_majority
748171,60096345,8,8,7,1,0.875,Closed,clear_majority
748216,60096357,14,14,14,0,1.0,Closed,clear_majority
748217,60098223,14,14,14,0,1.0,Closed,clear_majority
748509,60096347,12,12,8,4,0.667,Closed,mixed
748510,60002519,14,14,8,6,0.571,Closed,mixed
748511,60098212,12,12,8,4,0.667,Closed,mixed
748680,60111150,11,11,10,1,0.909,Closed,clear_majority
748681,60111153,11,11,10,1,0.909,Closed,clear_majority
748706,60111151,11,11,10,1,0.909,Closed,clear_majority
748707,60111152,11,11,10,1,0.909,Closed,clear_majority
749349,60112051,11,11,11,0,1.0,Closed,clear_majority
749362,60097034,3,3,2,1,0.667,Closed,mixed
749367,60097035,7,7,6,1,0.857,Closed,clear_majority
749621,60098239,14,14,12,2,0.857,Closed,clear_majority
749646,60098922,10,10,5,5,0.5,Closed,mixed
750147,60112031,11,11,11,0,1.0,Closed,clear_majority
750148,60112030,11,11,11,0,1.0,Closed,clear_majority
750443,60097063,14,14,14,0,1.0,Closed,clear_majority
750453,60097064,14,14,14,0,1.0,Closed,clear_majority
750523,60097053,1,1,1,0,1.0,Closed,clear_majority
750537,60098632,12,12,12,0,1.0,Closed,clear_majority
750550,60097036,1,1,0,1,0.0,Open,clear_majority
750551,60097037,4,4,3,1,0.75,Closed,mixed
750683,60112092,11,11,11,0,1.0,Closed,clear_majority
750743,60098267,14,14,13,1,0.929,Closed,clear_majority
750744,60097027,15,15,15,0,1.0,Closed,clear_majority
750745,60098242,14,14,13,1,0.929,Closed,clear_majority
750746,60096994,15,15,15,0,1.0,Closed,clear_majority
750870,60097076,14,14,13,1,0.929,Closed,clear_majority
750965,60098232,11,11,7,4,0.636,Closed,mixed
750995,60098234,14,14,13,1,0.929,Closed,clear_majority
751193,60110886,11,11,11,0,1.0,Closed,clear_majority
751194,60111286,11,11,11,0,1.0,Closed,clear_majority
751202,60098211,13,13,12,1,0.923,Closed,clear_majority
751203,60098261,14,14,13,1,0.929,Closed,clear_majority
751291,60097069,14,14,14,0,1.0,Closed,clear_majority
751300,60097070,14,14,14,0,1.0,Closed,clear_majority
751384,60097071,14,14,14,0,1.0,Closed,clear_majority
751481,60098363,12,12,12,0,1.0,Closed,clear_majority
751622,60097041,4,4,4,0,1.0,Closed,clear_majority
751635,60098225,14,14,14,0,1.0,Closed,clear_majority
751915,60098263,14,14,13,1,0.929,Closed,clear_majority
752028,60095721,17,17,17,0,1.0,Closed,clear_majority
752220,60112742,14,14,14,0,1.0,Closed,clear_majority
752476,60112049,14,14,11,3,0.786,Closed,mixed
752785,60112658,13,13,13,0,1.0,Closed,clear_majority
752820,60097016,15,15,12,3,0.8,Closed,mixed
753270,60001623,19,19,17,2,0.895,Closed,clear_majority
753285,60098243,13,13,13,0,1.0,Closed,clear_majority
753296,60097066,0,0,0,0,,,no_pto_data
753325,60096227,16,16,12,4,0.75,Closed,mixed
753762,60098258,14,14,13,1,0.929,Closed,clear_majority
753834,60098260,12,12,11,1,0.917,Closed,clear_majority
753861,60112364,11,11,11,0,1.0,Closed,clear_majority
754003,60110877,11,11,11,0,1.0,Closed,clear_majority
754004,60110878,11,11,11,0,1.0,Closed,clear_majority
754065,60098235,14,14,14,0,1.0,Closed,clear_majority
754145,60098644,12,12,12,0,1.0,Closed,clear_majority
754146,60098643,12,12,12,0,1.0,Closed,clear_majority
754336,60098086,12,12,12,0,1.0,Closed,clear_majority
754356,60097074,12,12,12,0,1.0,Closed,clear_majority
754376,60098112,14,14,11,3,0.786,Closed,mixed
754386,60098214,12,12,12,0,1.0,Closed,clear_majority
754537,60098085,4,4,3,1,0.75,Closed,mixed
754546,60097072,14,14,13,1,0.929,Closed,clear_majority
754600,60097045,14,14,14,0,1.0,Closed,clear_majority
754605,60098238,14,14,8,6,0.571,Closed,mixed
754610,60097046,14,14,14,0,1.0,Closed,clear_majority
754611,60097058,14,14,8,6,0.571,Closed,mixed
754624,60008722,16,16,15,1,0.938,Closed,clear_majority
754632,60104522,6,6,6,0,1.0,Closed,clear_majority
754699,60098636,12,12,0,12,0.0,Open,clear_majority
754700,60098637,12,12,3,9,0.25,Open,mixed
754784,60098244,14,14,14,0,1.0,Closed,clear_majority
754785,60097413,3,3,3,0,1.0,Closed,clear_majority
754787,60110772,11,11,11,0,1.0,Closed,clear_majority
754788,60111236,11,11,11,0,1.0,Closed,clear_majority
755000,60098259,14,14,13,1,0.929,Closed,clear_majority
755071,60098277,0,0,0,0,,,no_pto_data
755078,60098641,9,9,9,0,1.0,Closed,clear_majority
755084,60098414,10,10,10,0,1.0,Closed,clear_majority
755245,60097043,14,14,14,0,1.0,Closed,clear_majority
755246,60097044,12,12,12,0,1.0,Closed,clear_majority
755247,60098109,13,13,9,4,0.692,Closed,mixed
755444,60097078,14,14,8,6,0.571,Closed,mixed
755461,60097079,14,14,8,6,0.571,Closed,mixed
755466,60098252,14,14,8,6,0.571,Closed,mixed
755471,60098253,14,14,7,7,0.5,Closed,mixed
755569,60098257,14,14,14,0,1.0,Closed,clear_majority
755635,60098357,12,12,12,0,1.0,Closed,clear_majority
755661,60111121,12,12,12,0,1.0,Closed,clear_majority
755662,60111099,12,12,12,0,1.0,Closed,clear_majority
755816,60112527,11,11,11,0,1.0,Closed,clear_majority
755831,60098358,11,11,11,0,1.0,Closed,clear_majority
755892,60098926,10,10,10,0,1.0,Closed,clear_majority
756058,60099692,10,10,0,10,0.0,Open,clear_majority
756065,60098933,9,9,9,0,1.0,Closed,clear_majority
756069,60099687,10,10,10,0,1.0,Closed,clear_majority
756079,60099688,10,10,10,0,1.0,Closed,clear_majority
756094,60099698,10,10,5,5,0.5,Closed,mixed
756095,60099699,10,10,5,5,0.5,Closed,mixed
756154,60101286,9,9,7,2,0.778,Closed,mixed
756155,60101285,9,9,7,2,0.778,Closed,mixed
756190,60099693,10,10,0,10,0.0,Open,clear_majority
756191,60099694,10,10,0,10,0.0,Open,clear_majority
756260,60101287,9,9,9,0,1.0,Closed,clear_majority
756261,60101288,9,9,9,0,1.0,Closed,clear_majority
756421,60098919,10,10,10,0,1.0,Closed,clear_majority
756433,60099685,10,10,10,0,1.0,Closed,clear_majority
757237,60112521,10,10,10,0,1.0,Closed,clear_majority
757324,60098228,14,14,9,5,0.643,Closed,mixed
757400,60098262,14,14,14,0,1.0,Closed,clear_majority
757428,60103491,8,8,0,8,0.0,Open,clear_majority
757429,60103490,8,8,0,8,0.0,Open,clear_majority
757757,60098517,11,11,11,0,1.0,Closed,clear_majority
757768,60096171,15,15,15,0,1.0,Closed,clear_majority
757769,60096170,15,15,15,0,1.0,Closed,clear_majority
757976,60098268,14,14,13,1,0.929,Closed,clear_majority
758492,60112229,11,11,11,0,1.0,Closed,clear_majority
758764,60112636,11,11,11,0,1.0,Closed,clear_majority
758952,60112743,11,11,11,0,1.0,Closed,clear_majority
759604,60112503,11,11,9,2,0.818,Closed,clear_majority
760044,60112087,11,11,11,0,1.0,Closed,clear_majority
760045,60112086,11,11,11,0,1.0,Closed,clear_majority
760521,60098246,14,14,14,0,1.0,Closed,clear_majority
760782,60097011,15,15,14,1,0.933,Closed,clear_majority
761156,60111897,11,11,4,7,0.364,Open,mixed
761157,60111896,11,11,4,7,0.364,Open,mixed
761158,60111898,11,11,4,7,0.364,Open,mixed
761162,60098269,14,14,4,10,0.286,Open,mixed
761811,60098254,14,14,14,0,1.0,Closed,clear_majority
762061,60098916,10,10,3,7,0.3,Open,mixed
762062,60098915,10,10,3,7,0.3,Open,mixed
762088,60098917,10,10,3,7,0.3,Open,mixed
762299,60098629,12,12,11,1,0.917,Closed,clear_majority
762639,60097005,15,15,0,15,0.0,Open,clear_majority
762671,60098630,12,12,11,1,0.917,Closed,clear_majority
762734,60098245,14,14,13,1,0.929,Closed,clear_majority
762936,60112365,11,11,11,0,1.0,Closed,clear_majority
762944,60098266,14,14,13,1,0.929,Closed,clear_majority
763013,60110972,11,11,11,0,1.0,Closed,clear_majority
763014,60110971,11,11,11,0,1.0,Closed,clear_majority
763351,60112046,11,11,11,0,1.0,Closed,clear_majority
763544,60112723,11,11,11,0,1.0,Closed,clear_majority
763887,60112662,11,11,11,0,1.0,Closed,clear_majority
764055,60112392,11,11,11,0,1.0,Closed,clear_majority
764197,60112238,11,11,11,0,1.0,Closed,clear_majority
764357,60098240,14,14,14,0,1.0,Closed,clear_majority
764548,60112241,10,10,10,0,1.0,Closed,clear_majority
764560,60098230,14,14,14,0,1.0,Closed,clear_majority
764581,60098362,12,12,12,0,1.0,Closed,clear_majority
764610,60111095,11,11,0,11,0.0,Open,clear_majority
764611,60111094,11,11,0,11,0.0,Open,clear_majority
764625,60003933,20,20,20,0,1.0,Closed,clear_majority
765198,60112088,11,11,11,0,1.0,Closed,clear_majority
765291,60112245,11,11,11,0,1.0,Closed,clear_majority
765292,60112246,11,11,11,0,1.0,Closed,clear_majority
765335,60112657,11,11,11,0,1.0,Closed,clear_majority
765560,60104523,6,6,6,0,1.0,Closed,clear_majority
765607,60098607,5,5,1,4,0.2,Open,mixed
765608,60098606,5,5,1,4,0.2,Open,mixed
765612,60098920,8,8,7,1,0.875,Closed,clear_majority
765739,60098417,11,11,10,1,0.909,Closed,clear_majority
765847,60098256,14,14,14,0,1.0,Closed,clear_majority
765859,60098924,10,10,2,8,0.2,Open,mixed
765899,60103500,8,8,0,8,0.0,Open,clear_majority
766631,60112090,11,11,11,0,1.0,Closed,clear_majority
766632,60112091,11,11,11,0,1.0,Closed,clear_majority
767214,60112659,10,10,10,0,1.0,Closed,clear_majority
767326,60098925,10,10,10,0,1.0,Closed,clear_majority
767495,60098918,5,5,5,0,1.0,Closed,clear_majority
767761,60112663,10,10,10,0,1.0,Closed,clear_majority
767957,60112528,10,10,10,0,1.0,Closed,clear_majority
767958,60112529,10,10,10,0,1.0,Closed,clear_majority
768119,60112823,10,10,10,0,1.0,Closed,clear_majority
768489,60104539,6,6,2,4,0.333,Open,mixed
768550,60098662,10,10,10,0,1.0,Closed,clear_majority
768560,60098663,10,10,10,0,1.0,Closed,clear_majority
768572,60103467,8,8,0,8,0.0,Open,clear_majority
768792,60110598,6,6,5,1,0.833,Closed,clear_majority
769530,60112089,11,11,11,0,1.0,Closed,clear_majority
769559,60098335,6,6,6,0,1.0,Closed,clear_majority
769825,60112854,11,11,11,0,1.0,Closed,clear_majority
770697,60099704,9,9,9,0,1.0,Closed,clear_majority
770715,60099705,9,9,9,0,1.0,Closed,clear_majority
770769,60099689,10,10,4,6,0.4,Open,mixed
770770,60099690,10,10,0,10,0.0,Open,clear_majority
770771,60099691,10,10,0,10,0.0,Open,clear_majority
770854,60098247,14,14,8,6,0.571,Closed,mixed
771031,60112508,11,11,11,0,1.0,Closed,clear_majority
771153,60112505,10,10,10,0,1.0,Closed,clear_majority
771154,60112506,10,10,10,0,1.0,Closed,clear_majority
771155,60112504,10,10,10,0,1.0,Closed,clear_majority
771202,60099697,10,10,10,0,1.0,Closed,clear_majority
771642,60112393,10,10,10,0,1.0,Closed,clear_majority
771643,60112394,10,10,10,0,1.0,Closed,clear_majority
771736,60099486,9,9,8,1,0.889,Closed,clear_majority
771746,60099487,9,9,8,1,0.889,Closed,clear_majority
771795,60103487,8,8,8,0,1.0,Closed,clear_majority
771796,60103485,8,8,8,0,1.0,Closed,clear_majority
771886,60099712,10,10,4,6,0.4,Open,mixed
771950,60099695,10,10,7,3,0.7,Closed,mixed
772101,60112744,10,10,7,3,0.7,Closed,mixed
772633,60098638,12,12,12,0,1.0,Closed,clear_majority
772647,60098639,12,12,9,3,0.75,Closed,mixed
773015,60098633,12,12,12,0,1.0,Closed,clear_majority
773258,60098634,11,11,11,0,1.0,Closed,clear_majority
773262,60099683,10,10,10,0,1.0,Closed,clear_majority
773522,60098914,10,10,10,0,1.0,Closed,clear_majority
773744,60098642,10,10,5,5,0.5,Closed,mixed
774063,60112043,10,10,10,0,1.0,Closed,clear_majority
774129,60101283,9,9,7,2,0.778,Closed,mixed
774142,60101300,8,8,7,1,0.875,Closed,clear_majority
774156,60101301,8,8,8,0,1.0,Closed,clear_majority
774169,60101302,8,8,8,0,1.0,Closed,clear_majority
774258,60103486,8,8,1,7,0.125,Open,clear_majority
774296,60111156,9,9,0,9,0.0,Open,clear_majority
774297,60111165,9,9,0,9,0.0,Open,clear_majority
774317,60111157,9,9,0,9,0.0,Open,clear_majority
774318,60111316,9,9,0,9,0.0,Open,clear_majority
774395,60098937,9,9,8,1,0.889,Closed,clear_majority
774537,60101279,9,9,9,0,1.0,Closed,clear_majority
774594,60101284,9,9,5,4,0.556,Closed,mixed
774620,60101280,9,9,0,9,0.0,Open,clear_majority
774826,60001622,17,17,9,8,0.529,Closed,mixed
774827,60103494,8,8,6,2,0.75,Closed,mixed
774920,60101294,9,9,0,9,0.0,Open,clear_majority
774921,60101295,9,9,0,9,0.0,Open,clear_majority
775225,60003332,13,13,4,9,0.308,Open,mixed
775324,60103489,8,8,1,7,0.125,Open,clear_majority
775333,60098934,9,9,8,1,0.889,Closed,clear_majority
775342,60098935,9,9,8,1,0.889,Closed,clear_majority
775406,60103488,8,8,1,7,0.125,Open,clear_majority
775520,60103477,8,8,8,0,1.0,Closed,clear_majority
775882,60112054,9,9,9,0,1.0,Closed,clear_majority
776413,60112050,9,9,9,0,1.0,Closed,clear_majority
776463,60112093,9,9,8,1,0.889,Closed,clear_majority
776472,60110700,10,10,10,0,1.0,Closed,clear_majority
776608,60112532,8,8,7,1,0.875,Closed,clear_majority
776691,60103501,8,8,8,0,1.0,Closed,clear_majority
776693,60103502,8,8,8,0,1.0,Closed,clear_majority
776949,60096364,14,14,14,0,1.0,Closed,clear_majority
776959,60098206,5,5,5,0,1.0,Closed,clear_majority
817256,60098250,14,14,13,1,0.929,Closed,clear_majority
817269,60098251,14,14,13,1,0.929,Closed,clear_majority
817422,60096348,14,14,14,0,1.0,Closed,clear_majority
817432,60096349,14,14,14,0,1.0,Closed,clear_majority
817441,60096350,14,14,14,0,1.0,Closed,clear_majority
817450,60096351,14,14,14,0,1.0,Closed,clear_majority
817459,60096352,14,14,14,0,1.0,Closed,clear_majority
817468,60096353,14,14,13,1,0.929,Closed,clear_majority
823689,60112495,9,9,9,0,1.0,Closed,clear_majority
823690,60112496,9,9,9,0,1.0,Closed,clear_majority
824101,60112039,9,9,8,1,0.889,Closed,clear_majority
824576,60100634,1,1,1,0,1.0,Closed,clear_majority
826545,60112244,7,7,7,0,1.0,Closed,clear_majority
826546,60112242,7,7,7,0,1.0,Closed,clear_majority
826583,60099726,4,4,4,0,1.0,Closed,clear_majority
826584,60099727,4,4,4,0,1.0,Closed,clear_majority
826643,60101282,9,9,5,4,0.556,Closed,mixed
827094,60112531,9,9,5,4,0.556,Closed,mixed
827121,60104560,0,0,0,0,,,no_pto_data
827147,60098913,10,10,10,0,1.0,Closed,clear_majority
827149,60110701,10,10,10,0,1.0,Closed,clear_majority
827239,60114819,0,0,0,0,,,no_pto_data
827282,60099696,9,9,9,0,1.0,Closed,clear_majority
827614,60103480,8,8,4,4,0.5,Closed,mixed
827615,60103479,7,7,3,4,0.429,Open,mixed
827807,60103503,8,8,8,0,1.0,Closed,clear_majority
828104,60100795,8,8,8,0,1.0,Closed,clear_majority
828113,60099701,10,10,10,0,1.0,Closed,clear_majority
828123,60100796,8,8,8,0,1.0,Closed,clear_majority
828154,60098923,10,10,10,0,1.0,Closed,clear_majority
828155,60098480,3,3,3,0,1.0,Closed,clear_majority
828461,60099702,10,10,10,0,1.0,Closed,clear_majority
828526,60099738,8,8,6,2,0.75,Closed,mixed
828539,60099739,8,8,6,2,0.75,Closed,mixed
828552,60103483,8,8,6,2,0.75,Closed,mixed
828565,60100821,8,8,4,4,0.5,Closed,mixed
828578,60099725,8,8,2,6,0.25,Open,mixed
828588,60103481,8,8,4,4,0.5,Closed,mixed
828601,60103482,8,8,2,6,0.25,Open,mixed
828629,60099748,8,8,8,0,1.0,Closed,clear_majority
828637,60103472,7,7,7,0,1.0,Closed,clear_majority
828638,60103471,1,1,1,0,1.0,Closed,clear_majority
828642,60099747,7,7,7,0,1.0,Closed,clear_majority
828658,60099764,3,3,3,0,1.0,Closed,clear_majority
828670,60099746,7,7,7,0,1.0,Closed,clear_majority
828681,60100793,8,8,8,0,1.0,Closed,clear_majority
828682,60100794,8,8,8,0,1.0,Closed,clear_majority
828683,60099745,8,8,8,0,1.0,Closed,clear_majority
828684,60008970,8,8,8,0,1.0,Closed,clear_majority
828758,60099730,8,8,7,1,0.875,Closed,clear_majority
828759,60099731,8,8,7,1,0.875,Closed,clear_majority
828813,60110889,8,8,4,4,0.5,Closed,mixed
828814,60110887,8,8,4,4,0.5,Closed,mixed
828834,60110890,8,8,4,4,0.5,Closed,mixed
828835,60110888,8,8,4,4,0.5,Closed,mixed
828947,60111058,8,8,0,8,0.0,Open,clear_majority
828953,60103496,6,6,1,5,0.167,Open,clear_majority
828954,60103497,2,2,2,0,1.0,Closed,clear_majority
828976,60099743,8,8,5,3,0.625,Closed,mixed
828987,60099744,8,8,5,3,0.625,Closed,mixed
829180,60099715,8,8,8,0,1.0,Closed,clear_majority
829189,60099716,1,1,1,0,1.0,Closed,clear_majority
829199,60099717,8,8,8,0,1.0,Closed,clear_majority
829205,60100788,1,1,1,0,1.0,Closed,clear_majority
829221,60100789,1,1,1,0,1.0,Closed,clear_majority
829231,60100790,3,3,1,2,0.333,Open,mixed
829242,60103525,8,8,0,8,0.0,Open,clear_majority
829243,60103526,8,8,0,8,0.0,Open,clear_majority
829472,60099755,3,3,3,0,1.0,Closed,clear_majority
829485,60099756,8,8,8,0,1.0,Closed,clear_majority
829498,60100800,8,8,8,0,1.0,Closed,clear_majority
829508,60103476,8,8,8,0,1.0,Closed,clear_majority
829521,60099763,8,8,8,0,1.0,Closed,clear_majority
829534,60099718,8,8,8,0,1.0,Closed,clear_majority
829544,60099723,3,3,3,0,1.0,Closed,clear_majority
829554,60099734,3,3,3,0,1.0,Closed,clear_majority
829564,60099735,8,8,8,0,1.0,Closed,clear_majority
829574,60099736,8,8,8,0,1.0,Closed,clear_majority
829735,60103528,8,8,6,2,0.75,Closed,mixed
829736,60103527,8,8,6,2,0.75,Closed,mixed
829755,60099761,8,8,8,0,1.0,Closed,clear_majority
829764,60099762,8,8,8,0,1.0,Closed,clear_majority
829785,60100829,8,8,4,4,0.5,Closed,mixed
829786,60100830,8,8,4,4,0.5,Closed,mixed
829886,60100797,8,8,8,0,1.0,Closed,clear_majority
829895,60100798,8,8,8,0,1.0,Closed,clear_majority
829908,60103513,8,8,8,0,1.0,Closed,clear_majority
829909,60103514,8,8,8,0,1.0,Closed,clear_majority
829910,60103516,8,8,8,0,1.0,Closed,clear_majority
829911,60103515,8,8,8,0,1.0,Closed,clear_majority
829939,60098657,10,10,10,0,1.0,Closed,clear_majority
829941,60111087,10,10,10,0,1.0,Closed,clear_majority
829970,60103512,7,7,3,4,0.429,Open,mixed
829971,60103509,7,7,3,4,0.429,Open,mixed
830009,60113292,3,3,3,0,1.0,Closed,clear_majority
830025,60101389,7,7,7,0,1.0,Closed,clear_majority
830026,60101390,7,7,7,0,1.0,Closed,clear_majority
830057,60003934,20,20,15,5,0.75,Closed,mixed
830202,60099760,8,8,5,3,0.625,Closed,mixed
830203,60099759,8,8,5,3,0.625,Closed,mixed
830275,60101289,9,9,7,2,0.778,Closed,mixed
830293,60103511,8,8,5,3,0.625,Closed,mixed
830294,60103510,8,8,5,3,0.625,Closed,mixed
830311,60104041,7,7,7,0,1.0,Closed,clear_majority
830318,60012194,20,20,20,0,1.0,Closed,clear_majority
830319,60103499,8,8,8,0,1.0,Closed,clear_majority
830429,60100799,8,8,8,0,1.0,Closed,clear_majority
830704,60091641,8,8,8,0,1.0,Closed,clear_majority
830705,60099741,8,8,8,0,1.0,Closed,clear_majority
830706,60103504,8,8,8,0,1.0,Closed,clear_majority
830707,60103468,6,6,6,0,1.0,Closed,clear_majority
830858,60111313,8,8,8,0,1.0,Closed,clear_majority
830859,60111314,8,8,8,0,1.0,Closed,clear_majority
830878,60100497,3,3,3,0,1.0,Closed,clear_majority
830879,60100498,3,3,3,0,1.0,Closed,clear_majority
830925,60099722,6,6,3,3,0.5,Closed,mixed
830988,60008395,7,7,7,0,1.0,Closed,clear_majority
830998,60101564,7,7,7,0,1.0,Closed,clear_majority
831294,60101177,6,6,6,0,1.0,Closed,clear_majority
831295,60103524,8,8,8,0,1.0,Closed,clear_majority
831296,60103523,8,8,8,0,1.0,Closed,clear_majority
831466,60103507,8,8,7,1,0.875,Closed,clear_majority
831545,60101290,9,9,8,1,0.889,Closed,clear_majority
832354,60112737,8,8,8,0,1.0,Closed,clear_majority
832355,60112738,8,8,8,0,1.0,Closed,clear_majority
832382,60101516,7,7,7,0,1.0,Closed,clear_majority
832383,60101517,6,6,6,0,1.0,Closed,clear_majority
832384,60101518,7,7,1,6,0.143,Open,clear_majority
832430,60104042,7,7,5,2,0.714,Closed,mixed
832431,60104043,7,7,7,0,1.0,Closed,clear_majority
832432,60101507,4,4,4,0,1.0,Closed,clear_majority
832433,60101514,4,4,4,0,1.0,Closed,clear_majority
832596,60112094,8,8,6,2,0.75,Closed,mixed
832646,60101494,7,7,7,0,1.0,Closed,clear_majority
832655,60101495,7,7,7,0,1.0,Closed,clear_majority
832678,60112095,8,8,6,2,0.75,Closed,mixed
832827,60104051,7,7,0,7,0.0,Open,clear_majority
832828,60104050,7,7,0,7,0.0,Open,clear_majority
832847,60103519,8,8,3,5,0.375,Open,mixed
833119,60112745,8,8,5,3,0.625,Closed,mixed
833128,60104526,6,6,1,5,0.167,Open,clear_majority
833165,60104049,6,6,0,6,0.0,Open,clear_majority
833399,60103584,4,4,4,0,1.0,Closed,clear_majority
833400,60103585,3,3,3,0,1.0,Closed,clear_majority
833433,60114284,0,0,0,0,,,no_pto_data
833434,60114285,0,0,0,0,,,no_pto_data
833454,60114282,1,1,1,0,1.0,Closed,clear_majority
833455,60101553,7,7,7,0,1.0,Closed,clear_majority
833456,60101554,7,7,7,0,1.0,Closed,clear_majority
833467,60104527,6,6,1,5,0.167,Open,clear_majority
833725,60101529,7,7,7,0,1.0,Closed,clear_majority
833735,60101530,7,7,7,0,1.0,Closed,clear_majority
833817,60110565,3,3,3,0,1.0,Closed,clear_majority
833818,60002231,11,11,10,1,0.909,Closed,clear_majority
833819,60101560,1,1,1,0,1.0,Closed,clear_majority
833820,60104045,7,7,7,0,1.0,Closed,clear_majority
833821,60101557,7,7,7,0,1.0,Closed,clear_majority
833851,60101520,3,3,3,0,1.0,Closed,clear_majority
833860,60101521,7,7,7,0,1.0,Closed,clear_majority
834009,60099665,6,6,6,0,1.0,Closed,clear_majority
834018,60099608,6,6,6,0,1.0,Closed,clear_majority
834044,60101515,7,7,5,2,0.714,Closed,mixed
834100,60101527,7,7,7,0,1.0,Closed,clear_majority
834109,60101528,7,7,6,1,0.857,Closed,clear_majority
834209,60110779,7,7,7,0,1.0,Closed,clear_majority
834210,60110777,7,7,7,0,1.0,Closed,clear_majority
834306,60102956,6,6,6,0,1.0,Closed,clear_majority
834383,60101291,9,9,9,0,1.0,Closed,clear_majority
834418,60104067,7,7,7,0,1.0,Closed,clear_majority
834419,60101551,7,7,7,0,1.0,Closed,clear_majority
834493,60101532,6,6,5,1,0.833,Closed,clear_majority
834502,60101533,6,6,5,1,0.833,Closed,clear_majority
834890,60101501,7,7,7,0,1.0,Closed,clear_majority
834891,60101502,4,4,3,1,0.75,Closed,mixed
834893,60104038,7,7,4,3,0.571,Closed,mixed
834910,60101561,5,5,2,3,0.4,Open,mixed
834937,60011224,6,6,6,0,1.0,Closed,clear_majority
834963,60101293,9,9,9,0,1.0,Closed,clear_majority
834983,60101562,7,7,7,0,1.0,Closed,clear_majority
834984,60101563,7,7,7,0,1.0,Closed,clear_majority
835252,60110775,7,7,7,0,1.0,Closed,clear_majority
835253,60110776,7,7,7,0,1.0,Closed,clear_majority
835336,60101568,7,7,7,0,1.0,Closed,clear_majority
835346,60104030,7,7,7,0,1.0,Closed,clear_majority
835358,60101546,7,7,7,0,1.0,Closed,clear_majority
835371,60101548,7,7,7,0,1.0,Closed,clear_majority
835384,60104029,7,7,7,0,1.0,Closed,clear_majority
835397,60104028,7,7,7,0,1.0,Closed,clear_majority
835500,60104519,5,5,5,0,1.0,Closed,clear_majority
835513,60104069,7,7,7,0,1.0,Closed,clear_majority
835526,60101542,7,7,7,0,1.0,Closed,clear_majority
835536,60101534,6,6,3,3,0.5,Closed,mixed
835546,60104070,7,7,7,0,1.0,Closed,clear_majority
836089,60104525,6,6,6,0,1.0,Closed,clear_majority
836184,60101567,7,7,7,0,1.0,Closed,clear_majority
836194,60104032,6,6,6,0,1.0,Closed,clear_majority
836221,60104881,2,2,1,1,0.5,Closed,mixed
836252,60104544,6,6,6,0,1.0,Closed,clear_majority
836262,60101535,6,6,6,0,1.0,Closed,clear_majority
836272,60101536,1,1,1,0,1.0,Closed,clear_majority
836320,60104536,6,6,5,1,0.833,Closed,clear_majority
836331,60104535,6,6,6,0,1.0,Closed,clear_majority
836381,60104039,6,6,0,6,0.0,Open,clear_majority
836473,60101558,6,6,6,0,1.0,Closed,clear_majority
836482,60101559,6,6,6,0,1.0,Closed,clear_majority
836528,60103956,4,4,3,1,0.75,Closed,mixed
836688,60114283,0,0,0,0,,,no_pto_data
836689,60101510,0,0,0,0,,,no_pto_data
836833,60101278,9,9,8,1,0.889,Closed,clear_majority
836890,60104040,7,7,0,7,0.0,Open,clear_majority
836891,60104037,7,7,0,7,0.0,Open,clear_majority
837039,60102949,7,7,6,1,0.857,Closed,clear_majority
837049,60102950,7,7,6,1,0.857,Closed,clear_majority
837661,60104079,6,6,5,1,0.833,Closed,clear_majority
837662,60113899,4,4,4,0,1.0,Closed,clear_majority
837723,60099714,10,10,10,0,1.0,Closed,clear_majority
837724,60099713,10,10,10,0,1.0,Closed,clear_majority
837795,60104528,6,6,6,0,1.0,Closed,clear_majority
837849,60102342,3,3,2,1,0.667,Closed,mixed
837850,60102341,4,4,3,1,0.75,Closed,mixed
837951,60011362,18,18,18,0,1.0,Closed,clear_majority
837960,60104035,7,7,7,0,1.0,Closed,clear_majority
837972,60104036,7,7,7,0,1.0,Closed,clear_majority
837985,60104073,7,7,7,0,1.0,Closed,clear_majority
837986,60104072,7,7,7,0,1.0,Closed,clear_majority
838069,60103638,6,6,6,0,1.0,Closed,clear_majority
838187,60103076,6,6,6,0,1.0,Closed,clear_majority
838189,60001170,16,16,10,6,0.625,Closed,mixed
838483,60112389,7,7,7,0,1.0,Closed,clear_majority
838484,60112386,7,7,7,0,1.0,Closed,clear_majority
838927,60112243,7,7,7,0,1.0,Closed,clear_majority
838993,60104056,7,7,7,0,1.0,Closed,clear_majority
839127,60112533,7,7,7,0,1.0,Closed,clear_majority
839310,60112366,7,7,5,2,0.714,Closed,mixed
839665,60104534,6,6,0,6,0.0,Open,clear_majority
839946,60103484,8,8,8,0,1.0,Closed,clear_majority
840221,60112040,7,7,6,1,0.857,Closed,clear_majority
840737,60112388,7,7,7,0,1.0,Closed,clear_majority
840738,60112387,7,7,7,0,1.0,Closed,clear_majority
840746,60104549,6,6,5,1,0.833,Closed,clear_majority
840780,60101297,9,9,9,0,1.0,Closed,clear_majority
840934,60112834,9,9,9,0,1.0,Closed,clear_majority
840943,60105417,6,6,0,6,0.0,Open,clear_majority
840954,60105418,6,6,0,6,0.0,Open,clear_majority
841195,60112381,7,7,7,0,1.0,Closed,clear_majority
841198,60104053,7,7,7,0,1.0,Closed,clear_majority
841214,60104548,6,6,5,1,0.833,Closed,clear_majority
841268,60112530,6,6,6,0,1.0,Closed,clear_majority
842141,60112053,7,7,5,2,0.714,Closed,mixed
842700,60112734,7,7,7,0,1.0,Closed,clear_majority
842703,60112735,7,7,7,0,1.0,Closed,clear_majority
843165,60103505,7,7,4,3,0.571,Closed,mixed
843170,60100828,2,2,2,0,1.0,Closed,clear_majority
843183,60103466,8,8,8,0,1.0,Closed,clear_majority
843190,60103333,7,7,7,0,1.0,Closed,clear_majority
843196,60100832,7,7,7,0,1.0,Closed,clear_majority
843209,60100833,2,2,2,0,1.0,Closed,clear_majority
843222,60100834,7,7,7,0,1.0,Closed,clear_majority
843235,60103474,8,8,8,0,1.0,Closed,clear_majority
843248,60100836,8,8,8,0,1.0,Closed,clear_majority
843261,60103473,8,8,8,0,1.0,Closed,clear_majority
843274,60103506,7,7,4,3,0.571,Closed,mixed
843385,60104058,7,7,7,0,1.0,Closed,clear_majority
843651,60112746,7,7,7,0,1.0,Closed,clear_majority
843959,60112396,7,7,7,0,1.0,Closed,clear_majority
843960,60112397,7,7,7,0,1.0,Closed,clear_majority
844107,60112096,7,7,7,0,1.0,Closed,clear_majority
844380,60101303,7,7,7,0,1.0,Closed,clear_majority
844389,60101304,7,7,7,0,1.0,Closed,clear_majority
844967,60112398,7,7,7,0,1.0,Closed,clear_majority
844968,60102391,3,3,3,0,1.0,Closed,clear_majority
845619,60111941,6,6,5,1,0.833,Closed,clear_majority
845620,60111940,6,6,5,1,0.833,Closed,clear_majority
845945,60101524,6,6,6,0,1.0,Closed,clear_majority
845954,60101525,6,6,6,0,1.0,Closed,clear_majority
845963,60101526,6,6,2,4,0.333,Open,mixed
846120,60104538,5,5,2,3,0.4,Open,mixed
846121,60104537,5,5,2,3,0.4,Open,mixed
846273,60104541,6,6,5,1,0.833,Closed,clear_majority
846315,60110778,6,6,0,6,0.0,Open,clear_majority
846359,60104533,6,6,4,2,0.667,Closed,mixed
846406,60101555,6,6,6,0,1.0,Closed,clear_majority
846416,60101556,6,6,6,0,1.0,Closed,clear_majority
846419,60101504,6,6,5,1,0.833,Closed,clear_majority
846421,60101503,6,6,5,1,0.833,Closed,clear_majority
846545,60104078,7,7,7,0,1.0,Closed,clear_majority
846798,60114818,0,0,0,0,,,no_pto_data
846816,60114813,0,0,0,0,,,no_pto_data
846940,60104545,6,6,2,4,0.333,Open,mixed
846941,60104546,6,6,2,4,0.333,Open,mixed
847514,60104054,7,7,7,0,1.0,Closed,clear_majority
847626,60104550,6,6,3,3,0.5,Closed,mixed
847627,60104551,6,6,3,3,0.5,Closed,mixed
847672,60104531,6,6,5,1,0.833,Closed,clear_majority
847673,60104532,6,6,5,1,0.833,Closed,clear_majority
847722,60005502,18,18,16,2,0.889,Closed,clear_majority
847864,60104047,7,7,5,2,0.714,Closed,mixed
847897,60103517,8,8,8,0,1.0,Closed,clear_majority
847898,60103518,8,8,8,0,1.0,Closed,clear_majority
847899,60104046,7,7,6,1,0.857,Closed,clear_majority
847993,60103492,8,8,0,8,0.0,Open,clear_majority
848018,60104044,7,7,7,0,1.0,Closed,clear_majority
848101,60104034,7,7,7,0,1.0,Closed,clear_majority
848164,60104033,7,7,7,0,1.0,Closed,clear_majority
848375,60103478,7,7,7,0,1.0,Closed,clear_majority
848554,60101537,6,6,5,1,0.833,Closed,clear_majority
848563,60101538,6,6,5,1,0.833,Closed,clear_majority
848628,60104529,6,6,6,0,1.0,Closed,clear_majority
848765,60104128,3,3,3,0,1.0,Closed,clear_majority
848825,60104609,2,2,0,2,0.0,Open,clear_majority
848837,60104610,2,2,0,2,0.0,Open,clear_majority
849074,60001753,18,18,10,8,0.556,Closed,mixed
849206,60103226,4,4,0,4,0.0,Open,clear_majority
849659,60112052,6,6,5,1,0.833,Closed,clear_majority
849672,60104374,4,4,4,0,1.0,Closed,clear_majority
850071,60104048,6,6,5,1,0.833,Closed,clear_majority
850529,60103448,4,4,1,3,0.25,Open,mixed
850530,60103438,4,4,1,3,0.25,Open,mixed
850572,60112664,6,6,6,0,1.0,Closed,clear_majority
850590,60103086,4,4,0,4,0.0,Open,clear_majority
850591,60103224,4,4,3,1,0.75,Closed,mixed
850614,60103147,4,4,0,4,0.0,Open,clear_majority
850615,60103193,4,4,0,4,0.0,Open,clear_majority
850655,60103108,4,4,3,1,0.75,Closed,mixed
850664,60103107,4,4,3,1,0.75,Closed,mixed
850702,60103880,4,4,1,3,0.25,Open,mixed
850703,60103696,4,4,1,3,0.25,Open,mixed
850742,60104530,6,6,6,0,1.0,Closed,clear_majority
850757,60104127,4,4,4,0,1.0,Closed,clear_majority
851622,60112722,6,6,5,1,0.833,Closed,clear_majority
851858,60111602,6,6,6,0,1.0,Closed,clear_majority
851859,60111603,6,6,6,0,1.0,Closed,clear_majority
852160,60112395,6,6,6,0,1.0,Closed,clear_majority
852744,60103074,4,4,0,4,0.0,Open,clear_majority
852745,60103073,4,4,0,4,0.0,Open,clear_majority
852746,60103069,4,4,0,4,0.0,Open,clear_majority
852747,60103068,4,4,0,4,0.0,Open,clear_majority
852748,60103067,4,4,0,4,0.0,Open,clear_majority
852804,60103070,4,4,0,4,0.0,Open,clear_majority
853701,60112858,2,2,0,2,0.0,Open,clear_majority
853807,60112857,2,2,0,2,0.0,Open,clear_majority
854100,60103718,4,4,4,0,1.0,Closed,clear_majority
854128,60105369,2,2,0,2,0.0,Open,clear_majority
854159,60105063,2,2,2,0,1.0,Closed,clear_majority
854160,60105064,2,2,2,0,1.0,Closed,clear_majority
854186,60105398,2,2,0,2,0.0,Open,clear_majority
854200,60001349,11,11,11,0,1.0,Closed,clear_majority
854213,60001350,6,6,6,0,1.0,Closed,clear_majority
854500,60103742,4,4,4,0,1.0,Closed,clear_majority
854597,60104576,2,2,2,0,1.0,Closed,clear_majority
854930,60103743,4,4,4,0,1.0,Closed,clear_majority
855074,60104387,4,4,3,1,0.75,Closed,mixed
855075,60104388,4,4,3,1,0.75,Closed,mixed
855154,60103896,4,4,3,1,0.75,Closed,mixed
855433,60103662,4,4,3,1,0.75,Closed,mixed
855535,60103577,4,4,3,1,0.75,Closed,mixed
855545,60103576,4,4,3,1,0.75,Closed,mixed
855779,60103586,4,4,4,0,1.0,Closed,clear_majority
855780,60103587,4,4,4,0,1.0,Closed,clear_majority
855790,60103573,4,4,3,1,0.75,Closed,mixed
855800,60103955,4,4,3,1,0.75,Closed,mixed
855806,60103575,4,4,3,1,0.75,Closed,mixed
855820,60103954,2,2,1,1,0.5,Closed,mixed
855821,60103574,4,4,3,1,0.75,Closed,mixed
855936,60103332,7,7,7,0,1.0,Closed,clear_majority
855948,60103334,7,7,7,0,1.0,Closed,clear_majority
855956,60104075,7,7,5,2,0.714,Closed,mixed
855969,60104077,7,7,7,0,1.0,Closed,clear_majority
856083,60104626,2,2,1,1,0.5,Closed,mixed
856311,60103973,4,4,3,1,0.75,Closed,mixed
856324,60103974,4,4,3,1,0.75,Closed,mixed
856342,60104076,7,7,6,1,0.857,Closed,clear_majority
856502,60103330,7,7,6,1,0.857,Closed,clear_majority
856511,60103331,7,7,7,0,1.0,Closed,clear_majority
856521,60103335,6,6,6,0,1.0,Closed,clear_majority
856902,60112507,6,6,6,0,1.0,Closed,clear_majority
857052,60103639,4,4,2,2,0.5,Closed,mixed
857053,60103707,4,4,2,2,0.5,Closed,mixed
857439,60103461,3,3,3,0,1.0,Closed,clear_majority
857451,60104520,6,6,6,0,1.0,Closed,clear_majority
857486,60103968,4,4,4,0,1.0,Closed,clear_majority
857496,60103885,4,4,1,3,0.25,Open,mixed
857497,60103884,4,4,1,3,0.25,Open,mixed
857686,60104521,5,5,5,0,1.0,Closed,clear_majority
857689,60114292,1,1,1,0,1.0,Closed,clear_majority
857690,60103579,4,4,3,1,0.75,Closed,mixed
857822,60114817,0,0,0,0,,,no_pto_data
858270,60103623,4,4,2,2,0.5,Closed,mixed
858271,60103944,4,4,0,4,0.0,Open,clear_majority
858296,60004335,4,4,1,3,0.25,Open,mixed
858297,60113932,2,2,0,2,0.0,Open,clear_majority
858332,60103451,6,6,1,5,0.167,Open,clear_majority
858390,60113820,3,3,2,1,0.667,Closed,mixed
858466,60103694,3,3,3,0,1.0,Closed,clear_majority
858600,60103693,4,4,4,0,1.0,Closed,clear_majority
858715,60104222,4,4,3,1,0.75,Closed,mixed
858716,60104223,4,4,3,1,0.75,Closed,mixed
859046,60104211,4,4,2,2,0.5,Closed,mixed
859047,60104135,4,4,2,2,0.5,Closed,mixed
859395,60104425,3,3,0,3,0.0,Open,clear_majority
859408,60104427,3,3,0,3,0.0,Open,clear_majority
859421,60104428,3,3,0,3,0.0,Open,clear_majority
859434,60104429,3,3,0,3,0.0,Open,clear_majority
859447,60104430,2,2,0,2,0.0,Open,clear_majority
859460,60104506,2,2,0,2,0.0,Open,clear_majority
859474,60104426,3,3,0,3,0.0,Open,clear_majority
859536,60103571,6,6,6,0,1.0,Closed,clear_majority
859537,60103570,6,6,6,0,1.0,Closed,clear_majority
859553,60104351,4,4,0,4,0.0,Open,clear_majority
859554,60104352,4,4,0,4,0.0,Open,clear_majority
859628,60104282,4,4,0,4,0.0,Open,clear_majority
859980,60103572,4,4,3,1,0.75,Closed,mixed
860109,60104129,3,3,0,3,0.0,Open,clear_majority
860110,60104166,4,4,0,4,0.0,Open,clear_majority
860130,60104163,4,4,0,4,0.0,Open,clear_majority
860153,60104165,4,4,0,4,0.0,Open,clear_majority
860163,60104164,4,4,0,4,0.0,Open,clear_majority
860279,60104202,4,4,0,4,0.0,Open,clear_majority
860280,60104203,4,4,0,4,0.0,Open,clear_majority
860300,60104224,3,3,2,1,0.667,Closed,mixed
860301,60104246,3,3,2,1,0.667,Closed,mixed
860529,60114749,1,1,1,0,1.0,Closed,clear_majority
860535,60104561,2,2,2,0,1.0,Closed,clear_majority
860600,60104206,4,4,4,0,1.0,Closed,clear_majority
860616,60104090,4,4,3,1,0.75,Closed,mixed
860778,60105299,2,2,0,2,0.0,Open,clear_majority
860787,60104572,2,2,2,0,1.0,Closed,clear_majority
861118,60104593,2,2,1,1,0.5,Closed,mixed
861127,60104594,2,2,1,1,0.5,Closed,mixed
861130,60104136,3,3,2,1,0.667,Closed,mixed
861141,60104137,3,3,2,1,0.667,Closed,mixed
861405,60105421,3,3,3,0,1.0,Closed,clear_majority
861441,60113950,2,2,2,0,1.0,Closed,clear_majority
861475,60104962,2,2,1,1,0.5,Closed,mixed
861476,60104963,2,2,1,1,0.5,Closed,mixed
861581,60104589,2,2,0,2,0.0,Open,clear_majority
861651,60104590,2,2,0,2,0.0,Open,clear_majority
861653,60001825,17,17,15,2,0.882,Closed,clear_majority
861654,60104582,2,2,0,2,0.0,Open,clear_majority
861697,60104577,2,2,0,2,0.0,Open,clear_majority
861743,60104575,2,2,2,0,1.0,Closed,clear_majority
861960,60104573,2,2,2,0,1.0,Closed,clear_majority
862026,60104125,3,3,3,0,1.0,Closed,clear_majority
862050,60104126,4,4,4,0,1.0,Closed,clear_majority
862077,60112903,2,2,2,0,1.0,Closed,clear_majority
862078,60112906,2,2,2,0,1.0,Closed,clear_majority
862486,60113052,3,3,0,3,0.0,Open,clear_majority
862487,60113053,3,3,0,3,0.0,Open,clear_majority
862546,60112934,3,3,0,3,0.0,Open,clear_majority
862663,60104574,2,2,2,0,1.0,Closed,clear_majority
863011,60104578,2,2,2,0,1.0,Closed,clear_majority
863024,60104579,2,2,2,0,1.0,Closed,clear_majority
863174,60104720,2,2,2,0,1.0,Closed,clear_majority
863175,60104721,2,2,2,0,1.0,Closed,clear_majority
863176,60104717,2,2,2,0,1.0,Closed,clear_majority
863177,60104718,2,2,2,0,1.0,Closed,clear_majority
863178,60104899,2,2,2,0,1.0,Closed,clear_majority
863179,60104898,2,2,2,0,1.0,Closed,clear_majority
863268,60104719,2,2,2,0,1.0,Closed,clear_majority
863305,60105332,2,2,0,2,0.0,Open,clear_majority
863318,60105333,2,2,1,1,0.5,Closed,mixed
863346,60105272,2,2,2,0,1.0,Closed,clear_majority
863382,60104951,2,2,2,0,1.0,Closed,clear_majority
863575,60105062,2,2,2,0,1.0,Closed,clear_majority
863588,60104227,4,4,3,1,0.75,Closed,mixed
863589,60104228,4,4,3,1,0.75,Closed,mixed
863672,60104583,5,5,3,2,0.6,Closed,mixed
863673,60104584,5,5,3,2,0.6,Closed,mixed
863933,60104742,2,2,0,2,0.0,Open,clear_majority
863934,60104743,2,2,0,2,0.0,Open,clear_majority
863966,60104781,2,2,0,2,0.0,Open,clear_majority
863967,60104783,2,2,0,2,0.0,Open,clear_majority
863988,60104782,2,2,0,2,0.0,Open,clear_majority
863989,60104784,2,2,0,2,0.0,Open,clear_majority
864012,60113836,5,6,4,2,0.667,Closed,mixed
864022,60112996,2,2,1,1,0.5,Closed,mixed
864101,60105379,2,2,2,0,1.0,Closed,clear_majority
864102,60105378,2,2,2,0,1.0,Closed,clear_majority
864224,60104566,2,2,1,1,0.5,Closed,mixed
864234,60104567,2,2,1,1,0.5,Closed,mixed
864356,60113299,2,2,0,2,0.0,Open,clear_majority
864374,60105007,3,3,0,3,0.0,Open,clear_majority
864375,60104917,3,3,0,3,0.0,Open,clear_majority
864376,60104914,3,3,0,3,0.0,Open,clear_majority
864377,60104915,3,3,0,3,0.0,Open,clear_majority
864378,60104916,3,3,0,3,0.0,Open,clear_majority
864516,60105315,0,0,0,0,,,no_pto_data
864614,60105314,3,3,3,0,1.0,Closed,clear_majority
864696,60105301,2,2,1,1,0.5,Closed,mixed
864697,60104595,2,2,1,1,0.5,Closed,mixed
864698,60105298,2,2,1,1,0.5,Closed,mixed
864775,60104580,2,2,2,0,1.0,Closed,clear_majority
864776,60104581,2,2,2,0,1.0,Closed,clear_majority
864815,60104565,2,2,1,1,0.5,Closed,mixed
864825,60104564,2,2,1,1,0.5,Closed,mixed
864835,60104570,2,2,2,0,1.0,Closed,clear_majority
864836,60104571,2,2,2,0,1.0,Closed,clear_majority
864847,60104586,2,2,0,2,0.0,Open,clear_majority
864848,60104587,2,2,0,2,0.0,Open,clear_majority
864849,60104585,2,2,0,2,0.0,Open,clear_majority
864850,60105300,1,1,0,1,0.0,Open,clear_majority
864934,60104588,2,2,0,2,0.0,Open,clear_majority
865449,60113975,2,2,2,0,1.0,Closed,clear_majority
865495,60112970,2,2,0,2,0.0,Open,clear_majority
865782,60113832,2,2,1,1,0.5,Closed,mixed
865783,60113833,2,2,1,1,0.5,Closed,mixed
865815,60112953,2,2,2,0,1.0,Closed,clear_majority
866012,60112910,2,2,2,0,1.0,Closed,clear_majority
866022,60112911,2,2,2,0,1.0,Closed,clear_majority
866031,60112912,2,2,2,0,1.0,Closed,clear_majority
866041,60112913,2,2,2,0,1.0,Closed,clear_majority
866082,60112861,2,2,0,2,0.0,Open,clear_majority
866083,60112862,2,2,0,2,0.0,Open,clear_majority
866084,60112863,2,2,0,2,0.0,Open,clear_majority
866085,60112864,2,2,0,2,0.0,Open,clear_majority
866199,60113838,2,2,0,2,0.0,Open,clear_majority
866209,60113837,2,2,0,2,0.0,Open,clear_majority
866220,60114134,2,2,2,0,1.0,Closed,clear_majority
866485,60105330,2,2,1,1,0.5,Closed,mixed
866495,60105331,2,2,1,1,0.5,Closed,mixed
866576,60113115,2,2,0,2,0.0,Open,clear_majority
866586,60114135,2,2,2,0,1.0,Closed,clear_majority
866706,60112893,2,2,1,1,0.5,Closed,mixed
866714,60112892,2,2,1,1,0.5,Closed,mixed
866715,60112895,2,2,1,1,0.5,Closed,mixed
866716,60112894,2,2,1,1,0.5,Closed,mixed
866749,60113991,2,2,2,0,1.0,Closed,clear_majority
867009,60113986,2,2,0,2,0.0,Open,clear_majority
867155,60112896,2,2,0,2,0.0,Open,clear_majority
867156,60112897,0,0,0,0,,,no_pto_data
867352,60112900,2,2,2,0,1.0,Closed,clear_majority
867353,60008626,0,0,0,0,,,no_pto_data
867374,60000908,17,17,15,2,0.882,Closed,clear_majority
867384,60112881,2,2,0,2,0.0,Open,clear_majority
867397,60112882,2,2,0,2,0.0,Open,clear_majority
867407,60112883,2,2,0,2,0.0,Open,clear_majority
867420,60112886,2,2,0,2,0.0,Open,clear_majority
867545,60112885,2,2,0,2,0.0,Open,clear_majority
867558,60112898,2,2,0,2,0.0,Open,clear_majority
867571,60112887,2,2,0,2,0.0,Open,clear_majority
867584,60112884,2,2,0,2,0.0,Open,clear_majority
867597,60112899,2,2,0,2,0.0,Open,clear_majority
867725,60113173,2,2,0,2,0.0,Open,clear_majority
867763,60112873,2,2,1,1,0.5,Closed,mixed
867764,60112874,2,2,1,1,0.5,Closed,mixed
867916,60104592,1,1,1,0,1.0,Closed,clear_majority
867926,60104562,2,2,1,1,0.5,Closed,mixed
867932,60104591,1,1,1,0,1.0,Closed,clear_majority
868110,60112929,2,2,2,0,1.0,Closed,clear_majority
868204,60114386,2,2,2,0,1.0,Closed,clear_majority
868235,60112948,2,2,0,2,0.0,Open,clear_majority
868243,60113834,2,2,1,1,0.5,Closed,mixed
868244,60113835,2,2,1,1,0.5,Closed,mixed
868246,60112949,0,0,0,0,,,no_pto_data
868374,60112877,2,2,2,0,1.0,Closed,clear_majority
868375,60112879,2,2,2,0,1.0,Closed,clear_majority
868376,60112878,2,2,2,0,1.0,Closed,clear_majority
868492,60112865,2,2,1,1,0.5,Closed,mixed
868493,60112866,2,2,1,1,0.5,Closed,mixed
868511,60112926,2,2,2,0,1.0,Closed,clear_majority
868512,60112925,2,2,2,0,1.0,Closed,clear_majority
868822,60112888,2,2,1,1,0.5,Closed,mixed
868823,60112889,2,2,1,1,0.5,Closed,mixed
868824,60112890,2,2,1,1,0.5,Closed,mixed
868825,60112891,2,2,1,1,0.5,Closed,mixed
868936,60113844,3,3,2,1,0.667,Closed,mixed
868946,60113843,3,3,2,1,0.667,Closed,mixed
868955,60113840,2,2,2,0,1.0,Closed,clear_majority
868965,60113841,2,2,2,0,1.0,Closed,clear_majority
869041,60112901,2,2,1,1,0.5,Closed,mixed
869051,60112902,2,2,1,1,0.5,Closed,mixed
869102,60112859,2,2,1,1,0.5,Closed,mixed
869103,60112860,2,2,1,1,0.5,Closed,mixed
869299,60113965,2,2,2,0,1.0,Closed,clear_majority
869300,60113966,2,2,2,0,1.0,Closed,clear_majority
869323,60113729,2,2,2,0,1.0,Closed,clear_majority
869523,60000313,2,2,1,1,0.5,Closed,mixed
869749,60112871,2,2,1,1,0.5,Closed,mixed
869750,60112872,2,2,2,0,1.0,Closed,clear_majority
869774,60112869,2,2,1,1,0.5,Closed,mixed
869775,60112870,2,2,1,1,0.5,Closed,mixed
869776,60112868,2,2,1,1,0.5,Closed,mixed
869778,60113220,2,2,2,0,1.0,Closed,clear_majority
869779,60112950,2,2,2,0,1.0,Closed,clear_majority
869813,60113842,2,2,2,0,1.0,Closed,clear_majority
869826,60112904,2,2,2,0,1.0,Closed,clear_majority
869890,60113847,2,2,2,0,1.0,Closed,clear_majority
869903,60112905,2,2,2,0,1.0,Closed,clear_majority
869923,60112856,2,2,1,1,0.5,Closed,mixed
870042,60114131,2,2,0,2,0.0,Open,clear_majority
870055,60114075,2,2,0,2,0.0,Open,clear_majority
870069,60114051,2,2,2,0,1.0,Closed,clear_majority
870341,60114061,2,2,2,0,1.0,Closed,clear_majority
870527,60114129,2,2,2,0,1.0,Closed,clear_majority
870528,60114130,2,2,2,0,1.0,Closed,clear_majority
870703,60114350,2,2,2,0,1.0,Closed,clear_majority
870704,60114351,2,2,2,0,1.0,Closed,clear_majority
870705,60115061,1,2,2,0,1.0,Closed,clear_majority
870706,60112909,2,2,2,0,1.0,Closed,clear_majority
870766,60114634,2,2,2,0,1.0,Closed,clear_majority
870767,60114635,2,2,2,0,1.0,Closed,clear_majority
870855,60114010,2,2,2,0,1.0,Closed,clear_majority
871198,60114008,2,2,2,0,1.0,Closed,clear_majority
871199,60114009,2,2,2,0,1.0,Closed,clear_majority
871313,60114050,2,2,0,2,0.0,Open,clear_majority
871574,60114323,2,2,1,1,0.5,Closed,mixed
871575,60114324,2,2,1,1,0.5,Closed,mixed
871625,60113803,3,3,3,0,1.0,Closed,clear_majority
871626,60113804,3,3,3,0,1.0,Closed,clear_majority
871655,60112914,3,3,0,3,0.0,Open,clear_majority
871848,60114108,2,2,2,0,1.0,Closed,clear_majority
871849,60114109,2,2,2,0,1.0,Closed,clear_majority
871889,60113992,2,2,2,0,1.0,Closed,clear_majority
871916,60007204,2,2,2,0,1.0,Closed,clear_majority
871920,60112907,2,2,1,1,0.5,Closed,mixed
871930,60112908,2,2,1,1,0.5,Closed,mixed
871954,60113989,2,2,2,0,1.0,Closed,clear_majority
871955,60113990,2,2,2,0,1.0,Closed,clear_majority
872141,60112867,2,2,0,2,0.0,Open,clear_majority
872151,60112876,2,2,1,1,0.5,Closed,mixed
872153,60114468,2,2,0,2,0.0,Open,clear_majority
872154,60114378,2,2,0,2,0.0,Open,clear_majority
872350,60114070,2,2,2,0,1.0,Closed,clear_majority
872351,60114069,2,2,2,0,1.0,Closed,clear_majority
872364,60114083,2,2,1,1,0.5,Closed,mixed
872477,60114082,2,2,1,1,0.5,Closed,mixed
872736,60114029,2,2,2,0,1.0,Closed,clear_majority
872737,60114030,2,2,2,0,1.0,Closed,clear_majority
872873,60113982,2,2,2,0,1.0,Closed,clear_majority
872874,60113983,2,2,2,0,1.0,Closed,clear_majority
872992,60114374,2,2,1,1,0.5,Closed,mixed
873114,60114317,2,2,2,0,1.0,Closed,clear_majority
873178,60113987,2,2,2,0,1.0,Closed,clear_majority
873194,60114588,2,2,2,0,1.0,Closed,clear_majority
873201,60113936,2,2,1,1,0.5,Closed,mixed
873269,60114141,2,2,2,0,1.0,Closed,clear_majority
873270,60114142,2,2,2,0,1.0,Closed,clear_majority
873312,60114143,2,2,2,0,1.0,Closed,clear_majority
873313,60114144,2,2,2,0,1.0,Closed,clear_majority
873324,60113957,2,2,2,0,1.0,Closed,clear_majority
873333,60113958,2,2,2,0,1.0,Closed,clear_majority
873360,60114372,2,2,0,2,0.0,Open,clear_majority
873394,60114062,2,2,2,0,1.0,Closed,clear_majority
873579,60113999,2,2,2,0,1.0,Closed,clear_majority
873580,60114000,2,2,2,0,1.0,Closed,clear_majority
873681,60114021,2,2,2,0,1.0,Closed,clear_majority
873778,60114148,2,2,2,0,1.0,Closed,clear_majority
873787,60114163,2,2,1,1,0.5,Closed,mixed
873906,60114166,2,2,1,1,0.5,Closed,mixed
874049,60114132,2,2,2,0,1.0,Closed,clear_majority
874050,60114133,2,2,2,0,1.0,Closed,clear_majority
874113,60114367,2,2,0,2,0.0,Open,clear_majority
874114,60114368,2,2,0,2,0.0,Open,clear_majority
874247,60114649,2,2,2,0,1.0,Closed,clear_majority
874248,60114650,2,2,2,0,1.0,Closed,clear_majority
874261,60114371,2,2,0,2,0.0,Open,clear_majority
874378,60114355,2,2,2,0,1.0,Closed,clear_majority
874449,60114369,2,2,0,2,0.0,Open,clear_majority
874450,60114370,2,2,0,2,0.0,Open,clear_majority
874528,60114414,2,2,1,1,0.5,Closed,mixed
874553,60114553,2,2,1,1,0.5,Closed,mixed
874695,60114552,2,2,1,1,0.5,Closed,mixed
874709,60114318,2,2,2,0,1.0,Closed,clear_majority
874711,60114363,2,2,0,2,0.0,Open,clear_majority
874733,60114335,2,2,2,0,1.0,Closed,clear_majority
874734,60114336,2,2,2,0,1.0,Closed,clear_majority
874773,60114361,2,2,2,0,1.0,Closed,clear_majority
874774,60114362,2,2,2,0,1.0,Closed,clear_majority
874776,60114357,2,2,2,0,1.0,Closed,clear_majority
874777,60114358,2,2,2,0,1.0,Closed,clear_majority
874950,60114555,2,2,2,0,1.0,Closed,clear_majority
875033,60114353,4,6,6,0,1.0,Closed,clear_majority
875097,60114325,2,2,2,0,1.0,Closed,clear_majority
875112,60114316,2,2,1,1,0.5,Closed,mixed
875303,60114373,2,2,2,0,1.0,Closed,clear_majority
875384,60114498,0,0,0,0,,,no_pto_data
875411,60114366,2,2,0,2,0.0,Open,clear_majority
875578,60114499,2,2,2,0,1.0,Closed,clear_majority
875605,60114651,2,2,2,0,1.0,Closed,clear_majority
876198,60114615,2,2,2,0,1.0,Closed,clear_majority
877194,60114761,1,1,1,0,1.0,Closed,clear_majority
878709,60114803,1,1,0,1,0.0,Open,clear_majority
878949,60115186,0,0,0,0,,,no_pto_data
878950,60115187,0,0,0,0,,,no_pto_data
878951,60115188,0,0,0,0,,,no_pto_data
880994,60115043,1,1,1,0,1.0,Closed,clear_majority
880995,60115044,1,1,1,0,1.0,Closed,clear_majority
881081,60115060,1,1,1,0,1.0,Closed,clear_majority
881279,60115064,0,0,0,0,,,no_pto_data
5760109,60112459,17,17,17,0,1.0,Closed,clear_majority
5760110,60112460,17,17,17,0,1.0,Closed,clear_majority
5760179,60012510,20,20,5,15,0.25,Open,mixed
5760394,60012507,20,20,20,0,1.0,Closed,clear_majority
5760395,60012511,20,20,20,0,1.0,Closed,clear_majority
5760482,60012449,20,20,20,0,1.0,Closed,clear_majority
5760701,60008819,20,20,2,18,0.1,Open,clear_majority
5760755,60012785,20,20,6,14,0.3,Open,mixed
5760766,60012527,20,20,19,1,0.95,Closed,clear_majority
