teid,EquipmentName,equip_name_norm,cim_opeqname_norm,cim_branchname_norm,plannedStartDate,actualStartDate,actualEndDate
872874,T2,T2,NHKYSLRT2,NHKYSLRT2,2026-04-01 00:00:00,2026-04-01 00:00:00,
872873,T1,T1,NHKYSLRT1,NHKYSLRT1,2026-04-01 00:00:00,2026-04-01 00:00:00,
858600,T1,T1,HNYCOMBT1,HNYCOMBT1,2026-07-01 00:01:00,2026-07-01 00:01:00,
858600,T1,T1,HNYCOMBT1,HNYCOMBT1,2026-06-03 16:10:00,2026-06-03 16:10:00,2026-07-01 00:00:00
858600,T1,T1,HNYCOMBT1,HNYCOMBT1,2026-07-03 09:44:00,2026-07-03 09:44:00,
871575,T2,T2,AQLAWNDT2,AQLAWNDT2,2026-05-01 00:00:00,2026-05-01 00:00:00,2026-07-02 19:23:00
871574,T1,T1,AQLAWNDT1,AQLAWNDT1,2026-05-01 00:00:00,2026-05-01 00:00:00,2026-07-02 19:23:00
828813,MR1H,MR1H,WCRSWMR1H,WCRSWMR1H,2025-10-01 00:00:00,2025-10-01 00:00:00,
828814,MR1L,MR1L,WCRSWMR1L,WCRSWMR1L,2025-10-01 00:00:00,2025-10-01 00:00:00,
860280,XF1L,XF1L,CANGREJOXF1L,CANGREJOXF1L,2026-07-01 14:01:00,2026-07-01 14:01:00,
860279,XF1H,XF1H,CANGREJOXF1H,CANGREJOXF1H,2026-07-01 14:01:00,2026-07-01 14:01:00,
860279,XF1H,XF1H,CANGREJOXF1H,CANGREJOXF1H,2026-03-04 00:01:00,2026-03-04 00:01:00,2026-07-01 14:00:00
860280,XF1L,XF1L,CANGREJOXF1L,CANGREJOXF1L,2026-03-04 00:01:00,2026-03-04 00:01:00,2026-07-01 14:00:00
871199,T2,T2,CHARSLRT2,CHARSLRT2,2026-05-01 00:00:00,2026-05-01 00:00:00,2026-07-01 15:00:00
871198,T1,T1,CHARSLRT1,CHARSLRT1,2026-05-01 00:00:00,2026-05-01 00:00:00,2026-07-01 15:00:00
874695,T1,T1,GUNRBEST1,GUNRBEST1,2026-07-01 00:01:00,2026-07-01 00:01:00,
870767,T4,T4,TDWLPR1T4,TDWLPR1T4,2026-07-01 00:00:00,2026-07-01 00:00:00,
870766,T3,T3,TDWLPR1T3,TDWLPR1T3,2026-07-01 00:00:00,2026-07-01 00:00:00,
868204,T1,T1,BKBNESRT1,BKBNESRT1,2026-07-01 00:00:00,2026-07-01 00:00:00,
873579,T1,T1,ARMDSLRT1,ARMDSLRT1,2026-07-01 00:00:00,2026-07-01 00:00:00,
873580,T2,T2,ARMDSLRT2,ARMDSLRT2,2026-07-01 00:00:00,2026-07-01 00:00:00,
862546,T1,T1,BIRDBEST1,BIRDBEST1,2026-03-04 00:00:00,2026-03-04 00:00:00,
871313,T1,T1,GRNDSLRT1,GRNDSLRT1,2026-05-01 00:00:00,2026-05-01 00:00:00,2026-06-29 11:19:00
875384,AUTO1,AUTO1,GAINSVILTRF1,GAINSVILAUTO1L,2026-06-24 00:00:00,2026-06-24 00:00:00,
875578,AUTO2,AUTO2,GAINSVILTRF2,GAINSVILAUTO2H,2026-06-24 00:00:00,2026-06-24 00:00:00,
869300,T2,T2,CST2SLRT2,CST2SLRT2,2026-04-01 00:00:00,2026-04-01 00:00:00,2026-06-23 15:00:00
869299,T1,T1,CST2SLRT1,CST2SLRT1,2026-04-01 00:00:00,2026-04-01 00:00:00,2026-06-23 15:00:00
873778,KT1,KT1,RVNKT1,RVNKT1,2026-06-03 00:00:00,2026-06-03 00:00:00,
843651,T3,T3,PAD3ESST3,PAD3ESST3,2025-11-05 00:00:00,2025-11-05 00:00:00,2026-06-16 15:34:00
854100,T1,T1,KEGT1,KEGT1,2026-04-01 00:01:00,2026-04-01 00:01:00,2026-06-03 09:00:00
878709,AT_M,ATM,SASASWATM,SASASWATMH,2026-06-08 00:00:00,2026-06-08 00:00:00,2026-06-08 00:01:00
774318,MR2L,MR2L,PRMSWMR2L,PRMSWMR2L,2026-09-01 18:01:00,,
774297,MR1L,MR1L,PRMSWMR1L,PRMSWMR1L,2026-09-01 18:01:00,,
774317,MR2H,MR2H,PRMSWMR2H,PRMSWMR2H,2026-09-01 18:01:00,,
774296,MR1H,MR1H,PRMSWMR1H,PRMSWMR1H,2026-09-01 18:01:00,,
861475,TR1,TR1,LEONSLRTR1,LEONSLRTR1,2026-04-28 00:00:00,2026-04-28 00:00:00,2026-06-04 10:25:00
858600,T1,T1,HNYCOMBT1,HNYCOMBT1,2026-05-04 00:01:00,2026-05-04 00:01:00,2026-05-14 23:59:00
872736,KT1,KT1,CLTKT1,CLTKT1,2026-06-03 00:00:00,2026-06-03 00:00:00,
872737,KT2,KT2,CLTKT2,CLTKT2,2026-06-03 00:00:00,2026-06-03 00:00:00,
872477,T1,T1,NFALSLRT1,NFALSLRT1,2026-06-03 00:00:00,2026-06-03 00:00:00,
873681,KT3,KT3,CLOKT3,CLOKT3,2026-06-03 00:00:00,2026-06-03 00:00:00,
873906,T1,T1,ULYSSLRT1,ULYSSLRT1,2026-06-03 00:00:00,2026-06-03 00:00:00,
861476,TR2,TR2,LEONSLRTR2,LEONSLRTR2,2026-04-28 00:00:00,2026-04-28 00:00:00,2026-06-02 14:16:00
868110,T1,T1,BCNV2EST1,BCNV2EST1,2026-04-01 00:00:00,2026-04-01 00:00:00,2026-05-29 13:59:00
871849,T2,T2,OYSTSLRT2,OYSTSLRT2,2026-05-01 00:00:00,2026-05-01 00:00:00,
871848,T1,T1,OYSTSLRT1,OYSTSLRT1,2026-05-01 00:00:00,2026-05-01 00:00:00,
865783,T2,T2,YAPNSLRT2,YAPNSLRT2,2026-04-01 00:00:00,2026-04-01 00:00:00,2026-05-29 10:53:00
865782,T1,T1,YAPNSLRT1,YAPNSLRT1,2026-04-01 00:00:00,2026-04-01 00:00:00,2026-05-29 10:53:00
873324,T3,T3,CMPDSLRT3,CMPDSLRT3,2026-05-14 00:00:00,2026-05-14 00:00:00,
828834,MR2H,MR2H,WCRSWMR2H,WCRSWMR2H,2025-10-01 00:00:00,2025-10-01 00:00:00,2026-05-14 18:45:00
828835,MR2L,MR2L,WCRSWMR2L,WCRSWMR2L,2025-10-01 00:00:00,2025-10-01 00:00:00,2026-05-14 18:45:00
873324,T3,T3,CMPDSLRT3,CMPDSLRT3,2026-04-29 09:01:00,2026-04-29 09:01:00,2026-05-08 23:59:00
858600,T1,T1,HNYCOMBT1,HNYCOMBT1,2026-04-26 12:20:00,2026-04-26 12:20:00,2026-05-04 00:00:00
858600,T1,T1,HNYCOMBT1,HNYCOMBT1,2026-03-04 00:01:00,2026-03-04 00:01:00,2026-04-25 23:59:00
860529,1275_C,1275C,1375C,1375C,2026-04-01 00:00:00,2026-04-01 00:00:00,2026-05-08 20:00:00
870705,186T2351,186T2351,86T2351,86T2351,2026-05-01 00:00:00,2026-05-01 00:00:00,2026-05-08 14:02:00
863967,XFL1,XFL1,FRONTERAXFL1,FRONTERAXFL1H,2026-04-01 00:00:00,2026-04-01 00:00:00,
863988,XFH2,XFH2,FRONTERAXFH2,FRONTERAXFH2H,2026-04-01 00:00:00,2026-04-01 00:00:00,
863966,XFH1,XFH1,FRONTERAXFH1,FRONTERAXFH1H,2026-04-01 00:00:00,2026-04-01 00:00:00,
863989,XFL2,XFL2,FRONTERAXFL2,FRONTERAXFL2H,2026-04-01 00:00:00,2026-04-01 00:00:00,
828947,TR2,TR2,TIDEHAVETR2,TIDEHAVETR2,2025-10-22 00:01:00,2025-10-22 00:01:00,
874774,XF1L,XF1L,STRATTONXF1L,STRATTONXF1L,2026-05-01 00:00:00,2026-05-01 00:00:00,2026-05-01 00:01:00
874773,XF1H,XF1H,STRATTONXF1H,STRATTONXF1H,2026-05-01 00:00:00,2026-05-01 00:00:00,2026-05-01 00:01:00
874777,XF1L,XF1L,NSHARPEXF1L,NSHARPEXF1L,2026-05-01 00:00:00,2026-05-01 00:00:00,2026-05-01 00:01:00
874776,XF1H,XF1H,NSHARPEXF1H,NSHARPEXF1H,2026-05-01 00:00:00,2026-05-01 00:00:00,2026-05-01 00:01:00
870527,T1,T1,PDRASLRT1,PDRASLRT1,2026-05-01 00:00:00,2026-05-01 00:00:00,
870528,T2,T2,PDRASLRT2,PDRASLRT2,2026-05-01 00:00:00,2026-05-01 00:00:00,
870341,T1,T1,HONEYWDT1,HONEYWDT1,2026-05-01 00:00:00,2026-05-01 00:00:00,
827094,T1,T1,LMWDSLRT1,LMWDSLRT1,2025-09-04 00:00:00,2025-09-04 00:00:00,
761156,XT2,XT2,FEGCXT2,FEGCXT2,2025-05-16 09:46:00,2025-05-16 09:46:00,2026-04-28 17:08:00
861475,TR1,TR1,LEONSLRTR1,LEONSLRTR1,2026-03-04 00:00:00,2026-03-04 00:00:00,2026-04-27 23:59:00
861476,TR2,TR2,LEONSLRTR2,LEONSLRTR2,2026-03-04 00:00:00,2026-03-04 00:00:00,2026-04-27 23:59:00
873324,T3,T3,CMPDSLRT3,CMPDSLRT3,2026-04-28 10:29:00,2026-04-28 10:29:00,
873324,T3,T3,CMPDSLRT3,CMPDSLRT3,2026-04-01 00:00:00,2026-04-01 00:00:00,2026-04-27 09:13:00
851622,T1,T1,FERDESST1,FERDESST1,2026-04-20 07:00:00,2026-04-20 07:00:00,2026-04-23 17:54:00
855433,T1,T1,CST1SLRT1,CST1SLRT1,2026-01-07 00:00:00,2026-01-07 00:00:00,2026-04-23 14:06:00
836689,MR2T,MR2T,WILSWMR1T,15060EOLDTEID,2026-04-01 14:01:00,2026-04-01 14:01:00,2026-04-10 19:13:00
836688,MR2L,MR2L,WILSWMR1L,WILSWMR1L,2026-04-01 14:01:00,2026-04-01 14:01:00,2026-04-10 18:00:00
833454,MR2H,MR2H,WILSWMR1H,WILSWMR1H,2026-04-01 14:01:00,2026-04-01 14:01:00,2026-04-10 18:00:00
857822,1150T2201,1150T2201,150T2201,150T2201,2026-03-25 00:00:00,2026-03-25 00:00:00,2026-04-09 13:35:00
873270,AT1L,AT1L,ROCKPORTAT1L,ROCKPORTAT1L,2026-04-08 00:00:00,2026-04-08 00:00:00,2026-04-08 00:01:00
873269,AT1H,AT1H,ROCKPORTAT1H,ROCKPORTAT1H,2026-04-08 00:00:00,2026-04-08 00:00:00,2026-04-08 00:01:00
872350,XF1L,XF1L,MASNXF1L,MASNXF1L,2026-04-08 00:00:00,2026-04-08 00:00:00,2026-04-08 00:01:00
873312,AT2H,AT2H,ROCKPORTAT2H,ROCKPORTAT2H,2026-04-08 00:00:00,2026-04-08 00:00:00,2026-04-08 00:01:00
873313,AT2L,AT2L,ROCKPORTAT2L,ROCKPORTAT2L,2026-04-08 00:00:00,2026-04-08 00:00:00,2026-04-08 00:01:00
872351,XF1H,XF1H,MASNXF1H,MASNXF1H,2026-04-08 00:00:00,2026-04-08 00:00:00,2026-04-08 00:01:00
776463,T1,T1,AMADESST1,AMADESST1,2026-04-03 00:00:00,2026-04-03 00:00:00,
834209,MR3H,MR3H,FERISMR3H,FERISMR3H,2025-11-05 00:00:00,2025-11-05 00:00:00,2026-04-02 14:12:00
834210,MR3L,MR3L,FERISMR3L,FERISMR3L,2025-11-05 00:00:00,2025-11-05 00:00:00,2026-04-02 14:12:00
833434,MR2L,MR2L,WILSWMR2L,WILSWMR2L,2026-02-25 00:00:00,2026-02-25 00:00:00,2026-04-02 12:57:00
833433,MR1H,MR1H,WILSWMR2H,WILSWMR2H,2026-02-25 00:00:00,2026-02-25 00:00:00,2026-04-02 12:57:00
766631,T1,T1,TDWLPR1T1,TDWLPR1T1,2026-03-16 08:00:00,2026-03-16 08:00:00,2026-03-16 08:01:00
846315,XFRMOBILE,XFRMOBILE,FERISXFRM,FERISXFRM,2025-12-03 18:01:00,2025-12-03 18:01:00,2026-04-01 17:59:00
836689,MR1T,MR1T,WILSWMR1T,15060EOLDTEID,2026-02-25 00:00:00,2026-02-25 00:00:00,2026-04-01 14:00:00
833454,MR1H,MR1H,WILSWMR1H,WILSWMR1H,2026-02-25 00:00:00,2026-02-25 00:00:00,2026-04-01 14:00:00
836688,MR2L,MR2L,WILSWMR1L,WILSWMR1L,2026-02-25 00:00:00,2026-02-25 00:00:00,2026-04-01 14:00:00
866576,T1,T1,ERKASLRT1,ERKASLRT1,2026-04-01 00:00:00,2026-04-01 00:00:00,
844967,T3,T3,QTUMSLRT3,QTUMSLRT3,2025-11-05 00:00:00,2025-11-05 00:00:00,2026-03-30 13:30:00
844968,T4,T4,QTUMSLRT4,QTUMSLRT4,2025-11-05 00:00:00,2025-11-05 00:00:00,2026-03-30 13:40:00
851858,XT61,XT61,THWXT61,THWXT61,2025-12-03 00:00:00,2025-12-03 00:00:00,2026-03-30 13:15:00
851859,XT62,XT62,THWXT62,THWXT62,2025-12-03 00:00:00,2025-12-03 00:00:00,2026-03-28 09:00:00
854930,XFMR,XFMR,LYNXESSXFMR,LYNXESSXFMR,2026-02-04 00:00:00,2026-02-04 00:00:00,2026-03-25 16:46:00
843959,T1,T1,QTUMSLRT1,QTUMSLRT1,2025-11-05 00:00:00,2025-11-05 00:00:00,2026-03-09 13:30:00
843960,T2,T2,QTUMSLRT2,QTUMSLRT2,2025-11-05 00:00:00,2025-11-05 00:00:00,2026-03-09 13:30:00
841268,T1,T1,HRMSSLRT1,HRMSSLRT1,2025-11-19 00:00:00,2025-11-19 00:00:00,2026-03-10 16:00:00
776608,T1,T1,BYNMSLRT1,BYNMSLRT1,2026-03-16 17:00:00,,
864614,T1,T1,CARAESST1,CARAESST1,2026-02-04 00:00:00,2026-02-04 00:00:00,2026-03-09 09:38:00
862487,TR2,TR2,DRAKESSTR2,DRAKESSTR2,2026-03-04 00:00:00,2026-03-04 00:00:00,
862486,TR1,TR1,DRAKESSTR1,DRAKESSTR1,2026-03-04 00:00:00,2026-03-04 00:00:00,
859553,MR2H,MR2H,TMPSWMR2H,TMPSWAXFMR2H,2026-03-04 00:00:00,2026-03-04 00:00:00,
859554,MR2L,MR2L,TMPSWMR2L,TMPSWAXFMR2L,2026-03-04 00:00:00,2026-03-04 00:00:00,
761158,XT4,XT4,FEGCXT4,FEGCXT4,2025-05-16 09:46:00,2025-05-16 09:46:00,2026-03-03 17:26:00
761157,XT3,XT3,FEGCXT3,FEGCXT3,2025-05-16 09:46:00,2025-05-16 09:46:00,2026-03-03 17:25:00
775882,T1,T1,DESNESST1,DESNESST1,2025-12-05 00:00:00,2025-12-05 00:00:00,2026-03-03 12:04:00
555249,HILO,HILO,HILONEBHILO,HILONEBHILO,2026-02-28 21:40:00,2026-02-28 21:40:00,2026-03-01 05:05:00
776463,T1,T1,AMADESST1,AMADESST1,2026-03-01 00:00:00,2026-03-01 00:00:00,
555249,HILO,HILO,HILONEBHILO,HILONEBHILO,2025-12-19 10:57:00,2025-12-19 10:57:00,2026-02-28 00:00:00
840221,KT1,KT1,RHAKT1,RHAKT1,2025-11-05 00:00:00,2025-11-05 00:00:00,2026-02-27 12:00:00
776608,T1,T1,BYNMSLRT1,BYNMSLRT1,2026-02-18 15:01:00,2026-02-18 15:01:00,2026-02-23 15:00:00
763887,T1,T1,PINBESST1,PINBESST1,2025-10-07 11:51:00,2025-10-07 11:51:00,2026-02-20 16:51:00
855154,T1,T1,THREEWST1,THREEWST1,2026-01-07 00:00:00,2026-01-07 00:00:00,2026-02-19 11:23:00
846816,1109T2201,1109T2201,109T2201,109T2201,2025-12-17 00:00:00,2025-12-17 00:00:00,2026-02-18 15:15:00
776608,T1,T1,BYNMSLRT1,BYNMSLRT1,2026-02-17 18:31:00,2026-02-17 18:31:00,2026-02-18 15:00:00
776608,T1,T1,BYNMSLRT1,BYNMSLRT1,2025-10-01 00:00:00,2025-10-01 00:00:00,2026-02-17 18:30:00
852160,T1,T1,GODYSLRT1,GODYSLRT1,2025-12-10 00:00:00,2025-12-10 00:00:00,2026-02-10 10:26:00
862026,KT1,KT1,SAHKT1,SAHKT1,2026-02-09 12:49:00,2026-02-09 12:49:00,2026-02-09 17:14:00
862050,KT2,KT2,SAHKT2,SAHKT2,2026-02-09 12:49:00,2026-02-09 12:49:00,2026-02-09 17:14:00
862026,KT1,KT1,SAHKT1,SAHKT1,2026-02-09 10:35:00,2026-02-09 10:35:00,2026-02-09 10:40:00
862050,KT2,KT2,SAHKT2,SAHKT2,2026-02-09 10:35:00,2026-02-09 10:35:00,2026-02-09 10:40:00
842703,SU4H,SU4H,TIMPPSU4H,TIMPPSU4H,2025-12-09 00:01:00,2025-12-09 00:01:00,2026-02-06 08:29:00
838484,T4,T4,SOLCSLRT4,SOLCSLRT4,2025-11-12 12:00:00,2025-11-12 12:00:00,2026-02-03 03:34:00
833399,XF1H,XF1H,ASPMXF1H,ASPMXF1H,2026-02-04 00:00:00,2026-02-04 00:00:00,2026-02-05 05:53:00
833400,XF1L,XF1L,ASPMXF1L,ASPMXF1L,2026-02-04 00:00:00,2026-02-04 00:00:00,2026-02-05 05:53:00
840738,T2,T2,SOLCSLRT2,SOLCSLRT2,2025-11-12 12:00:00,2025-11-12 12:00:00,2026-02-04 03:18:00
838483,T3,T3,SOLCSLRT3,SOLCSLRT3,2025-11-12 12:00:00,2025-11-12 12:00:00,2026-02-04 03:23:00
840737,T1,T1,SOLCSLRT1,SOLCSLRT1,2025-11-12 12:00:00,2025-11-12 12:00:00,2026-02-04 03:13:00
858600,T1,T1,HNYCOMBT1,HNYCOMBT1,2026-02-04 00:00:00,2026-02-04 00:00:00,
854100,T1,T1,KEGT1,KEGT1,2026-02-04 00:00:00,2026-02-04 00:00:00,
855780,FMRL,FMRL,BALLINGEFMRL,BALLINGEFMRL,2026-02-04 00:00:00,2026-02-03 23:50:00,2026-02-03 23:51:00
855779,FMRH,FMRH,BALLINGEFMRH,BALLINGEFMRH,2026-02-04 00:00:00,2026-02-03 23:50:00,2026-02-03 23:51:00
839127,T1,T1,PITTSDK2T1,PITTSDK2T1,2026-01-28 18:00:00,2026-01-28 18:00:00,2026-02-03 14:08:00
857486,KT2,KT2,HENKT2,HENKT2,2026-01-07 00:00:00,2026-01-07 00:00:00,2026-02-03 09:05:00
862050,KT2,KT2,SAHKT2,SAHKT2,2026-02-02 18:31:00,2026-02-02 18:31:00,
862026,KT1,KT1,SAHKT1,SAHKT1,2026-02-02 18:30:00,2026-02-02 18:30:00,
776413,T1,T1,CASTESST1,CASTESST1,2025-12-05 00:00:00,2025-12-05 00:00:00,2026-01-27 14:15:00
776463,T1,T1,AMADESST1,AMADESST1,2025-09-04 00:00:00,2025-09-04 00:00:00,
851622,T1,T1,FERDESST1,FERDESST1,2025-12-10 00:00:00,2025-12-10 00:00:00,2026-01-20 15:04:00
833119,T2,T2,PAD2ESST2,PAD2ESST2,2025-10-01 00:00:00,2025-10-01 00:00:00,2026-01-21 19:02:00
768792,PRY2,PRY2,PRYPRY2,PRYPRY2,2025-12-17 00:00:00,2025-12-17 00:00:00,2026-01-16 08:35:00
835253,MR1L,MR1L,GTRSWMR1L,GTRSWMR1L,2025-11-05 00:00:00,2025-11-05 00:00:00,2026-01-17 18:00:00
835252,MR1H,MR1H,GTRSWMR1H,GTRSWMR1H,2025-11-05 00:00:00,2025-11-05 00:00:00,2026-01-17 18:00:00
839310,T2,T2,MLBSLRT2,MLBSLRT2,2025-11-05 23:00:00,2025-11-05 23:00:00,2026-01-17 11:03:00
846798,1519T5191,1519T5191,519T5191,519T5191,2025-12-17 00:00:00,2025-12-17 00:00:00,2026-01-16 10:23:00
774063,T1,T1,HENT1,HENT1,2025-10-24 17:01:00,2025-10-24 17:01:00,2026-01-15 09:54:00
767214,T1,T1,ARYBESST1,ARYBESST1,2025-12-05 00:00:00,2025-12-05 00:00:00,2026-01-14 13:13:00
862026,KT1,KT1,SAHKT1,SAHKT1,2026-01-07 00:00:00,2026-01-07 00:00:00,
862050,KT2,KT2,SAHKT2,SAHKT2,2026-01-07 00:00:00,2026-01-07 00:00:00,
850572,T1,T1,CFLATEST1,CFLATEST1,2025-12-10 00:00:00,2025-12-10 00:00:00,2026-01-06 09:29:00
827121,1510T5101,1510T5101,510T5101,510T5101,2025-10-01 00:00:00,2025-10-01 00:00:00,2025-12-22 16:51:00
856902,T1,T1,GAIASLRT1,GAIASLRT1,2025-11-19 00:00:00,2025-11-19 00:00:00,2025-12-22 11:23:00
838927,T1,T1,GRYHSLRT1,GRYHSLRT1,2025-11-05 00:00:00,2025-11-05 00:00:00,2025-12-10 10:35:00
774063,T1,T1,HENT1,HENT1,2025-12-19 10:48:00,2025-12-19 10:48:00,2025-12-19 10:49:00
847722,T4_J41,T4J41,J4T41,J4T41,2025-12-03 00:00:00,2025-12-03 00:00:00,2025-12-18 14:48:00
845620,KT4,KT4,BCKKT4,BCKKT4,2025-11-05 00:00:00,2025-11-05 00:00:00,
845619,KT3,KT3,BCKKT3,BCKKT3,2025-11-05 00:00:00,2025-11-05 00:00:00,
842700,SU3H,SU3H,TIMPPSU3H,TIMPPSU3H,2025-12-17 07:00:00,2025-12-17 07:00:00,2025-12-17 09:45:00
759604,MPT1,MPT1,SMTHESSMPT1,SMTHESSMPT1,2025-05-01 00:00:00,2025-05-01 00:00:00,2025-12-16 21:55:00
839127,T1,T1,PITTSDK2T1,PITTSDK2T1,2025-11-05 00:00:00,2025-11-05 00:00:00,2025-12-16 14:24:00
849659,MPT,MPT,VERTESSMPT,VERTESSMPT,2025-12-10 00:00:00,2025-12-10 00:00:00,2025-12-16 14:45:00
842141,KT1,KT1,LNPKT1,LNPKT1,2025-11-05 00:00:00,2025-11-05 00:00:00,2025-12-12 17:26:00
747861,1261_E,1261E,1267A,1267A,2025-04-02 00:00:00,2025-04-02 00:00:00,2025-12-12 15:05:00
842700,SU3H,SU3H,TIMPPSU3H,TIMPPSU3H,2025-12-11 15:01:00,2025-12-11 15:01:00,2025-12-12 14:00:00
832354,T1,T1,SYBRSLRT1,SYBRSLRT1,2025-10-01 00:00:00,2025-10-01 00:00:00,2025-11-30 23:59:00
832355,T2,T2,SYBRSLRT2,SYBRSLRT2,2025-10-01 00:00:00,2025-10-01 00:00:00,2025-11-30 23:59:00
827239,1601T6011,1601T6011,601T6011,601T6011,2025-10-01 00:00:00,2025-10-01 00:00:00,2025-12-12 12:20:00
842700,SU3H,SU3H,TIMPPSU3H,TIMPPSU3H,2025-12-09 00:01:00,2025-12-09 00:01:00,2025-12-11 15:00:00
832596,GSU8,GSU8,PPECGSU8,PPECGSU8,2025-10-01 00:00:00,2025-10-01 00:00:00,2025-12-11 13:34:00
832678,GSU7,GSU7,PPECGSU7,PPECGSU7,2025-10-01 00:00:00,2025-10-01 00:00:00,2025-12-10 09:20:00
842700,SU3H,SU3H,TIMPPSU3H,TIMPPSU3H,2025-11-05 00:00:00,2025-11-05 00:00:00,2025-12-09 00:00:00
842703,SU4H,SU4H,TIMPPSU4H,TIMPPSU4H,2025-11-05 00:00:00,2025-11-05 00:00:00,2025-12-09 00:00:00
846315,XFRMOBILE,XFRMOBILE,FERISXFRM,FERISXFRM,2025-12-03 00:00:00,2025-12-03 00:00:00,2025-12-03 17:30:00
776413,T1,T1,CASTESST1,CASTESST1,2025-09-04 00:00:00,2025-09-04 00:00:00,2025-11-30 23:05:00
775882,T1,T1,DESNESST1,DESNESST1,2025-09-04 00:00:00,2025-09-04 00:00:00,2025-11-30 23:45:00
844107,T1,T1,BARTSLRT1,BARTSLRT1,2025-11-05 00:00:00,2025-11-05 00:00:00,2025-11-22 10:30:00
841195,MPT1,MPT1,TROJSLRMPT1,TROJSLRMPT1,2025-11-18 19:20:00,2025-11-18 19:20:00,2025-11-21 09:41:00
824576,FMR1,FMR1,WATTPFMR1,WATTPAXFMR169,2025-10-01 00:00:00,2025-10-01 00:00:00,2025-11-20 17:01:00
841195,MPT1,MPT1,TROJSLRMPT1,TROJSLRMPT1,2025-11-05 00:00:00,2025-11-05 00:00:00,2025-11-18 09:45:00
830879,MR2L,MR2L,PRLSWMR2L,PRLSWAXFMR2L,2025-10-01 00:00:00,2025-10-01 00:00:00,2025-11-14 12:27:00
830878,MR2H,MR2H,PRLSWMR2H,PRLSWAXFMR2H,2025-10-01 00:00:00,2025-10-01 00:00:00,2025-11-14 12:27:00
830859,MR1L,MR1L,PRLSWMR1L,PRLSWAXFMR1L,2025-10-01 00:00:00,2025-10-01 00:00:00,2025-11-12 22:30:00
840934,T1,T1,ANSON2T1,ANSON2T1,2025-11-01 00:00:00,2025-11-01 00:00:00,2025-11-10 18:29:00
824101,KT1,KT1,BYPKT1,BYPKT1,2025-09-04 00:00:00,2025-09-04 00:00:00,2025-11-06 12:12:00
823690,T2,T2,DORASLRT2,DORASLRT2,2025-09-04 00:00:00,2025-09-04 00:00:00,2025-11-07 15:20:00
823689,T1,T1,DORASLRT1,DORASLRT1,2025-09-04 00:00:00,2025-09-04 00:00:00,2025-11-07 15:20:00
727767,T1,T1,LACASAWDT1,LACASAWDT1,2025-11-01 00:01:00,2025-11-01 00:01:00,2025-11-05 18:15:00
840934,T1,T1,ANSON2T1,ANSON2T1,2025-09-04 00:00:00,2025-09-04 00:00:00,2025-10-31 23:59:00
839310,T2,T2,MLBSLRT2,MLBSLRT2,2025-11-05 00:00:00,2025-11-05 00:00:00,
774063,T1,T1,HENT1,HENT1,2025-07-02 00:00:00,2025-07-02 00:00:00,2025-10-24 17:00:00
751194,MR1L,MR1L,MRLSWMR1L,MRLSWMR1L,2025-05-01 00:00:00,2025-05-01 00:00:00,2025-11-01 18:00:00
751193,MR1H,MR1H,MRLSWMR1H,MRLSWMR1H,2025-05-01 00:00:00,2025-05-01 00:00:00,2025-11-01 18:00:00
727767,T1,T1,LACASAWDT1,LACASAWDT1,2024-11-01 00:00:00,2024-11-01 00:00:00,2025-11-01 00:00:00
830858,MR1H,MR1H,PRLSWMR1H,PRLSWAXFMR1H,2025-10-01 00:00:00,2025-10-01 00:00:00,2025-10-31 18:00:00
748707,MR2L,MR2L,CATSWMR2L,CATSWMR2L,2025-04-02 00:00:00,2025-04-02 00:00:00,2025-10-31 18:00:00
748706,MR2H,MR2H,CATSWMR2H,CATSWMR2H,2025-04-02 00:00:00,2025-04-02 00:00:00,2025-10-31 18:00:00
748681,MR1L,MR1L,CATSWMR1L,CATSWMR1L,2025-04-02 00:00:00,2025-04-02 00:00:00,2025-10-31 18:00:00
748680,MR1H,MR1H,CATSWMR1H,CATSWMR1H,2025-04-02 00:00:00,2025-04-02 00:00:00,2025-10-31 18:00:00
772101,T1,T1,SHAWSLRT1,SHAWSLRT1,2025-08-06 00:00:00,2025-08-06 00:00:00,2025-10-24 00:00:00
769825,T1,T1,TSECAEST1,TSECAEST1,2025-07-02 00:00:00,2025-07-02 00:00:00,2025-10-29 18:00:00
830026,XF1L,XF1L,MAGRUDERXF1L,MAGRUDERXF1L,2025-10-29 00:00:00,2025-10-29 00:00:00,2025-10-29 00:01:00
830025,XF1H,XF1H,MAGRUDERXF1H,MAGRUDERXF1H,2025-10-29 00:00:00,2025-10-29 00:00:00,2025-10-29 00:01:00
774826,1511T5111,1511T5111,511T5111,511T5111,2025-10-01 00:00:00,2025-10-01 00:00:00,2025-10-27 12:00:00
771031,T1,T1,MIDPSLRT1,MIDPSLRT1,2025-06-04 00:00:00,2025-06-04 00:00:00,2025-10-21 12:25:00
771155,T3,T3,PINNSLRT3,PINNSLRT3,2025-08-06 00:00:00,2025-08-06 00:00:00,2025-10-22 19:16:00
771154,T2,T2,PINNSLRT2,PINNSLRT2,2025-08-06 00:00:00,2025-08-06 00:00:00,2025-10-22 19:16:00
771153,T1,T1,PINNSLRT1,PINNSLRT1,2025-08-06 00:00:00,2025-08-06 00:00:00,2025-10-22 19:16:00
461739,T1,T1,ANSON1T1,ANSON1T1,2025-10-06 07:00:00,2025-10-06 07:00:00,2025-10-20 18:29:00
763351,T1,T1,WZRDESST1,WZRDESST1,2025-04-02 00:00:00,2025-04-02 00:00:00,2025-10-07 11:52:00
763887,T1,T1,PINBESST1,PINBESST1,2025-06-04 00:00:00,2025-06-04 00:00:00,2025-10-07 11:50:00
767761,T1,T1,SEVNFEST1,SEVNFEST1,2025-07-02 00:00:00,2025-07-02 00:00:00,2025-10-01 10:05:00
826546,T3,T3,GRYHSLRT3,GRYHSLRT3,2025-07-02 00:00:00,2025-07-02 00:00:00,2025-09-26 13:00:00
764548,TR1,TR1,SLKBESSTR1,SLKBESSTR1,2025-08-06 00:00:00,2025-08-06 00:00:00,2025-09-19 13:14:00
742145,XF1H,XF1H,KINNISONXF1H,KINNISONXF1H,2025-03-05 00:00:00,2025-03-05 00:00:00,2025-09-18 16:08:00
742146,XF1L,XF1L,KINNISONXF1L,KINNISONXF1L,2025-03-05 00:00:00,2025-03-05 00:00:00,2025-09-18 16:08:00
774318,MR2L,MR2L,PRMSWMR2L,PRMSWMR2L,2025-09-04 00:00:00,2025-09-04 00:00:00,
774317,MR2H,MR2H,PRMSWMR2H,PRMSWMR2H,2025-09-04 00:00:00,2025-09-04 00:00:00,
774297,MR1L,MR1L,PRMSWMR1L,PRMSWMR1L,2025-09-04 00:00:00,2025-09-04 00:00:00,
774296,MR1H,MR1H,PRMSWMR1H,PRMSWMR1H,2025-09-04 00:00:00,2025-09-04 00:00:00,
771643,T2,T2,BUZISLRT2,BUZISLRT2,2025-08-06 00:00:00,2025-08-06 00:00:00,2025-08-29 10:34:00
771642,T1,T1,BUZISLRT1,BUZISLRT1,2025-08-06 00:00:00,2025-08-06 00:00:00,2025-08-29 10:34:00
766632,T2,T2,TDWLPR1T2,TDWLPR1T2,2025-08-26 09:58:00,2025-08-26 09:58:00,2025-08-26 16:54:00
767958,T2,T2,HKSNSLRT2,HKSNSLRT2,2025-07-02 00:00:00,2025-07-02 00:00:00,2025-08-26 07:48:00
767957,T1,T1,HKSNSLRT1,HKSNSLRT1,2025-07-02 00:00:00,2025-07-02 00:00:00,2025-08-26 07:48:00
762936,T1,T1,MLBSLRT1,MLBSLRT1,2025-07-23 09:58:00,2025-07-23 09:58:00,2025-08-25 10:50:00
766632,T2,T2,TDWLPR1T2,TDWLPR1T2,2025-08-23 12:32:00,2025-08-23 12:32:00,2025-08-25 08:56:00
766631,T1,T1,TDWLPR1T1,TDWLPR1T1,2025-08-23 12:32:00,2025-08-23 12:32:00,2025-08-25 08:56:00
766632,T2,T2,TDWLPR1T2,TDWLPR1T2,2025-08-22 17:17:00,2025-08-22 17:17:00,2025-08-23 09:24:00
766631,T1,T1,TDWLPR1T1,TDWLPR1T1,2025-08-22 17:17:00,2025-08-22 17:17:00,2025-08-23 09:24:00
766631,T1,T1,TDWLPR1T1,TDWLPR1T1,2025-08-21 16:57:00,2025-08-21 16:57:00,2025-08-22 08:18:00
766632,T2,T2,TDWLPR1T2,TDWLPR1T2,2025-08-21 16:57:00,2025-08-21 16:57:00,2025-08-22 08:18:00
826545,T2,T2,GRYHSLRT2,GRYHSLRT2,2025-07-02 00:00:00,2025-07-02 00:00:00,2025-08-21 15:45:00
764197,T1,T1,HEADCAMPT1,HEADCAMPT1,2025-06-04 00:00:00,2025-06-04 00:00:00,2025-08-21 14:00:00
750147,KT1,KT1,TNGKT1,TNGKT1,2025-07-31 17:01:00,2025-07-31 17:01:00,2025-08-21 09:30:00
750148,KT2,KT2,TNGKT2,TNGKT2,2025-07-31 17:01:00,2025-07-31 17:01:00,2025-08-21 09:30:00
766631,T1,T1,TDWLPR1T1,TDWLPR1T1,2025-06-21 06:57:00,2025-06-21 06:57:00,2025-08-21 06:59:00
766632,T2,T2,TDWLPR1T2,TDWLPR1T2,2025-06-21 06:57:00,2025-06-21 06:57:00,2025-08-21 06:59:00
738073,T1,T1,ORIANAT1,ORIANAT1,2025-01-08 00:00:00,2025-01-08 00:00:00,2025-08-04 14:30:00
736750,T1,T1,JAGSLRT1,JAGSLRT1,2025-05-01 00:00:00,2025-05-01 00:00:00,2025-07-30 12:00:00
768119,T1,T1,NRTNSLRT1,NRTNSLRT1,2025-07-02 00:00:00,2025-07-02 00:00:00,2025-07-25 14:00:00
829939,XF1H,XF1H,GARZAXF1H,GARZA11381H,2025-07-30 00:00:00,2025-07-29 23:59:00,2025-07-30 00:00:00
829941,XF1L,XF1L,GARZAXF1L,GARZA1691H,2025-07-30 00:00:00,2025-07-29 23:59:00,2025-07-30 00:00:00
743577,T1,T1,DIVRSLRT1,DIVRSLRT1,2025-05-01 00:00:00,2025-05-01 00:00:00,2025-07-25 12:46:00
743578,T2,T2,DIVRSLRT2,DIVRSLRT2,2025-05-01 00:00:00,2025-05-01 00:00:00,2025-07-25 12:46:00
762936,T1,T1,MLBSLRT1,MLBSLRT1,2025-05-01 00:00:00,2025-05-01 00:00:00,2025-07-13 00:00:00
762936,T1,T1,MLBSLRT1,MLBSLRT1,2025-07-13 00:01:00,2025-07-13 00:01:00,
776472,MR1H,MR1H,SBYSWMR1H,SBYSWMR1H,2025-07-16 00:00:00,2025-07-16 00:00:00,2025-07-16 00:01:00
827149,MR1L,MR1L,SBYSWMR1L,SBYSWMR1L,2025-07-16 00:00:00,2025-07-16 00:00:00,2025-07-16 00:01:00
758492,MPT2,MPT2,SGALBESMPT2,SGALBESMPT2,2025-05-01 00:03:00,2025-05-01 00:03:00,2025-07-15 15:45:00
754624,1996T4371,1996T4371,996T4371,996T4371,2025-05-01 00:00:00,2025-05-01 00:00:00,2025-07-14 10:59:00
750147,KT1,KT1,TNGKT1,TNGKT1,2025-07-10 13:04:00,2025-07-10 13:04:00,
750148,KT2,KT2,TNGKT2,TNGKT2,2025-07-10 13:04:00,2025-07-10 13:04:00,
750148,KT2,KT2,TNGKT2,TNGKT2,2025-05-01 00:00:00,2025-05-01 00:00:00,2025-06-27 17:00:00
750147,KT1,KT1,TNGKT1,TNGKT1,2025-05-01 00:00:00,2025-05-01 00:00:00,2025-06-27 17:00:00
753861,T3,T3,FAGUSSLRT3,FAGUSSLRT3,2025-04-02 00:00:00,2025-04-02 00:00:00,2025-06-20 05:17:00
743176,KT2,KT2,MAGKT2,MAGKT2,2025-03-05 00:00:00,2025-03-05 00:00:00,2025-07-08 14:30:00
743175,KT1,KT1,MAGKT1,MAGKT1,2025-03-05 00:00:00,2025-03-05 00:00:00,2025-07-08 14:30:00
755816,T1,T1,STLHSSLT1,STLHSSLT1,2025-05-01 00:00:00,2025-05-01 00:00:00,2025-07-08 09:30:00
769825,T1,T1,TSECAEST1,TSECAEST1,2025-06-04 00:00:00,2025-06-04 00:00:00,2025-07-01 23:59:00
757757,MPT1,MPT1,LUCKYBLUMPT1,LUCKYBLUMPT1,2025-07-02 00:00:00,2025-07-02 00:00:00,
757237,MPT1,MPT1,BLACKSPRMPT1,BLACKSPRMPT1,2025-07-02 00:00:00,2025-07-02 00:00:00,
732137,MR2,MR2,HOWARDMR2,HOWARDMR2,2025-04-30 08:01:00,2025-04-30 08:01:00,2025-07-01 13:28:00
740323,KT3,KT3,CTWKT3,CTWKT3,2025-02-05 00:00:00,2025-02-05 00:00:00,2025-06-30 23:59:00
719725,XF1L,XF1L,MULBERRYXF1L,MULBERRY11381H,2025-03-11 16:01:00,2025-03-11 16:01:00,2025-06-30 12:53:00
719724,XF1H,XF1H,MULBERRYXF1H,MULBERRY13451H,2025-03-11 16:01:00,2025-03-11 16:01:00,2025-06-30 12:51:00
769530,T1,T1,CARTWHLT1,CARTWHLT1,2025-06-04 00:00:00,2025-06-04 00:00:00,2025-06-30 11:46:00
735006,T2,T2,FAGUSSLRT2,FAGUSSLRT2,2025-01-08 00:00:00,2025-01-08 00:00:00,2025-06-20 12:30:00
764055,MPT1,MPT1,HARTWNDMPT1,HARTWNDMPT1,2025-06-04 00:00:00,2025-06-04 00:00:00,2025-06-25 08:00:00
766631,T1,T1,TDWLPR1T1,TDWLPR1T1,2025-05-01 00:00:00,2025-05-01 00:00:00,2025-06-21 00:18:00
766632,T2,T2,TDWLPR1T2,TDWLPR1T2,2025-05-01 00:00:00,2025-05-01 00:00:00,2025-06-21 00:18:00
744724,T101,T101,TYSNSLRT101,TYSNSLRT101,2025-03-05 00:00:00,2025-03-05 00:00:00,2025-06-20 23:46:00
765291,T1,T1,BIGSAMWDT1,BIGSAMWDT1,2025-05-01 23:59:00,2025-05-01 23:59:00,2025-06-16 17:00:00
765292,T2,T2,BIGSAMWDT2,BIGSAMWDT2,2025-05-01 23:59:00,2025-05-01 23:59:00,2025-06-16 17:00:00
441993,AUTO-1102-2,AUTO11022,WLD138LDXF,WLD138LDXF,2025-10-04 22:00:00,,
441993,AUTO-1102-2,AUTO11022,WLD138LDXF,WLD138LDXF,2025-10-06 22:00:00,,
441993,AUTO-1102-2,AUTO11022,WLD138LDXF,WLD138LDXF,2025-09-30 22:00:00,,
441993,AUTO-1102-2,AUTO11022,WLD138LDXF,WLD138LDXF,2025-10-05 22:00:00,,
441993,AUTO-1102-2,AUTO11022,WLD138LDXF,WLD138LDXF,2025-10-07 22:00:00,,
441993,AUTO-1102-2,AUTO11022,WLD138LDXF,WLD138LDXF,2025-10-03 22:00:00,,
441993,AUTO-1102-2,AUTO11022,WLD138LDXF,WLD138LDXF,2025-10-02 22:00:00,,
441993,AUTO-1102-2,AUTO11022,WLD138LDXF,WLD138LDXF,2025-10-01 22:00:00,,
441993,AUTO-1102-2,AUTO11022,WLD138LDXF,WLD138LDXF,2025-09-24 22:00:00,,
441993,AUTO-1102-2,AUTO11022,WLD138LDXF,WLD138LDXF,2025-09-29 22:00:00,,
441993,AUTO-1102-2,AUTO11022,WLD138LDXF,WLD138LDXF,2025-09-25 22:00:00,,
441993,AUTO-1102-2,AUTO11022,WLD138LDXF,WLD138LDXF,2025-09-27 22:00:00,,
441993,AUTO-1102-2,AUTO11022,WLD138LDXF,WLD138LDXF,2025-09-23 22:00:00,,
441993,AUTO-1102-2,AUTO11022,WLD138LDXF,WLD138LDXF,2025-09-26 22:00:00,,
441993,AUTO-1102-2,AUTO11022,WLD138LDXF,WLD138LDXF,2025-09-28 22:00:00,,
441993,AUTO-1102-2,AUTO11022,WLD138LDXF,WLD138LDXF,2025-09-22 22:00:00,,
441993,AUTO-1102-2,AUTO11022,WLD138LDXF,WLD138LDXF,2025-09-21 22:00:00,,
441993,AUTO-1102-2,AUTO11022,WLD138LDXF,WLD138LDXF,2025-09-20 22:00:00,,
441993,AUTO-1102-2,AUTO11022,WLD138LDXF,WLD138LDXF,2025-09-19 22:00:00,,
758764,T2,T2,CORAZONT2,CORAZONT2,2025-05-01 00:00:00,2025-05-01 00:00:00,2025-06-12 09:55:00
749349,T1,T1,BCNVESST1,BCNVESST1,2025-04-02 00:00:00,2025-04-02 00:00:00,2025-06-06 12:00:00
760045,MPT2,MPT2,PINEFRSTMPT2,PINEFRSTMPT2,2025-05-01 00:00:00,2025-05-01 00:00:00,2025-06-04 13:45:00
760044,MPT1,MPT1,PINEFRSTMPT1,PINEFRSTMPT1,2025-05-01 00:00:00,2025-05-01 00:00:00,2025-06-04 13:45:00
765198,T3,T3,PINEFRSTT3,PINEFRSTT3,2025-05-01 00:00:00,2025-05-01 00:00:00,2025-06-04 13:45:00
763013,XFH1,XFH1,PAINTCREXFH1,PAINTCRE11381H,2025-06-04 00:00:00,2025-06-04 00:00:00,2025-06-04 00:01:00
763014,XFL1,XFL1,PAINTCREXFL1,PAINTCRE1691H,2025-06-04 00:00:00,2025-06-04 00:00:00,2025-06-04 00:01:00
765335,T1,T1,MONTECR1T1,MONTECR1T1,2025-05-14 00:00:00,2025-05-14 00:00:00,2025-06-03 12:00:00
715154,XF1H,XF1H,NAISMITHXF1H,NAISMITH13451HS,2024-10-02 00:01:00,2024-10-02 00:01:00,2025-06-02 14:51:00
715161,XF1L,XF1L,NAISMITHXF1L,NAISMITH11381HS,2024-10-02 00:01:00,2024-10-02 00:01:00,2025-06-02 14:51:00
758952,KT1,KT1,WALKT1,WALKT1,2025-05-01 00:00:00,2025-05-01 00:00:00,2025-05-30 15:16:00
763544,T1,T1,BEXAREST1,BEXAREST1,2025-04-02 00:00:00,2025-04-02 00:00:00,2025-05-10 12:00:00
739256,T2,T2,PLATINUMT2,PLATINUMT2,2025-01-08 00:00:00,2025-01-08 00:00:00,2025-05-22 14:00:00
739255,T1,T1,PLATINUMT1,PLATINUMT1,2025-01-08 00:00:00,2025-01-08 00:00:00,2025-05-22 14:00:00
754003,MR3H,MR3H,FRYSWMR3H,FRYSWMR3H,2025-05-01 00:00:00,2025-05-01 00:00:00,2025-05-22 12:00:00
754004,MR3L,MR3L,FRYSWMR3L,FRYSWMR3L,2025-05-01 00:00:00,2025-05-01 00:00:00,2025-05-22 12:00:00
715203,XF2H,XF2H,NAISMITHXF2H,NAISMITH23451HS,2025-05-13 14:52:00,2025-05-13 14:52:00,2025-05-14 19:56:00
715189,XF2L,XF2L,NAISMITHXF2L,NAISMITH21381HS,2025-05-13 14:52:00,2025-05-13 14:52:00,2025-05-14 19:56:00
722121,T1,T1,ANOLESST1,ANOLESST1,2025-05-20 10:30:00,2025-05-20 10:30:00,2025-05-20 16:58:00
743377,T1,T1,AVILESST1,AVILESST1,2025-03-05 00:00:00,2025-03-05 00:00:00,2025-05-19 12:00:00
731935,SU1H,SU1H,TIMPPSU1H,TIMPPSU1H,2025-03-17 10:00:00,2025-03-17 10:00:00,2025-05-16 14:58:00
764611,69AL,69AL,NUECESBXF1L,NUECESBXF1L,2025-05-01 00:00:00,2025-05-01 00:00:00,2025-05-16 13:46:00
764610,69AH,69AH,NUECESBXF1H,NUECESBXF1H,2025-05-01 00:00:00,2025-05-01 00:00:00,2025-05-16 13:46:00
731221,1413T4131,1413T4131,413T4131,413T4131,2024-12-04 00:00:00,2024-12-04 00:00:00,2025-05-15 10:00:00
741970,1668T6681,1668T6681,668T6681,668T6681,2025-03-05 00:00:00,2025-03-05 00:00:00,2025-05-14 16:37:00
742409,1203T2601,1203T2601,203T2601,203T2601,2025-03-05 00:00:00,2025-03-05 00:00:00,2025-05-14 16:37:00
739559,KT1,KT1,PARKT1,PARKT1,2025-04-22 08:00:00,2025-04-22 08:00:00,2025-05-13 15:00:00
739560,KT2,KT2,PARKT2,PARKT2,2025-04-22 08:00:00,2025-04-22 08:00:00,2025-05-13 15:00:00
736750,T1,T1,JAGSLRT1,JAGSLRT1,2025-01-08 00:01:00,2025-01-08 00:01:00,2025-04-30 23:59:00
736751,T2,T2,JAGSLRT2,JAGSLRT2,2025-01-08 00:01:00,2025-01-08 00:01:00,2025-04-30 23:59:00
715203,XF2H,XF2H,NAISMITHXF2H,NAISMITH23451HS,2024-10-02 00:01:00,2024-10-02 00:01:00,2025-05-13 14:47:00
715189,XF2L,XF2L,NAISMITHXF2L,NAISMITH21381HS,2024-10-02 00:01:00,2024-10-02 00:01:00,2025-05-13 14:47:00
752220,T1,T1,CACHESST1,CACHESST1,2025-04-14 11:15:00,2025-04-14 11:15:00,2025-05-12 10:14:00
754788,MR2L,MR2L,CMTSWMR2L,CMTSWMR2L,2025-05-01 00:00:00,2025-05-01 00:00:00,2025-05-09 19:22:00
754787,MR2H,MR2H,CMTSWMR2H,CMTSWMR2H,2025-05-01 00:00:00,2025-05-01 00:00:00,2025-05-09 19:22:00
737270,FMR1,FMR1,TUMSCFMR1,TUMSCFMR1H,2025-02-05 00:00:00,2025-02-05 00:00:00,2025-05-09 18:35:00
750683,TRT1,TRT1,DRCKSLRTRT1,DRCKSLRTRT1,2025-04-02 00:00:00,2025-04-02 00:00:00,2025-05-08 22:12:00
731938,SU2H,SU2H,TIMPPSU2H,TIMPPSU2H,2025-04-11 15:01:00,2025-04-11 15:01:00,2025-05-02 09:30:00
758492,MPT2,MPT2,SGALBESMPT2,SGALBESMPT2,2025-05-01 00:01:00,2025-05-01 00:01:00,2025-05-01 00:02:00
732137,MR2,MR2,HOWARDMR2,HOWARDMR2,2025-02-19 00:00:00,2025-02-19 00:00:00,2025-04-30 08:31:00
732128,MR1,MR1,HOWARDMR1,HOWARDMR1,2025-02-19 00:00:00,2025-02-19 00:00:00,2025-04-30 08:30:00
720526,XF2H,XF2H,MULBERRYXF2H,MULBERRY23451H,2025-03-11 16:01:00,2025-03-11 16:01:00,2025-04-25 17:01:00
720535,XF2L,XF2L,MULBERRYXF2L,MULBERRY21381H,2025-03-11 16:01:00,2025-03-11 16:01:00,2025-04-25 17:01:00
739560,KT2,KT2,PARKT2,PARKT2,2025-02-05 00:01:00,2025-02-05 00:01:00,2025-04-22 08:00:00
739559,KT1,KT1,PARKT1,PARKT1,2025-02-05 00:01:00,2025-02-05 00:01:00,2025-04-22 08:00:00
752220,T1,T1,CACHESST1,CACHESST1,2025-01-08 00:00:00,2025-01-08 00:00:00,2025-03-30 23:59:00
725267,T1,T1,PAD1ESST1,PAD1ESST1,2025-04-07 14:44:00,2025-04-07 14:44:00,2025-04-10 09:13:00
752785,T1A,T1A,LOWRESST1A,LOWRESST1A,2025-01-15 00:00:00,2025-01-15 00:00:00,2025-04-08 23:59:00
731938,SU2H,SU2H,TIMPPSU2H,TIMPPSU2H,2025-03-17 10:00:00,2025-03-17 10:00:00,2025-04-05 15:30:00
745255,MPT1,MPT1,FTDUNCANMPT1,FTDUNCANMPT1,2024-12-04 00:00:00,2024-12-04 00:00:00,2025-03-14 16:00:00
727960,T1,T1,OGSSLRT1,OGSSLRT1,2024-11-01 00:00:00,2024-11-01 00:00:00,2025-04-01 13:22:00
736074,XF1L,XF1L,WHITEPTXF1L,WHITEPTXF1L,2024-11-13 00:00:00,2024-11-13 00:00:00,2025-04-01 09:00:00
736073,XF1H,XF1H,WHITEPTXF1H,WHITEPTXF1H,2024-11-13 00:00:00,2024-11-13 00:00:00,2025-04-01 09:00:00
736181,T1,T1,AZSPSLRT1,AZSPSLRT1,2025-01-29 16:52:00,2025-01-29 16:52:00,2025-03-27 17:45:00
722121,T1,T1,ANOLESST1,ANOLESST1,2024-11-01 00:00:00,2024-11-01 00:00:00,2025-03-27 10:12:00
726990,XF1H,XF1H,HERONXF1H,HERON11381H,2025-03-12 08:50:00,2025-03-12 08:50:00,2025-03-26 11:46:00
726991,XF1L,XF1L,HERONXF1L,HERON1691H,2025-03-12 08:50:00,2025-03-12 08:50:00,2025-03-26 11:46:00
742953,TR1,TR1,CROSSTRLTR1,CROSSTRLTR1,2025-03-05 03:27:00,2025-03-05 03:27:00,2025-03-26 08:16:00
280169,AT2H,AT2H,LYTTONSAT2H,LYTTONSLYAT2H,2025-03-24 08:00:00,2025-03-24 08:00:00,2025-03-24 09:50:00
737645,T2,T2,BLVNSLRT2,BLVNSLRT2,2025-01-08 00:02:00,2025-01-08 00:02:00,2025-03-12 10:00:00
737646,T3,T3,BLVNSLRT3,BLVNSLRT3,2025-01-08 00:02:00,2025-01-08 00:02:00,2025-03-12 10:00:00
741869,167T2801,167T2801,67T2801,67T2801,2025-03-20 11:39:00,2025-03-20 11:39:00,2025-03-21 10:19:00
738953,MPT2,MPT2,GRIMSLRMPT2,GRIMSLRMPT2,2025-02-05 00:00:00,2025-02-05 00:00:00,2025-03-21 04:00:00
738952,MPT1,MPT1,GRIMSLRMPT1,GRIMSLRMPT1,2025-02-05 00:00:00,2025-02-05 00:00:00,2025-03-21 04:00:00
741869,167T2801,167T2801,67T2801,67T2801,2025-03-09 00:00:00,2025-03-09 00:00:00,2025-03-18 13:00:00
717071,FMR3,FMR3,RGRSWFMR3,RGRSWAXFMR369,2024-10-02 00:00:00,2024-10-02 00:00:00,2025-03-18 13:08:00
734093,T1,T1,TANZESST1,TANZESST1,2025-03-11 00:00:00,2025-03-11 00:00:00,2025-03-17 12:00:00
734094,T2,T2,TANZESST2,TANZESST2,2025-03-11 00:00:00,2025-03-11 00:00:00,2025-03-17 12:00:00
737645,T2,T2,BLVNSLRT2,BLVNSLRT2,2025-01-08 00:00:00,2025-01-08 00:00:00,
737646,T3,T3,BLVNSLRT3,BLVNSLRT3,2025-01-08 00:00:00,2025-01-08 00:00:00,
731938,SU2H,SU2H,TIMPPSU2H,TIMPPSU2H,2024-12-04 00:00:00,2024-12-04 00:00:00,2025-03-14 14:53:00
731935,SU1H,SU1H,TIMPPSU1H,TIMPPSU1H,2024-12-04 00:00:00,2024-12-04 00:00:00,2025-03-14 14:05:00
734093,T1,T1,TANZESST1,TANZESST1,2025-02-10 00:00:00,2025-02-10 00:00:00,2025-03-10 23:59:00
734094,T2,T2,TANZESST2,TANZESST2,2025-02-10 00:00:00,2025-02-10 00:00:00,2025-03-10 23:59:00
711380,T1,T1,OUTPSLRT1,OUTPSLRT1,2024-08-01 00:00:00,2024-08-01 00:00:00,2025-03-12 10:30:00
711381,T2,T2,OUTPSLRT2,OUTPSLRT2,2024-08-01 00:00:00,2024-08-01 00:00:00,2025-03-12 10:30:00
726991,XF1L,XF1L,HERONXF1L,HERON1691H,2025-02-12 12:30:00,2025-02-12 12:30:00,2025-03-12 08:49:00
726990,XF1H,XF1H,HERONXF1H,HERON11381H,2025-02-12 12:30:00,2025-02-12 12:30:00,2025-03-12 08:49:00
720535,XF2L,XF2L,MULBERRYXF2L,MULBERRY21381H,2024-11-01 00:00:00,2024-11-01 00:00:00,2025-03-11 16:00:00
720526,XF2H,XF2H,MULBERRYXF2H,MULBERRY23451H,2024-11-01 00:00:00,2024-11-01 00:00:00,2025-03-11 16:00:00
719724,XF1H,XF1H,MULBERRYXF1H,MULBERRY13451H,2024-11-01 00:00:00,2024-11-01 00:00:00,2025-03-11 16:00:00
719725,XF1L,XF1L,MULBERRYXF1L,MULBERRY11381H,2024-11-01 00:00:00,2024-11-01 00:00:00,2025-03-11 16:00:00
725267,T1,T1,PAD1ESST1,PAD1ESST1,2024-12-13 17:42:00,2024-12-13 17:42:00,2025-03-10 15:15:00
755661,XFH1,XFH1,NAVALBASXFH1,NAVALBAS11381H,2025-03-05 00:00:00,2025-03-05 00:00:00,2025-03-05 00:01:00
755662,XFL1,XFL1,NAVALBASXFL1,NAVALBAS1691H,2025-03-05 00:00:00,2025-03-05 00:00:00,2025-03-05 00:01:00
729701,T1,T1,ANTLESST1,ANTLESST1,2025-02-01 00:00:00,2025-02-01 00:00:00,2025-02-28 23:59:00
739810,T1,T1,DGFSESRT1,DGFSESRT1,2025-02-05 00:00:00,2025-02-05 00:00:00,2025-02-22 12:00:00
734093,T1,T1,TANZESST1,TANZESST1,2024-12-04 00:00:00,2024-12-04 00:00:00,2025-02-09 23:59:00
734094,T2,T2,TANZESST2,TANZESST2,2024-12-04 00:00:00,2024-12-04 00:00:00,2025-02-09 23:59:00
731819,T1,T1,CARNESST1,CARNESST1,2025-01-08 00:00:00,2025-01-08 00:00:00,2025-01-31 23:59:00
731819,T1,T1,CARNESST1,CARNESST1,2025-02-01 00:00:00,2025-02-01 00:00:00,
729701,T1,T1,ANTLESST1,ANTLESST1,2025-01-08 00:00:00,2025-01-08 00:00:00,2025-01-31 23:59:00
741116,TRF2,TRF2,TRUTRF2,TRUTRF2,2025-01-08 00:00:00,2025-01-08 00:00:00,2025-02-17 14:59:00
726990,XF1H,XF1H,HERONXF1H,HERON11381H,2024-12-27 13:01:00,2024-12-27 13:01:00,2025-02-12 12:29:00
726991,XF1L,XF1L,HERONXF1L,HERON1691H,2024-12-27 13:01:00,2024-12-27 13:01:00,2025-02-12 12:29:00
717097,MR1H,MR1H,RGRSWMR1H,RGRSWAXFMR1H,2024-10-02 00:00:00,2024-10-02 00:00:00,2025-02-10 18:00:00
717117,MR2H,MR2H,RGRSWMR2H,RGRSWAXFMR2H,2024-10-02 00:00:00,2024-10-02 00:00:00,2025-02-10 18:00:00
717118,MR2L,MR2L,RGRSWMR2L,RGRSWAXFMR2L,2024-10-02 00:00:00,2024-10-02 00:00:00,2025-02-10 18:00:00
717098,MR1L,MR1L,RGRSWMR1L,RGRSWAXFMR1L,2024-10-02 00:00:00,2024-10-02 00:00:00,2025-02-10 18:00:00
741342,52-U24B,52U24B,1717A,1717,2025-02-05 00:00:00,2025-02-05 00:00:00,
741350,552-2,5522,1840C,1840C,2025-02-05 00:00:00,2025-02-05 00:00:00,
736181,T1,T1,AZSPSLRT1,AZSPSLRT1,2025-01-15 00:00:00,2025-01-15 00:00:00,2025-01-29 16:52:00
715048,SCHOTT_SUNIL11,SCHOTTSUNIL11,SCHOTTSUNNIL11,SCHOTTSUNNIL11,2024-12-03 18:01:00,2024-12-03 18:01:00,2025-01-20 14:21:00
724069,T1,T1,DSWLESST1,DSWLESST1,2025-01-16 09:11:00,2025-01-16 09:11:00,2025-01-17 07:50:00
724069,T1,T1,DSWLESST1,DSWLESST1,2025-01-06 15:26:00,2025-01-06 15:26:00,2025-01-16 07:00:00
722136,T1,T1,BKSLESST1,BKSLESST1,2024-12-18 08:00:00,2024-12-18 08:00:00,2024-12-18 11:00:00
728337,T1,T1,STRGSLRT1,STRGSLRT1,2024-11-01 00:00:00,2024-11-01 00:00:00,2025-01-13 15:33:00
745660,KT1,KT1,PCTKT1,PCTKT1,2024-12-18 00:00:00,2024-12-18 00:00:00,2025-01-13 12:13:00
738103,T1,T1,BLVNSLRT1,BLVNSLRT1,2025-01-08 00:00:00,2025-01-08 00:00:00,
722136,T1,T1,BKSLESST1,BKSLESST1,2025-01-05 09:00:00,2025-01-05 09:00:00,2025-01-05 13:00:00
731819,T1,T1,CARNESST1,CARNESST1,2024-12-04 00:00:00,2024-12-04 00:00:00,2024-12-04 00:01:00
729701,T1,T1,ANTLESST1,ANTLESST1,2024-12-04 00:00:00,2024-12-04 00:00:00,2024-12-04 00:01:00
724069,T1,T1,DSWLESST1,DSWLESST1,2024-11-01 00:00:00,2024-11-01 00:00:00,2025-01-02 09:42:00
726991,XF1L,XF1L,HERONXF1L,HERON1691H,2024-12-20 15:59:00,2024-12-20 15:59:00,2024-12-27 13:00:00
726990,XF1H,XF1H,HERONXF1H,HERON11381H,2024-12-20 15:59:00,2024-12-20 15:59:00,2024-12-27 13:00:00
721623,MR2L,MR2L,WTRMLMR2L,WTRMLMR2L,2024-11-01 00:00:00,2024-11-01 00:00:00,2024-12-28 12:46:00
721622,MR2H,MR2H,WTRMLMR2H,WTRMLMR2H,2024-11-01 00:00:00,2024-11-01 00:00:00,2024-12-28 12:46:00
712718,BKJK,BKJK,BLCKJACKBKJK,BLCKJACKBKJK,2024-10-02 00:00:00,2024-10-02 00:00:00,2024-12-26 13:51:00
734561,T1,T1,GRANSLRT1,GRANSLRT1,2024-12-18 12:01:00,2024-12-18 12:01:00,2024-12-25 23:59:00
735513,T1,T1,JUNGSLRT1,JUNGSLRT1,2024-12-04 00:00:00,2024-12-04 00:00:00,2024-12-25 23:59:00
745448,T1,T1,SWFTSLRT1,SWFTSLRT1,2024-12-04 00:00:00,2024-12-04 00:00:00,2024-12-16 12:00:00
730816,MR1H,MR1H,REDSWMR1H,REDSWAXFMR1H,2024-12-04 00:00:00,2024-12-04 00:00:00,2024-12-20 19:28:00
730817,MR1L,MR1L,REDSWMR1L,REDSWAXFMR1L,2024-12-04 00:00:00,2024-12-04 00:00:00,2024-12-20 19:28:00
726991,XF1L,XF1L,HERONXF1L,HERON1691H,2024-11-01 00:00:00,2024-11-01 00:00:00,2024-12-20 13:40:00
726990,XF1H,XF1H,HERONXF1H,HERON11381H,2024-11-01 00:00:00,2024-11-01 00:00:00,2024-12-20 13:40:00
720713,MR1L,MR1L,RCKSWMR1L,RCKSWAXFMR1L,2024-11-01 00:00:00,2024-11-01 00:00:00,2024-12-19 19:42:00
720712,MR1H,MR1H,RCKSWMR1H,RCKSWAXFMR1H,2024-11-01 00:00:00,2024-11-01 00:00:00,2024-12-19 19:42:00
752785,T1A,T1A,LOWRESST1A,LOWRESST1A,2024-12-04 00:00:00,2024-12-04 00:00:00,2024-12-04 00:01:00
720970,MR2L,MR2L,RCKSWMR2L,RCKSWAXFMR2L,2024-11-01 00:00:00,2024-11-01 00:00:00,2024-12-19 19:42:00
720715,MR2H,MR2H,RCKSWMR2H,RCKSWAXFMR2H,2024-11-01 00:00:00,2024-11-01 00:00:00,2024-12-19 19:42:00
734561,T1,T1,GRANSLRT1,GRANSLRT1,2024-12-04 00:00:00,2024-12-04 00:00:00,2024-12-18 12:00:00
718554,MR1L,MR1L,EXCSWMR1L,EXCSWAXFMR1L,2024-11-01 00:00:00,2024-11-01 00:00:00,2024-12-18 14:01:00
718553,MR1H,MR1H,EXCSWMR1H,EXCSWAXFMR1H,2024-11-01 00:00:00,2024-11-01 00:00:00,2024-12-18 14:01:00
732233,1490T4901,1490T4901,490T4901,490T4901,2024-12-04 00:00:00,2024-12-04 00:00:00,2024-12-18 13:00:00
722136,T1,T1,BKSLESST1,BKSLESST1,2024-11-01 00:00:00,2024-11-01 00:00:00,2024-12-16 11:15:00
745660,KT1,KT1,PCTKT1,PCTKT1,2024-12-04 00:00:00,2024-12-04 00:00:00,2024-12-04 00:01:00
725267,T1,T1,PAD1ESST1,PAD1ESST1,2024-12-01 00:00:00,2024-12-01 00:00:00,2024-12-13 17:41:00
725267,T1,T1,PAD1ESST1,PAD1ESST1,2024-11-01 00:00:00,2024-11-01 00:00:00,2024-11-30 23:59:00
718825,MR2L,MR2L,EXCSWMR2L,EXCSWAXFMR2L,2024-11-01 00:00:00,2024-11-01 00:00:00,2024-12-11 14:42:00
718824,MR2H,MR2H,EXCSWMR2H,EXCSWAXFMR2H,2024-11-01 00:00:00,2024-11-01 00:00:00,2024-12-11 14:42:00
715048,SCHOTT_SUNIL11,SCHOTTSUNIL11,SCHOTTSUNNIL11,SCHOTTSUNNIL11,2024-10-02 00:01:00,2024-10-02 00:01:00,2024-12-03 18:00:00
722180,1627T6271,1627T6271,627T6271,627T6271,2024-11-01 00:00:00,2024-11-01 00:00:00,2024-11-30 23:59:00
714083,T1,T1,EBELLSL2T1,EBELLSL2T1,2024-09-05 00:00:00,2024-09-05 00:00:00,2024-11-06 10:20:00
682109,T2,T2,PERESLRT2,PERESLRT2,2024-11-19 00:00:00,2024-11-19 00:00:00,2024-11-19 14:55:00
682108,T1,T1,PERESLRT1,PERESLRT1,2024-11-19 00:00:00,2024-11-19 00:00:00,2024-11-19 14:54:00
704188,XT1,XT1,ADLXT1,ADLXT1,2024-05-01 00:00:00,2024-05-01 00:00:00,2024-11-18 18:00:00
724807,MPT1,MPT1,ASCKSLRMPT1,ASCKSLRMPT1,2024-10-02 00:00:00,2024-10-02 00:00:00,2024-11-14 11:30:00
724808,MPT2,MPT2,ASCKSLRMPT2,ASCKSLRMPT2,2024-10-02 00:00:00,2024-10-02 00:00:00,2024-11-14 11:30:00
682108,T1,T1,PERESLRT1,PERESLRT1,2024-09-18 00:02:00,2024-09-18 00:02:00,2024-11-18 23:59:00
682109,T2,T2,PERESLRT2,PERESLRT2,2024-09-18 00:02:00,2024-09-18 00:02:00,2024-11-18 23:59:00
726797,6136_Z,6136Z,6136A,6136A,2024-11-01 00:00:00,2024-11-01 00:00:00,2024-11-15 18:00:00
728531,MR2L,MR2L,TMPCRMR2L,TMPCRMR2L,2024-11-01 00:00:00,2024-11-01 00:00:00,2024-11-14 18:00:00
728530,MR2H,MR2H,TMPCRMR2H,TMPCRMR2H,2024-11-01 00:00:00,2024-11-01 00:00:00,2024-11-14 18:00:00
705389,T1,T1,HRNTSLRT1,HRNTSLRT1,2024-06-05 00:00:00,2024-06-05 00:00:00,2024-11-14 00:00:00
705390,T2,T2,HRNTSLRT2,HRNTSLRT2,2024-06-05 00:00:00,2024-06-05 00:00:00,2024-11-14 00:00:00
706819,66_WNK_WBL1,66WNKWBL1,69WNKWBL1,69WNKWBL,2024-10-11 17:01:00,2024-10-11 17:01:00,2024-11-08 17:00:00
706818,66_KRT_WBL1,66KRTWBL1,69KRTWBL1,69KRTWBL,2024-10-11 17:01:00,2024-10-11 17:01:00,2024-11-08 17:00:00
706817,66_KST_WBL1,66KSTWBL1,69KSTWBL1,69KSTWBL,2024-10-11 17:01:00,2024-10-11 17:01:00,2024-11-08 17:00:00
279639,AT1H,AT1H,LYTTONSAT1H,LYTTONSLYAT1H,2024-10-14 08:00:00,2024-10-14 08:00:00,2024-11-08 10:40:00
279638,AT1L,AT1L,LYTTONSAT1L,LYTTONSLYAT1L,2024-10-14 08:00:00,2024-10-14 08:00:00,2024-11-08 10:40:00
700692,MPT1,MPT1,ELZASLRMPT1,ELZASLRMPT1,2024-08-21 00:01:00,2024-08-21 00:01:00,2024-10-30 10:39:00
725267,T1,T1,PAD1ESST1,PAD1ESST1,2024-10-02 00:00:00,2024-10-02 00:00:00,2024-10-31 23:59:00
711845,T3,T3,DELILA2T3,DELILA2T3,2024-08-01 00:00:00,2024-08-01 00:00:00,2024-11-01 16:55:00
711844,T2,T2,DELILA2T2,DELILA2T2,2024-08-01 00:00:00,2024-08-01 00:00:00,2024-11-01 16:55:00
711843,T1,T1,DELILA2T1,DELILA2T1,2024-08-01 00:00:00,2024-08-01 00:00:00,2024-11-01 16:55:00
716446,MPT,MPT,SIGSLRMPT,SIGSLRMPT,2024-10-01 16:07:00,2024-10-01 16:07:00,2024-10-31 13:00:00
725626,MPT1,MPT1,TULSLRMPT1,TULSLRMPT1,2024-10-02 00:00:00,2024-10-02 00:00:00,2024-10-30 08:00:00
725627,MPT2,MPT2,TULSLRMPT2,TULSLRMPT2,2024-10-02 00:00:00,2024-10-02 00:00:00,2024-10-30 08:00:00
706409,GCK1,GCK1,GREENCKGCK1,GREENCKGCK1,2024-08-01 00:00:00,2024-08-01 00:00:00,2024-10-25 07:50:00
713488,T2,T2,STARSLRT2,STARSLRT2,2024-08-14 00:00:00,2024-08-14 00:00:00,2024-10-15 12:00:00
713487,T1,T1,STARSLRT1,STARSLRT1,2024-08-14 00:00:00,2024-08-14 00:00:00,2024-10-15 12:00:00
716919,KT2,KT2,JARKT2,JARKT2,2024-09-05 00:00:00,2024-09-05 00:00:00,2024-10-21 22:55:00
716918,KT1,KT1,JARKT1,JARKT1,2024-09-05 00:00:00,2024-09-05 00:00:00,2024-10-21 22:55:00
706410,GCK2,GCK2,GREENCKGCK2,GREENCKGCK2,2024-08-01 00:00:00,2024-08-01 00:00:00,2024-10-18 10:49:00
675810,XT8,XT8,BCHXT8,BCHXT8,2024-09-24 12:01:00,2024-09-24 12:01:00,2024-10-15 10:00:00
675809,XT7,XT7,BCHXT7,BCHXT7,2024-09-24 12:01:00,2024-09-24 12:01:00,2024-10-15 10:00:00
654388,14040_I,14040I,14045B,14045B,2024-07-11 11:01:00,2024-07-11 11:01:00,2024-10-14 15:15:00
706817,66_KST_WBL1,66KSTWBL1,69KSTWBL1,69KSTWBL,2024-07-03 00:00:00,2024-07-03 00:00:00,2024-10-11 17:00:00
706819,66_WNK_WBL1,66WNKWBL1,69WNKWBL1,69WNKWBL,2024-07-03 00:00:00,2024-07-03 00:00:00,2024-10-11 17:00:00
719757,R4_S1A1,R4S1A1,R4S11,R4S11,2024-10-02 00:00:00,2024-10-02 00:00:00,2024-10-10 13:32:00
707363,KT1,KT1,DMAKT1,DMAKT1,2024-08-14 00:00:00,2024-08-14 00:00:00,2024-10-10 10:30:00
718019,XF1H,XF1H,SAPOWERXF1H,SAPOWERXF1H,2024-10-02 00:00:00,2024-10-02 00:00:00,2024-10-02 00:01:00
719059,XF1L,XF1L,SAPOWERXF1L,SAPOWERXF1L,2024-10-02 00:00:00,2024-10-02 00:00:00,2024-10-02 00:01:00
716446,MPT,MPT,SIGSLRMPT,SIGSLRMPT,2024-09-05 00:00:00,2024-09-05 00:00:00,2024-10-01 12:00:00
702594,16035_B,16035B,14061G,14061G,2024-06-05 00:00:00,2024-06-05 00:00:00,2024-09-30 20:10:00
702593,16030_C,16030C,14060G,14060G,2024-06-05 00:00:00,2024-06-05 00:00:00,2024-09-30 20:10:00
707635,T1,T1,CHILSLRT1,CHILSLRT1,2024-07-03 00:00:00,2024-07-03 00:00:00,2024-08-31 23:59:00
707636,T2,T2,CHILSLRT2,CHILSLRT2,2024-07-03 00:00:00,2024-07-03 00:00:00,2024-08-31 23:59:00
675809,XT7,XT7,BCHXT7,BCHXT7,2024-01-04 00:00:00,2024-01-04 00:00:00,2024-09-24 12:00:00
675810,XT8,XT8,BCHXT8,BCHXT8,2024-01-04 00:00:00,2024-01-04 00:00:00,2024-09-24 12:00:00
682108,T1,T1,PERESLRT1,PERESLRT1,2024-04-03 00:00:00,2024-04-03 00:00:00,2024-09-18 00:01:00
682109,T2,T2,PERESLRT2,PERESLRT2,2024-04-03 00:00:00,2024-04-03 00:00:00,2024-09-18 00:01:00
707168,MPT1,MPT1,GKSBESSMPT1,GKSBESSMPT1,2024-09-14 09:00:00,2024-09-14 09:00:00,2024-09-15 19:10:00
699713,XT2,XT2,HLYXT2,HLYXT2,2024-08-14 00:00:00,2024-08-14 00:00:00,2024-08-30 10:56:00
699712,XT1,XT1,HLYXT1,HLYXT1,2024-08-14 00:00:00,2024-08-14 00:00:00,2024-08-30 10:56:00
704422,KT02,KT02,LONKT02,LONKT02,2024-06-05 00:00:00,2024-06-05 00:00:00,2024-08-27 21:07:00
713953,T4,T4,SAMSON1T4,SAMSON1T4,2024-08-01 00:00:00,2024-08-01 00:00:00,2024-08-20 11:00:00
713952,T3,T3,SAMSON1T3,SAMSON1T3,2024-08-01 00:00:00,2024-08-01 00:00:00,2024-08-20 11:00:00
705391,T3,T3,HRNTSLRT3,HRNTSLRT3,2024-06-05 00:00:00,2024-06-05 00:00:00,2024-08-17 13:09:00
699713,XT2,XT2,HLYXT2,HLYXT2,2024-05-01 00:01:00,2024-05-01 00:01:00,2024-08-14 00:00:00
699712,XT1,XT1,HLYXT1,HLYXT1,2024-05-01 00:01:00,2024-05-01 00:01:00,2024-08-14 00:00:00
678937,XT8,XT8,JADXT8,JADXT8,2024-04-01 00:00:00,2024-04-01 00:00:00,2024-08-07 07:47:00
678936,XT7,XT7,JADXT7,JADXT7,2024-04-01 00:00:00,2024-04-01 00:00:00,2024-08-07 07:48:00
703757,T1,T1,MRKMSLRT1,MRKMSLRT1,2024-06-05 00:00:00,2024-06-05 00:00:00,
700692,MPT1,MPT1,ELZASLRMPT1,ELZASLRMPT1,2024-05-01 00:00:00,2024-05-01 00:00:00,
707934,T2,T2,CMPDSLRT2,CMPDSLRT2,2024-07-03 00:01:00,2024-07-03 00:01:00,
707933,T1,T1,CMPDSLRT1,CMPDSLRT1,2024-07-03 00:01:00,2024-07-03 00:01:00,
707168,MPT1,MPT1,GKSBESSMPT1,GKSBESSMPT1,2024-07-03 00:00:00,2024-07-03 00:00:00,2024-07-18 15:30:00
681480,MR2L,MR2L,TEASWMR2L,TEASWAXFMR2L,2024-04-03 00:00:00,2024-04-03 00:00:00,2024-07-17 12:00:00
681447,MR1L,MR1L,TEASWMR1L,TEASWAXFMR1L,2024-04-03 00:00:00,2024-04-03 00:00:00,2024-07-17 12:00:00
681478,MR2H,MR2H,TEASWMR2H,TEASWAXFMR2H,2024-04-03 00:00:00,2024-04-03 00:00:00,2024-07-17 12:00:00
681446,MR1H,MR1H,TEASWMR1H,TEASWAXFMR1H,2024-04-03 00:00:00,2024-04-03 00:00:00,2024-07-17 12:00:00
705040,MPT1,MPT1,CNLYESSMPT1,CNLYESSMPT1,2024-06-19 00:00:00,2024-06-19 00:00:00,2024-07-15 18:30:00
664629,PT3H,PT3H,PHOKT03,PHOKT03,2024-07-12 17:01:00,2024-07-12 17:01:00,
664623,PT1H,PT1H,PHOKT01,PHOKT01,2024-07-12 17:01:00,2024-07-12 17:01:00,
664629,PT3H,PT3H,PHOKT03,PHOKT03,2024-06-07 21:48:00,2024-06-07 21:48:00,2024-07-12 17:00:00
664623,PT1H,PT1H,PHOKT01,PHOKT01,2024-06-07 21:48:00,2024-06-07 21:48:00,2024-07-12 17:00:00
654388,14040_I,14040I,14045B,14045B,2023-10-04 00:00:00,2023-10-04 00:00:00,2024-07-11 11:00:00
649836,T1,T1,PALEESST1,PALEESST1,2024-05-04 00:01:00,2024-05-04 00:01:00,2024-07-01 12:00:00
704818,T1,T1,WIGESST1,WIGESST1,2024-05-01 00:01:00,2024-05-01 00:01:00,2024-07-03 14:30:00
672593,T1,T1,HMNGESST1,HMNGESST1,2024-01-04 00:00:00,2024-01-04 00:00:00,2024-06-28 16:25:00
700271,MPT2,MPT2,TRBTSLRMPT2,TRBTSLRMPT2,2024-05-26 12:32:00,2024-05-26 12:32:00,2024-06-27 14:06:00
700270,MPT1,MPT1,TRBTSLRMPT1,TRBTSLRMPT1,2024-05-26 12:32:00,2024-05-26 12:32:00,2024-06-27 14:06:00
664626,PT2H,PT2H,PHOKT02,PHOKT02,2024-06-07 21:48:00,2024-06-07 21:48:00,2024-06-07 21:49:00
701340,MPT2,MPT2,TNSSLRMPT2,TNSSLRMPT2,2024-05-01 00:00:00,2024-05-01 00:00:00,2024-06-20 10:33:00
703558,T1,T1,MROWSLRT1,MROWSLRT1,2024-06-05 00:00:00,2024-06-05 00:00:00,2024-06-19 10:00:00
701542,T1,T1,ALPBESST1,ALPBESST1,2024-05-01 00:01:00,2024-05-01 00:01:00,2024-06-17 16:00:00
672696,KT1,KT1,LMOKT1,LMOKT1,2024-01-04 00:00:00,2024-01-04 00:00:00,2024-06-17 15:47:00
701339,MPT1,MPT1,TNSSLRMPT1,TNSSLRMPT1,2024-05-01 00:00:00,2024-05-01 00:00:00,2024-06-12 12:34:00
698656,MR1H,MR1H,OLKSWMR1H,OLKSWMR1H,2024-05-01 00:00:00,2024-05-01 00:00:00,2024-06-10 12:59:00
698657,MR1L,MR1L,OLKSWMR1L,OLKSWMR1L,2024-05-01 00:00:00,2024-05-01 00:00:00,2024-06-10 12:59:00
664623,PT1H,PT1H,PHOKT01,PHOKT01,2024-03-20 17:01:00,2024-03-20 17:01:00,2024-06-07 17:00:00
664629,PT3H,PT3H,PHOKT03,PHOKT03,2024-03-20 17:01:00,2024-03-20 17:01:00,2024-06-07 17:00:00
664626,PT2H,PT2H,PHOKT02,PHOKT02,2024-03-20 17:01:00,2024-03-20 17:01:00,2024-06-07 17:00:00
661546,T1,T1,TORTESST1,TORTESST1,2024-05-04 00:01:00,2024-05-04 00:01:00,2024-06-05 12:20:00
708323,T2,T2,JKLPSLRT2,JKLPSLRT2,2024-06-05 00:00:00,2024-06-05 00:00:00,
708322,T1,T1,JKLPSLRT1,JKLPSLRT1,2024-06-05 00:00:00,2024-06-05 00:00:00,
700270,MPT1,MPT1,TRBTSLRMPT1,TRBTSLRMPT1,2024-05-01 00:00:00,2024-05-01 00:00:00,2024-05-26 00:00:00
700271,MPT2,MPT2,TRBTSLRMPT2,TRBTSLRMPT2,2024-05-01 00:00:00,2024-05-01 00:00:00,2024-05-26 00:00:00
649571,T1,T1,HYDRESST1,HYDRESST1,2024-05-04 00:01:00,2024-05-04 00:01:00,2024-05-21 12:20:00
679301,KT1,KT1,CTWKT1,CTWKT1,2024-04-03 00:00:00,2024-04-03 00:00:00,2024-05-06 13:43:00
679302,KT2,KT2,CTWKT2,CTWKT2,2024-04-03 00:00:00,2024-04-03 00:00:00,2024-05-06 13:43:00
698927,GIRVTP_TIERR1,GIRVTPTIERR1,GIRVSWTIERR1,GIRVSWTIERR1,2024-05-01 00:01:00,2024-05-01 00:01:00,2024-05-01 17:01:00
679670,KT1,KT1,CLOKT1,CLOKT1,2024-05-10 16:30:00,2024-05-10 16:30:00,2024-05-13 15:45:00
678933,XT4,XT4,JADXT4,JADXT4,2024-05-08 08:43:00,2024-05-08 08:43:00,2024-05-09 08:00:00
678932,XT3,XT3,JADXT3,JADXT3,2024-05-08 08:43:00,2024-05-08 08:43:00,2024-05-09 08:00:00
678931,XT2,XT2,JADXT2,JADXT2,2024-05-08 08:43:00,2024-05-08 08:43:00,2024-05-09 08:00:00
678930,XT1,XT1,JADXT1,JADXT1,2024-05-08 08:43:00,2024-05-08 08:43:00,2024-05-09 08:00:00
678935,XT6,XT6,JADXT6,JADXT6,2024-05-08 08:43:00,2024-05-08 08:43:00,2024-05-09 08:00:00
678934,XT5,XT5,JADXT5,JADXT5,2024-05-08 08:43:00,2024-05-08 08:43:00,2024-05-09 08:00:00
678255,1605T6051,1605T6051,605T6051,605T6051,2024-04-03 00:00:00,2024-04-03 00:00:00,2024-05-09 10:34:00
678935,XT6,XT6,JADXT6,JADXT6,2024-04-01 00:00:00,2024-04-01 00:00:00,2024-05-07 23:59:00
678932,XT3,XT3,JADXT3,JADXT3,2024-04-01 00:00:00,2024-04-01 00:00:00,2024-05-07 23:59:00
678933,XT4,XT4,JADXT4,JADXT4,2024-04-01 00:00:00,2024-04-01 00:00:00,2024-05-07 23:59:00
678930,XT1,XT1,JADXT1,JADXT1,2024-04-01 00:00:00,2024-04-01 00:00:00,2024-05-07 23:59:00
678931,XT2,XT2,JADXT2,JADXT2,2024-04-01 00:00:00,2024-04-01 00:00:00,2024-05-07 23:59:00
678934,XT5,XT5,JADXT5,JADXT5,2024-04-01 00:00:00,2024-04-01 00:00:00,2024-05-07 23:59:00
649571,T1,T1,HYDRESST1,HYDRESST1,2024-05-01 00:00:00,2024-05-01 00:00:00,2024-05-04 00:00:00
661546,T1,T1,TORTESST1,TORTESST1,2024-05-01 00:00:00,2024-05-01 00:00:00,2024-05-04 00:00:00
649836,T1,T1,PALEESST1,PALEESST1,2024-05-01 00:00:00,2024-05-01 00:00:00,2024-05-04 00:00:00
683804,T1,T1,MONTWNDT1,MONTWNDT1,2024-03-01 00:00:00,2024-03-01 00:00:00,2024-05-03 21:33:00
683805,T2,T2,MONTWNDT2,MONTWNDT2,2024-03-01 00:00:00,2024-03-01 00:00:00,2024-05-03 21:33:00
646857,T3L,T3L,WHITEPTT3L,WHITEPTT3L,2023-09-01 00:00:00,2023-09-01 00:00:00,2024-05-03 13:43:00
646856,T3H,T3H,WHITEPTT3H,WHITEPTT3H,2023-09-01 00:00:00,2023-09-01 00:00:00,2024-05-03 13:43:00
681223,D5_S1A1,D5S1A1,D5S11,D5S11,2024-04-03 00:00:00,2024-04-03 00:00:00,2024-05-02 13:38:00
679671,KT2,KT2,CLOKT2,CLOKT2,2024-04-17 00:00:00,2024-04-17 00:00:00,2024-05-01 17:22:00
679670,KT1,KT1,CLOKT1,CLOKT1,2024-04-17 00:00:00,2024-04-17 00:00:00,2024-05-01 17:22:00
649571,T1,T1,HYDRESST1,HYDRESST1,2024-04-15 18:15:00,2024-04-15 18:15:00,2024-04-17 23:59:00
661546,T1,T1,TORTESST1,TORTESST1,2023-10-04 00:00:00,2023-10-04 00:00:00,2024-04-17 23:59:00
649836,T1,T1,PALEESST1,PALEESST1,2024-04-18 00:00:00,2024-04-18 00:00:00,
649571,T1,T1,HYDRESST1,HYDRESST1,2024-04-18 00:00:00,2024-04-18 00:00:00,
648671,1156T3791,1156T3791,56T3791,56T3791,2023-11-01 00:00:00,2023-11-01 00:00:00,2024-04-25 16:00:00
683454,T1,T1,BOCOESST1,BOCOESST1,2024-03-01 00:00:00,2024-03-01 00:00:00,2024-04-22 14:33:00
677399,T1,T1,MANDSLRT1,MANDSLRT1,2024-02-01 00:00:00,2024-02-01 00:00:00,2024-04-16 19:40:00
661546,T1,T1,TORTESST1,TORTESST1,2024-04-20 00:01:00,,
667918,KT01,KT01,RBNKT01,RBNKT01,2024-04-02 15:01:00,2024-04-02 15:01:00,2024-04-09 10:00:00
673928,T1,T1,BELMSLRT1,BELMSLRT1,2024-01-04 00:01:00,2024-01-04 00:01:00,2024-04-10 15:14:00
655121,T2,T2,RRCWINDT2,RRCWINDT2,2023-09-01 00:00:00,2023-09-01 00:00:00,2024-04-07 11:25:00
655122,T1,T1,RRCWINDT1,RRCWINDT1,2023-09-01 00:00:00,2023-09-01 00:00:00,2024-04-07 11:22:00
676176,T1,T1,BAKESLRT1,BAKESLRT1,2024-02-01 00:00:00,2024-02-01 00:00:00,2024-04-02 15:47:00
676177,T2,T2,BAKESLRT2,BAKESLRT2,2024-02-01 00:00:00,2024-02-01 00:00:00,2024-04-02 16:11:00
678936,XT7,XT7,JADXT7,JADXT7,2024-03-01 00:00:00,2024-03-01 00:00:00,2024-03-31 23:59:00
678937,XT8,XT8,JADXT8,JADXT8,2024-03-01 00:00:00,2024-03-01 00:00:00,2024-03-31 23:59:00
678934,XT5,XT5,JADXT5,JADXT5,2024-03-01 00:00:00,2024-03-01 00:00:00,2024-03-31 23:59:00
678935,XT6,XT6,JADXT6,JADXT6,2024-03-01 00:00:00,2024-03-01 00:00:00,2024-03-31 23:59:00
678931,XT2,XT2,JADXT2,JADXT2,2024-03-01 00:00:00,2024-03-01 00:00:00,2024-03-31 23:59:00
678932,XT3,XT3,JADXT3,JADXT3,2024-03-01 00:00:00,2024-03-01 00:00:00,2024-03-31 23:59:00
678930,XT1,XT1,JADXT1,JADXT1,2024-03-01 00:00:00,2024-03-01 00:00:00,2024-03-31 23:59:00
678933,XT4,XT4,JADXT4,JADXT4,2024-03-01 00:00:00,2024-03-01 00:00:00,2024-03-31 23:59:00
678241,T101,T101,SUNSLRT101,SUNSLRT101,2024-04-02 17:01:00,2024-04-02 17:01:00,2024-04-03 18:04:00
679671,KT2,KT2,CLOKT2,CLOKT2,2024-04-03 00:00:00,2024-04-03 00:00:00,2024-04-03 00:01:00
679670,KT1,KT1,CLOKT1,CLOKT1,2024-04-03 00:00:00,2024-04-03 00:00:00,2024-04-03 00:01:00
664626,PT2H,PT2H,PHOKT02,PHOKT02,2023-12-01 00:00:00,2023-12-01 00:00:00,2024-03-20 17:00:00
664629,PT3H,PT3H,PHOKT03,PHOKT03,2023-12-01 00:00:00,2023-12-01 00:00:00,2024-03-20 17:00:00
664623,PT1H,PT1H,PHOKT01,PHOKT01,2023-12-01 00:00:00,2023-12-01 00:00:00,2024-03-20 17:00:00
667918,KT01,KT01,RBNKT01,RBNKT01,2023-12-01 00:00:00,2023-12-01 00:00:00,2024-04-02 15:00:00
678241,T101,T101,SUNSLRT101,SUNSLRT101,2024-03-01 00:00:00,2024-03-01 00:00:00,2024-04-02 17:00:00
650270,MR2H,MR2H,LPNSWMR2H,LPNSWAXFMR2H,2023-11-01 00:00:00,2023-11-01 00:00:00,2024-03-26 18:27:00
652128,MR2L,MR2L,LPNSWMR2L,LPNSWAXFMR2L,2023-11-01 00:00:00,2023-11-01 00:00:00,2024-03-26 18:27:00
652063,MR1L,MR1L,LPNSWMR1L,LPNSWAXFMR1L,2023-11-01 00:00:00,2023-11-01 00:00:00,2024-03-26 18:33:00
652043,MR1H,MR1H,LPNSWMR1H,LPNSWAXFMR1H,2023-11-01 00:00:00,2023-11-01 00:00:00,2024-03-15 17:34:00
676558,T1,T1,AUROSLRT1,AUROSLRT1,2024-01-04 00:00:00,2024-01-04 00:00:00,2024-03-06 12:00:00
676340,MPT1,MPT1,CRAWFISHMPT1,CRAWFISHMPT1,2024-02-01 00:00:00,2024-02-01 00:00:00,2024-03-08 11:00:00
677536,KT2,KT2,ROWKT2,ROWKT2,2024-03-07 18:30:00,2024-03-07 18:30:00,2024-03-07 21:30:00
668910,T1,T1,PAVOESST1,PAVOESST1,2024-03-06 08:00:00,2024-03-06 08:00:00,
672873,T1,T1,ANEMESST1,ANEMESST1,2024-01-04 00:00:00,2024-01-04 00:00:00,2024-03-01 10:07:00
666524,T3,T3,FIVEWSLRT3,FIVEWSLRT3,2024-01-01 21:25:00,2024-01-01 21:25:00,2024-02-26 13:02:00
676576,TR2H,TR2H,FORMOSATR2H,FORMOSATR2H,2024-01-04 17:02:00,2024-01-04 17:02:00,2024-02-01 00:00:00
677536,KT2,KT2,ROWKT2,ROWKT2,2024-02-01 00:00:00,2024-02-01 00:00:00,2024-02-19 14:00:00
669285,T1,T1,ANGSLRT1,ANGSLRT1,2023-12-01 00:01:00,2023-12-01 00:01:00,2024-02-19 11:38:00
671374,T2,T2,ANGSLRT2,ANGSLRT2,2023-12-01 00:01:00,2023-12-01 00:01:00,2024-02-14 16:41:00
669045,T1,T1,HALOSLRT1,HALOSLRT1,2023-12-01 00:01:00,2023-12-01 00:01:00,2024-02-12 18:00:00
697734,TR-1,TR1,BONETSLRTR1,BONETSLRTR1,2024-04-03 00:00:00,,
665377,MR2H,MR2H,TESSWMR2H,TESSWMR2H,2023-12-01 00:00:00,2023-12-01 00:00:00,2024-02-03 13:16:00
665378,MR2L,MR2L,TESSWMR2L,TESSWMR2L,2023-12-01 00:00:00,2023-12-01 00:00:00,2024-02-03 13:16:00
671770,MPT,MPT,GIGAESSMPT,GIGAESSMPT,2023-12-01 00:00:00,2023-12-01 00:00:00,2024-01-31 23:59:00
668910,T1,T1,PAVOESST1,PAVOESST1,2023-12-01 00:00:00,2023-12-01 00:00:00,2024-01-31 12:40:00
676576,TR2H,TR2H,FORMOSATR2H,FORMOSATR2H,2023-12-01 00:00:00,2023-12-01 00:00:00,2024-01-04 17:00:00
673197,T1,T1,EBNYESST1,EBNYESST1,2024-01-04 00:00:00,2024-01-04 00:00:00,
666524,T3,T3,FIVEWSLRT3,FIVEWSLRT3,2023-12-01 00:00:00,2023-12-01 00:00:00,2023-12-31 23:59:00
630886,MR2H,MR2H,EXPSWMR2H,EXPSWMR2H,2023-05-03 00:00:00,2023-05-03 00:00:00,2023-12-31 18:00:00
630887,MR2L,MR2L,EXPSWMR2L,EXPSWMR2L,2023-05-03 00:00:00,2023-05-03 00:00:00,2023-12-31 18:00:00
666946,MR1L,MR1L,TESSWMR1L,TESSWMR1L,2023-12-01 00:00:00,2023-12-01 00:00:00,2023-12-29 18:00:00
666945,MR1H,MR1H,TESSWMR1H,TESSWMR1H,2023-12-01 00:00:00,2023-12-01 00:00:00,2023-12-29 18:00:00
609504,AT1H,AT1H,CLAT1H,CLAT1H,2023-04-05 00:00:00,2023-04-05 00:00:00,2023-12-16 11:18:00
609505,AT1,AT1,CLAT1,CLAT1,2023-04-05 00:00:00,2023-04-05 00:00:00,2023-12-16 11:18:00
279491,MR1H,MR1H,BOMSWMR1H,BOMSWAXFMR1H,2023-12-14 20:38:00,2023-12-14 20:38:00,2023-12-20 15:00:00
657636,1705_A,1705A,1805A,1805A,2023-10-25 00:00:00,2023-10-25 00:00:00,2023-12-13 16:36:00
650440,MPT2,MPT2,7RNCHSLRMPT2,7RNCHSLRMPT2,2023-11-01 00:00:00,2023-11-01 00:00:00,2023-12-06 17:01:00
650439,MPT1,MPT1,7RNCHSLRMPT1,7RNCHSLRMPT1,2023-11-01 00:00:00,2023-11-01 00:00:00,2023-12-06 17:01:00
607274,T2,T2,ESTONIANT2,ESTONIANT2,2023-11-30 08:23:00,2023-11-30 08:23:00,2023-12-05 16:25:00
607273,T1,T1,ESTONIANT1,ESTONIANT1,2023-11-30 08:23:00,2023-11-30 08:23:00,2023-12-05 16:25:00
666524,T3,T3,FIVEWSLRT3,FIVEWSLRT3,2023-11-01 00:00:00,2023-11-01 00:00:00,2023-11-30 23:59:00
527471,T1,T1,DELILA1T1,DELILA1T1,2023-07-30 18:01:00,2023-07-30 18:01:00,2023-12-07 11:57:00
527472,T2,T2,DELILA1T2,DELILA1T2,2023-07-30 18:01:00,2023-07-30 18:01:00,2023-12-07 11:57:00
661645,T1,T1,SHAMROCKT1,SHAMROCKT1,2023-10-04 00:00:00,2023-10-04 00:00:00,2023-12-07 14:37:00
652490,KT1,KT1,HOLKT1,HOLKT1,2023-08-02 00:00:00,2023-08-02 00:00:00,2023-12-05 17:42:00
676418,T011,T011,RAILROADTR2,RAILROADRRD5TR2,2023-12-01 08:33:00,2023-12-01 08:33:00,2023-12-01 15:44:00
676419,T012,T012,RAILROADTR3,RAILROADRRD5TR3,2023-12-01 08:33:00,2023-12-01 08:33:00,2023-12-01 15:44:00
676421,T022,T022,RAILROADTR5,RAILROADRRD5TR5,2023-12-01 08:33:00,2023-12-01 08:33:00,2023-12-01 15:44:00
676420,T021,T021,RAILROADTR4,RAILROADRRD5TR4,2023-12-01 08:33:00,2023-12-01 08:33:00,2023-12-01 15:44:00
657516,T1,T1,PORTSLRT1,PORTSLRT1,2023-09-01 00:00:00,2023-09-01 00:00:00,2023-12-01 12:55:00
669383,0020,0020,TC0020,TC0020,2023-12-01 00:00:00,2023-12-01 00:00:00,
669897,T1,T1,DKNSESST1,DKNSESST1,2023-12-01 00:00:00,2023-12-01 00:00:00,
626863,MRH1,MRH1,EXPSWMR1H,EXPSWMR1H,2023-05-03 00:00:00,2023-05-03 00:00:00,2023-11-30 16:50:00
626864,MR1L,MR1L,EXPSWMR1L,EXPSWMR1L,2023-05-03 00:00:00,2023-05-03 00:00:00,2023-11-30 16:52:00
664822,T1,T1,LBRAESST1,LBRAESST1,2023-11-01 00:00:00,2023-11-01 00:00:00,2023-11-30 12:45:00
607274,T2,T2,ESTONIANT2,ESTONIANT2,2023-07-25 15:01:00,2023-07-25 15:01:00,2023-11-30 08:24:00
607273,T1,T1,ESTONIANT1,ESTONIANT1,2023-07-25 15:01:00,2023-07-25 15:01:00,2023-11-30 08:24:00
606304,T1,T1,STAMSLRT1,STAMSLRT1,2023-06-01 00:01:00,2023-06-01 00:01:00,2023-11-28 15:11:00
606305,T2,T2,STAMSLRT2,STAMSLRT2,2023-06-01 00:01:00,2023-06-01 00:01:00,2023-11-28 15:45:00
647714,KT3,KT3,MYRKT3,MYRKT3,2023-10-18 17:00:00,2023-10-18 17:00:00,2023-11-21 16:29:00
649536,T2,T2,GOODNIT1T2,GOODNIT1T2,2023-10-04 00:00:00,2023-10-04 00:00:00,2023-11-21 13:41:00
604347,T1,T1,FENCESLRT1,FENCESLRT1,2023-07-13 20:57:00,2023-07-13 20:57:00,2023-11-21 12:31:00
604348,T2,T2,FENCESLRT2,FENCESLRT2,2023-07-13 20:57:00,2023-07-13 20:57:00,2023-11-21 12:31:00
654797,T2,T2,SHEEPCRKT2,SHEEPCRKT2,2023-11-01 00:00:00,2023-11-01 00:00:00,2023-11-17 10:59:00
654796,T1,T1,SHEEPCRKT1,SHEEPCRKT1,2023-11-01 00:00:00,2023-11-01 00:00:00,2023-11-17 10:56:00
639836,T1,T1,EBELLSLRT1,EBELLSLRT1,2023-11-17 18:00:00,2023-11-17 18:00:00,2023-11-18 01:28:00
654797,T2,T2,SHEEPCRKT2,SHEEPCRKT2,2023-09-01 00:00:00,2023-09-01 00:00:00,2023-10-31 23:59:00
654796,T1,T1,SHEEPCRKT1,SHEEPCRKT1,2023-09-01 00:00:00,2023-09-01 00:00:00,2023-10-31 23:59:00
649535,T1,T1,GOODNIT1T1,GOODNIT1T1,2023-10-04 00:00:00,2023-10-04 00:00:00,2023-11-15 14:45:00
657372,T1,T1,CANYONWDT1,CANYONWDT1,2023-09-01 00:00:00,2023-09-01 00:00:00,2023-11-15 17:00:00
657374,T3,T3,CANYONWDT3,CANYONWDT3,2023-09-01 00:00:00,2023-09-01 00:00:00,2023-11-15 17:00:00
657373,T2,T2,CANYONWDT2,CANYONWDT2,2023-09-01 00:00:00,2023-09-01 00:00:00,2023-11-15 17:00:00
658520,T1,T1,ZIERSLRT1,ZIERSLRT1,2023-09-01 00:00:00,2023-09-01 00:00:00,2023-11-14 12:00:00
652491,KT2,KT2,HOLKT2,HOLKT2,2023-08-02 00:00:00,2023-08-02 00:00:00,2023-10-26 16:00:00
579071,69L,69L,POESTA69L,POESTA69L,2023-09-07 16:50:00,2023-09-07 16:50:00,2023-11-02 15:14:00
579070,138H,138H,POESTA138H,POESTA138H,2023-09-07 16:50:00,2023-09-07 16:50:00,2023-11-02 15:14:00
667100,T1,T1,PIONRDJT1,PIONRDJT1,2023-11-01 00:00:00,2023-11-01 00:00:00,
647714,KT3,KT3,MYRKT3,MYRKT3,2023-10-19 09:15:00,2023-10-19 09:15:00,2023-10-27 12:00:00
575144,KT1,KT1,SBEKT1,SBEKT1,2023-09-28 00:00:00,2023-09-28 00:00:00,2023-10-22 09:31:00
601405,T1,T1,MERCURYT1,MERCURYT1,2022-11-02 00:00:00,2022-11-02 00:00:00,2023-10-19 20:16:00
601406,T2,T2,MERCURYT2,MERCURYT2,2022-11-02 00:00:00,2022-11-02 00:00:00,2023-10-19 20:17:00
647714,KT3,KT3,MYRKT3,MYRKT3,2023-09-01 00:00:00,2023-09-01 00:00:00,2023-10-18 17:00:00
649314,MPT1,MPT1,SGALBESMPT1,SGALBESMPT1,2023-10-04 00:00:00,2023-10-04 00:00:00,2023-10-18 12:00:00
639836,T1,T1,EBELLSLRT1,EBELLSLRT1,2023-10-13 15:57:00,2023-10-13 15:57:00,2023-10-15 10:45:00
639836,T1,T1,EBELLSLRT1,EBELLSLRT1,2023-07-15 00:00:00,2023-07-15 00:00:00,2023-10-13 11:43:00
656871,T2,T2,FIVEWSLRT2,FIVEWSLRT2,2023-09-01 00:00:00,2023-09-01 00:00:00,2023-09-13 23:59:00
656870,T1,T1,FIVEWSLRT1,FIVEWSLRT1,2023-09-01 00:00:00,2023-09-01 00:00:00,2023-09-13 23:59:00
649836,T1,T1,PALEESST1,PALEESST1,2023-10-04 00:00:00,2023-10-04 00:00:00,
649571,T1,T1,HYDRESST1,HYDRESST1,2023-10-04 00:00:00,2023-10-04 00:00:00,
640238,T2,T2,CORALSLRT2,CORALSLRT2,2023-09-22 18:52:00,2023-09-22 18:52:00,2023-09-26 16:25:00
647714,KT3,KT3,MYRKT3,MYRKT3,2023-07-07 00:00:00,2023-07-07 00:00:00,2023-08-31 23:59:00
662092,T1,T1,APTXCITYT1,APTXCITYT1,2023-10-04 00:00:00,,
662093,T2,T2,APTXCITYT2,APTXCITYT2,2023-10-04 00:00:00,,
615156,MPT1,MPT1,HOUSEMTNMPT1,HOUSEMTNMPT1,2023-04-05 00:00:00,2023-04-05 00:00:00,2023-09-12 15:50:00
656082,T2,T2,HOPKNSLRT2,HOPKNSLRT2,2023-09-01 00:00:00,2023-09-01 00:00:00,2023-09-12 14:20:00
656081,T1,T1,HOPKNSLRT1,HOPKNSLRT1,2023-09-01 00:00:00,2023-09-01 00:00:00,2023-09-12 14:20:00
579071,69L,69L,POESTA69L,POESTA69L,2023-07-03 00:01:00,2023-07-03 00:01:00,2023-09-06 12:00:00
579070,138H,138H,POESTA138H,POESTA138H,2023-07-03 00:01:00,2023-07-03 00:01:00,2023-09-06 12:00:00
617547,KT2,KT2,DANKT2,DANKT2,2023-05-02 15:41:00,2023-05-02 15:41:00,2023-08-28 19:00:00
617548,KT3,KT3,DANKT3,DANKT3,2023-05-02 15:41:00,2023-05-02 15:41:00,2023-08-28 19:45:00
647160,T1,T1,FRYESLRT1,FRYESLRT1,2023-07-07 00:00:00,2023-07-07 00:00:00,2023-08-25 07:55:00
647161,T2,T2,FRYESLRT2,FRYESLRT2,2023-07-07 00:00:00,2023-07-07 00:00:00,2023-08-25 07:55:00
639729,T1,T1,NOVA2SLRT1,NOVA2SLRT1,2023-08-01 00:00:00,2023-08-01 00:00:00,2023-08-22 14:00:00
642976,T1,T1,HRZNSLRT1,HRZNSLRT1,2023-06-01 00:00:00,2023-06-01 00:00:00,2023-08-16 17:28:00
642976,T1,T1,HRZNSLRT1,HRZNSLRT1,2023-06-01 00:00:00,2023-06-01 00:00:00,2023-08-11 17:00:00
639729,T1,T1,NOVA2SLRT1,NOVA2SLRT1,2023-06-01 00:00:00,2023-06-01 00:00:00,2023-07-31 23:59:00
640237,T1,T1,CORALSLRT1,CORALSLRT1,2023-08-02 00:00:00,2023-08-02 00:00:00,2023-08-09 10:13:00
640238,T2,T2,CORALSLRT2,CORALSLRT2,2023-08-02 00:00:00,2023-08-02 00:00:00,2023-08-08 10:13:00
640238,T2,T2,CORALSLRT2,CORALSLRT2,2023-06-01 00:00:00,2023-06-01 00:00:00,2023-08-01 23:59:00
640237,T1,T1,CORALSLRT1,CORALSLRT1,2023-06-01 00:00:00,2023-06-01 00:00:00,2023-08-01 23:59:00
527471,T1,T1,DELILA1T1,DELILA1T1,2023-02-15 18:01:00,2023-02-15 18:01:00,2023-07-30 18:00:00
527472,T2,T2,DELILA1T2,DELILA1T2,2023-02-15 18:01:00,2023-02-15 18:01:00,2023-07-30 18:00:00
654023,T2,T2,RRANCHEST2,RRANCHEST2,2023-07-07 00:00:00,2023-07-07 00:00:00,2023-07-28 09:30:00
654022,T1,T1,RRANCHEST1,RRANCHEST1,2023-07-07 00:00:00,2023-07-07 00:00:00,2023-07-28 09:30:00
639836,T1,T1,EBELLSLRT1,EBELLSLRT1,2023-05-12 00:00:00,2023-05-12 00:00:00,2023-07-14 23:59:00
605621,1290T3051,1290T3051,290T3051,290T3051,2022-12-01 00:00:00,2022-12-01 00:00:00,2023-07-26 10:21:00
604347,T1,T1,FENCESLRT1,FENCESLRT1,2023-05-05 00:01:00,2023-05-05 00:01:00,2023-07-13 20:56:00
604348,T2,T2,FENCESLRT2,FENCESLRT2,2023-05-05 00:01:00,2023-05-05 00:01:00,2023-07-13 20:56:00
622374,XT8,XT8,BTMXT8,BTMXT8,2023-07-10 06:29:00,2023-07-10 06:29:00,2023-07-10 13:42:00
622373,XT7,XT7,BTMXT7,BTMXT7,2023-07-10 06:29:00,2023-07-10 06:29:00,2023-07-10 13:41:00
622373,XT7,XT7,BTMXT7,BTMXT7,2023-06-08 00:00:00,2023-06-08 00:00:00,2023-07-07 23:59:00
622374,XT8,XT8,BTMXT8,BTMXT8,2023-06-08 00:00:00,2023-06-08 00:00:00,2023-07-07 23:59:00
606622,T2,T2,BRARROWT2,BRARROWT2,2023-03-03 17:00:00,2023-03-03 17:00:00,2023-06-28 12:00:00
606621,T1,T1,BRARROWT1,BRARROWT1,2023-03-03 17:00:00,2023-03-03 17:00:00,2023-06-28 12:00:00
647462,XF1H,XF1H,BROOKHOLXF3H,BROOKHOL11381H,2023-06-30 18:01:00,2023-06-30 18:01:00,2023-06-30 18:02:00
647463,XF1L,XF1L,BROOKHOLXF3L,BROOKHOL1691H,2023-06-30 18:01:00,2023-06-30 18:01:00,2023-06-30 18:02:00
579071,69L,69L,POESTA69L,POESTA69L,2023-06-30 16:01:00,2023-06-30 16:01:00,2023-07-03 00:00:00
579070,138H,138H,POESTA138H,POESTA138H,2023-06-30 16:01:00,2023-06-30 16:01:00,2023-07-03 00:00:00
647462,XF1H,XF1H,BROOKHOLXF3H,BROOKHOL11381H,2023-06-22 05:30:00,2023-06-22 05:30:00,2023-06-30 18:00:00
647463,XF1L,XF1L,BROOKHOLXF3L,BROOKHOL1691H,2023-06-22 05:30:00,2023-06-22 05:30:00,2023-06-30 18:00:00
630887,MR2L,MR2L,EXPSWMR2L,EXPSWMR2L,2023-05-03 00:00:00,2023-05-03 00:00:00,2023-06-30 20:00:00
630886,MR2H,MR2H,EXPSWMR2H,EXPSWMR2H,2023-05-03 00:00:00,2023-05-03 00:00:00,2023-06-30 20:00:00
626863,MRH1,MRH1,EXPSWMR1H,EXPSWMR1H,2023-05-03 00:00:00,2023-05-03 00:00:00,2023-06-30 20:00:00
626864,MR1L,MR1L,EXPSWMR1L,EXPSWMR1L,2023-05-03 00:00:00,2023-05-03 00:00:00,2023-06-30 20:00:00
579071,69L,69L,POESTA69L,POESTA69L,2022-07-01 00:01:00,2022-07-01 00:01:00,2023-06-30 16:00:00
579070,138H,138H,POESTA138H,POESTA138H,2022-07-01 00:01:00,2022-07-01 00:01:00,2023-06-30 16:00:00
642725,T1,T1,TREBSLRT1,TREBSLRT1,2023-06-01 00:00:00,2023-06-01 00:00:00,2023-06-27 17:38:00
647463,XF1L,XF1L,BROOKHOLXF3L,BROOKHOL1691H,2023-06-21 00:00:00,2023-06-21 00:00:00,2023-06-22 05:29:00
647462,XF1H,XF1H,BROOKHOLXF3H,BROOKHOL11381H,2023-06-21 00:00:00,2023-06-21 00:00:00,2023-06-22 05:29:00
607273,T1,T1,ESTONIANT1,ESTONIANT1,2023-04-13 00:00:00,2023-04-13 00:00:00,
607274,T2,T2,ESTONIANT2,ESTONIANT2,2023-04-13 00:00:00,2023-04-13 00:00:00,
643720,T1,T1,DILEOSLRT1,DILEOSLRT1,2023-06-01 00:00:00,2023-06-01 00:00:00,2023-06-22 13:30:00
645787,T1,T1,PITTSDDKT1,PITTSDDKT1,2023-06-01 00:00:00,2023-06-01 00:00:00,2023-06-20 13:12:00
622373,XT7,XT7,BTMXT7,BTMXT7,2023-04-30 10:01:00,2023-04-30 10:01:00,2023-06-07 23:59:00
622374,XT8,XT8,BTMXT8,BTMXT8,2023-04-30 10:01:00,2023-04-30 10:01:00,2023-06-07 23:59:00
641701,T1,T1,TBWFESST1,TBWFESST1,2023-06-01 00:00:00,2023-06-01 00:00:00,2023-06-16 13:00:00
606305,T2,T2,STAMSLRT2,STAMSLRT2,2023-01-16 00:01:00,2023-01-16 00:01:00,2023-06-01 00:00:00
606304,T1,T1,STAMSLRT1,STAMSLRT1,2023-01-16 00:01:00,2023-01-16 00:01:00,2023-06-01 00:00:00
639729,T1,T1,NOVA2SLRT1,NOVA2SLRT1,2023-05-03 00:00:00,2023-05-03 00:00:00,2023-05-31 23:59:00
586575,1500T2311,1500T2311,500T2311,500T2311,2022-09-01 00:00:00,2022-09-01 00:00:00,2023-05-30 12:00:00
586576,1197T1711,1197T1711,197T1711,197T1711,2022-09-01 00:00:00,2022-09-01 00:00:00,2023-05-30 12:00:00
612234,T2,T2,ANDMDSLRT2,ANDMDSLRT2,2023-05-19 18:00:00,2023-05-19 18:00:00,2023-05-27 09:00:00
593151,138H,138H,VALEROE138H,VALEROE138H,2022-11-02 00:00:00,2022-11-02 00:00:00,2023-05-22 13:29:00
616860,XT1,XT1,BTMXT1,BTMXT1,2023-04-29 09:47:00,2023-04-29 09:47:00,2023-05-22 15:06:00
612234,T2,T2,ANDMDSLRT2,ANDMDSLRT2,2022-12-01 00:00:00,2022-12-01 00:00:00,2023-05-19 18:00:00
552502,FMR1,FMR1,CCKSWFMR1,CCKSWAXFMR1,2022-11-09 00:00:00,2022-11-09 00:00:00,2023-05-18 12:07:00
639836,T1,T1,EBELLSLRT1,EBELLSLRT1,2023-05-03 00:30:00,2023-05-03 00:30:00,2023-05-11 23:59:00
615249,T2,T2,GALLOWAYT2,GALLOWAYT2,2023-02-01 00:00:00,2023-02-01 00:00:00,2023-05-12 15:00:00
623436,1131T1731,1131T1731,131T1731,131T1731,2023-05-03 00:00:00,2023-05-03 00:00:00,2023-05-12 11:28:00
593152,69L,69L,VALEROE69L,VALEROE69L,2022-11-02 00:00:00,2022-11-02 00:00:00,2023-05-10 15:42:00
607504,T2,T2,JADESLRT2,JADESLRT2,2022-12-01 00:00:00,2022-12-01 00:00:00,2023-05-10 14:00:00
622373,XT7,XT7,BTMXT7,BTMXT7,2023-03-01 00:00:00,2023-03-01 00:00:00,2023-04-30 10:00:00
622374,XT8,XT8,BTMXT8,BTMXT8,2023-03-01 00:00:00,2023-03-01 00:00:00,2023-04-30 10:00:00
616860,XT1,XT1,BTMXT1,BTMXT1,2023-04-14 09:47:00,2023-04-14 09:47:00,2023-04-29 09:47:00
612233,T1,T1,ANDMDSLRT1,ANDMDSLRT1,2022-12-01 00:00:00,2022-12-01 00:00:00,2023-05-06 16:26:00
617546,KT1,KT1,DANKT1,DANKT1,2023-05-02 15:41:00,2023-05-02 15:41:00,2023-05-05 08:00:00
604347,T1,T1,FENCESLRT1,FENCESLRT1,2022-11-02 00:00:00,2022-11-02 00:00:00,2023-04-25 23:59:00
604348,T2,T2,FENCESLRT2,FENCESLRT2,2022-11-02 00:00:00,2022-11-02 00:00:00,2023-04-25 23:59:00
617548,KT3,KT3,DANKT3,DANKT3,2023-02-01 00:00:00,2023-02-01 00:00:00,2023-05-02 15:40:00
617547,KT2,KT2,DANKT2,DANKT2,2023-02-01 00:00:00,2023-02-01 00:00:00,2023-05-02 15:40:00
617546,KT1,KT1,DANKT1,DANKT1,2023-02-01 00:00:00,2023-02-01 00:00:00,2023-05-02 15:40:00
609336,T1_H,T1H,LOOKOUTT1H,LOOKOUTT1H,2023-04-12 00:02:00,2023-04-12 00:02:00,2023-04-28 18:00:00
601938,KT1,KT1,MYRKT1,MYRKT1,2023-04-24 06:43:00,2023-04-24 06:43:00,2023-04-24 06:44:00
601939,KT2,KT2,MYRKT2,MYRKT2,2023-04-24 06:43:00,2023-04-24 06:43:00,2023-04-24 06:44:00
626034,T2,T2,NOVA1SLRT2,NOVA1SLRT2,2023-03-01 00:00:00,2023-03-01 00:00:00,2023-04-18 14:47:00
626033,T1,T1,NOVA1SLRT1,NOVA1SLRT1,2023-04-04 00:00:00,2023-04-04 00:00:00,2023-04-18 14:47:00
575144,KT1,KT1,SBEKT1,SBEKT1,2023-04-01 00:01:00,2023-04-01 00:01:00,2023-04-18 11:15:00
616860,XT1,XT1,BTMXT1,BTMXT1,2023-04-12 09:54:00,2023-04-12 09:54:00,2023-04-14 09:05:00
279648,21T,21T,CBEC21T,CBEC21T,2023-04-14 10:00:00,,
280379,25T,25T,CBEC25T,CBEC25T,2023-04-14 10:00:00,,
280177,22T,22T,CBEC22T,CBEC22T,2023-04-14 10:00:00,,
607273,T1,T1,ESTONIANT1,ESTONIANT1,2023-04-10 14:01:00,2023-04-10 14:01:00,
616861,XT2,XT2,BTMXT2,BTMXT2,2023-03-25 16:31:00,2023-03-25 16:31:00,2023-04-12 09:48:00
616862,XT3,XT3,BTMXT3,BTMXT3,2023-03-25 16:31:00,2023-03-25 16:31:00,2023-04-12 09:48:00
616860,XT1,XT1,BTMXT1,BTMXT1,2023-03-25 16:31:00,2023-03-25 16:31:00,2023-04-12 09:48:00
646478,E110,E110,FRONTECE110,FRONTECE110,2023-04-12 00:01:00,2023-04-12 00:01:00,
646479,E120,E120,FRONTECE120,FRONTECE120,2023-04-12 00:01:00,2023-04-12 00:01:00,
646480,E100,E100,FRONTECE100,FRONTECE100,2023-04-12 00:01:00,2023-04-12 00:01:00,
607273,T1,T1,ESTONIANT1,ESTONIANT1,2022-12-01 00:00:00,2022-12-01 00:00:00,2023-04-10 14:00:00
607274,T2,T2,ESTONIANT2,ESTONIANT2,2022-12-01 00:00:00,2022-12-01 00:00:00,2023-04-10 14:00:00
614534,XFH3,XFH3,STEWARTXFH3,STEWARTXFH3,2023-04-05 00:00:00,2023-04-05 00:00:00,2023-04-05 00:01:00
614531,XFH2,XFH2,STEWARTXFH2,STEWARTXFH2,2023-04-05 00:00:00,2023-04-05 00:00:00,2023-04-05 00:01:00
614532,XFL2,XFL2,STEWARTXFL2,STEWARTXFL2,2023-04-05 00:00:00,2023-04-05 00:00:00,2023-04-05 00:01:00
614535,XFL3,XFL3,STEWARTXFL3,STEWARTXFL3,2023-04-05 00:00:00,2023-04-05 00:00:00,2023-04-05 00:01:00
623800,T1,T1,EIFSLRT1,EIFSLRT1,2023-04-05 00:00:00,2023-04-05 00:00:00,
626033,T1,T1,NOVA1SLRT1,NOVA1SLRT1,2023-03-01 00:00:00,2023-03-01 00:00:00,2023-04-03 23:59:00
616862,XT3,XT3,BTMXT3,BTMXT3,2023-03-24 11:20:00,2023-03-24 11:20:00,2023-03-25 16:27:00
616861,XT2,XT2,BTMXT2,BTMXT2,2023-03-24 11:20:00,2023-03-24 11:20:00,2023-03-25 16:27:00
616860,XT1,XT1,BTMXT1,BTMXT1,2023-03-24 11:20:00,2023-03-24 11:20:00,2023-03-25 16:27:00
616863,XT4,XT4,BTMXT4,BTMXT4,2023-03-24 11:20:00,2023-03-24 11:20:00,2023-03-25 16:27:00
555003,T2,T2,SPARTAT2,SPARTAT2,2022-10-24 12:01:00,2022-10-24 12:01:00,2023-03-24 12:42:00
555002,T1,T1,SPARTAT1,SPARTAT1,2022-10-24 12:01:00,2022-10-24 12:01:00,2023-03-24 12:42:00
616863,XT4,XT4,BTMXT4,BTMXT4,2023-03-13 09:45:00,2023-03-13 09:45:00,2023-03-24 11:17:00
616861,XT2,XT2,BTMXT2,BTMXT2,2023-03-13 09:45:00,2023-03-13 09:45:00,2023-03-24 11:17:00
616862,XT3,XT3,BTMXT3,BTMXT3,2023-03-13 09:45:00,2023-03-13 09:45:00,2023-03-24 11:17:00
616860,XT1,XT1,BTMXT1,BTMXT1,2023-03-13 09:45:00,2023-03-13 09:45:00,2023-03-24 11:17:00
576274,T-1,T1,RVRVLYST1,RVRVLYST1,2022-11-01 00:00:00,2022-11-01 00:00:00,2023-03-23 14:35:00
576275,T-2,T2,RVRVLYST2,RVRVLYST2,2022-11-01 00:00:00,2022-11-01 00:00:00,2023-03-23 14:35:00
619802,HLJDAN01A,HLJDAN01A,DANHLJ01A,DANHLJ01,2023-03-16 17:01:00,2023-03-16 17:01:00,2023-03-22 17:00:00
593599,T1,T1,WFTANKT1,WFTANKT1,2022-10-05 00:00:00,2022-10-05 00:00:00,2023-03-21 12:06:00
613864,LOC_HK_NODE1,LOCHKNODE1,LOCHKGIS1,LOCHKGIS,2023-02-01 00:00:00,2023-02-01 00:00:00,2023-03-17 11:00:00
619802,HLJDAN01A,HLJDAN01A,DANHLJ01A,DANHLJ01,2023-02-01 00:00:00,2023-02-01 00:00:00,2023-03-16 17:00:00
616862,XT3,XT3,BTMXT3,BTMXT3,2023-02-01 00:00:00,2023-02-01 00:00:00,2023-03-13 09:36:00
616860,XT1,XT1,BTMXT1,BTMXT1,2023-02-01 00:00:00,2023-02-01 00:00:00,2023-03-13 09:36:00
616864,XT5,XT5,BTMXT5,BTMXT5,2023-02-01 00:00:00,2023-02-01 00:00:00,2023-03-13 09:36:00
616863,XT4,XT4,BTMXT4,BTMXT4,2023-02-01 00:00:00,2023-02-01 00:00:00,2023-03-13 09:36:00
616861,XT2,XT2,BTMXT2,BTMXT2,2023-02-01 00:00:00,2023-02-01 00:00:00,2023-03-13 09:36:00
616865,XT6,XT6,BTMXT6,BTMXT6,2023-02-01 00:00:00,2023-02-01 00:00:00,2023-03-13 09:36:00
615249,T2,T2,GALLOWAYT2,GALLOWAYT2,2023-02-01 00:00:00,2023-02-01 00:00:00,2023-03-02 16:00:00
606621,T1,T1,BRARROWT1,BRARROWT1,2023-02-28 20:53:00,2023-02-28 20:53:00,2023-03-03 16:59:00
606622,T2,T2,BRARROWT2,BRARROWT2,2023-02-28 20:53:00,2023-02-28 20:53:00,2023-03-03 16:59:00
531749,ATHEY_ELLENB11,ATHEYELLENB11,ATHEYGOMEZT11,ATHEYGOMEZT1,2022-10-20 20:01:00,2022-10-20 20:01:00,2023-03-02 16:00:00
606621,T1,T1,BRARROWT1,BRARROWT1,2022-12-01 00:00:00,2022-12-01 00:00:00,2023-02-28 17:00:00
606622,T2,T2,BRARROWT2,BRARROWT2,2022-12-01 00:00:00,2022-12-01 00:00:00,2023-02-28 17:00:00
607503,T1,T1,JADESLRT1,JADESLRT1,2022-12-01 00:00:00,2022-12-01 00:00:00,2023-02-28 14:00:00
603387,MPT1,MPT1,FILESSLRMPT1,FILESSLRMPT1,2022-11-02 00:00:00,2022-11-02 00:00:00,2023-02-16 16:25:00
527472,T2,T2,DELILA1T2,DELILA1T2,2023-01-15 18:01:00,2023-01-15 18:01:00,2023-02-15 18:00:00
527471,T1,T1,DELILA1T1,DELILA1T1,2023-01-15 18:01:00,2023-01-15 18:01:00,2023-02-15 18:00:00
603092,MR2H,MR2H,CONSWMR2H,CONSWAXFMR2H,2022-12-01 00:00:00,2022-12-01 00:01:00,2023-02-06 15:49:00
603093,MR2L,MR2L,CONSWMR2L,CONSWAXFMR2L,2022-12-01 00:00:00,2022-12-01 00:01:00,2023-02-06 15:49:00
608249,NPXF,NPXF,NVAP345NPXF,NVAP345NPXF,2023-01-05 00:00:00,2023-01-05 00:00:00,2023-01-27 00:00:00
597440,212T,212T,CBEC212T,CBEC212T,2022-11-11 00:00:00,2022-11-11 00:00:00,2023-01-23 09:26:00
588008,T-1,T1,TURQBESST1,TURQBESST1,2022-09-01 00:00:00,2022-09-01 00:00:00,2023-01-20 14:45:00
610665,CRT1,CRT1,CRWNSLRCRT1,CRWNSLRCRT1,2022-12-01 00:00:00,2022-12-01 00:00:00,2023-01-13 10:33:00
610817,SOT1,SOT1,GOLINDASOT1,GOLINDASOT1,2022-12-01 00:00:00,2022-12-01 00:00:00,2023-01-13 09:18:00
606304,T1,T1,STAMSLRT1,STAMSLRT1,2022-11-02 00:00:00,2022-11-02 00:00:00,2023-01-16 00:00:00
606305,T2,T2,STAMSLRT2,STAMSLRT2,2022-11-02 00:00:00,2022-11-02 00:00:00,2023-01-16 00:00:00
527472,T2,T2,DELILA1T2,DELILA1T2,2022-10-15 18:01:00,2022-10-15 18:01:00,2023-01-15 18:00:00
527471,T1,T1,DELILA1T1,DELILA1T1,2022-10-15 18:01:00,2022-10-15 18:01:00,2023-01-15 18:00:00
610182,1146T1331,1146T1331,146T1331,146T1331,2023-01-11 00:00:00,2023-01-11 00:00:00,2023-01-13 10:25:00
597080,AT1,AT1,HEADWAAT1,HEADWAAT1,2022-11-02 00:01:00,2022-11-02 00:01:00,2023-01-05 07:55:00
603131,MR1L,MR1L,CONSWMR1L,CONSWAXFMR1L,2022-12-01 00:00:00,2022-12-01 00:01:00,2022-12-27 15:04:00
602570,T1A,T1A,INRTWT1A,INRTWT1A,2022-12-28 10:25:00,2022-12-28 10:25:00,
602571,T1B,T1B,INRTWT1B,INRTWT1B,2022-12-28 10:25:00,2022-12-28 10:25:00,
602572,T2,T2,INRTWT2,INRTWT2,2022-12-28 10:25:00,2022-12-28 10:25:00,
603130,MR1H,MR1H,CONSWMR1H,CONSWAXFMR1H,2022-12-01 00:00:00,2022-12-01 00:01:00,2022-12-27 16:37:00
603029,MPT1,MPT1,AGUAYOMPT1,AGUAYOMPT1,2022-11-02 00:00:00,2022-11-02 00:00:00,2022-12-22 15:36:00
599380,69_LWT_BKY1,69LWTBKY1,69LWHBKY1,69LWHBKY,2022-11-02 00:00:00,2022-11-02 00:00:00,2022-12-21 17:24:00
586727,MR1H,MR1H,CRESWMR1H,CRESWAXFMR1H2,2022-09-21 00:00:00,2022-09-21 00:00:00,2022-12-21 12:53:00
586712,MR1L,MR1L,CRESWMR1L,CRESWAXFMR1LH,2022-09-21 00:00:00,2022-09-21 00:00:00,2022-12-21 12:54:00
598591,RDW_HK_NODE1,RDWHKNODE1,RDWHKGIS1,RDWHKGIS,2022-11-02 00:00:00,2022-11-02 00:00:00,2022-12-20 13:10:00
598590,BB_HK_NODE1,BBHKNODE1,BBHKGIS1,BBHKGIS,2022-11-02 00:00:00,2022-11-02 00:00:00,2022-12-20 13:10:00
608551,XT1,XT1,TGSXT1,TGSXT1,2022-12-01 00:01:00,2022-12-01 00:01:00,2022-12-19 15:45:00
601939,KT2,KT2,MYRKT2,MYRKT2,2022-11-03 00:00:00,2022-11-03 00:00:00,2022-12-16 14:50:00
601938,KT1,KT1,MYRKT1,MYRKT1,2022-11-03 00:00:00,2022-11-03 00:00:00,2022-12-16 14:50:00
597439,211T,211T,CBEC211T,CBEC211T,2022-11-11 00:00:00,2022-11-11 00:00:00,2022-12-19 13:02:00
583923,T2,T2,MUSTNGCKT2,MUSTNGCKT2,2022-08-03 00:00:00,2022-08-03 00:00:00,2022-12-19 19:26:00
576039,T1,T1,GRIZZLYT1,GRIZZLYT1,2022-06-02 00:00:00,2022-06-02 00:00:00,2022-12-19 16:18:00
602572,T2,T2,INRTWT2,INRTWT2,2022-11-02 00:00:00,2022-11-02 00:00:00,2022-12-16 09:51:00
602570,T1A,T1A,INRTWT1A,INRTWT1A,2022-11-02 00:00:00,2022-11-02 00:00:00,2022-12-16 09:51:00
602571,T1B,T1B,INRTWT1B,INRTWT1B,2022-11-02 00:00:00,2022-11-02 00:00:00,2022-12-16 09:51:00
588681,T1,T1,APPALOSAT1,APPALOSAT1,2022-11-21 23:59:00,2022-11-21 23:59:00,2022-12-12 17:51:00
601681,T2,T2,YNGWNDT2,YNGWNDT2,2022-11-02 00:00:00,2022-11-02 00:00:00,2022-12-08 20:42:00
601680,T1,T1,YNGWNDT1,YNGWNDT1,2022-11-02 00:00:00,2022-11-02 00:00:00,2022-12-08 20:42:00
601682,T3,T3,YNGWNDT3,YNGWNDT3,2022-11-02 00:00:00,2022-11-02 00:00:00,2022-12-08 20:42:00
547736,T1,T1,BIGSTART1,BIGSTART1,2022-01-05 00:00:00,2022-01-05 00:00:00,2022-12-06 15:24:00
547737,T2,T2,BIGSTART2,BIGSTART2,2022-01-05 00:00:00,2022-01-05 00:00:00,2022-12-06 15:50:00
588681,T1,T1,APPALOSAT1,APPALOSAT1,2022-09-01 00:00:00,2022-09-01 00:00:00,2022-11-21 23:59:00
597632,FMR1,FMR1,TAYLRFMR1,TAYLRAXFMR169,2022-11-16 00:00:00,2022-11-16 00:00:00,2022-12-01 15:00:00
583922,T1,T1,MUSTNGCKT1,MUSTNGCKT1,2022-08-03 00:00:00,2022-08-03 00:00:00,2022-11-29 09:39:00
500354,T1,T1,TAYGETE2T1,TAYGETE2T1,2022-11-16 18:01:00,2022-11-16 18:01:00,2022-11-21 12:59:00
597964,T1,T1,LACYCRKT1,LACYCRKT1,2022-10-05 00:00:00,2022-10-05 00:00:00,2022-11-16 14:57:00
597965,T2,T2,LACYCRKT2,LACYCRKT2,2022-10-05 00:00:00,2022-10-05 00:00:00,2022-11-16 14:57:00
597440,212T,212T,CBEC212T,CBEC212T,2022-10-05 00:00:00,2022-10-05 00:00:00,2022-11-11 00:00:00
597439,211T,211T,CBEC211T,CBEC211T,2022-10-05 00:00:00,2022-10-05 00:00:00,2022-11-11 00:00:00
601938,KT1,KT1,MYRKT1,MYRKT1,2022-11-02 00:00:00,2022-11-02 00:00:00,2022-11-02 23:59:00
601939,KT2,KT2,MYRKT2,MYRKT2,2022-11-02 00:00:00,2022-11-02 00:00:00,2022-11-02 23:59:00
576274,T-1,T1,RVRVLYST1,RVRVLYST1,2022-10-01 00:00:00,2022-10-01 00:00:00,2022-10-31 23:59:00
576275,T-2,T2,RVRVLYST2,RVRVLYST2,2022-10-01 00:00:00,2022-10-01 00:00:00,2022-10-31 23:59:00
555002,T1,T1,SPARTAT1,SPARTAT1,2022-02-02 00:00:00,2022-02-02 00:00:00,2022-10-24 11:59:00
555003,T2,T2,SPARTAT2,SPARTAT2,2022-02-02 00:00:00,2022-02-02 00:00:00,2022-10-24 11:59:00
531749,ATHEY_ELLENB11,ATHEYELLENB11,ATHEYGOMEZT11,ATHEYGOMEZT1,2021-11-03 00:00:00,2021-11-03 00:00:00,2022-10-20 20:00:00
527471,T1,T1,DELILA1T1,DELILA1T1,2022-09-15 18:01:00,2022-09-15 18:01:00,2022-10-15 18:00:00
527472,T2,T2,DELILA1T2,DELILA1T2,2022-09-15 18:01:00,2022-09-15 18:01:00,2022-10-15 18:00:00
568409,I_DUPS_RESNIK22,IDUPSRESNIK22,IDUPSRESNIK33,IDUPSRESNIK3,2022-10-18 19:01:00,2022-10-18 19:01:00,2022-10-18 20:59:00
568409,I_DUPS_RESNIK22,IDUPSRESNIK22,IDUPSRESNIK33,IDUPSRESNIK3,2022-05-04 00:00:00,2022-05-04 00:00:00,2022-10-18 19:00:00
583620,T1,T1,ELSAUZT1,ELSAUZT1,2022-10-07 10:31:00,2022-10-07 10:31:00,
583620,T1,T1,ELSAUZT1,ELSAUZT1,2022-08-03 00:00:00,2022-08-03 00:00:00,2022-10-07 10:30:00
583621,T2,T2,ELSAUZT2,ELSAUZT2,2022-08-03 00:00:00,2022-08-03 00:00:00,2022-10-07 10:30:00
583621,T2,T2,ELSAUZT2,ELSAUZT2,2022-10-07 10:31:00,2022-10-07 10:31:00,2022-10-13 11:28:00
582374,MR1L,MR1L,MDLNEMR1L,MDLNEAXFMR1L,2022-09-01 00:00:00,2022-09-01 00:00:00,2022-10-11 16:18:00
582373,MR1H,MR1H,MDLNEMR1H,MDLNEAXFMR1H,2022-09-01 00:00:00,2022-09-01 00:00:00,2022-10-11 16:18:00
583209,XFH1,XFH1,WHITEPTXF2H,WHITEPT34511H,2022-10-05 00:00:00,2022-10-05 00:00:00,2022-10-05 00:01:00
583210,XFL1,XFL1,WHITEPTXF2L,WHITEPT13811H,2022-10-05 00:00:00,2022-10-05 00:00:00,2022-10-05 00:01:00
576275,T-2,T2,RVRVLYST2,RVRVLYST2,2022-06-02 00:00:00,2022-06-02 00:00:00,2022-09-30 23:59:00
576274,T-1,T1,RVRVLYST1,RVRVLYST1,2022-06-02 00:00:00,2022-06-02 00:00:00,2022-09-30 23:59:00
579251,TCM1,TCM1,TXCITYMNTCM1,TXCITYMNTCM1,2022-07-01 00:00:00,2022-07-01 00:00:00,2022-09-30 15:01:00
565629,XT6,XT6,BCHXT6,BCHXT6,2022-09-20 23:00:00,2022-09-20 23:00:00,2022-09-30 14:00:00
565627,XT4,XT4,BCHXT4,BCHXT4,2022-09-20 23:00:00,2022-09-20 23:00:00,2022-09-30 14:00:00
565628,XT5,XT5,BCHXT5,BCHXT5,2022-09-20 23:00:00,2022-09-20 23:00:00,2022-09-30 14:00:00
575144,KT1,KT1,SBEKT1,SBEKT1,2022-04-01 00:01:00,2022-04-01 00:01:00,2022-09-30 13:00:00
571535,T-1,T1,ENDPARKST1,ENDPARKST1,2022-05-04 00:00:00,2022-05-04 00:00:00,2022-09-27 14:15:00
561049,T1,T1,ROSELANDT1,ROSELANDT1,2022-09-09 17:01:00,2022-09-09 17:01:00,2022-09-09 17:02:00
561050,T2,T2,ROSELANDT2,ROSELANDT2,2022-09-09 17:01:00,2022-09-09 17:01:00,2022-09-22 10:47:00
561051,T3,T3,ROSELANDT3,ROSELANDT3,2022-09-09 17:01:00,2022-09-09 17:01:00,2022-09-22 10:45:00
562654,KT1,KT1,TAVKT1,TAVKT1,2022-04-13 00:00:00,2022-04-13 00:00:00,2022-09-22 14:40:00
562655,KT2,KT2,TAVKT2,TAVKT2,2022-04-13 00:00:00,2022-04-13 00:00:00,2022-09-22 14:40:00
588613,T3,T3,BOARDCRKT3,BOARDCRKT3,2022-09-01 00:00:00,2022-09-01 00:00:00,2022-09-19 23:59:00
588611,T1,T1,BOARDCRKT1,BOARDCRKT1,2022-09-01 00:00:00,2022-09-01 00:00:00,2022-09-19 23:59:00
588612,T2,T2,BOARDCRKT2,BOARDCRKT2,2022-09-01 00:00:00,2022-09-01 00:00:00,2022-09-19 23:59:00
565626,XT3,XT3,BCHXT3,BCHXT3,2022-04-01 00:00:00,2022-04-01 00:00:00,2022-09-20 23:00:00
565624,XT1,XT1,BCHXT1,BCHXT1,2022-04-01 00:00:00,2022-04-01 00:00:00,2022-09-20 23:00:00
565629,XT6,XT6,BCHXT6,BCHXT6,2022-04-01 00:00:00,2022-04-01 00:00:00,2022-09-20 23:00:00
565628,XT5,XT5,BCHXT5,BCHXT5,2022-04-01 00:00:00,2022-04-01 00:00:00,2022-09-20 23:00:00
565627,XT4,XT4,BCHXT4,BCHXT4,2022-04-01 00:00:00,2022-04-01 00:00:00,2022-09-20 23:00:00
565625,XT2,XT2,BCHXT2,BCHXT2,2022-04-01 00:00:00,2022-04-01 00:00:00,2022-09-20 23:00:00
527471,T1,T1,DELILA1T1,DELILA1T1,2022-07-15 18:00:00,2022-07-15 18:00:00,2022-09-15 18:00:00
527472,T2,T2,DELILA1T2,DELILA1T2,2022-07-15 18:00:00,2022-07-15 18:00:00,2022-09-15 18:00:00
577862,T2,T2,FALFURT1,FALFURT1,2022-07-01 00:00:00,2022-07-01 00:00:00,2022-09-12 08:00:00
5760109,T1,T1,SUNVASLRT1,SUNVASLRT1,2022-09-01 00:00:00,2022-09-01 00:00:00,
5760110,T2,T2,SUNVASLRT2,SUNVASLRT2,2022-09-01 00:00:00,2022-09-01 00:00:00,
549885,T-1,T1,VANCOURTT1,VANCOURTT1,2022-01-19 15:38:00,2022-01-19 15:38:00,2022-08-12 14:58:00
460017,PST1,PST1,SOLSTICEPST1,SOLSTICEPST1,2022-05-23 18:31:00,2022-05-23 18:31:00,2022-08-09 11:20:00
493688,T2H,T2H,BOGT2H,BOGT2H,2022-06-09 10:46:00,2022-06-09 10:46:00,2022-08-01 00:09:00
527472,T2,T2,DELILA1T2,DELILA1T2,2022-04-03 09:07:00,2022-04-03 09:07:00,2022-07-15 18:00:00
527471,T1,T1,DELILA1T1,DELILA1T1,2022-04-03 09:07:00,2022-04-03 09:07:00,2022-07-15 18:00:00
573608,T1,T1,MCLNSLRT1,MCLNSLRT1,2022-05-04 00:00:00,2022-05-04 00:00:00,2022-07-12 11:11:00
521226,REDG,REDG,REDGTSSREDG,REDGTSSREDG,2021-12-15 00:00:00,2021-12-15 00:00:00,2022-07-09 02:01:00
500893,T2,T2,SLCNHLST2,SLCNHLST2,2022-05-02 21:30:00,2022-05-02 21:30:00,2022-07-08 11:18:00
500892,T1,T1,SLCNHLST1,SLCNHLST1,2022-05-02 21:30:00,2022-05-02 21:30:00,2022-07-08 11:18:00
567020,T2,T2,RADNSLRT2,RADNSLRT2,2022-04-01 00:01:00,2022-04-01 00:01:00,2022-07-07 14:00:00
567019,T1,T1,RADNSLRT1,RADNSLRT1,2022-04-01 00:01:00,2022-04-01 00:01:00,2022-07-07 14:00:00
5760701,AT2L,AT2L,FAYETTAT2L,FAYETTAT2LH,2022-07-01 00:00:00,2022-07-01 00:00:00,2022-07-01 00:01:00
576966,KT1,KT1,DAGKT1,DAGKT1,2022-06-02 00:00:00,2022-06-02 00:00:00,2022-06-24 14:00:00
576967,KT2,KT2,DAGKT2,DAGKT2,2022-06-02 00:00:00,2022-06-02 00:00:00,2022-06-24 14:00:00
576643,T2,T2,PISGAHT2,PISGAHT2,2022-06-02 00:00:00,2022-06-02 00:00:00,2022-06-27 21:28:00
576642,T1,T1,PISGAHT1,PISGAHT1,2022-06-02 00:00:00,2022-06-02 00:00:00,2022-06-27 21:27:00
575204,1135T1451,1135T1451,135T1451,135T1451,2022-06-02 00:00:00,2022-06-02 00:00:00,2022-06-16 10:25:00
493688,T2H,T2H,BOGT2H,BOGT2H,2021-10-14 09:33:00,2021-10-14 09:33:00,2022-06-09 10:45:00
578972,MPT1,MPT1,RATLIFFMPT1,RATLIFFMPT1,2022-05-04 00:00:00,2022-05-04 00:00:00,2022-06-09 19:00:00
562654,KT1,KT1,TAVKT1,TAVKT1,2022-04-13 00:00:00,2022-04-13 00:00:00,2022-06-08 22:00:00
562655,KT2,KT2,TAVKT2,TAVKT2,2022-04-13 00:00:00,2022-04-13 00:00:00,2022-06-08 22:00:00
561049,T1,T1,ROSELANDT1,ROSELANDT1,2022-03-02 00:00:00,2022-03-02 00:00:00,2022-06-08 14:37:00
561051,T3,T3,ROSELANDT3,ROSELANDT3,2022-03-02 00:00:00,2022-03-02 00:00:00,2022-06-08 14:31:00
561050,T2,T2,ROSELANDT2,ROSELANDT2,2022-03-02 00:00:00,2022-03-02 00:00:00,2022-06-08 15:24:00
564157,KT01,KT01,LONKT01,LONKT01,2022-06-02 00:00:00,2022-06-02 00:00:00,
570133,XT2,XT2,LIGXT2,LIGXT2,2022-05-04 00:00:00,2022-05-04 00:00:00,2022-05-25 00:45:00
570132,XT1,XT1,LIGXT1,LIGXT1,2022-05-04 00:00:00,2022-05-04 00:00:00,2022-05-25 00:45:00
572463,KT1,KT1,ROWKT1,ROWKT1,2022-05-04 00:00:00,2022-05-04 00:00:00,2022-05-24 16:00:00
460017,PST1,PST1,SOLSTICEPST1,SOLSTICEPST1,2021-12-08 15:31:00,2021-12-08 15:31:00,2022-05-23 18:00:00
555249,T1,T1,HILONEBHILO,HILONEBHILO,2022-02-02 00:00:00,2022-02-02 00:00:00,2022-05-20 07:56:00
553203,KT2,KT2,WESKT2,WESKT2,2022-05-03 00:00:00,2022-05-03 00:00:00,2022-05-18 07:25:00
553202,KT1,KT1,WESKT1,WESKT1,2022-05-03 00:00:00,2022-05-03 00:00:00,2022-05-18 07:25:00
493694,T4H,T4H,BOGT4H,BOGT4H,2021-10-08 15:59:00,2021-10-08 15:59:00,2022-05-16 11:00:00
518195,ET1,ET1,MADEROET1,MADEROET1,2022-03-16 00:00:00,2022-03-16 00:00:00,2022-05-13 12:55:00
518196,ET2,ET2,MADEROET2,MADEROET2,2022-03-16 00:00:00,2022-03-16 00:00:00,2022-05-13 12:55:00
553202,KT1,KT1,WESKT1,WESKT1,2022-02-02 00:00:00,2022-02-02 00:00:00,2022-05-02 23:59:00
553203,KT2,KT2,WESKT2,WESKT2,2022-02-02 00:00:00,2022-02-02 00:00:00,2022-05-02 23:59:00
566537,567_Z,567Z,567C,567C,2022-05-04 00:00:00,2022-05-04 00:00:00,2022-05-06 14:53:00
445748,6132_B,6132B,6129B,6129B,2021-05-05 17:06:00,2021-05-05 17:06:00,2022-05-05 17:00:00
578169,T1,T1,BYRDREST1,BYRDREST1,2022-05-04 00:01:00,2022-05-04 00:01:00,
500892,T1,T1,SLCNHLST1,SLCNHLST1,2022-04-01 09:04:00,2022-04-01 09:04:00,2022-05-01 02:00:00
500893,T2,T2,SLCNHLST2,SLCNHLST2,2022-04-01 09:04:00,2022-04-01 09:04:00,2022-05-01 02:00:00
493691,T5H,T5H,BOGT5H,BOGT5H,2021-10-14 10:45:00,2021-10-14 10:45:00,2022-04-25 15:26:00
552333,CIS_BSS1,CISBSS1,CKT31371,CKT31371,2022-03-01 09:56:00,2022-03-01 09:56:00,2022-04-15 17:00:00
512500,KT1,KT1,NCOKT1,NCOKT1,2022-04-01 09:09:00,2022-04-01 09:09:00,2022-04-14 03:20:00
493697,T6H,T6H,BOGT6H,BOGT6H,2021-10-14 10:55:00,2021-10-14 10:55:00,2022-04-01 13:00:00
493694,T4H,T4H,BOGT4H,BOGT4H,2021-10-14 10:39:00,2021-10-14 10:39:00,2022-04-06 15:59:00
527471,T1,T1,DELILA1T1,DELILA1T1,2021-12-03 14:46:00,2021-12-03 14:46:00,2022-04-03 09:07:00
527472,T2,T2,DELILA1T2,DELILA1T2,2021-12-03 14:46:00,2021-12-03 14:46:00,2022-04-03 09:07:00
512500,KT1,KT1,NCOKT1,NCOKT1,2021-12-15 00:00:00,2021-12-15 00:00:00,2022-04-01 00:00:00
500893,T2,T2,SLCNHLST2,SLCNHLST2,2021-12-15 00:00:00,2021-12-15 00:00:00,2022-04-01 00:00:00
500892,T1,T1,SLCNHLST1,SLCNHLST1,2021-12-15 00:00:00,2021-12-15 00:00:00,2022-04-01 00:00:00
548624,KT1,KT1,JAYKT1,JAYKT1,2022-02-02 00:00:00,2022-02-02 00:00:00,2022-03-18 22:00:00
548625,KT2,KT2,JAYKT2,JAYKT2,2022-02-02 00:00:00,2022-02-02 00:00:00,2022-03-18 22:00:00
531829,AT2,AT2,DUNLAPAT2,DUNLAPAT2,2021-11-17 00:00:00,2021-11-17 00:00:00,2022-03-29 15:34:00
31617,1H,1H,WHCCS1H,WHCCS1H,2022-04-07 10:00:00,,
534355,XT2H,XT2H,RABXT2H,RABXT2H,2021-11-03 00:00:00,2021-11-03 00:00:00,2022-03-18 16:00:00
515202,T2,T2,BLACKJAKT2,BLACKJAKT2,2022-03-05 12:14:00,2022-03-05 12:14:00,2022-03-29 09:40:00
514362,T1,T1,FLOWERIIT1,FLOWERIIT1,2022-03-23 08:00:00,2022-03-23 08:00:00,2022-03-23 14:24:00
553639,T1,T1,FOXTROTT1,FOXTROTT1,2022-02-02 00:00:00,2022-02-02 00:00:00,2022-03-18 13:00:00
553640,T2,T2,FOXTROTT2,FOXTROTT2,2022-02-02 00:00:00,2022-02-02 00:00:00,2022-03-18 13:00:00
518195,ET1,ET1,MADEROET1,MADEROET1,2021-08-04 00:00:00,2021-08-04 00:00:00,2022-03-15 23:59:00
518196,ET2,ET2,MADEROET2,MADEROET2,2021-08-04 00:00:00,2021-08-04 00:00:00,2022-03-15 23:59:00
493701,T3,T3,BOGT3,BOGT3,2021-10-14 10:30:00,2021-10-14 10:30:00,2022-03-04 17:00:00
515202,T2,T2,BLACKJAKT2,BLACKJAKT2,2022-03-02 12:26:00,2022-03-02 12:26:00,2022-03-05 12:13:00
534358,XT3H,XT3H,RABXT3H,RABXT3H,2021-11-03 00:00:00,2021-11-03 00:00:00,2022-03-03 16:15:00
534352,XT1H,XT1H,RABXT1H,RABXT1H,2021-11-03 00:00:00,2021-11-03 00:00:00,2022-03-03 16:15:00
537561,T1,T1,QUEENBAROAD,QUEENBAROAD,2022-02-25 17:01:00,2022-02-25 17:01:00,2022-03-03 13:58:00
537561,T1,T1,QUEENBAROAD,QUEENBAROAD,2022-02-14 17:01:00,2022-02-14 17:01:00,2022-02-25 17:00:00
534361,XT4H,XT4H,RABXT4H,RABXT4H,2021-11-03 00:00:00,2021-11-03 00:00:00,2022-03-01 16:00:00
552333,CIS_BSS1,CISBSS1,CKT31371,CKT31371,2022-01-05 00:00:00,2022-01-05 00:00:00,2022-02-28 17:00:00
570840,XF2,XF2,DSKYWND2XF2,DSKYWND2XF2,2022-02-23 00:00:00,2022-02-23 00:00:00,2022-02-23 00:01:00
571030,XF1,XF1,DSKYWND1XF1,DSKYWND1XF1,2022-02-23 00:00:00,2022-02-23 00:00:00,2022-02-23 00:01:00
537561,T1,T1,QUEENBAROAD,QUEENBAROAD,2021-12-01 00:00:00,2021-12-01 00:00:00,2022-02-14 17:00:00
550841,T-1,T1,NEBULAT1,NEBULAT1,2021-12-31 00:01:00,2021-12-31 00:01:00,2022-01-18 17:04:00
549885,T-1,T1,VANCOURTT1,VANCOURTT1,2021-12-31 00:01:00,2021-12-31 00:01:00,2022-01-18 16:28:00
539264,T2,T2,NOBLESLRT2,NOBLESLRT2,2022-01-06 21:26:00,2022-01-06 21:26:00,2022-01-12 12:31:00
529932,T2,T2,VORTEXT2,VORTEXT2,2021-10-06 00:00:00,2021-10-06 00:00:00,2022-01-05 14:30:00
549885,T-1,T1,VANCOURTT1,VANCOURTT1,2021-11-17 00:00:00,2021-11-17 00:00:00,2021-12-31 00:00:00
550841,T-1,T1,NEBULAT1,NEBULAT1,2021-11-17 00:00:00,2021-11-17 00:00:00,2021-12-31 00:00:00
539263,T1,T1,NOBLESLRT1,NOBLESLRT1,2021-12-16 16:29:00,2021-12-16 16:29:00,2021-12-23 18:00:00
539264,T2,T2,NOBLESLRT2,NOBLESLRT2,2021-12-16 16:29:00,2021-12-16 16:29:00,2021-12-23 18:00:00
539263,T1,T1,NOBLESLRT1,NOBLESLRT1,2021-12-23 18:01:00,2021-12-23 18:01:00,2021-12-30 16:00:00
539264,T2,T2,NOBLESLRT2,NOBLESLRT2,2021-12-23 18:01:00,2021-12-23 18:01:00,2021-12-30 16:00:00
432599,432T4411,432T4411,723T7641,723T764,2021-04-22 08:00:00,2021-04-22 08:00:00,2021-12-30 10:30:00
432598,1421T4411,1421T4411,421T4411,421T4411,2021-04-22 08:00:00,2021-04-22 08:00:00,2021-12-30 10:30:00
548384,T3,T3,APOGEET3,APOGEET3,2021-12-17 17:01:00,2021-12-17 17:01:00,2021-12-29 16:27:00
548385,T4,T4,APOGEET4,APOGEET4,2021-12-17 17:01:00,2021-12-17 17:01:00,2021-12-29 16:27:00
548382,T1,T1,APOGEET1,APOGEET1,2021-12-17 17:01:00,2021-12-17 17:01:00,2021-12-29 14:38:00
548383,T2,T2,APOGEET2,APOGEET2,2021-12-17 17:01:00,2021-12-17 17:01:00,2021-12-29 15:05:00
493700,T1,T1,BOGT1,BOGT1,2021-10-14 08:14:00,2021-10-14 08:14:00,2021-12-09 17:00:00
548383,T2,T2,APOGEET2,APOGEET2,2021-12-10 01:14:00,2021-12-10 01:14:00,2021-12-14 09:23:00
548384,T3,T3,APOGEET3,APOGEET3,2021-12-10 01:14:00,2021-12-10 01:14:00,2021-12-14 09:23:00
548382,T1,T1,APOGEET1,APOGEET1,2021-12-10 01:14:00,2021-12-10 01:14:00,2021-12-14 09:23:00
548385,T4,T4,APOGEET4,APOGEET4,2021-12-10 01:14:00,2021-12-10 01:14:00,2021-12-14 09:23:00
548385,T4,T4,APOGEET4,APOGEET4,2021-12-14 09:24:00,2021-12-14 09:24:00,2021-12-17 17:00:00
548382,T1,T1,APOGEET1,APOGEET1,2021-12-14 09:24:00,2021-12-14 09:24:00,2021-12-17 17:00:00
548383,T2,T2,APOGEET2,APOGEET2,2021-12-14 09:24:00,2021-12-14 09:24:00,2021-12-17 17:00:00
548384,T3,T3,APOGEET3,APOGEET3,2021-12-14 09:24:00,2021-12-14 09:24:00,2021-12-17 17:00:00
512500,KT1,KT1,NCOKT1,NCOKT1,2021-10-31 00:01:00,2021-10-31 00:01:00,2021-12-14 23:59:00
500893,T2,T2,SLCNHLST2,SLCNHLST2,2021-04-07 00:00:00,2021-04-07 00:00:00,2021-12-14 23:59:00
500892,T1,T1,SLCNHLST1,SLCNHLST1,2021-04-07 00:00:00,2021-04-07 00:00:00,2021-12-14 23:59:00
529228,T2,T2,ANCHORT2,ANCHORT2,2021-11-07 13:00:00,2021-11-07 13:00:00,2021-12-13 13:25:00
527472,T2,T2,DELILA1T2,DELILA1T2,2021-10-06 00:00:00,2021-10-06 00:00:00,2021-12-03 14:45:00
527471,T1,T1,DELILA1T1,DELILA1T1,2021-10-06 00:00:00,2021-10-06 00:00:00,2021-12-03 14:45:00
533032,KT2,KT2,BCKKT2,BCKKT2,2021-12-13 17:10:00,2021-12-13 17:10:00,2021-12-14 10:37:00
539263,T1,T1,NOBLESLRT1,NOBLESLRT1,2021-12-01 00:00:00,2021-12-01 00:00:00,2021-12-16 16:00:00
539264,T2,T2,NOBLESLRT2,NOBLESLRT2,2021-12-01 00:00:00,2021-12-01 00:00:00,2021-12-16 16:00:00
522217,T1,T1,BLUEJAYT1,BLUEJAYT1,2021-11-11 16:01:00,2021-11-11 16:01:00,2021-12-16 11:49:00
537362,T1,T1,DCSEST1,DCSEST1,2021-12-01 00:01:00,2021-12-01 00:01:00,2021-12-15 17:28:00
539492,T1,T1,EGROVESLT1,EGROVESLT1,2021-12-01 00:01:00,2021-12-01 00:01:00,2021-12-13 10:11:00
548384,T3,T3,APOGEET3,APOGEET3,2021-11-03 00:00:00,2021-11-03 00:00:00,2021-12-10 01:13:00
548382,T1,T1,APOGEET1,APOGEET1,2021-11-03 00:00:00,2021-11-03 00:00:00,2021-12-10 01:13:00
548383,T2,T2,APOGEET2,APOGEET2,2021-11-03 00:00:00,2021-11-03 00:00:00,2021-12-10 01:13:00
548385,T4,T4,APOGEET4,APOGEET4,2021-11-03 00:00:00,2021-11-03 00:00:00,2021-12-10 01:13:00
533373,CTL2,CTL2,MCCREECT2L,MCCREECT2L,2021-12-01 00:01:00,2021-12-01 00:01:00,2021-12-10 13:39:00
533372,CT2H,CT2H,MCCREECT2H,MCCREECT2H,2021-12-01 00:01:00,2021-12-01 00:01:00,2021-12-10 13:39:00
533032,KT2,KT2,BCKKT2,BCKKT2,2021-11-03 00:00:00,2021-11-03 00:00:00,2021-12-09 14:00:00
533031,KT1,KT1,BCKKT1,BCKKT1,2021-11-03 00:00:00,2021-11-03 00:00:00,2021-12-09 14:00:00
460017,PST1,PST1,SOLSTICEPST1,SOLSTICEPST1,2021-11-11 13:01:00,2021-11-11 13:01:00,2021-12-02 15:31:00
521385,T1,T1,RPUBRDST1,RPUBRDST1,2021-11-30 12:01:00,2021-11-30 12:01:00,2021-12-01 12:31:00
514075,ELLENB_FTSW11,ELLENBFTSW11,FTSWGOMEZT11,FTSWGOMEZT1,2021-06-09 00:00:00,2021-06-09 00:00:00,2021-12-01 16:00:00
551381,XT4,XT4,PROXT4,PROXT4,2021-12-01 00:00:00,2021-12-01 00:00:00,2021-12-01 00:01:00
551379,XT2,XT2,PROXT2,PROXT2,2021-12-01 00:00:00,2021-12-01 00:00:00,2021-12-01 00:01:00
551380,XT3,XT3,PROXT3,PROXT3,2021-12-01 00:00:00,2021-12-01 00:00:00,2021-12-01 00:01:00
551383,XT6,XT6,PROXT6,PROXT6,2021-12-01 00:00:00,2021-12-01 00:00:00,2021-12-01 00:01:00
551382,XT5,XT5,PROXT5,PROXT5,2021-12-01 00:00:00,2021-12-01 00:00:00,2021-12-01 00:01:00
551385,XT8,XT8,PROXT8,PROXT8,2021-12-01 00:00:00,2021-12-01 00:00:00,2021-12-01 00:01:00
551378,XT1,XT1,PROXT1,PROXT1,2021-12-01 00:00:00,2021-12-01 00:00:00,2021-12-01 00:01:00
551384,XT7,XT7,PROXT7,PROXT7,2021-12-01 00:00:00,2021-12-01 00:00:00,2021-12-01 00:01:00
521385,T1,T1,RPUBRDST1,RPUBRDST1,2021-10-31 00:01:00,2021-10-31 00:01:00,2021-11-30 12:00:00
529931,T1,T1,VORTEXT1,VORTEXT1,2021-10-06 00:00:00,2021-10-06 00:00:00,2021-11-30 10:20:00
529933,T3,T3,VORTEXT3,VORTEXT3,2021-10-06 00:00:00,2021-10-06 00:00:00,2021-11-30 10:20:00
529227,T1,T1,ANCHORT1,ANCHORT1,2021-11-07 13:00:00,2021-11-07 13:00:00,2021-11-30 13:38:00
532721,T1,T1,BRIGHTSDT1,BRIGHTSDT1,2021-11-03 00:00:00,2021-11-03 00:00:00,2021-11-16 11:43:00
522218,T2,T2,BLUEJAYT2,BLUEJAYT2,2021-11-11 16:01:00,2021-11-11 16:01:00,2021-11-12 10:31:00
522217,T1,T1,BLUEJAYT1,BLUEJAYT1,2021-10-27 10:32:00,2021-10-27 10:32:00,2021-11-11 16:00:00
522218,T2,T2,BLUEJAYT2,BLUEJAYT2,2021-10-27 10:32:00,2021-10-27 10:32:00,2021-11-11 16:00:00
460017,PST1,PST1,SOLSTICEPST1,SOLSTICEPST1,2021-11-10 21:14:00,2021-11-10 21:14:00,2021-11-11 13:00:00
460017,PST1,PST1,SOLSTICEPST1,SOLSTICEPST1,2021-10-06 15:01:00,2021-10-06 15:01:00,2021-11-10 21:00:00
521385,T1,T1,RPUBRDST1,RPUBRDST1,2021-09-01 00:00:00,2021-09-01 00:00:00,2021-10-31 00:00:00
512500,KT1,KT1,NCOKT1,NCOKT1,2021-06-03 00:00:00,2021-06-03 00:00:00,2021-10-31 00:00:00
529228,T2,T2,ANCHORT2,ANCHORT2,2021-11-06 10:01:00,2021-11-06 10:01:00,2021-11-07 12:59:00
529227,T1,T1,ANCHORT1,ANCHORT1,2021-11-06 10:01:00,2021-11-06 10:01:00,2021-11-07 12:59:00
529228,T2,T2,ANCHORT2,ANCHORT2,2021-10-06 00:00:00,2021-10-06 00:00:00,2021-11-06 10:00:00
529227,T1,T1,ANCHORT1,ANCHORT1,2021-10-06 00:00:00,2021-10-06 00:00:00,2021-11-06 10:00:00
517017,00Y1,00Y1,VICTPRT200Y1,VICTPRT200Y1,2021-07-01 00:00:00,2021-07-01 00:00:00,
517018,00Y2,00Y2,VICTPRT200Y2,VICTPRT200Y2,2021-07-01 00:00:00,2021-07-01 00:00:00,
513724,T1,T1,SWOOSEIIT1,SWOOSEIIT1,2021-10-29 08:00:00,,
514362,T1,T1,FLOWERIIT1,FLOWERIIT1,2021-10-28 08:00:00,,
513724,T1,T1,SWOOSEIIT1,SWOOSEIIT1,2021-07-01 00:00:00,2021-07-01 00:00:00,2021-10-26 11:38:00
530457,T1,T1,ALGODONT1,ALGODONT1,2021-10-06 00:00:00,2021-10-06 00:00:00,2021-10-25 15:00:00
521825,T3,T3,PRIDDYT3,PRIDDYT3,2021-10-04 00:00:00,2021-10-04 00:00:00,2021-10-20 10:35:00
521823,T1,T1,PRIDDYT1,PRIDDYT1,2021-10-04 00:00:00,2021-10-04 00:00:00,2021-10-20 10:35:00
521824,T2,T2,PRIDDYT2,PRIDDYT2,2021-10-04 00:00:00,2021-10-04 00:00:00,2021-10-20 10:37:00
546679,AT3L,AT3L,LOCKHAAT3L,LOCKHAAT3L,2021-10-20 00:00:00,2021-10-20 00:00:00,2021-10-20 00:01:00
546678,AT3H,AT3H,LOCKHAAT3H,LOCKHAAT3H,2021-10-20 00:00:00,2021-10-20 00:00:00,2021-10-20 00:01:00
515201,T1,T1,BLACKJAKT1,BLACKJAKT1,2021-07-01 00:00:00,2021-07-01 00:00:00,2021-10-18 11:23:00
493697,T6H,T6H,BOGT6H,BOGT6H,2021-10-13 09:15:00,2021-10-13 09:15:00,2021-10-14 10:54:00
493694,T4H,T4H,BOGT4H,BOGT4H,2021-10-13 09:04:00,2021-10-13 09:04:00,2021-10-14 10:38:00
493701,T3,T3,BOGT3,BOGT3,2021-10-13 08:51:00,2021-10-13 08:51:00,2021-10-14 10:27:00
493691,T5H,T5H,BOGT5H,BOGT5H,2021-10-13 09:06:00,2021-10-13 09:06:00,2021-10-14 10:43:00
493688,T2H,T2H,BOGT2H,BOGT2H,2021-10-13 09:44:00,2021-10-13 09:44:00,2021-10-14 09:23:00
493700,T1,T1,BOGT1,BOGT1,2021-10-13 09:26:00,2021-10-13 09:26:00,2021-10-14 08:10:00
508281,T1,T1,SAMSON3T1,SAMSON3T1,2021-05-25 13:01:00,2021-05-25 13:01:00,2021-09-30 10:50:00
508282,T2,T2,SAMSON3T2,SAMSON3T2,2021-05-25 13:01:00,2021-05-25 13:01:00,2021-09-30 10:50:00
493697,T6H,T6H,BOGT6H,BOGT6H,2021-10-06 00:00:00,2021-10-06 00:00:00,2021-10-08 17:30:00
493700,T1,T1,BOGT1,BOGT1,2021-10-06 00:00:00,2021-10-06 00:00:00,2021-10-08 17:30:00
493688,T2H,T2H,BOGT2H,BOGT2H,2021-10-06 00:00:00,2021-10-06 00:00:00,2021-10-08 17:30:00
493694,T4H,T4H,BOGT4H,BOGT4H,2021-10-06 00:00:00,2021-10-06 00:00:00,2021-10-08 17:30:00
493701,T3,T3,BOGT3,BOGT3,2021-10-06 00:00:00,2021-10-06 00:00:00,2021-10-08 17:30:00
493691,T5H,T5H,BOGT5H,BOGT5H,2021-10-06 00:00:00,2021-10-06 00:00:00,2021-10-08 17:30:00
505080,T3,T3,WHMESAT3,WHMESAT3,2021-05-05 00:00:00,2021-05-05 00:00:00,2021-10-07 15:34:00
505079,T2,T2,WHMESAT2,WHMESAT2,2021-05-05 00:00:00,2021-05-05 00:00:00,2021-10-07 15:34:00
460017,PST1,PST1,SOLSTICEPST1,SOLSTICEPST1,2020-10-07 00:00:00,2020-10-07 00:00:00,2021-10-06 15:00:00
514362,T1,T1,FLOWERIIT1,FLOWERIIT1,2021-07-01 00:00:00,2021-07-01 00:00:00,2021-09-29 09:00:00
521824,T2,T2,PRIDDYT2,PRIDDYT2,2021-09-30 00:01:00,2021-09-30 00:01:00,2021-10-03 23:59:00
521823,T1,T1,PRIDDYT1,PRIDDYT1,2021-09-30 00:01:00,2021-09-30 00:01:00,2021-10-03 23:59:00
521825,T3,T3,PRIDDYT3,PRIDDYT3,2021-09-30 00:01:00,2021-09-30 00:01:00,2021-10-03 23:59:00
522218,T2,T2,BLUEJAYT2,BLUEJAYT2,2021-09-01 00:00:00,2021-09-01 00:00:00,2021-10-01 09:10:00
522217,T1,T1,BLUEJAYT1,BLUEJAYT1,2021-09-01 00:00:00,2021-09-01 00:00:00,2021-10-01 09:10:00
522218,T2,T2,BLUEJAYT2,BLUEJAYT2,2021-10-03 09:20:00,2021-10-03 09:20:00,2021-10-03 09:21:00
522217,T1,T1,BLUEJAYT1,BLUEJAYT1,2021-10-03 09:20:00,2021-10-03 09:20:00,2021-10-03 09:21:00
521824,T2,T2,PRIDDYT2,PRIDDYT2,2021-09-01 00:00:00,2021-09-01 00:00:00,2021-09-30 00:00:00
521825,T3,T3,PRIDDYT3,PRIDDYT3,2021-09-01 00:00:00,2021-09-01 00:00:00,2021-09-30 00:00:00
521823,T1,T1,PRIDDYT1,PRIDDYT1,2021-09-01 00:00:00,2021-09-01 00:00:00,2021-09-30 00:00:00
485043,XT9,XT9,TOPAZXT9,TOPAZXT9,2021-07-31 12:01:00,2021-07-31 12:01:00,2021-09-27 17:00:00
508684,NAT1,NAT1,GYPGYP1,GYPGYP12,2021-06-08 00:00:00,2021-06-08 00:00:00,2021-09-28 10:36:00
515202,T2,T2,BLACKJAKT2,BLACKJAKT2,2021-07-01 00:00:00,2021-07-01 00:00:00,2021-09-15 16:35:00
511682,T2,T2,AQUILLAT2,AQUILLAT2,2021-09-01 16:57:00,2021-09-01 16:57:00,2021-09-15 12:31:00
511682,T2,T2,AQUILLAT2,AQUILLAT2,2021-06-03 00:00:00,2021-06-03 00:00:00,2021-09-01 16:56:00
511681,T1,T1,AQUILLAT1,AQUILLAT1,2021-06-03 00:00:00,2021-06-03 00:00:00,2021-09-01 16:56:00
508045,T2,T2,SAMSON1T2,SAMSON1T2,2021-05-25 13:01:00,2021-05-25 13:01:00,2021-08-17 15:38:00
508044,T1,T1,SAMSON1T1,SAMSON1T1,2021-05-25 13:01:00,2021-05-25 13:01:00,2021-08-17 15:38:00
499605,T1,T1,STRATEGCT1,STRATEGCT1,2021-04-01 00:01:00,2021-04-01 00:01:00,2021-08-25 11:12:00
485044,XT10,XT10,TOPAZXT10,TOPAZXT10,2021-07-31 12:01:00,2021-07-31 12:01:00,2021-08-13 12:00:00
505779,T1,T1,VISIONT1,VISIONT1,2021-05-05 00:01:00,2021-05-05 00:01:00,2021-07-26 10:06:00
517311,T2,T2,BAIRDWNDT2,BAIRDWNDT2,2021-08-10 14:01:00,2021-08-10 14:01:00,2021-08-11 18:00:00
522548,T1,T1,TRUSGILLT1,TRUSGILLT1,2021-08-04 00:00:00,2021-08-04 00:00:00,2021-08-11 13:49:00
522549,T2,T2,TRUSGILLT2,TRUSGILLT2,2021-08-04 00:00:00,2021-08-04 00:00:00,2021-08-11 13:49:00
517311,T2,T2,BAIRDWNDT2,BAIRDWNDT2,2021-07-01 00:00:00,2021-07-01 00:00:00,2021-08-10 14:00:00
517310,T1,T1,BAIRDWNDT1,BAIRDWNDT1,2021-07-01 00:00:00,2021-07-01 00:00:00,2021-08-10 14:00:00
485042,XT8,XT8,TOPAZXT8,TOPAZXT8,2021-08-04 12:01:00,2021-08-04 12:01:00,2021-08-06 10:00:00
485042,XT8,XT8,TOPAZXT8,TOPAZXT8,2021-07-31 12:01:00,2021-07-31 12:01:00,2021-08-04 12:00:00
485042,XT8,XT8,TOPAZXT8,TOPAZXT8,2021-01-06 00:00:00,2021-01-06 00:00:00,2021-07-31 12:00:00
485043,XT9,XT9,TOPAZXT9,TOPAZXT9,2021-01-06 00:00:00,2021-01-06 00:00:00,2021-07-31 12:00:00
485044,XT10,XT10,TOPAZXT10,TOPAZXT10,2021-01-06 00:00:00,2021-01-06 00:00:00,2021-07-31 12:00:00
509870,T2,T2,CROSSETTT2,CROSSETTT2,2021-06-03 00:00:00,2021-06-03 00:00:00,2021-07-30 16:27:00
509869,T1,T1,CROSSETTT1,CROSSETTT1,2021-06-03 00:00:00,2021-06-03 00:00:00,2021-07-30 16:27:00
505651,KT2,KT2,PLNKT2,PLNKT2,2021-05-05 00:00:00,2021-05-05 00:00:00,2021-07-23 14:00:00
505650,KT1,KT1,PLNKT1,PLNKT1,2021-05-05 00:00:00,2021-05-05 00:00:00,2021-07-23 14:00:00
499495,T1,T1,ELARASLT1,ELARASLT1,2021-04-01 00:00:00,2021-04-01 00:00:00,2021-07-01 16:00:00
503203,AX1L,AX1L,QRYSWAX1L,QRYSWAX1L,2021-05-05 00:00:00,2021-05-05 00:00:00,2021-06-30 16:25:00
503224,AX2L,AX2L,QRYSWAX2L,QRYSWAX2L,2021-05-05 00:00:00,2021-05-05 00:00:00,2021-06-30 16:25:00
503202,AX1H,AX1H,QRYSWAX1H,QRYSWAX1H,2021-05-05 00:00:00,2021-05-05 00:00:00,2021-06-30 16:25:00
503223,AX2H,AX2H,QRYSWAX2H,QRYSWAX2H,2021-05-05 00:00:00,2021-05-05 00:00:00,2021-06-30 16:25:00
485037,XT3,XT3,TOPAZXT3,TOPAZXT3,2021-01-06 00:00:00,2021-01-06 00:00:00,2021-06-23 18:15:00
485038,XT4,XT4,TOPAZXT4,TOPAZXT4,2021-01-06 00:00:00,2021-01-06 00:00:00,2021-06-23 18:15:00
485041,XT7,XT7,TOPAZXT7,TOPAZXT7,2021-01-06 00:00:00,2021-01-06 00:00:00,2021-06-23 18:15:00
485036,XT2,XT2,TOPAZXT2,TOPAZXT2,2021-01-06 00:00:00,2021-01-06 00:00:00,2021-06-23 18:15:00
485040,XT6,XT6,TOPAZXT6,TOPAZXT6,2021-01-06 00:00:00,2021-01-06 00:00:00,2021-06-23 18:15:00
485035,XT1,XT1,TOPAZXT1,TOPAZXT1,2021-01-06 00:00:00,2021-01-06 00:00:00,2021-06-23 18:15:00
485039,XT5,XT5,TOPAZXT5,TOPAZXT5,2021-01-06 00:00:00,2021-01-06 00:00:00,2021-06-23 18:15:00
512183,T2,T2,GRIFTRLT2,GRIFTRLT2,2021-06-15 12:01:00,2021-06-15 12:01:00,2021-06-18 13:43:00
512182,T1,T1,GRIFTRLT1,GRIFTRLT1,2021-06-15 12:01:00,2021-06-15 12:01:00,2021-06-19 10:14:00
512183,T2,T2,GRIFTRLT2,GRIFTRLT2,2021-06-03 00:00:00,2021-06-03 00:00:00,2021-06-15 12:00:00
512182,T1,T1,GRIFTRLT1,GRIFTRLT1,2021-06-03 00:00:00,2021-06-03 00:00:00,2021-06-15 12:00:00
510937,T1,T1,AJAXWINDT1,AJAXWINDT1,2021-06-03 00:00:00,2021-06-03 00:00:00,2021-06-11 14:10:00
510938,T2,T2,AJAXWINDT2,AJAXWINDT2,2021-06-03 00:00:00,2021-06-03 00:00:00,2021-06-11 14:10:00
490785,TR1,TR1,CHISMGRDTR1,CHISMGRDTR1,2021-06-07 12:01:00,2021-06-07 12:01:00,2021-06-08 14:20:00
490785,TR1,TR1,CHISMGRDTR1,CHISMGRDTR1,2021-06-04 12:01:00,2021-06-04 12:01:00,2021-06-07 12:00:00
490785,TR1,TR1,CHISMGRDTR1,CHISMGRDTR1,2021-02-03 00:00:00,2021-02-03 00:00:00,2021-06-04 12:00:00
503635,AT4,AT4,WOAT4,WOAT4H,2021-05-05 00:00:00,2021-05-05 00:00:00,2021-06-03 13:28:00
503636,AT4H,AT4H,WOAT4H,WOAT4HH,2021-05-05 00:00:00,2021-05-05 00:00:00,2021-06-03 13:28:00
506977,1341T4511,1341T4511,341T4511,341T4511,2021-06-03 00:00:00,2021-06-03 00:00:00,2021-06-03 12:15:00
502803,T1,T1,BATCAVET1,BATCAVET1,2021-06-03 00:01:00,2021-06-03 00:01:00,2021-06-03 00:02:00
487184,T2P,T2P,LPLHYT2P,LPLHYT2P,2021-02-03 00:00:00,2021-02-03 00:00:00,2021-05-30 10:39:00
487185,T2S,T2S,LPLHYT2S,LPLHYT2S,2021-02-03 00:00:00,2021-02-03 00:00:00,2021-05-30 10:39:00
485828,T3S,T3S,LPLVKT3S,LPLVKT3S,2021-02-03 00:00:00,2021-02-03 00:00:00,2021-05-29 18:37:00
485827,T3P,T3P,LPLVKT3P,LPLVKT3P,2021-02-03 00:00:00,2021-02-03 00:00:00,2021-05-29 18:37:00
485855,T3P,T3P,LPLCOT3P,LPLCOT3P,2021-02-03 00:00:00,2021-02-03 00:00:00,2021-05-29 12:54:00
485856,T3S,T3S,LPLCOT3S,LPLCOT3S,2021-02-03 00:00:00,2021-02-03 00:00:00,2021-05-29 12:54:00
493587,BRT2,BRT2,LPLBRBRT2,LPLBRBRT2,2021-03-03 00:00:00,2021-03-03 00:00:00,2021-05-29 11:25:00
493586,BRT1,BRT1,LPLBRBRT1,LPLBRBRT1,2021-03-03 00:00:00,2021-03-03 00:00:00,2021-05-29 11:30:00
485158,T3S,T3S,LPLMKT3S,LPLMKT3S,2021-02-03 00:00:00,2021-02-03 00:00:00,2021-05-29 09:53:00
485157,T3P,T3P,LPLMKT3P,LPLMKT3P,2021-02-03 00:00:00,2021-02-03 00:00:00,2021-05-29 09:53:00
510439,T1-H,T1H,AZURET1H,AZURET1H,2021-05-19 18:01:00,2021-05-19 18:01:00,
491422,MR1H,MR1H,QNLTPMR1H,QNLTPAXFMR1HH,2021-04-01 00:00:00,2021-04-01 00:00:00,2021-05-27 18:00:00
494966,T1,T1,CORAZONT1,CORAZONT1,2021-03-03 00:00:00,2021-03-03 00:00:00,2021-05-27 17:00:00
491423,MR1L,MR1L,QNLTPMR1L,QNLTPAXFMR1LH,2021-04-01 00:00:00,2021-04-01 00:00:00,2021-05-25 18:00:00
508045,T2,T2,SAMSON1T2,SAMSON1T2,2021-05-05 00:00:00,2021-05-05 00:00:00,2021-05-25 13:00:00
508044,T1,T1,SAMSON1T1,SAMSON1T1,2021-05-05 00:00:00,2021-05-05 00:00:00,2021-05-25 13:00:00
508281,T1,T1,SAMSON3T1,SAMSON3T1,2021-05-05 00:00:00,2021-05-05 00:00:00,2021-05-25 13:00:00
508282,T2,T2,SAMSON3T2,SAMSON3T2,2021-05-05 00:00:00,2021-05-05 00:00:00,2021-05-25 13:00:00
502803,T1,T1,BATCAVET1,BATCAVET1,2021-04-01 00:00:00,2021-04-01 00:00:00,2021-04-30 16:20:00
486620,T3P,T3P,LPLYHT3P,LPLYHT3P,2021-02-03 00:00:00,2021-02-03 00:00:00,2021-05-24 17:33:00
486621,T3S,T3S,LPLYHT3S,LPLYHT3S,2021-02-03 00:00:00,2021-02-03 00:00:00,2021-05-24 17:33:00
486655,T4S,T4S,LPLYHT4S,LPLYHT4S,2021-02-03 00:00:00,2021-02-03 00:00:00,2021-05-24 17:33:00
486654,T4P,T4P,LPLYHT4P,LPLYHT4P,2021-02-03 00:00:00,2021-02-03 00:00:00,2021-05-24 17:33:00
486707,T2S,T2S,LPLDBT2S,LPLDBT2S,2021-02-03 00:00:00,2021-02-03 00:00:00,2021-05-24 16:05:00
486703,T1P,T1P,LPLDBT1P,LPLDBT1P,2021-02-03 00:00:00,2021-02-03 00:00:00,2021-05-24 16:05:00
486706,T2P,T2P,LPLDBT2P,LPLDBT2P,2021-02-03 00:00:00,2021-02-03 00:00:00,2021-05-24 16:05:00
486704,T1S,T1S,LPLDBT1S,LPLDBT1S,2021-02-03 00:00:00,2021-02-03 00:00:00,2021-05-24 16:05:00
493860,T1,T1,GALLOWAYT1,GALLOWAYT1,2020-12-16 00:00:00,2020-12-16 00:00:00,2021-05-24 15:40:00
500355,T2,T2,TAYGETE2T2,TAYGETE2T2,2021-04-01 00:00:00,2021-04-01 00:00:00,2021-05-06 15:20:00
500354,T1,T1,TAYGETE2T1,TAYGETE2T1,2021-04-01 00:00:00,2021-04-01 00:00:00,2021-05-06 15:20:00
486974,T2P,T2P,LPLPYT2P,LPLPYT2P,2021-05-06 19:47:00,2021-05-06 19:47:00,2021-05-21 09:32:00
486975,T2S,T2S,LPLPYT2S,LPLPYT2S,2021-05-06 19:47:00,2021-05-06 19:47:00,2021-05-21 09:32:00
486972,T1S,T1S,LPLPYT1S,LPLPYT1S,2021-05-06 19:47:00,2021-05-06 19:47:00,2021-05-21 09:32:00
486971,T1P,T1P,LPLPYT1P,LPLPYT1P,2021-05-06 19:47:00,2021-05-06 19:47:00,2021-05-21 09:32:00
498193,ED_ENC911,EDENC911,EDENC91A,EDENC91A,2021-04-21 00:00:00,2021-04-21 00:00:00,2021-05-12 11:16:00
496174,1103T2621,1103T2621,103T2621,103T2621,2021-04-07 00:00:00,2021-04-07 00:00:00,2021-05-12 10:03:00
492645,AT3H,AT3H,JORAT3H,JORAT3HH,2021-03-03 00:00:00,2021-03-03 00:00:00,2021-05-11 14:00:00
492644,AT3,AT3,JORAT3,JORAT3H,2021-03-03 00:00:00,2021-03-03 00:00:00,2021-05-11 14:00:00
445748,6132_B,6132B,6129B,6129B,2020-08-05 00:00:00,2020-08-05 00:00:00,2021-05-05 17:05:00
491600,T1,T1,WHMESAT1,WHMESAT1,2021-04-01 00:00:00,2021-04-01 00:00:00,2021-05-02 13:40:00
510439,T1-H,T1H,AZURET1H,AZURET1H,2021-05-05 00:00:00,2021-05-05 00:00:00,
486971,T1P,T1P,LPLPYT1P,LPLPYT1P,2021-02-03 00:00:00,2021-02-03 00:00:00,2021-05-03 19:30:00
486975,T2S,T2S,LPLPYT2S,LPLPYT2S,2021-02-03 00:00:00,2021-02-03 00:00:00,2021-05-03 19:30:00
486974,T2P,T2P,LPLPYT2P,LPLPYT2P,2021-02-03 00:00:00,2021-02-03 00:00:00,2021-05-03 19:30:00
486972,T1S,T1S,LPLPYT1S,LPLPYT1S,2021-02-03 00:00:00,2021-02-03 00:00:00,2021-05-03 19:30:00
451164,T1,T1,MARYNEALT1,MARYNEALT1,2021-02-01 14:16:00,2021-02-01 14:16:00,2021-04-24 07:57:00
432598,1421T4411,1421T4411,421T4411,421T4411,2020-11-02 08:36:00,2020-11-02 08:36:00,2021-04-21 10:30:00
432599,432T4411,432T4411,723T7641,723T764,2020-11-02 08:36:00,2020-11-02 08:36:00,2021-04-21 10:30:00
486066,T1,T1,EBLACKT1,EBLACKT1,2021-01-06 00:00:00,2021-01-06 00:00:00,2021-04-16 08:00:00
490672,T1,T1,NFBRPT1,NFBRPT1,2021-02-03 00:00:00,2021-02-03 00:00:00,2021-04-16 14:47:00
495994,T2,T2,PRSPERO2T2,PRSPERO2T2,2021-03-03 00:00:00,2021-03-03 00:00:00,2021-03-31 12:00:00
495993,T1,T1,PRSPERO2T1,PRSPERO2T1,2021-03-03 00:00:00,2021-03-03 00:00:00,2021-03-31 12:00:00
495288,T1,T1,GAMBITT1,GAMBITT1,2021-03-03 00:00:00,2021-03-03 00:00:00,2021-04-02 21:35:00
497350,T1,T1,LILYT1,LILYT1,2021-02-03 00:01:00,2021-02-03 00:01:00,2021-04-08 14:58:00
498336,HK_WL_651,HKWL651,HKWL65A,HKWL65A,2021-04-01 00:00:00,2021-04-01 00:00:00,2021-04-01 00:01:00
491600,T1,T1,WHMESAT1,WHMESAT1,2021-02-03 00:00:00,2021-02-03 00:00:00,2021-03-31 23:59:00
494202,T1,T1,CONIGLIOT1,CONIGLIOT1,2021-01-15 00:00:00,2021-01-15 00:00:00,2021-03-29 09:57:00
479363,TR1,TR1,PHOENIXTR1,PHOENIXTR1,2021-01-06 00:00:00,2021-01-06 00:00:00,2021-03-17 12:10:00
494153,T1,T1,ARAGORNT1,ARAGORNT1,2021-02-06 00:01:00,2021-02-06 00:01:00,2021-03-12 11:48:00
505445,T1PC,T1PC,HILONET1PC,HILONET1PC,2021-03-02 17:30:00,2021-03-02 17:30:00,2021-03-03 12:10:00
505445,T1PC,T1PC,HILONET1PC,HILONET1PC,2021-02-24 00:00:00,2021-02-24 00:00:00,2021-03-02 17:12:00
457178,1216T4211,1216T4211,216T4211,216T4211,2020-10-14 00:00:00,2020-10-14 00:00:00,2021-02-26 13:05:00
505118,647H,647H,DOWGEN647H,DOWGEN647H,2021-02-24 00:00:00,2021-02-24 00:00:00,2021-02-24 00:01:00
463393,T2,T2,TISOLART2,TISOLART2,2021-01-08 17:01:00,2021-01-08 17:01:00,2021-02-11 15:13:00
458245,895_A,895A,885A,885A,2020-10-21 00:00:00,2020-10-21 00:00:00,2021-02-05 17:17:00
458244,885_A,885A,890H,890H,2020-10-21 00:00:00,2020-10-21 00:00:00,2021-02-05 17:17:00
457204,1829T4651,1829T4651,829T4651,829T4651,2020-10-07 00:00:00,2020-10-07 00:00:00,2021-02-04 14:45:00
451164,T1,T1,MARYNEALT1,MARYNEALT1,2020-09-05 16:05:00,2020-09-05 16:05:00,2021-01-31 14:41:00
486259,MPT,MPT,REDBARNMPT,REDBARNMPT,2021-01-15 12:01:00,2021-01-15 12:01:00,2021-01-26 09:00:00
486259,MPT,MPT,REDBARNMPT,REDBARNMPT,2021-01-06 00:00:00,2021-01-06 00:00:00,2021-01-15 12:00:00
497350,T1,T1,LILYT1,LILYT1,2021-01-11 00:00:00,2021-01-11 00:00:00,2021-01-20 11:06:00
494202,T1,T1,CONIGLIOT1,CONIGLIOT1,2021-01-08 10:17:00,2021-01-08 10:17:00,2021-01-14 23:59:00
465131,M_69_F12,M69F12,M69F11,M69F11,2021-01-18 16:01:00,2021-01-18 16:01:00,2021-01-19 18:30:00
465131,M_69_F12,M69F12,M69F11,M69F11,2020-11-04 00:00:00,2020-11-04 00:00:00,2021-01-18 16:00:00
463393,T2,T2,TISOLART2,TISOLART2,2020-10-14 00:00:00,2020-10-14 00:00:00,2021-01-08 17:00:00
465278,ET2,ET2,MAVCRKEET2,MAVCRKEET2,2020-11-06 13:01:00,2020-11-06 13:01:00,2021-01-08 16:00:00
456189,T1,T1,RELOJT1,RELOJT1,2020-12-07 08:50:00,2020-12-07 08:50:00,2020-12-07 08:54:00
461164,T1,T1,WILDWINDT1,WILDWINDT1,2020-12-28 15:14:00,2020-12-28 15:14:00,2020-12-28 15:22:00
461164,T1,T1,WILDWINDT1,WILDWINDT1,2020-12-07 09:12:00,2020-12-07 09:12:00,2020-12-28 15:13:00
467378,ANSON1_TLINE1,ANSON1TLINE1,ANSONPHNTM1A1,ANSONPHNTM1A,2020-10-07 00:00:00,2020-10-07 00:00:00,2020-12-08 12:34:00
461739,T1,T1,ANSON1T1,ANSON1T1,2020-10-07 00:00:00,2020-10-07 00:00:00,2020-12-08 12:34:00
429042,AX2L,AX2L,RVRSWAX2L,RVRSWAX2LH,2020-03-04 00:00:00,2020-03-04 00:00:00,2020-12-23 19:08:00
429041,AX2H,AX2H,RVRSWAX2H,RVRSWAX2HH,2020-03-04 00:00:00,2020-03-04 00:00:00,2020-12-23 19:08:00
424103,6495_J,6495J,6402A,6402A,2020-02-12 00:00:00,2020-02-12 00:00:00,2020-12-22 18:00:00
437166,890_J,890J,885C,885C,2020-05-06 00:00:00,2020-05-06 00:00:00,2020-12-09 13:32:00
459962,T1,T1,SOLSTICET1,SOLSTICET1,2020-10-07 00:00:00,2020-10-07 00:00:00,2020-12-20 15:47:00
470279,1572T5721,1572T5721,572T5721,572T5721,2020-12-02 00:00:00,2020-12-02 00:00:00,2020-12-17 12:13:00
464196,T1,T1,JUNOT1,JUNOT1,2020-10-07 00:00:00,2020-10-07 00:00:00,2020-12-16 15:00:00
464197,T2,T2,JUNOT2,JUNOT2,2020-10-07 00:00:00,2020-10-07 00:00:00,2020-12-16 15:00:00
441582,AX2H,AX2H,SLKSWAX2H,SLKSWAX2HH,2020-06-03 00:00:00,2020-06-03 00:00:00,2020-12-16 18:11:00
441458,AX1H,AX1H,SLKSWAX1H,SLKSWAX1HH,2020-06-03 00:00:00,2020-06-03 00:00:00,2020-12-16 18:11:00
441471,AX1L,AX1L,SLKSWAX1L,SLKSWAX1LH,2020-06-03 00:00:00,2020-06-03 00:00:00,2020-12-16 18:11:00
441596,AX2L,AX2L,SLKSWAX2L,SLKSWAX2LH,2020-06-03 00:00:00,2020-06-03 00:00:00,2020-12-16 18:11:00
3316,PATN_RC_TALTY1,PATNRCTALTY1,RSHILRCTALTY1,RSHILRCTALTY1,2020-12-07 09:00:00,2020-12-07 09:00:00,2020-12-16 10:23:00
429039,AX1L,AX1L,RVRSWAX1L,RVRSWAX1LH,2020-03-04 00:00:00,2020-03-04 00:00:00,2020-12-15 18:00:00
429038,AX1H,AX1H,RVRSWAX1H,RVRSWAX1HH,2020-03-04 00:00:00,2020-03-04 00:00:00,2020-12-15 18:00:00
467788,6620_Z,6620Z,6620D,6620D,2020-12-02 00:00:00,2020-12-02 00:00:00,2020-12-15 15:00:00
444743,T2,T2,TRUENOT2,TRUENOT2,2020-06-03 00:00:00,2020-06-03 00:00:00,2020-12-14 14:52:00
444742,T1,T1,TRUENOT1,TRUENOT1,2020-06-03 00:00:00,2020-06-03 00:00:00,2020-12-14 14:52:00
459973,T2,T2,SOLSTICET2,SOLSTICET2,2020-10-09 00:01:00,2020-10-09 00:01:00,2020-12-12 14:04:00
456189,T1,T1,RELOJT1,RELOJT1,2020-11-03 19:01:00,2020-11-03 19:01:00,2020-12-07 08:49:00
490043,OBRT,OBRT,OLINGROBRT,OLINGROBRT,2020-12-02 00:00:00,2020-12-02 00:00:00,2020-12-02 00:01:00
468141,FMR1,FMR1,TYLSWFMR1,TYLSWAXFMR1H,2020-12-02 00:00:00,2020-12-02 00:00:00,2020-12-02 13:45:00
479363,TR1,TR1,PHOENIXTR1,PHOENIXTR1,2020-12-02 00:00:00,2020-12-02 00:00:00,2020-12-02 00:01:00
453247,AT1,AT1,DPWAT1,DPWAT1H,2020-09-16 00:00:00,2020-09-16 00:00:00,2020-11-23 08:57:00
453256,AT1H,AT1H,DPWAT1H,DPWAT1HH,2020-09-16 00:00:00,2020-09-16 00:00:00,2020-11-23 08:57:00
459075,T2,T2,VENADOT2,VENADOT2,2020-09-02 00:00:00,2020-09-02 00:00:00,2020-11-18 11:13:00
459074,T1,T1,VENADOT1,VENADOT1,2020-09-02 00:00:00,2020-09-02 00:00:00,2020-11-18 11:13:00
459076,T3,T3,VENADOT3,VENADOT3,2020-09-02 00:00:00,2020-09-02 00:00:00,2020-11-18 11:14:00
419025,TR33,TR33,FORMOSATR33,FORMOSATR33,2020-11-05 00:01:00,2020-11-05 00:01:00,2020-11-17 14:15:00
463392,T1,T1,TISOLART1,TISOLART1,2020-10-14 00:00:00,2020-10-14 00:00:00,2020-11-17 12:14:00
463152,T2,T2,EUNICET2,EUNICET2,2020-10-14 00:00:00,2020-10-14 00:00:00,2020-11-10 11:00:00
463151,T1,T1,EUNICET1,EUNICET1,2020-10-14 00:00:00,2020-10-14 00:00:00,2020-11-10 11:00:00
460834,T1,T1,RIPPEYT1,RIPPEYT1,2020-10-19 10:01:00,2020-10-19 10:01:00,2020-11-09 10:00:00
465298,MR1H,MR1H,CMBSWMR1H,CMBSWAXFMR1HH,2020-11-04 00:00:00,2020-11-04 00:00:00,2020-11-07 18:00:00
465299,MR1L,MR1L,CMBSWMR1L,CMBSWAXFMR1L,2020-11-04 00:00:00,2020-11-04 00:00:00,2020-11-07 18:00:00
465278,ET2,ET2,MAVCRKEET2,MAVCRKEET2,2020-11-04 16:01:00,2020-11-04 16:01:00,2020-11-06 13:00:00
462216,T2,T2,PHILLWNDT2,PHILLWNDT2,2020-10-07 00:00:00,2020-10-07 00:00:00,2020-10-29 10:30:00
462215,T1,T1,PHILLWNDT1,PHILLWNDT1,2020-10-07 00:00:00,2020-10-07 00:00:00,2020-10-29 09:38:00
419025,TR33,TR33,FORMOSATR33,FORMOSATR33,2019-11-06 00:00:00,2019-11-06 00:00:00,2020-11-05 00:00:00
465278,ET2,ET2,MAVCRKEET2,MAVCRKEET2,2020-09-17 16:01:00,2020-09-17 16:01:00,2020-11-04 16:00:00
439569,LGDRAW_S_LGDRAW_S_T1,LGDRAWSLGDRAWST1,LGDRAWST1,LGDRAWST1,2020-05-06 00:00:00,2020-05-06 00:00:00,2020-10-30 18:01:00
432599,432T4411,432T4411,723T7641,723T764,2020-04-21 10:43:00,2020-04-21 10:43:00,2020-10-31 00:00:00
432598,1421T4411,1421T4411,421T4411,421T4411,2020-04-21 10:43:00,2020-04-21 10:43:00,2020-10-31 00:00:00
470628,1551T5511,1551T5511,551T5511,551T5511,2020-10-21 11:14:00,2020-10-21 11:14:00,2020-10-30 08:02:00
461314,T1,T1,KELAMSLT1,KELAMSLT1,2020-10-07 00:00:00,2020-10-07 00:00:00,2020-10-28 12:01:00
460834,T1,T1,RIPPEYT1,RIPPEYT1,2020-10-07 00:01:00,2020-10-07 00:01:00,2020-10-19 10:00:00
431277,T2,T2,AMADEUS2T2,AMADEUS2T2,2020-09-15 17:01:00,2020-09-15 17:01:00,
453417,1172T2711,1172T2711,172T2711,172T2711,2020-08-05 00:00:00,2020-08-05 00:00:00,2020-10-14 14:00:00
461164,T1,T1,WILDWINDT1,WILDWINDT1,2020-10-14 00:00:00,2020-10-14 00:00:00,
449613,ET1,ET1,MAVCRKEET1,MAVCRKEET1,2020-09-17 16:01:00,2020-09-17 16:01:00,2020-10-12 10:00:00
459973,T2,T2,SOLSTICET2,SOLSTICET2,2020-10-07 00:00:00,2020-10-07 00:00:00,2020-10-09 00:00:00
452407,T2,T2,GREASWODT2,GREASWODT2,2020-08-05 00:00:00,2020-08-05 00:00:00,2020-10-05 15:30:00
452406,T1,T1,GREASWODT1,GREASWODT1,2020-08-05 00:00:00,2020-08-05 00:00:00,2020-10-05 15:30:00
456189,T1,T1,RELOJT1,RELOJT1,2020-10-01 19:01:00,2020-10-01 19:01:00,
456189,T1,T1,RELOJT1,RELOJT1,2020-09-02 00:00:00,2020-09-02 00:00:00,2020-10-01 19:00:00
453514,NEVILLTP_GRSWD1,NEVILLTPGRSWD1,GIRVINGRSWD1,GIRVINGRSWD,2020-08-05 00:01:00,2020-08-05 00:01:00,2020-09-23 11:24:00
426680,NEVILL_NEVILTP1,NEVILLNEVILTP1,GIRVINNEVIL1,GIRVINNEVIL,2020-06-03 00:01:00,2020-06-03 00:01:00,2020-09-23 11:24:00
449613,ET1,ET1,MAVCRKEET1,MAVCRKEET1,2020-07-08 00:00:00,2020-07-08 00:00:00,2020-09-17 16:00:00
465278,ET2,ET2,MAVCRKEET2,MAVCRKEET2,2020-09-02 00:00:00,2020-09-02 00:00:00,2020-09-17 16:00:00
428108,T2,T2,ELRAYOT2,ELRAYOT2,2020-02-05 00:00:00,2020-02-05 00:00:00,2020-09-17 16:44:00
428107,T1,T1,ELRAYOT1,ELRAYOT1,2020-02-05 00:00:00,2020-02-05 00:00:00,2020-09-17 16:43:00
446034,WT2,WT2,MAVCRKWWT2,MAVCRKWWT2,2020-09-01 16:01:00,2020-09-01 16:01:00,2020-09-16 17:00:00
446034,WT2,WT2,MAVCRKWWT2,MAVCRKWWT2,2020-07-30 10:01:00,2020-07-30 10:01:00,2020-09-01 16:00:00
431277,T2,T2,AMADEUS2T2,AMADEUS2T2,2020-03-04 00:00:00,2020-03-04 00:00:00,2020-09-15 17:00:00
431278,T1,T1,AMADEUS1T1,AMADEUS1T1,2020-03-04 00:00:00,2020-03-04 00:00:00,2020-09-15 17:00:00
439624,LMAJADAS_LMAJADAS_T2,LMAJADASLMAJADAST2,LMAJADAST2,LMAJADAST2,2020-06-19 16:01:00,2020-06-19 16:01:00,2020-09-02 09:55:00
439623,LMAJADAS_LMAJADAS_T1,LMAJADASLMAJADAST1,LMAJADAST1,LMAJADAST1,2020-06-19 16:01:00,2020-06-19 16:01:00,2020-09-02 09:55:00
468071,TR3H,TR3H,FORMOSATR3H,FORMOSATR3H,2020-09-02 00:00:00,2020-09-02 00:00:00,2020-09-02 01:01:00
451164,T1,T1,MARYNEALT1,MARYNEALT1,2020-08-31 00:01:00,2020-08-31 00:01:00,
431581,T1,T1,TAYGETET1,TAYGETET1,2020-03-04 00:00:00,2020-03-04 00:00:00,2020-08-12 12:00:00
431589,T2,T2,TAYGETET2,TAYGETET2,2020-03-04 00:00:00,2020-03-04 00:00:00,2020-08-12 12:00:00
446033,WT1,WT1,MAVCRKWWT1,MAVCRKWWT1,2020-08-11 16:01:00,2020-08-11 16:01:00,2020-08-18 16:00:00
435650,T2,T2,COYOTEWT2,COYOTEWT2,2020-04-24 16:01:00,2020-04-24 16:01:00,2020-08-24 09:00:00
435649,T1,T1,COYOTEWT1,COYOTEWT1,2020-04-24 16:01:00,2020-04-24 16:01:00,2020-08-24 09:00:00
435649,T1,T1,COYOTEWT1,COYOTEWT1,2020-04-01 00:00:00,2020-04-01 00:00:00,2020-04-24 16:00:00
435650,T2,T2,COYOTEWT2,COYOTEWT2,2020-04-01 00:00:00,2020-04-01 00:00:00,2020-04-24 16:00:00
439869,T1,T1,IMPACTT1,IMPACTT1,2020-05-06 00:01:00,2020-05-06 00:01:00,2020-08-12 09:21:00
446033,WT1,WT1,MAVCRKWWT1,MAVCRKWWT1,2020-07-30 10:01:00,2020-07-30 10:01:00,2020-08-11 16:00:00
451164,T1,T1,MARYNEALT1,MARYNEALT1,2020-08-05 00:00:00,2020-08-05 00:00:00,
436767,T-1,T1,CHALUPAT1,CHALUPAT1,2020-04-01 00:00:00,2020-04-01 00:00:00,2020-07-31 12:32:00
446033,WT1,WT1,MAVCRKWWT1,MAVCRKWWT1,2020-07-08 00:00:00,2020-07-08 00:00:00,2020-07-30 10:00:00
446034,WT2,WT2,MAVCRKWWT2,MAVCRKWWT2,2020-07-08 00:00:00,2020-07-08 00:00:00,2020-07-30 10:00:00
429037,AX2L,AX2L,WLFSWAX2L,WLFSWAX2LH,2020-03-04 00:00:00,2020-03-04 00:00:00,2020-07-05 11:57:00
429036,AX2H,AX2H,WLFSWAX2H,WLFSWAX2HH,2020-03-04 00:00:00,2020-03-04 00:00:00,2020-07-05 11:57:00
429032,AX1L,AX1L,WLFSWAX1L,WLFSWAX1LH,2020-03-04 00:00:00,2020-03-04 00:00:00,2020-07-05 11:56:00
429035,AX1H,AX1H,WLFSWAX1H,WLFSWAX1HH,2020-03-04 00:00:00,2020-03-04 00:00:00,2020-07-05 11:56:00
442273,SKYLINEAUTO1,SKYLINEAUTO1,SKYLINEMR1,SKYLINEMR1H,2020-06-17 00:00:00,2020-06-17 00:00:00,2020-06-30 12:52:00
439624,LMAJADAS_LMAJADAS_T2,LMAJADASLMAJADAST2,LMAJADAST2,LMAJADAST2,2020-05-06 00:00:00,2020-05-06 00:00:00,2020-06-19 16:00:00
439623,LMAJADAS_LMAJADAS_T1,LMAJADASLMAJADAST1,LMAJADAST1,LMAJADAST1,2020-05-06 00:00:00,2020-05-06 00:00:00,2020-06-19 16:00:00
441293,MPT1,MPT1,DEWOLFMPT1,DEWOLFMPT1,2020-06-27 08:00:00,2020-06-27 08:00:00,2020-06-28 12:15:00
440948,MPT2,MPT2,AVIATORMPT2,AVIATORMPT2,2020-06-24 16:01:00,2020-06-24 16:01:00,2020-06-27 09:00:00
441293,MPT1,MPT1,DEWOLFMPT1,DEWOLFMPT1,2020-06-19 12:17:00,2020-06-19 12:17:00,2020-06-19 16:40:00
441293,MPT1,MPT1,DEWOLFMPT1,DEWOLFMPT1,2020-06-17 16:36:00,2020-06-17 16:36:00,2020-06-19 12:16:00
440947,MPT1,MPT1,AVIATORMPT1,AVIATORMPT1,2020-06-16 15:32:00,2020-06-16 15:32:00,2020-06-17 10:30:00
441293,MPT1,MPT1,DEWOLFMPT1,DEWOLFMPT1,2020-05-06 00:00:00,2020-05-06 00:00:00,2020-06-17 09:45:00
443803,AT2H,AT2H,WINCHESAT2H,WINCHESAT2HH,2020-03-25 11:45:00,2020-03-25 11:45:00,2020-06-16 11:10:00
443804,AT2L,AT2L,WINCHESAT2L,WINCHESAT2LH,2020-03-25 11:45:00,2020-03-25 11:45:00,2020-06-16 11:10:00
438335,MR2H,MR2H,HUTTOMR2H,HUTTOAXFMR2H,2020-05-06 00:00:00,2020-05-06 00:00:00,2020-06-15 21:00:00
438336,MR2L,MR2L,HUTTOMR2L,HUTTOAXFMR2L,2020-05-06 00:00:00,2020-05-06 00:00:00,2020-06-15 21:00:00
440947,MPT1,MPT1,AVIATORMPT1,AVIATORMPT1,2020-05-06 00:00:00,2020-05-06 00:00:00,2020-06-15 17:00:00
440948,MPT2,MPT2,AVIATORMPT2,AVIATORMPT2,2020-05-06 00:00:00,2020-05-06 00:00:00,2020-06-15 17:00:00
436465,1261T2721,1261T2721,261T2721,261T2721,2020-05-08 00:41:00,2020-05-08 00:41:00,2020-05-14 09:58:00
433311,KT1,KT1,WGUKT1,WGUKT1,2020-05-04 16:01:00,2020-05-04 16:01:00,2020-05-15 10:13:00
418118,T1,T1,CRANELLT1,CRANELLT1,2019-11-30 16:01:00,2019-11-30 16:01:00,2020-05-11 15:40:00
438355,MR2L,MR2L,SARRDMR2L,SARRDAXFMR2LH,2020-05-06 00:00:00,2020-05-06 00:00:00,2020-05-11 10:18:00
438354,MR2H,MR2H,SARRDMR2H,SARRDAXFMR2HH,2020-05-06 00:00:00,2020-05-06 00:00:00,2020-05-11 10:18:00
408497,1318T3131,1318T3131,318T3131,318T3131,2020-05-06 00:00:00,2020-05-06 00:00:00,2020-05-08 10:00:00
433311,KT1,KT1,WGUKT1,WGUKT1,2020-03-04 00:00:00,2020-03-04 00:00:00,2020-05-04 16:00:00
444349,1685T6851,1685T6851,685T6851,685T6851,2020-05-06 00:00:00,2020-05-06 00:00:00,2020-05-06 20:09:00
436465,1261T2721,1261T2721,261T2721,261T2721,2020-05-06 00:00:00,2020-05-06 00:00:00,2020-05-06 21:21:00
441993,AUTO-1102-2,AUTO11022,WLD138LDXF,WLD138LDXF,2020-05-06 00:00:00,2020-05-06 00:00:00,
421221,HARALD T1 GSU,HARALDT1GSU,HARALDT1,HARALDT1H,2020-03-03 16:01:00,2020-03-03 16:01:00,2020-05-04 12:38:00
431045,T2,T2,VERAWINDT2,VERAWINDT2,2020-03-04 00:00:00,2020-03-04 00:00:00,2020-05-01 14:40:00
431044,T1,T1,VERAWINDT1,VERAWINDT1,2020-03-04 00:00:00,2020-03-04 00:00:00,2020-05-01 14:40:00
425594,T2,T2,RTS2T2,RTS2T2,2020-03-14 00:00:00,2020-03-14 00:00:00,2020-04-17 09:00:00
425593,T1,T1,RTS2T1,RTS2T1,2020-03-14 00:00:00,2020-03-14 00:00:00,2020-04-17 09:00:00
433561,T2,T2,PROSPEROT2,PROSPEROT2,2020-03-04 00:00:00,2020-03-04 00:00:00,2020-04-16 16:56:00
433560,T1,T1,PROSPEROT1,PROSPEROT1,2020-03-04 00:00:00,2020-03-04 00:00:00,2020-04-16 16:56:00
430558,T1,T1,FWLRSLRT1,FWLRSLRT1,2020-04-10 07:14:00,2020-04-10 07:14:00,2020-04-15 14:00:00
432758,1451T4511,1451T4511,451T7191,451T7191,2020-03-04 16:00:00,2020-03-04 16:00:00,2020-04-15 12:13:00
430558,T1,T1,FWLRSLRT1,FWLRSLRT1,2020-03-04 00:00:00,2020-03-04 00:00:00,2020-04-08 18:00:00
413386,5TR1,5TR1,FOWLRTON5TR1,FOWLRTON5FOWLRTON,2019-11-07 13:01:00,2019-11-07 13:01:00,2020-04-09 11:02:00
413385,7TR1,7TR1,FOWLRTON7TR1,FOWLRTON7TRH,2019-11-07 13:01:00,2019-11-07 13:01:00,2020-04-09 11:02:00
410005,T2PC,T2PC,QUEENSLT2PC,QUEENSLT2PC,2019-09-05 00:00:00,2019-09-05 00:00:00,2020-04-02 20:02:00
443536,1176T1651,1176T1651,176T1651,176T1651,2020-03-25 11:08:00,2020-03-25 11:08:00,2020-03-27 18:00:00
443530,1187T2221,1187T2221,187T2221,187T2221,2020-03-25 11:45:00,2020-03-25 11:45:00,2020-03-25 18:00:00
419026,TR34,TR34,FORMOSATR34,FORMOSATR34,2020-03-02 16:01:00,2020-03-02 16:01:00,2020-03-24 13:08:00
422922,6535_F,6535F,6530B,6530B,2020-03-18 00:00:00,2020-03-18 00:00:00,2020-03-18 00:01:00
425593,T1,T1,RTS2T1,RTS2T1,2020-02-28 16:01:00,2020-02-28 16:01:00,2020-03-13 23:59:00
425594,T2,T2,RTS2T2,RTS2T2,2020-02-28 16:01:00,2020-02-28 16:01:00,2020-03-13 23:59:00
422067,1424T4241,1424T4241,424T4241,424T4241,2020-03-05 16:31:00,2020-03-05 16:31:00,2020-03-12 15:14:00
425593,T1,T1,RTS2T1,RTS2T1,2020-02-05 00:00:00,2020-02-05 00:00:00,2020-02-28 16:00:00
425594,T2,T2,RTS2T2,RTS2T2,2020-02-05 00:00:00,2020-02-05 00:00:00,2020-02-28 16:00:00
421221,HARALD T1 GSU,HARALDT1GSU,HARALDT1,HARALDT1H,2020-02-25 11:00:00,2020-02-25 11:00:00,2020-03-03 16:00:00
377188,AT1H,AT1H,DENTSWAT1H,DENTSWAT1H,2020-02-13 00:01:00,2020-02-13 00:01:00,2020-03-07 10:25:00
377189,AT1L,AT1L,DENTSWAT1L,DENTSWAT1L,2020-02-13 00:01:00,2020-02-13 00:01:00,2020-03-07 10:25:00
414766,T1,T1,OBERONT1,OBERONT1,2020-01-06 17:06:00,2020-01-06 17:06:00,2020-03-05 10:00:00
419026,TR34,TR34,FORMOSATR34,FORMOSATR34,2019-11-06 00:00:00,2019-11-06 00:00:00,2020-03-02 16:00:00
408997,A2,A2,SGSAA2,SGSA138692H,2019-09-05 00:00:00,2019-09-05 00:00:00,2020-02-28 17:10:00
432598,1421T4411,1421T4411,421T4411,421T4411,2020-02-28 10:17:00,2020-02-28 10:17:00,2020-02-28 11:23:00
432599,432T4411,432T4411,723T7641,723T764,2020-02-28 10:17:00,2020-02-28 10:17:00,2020-02-28 11:23:00
432598,1421T4411,1421T4411,421T4411,421T4411,2020-02-26 00:00:00,2020-02-26 00:00:00,2020-02-28 10:15:00
432599,432T4411,432T4411,723T7641,723T764,2020-02-26 00:00:00,2020-02-26 00:00:00,2020-02-28 10:15:00
419958,AX2H,AX2H,ACSSWAX2H,ACSSWAX2HH,2019-12-04 00:00:00,2019-12-04 00:00:00,2020-02-27 23:59:00
419959,AX2L,AX2L,ACSSWAX2L,ACSSWAX2LH,2019-12-04 00:00:00,2019-12-04 00:00:00,2020-02-27 23:59:00
347844,SU_XF_VEALMOOR34507TR1_ST,SUXFVEALMOOR34507TR1ST,VEALMOOR7TR1,VEALMOORVLMTR1H,2019-12-19 15:01:00,2019-12-19 15:01:00,2020-02-21 18:30:00
422440,AT3,AT3,JCKAT3,JCKAT3H,2020-01-08 00:00:00,2020-01-08 00:00:00,2020-02-19 16:30:00
422439,AT3H,AT3H,JCKAT3H,JCKAT3HH,2020-01-08 00:00:00,2020-01-08 00:00:00,2020-02-19 16:30:00
419027,TR35,TR35,FORMOSATR35,FORMOSATR35,2019-11-06 00:00:00,2019-11-06 00:00:00,2020-02-19 14:08:00
377188,AT1H,AT1H,DENTSWAT1H,DENTSWAT1H,2019-02-13 00:01:00,2019-02-13 00:01:00,2020-02-12 12:00:00
377189,AT1L,AT1L,DENTSWAT1L,DENTSWAT1L,2019-02-13 00:01:00,2019-02-13 00:01:00,2020-02-12 12:00:00
420570,BARROW_BARROW_T2,BARROWBARROWT2,BARROWT2,BARROWT2,2020-01-02 00:00:00,2020-01-02 00:00:00,2020-02-13 11:06:00
420564,BARROW_BARROW_T1,BARROWBARROWT1,BARROWT1,BARROWT1,2020-01-02 00:00:00,2020-01-02 00:00:00,2020-02-13 11:05:00
421221,HARALD T1 GSU,HARALDT1GSU,HARALDT1,HARALDT1H,2020-01-20 20:01:00,2020-01-20 20:01:00,2020-02-11 18:11:00
378166,1544T5441,1544T5441,544T5441,544T5441,2019-05-01 00:00:00,2019-05-01 00:00:00,2020-02-04 11:05:00
424135,T1,T1,RAMBLERT1,RAMBLERT1,2020-01-08 00:00:00,2020-01-08 00:00:00,2020-01-31 16:00:00
421221,HARALD T1 GSU,HARALDT1GSU,HARALDT1,HARALDT1H,2019-10-16 00:00:00,2019-10-16 00:00:00,2020-01-20 20:00:00
424135,T1,T1,RAMBLERT1,RAMBLERT1,2020-02-11 07:00:00,,
414766,T1,T1,OBERONT1,OBERONT1,2019-10-02 00:00:00,2019-10-02 00:00:00,2020-01-06 11:33:00
374837,T1,T1,CARVERT1,CARVERT1H,2019-01-04 00:00:00,2019-01-04 00:00:00,2020-01-03 15:00:00
416406,FMR1,FMR1,BNTSWFMR1,BNTSWAXFMR1,2019-12-04 00:00:00,2019-12-04 00:00:00,2020-01-03 15:57:00
420564,BARROW_BARROW_T1,BARROWBARROWT1,BARROWT1,BARROWT1,2019-12-30 10:50:00,2019-12-30 10:50:00,2020-01-01 23:59:00
420570,BARROW_BARROW_T2,BARROWBARROWT2,BARROWT2,BARROWT2,2019-12-30 10:50:00,2019-12-30 10:50:00,2020-01-01 23:59:00
400155,FMR1,FMR1,HOLDYFMR1,HOLDYAXFMR1,2019-08-14 00:00:00,2019-08-14 00:00:00,2019-12-31 16:01:00
420564,BARROW_BARROW_T1,BARROWBARROWT1,BARROWT1,BARROWT1,2019-12-04 00:00:00,2019-12-04 00:00:00,2019-12-27 14:00:00
420570,BARROW_BARROW_T2,BARROWBARROWT2,BARROWT2,BARROWT2,2019-12-04 00:00:00,2019-12-04 00:00:00,2019-12-27 14:00:00
410002,T1PC,T1PC,QUEENSLT1PC,QUEENSLT1PC,2019-12-06 00:01:00,2019-12-06 00:01:00,2019-12-20 16:05:00
414081,1257T3201,1257T3201,257T3201,257T3201,2019-11-20 00:00:00,2019-11-20 00:00:00,2019-12-20 14:50:00
410002,T1PC,T1PC,QUEENSLT1PC,QUEENSLT1PC,2019-11-27 00:01:00,2019-11-27 00:01:00,2019-12-06 00:00:00
347844,SU_XF_VEALMOOR34507TR1_ST,SUXFVEALMOOR34507TR1ST,VEALMOOR7TR1,VEALMOORVLMTR1H,2019-05-15 12:01:00,2019-05-15 12:01:00,2019-12-19 15:00:00
417454,FMR1,FMR1,RDOSCFMR1,RDOSCAXFMRH,2019-09-18 00:00:00,2019-09-18 00:00:00,2019-12-13 18:00:00
417455,FMR2,FMR2,RDOSCFMR2,RDOSCAXFMRH2,2019-09-18 00:00:00,2019-09-18 00:00:00,2019-12-13 18:00:00
409652,T1,T1,WHWINDT1,WHWINDT1,2019-09-05 00:00:00,2019-09-05 00:00:00,2019-12-12 18:30:00
409653,T2,T2,WHWINDT2,WHWINDT2,2019-09-05 00:00:00,2019-09-05 00:00:00,2019-12-12 18:30:00
405328,6149_F,6149F,6245A,6245A,2019-08-14 00:00:00,2019-08-14 00:00:00,2019-12-12 18:00:00
413952,T1,T1,MESTENOT1,MESTENOT1,2019-11-20 06:48:00,2019-11-20 06:48:00,2019-12-11 13:20:00
407126,MPT1,MPT1,PALMWINDMPT1,PALMWINDMPT1,2019-08-07 00:00:00,2019-08-07 00:00:00,2019-12-03 20:25:00
407373,GSU2,GSU2,CITYVICTGSU2,CITYVICTGSU2,2019-08-07 00:00:00,2019-08-07 00:00:00,2019-12-06 08:05:00
407372,GSU1,GSU1,CITYVICTGSU1,CITYVICTGSU1,2019-08-07 00:00:00,2019-08-07 00:00:00,2019-12-08 15:07:00
408497,1318T3131,1318T3131,318T3131,318T3131,2019-09-18 00:00:00,2019-09-18 00:00:00,2019-12-05 17:35:00
416155,T1,T1,SAGEDRAWT1,SAGEDRAWT1,2019-11-06 00:00:00,2019-11-06 00:00:00,2019-12-04 19:50:00
416156,T2,T2,SAGEDRAWT2,SAGEDRAWT2,2019-11-06 00:00:00,2019-11-06 00:00:00,2019-12-04 19:50:00
418118,T1,T1,CRANELLT1,CRANELLT1,2019-11-06 00:00:00,2019-11-06 00:00:00,2019-11-29 16:00:00
410002,T1PC,T1PC,QUEENSLT1PC,QUEENSLT1PC,2019-10-31 00:01:00,2019-10-31 00:01:00,2019-11-27 00:00:00
412584,KINGTAP_QUEEN1,KINGTAPQUEEN1,KINGSWQUEEN1,KINGSWQUEEN1,2019-09-05 00:01:00,2019-09-05 00:01:00,2019-11-26 11:30:00
404343,1520_H,1520H,1525A,1525A,2019-08-07 00:00:00,2019-08-07 00:00:00,2019-11-26 11:42:00
413952,T1,T1,MESTENOT1,MESTENOT1,2019-11-01 16:01:00,2019-11-01 16:01:00,2019-11-20 06:47:00
411476,T2PC,T2PC,HILONET2PC,HILONET2PC,2019-11-01 00:00:00,2019-11-01 00:00:00,2019-11-12 17:15:00
413952,T1,T1,MESTENOT1,MESTENOT1,2019-10-02 00:00:00,2019-10-02 00:00:00,2019-11-01 16:00:00
413385,7TR1,7TR1,FOWLRTON7TR1,FOWLRTON7TRH,2019-11-06 00:00:00,2019-11-06 00:00:00,2019-11-07 13:00:00
413386,5TR1,5TR1,FOWLRTON5TR1,FOWLRTON5FOWLRTON,2019-11-06 00:00:00,2019-11-06 00:00:00,2019-11-07 13:00:00
419024,TR32,TR32,FORMOSATR32,FORMOSATR32,2019-11-06 00:00:00,2019-11-06 00:00:00,2019-11-06 00:01:00
419023,TR31,TR31,FORMOSATR31,FORMOSATR31,2019-11-06 00:00:00,2019-11-06 00:00:00,2019-11-06 00:01:00
423285,XT1H,XT1H,CVCXT1H,CVCXT1H,2019-11-06 00:00:00,2019-11-06 00:00:00,
413808,6142_H,6142H,5142B,5142B,2019-11-06 00:00:00,2019-11-06 00:00:00,2019-11-06 00:01:00
411476,T2PC,T2PC,HILONET2PC,HILONET2PC,2019-09-05 00:00:00,2019-09-05 00:00:00,2019-10-31 02:00:00
402796,MPT1,MPT1,KARAKAW1MPT1,KARAKAW1MPT1,2019-10-22 05:24:00,2019-10-22 05:24:00,2019-10-26 13:10:00
402797,MPT2,MPT2,KARAKAW1MPT2,KARAKAW1MPT2,2019-10-22 05:24:00,2019-10-22 05:24:00,2019-10-26 13:10:00
422886,UXF6,UXF6,BBPUXF6,BBPUXF6,2019-10-30 00:00:00,2019-10-30 00:00:00,
412919,KT1,KT1,PEYKT1,PEYKT1,2019-09-05 00:00:00,2019-09-05 00:00:00,2019-10-25 16:00:00
402914,MPT3,MPT3,KARAKAW2MPT3,KARAKAW2MPT3,2019-09-09 16:01:00,2019-09-09 16:01:00,2019-10-22 13:00:00
402796,MPT1,MPT1,KARAKAW1MPT1,KARAKAW1MPT1,2019-06-12 00:00:00,2019-06-12 00:00:00,2019-10-21 18:00:00
402797,MPT2,MPT2,KARAKAW1MPT2,KARAKAW1MPT2,2019-06-12 00:00:00,2019-06-12 00:00:00,2019-10-21 18:00:00
383643,AT1,AT1,REFUGIOAT1,REFUGIOAT1HS,2019-04-03 00:01:00,2019-04-03 00:01:00,2019-10-18 18:00:00
373506,138_BLT_FAL1,138BLTFAL1,138BLTFLK1,138BLTFLK1,2018-12-05 00:00:00,2018-12-05 00:00:00,2019-10-03 14:25:00
407489,T1,T1,WPECOST1,WPECOST1,2019-09-04 14:19:00,2019-09-04 14:19:00,2019-09-30 11:46:00
402914,MPT3,MPT3,KARAKAW2MPT3,KARAKAW2MPT3,2019-06-12 12:30:00,2019-06-12 12:30:00,2019-09-09 16:00:00
410002,T1PC,T1PC,QUEENSLT1PC,QUEENSLT1PC,2019-09-05 00:00:00,2019-09-05 00:00:00,
407489,T1,T1,WPECOST1,WPECOST1,2019-08-30 16:01:00,2019-08-30 16:01:00,2019-09-04 14:18:00
407489,T1,T1,WPECOST1,WPECOST1,2019-08-07 00:00:00,2019-08-07 00:00:00,2019-08-30 16:00:00
399343,IHS1 STATCOMM TRF,IHS1STATCOMMTRF,IH20IHS1,IH20IHS1HISIDE,2019-08-06 11:44:00,2019-08-06 11:44:00,2019-08-23 16:04:00
399344,IHS2 STATCOMM TRF,IHS2STATCOMMTRF,IH20IHS2,IH20IHS2HISIDE,2019-08-06 11:44:00,2019-08-06 11:44:00,2019-08-23 16:04:00
382575,RANCHERO_RANCHERO_T1,RANCHERORANCHEROT1,RANCHEROT1,RANCHEROT1,2019-03-29 16:01:00,2019-03-29 16:01:00,2019-08-19 16:10:00
382576,RANCHERO_RANCHERO_T2,RANCHERORANCHEROT2,RANCHEROT2,RANCHEROT2,2019-03-29 16:01:00,2019-03-29 16:01:00,2019-08-19 16:10:00
399343,IHS1 STATCOMM TRF,IHS1STATCOMMTRF,IH20IHS1,IH20IHS1HISIDE,2019-06-26 00:00:00,2019-06-26 00:00:00,2019-08-05 19:00:00
399344,IHS2 STATCOMM TRF,IHS2STATCOMMTRF,IH20IHS2,IH20IHS2HISIDE,2019-06-26 00:00:00,2019-06-26 00:00:00,2019-08-05 19:00:00
398075,MPT,MPT,CNBRKSMPT,CNBRKSMPT,2019-06-05 00:00:00,2019-06-05 00:00:00,2019-07-09 11:32:00
395745,T2,T2,FOARDCTYT2,FOARDCTYT2,2019-05-01 00:00:00,2019-05-01 00:00:00,2019-06-26 10:00:00
395744,T1,T1,FOARDCTYT1,FOARDCTYT1,2019-05-01 00:00:00,2019-05-01 00:00:00,2019-06-26 10:00:00
379056,MR2L,MR2L,MOSSWMR2L,MOSSWAXFMR2LH,2019-03-06 00:00:00,2019-03-06 00:00:00,2019-06-21 17:35:00
379055,MR2H,MR2H,MOSSWMR2H,MOSSWAXFMR2HH,2019-03-06 00:00:00,2019-03-06 00:00:00,2019-06-21 17:35:00
395316,FMR1,FMR1,HDRSCFMR1,HDRSCAXFMRH,2019-05-15 00:00:00,2019-05-15 00:00:00,2019-06-14 17:10:00
395321,FMR2,FMR2,HDRSCFMR2,HDRSCAXFMRH2,2019-05-15 00:00:00,2019-05-15 00:00:00,2019-06-14 17:10:00
367461,GSU-1,GSU1,VICTPORTGSU1,VICTPORTGSU1,2019-06-11 11:19:00,2019-06-11 11:19:00,2019-06-14 10:54:00
367462,GSU-2,GSU2,VICTPORTGSU2,VICTPORTGSU2,2019-06-11 11:20:00,2019-06-11 11:20:00,2019-06-14 10:55:00
402914,MPT3,MPT3,KARAKAW2MPT3,KARAKAW2MPT3,2019-06-12 00:00:00,2019-06-12 00:00:00,2019-06-12 12:29:00
408413,6511_F,6511F,6590A,6590A,2019-06-12 00:00:00,2019-06-12 00:00:00,2019-06-12 00:01:00
367461,GSU-1,GSU1,VICTPORTGSU1,VICTPORTGSU1,2019-06-08 09:02:00,2019-06-08 09:02:00,2019-06-11 11:17:00
367462,GSU-2,GSU2,VICTPORTGSU2,VICTPORTGSU2,2019-06-08 09:02:00,2019-06-08 09:02:00,2019-06-11 11:17:00
367461,GSU-1,GSU1,VICTPORTGSU1,VICTPORTGSU1,2019-05-29 12:28:00,2019-05-29 12:28:00,2019-06-08 09:01:00
367462,GSU-2,GSU2,VICTPORTGSU2,VICTPORTGSU2,2019-05-29 12:28:00,2019-05-29 12:28:00,2019-06-08 09:01:00
353596,QN-WS_RCWS,QNWSRCWS,MGQNRCQN,MGQNRC,2018-06-01 00:01:00,2018-06-01 00:01:00,2019-05-31 17:00:00
379937,AT1T,AT1T,ALTAIRAT2T,ALTAIRAT2TH,2019-03-06 00:00:00,2019-03-06 00:00:00,2019-05-30 12:00:00
379936,AT1T,AT1T,ALTAIRAT1T,ALTAIRAT1TH,2019-03-06 00:00:00,2019-03-06 00:00:00,2019-05-30 12:00:00
367462,GSU-2,GSU2,VICTPORTGSU2,VICTPORTGSU2,2019-05-17 16:15:00,2019-05-17 16:15:00,2019-05-27 16:00:00
367461,GSU-1,GSU1,VICTPORTGSU1,VICTPORTGSU1,2019-05-17 16:15:00,2019-05-17 16:15:00,2019-05-27 16:00:00
375368,AT3H,AT3H,MARIONAT3H,MARIONAT3HH,2019-03-20 00:00:00,2019-03-20 00:00:00,2019-05-23 12:01:00
375369,AT3L,AT3L,MARIONAT3L,MARIONAT3HLH,2019-03-20 00:00:00,2019-03-20 00:00:00,2019-05-23 12:01:00
378796,1349T5381,1349T5381,349T5381,349T5381,2019-03-06 00:00:00,2019-03-06 00:00:00,2019-05-23 13:36:00
398219,T1,T1,LOCKETTT1,LOCKETTT1,2019-05-01 00:00:00,2019-05-01 00:00:00,2019-05-21 20:53:00
367461,GSU-1,GSU1,VICTPORTGSU1,VICTPORTGSU1,2019-05-01 06:58:00,2019-05-01 06:58:00,2019-05-17 16:14:00
367462,GSU-2,GSU2,VICTPORTGSU2,VICTPORTGSU2,2019-05-01 06:58:00,2019-05-01 06:58:00,2019-05-17 16:14:00
383450,T2,T2,GOPHERT2,GOPHERT2,2019-03-06 00:00:00,2019-03-06 00:00:00,2019-05-17 13:55:00
383449,T1,T1,GOPHERT1,GOPHERT1,2019-03-06 00:00:00,2019-03-06 00:00:00,2019-05-17 13:42:00
347844,SU_XF_VEALMOOR34507TR1_ST,SUXFVEALMOOR34507TR1ST,VEALMOOR7TR1,VEALMOORVLMTR1H,2019-05-06 17:00:00,2019-05-06 17:00:00,2019-05-15 12:00:00
397830,T1S,T1S,LOTEBUSHT1S,LOTEBUSHT1SHS,2019-04-03 00:00:00,2019-04-03 00:00:00,2019-04-10 15:27:00
397829,T1,T1,LOTEBUSHT1,LOTEBUSHT1HS,2019-04-03 00:00:00,2019-04-03 00:00:00,2019-04-10 15:27:00
382575,RANCHERO_RANCHERO_T1,RANCHERORANCHEROT1,RANCHEROT1,RANCHEROT1,2019-03-06 00:00:00,2019-03-06 00:00:00,2019-03-29 16:00:00
382576,RANCHERO_RANCHERO_T2,RANCHERORANCHEROT2,RANCHEROT2,RANCHEROT2,2019-03-06 00:00:00,2019-03-06 00:00:00,2019-03-29 16:00:00
382828,T1,T1,SHILLST1,SHILLST1,2019-03-06 00:00:00,2019-03-06 00:00:00,2019-04-12 19:00:00
383192,1475T4751,1475T4751,475T4751,475T4751,2019-04-03 00:00:00,2019-04-03 00:00:00,2019-04-03 00:35:00
383793,1332T6201,1332T6201,332T6201,332T6201,2019-05-01 00:00:00,2019-05-01 00:00:00,2019-05-03 14:17:00
371982,SHAFFER_SHAFFER_T1,SHAFFERSHAFFERT1,SHAFFERT1,SHAFFERT1,2019-01-20 12:01:00,2019-01-20 12:01:00,2019-03-27 18:06:00
382828,T1,T1,SHILLST1,SHILLST1,2019-03-29 16:01:00,,
395744,T1,T1,FOARDCTYT1,FOARDCTYT1,2019-04-03 00:00:00,,
395745,T2,T2,FOARDCTYT2,FOARDCTYT2,2019-04-03 00:00:00,,
367462,GSU-2,GSU2,VICTPORTGSU2,VICTPORTGSU2,2018-10-04 00:00:00,2018-10-04 00:00:00,2019-05-01 00:00:00
367461,GSU-1,GSU1,VICTPORTGSU1,VICTPORTGSU1,2018-10-04 00:00:00,2018-10-04 00:00:00,2019-05-01 00:00:00
380955,T2,T2,OVEJAT2,OVEJAT2,2019-02-06 00:00:00,2019-02-06 00:00:00,
380954,T1,T1,OVEJAT1,OVEJAT1,2019-02-06 00:00:00,2019-02-06 00:00:00,
346165,BERGHEAT1,BERGHEAT1,BERGHEAT1H,BERGHEAT1HH,2018-06-01 00:00:00,2018-06-01 00:00:00,2018-06-29 10:13:00
345422,389T3891,389T3891,398T3891,398T3891,2018-06-01 00:00:00,2018-06-01 00:00:00,2018-06-05 12:29:00
346164,BERGHEAT1,BERGHEAT1,BERGHEAT1L,BERGHEAT1LH,2018-06-01 00:00:00,2018-06-01 00:00:00,2018-06-29 10:15:00
12853,T1,T1,GUNMTNT1,GUNMTNGMTNH,2016-02-17 00:00:00,2016-02-17 00:00:00,2016-04-17 16:00:00
94590,907T214631,907T214631,TUNACRSIRIUS1,TUNACRSIRIUS1,2016-05-11 16:01:00,2016-05-11 16:01:00,2016-05-20 13:31:00
81455,COT2,COT2,GRANDVW1COT2,GRANDVW1COLT2H,2016-02-03 00:00:00,2016-02-03 00:00:00,2016-02-19 15:00:00
81372,COT1,COT1,GRANDVW1COT1,GRANDVW1COLT1H,2016-02-03 00:00:00,2016-02-03 00:00:00,2016-02-19 15:00:00
329182,MR2H,MR2H,TCOSWAX1H,TCOSWAXFMR1HH,2017-05-31 16:40:00,2017-05-31 16:40:00,2017-06-20 18:00:00
329307,MR2L,MR2L,TCOSWAX1L,TCOSWAXFMR1LH,2017-05-31 16:40:00,2017-05-31 16:40:00,2017-06-20 18:00:00
81773,AT1,AT1,NIXONAT1,NIXONATH,2015-12-09 00:00:00,2015-12-09 00:00:00,2016-12-07 23:00:00
1529,GS2X,GS2X,REDGATEGS2X,DISCVRIRAAN11,2015-12-09 00:00:00,2015-12-09 00:00:00,2016-08-05 13:30:00
1743,GS2Y,GS2Y,REDGATEGS2Y,ARPTMARYAT1,2015-12-09 00:00:00,2015-12-09 00:00:00,2016-08-05 13:30:00
1117,GS2H,GS2H,REDGATEGS2H,REDGATEGS2H,2015-12-09 00:00:00,2015-12-09 00:00:00,2016-08-05 13:30:00
2061,GS1X,GS1X,REDGATEGS1X,720H,2015-12-09 00:00:00,2015-12-09 00:00:00,2016-08-05 13:30:00
1940,GS1Y,GS1Y,REDGATEGS1Y,MARATHMARYAT11,2015-12-09 00:00:00,2015-12-09 00:00:00,2016-08-05 13:30:00
1974,GS1H,GS1H,REDGATEGS1H,REDGATEGS1H,2015-12-09 00:00:00,2015-12-09 00:00:00,2016-08-05 13:30:00
364643,202T2641,202T2641,202T7541,202T7541,2018-10-10 00:00:00,2018-10-10 00:00:00,2018-11-02 12:26:00
81455,COT2,COT2,GRANDVW1COT2,GRANDVW1COLT2H,2016-02-19 15:01:00,2016-02-19 15:01:00,2016-03-10 14:30:00
81372,COT1,COT1,GRANDVW1COT1,GRANDVW1COLT1H,2016-02-19 15:01:00,2016-02-19 15:01:00,2016-03-10 14:30:00
320953,PS1,PS1,NSHARPEPS3,NSHARPE138PS3B,2016-12-01 00:00:00,2016-12-01 00:00:00,2017-09-28 11:30:00
225795,7TR1,7TR1,EINSTEIN7TR1,EINSTEINENS7TR1H,2016-07-28 00:00:00,2016-07-28 00:00:00,2016-09-30 09:03:00
223507,7TR1,7TR1,PALMITO7TR1,PALMITOPLM7TR1H,2016-02-03 00:00:00,2016-02-03 00:00:00,2016-04-30 18:10:00
364809,AUT1,AUT1,PHARRSVCAUT1,PHARRSVCAUT1H,2018-09-06 00:00:00,2018-09-06 00:00:00,2018-10-31 17:00:00
364817,AUT2,AUT2,PHARRSVCAUT2,PHARRSVCAUT2H,2018-09-06 00:00:00,2018-09-06 00:00:00,2018-10-31 17:00:00
155529,PS2,PS2,780E,780E,2015-10-14 00:00:00,2015-10-14 00:00:00,2016-01-06 17:31:00
358310,G138_8B2,G1388B2,G1388B1,G1388B1,2018-06-01 00:00:00,2018-06-01 00:00:00,2018-12-17 11:53:00
1743,ARPT_MARYAT11,ARPTMARYAT11,REDGATEGS2Y,ARPTMARYAT1,2015-06-11 07:00:00,2015-06-11 07:00:00,2015-07-08 15:15:00
321429,TRF2,TRF2,BORDAS2TRF2,BORDAS2TRF2,2016-10-05 00:00:00,2016-10-05 00:00:00,2016-10-20 16:36:00
319008,Power Transformer AT6,POWERTRANSFORMERAT6,DOWAT6,DOWAT6H,2016-11-09 00:00:00,,
319007,Power Transformer AT6H,POWERTRANSFORMERAT6H,DOWAT6H,DOWAT6HH,2016-11-09 00:00:00,,
298141,TRF1,TRF1,BORDASTRF1,BORDASTRF1,2016-06-08 00:00:00,2016-06-08 00:00:00,2016-06-17 06:43:00
368367,AX1L,AX1L,STNSWAX1L,STNSWAXFMR1LH,2018-10-10 00:00:00,2018-10-10 00:00:00,2018-12-08 18:00:00
368366,AX1H,AX1H,STNSWAX1H,STNSWAXFMR1HH,2018-10-10 00:00:00,2018-10-10 00:00:00,2018-12-08 18:00:00
308003,MPT1,MPT1,LV3MPT1,LV3MPT1,2016-10-03 11:01:00,2016-10-03 11:01:00,2017-02-13 16:37:00
12853,T1,T1,GUNMTNT1,GUNMTNGMTNH,2016-04-17 16:01:00,2016-04-17 16:01:00,2016-05-04 12:18:00
323259,MTP-2,MTP2,SANTACRUMPT2,SANTACRUMPT2,2017-04-05 00:00:00,2017-04-05 00:00:00,2017-06-30 18:10:00
323232,MPT-1,MPT1,SANTACRUMPT1,SANTACRUMPT1,2017-04-05 00:00:00,2017-04-05 00:00:00,2017-06-30 18:10:00
58390,A1,A1,LOBOA3,LOBO3345138H,2016-03-01 00:00:00,2016-03-01 00:00:00,2017-02-28 16:56:00
21497,AT2L,AT2L,GSAT2L,GSAT2LH,2016-04-01 00:00:00,2016-04-01 00:00:00,2016-04-30 12:19:00
329307,AX1L,AX1L,TCOSWAX1L,TCOSWAXFMR1LH,2017-06-20 18:01:00,2017-06-20 18:01:00,2017-06-28 13:02:00
97782,J101,J101,633T6331,633T6331,2015-04-22 00:00:00,2015-04-22 00:00:00,2015-04-24 17:00:00
238285,ELECTRAW_TLINE1,ELECTRAWTLINE1,DIGBYTLINE1,DIGBYTLINE1,2016-10-03 17:01:00,2016-10-03 17:01:00,2016-10-04 14:15:00
218591,MR1H,MR1H,MDSSWMR1H,MDSSWAXFMR1HH,2016-11-23 00:00:00,2016-11-23 00:00:00,2016-12-30 18:10:00
229048,MR1L,MR1L,MDSSWMR1L,MDSSWAXFMR1LH,2016-11-23 00:00:00,2016-11-23 00:00:00,2016-12-30 18:10:00
81773,AT1,AT1,NIXONAT1,NIXONATH,2017-12-07 12:01:00,2017-12-07 12:01:00,2017-12-08 12:00:00
183643,JS04,JS04,24T1381,24T1381,2016-01-19 17:00:00,2016-01-19 17:00:00,2016-02-10 07:20:00
16629,REAC_R3,REACR3,ESMERAFRIEND11,ESMERAFRIEND11,2015-10-16 17:01:00,2015-10-16 17:01:00,2015-11-20 17:00:00
279908,MR4H,MR4H,CAGNONMR4H,CAGNONAXFMR4H,2015-06-01 07:00:00,,
280381,MR4L,MR4L,CAGNONMR4L,CAGNONAXFMR4LH,2015-06-01 07:00:00,,
254103,162H,162H,CLAYTNVL162H,CLAYTNVL6T3162HH,2016-05-25 00:00:00,2016-05-25 00:00:00,2016-06-01 09:45:00
254110,162L,162L,CLAYTNVL162L,CLAYTNVL6T3162LH,2016-05-25 00:00:00,2016-05-25 00:00:00,2016-06-01 09:45:00
329182,AX1H,AX1H,TCOSWAX1H,TCOSWAXFMR1HH,2017-06-20 18:01:00,2017-06-20 18:01:00,2017-06-28 13:03:00
292332,AT1H,AT1H,WOAT1H,WOAT1HH,2016-08-03 00:00:00,,
329182,MR2H,MR2H,TCOSWAX1H,TCOSWAXFMR1HH,2017-05-17 00:00:00,2017-05-17 00:00:00,2017-05-31 16:39:00
329307,MR2L,MR2L,TCOSWAX1L,TCOSWAXFMR1LH,2017-05-17 00:00:00,2017-05-17 00:00:00,2017-05-31 16:39:00
324528,BLANK,BLANK,ASTRATR1,ASTRATR1,2017-02-02 00:00:00,2017-02-02 00:00:00,
366035,STL_T1,STLT1,STELLAT1,STELLAT1,2018-09-06 00:00:00,2018-09-06 00:00:00,2018-09-28 16:00:00
308003,MPT1,MPT1,LV3MPT1,LV3MPT1,2016-06-01 00:00:00,2016-06-01 00:00:00,2016-10-03 11:00:00
347844,SU_XF_VEALMOOR34507TR1_ST,SUXFVEALMOOR34507TR1ST,VEALMOOR7TR1,VEALMOORVLMTR1H,2018-06-01 00:00:00,2018-06-01 00:00:00,2018-06-02 08:20:00
66363,GSU-1,GSU1,CHAMONGSU1,CHAMONGSU1,2017-08-15 09:07:00,2017-08-15 09:07:00,2017-08-18 14:01:00
79056,GSU-2,GSU2,CHAMONGSU2,CHAMONGSU2,2017-08-15 09:07:00,2017-08-15 09:07:00,2017-08-18 14:01:00
97895,AT1,AT1,SASASWAT1,SASASWATH,2016-06-01 00:00:00,2016-06-01 00:00:00,2016-09-23 11:21:00
239781,GSUA,GSUA,SPPKMGSUA,SPPKMGSUA,2015-12-16 00:00:00,,
239956,GSUB,GSUB,SPPKMGSUB,SPPKMGSUB,2015-12-16 00:00:00,,
239957,GSUC,GSUC,SPPKMGSUC,SPPKMGSUC,2015-12-16 00:00:00,,
346071,MR2H,MR2H,HCKSWMR2H,HCKSWAXFMR2HH,2018-03-14 00:00:00,2018-03-14 00:00:00,2018-05-21 16:00:00
346072,MR2L,MR2L,HCKSWMR2L,HCKSWAXFMR2LH,2018-03-14 00:00:00,2018-03-14 00:00:00,2018-05-21 16:00:00
279522,FMR1,FMR1,BULLCRKFMR1,BULLCRKBCXFMR1,2016-12-12 07:30:00,2016-12-12 07:30:00,2016-12-14 16:55:00
58390,A1,A1,LOBOA3,LOBO3345138H,2017-02-28 17:01:00,2017-02-28 16:57:00,2017-07-03 11:24:00
374206,MR4L,MR4L,EVRSWMR4L,EVRSWAXFMR4LH,2018-11-14 00:00:00,2018-11-14 00:00:00,2018-12-28 17:20:00
374205,MR4H,MR4H,EVRSWMR4H,EVRSWAXFMR4HH,2018-11-14 00:00:00,2018-11-14 00:00:00,2018-12-28 17:20:00
66363,GSU-1,GSU1,CHAMONGSU1,CHAMONGSU1,2017-08-31 14:31:00,2017-08-31 14:31:00,2017-09-18 09:46:00
79056,GSU-2,GSU2,CHAMONGSU2,CHAMONGSU2,2017-08-31 14:31:00,2017-08-31 14:31:00,2017-09-18 09:46:00
361531,AUT2,AUT2,PALMASVCAUT2,PALMASVCAUT2H,2018-11-02 18:01:00,2018-11-02 18:01:00,2018-11-20 21:00:00
361523,AUT1,AUT1,PALMASVCAUT1,PALMASVCAUT1H,2018-11-02 18:01:00,2018-11-02 18:01:00,2018-11-20 21:00:00
317479,PS0,PS0,6520G,6520G,2016-10-05 00:00:00,2016-10-05 00:00:00,2017-02-02 07:31:00
358589,PLM7TR2,PLM7TR2,PALMITO7TR2,PALMITO7TR2H,2018-11-02 08:01:00,2018-11-02 08:01:00,2018-11-02 20:00:00
373933,MR1H,MR1H,WSMSWMR1H,WSMSWAXFMR1HH,2018-09-26 00:00:00,2018-09-26 00:00:00,2018-12-27 17:49:00
373934,MR1L,MR1L,WSMSWMR1L,WSMSWAXFMR1LH,2018-09-26 00:00:00,2018-09-26 00:00:00,2018-12-27 17:49:00
98558,AX1L,AX1L,ACSSWAX1L,ACSSWAX1LH,2015-04-22 14:16:00,2015-04-22 14:16:00,2015-05-22 18:00:00
98510,AX1H,AX1H,ACSSWAX1H,ACSSWAX1HH,2015-04-22 14:16:00,2015-04-22 14:16:00,2015-05-22 18:00:00
352496,AT3L,AT3L,THWAT3L,THWAT3LH,2018-03-21 00:01:00,2018-03-21 00:01:00,2018-03-29 16:11:00
352495,AT3,AT3,THWAT3,THWAT3H,2018-03-21 00:01:00,2018-03-21 00:01:00,2018-03-29 16:11:00
334189,TCN7TR2,TCN7TR2,TULECNYN7TR2,TULECNYN345,2018-01-15 00:01:00,2018-01-15 00:01:00,2018-03-09 13:57:00
256181,AT1,AT1,DEERCRAT1,DEERCRATH,2016-02-03 00:00:00,2016-02-03 00:00:00,2016-03-22 18:45:00
273970,A903,A903,AEECA903,AEECA903,2016-08-30 00:00:00,2016-08-30 00:00:00,2016-09-07 09:45:00
273726,A901,A901,AEECA901,AEECA901,2016-08-30 00:00:00,2016-08-30 00:00:00,2016-09-07 09:45:00
273822,A902,A902,AEECA902,AEECA902,2016-08-30 00:00:00,2016-08-30 00:00:00,2016-09-07 09:45:00
66363,GSU-1,GSU1,CHAMONGSU1,CHAMONGSU1,2017-06-01 00:00:00,2017-06-01 00:00:00,2017-08-15 09:06:00
79056,GSU-2,GSU2,CHAMONGSU2,CHAMONGSU2,2017-06-01 00:00:00,2017-06-01 00:00:00,2017-08-15 09:06:00
363104,XFR1,XFR1,OWLSXFR1,OWLS138691HS,2018-09-12 00:00:00,2018-09-12 00:00:00,2018-11-07 11:16:00
48173,MPT1,MPT1,LV5MPT1,LV5MPT1,2015-10-14 00:00:00,2015-10-14 00:00:00,2015-11-04 08:00:00
379013,A2S,A2S,DOWA2S,DOWA2S,2018-11-28 00:00:00,2018-11-28 00:00:00,2018-11-30 18:00:00
379012,A2P,A2P,DOWA2P,DOWA2P,2018-11-28 00:00:00,2018-11-28 00:00:00,2018-11-30 18:00:00
273822,GSU-AET902,GSUAET902,AEECA902,AEECA902,2016-08-15 00:01:00,2016-08-15 00:01:00,2016-08-29 23:59:00
273726,GSU-AET901,GSUAET901,AEECA901,AEECA901,2016-08-15 00:01:00,2016-08-15 00:01:00,2016-08-29 23:59:00
273970,GSU-AET903,GSUAET903,AEECA903,AEECA903,2016-08-15 00:01:00,2016-08-15 00:01:00,2016-08-29 23:59:00
81773,AT1,AT1,NIXONAT1,NIXONATH,2016-12-08 00:00:00,2016-12-08 00:00:00,2017-12-07 12:00:00
327203,DOCTPA021,DOCTPA021,DOCTAP021,DOCTAP021,2017-03-08 12:39:00,2017-03-08 12:39:00,2017-03-21 17:00:00
361523,AUT1,AUT1,PALMASVCAUT1,PALMASVCAUT1H,2018-10-01 13:29:00,2018-10-01 13:29:00,2018-11-02 18:00:00
361531,AUT2,AUT2,PALMASVCAUT2,PALMASVCAUT2H,2018-10-01 13:29:00,2018-10-01 13:29:00,2018-11-02 18:00:00
183643,JS04,JS04,24T1381,24T1381,2016-02-25 13:00:00,2016-02-25 13:00:00,2016-05-05 00:01:00
16629,REAC_R3,REACR3,ESMERAFRIEND11,ESMERAFRIEND11,2015-11-20 17:01:00,2015-11-20 17:01:00,2015-12-01 16:24:00
107357,AT2H,AT2H,FAYETTAT2H,FAYETTAT2HH,2017-02-01 00:00:00,2017-02-01 00:00:00,2017-02-01 00:01:00
363677,AT2H,AT2H,OBAT2H,OBAT2HH,2018-06-13 00:00:00,2018-06-13 00:00:00,2018-09-24 14:00:00
11498,Power Transformer MPT,POWERTRANSFORMERMPT,TYLRWINDMPT,TYLRWINDMPT,2016-09-01 00:00:00,,
335098,BBREEZE_BRU_T2,BBREEZEBRUT2,BBREEZET2,BBREEZET2,2017-09-06 00:00:00,2017-09-06 00:00:00,2017-10-06 16:00:00
335097,BBREEZE_BRU_T1,BBREEZEBRUT1,BBREEZET1,BBREEZET1,2017-09-06 00:00:00,2017-09-06 00:00:00,2017-10-06 16:00:00
371982,SHAFFER_SHAFFER_T1,SHAFFERSHAFFERT1,SHAFFERT1,SHAFFERT1,2019-01-17 00:00:00,2019-01-17 00:00:00,2019-01-17 11:40:00
13348,MR1L,MR1L,HCKSWMR1L,HCKSWAXFMR1LH,2016-12-01 00:00:00,2016-12-01 00:00:00,2016-12-09 17:39:00
4970,MR1H,MR1H,HCKSWMR1H,HCKSWAXFMR1HH,2016-12-01 00:00:00,2016-12-01 00:00:00,2016-12-09 17:39:00
273726,A901,A901,AEECA901,AEECA901,2016-01-06 00:00:00,2016-01-06 00:00:00,2016-08-15 00:00:00
273970,A903,A903,AEECA903,AEECA903,2016-01-06 00:00:00,2016-01-06 00:00:00,2016-08-15 00:00:00
273822,A902,A902,AEECA902,AEECA902,2016-01-06 00:00:00,2016-01-06 00:00:00,2016-08-15 00:00:00
366379,T2,T2,LMESASLRT2,LMESASLRT2,2018-09-06 00:00:00,2018-09-06 00:00:00,2018-09-21 18:00:00
76988,Power Transformer,POWERTRANSFORMER,TWINBUAT2H,TWINBUAT2HH,2016-08-24 00:00:00,,
360927,WICKETT 138/69KV AUTO TNP,WICKETT13869KVAUTOTNP,WICKETTWAT1,WICKETTWKTWAT1HI,2018-06-13 00:00:00,2018-06-13 00:00:00,2018-07-13 21:39:00
368266,T1,T1,WLRANCHT1,WLRANCHT1,2018-10-03 00:00:00,2018-10-03 00:00:00,2018-10-11 17:45:00
321429,TRF2,TRF2,BORDAS2TRF2,BORDAS2TRF2,2016-10-05 00:00:00,,
366331,WAYMARK_WAYMARK_T1,WAYMARKWAYMARKT1,WAYMARKT1,WAYMARKT1H,2018-09-06 00:00:00,2018-09-06 00:00:00,2018-09-22 09:29:00
323379,6150_V,6150V,1535B,1535B,2016-12-14 00:00:00,2016-12-14 00:00:00,2016-12-14 00:01:00
364809,AUT1,AUT1,PHARRSVCAUT1,PHARRSVCAUT1H,2018-11-01 09:40:00,2018-11-01 09:40:00,2018-12-26 22:19:00
364817,AUT2,AUT2,PHARRSVCAUT2,PHARRSVCAUT2H,2018-11-01 09:40:00,2018-11-01 09:40:00,2018-12-26 22:19:00
335098,BBREEZE_BRU_T2,BBREEZEBRUT2,BBREEZET2,BBREEZET2,2017-10-06 16:01:00,2017-10-06 16:01:00,2017-10-19 15:00:00
335097,BBREEZE_BRU_T1,BBREEZEBRUT1,BBREEZET1,BBREEZET1,2017-10-06 16:01:00,2017-10-06 16:01:00,2017-10-19 15:00:00
185333,PS27,PS27,138SDSEPS1,138SDSEPS1,2016-11-01 00:00:00,2016-11-01 00:00:00,2016-11-29 17:38:00
183643,JS04,JS04,24T1381,24T1381,2015-11-18 00:00:00,2015-11-18 00:00:00,2015-11-18 00:01:00
16629,REAC_R3,REACR3,ESMERAFRIEND11,ESMERAFRIEND11,2015-10-07 00:00:00,2015-10-07 00:00:00,2015-10-16 17:00:00
89306,SST2,SST2,SSPURTWOS3T2,SSPURTWOS3T2,2015-04-01 00:00:00,2015-04-01 00:00:00,2015-04-21 11:22:00
89299,SST1,SST1,SSPURTWOS3T1,SSPURTWOS3T1,2015-04-01 00:00:00,2015-04-01 00:00:00,2015-04-21 11:22:00
359136,565_N,565N,567F,567F,2018-05-02 00:00:00,2018-05-02 00:00:00,2018-05-02 00:01:00
358995,FMR1,FMR1,BTTSWFMR1,BTTSWAXFMR1HISIDE,2018-05-16 18:01:00,2018-05-16 18:01:00,2018-07-02 16:54:00
325253,138_69A1L,13869A1L,LARDSTATLSTM,LARDSTATLSTM,2017-04-19 00:00:00,2017-04-19 00:00:00,2017-07-27 08:30:00
344697,AT3H,AT3H,ZENAT3H,ZENAT3HH,2018-05-02 00:00:00,2018-05-02 00:00:00,2018-06-01 19:48:00
344698,AT3,AT3,ZENAT3,ZENAT3H,2018-05-02 00:00:00,2018-05-02 00:00:00,2018-06-01 19:48:00
238285,ELECTRAW_TLINE1,ELECTRAWTLINE1,DIGBYTLINE1,DIGBYTLINE1,2016-09-01 00:00:00,2016-09-01 00:00:00,2016-10-03 17:00:00
6084,T2,T2,DIGBYT2,DIGBYT2H,2016-09-01 00:00:00,2016-09-01 00:00:00,2016-10-03 17:00:00
6037,T1,T1,DIGBYT1,DIGBYT1H,2016-09-01 00:00:00,2016-09-01 00:00:00,2016-10-03 17:00:00
367461,GSU-1,GSU1,VICTPORTGSU1,VICTPORTGSU1,2018-09-06 00:00:00,2018-09-06 00:00:00,2018-09-28 09:22:00
367462,GSU-2,GSU2,VICTPORTGSU2,VICTPORTGSU2,2018-09-06 00:00:00,2018-09-06 00:00:00,2018-09-28 09:22:00
100159,TR1,TR1,HELIOSTR1,HELIOSTR1,2015-07-01 00:00:00,2015-07-01 00:00:00,2015-08-12 12:10:00
334189,TCN7TR2,TCN7TR2,TULECNYN7TR2,TULECNYN345,2017-11-01 00:00:00,2017-11-01 00:00:00,2017-11-13 12:02:00
361523,AUT1,AUT1,PALMASVCAUT1,PALMASVCAUT1H,2018-08-31 16:01:00,2018-08-31 16:01:00,2018-09-28 13:28:00
361531,AUT2,AUT2,PALMASVCAUT2,PALMASVCAUT2H,2018-08-31 16:01:00,2018-08-31 16:01:00,2018-09-28 13:28:00
327087,AT2H,AT2H,JCKAT2H,JCKAT2HH,2017-05-01 00:00:00,2017-05-01 00:00:00,2017-05-02 08:12:00
370926,FMR2,FMR2,BTTSWFMR2,BTTSWAXFMR2HISIDE,2018-10-24 00:00:00,2018-10-24 00:00:00,2018-11-09 18:01:00
358589,PLM7TR2,PLM7TR2,PALMITO7TR2,PALMITO7TR2H,2018-05-16 00:00:00,2018-05-16 00:00:00,2018-10-31 19:00:00
340877,RTS_RTS_T1,RTSRTST1,RTST1,RTST1,2018-02-01 00:00:00,2018-02-01 00:00:00,2018-02-23 09:38:00
18718,COTU,COTU,COTULASCOTU,COTULASHIGH,2015-06-03 00:00:00,2015-06-03 00:00:00,2015-06-26 17:00:00
352312,G138_172,G138172,G138171,G138171,2018-05-08 19:01:00,2018-05-08 19:01:00,2018-05-14 16:44:00
330408,Power Transformer,POWERTRANSFORMER,MASOCTAT3,MASOCTAT3H,2017-09-06 00:00:00,2017-09-06 00:00:00,2017-10-24 18:00:00
94590,907T214631,907T214631,TUNACRSIRIUS1,TUNACRSIRIUS1,2016-03-16 00:00:00,2016-03-16 00:00:00,2016-05-11 16:00:00
371982,SHAFFER_SHAFFER_T1,SHAFFERSHAFFERT1,SHAFFERT1,SHAFFERT1,2018-11-01 00:00:00,2018-11-01 00:00:00,2019-01-16 23:59:00
57711,BEVO,BEVO,BEVOBEVO,BEVOLOW,2014-12-10 00:01:00,2014-12-10 00:01:00,2015-02-18 16:15:00
175279,GAUSS_PANADT11,GAUSSPANADT11,GAUSSSMOKYH11,GAUSSSMOKYH11,2016-08-10 00:00:00,,
370248,XF1L,XF1L,CRSCNXF1L,CRSCNAXFMR1LH,2018-10-03 00:00:00,2018-10-03 00:00:00,2018-12-23 18:00:00
370247,XF1H,XF1H,CRSCNXF1H,CRSCNAXFMR1HH,2018-10-03 00:00:00,2018-10-03 00:00:00,2018-12-23 18:00:00
81773,AT1,AT1,NIXONAT1,NIXONATH,2017-12-08 12:01:00,2017-12-08 12:01:00,2018-09-19 09:58:00
327201,BSTBST021,BSTBST021,DOCDOC361,DOCDOC361,2017-03-08 00:01:00,2017-03-08 00:01:00,2017-03-08 16:55:00
327202,DOCTPB021,DOCTPB021,DOCTAP361,DOCTAP361,2017-03-08 00:01:00,2017-03-08 00:01:00,2017-03-08 16:55:00
330408,Power Transformer,POWERTRANSFORMER,MASOCTAT3,MASOCTAT3H,2017-10-24 18:01:00,2017-10-24 18:01:00,2017-10-25 18:00:00
352312,G138_172,G138172,G138171,G138171,2018-04-18 00:00:00,2018-04-18 00:00:00,2018-05-08 19:00:00
274394,EHA-XF-0001,EHAXF0001,AEEC0003,AEEC0003,2016-08-15 00:01:00,2016-08-15 00:01:00,2016-08-30 23:59:00
368367,AX1L,AX1L,STNSWAX1L,STNSWAXFMR1LH,2018-12-08 18:01:00,2018-12-08 18:01:00,2019-01-11 12:00:00
368366,AX1H,AX1H,STNSWAX1H,STNSWAXFMR1HH,2018-12-08 18:01:00,2018-12-08 18:01:00,2019-01-11 12:00:00
333517,ROCKSP_ROPEC1,ROCKSPROPEC1,ROCKSPROCKSP11,ROCKSPROCKSP11,2017-08-09 00:00:00,,
274394,EHA-XF-0001,EHAXF0001,AEEC0003,AEEC0003,2016-08-31 00:00:00,2016-08-31 00:00:00,2016-08-31 11:46:00
327087,AT2H,AT2H,JCKAT2H,JCKAT2HH,2017-03-08 12:47:00,2017-03-08 12:47:00,2017-04-28 13:04:00
330408,Power Transformer,POWERTRANSFORMER,MASOCTAT3,MASOCTAT3H,2017-10-25 18:01:00,2017-10-25 18:01:00,2017-10-26 08:41:00
366035,STL_T1,STLT1,STELLAT1,STELLAT1,2018-09-28 16:01:00,2018-09-28 16:01:00,2018-10-12 17:51:00
325580,DSW_21051,DSW21051,CHENIEHECKER21,CHENIEHECKER21,2017-05-24 00:00:00,,
325569,CB_21050,CB21050,CHENIEHECKER11,CHENIEHECKER11,2017-05-24 00:00:00,,
367462,GSU-2,GSU2,VICTPORTGSU2,VICTPORTGSU2,2018-09-28 09:23:00,2018-09-28 09:23:00,
367461,GSU-1,GSU1,VICTPORTGSU1,VICTPORTGSU1,2018-09-28 09:23:00,2018-09-28 09:23:00,
371982,SHAFFER_SHAFFER_T1,SHAFFERSHAFFERT1,SHAFFERT1,SHAFFERT1,2019-01-17 11:41:00,2019-01-17 11:41:00,2019-01-20 12:00:00
334189,TCN7TR2,TCN7TR2,TULECNYN7TR2,TULECNYN345,2017-11-13 12:03:00,2017-11-13 12:03:00,2018-01-15 00:00:00
89306,SST2,SST2,SSPURTWOS3T2,SSPURTWOS3T2,2015-06-27 00:00:00,2015-06-27 00:00:00,2015-07-28 10:44:00
89299,SST1,SST1,SSPURTWOS3T1,SSPURTWOS3T1,2015-06-27 00:00:00,2015-06-27 00:00:00,2015-07-28 10:44:00
124041,Power Transformer T2,POWERTRANSFORMERT2,SALTFORKT2,SALTFORKT2H,2016-09-01 00:00:00,,
123345,Power Transformer T1,POWERTRANSFORMERT1,SALTFORKT1,SALTFORKT1H,2016-09-01 00:00:00,,
347844,SU_XF_VEALMOOR34507TR1_ST,SUXFVEALMOOR34507TR1ST,VEALMOOR7TR1,VEALMOORVLMTR1H,2018-06-02 08:27:00,2018-06-02 08:27:00,2018-06-05 08:30:00
364660,6575_I,6575I,6575A,6575A,2018-08-01 00:00:00,2018-07-31 23:41:00,2018-07-31 23:42:00
358995,FMR1,FMR1,BTTSWFMR1,BTTSWAXFMR1HISIDE,2018-05-16 00:00:00,2018-05-16 00:00:00,2018-05-16 18:00:00
225795,7TR1,7TR1,EINSTEIN7TR1,EINSTEINENS7TR1H,2016-12-30 09:04:00,2016-12-30 09:04:00,2017-01-30 14:00:00
361531,AUT2,AUT2,PALMASVCAUT2,PALMASVCAUT2H,2018-08-01 00:00:00,2018-08-01 00:00:00,2018-08-31 16:00:00
361523,AUT1,AUT1,PALMASVCAUT1,PALMASVCAUT1H,2018-08-01 00:00:00,2018-08-01 00:00:00,2018-08-31 16:00:00
223507,7TR1,7TR1,PALMITO7TR1,PALMITOPLM7TR1H,2016-04-30 18:11:00,2016-04-30 18:11:00,2016-06-02 15:59:00
318929,Power Transformer TR2,POWERTRANSFORMERTR2,SIRIUSTR2,SIRIUSTR2,2016-09-01 00:00:00,,
66363,GSU-1,GSU1,CHAMONGSU1,CHAMONGSU1,2017-08-18 14:09:00,2017-08-18 14:09:00,2017-08-18 14:30:00
79056,GSU-2,GSU2,CHAMONGSU2,CHAMONGSU2,2017-08-18 14:09:00,2017-08-18 14:09:00,2017-08-18 14:30:00
223507,7TR1,7TR1,PALMITO7TR1,PALMITOPLM7TR1H,2016-06-02 16:00:00,2016-06-02 16:00:00,2016-06-06 18:10:00
347844,SU_XF_VEALMOOR34507TR1_ST,SUXFVEALMOOR34507TR1ST,VEALMOOR7TR1,VEALMOORVLMTR1H,2018-06-05 08:31:00,2018-06-05 08:31:00,2018-12-31 19:00:00
27933,Power Transformer AT1H,POWERTRANSFORMERAT1H,JORAT1H,JORAT1HH,2016-10-05 00:00:00,,
327932,T1,T1,CASSAVAT1,CASSAVACASA1H,2017-06-07 00:00:00,,
223507,7TR1,7TR1,PALMITO7TR1,PALMITOPLM7TR1H,2016-06-06 18:11:00,2016-06-06 18:11:00,2016-06-10 14:47:00
225795,7TR1,7TR1,EINSTEIN7TR1,EINSTEINENS7TR1H,2016-09-30 09:04:00,2016-09-30 09:04:00,2016-12-30 09:04:00
366379,T2,T2,LMESASLRT2,LMESASLRT2,2018-10-10 16:00:00,2018-10-10 16:00:00,2018-10-10 18:36:00
40958,1580T5801,1580T5801,580T5801,580T5801,2015-01-14 00:00:00,2015-01-14 00:00:00,
347844,SU_XF_VEALMOOR34507TR1_ST,SUXFVEALMOOR34507TR1ST,VEALMOOR7TR1,VEALMOORVLMTR1H,2019-01-02 13:41:00,2019-01-02 13:41:00,
48173,MPT1,MPT1,LV5MPT1,LV5MPT1,2015-11-04 08:01:00,2015-11-04 08:01:00,2015-11-05 14:40:00
80707,XFM1,XFM1,BUCKTHRNXFM1,BUCKTHRNXFM1,2017-06-01 00:00:00,,
324528,BLANK,BLANK,ASTRATR1,ASTRATR1,2017-02-01 00:00:00,2017-02-01 00:00:00,
316941,Power Transformer BLST,POWERTRANSFORMERBLST,BOOTLEGBLST,BOOTLEGBLST,2016-09-01 00:00:00,,
274394,EHA-XF-0001,EHAXF0001,AEEC0003,AEEC0003,2016-01-06 00:00:00,2016-01-06 00:00:00,2016-08-15 00:00:00
