teid,RdfId,PsseType,NodeType,CircuitIdentifier,Name,BusNumber1,BusName1,Substation1,BusNumber2,BusName2,Substation2,EquipmentName,OpEqName,branch_id,branch_name,b1,b2,ckt,DeviceType,FromName,ToName,OP_EQCODE,EQNAME,match_status,opeq_status
70,ebc34287-2028-4c17-8ea2-7ec0fda3a24e,Branch,ACLineSegment,1,6429__C _C 1 138kV,1067,GOLDENSW_8,GLDSW,1315,BRAND_8,BRAND,_C,6429__C,60079044.0,6437_C,,,1,Line,GOLDENSW_8,BRAND_8,6437__C,_C,duplicate_match,different
70,ebc34287-2028-4c17-8ea2-7ec0fda3a24e,Branch,ACLineSegment,1,6429__C _C 1 138kV,1067,GOLDENSW_8,GLDSW,1315,BRAND_8,BRAND,_C,6429__C,60002127.0,6429_C,,,1,Line,GOLDENSW_8,BRAND_8,6429__C,_C,duplicate_match,different
78,13c6fc85-38b1-4fbe-8164-0c5142c68754,Branch,ACLineSegment,1,HIL_WTLK_1 1 1 138kV,501,HILLTOP8,HIL,505,WTHFDLK,WTHFDLK8,1,HIL_WTLK_1,60005322.0,HIL_NWTH,,,1,Line,HILLTOP8,NRTHWTHFRD,HIL_NWTH_1,1,duplicate_match,different
78,13c6fc85-38b1-4fbe-8164-0c5142c68754,Branch,ACLineSegment,1,HIL_WTLK_1 1 1 138kV,501,HILLTOP8,HIL,505,WTHFDLK,WTHFDLK8,1,HIL_WTLK_1,60008360.0,HIL_WTLK1,,,1,Line,HILLTOP8,WTHFDLK,HIL_WTLK_1,1,duplicate_match,different
123,a33ecebb-94c5-4110-b9ea-58e734591a3d,Branch,ACLineSegment,1,NAVO_PNTHR_1 1 1 138kV,649,PNTHRCREEK,PNTHRCRK,35654,PARVIN_TAP2,PARVNTAP,1,PRVNTP_PNTHR_1,60006326.0,NAVO_PNTHR,,,1,Line,PNTHRCREEK,NAVO,NAVO_PNTHR_1,1,duplicate_match,different
123,a33ecebb-94c5-4110-b9ea-58e734591a3d,Branch,ACLineSegment,1,NAVO_PNTHR_1 1 1 138kV,649,PNTHRCREEK,PNTHRCRK,35654,PARVIN_TAP2,PARVNTAP,1,PRVNTP_PNTHR_1,60009428.0,PRVNTP_PNTHR1,,,1,Line,PARVIN_TAP2,PNTHRCREEK,PRVNTP_PNTHR_1,1,duplicate_match,different
162,891f9b89-fc04-4d2c-9dfd-44c431a9ae00,Branch,ACLineSegment,1,895_C C 1 138kV,1809,WOLFECTY_8,WCITY,1810,WOLFCTY_P8,WFPOI,C,895_C,60011504.0,895C,,,1,Line,WOLFECTY_8,WOLFCTY_P8,895_C,C,duplicate_match,different
162,891f9b89-fc04-4d2c-9dfd-44c431a9ae00,Branch,ACLineSegment,1,895_C C 1 138kV,1809,WOLFECTY_8,WCITY,1810,WOLFCTY_P8,WFPOI,C,895_C,60002718.0,890_B,,,1,Line,WOLFECTY_8,WOLFCTY_P8,890__B,_B,duplicate_match,different
267,89328cbc-dea1-4f7e-9727-e67ca4a1516e,Branch,ACLineSegment,1,KINGNW_KNGWTAP_1 1 1 138kV,130732,KING_NW_1_8,KING_NW,130734,KING_NW_8,KNGWTAP,1,KINGNW_KNGWTAP_1,60005633.0,KINGNW_KING_T2,,,1,Line,L_KINGMO8_1Y,KING_NW_1_8,KINGNW_KING_T2_1,1,duplicate_match,different
267,89328cbc-dea1-4f7e-9727-e67ca4a1516e,Branch,ACLineSegment,1,KINGNW_KNGWTAP_1 1 1 138kV,130732,KING_NW_1_8,KING_NW,130734,KING_NW_8,KNGWTAP,1,KINGNW_KNGWTAP_1,60011027.0,KINGNW_KNGWTAP1,,,1,Line,KING_NW_1_8,KING_NW_8,KINGNW_KNGWTAP_1,1,duplicate_match,different
298,d4331b70-03ee-458a-9fda-8ab6ea974573,Branch,ACLineSegment,1,BETHL_BRDSW_1 1 1 69kV,2295,BARDWELL_9,BRDSW,33204,BETHEL2,BETHEL,1,BETHL_BRDSW_1,60008875.0,BETHL_BRDSW1,,,1,Line,BARDWELL_9,BETHEL2,BETHL_BRDSW_1,1,duplicate_match,different
298,d4331b70-03ee-458a-9fda-8ab6ea974573,Branch,ACLineSegment,1,BETHL_BRDSW_1 1 1 69kV,2295,BARDWELL_9,BRDSW,33204,BETHEL2,BETHEL,1,BETHL_BRDSW_1,60003281.0,BETHL_FORE,,,1,Line,BETHEL,FORRESTON,BETHL_FORE_1,1,duplicate_match,different
316,dd6c190b-270c-4f83-ac74-12a8c87fc4fc,Branch,ACLineSegment,1,6513_A _A 1 138kV,1122,ODESSANO_8,ODNTH,1126,ODESSA2_8,ODESA,_A,6513__A,60011481.0,6513_A,,,1,Line,ODESSA2_8,ODESSANO_8,6513__A,_A,duplicate_match,different
316,dd6c190b-270c-4f83-ac74-12a8c87fc4fc,Branch,ACLineSegment,1,6513_A _A 1 138kV,1122,ODESSANO_8,ODNTH,1126,ODESSA2_8,ODESA,_A,6513__A,60002182.0,6475_F,,,1,Line,ODESSANO_8,ODESSA2_8,6475__F,_F,duplicate_match,different
361,f78f8502-760a-42df-a28b-4454eb34026c,Branch,ACLineSegment,1,6512_A _A 1 138kV,1126,ODESSA2_8,ODESA,11127,LIQAIRTP_8,TROTP,_A,6512__A,60002215.0,6510_D,,,1,Line,ODESSA1_8,LIQDAIR_8,6510__D,_D,duplicate_match,different
361,f78f8502-760a-42df-a28b-4454eb34026c,Branch,ACLineSegment,1,6512_A _A 1 138kV,1126,ODESSA2_8,ODESA,11127,LIQAIRTP_8,TROTP,_A,6512__A,60011482.0,6512_A,,,1,Line,ODESSA2_8,LIQAIRTP_8,6512__A,_A,duplicate_match,different
362,cf60804e-29ac-4a9d-a2bc-cc2987356350,Branch,ACLineSegment,1,LONEWOLF_1 1 1 345kV,1414,CHAMPNCRK_5,CCRSW,181153,LONEWOLF_1_5,LONEWOLF,1,LONEWOLF_TLINE_1,60011187.0,LONEWOLF_TLINE1,,,1,Line,CHAMPNCRK_5,LONEWOLF_1_5,LONEWOLF_TLINE_1,1,duplicate_match,different
362,cf60804e-29ac-4a9d-a2bc-cc2987356350,Branch,ACLineSegment,1,LONEWOLF_1 1 1 345kV,1414,CHAMPNCRK_5,CCRSW,181153,LONEWOLF_1_5,LONEWOLF,1,LONEWOLF_TLINE_1,60005918.0,LONEWOLF,,,1,Line,CHAMPNCRK_5,LONEWOLF_1_5,LONEWOLF_1,1,duplicate_match,different
423,ff588855-6c64-4378-967a-738cafe022f9,Branch,ACLineSegment,1,685_B _B 1 138kV,1816,COMM_SW_8,COMSW,1819,COMM_S1_8,COMSO,_B,685__B,60114829.0,685_B,,,1,Line,COMM_S1_8,COMM_SW_8,685__B,_B,duplicate_match,different
423,ff588855-6c64-4378-967a-738cafe022f9,Branch,ACLineSegment,1,685_B _B 1 138kV,1816,COMM_SW_8,COMSW,1819,COMM_S1_8,COMSO,_B,685__B,60002704.0,870_A,,,1,Line,COMM_SW_8,COMM_S1_8,870__A,_A,duplicate_match,different
431,1477c6bf-23ed-47a2-ad3c-64348ae8f7c2,Branch,ACLineSegment,1,AZTECA_HEC1_1 1 1 138kV,8708,AZTECA4A,AZTECA,8963,HEC4A,HEC,1,AZTECA_HEC1_1,60003148.0,AZTECA_DUKE1,,,1,Line,AZTECA4,HEC4A,AZTECA_DUKE1_1,1,duplicate_match,different
431,1477c6bf-23ed-47a2-ad3c-64348ae8f7c2,Branch,ACLineSegment,1,AZTECA_HEC1_1 1 1 138kV,8708,AZTECA4A,AZTECA,8963,HEC4A,HEC,1,AZTECA_HEC1_1,60009181.0,AZTECA_HEC11,,,1,Line,AZTECA4A,HEC4A,AZTECA_HEC1_1,1,duplicate_match,different
450,6820d533-722a-4f5f-b44a-071fac99beae,Branch,ACLineSegment,1,904T485_1 1 1 138kV,8355,GOODWIN4A,GOODWIN,8980,FRONTERA4A,FRONTERA,1,904T485_1,60000367.0,13998T485,,,1,Line,GOODWIN4A,FRONTERA4A,13998T485_1,1,duplicate_match,different
450,6820d533-722a-4f5f-b44a-071fac99beae,Branch,ACLineSegment,1,904T485_1 1 1 138kV,8355,GOODWIN4A,GOODWIN,8980,FRONTERA4A,FRONTERA,1,904T485_1,60008713.0,904T4851,,,1,Line,FRONTERA4A,GOODWIN4A,904T485_1,1,duplicate_match,different
540,a4bde4b9-0c7d-4bef-a91d-68e6163a0434,Branch,ACLineSegment,1,ASPM_PAINTC1_1 1 1 138kV,6158,ASPM4A,ASPM,6161,PAINTCRE4A,PAINTCRE,1,ASPM_PAINTC1_1,60008426.0,ASPM_PAINTC11,,,1,Line,ASPM4A,PAINTCRE4A,ASPM_PAINTC1_1,1,duplicate_match,different
540,a4bde4b9-0c7d-4bef-a91d-68e6163a0434,Branch,ACLineSegment,1,ASPM_PAINTC1_1 1 1 138kV,6158,ASPM4A,ASPM,6161,PAINTCRE4A,PAINTCRE,1,ASPM_PAINTC1_1,60003102.0,ASPM_PAIP1,,,1,Line,ASPM4A,PAIP4A,ASPM_PAIP1_1,1,duplicate_match,different
545,75170988-729c-449b-a43a-66d8f6c71422,Branch,ACLineSegment,1,REBECC_WYLE1_1 1 1 138kV,6257,REBECCA4A,REBECCA,6261,WYLE4A,WYLE,1,REBECC_WYLE1_1,60002876.0,ABRL_WYLE1,,,1,Line,ABRL4A,WYLE4A,ABRL_WYLE1_1,1,duplicate_match,different
545,75170988-729c-449b-a43a-66d8f6c71422,Branch,ACLineSegment,1,REBECC_WYLE1_1 1 1 138kV,6257,REBECCA4A,REBECCA,6261,WYLE4A,WYLE,1,REBECC_WYLE1_1,60009058.0,REBECC_WYLE11,,,1,Line,REBECCA4A,WYLE4A,REBECC_WYLE1_1,1,duplicate_match,different
547,50616555-d6b2-4300-a5c9-8b473ab09fde,Branch,ACLineSegment,1,SAPOWE_SOUTHL1_1 1 1 138kV,6480,SAPOWER4B,SAPOWER,6481,SOUTHLAN4A,SOUTHLAN,1,SAPOWE_SOUTHL1_1,60008077.0,SAPOWE_SOUTHL11,,,1,Line,SAPOWER4B,SOUTHLAN4A,SAPOWE_SOUTHL1_1,1,duplicate_match,different
547,50616555-d6b2-4300-a5c9-8b473ab09fde,Branch,ACLineSegment,1,SAPOWE_SOUTHL1_1 1 1 138kV,6480,SAPOWER4B,SAPOWER,6481,SOUTHLAN4A,SOUTHLAN,1,SAPOWE_SOUTHL1_1,60087067.0,SAPS_SASH11,,,1,Line,SAPS4B,SASH4A,SAPS_SASH1_1,1,duplicate_match,different
551,128da197-64ab-496a-a7fb-4f40703c20cf,Branch,ACLineSegment,1,PAULAN_REDCRE1_1 1 1 138kV,6442,REDCREEK4A,REDCREEK,6447,PAULANN4A,PAULANN,1,PAULAN_REDCRE1_1,60085555.0,PAULAN_SARC11,,,1,Line,PAULANN4A,SARC4A,PAULAN_SARC1_1,1,duplicate_match,different
551,128da197-64ab-496a-a7fb-4f40703c20cf,Branch,ACLineSegment,1,PAULAN_REDCRE1_1 1 1 138kV,6442,REDCREEK4A,REDCREEK,6447,PAULANN4A,PAULANN,1,PAULAN_REDCRE1_1,60006620.0,PAULAN_REDCRE11,,,1,Line,REDCREEK4A,PAULANN4A,PAULAN_REDCRE1_1,1,duplicate_match,different
553,44415b32-f0a0-44f5-aafb-0f68fc27a495,Branch,ACLineSegment,1,SACH_SOUTHL1_1 1 1 138kV,6470,SACH4A,SACH,6481,SOUTHLAN4A,SOUTHLAN,1,SACH_SOUTHL1_1,60007041.0,SACH_SASH1,,,1,Line,SACH4A,SASH4A,SACH_SASH1_1,1,duplicate_match,different
553,44415b32-f0a0-44f5-aafb-0f68fc27a495,Branch,ACLineSegment,1,SACH_SOUTHL1_1 1 1 138kV,6470,SACH4A,SACH,6481,SOUTHLAN4A,SOUTHLAN,1,SACH_SOUTHL1_1,60008075.0,SACH_SOUTHL11,,,1,Line,SOUTHLAN4A,SACH4A,SACH_SOUTHL1_1,1,duplicate_match,different
554,7d4ed157-ee5b-454a-af0a-ba967045d2ab,Branch,ACLineSegment,1,PAULAN_SANORT1_1 1 1 138kV,6447,PAULANN4A,PAULANN,6464,SANORTH4A,SANORTH,1,PAULAN_SANORT1_1,60008430.0,PAULAN_SANORT11,,,1,Line,SANORTH4A,PAULANN4A,PAULAN_SANORT1_1,1,duplicate_match,different
554,7d4ed157-ee5b-454a-af0a-ba967045d2ab,Branch,ACLineSegment,1,PAULAN_SANORT1_1 1 1 138kV,6447,PAULANN4A,PAULANN,6464,SANORTH4A,SANORTH,1,PAULAN_SANORT1_1,60006621.0,PAULAN_SANO1,,,1,Line,PAULANN4A,SANO4A,PAULAN_SANO1_1,1,duplicate_match,different
560,39ca58d8-abf4-4bd5-8f2e-c6c13e54bedb,Branch,ACLineSegment,1,BLUF_C_SOUTHA1_1 1 1 138kV,6216,BLF_CRK4A,BLUF_CRK,6260,SOUTHABI4A,SOUTHABI,1,BLUF_C_SOUTHA1_1,60002879.0,ABSO_BLUF_C1,,,1,Line,ABSO4A,BLF_CRK4C,ABSO_BLUF_C1_1,1,duplicate_match,different
560,39ca58d8-abf4-4bd5-8f2e-c6c13e54bedb,Branch,ACLineSegment,1,BLUF_C_SOUTHA1_1 1 1 138kV,6216,BLF_CRK4A,BLUF_CRK,6260,SOUTHABI4A,SOUTHABI,1,BLUF_C_SOUTHA1_1,60009065.0,BLUF_C_SOUTHA11,,,1,Line,BLF_CRK4A,SOUTHABI4A,BLUF_C_SOUTHA1_1,1,duplicate_match,different
562,a6776637-b516-40ae-ba40-a237e1fd10ba,Branch,ACLineSegment,1,ABEAST_MAPLES1_1 1 1 138kV,6275,ABEAST4A,ABEAST,6290,MAPLESTR4A,MAPLESTR,1,ABEAST_MAPLES1_1,60079116.0,ABEA_ABMS11,,,1,Line,ABEA4A,ABMS4A,ABEA_ABMS1_1,1,duplicate_match,different
562,a6776637-b516-40ae-ba40-a237e1fd10ba,Branch,ACLineSegment,1,ABEAST_MAPLES1_1 1 1 138kV,6275,ABEAST4A,ABEAST,6290,MAPLESTR4A,MAPLESTR,1,ABEAST_MAPLES1_1,60009071.0,ABEAST_MAPLES11,,,1,Line,MAPLESTR4A,ABEAST4A,ABEAST_MAPLES1_1,1,duplicate_match,different
564,6aa05134-49e6-458e-8b46-5fed2e83ea56,Branch,ACLineSegment,1,SHARPT_WYLE1_1_ 1 1 138kV,6261,WYLE4A,WYLE,6315,SHARPTAP4A,SHARPTAP,1,SHARPT_WYLE1_1,60064538.0,SHARPT_WYLE11,,,1,Line,WYLE4A,SHARPTAP4A,SHARPT_WYLE1_1,1,duplicate_match,different
564,6aa05134-49e6-458e-8b46-5fed2e83ea56,Branch,ACLineSegment,1,SHARPT_WYLE1_1_ 1 1 138kV,6261,WYLE4A,WYLE,6315,SHARPTAP4A,SHARPTAP,1,SHARPT_WYLE1_1,60007176.0,SHARPT_WYLE1,,,1,Line,WYLE4A,SHARPTAP4A,SHARPT_WYLE1_1_,1_,duplicate_match,different
565,36f12f47-bf41-4d3c-a3a9-89031053d007,Branch,ACLineSegment,1,ORNT_REDCRE1_1 1 1 138kV,6441,ORNT4A,ORNT,6442,REDCREEK4A,REDCREEK,1,ORNT_REDCRE1_1,60085384.0,ORNT_SARC11,,,1,Line,ORNT4A,SARC4A,ORNT_SARC1_1,1,duplicate_match,different
565,36f12f47-bf41-4d3c-a3a9-89031053d007,Branch,ACLineSegment,1,ORNT_REDCRE1_1 1 1 138kV,6441,ORNT4A,ORNT,6442,REDCREEK4A,REDCREEK,1,ORNT_REDCRE1_1,60006552.0,ORNT_REDCRE11,,,1,Line,ORNT4A,REDCREEK4A,ORNT_REDCRE1_1,1,duplicate_match,different
566,d37e9e8e-25b8-471c-b2cf-a3025fd60059,Branch,ACLineSegment,1,LAKEDR_SANORT1_1 1 1 138kV,6464,SANORTH4A,SANORTH,6482,LAKEDRIV4A,LAKEDRIV,1,LAKEDR_SANORT1_1,60007050.0,SALD_SANO1,,,1,Line,SANO4A,SALD4A,SALD_SANO1_1,1,duplicate_match,different
566,d37e9e8e-25b8-471c-b2cf-a3025fd60059,Branch,ACLineSegment,1,LAKEDR_SANORT1_1 1 1 138kV,6464,SANORTH4A,SANORTH,6482,LAKEDRIV4A,LAKEDRIV,1,LAKEDR_SANORT1_1,60008679.0,LAKEDR_SANORT11,,,1,Line,LAKEDRIV4A,SANORTH4A,LAKEDR_SANORT1_1,1,duplicate_match,different
570,100a7397-51d7-4ec9-8859-a90ee1fb95e5,Branch,ACLineSegment,1,BLUFFS_LAKEDR1_1 1 1 138kV,6482,LAKEDRIV4A,LAKEDRIV,60771,SABLUFF4,BLUFFS,1,BLUFFS_LAKEDR1_1,60008680.0,BLUFFS_LAKEDR11,,,1,Line,SABLUFF4,LAKEDRIV4A,BLUFFS_LAKEDR1_1,1,duplicate_match,different
570,100a7397-51d7-4ec9-8859-a90ee1fb95e5,Branch,ACLineSegment,1,BLUFFS_LAKEDR1_1 1 1 138kV,6482,LAKEDRIV4A,LAKEDRIV,60771,SABLUFF4,BLUFFS,1,BLUFFS_LAKEDR1_1,60003389.0,BLUFFS_SALD1,,,1,Line,SALD4A,SABLUFF4,BLUFFS_SALD1_1,1,duplicate_match,different
571,ee3ce8db-4020-4bf8-b18b-4dc6abd2c8b5,Branch,ACLineSegment,1,LCRANE_RIOPEC1_1 1 1 138kV,6601,RIOPECOS4A,RIOPECOS,76615,L_LCRANE8_1Y,LCRANE,1,LCRANE_RIOPEC1_1,60083775.0,LCRANE_RIOP11,,,1,Line,,,LCRANE_RIOP1_1,1,duplicate_match,different
571,ee3ce8db-4020-4bf8-b18b-4dc6abd2c8b5,Branch,ACLineSegment,1,LCRANE_RIOPEC1_1 1 1 138kV,6601,RIOPECOS4A,RIOPECOS,76615,L_LCRANE8_1Y,LCRANE,1,LCRANE_RIOPEC1_1,60005772.0,LCRANE_RIOPEC11,,,1,Line,L_LCRANE8_1Y,RIOPECOS4A,LCRANE_RIOPEC1_1,1,duplicate_match,different
580,775db8ca-ed8d-4ef0-9e5e-4a4f90ec5ccc,Branch,ACLineSegment,1,R5_KENDL_1 1 1 345kV,5056,CAGNON_5,CAGNON,7046,L_KENDAL5_1Y,KENDAL,1,R5_KENDL_1,60009568.0,R5_KENDL1,,,1,Line,L_KENDAL5_1Y,CAGNON_5,R5_KENDL_1,1,duplicate_match,different
580,775db8ca-ed8d-4ef0-9e5e-4a4f90ec5ccc,Branch,ACLineSegment,1,R5_KENDL_1 1 1 345kV,5056,CAGNON_5,CAGNON,7046,L_KENDAL5_1Y,KENDAL,1,R5_KENDL_1,60001568.0,459T459,,,1,Line,CAGNON_5,L_KENDAL5_1Y,459T459_1,1,duplicate_match,different
591,dec62fff-f0a0-490b-9d36-1aa53f458f02,Branch,ACLineSegment,1,BENFIC_REDCRE1_1 1 1 138kV,6442,REDCREEK4A,REDCREEK,6473,BENFICKL4A,BENFICKL,1,BENFIC_REDCRE1_1,60008068.0,BENFIC_REDCRE11,,,1,Line,BENFICKL4A,REDCREEK4A,BENFIC_REDCRE1_1,1,duplicate_match,different
591,dec62fff-f0a0-490b-9d36-1aa53f458f02,Branch,ACLineSegment,1,BENFIC_REDCRE1_1 1 1 138kV,6442,REDCREEK4A,REDCREEK,6473,BENFICKL4A,BENFICKL,1,BENFIC_REDCRE1_1,60080056.0,BENF_SARC11,,,1,Line,BENF4A,SARC4A,BENF_SARC1_1,1,duplicate_match,different
596,8a991fca-e197-4c96-96a8-c60f943d49ef,Branch,ACLineSegment,1,MAPLES_SOUTHA1_1 1 1 138kV,6260,SOUTHABI4A,SOUTHABI,6290,MAPLESTR4A,MAPLESTR,1,MAPLES_SOUTHA1_1,60079159.0,ABMS_ABSO11,,,1,Line,ABSO4A,ABMS4A,ABMS_ABSO1_1,1,duplicate_match,different
596,8a991fca-e197-4c96-96a8-c60f943d49ef,Branch,ACLineSegment,1,MAPLES_SOUTHA1_1 1 1 138kV,6260,SOUTHABI4A,SOUTHABI,6290,MAPLESTR4A,MAPLESTR,1,MAPLES_SOUTHA1_1,60009061.0,MAPLES_SOUTHA11,,,1,Line,MAPLESTR4A,SOUTHABI4A,MAPLES_SOUTHA1_1,1,duplicate_match,different
600,a3f4cafd-8c49-43db-a4eb-c6504bf6fcae,Branch,ACLineSegment,1,HAMLIN_HAMR1_1 1 1 69kV,6183,HAMR2A,HAMR,6185,HAMLIN2A,HAMLIN,1,HAMLIN_HAMR1_1,60005208.0,HAML_HAMR1,,,1,Line,HAMR2A,HAML2A,HAML_HAMR1_1,1,duplicate_match,different
600,a3f4cafd-8c49-43db-a4eb-c6504bf6fcae,Branch,ACLineSegment,1,HAMLIN_HAMR1_1 1 1 69kV,6183,HAMR2A,HAMR,6185,HAMLIN2A,HAMLIN,1,HAMLIN_HAMR1_1,60008045.0,HAMLIN_HAMR11,,,1,Line,HAMR2A,HAMLIN2A,HAMLIN_HAMR1_1,1,duplicate_match,different
628,f190564f-9fac-4050-9eb7-02d4857ed21c,Branch,ACLineSegment,1,AFTON_ROARIN1_1 1 1 69kV,6141,ROARINGS2A,ROARINGS,6142,AFTON2A,AFTON,1,AFTON_ROARIN1_1,60009021.0,AFTON_ROARIN11,,,1,Line,AFTON2A,ROARINGS2A,AFTON_ROARIN1_1,1,duplicate_match,different
628,f190564f-9fac-4050-9eb7-02d4857ed21c,Branch,ACLineSegment,1,AFTON_ROARIN1_1 1 1 69kV,6141,ROARINGS2A,ROARINGS,6142,AFTON2A,AFTON,1,AFTON_ROARIN1_1,60002923.0,AFTO_ROAR1,,,1,Line,ROAR2A,AFTO2A,AFTO_ROAR1_1,1,duplicate_match,different
634,4446e512-5161-476f-9a73-db72b37a77be,Branch,ACLineSegment,1,SANDRO_VERS1_1 1 1 69kV,6063,SANDROAD2A,SANDROAD,6064,VERS2A,VERS,1,SANDRO_VERS1_1,60007077.0,SANDRO_VERS11,,,1,Line,VERS2A,SANDROAD2A,SANDRO_VERS1_1,1,duplicate_match,different
634,4446e512-5161-476f-9a73-db72b37a77be,Branch,ACLineSegment,1,SANDRO_VERS1_1 1 1 69kV,6063,SANDROAD2A,SANDROAD,6064,VERS2A,VERS,1,SANDRO_VERS1_1,60086907.0,SAND_VERS11,,,1,Line,,,SAND_VERS1_1,1,duplicate_match,different
636,09b37471-e46b-45fd-8719-93362df403b7,Branch,ACLineSegment,1,ESTELL_TURKEY1_1 1 1 69kV,6023,ESTELLIN2A,ESTELLIN,6024,TURK2A,TURKEY,1,ESTELL_TURKEY1_1,60004614.0,ESTL_TURKEY1,,,1,Line,ESTL2A,TURK2A,ESTL_TURKEY1_1,1,duplicate_match,different
636,09b37471-e46b-45fd-8719-93362df403b7,Branch,ACLineSegment,1,ESTELL_TURKEY1_1 1 1 69kV,6023,ESTELLIN2A,ESTELLIN,6024,TURK2A,TURKEY,1,ESTELL_TURKEY1_1,60008036.0,ESTELL_TURKEY11,,,1,Line,TURK2A,ESTELLIN2A,ESTELL_TURKEY1_1,1,duplicate_match,different
637,ee969d51-58a5-4cf3-b834-cb16752e290f,Branch,ACLineSegment,1,RIOPEC_SCROSS1_1 1 1 69kV,6594,SCROSSTP2A,SCROSSTP,6598,RIOPECOS2A,RIOPECOS,1,RIOPEC_SCROSS1_1,60006952.0,RIOPEC_SCROSS11,,,1,Line,RIOPECOS2A,SCROSSTP2A,RIOPEC_SCROSS1_1,1,duplicate_match,different
637,ee969d51-58a5-4cf3-b834-cb16752e290f,Branch,ACLineSegment,1,RIOPEC_SCROSS1_1 1 1 69kV,6594,SCROSSTP2A,SCROSSTP,6598,RIOPECOS2A,RIOPECOS,1,RIOPEC_SCROSS1_1,60086539.0,RIOP_SCROSS11,,,1,Line,,,RIOP_SCROSS1_1,1,duplicate_match,different
638,5fc4ca75-d57c-4cd8-9cb8-2984371bd3ae,Branch,ACLineSegment,1,AVENUE_SAPOWE1_1 1 1 69kV,6471,AVENUEN2A,AVENUEN,6478,SAPOWER2A,SAPOWER,1,AVENUE_SAPOWE1_1,60086719.0,SAAN_SAPS11,,,1,Line,SAPS2A,SAAN2A,SAAN_SAPS1_1,1,duplicate_match,different
638,5fc4ca75-d57c-4cd8-9cb8-2984371bd3ae,Branch,ACLineSegment,1,AVENUE_SAPOWE1_1 1 1 69kV,6471,AVENUEN2A,AVENUEN,6478,SAPOWER2A,SAPOWER,1,AVENUE_SAPOWE1_1,60010224.0,AVENUE_SAPOWE11,,,1,Line,SAPOWER2A,AVENUEN2A,AVENUE_SAPOWE1_1,1,duplicate_match,different
641,d245a4da-8a86-4601-a7f2-b6f0e37007a9,Branch,ACLineSegment,1,CEDRHI_EDIT1_1 1 1 69kV,6422,EDIT2A,EDIT,6423,CEDRHILL2A,CEDRHILL,1,CEDRHI_EDIT1_1,60008064.0,CEDRHI_EDIT11,,,1,Line,CEDRHILL2A,EDIT2A,CEDRHI_EDIT1_1,1,duplicate_match,different
641,d245a4da-8a86-4601-a7f2-b6f0e37007a9,Branch,ACLineSegment,1,CEDRHI_EDIT1_1 1 1 69kV,6422,EDIT2A,EDIT,6423,CEDRHILL2A,CEDRHILL,1,CEDRHI_EDIT1_1,60003750.0,CEDH_EDIT1,,,1,Line,EDIT2A,CEDH2A,CEDH_EDIT1_1,1,duplicate_match,different
644,54e5fc74-fdf6-4326-8ffe-d036e79cbcab,Branch,ACLineSegment,1,SHARPT_SOUTHA1_1_ 1 1 138kV,6260,SOUTHABI4A,SOUTHABI,6315,SHARPTAP4A,SHARPTAP,1,SHARPT_SOUTHA1_1,60002883.0,ABSO_SHARPT1,,,1,Line,ABSO4A,SHARPTAP4A,ABSO_SHARPT1_1_,1_,duplicate_match,different
644,54e5fc74-fdf6-4326-8ffe-d036e79cbcab,Branch,ACLineSegment,1,SHARPT_SOUTHA1_1_ 1 1 138kV,6260,SOUTHABI4A,SOUTHABI,6315,SHARPTAP4A,SHARPTAP,1,SHARPT_SOUTHA1_1,60064537.0,SHARPT_SOUTHA11,,,1,Line,SHARPTAP4A,SOUTHABI4A,SHARPT_SOUTHA1_1,1,duplicate_match,different
656,d5f57448-b28d-4c65-bd25-63b78d67a286,Branch,ACLineSegment,1,JUNCTI_KMJC1_1 1 1 69kV,6400,JUNCTION2A,JUNCTION,60091,KMJCR,KMJC,1,JUNCTI_KMJC1_1,60009104.0,JUNCTI_KMJC11,,,1,Line,KMJCR,JUNCTION2A,JUNCTI_KMJC1_1,1,duplicate_match,different
656,d5f57448-b28d-4c65-bd25-63b78d67a286,Branch,ACLineSegment,1,JUNCTI_KMJC1_1 1 1 69kV,6400,JUNCTION2A,JUNCTION,60091,KMJCR,KMJC,1,JUNCTI_KMJC1_1,60005573.0,JUNC_KMJC1,,,1,Line,JUNC2A,KMJCR,JUNC_KMJC1_1,1,duplicate_match,different
658,4cb17799-df0b-461a-bd69-e83c9a5380cc,Branch,ACLineSegment,1,CONCHO_SAEM1_1 1 1 69kV,6450,CONCHO2A,CONCHO,6457,SAEM2A,SAEM,1,CONCHO_SAEM1_1,60004053.0,CONCHO_SAEM11,,,1,Line,CONCHO2A,SAEM2A,CONCHO_SAEM1_1,1,duplicate_match,different
658,4cb17799-df0b-461a-bd69-e83c9a5380cc,Branch,ACLineSegment,1,CONCHO_SAEM1_1 1 1 69kV,6450,CONCHO2A,CONCHO,6457,SAEM2A,SAEM,1,CONCHO_SAEM1_1,60086790.0,SACO_SAEM11,,,1,Line,SACO2A,SAEM2A,SACO_SAEM1_1,1,duplicate_match,different
690,aabc4f3a-b4cb-42b5-921f-733f16523974,Branch,ACLineSegment,1,TALPAA_VALE1_1 1 1 69kV,6343,TALPATL2A,TALPAATL,6344,VALE2A,VALE,1,TALPAA_VALE1_1,60007465.0,TALPAA_VALE11,,,1,Line,VALE2A,TALPATL2A,TALPAA_VALE1_1,1,duplicate_match,different
690,aabc4f3a-b4cb-42b5-921f-733f16523974,Branch,ACLineSegment,1,TALPAA_VALE1_1 1 1 69kV,6343,TALPATL2A,TALPAATL,6344,VALE2A,VALE,1,TALPAA_VALE1_1,60079791.0,ATTA_VALE11,,,1,Line,TALPATL2,VALE2A,ATTA_VALE1_1,1,duplicate_match,different
696,72da1516-0fd3-4957-acef-ef2baef8f35b,Branch,ACLineSegment,1,ALMC_VALENT1_1 1 1 69kV,6677,VALENTIN2A,VALENTIN,6678,ALMC2A,ALMC,1,ALMC_VALENT1_1,60009638.0,ALMC_VALENT11,,,1,Line,VALENTIN2A,ALMC2A,ALMC_VALENT1_1,1,duplicate_match,different
696,72da1516-0fd3-4957-acef-ef2baef8f35b,Branch,ACLineSegment,1,ALMC_VALENT1_1 1 1 69kV,6677,VALENTIN2A,VALENTIN,6678,ALMC2A,ALMC,1,ALMC_VALENT1_1,60002999.0,ALMC_VALT1,,,1,Line,VALT2A,ALMC2A,ALMC_VALT1_1,1,duplicate_match,different
697,b27ff25f-f6d0-47d8-83f1-19a9cfcdc5de,Branch,ACLineSegment,1,ABPOWE_OVERST1_1 1 1 69kV,6272,OVERSTRE2A,OVERSTRE,6282,ABPOWERS2A,ABPOWERS,1,ABPOWE_OVERST1_1,60009070.0,ABPOWE_OVERST11,,,1,Line,OVERSTRE2A,ABPOWERS2A,ABPOWE_OVERST1_1,1,duplicate_match,different
697,b27ff25f-f6d0-47d8-83f1-19a9cfcdc5de,Branch,ACLineSegment,1,ABPOWE_OVERST1_1 1 1 69kV,6272,OVERSTRE2A,OVERSTRE,6282,ABPOWERS2A,ABPOWERS,1,ABPOWE_OVERST1_1,60002865.0,ABOV_ABPG1,,,1,Line,ABOV2A,ABPG2A,ABOV_ABPG1_1,1,duplicate_match,different
698,ce01ea5e-8f8a-4ae0-af19-028450f30017,Branch,ACLineSegment,1,ALPINE_PAIS1_1 1 1 69kV,6666,ALPINE2A,ALPINE,6667,PAIS2A,PAIS,1,ALPINE_PAIS1_1,60008692.0,ALPINE_PAIS11,,,1,Line,ALPINE2A,PAIS2A,ALPINE_PAIS1_1,1,duplicate_match,different
698,ce01ea5e-8f8a-4ae0-af19-028450f30017,Branch,ACLineSegment,1,ALPINE_PAIS1_1 1 1 69kV,6666,ALPINE2A,ALPINE,6667,PAIS2A,PAIS,1,ALPINE_PAIS1_1,60003010.0,ALPI_PAIS1,,,1,Line,ALPI2A,PAIS2A,ALPI_PAIS1_1,1,duplicate_match,different
767,19c14af8-8066-4a1f-8673-0eacf799b6fa,Branch,ACLineSegment,1,1075_C _C 1 138kV,2036,KELLER2_T8,KLRTP,33565,KELLER2,KELLR,_C,1075__C,60092053.0,1075_C,,,1,Line,KELLER2_T8,KELLER2,1075__C,_C,duplicate_match,different
767,19c14af8-8066-4a1f-8673-0eacf799b6fa,Branch,ACLineSegment,1,1075_C _C 1 138kV,2036,KELLER2_T8,KLRTP,33565,KELLER2,KELLR,_C,1075__C,60000056.0,1055_K,,,1,Line,KELLER,KELLER2_T8,1055__K,_K,duplicate_match,different
770,ce566ac0-c127-4dfe-b8a9-716b76ef1589,Branch,ACLineSegment,1,1085_C _C 1 138kV,2026,CLYVIL1_T8,CLYTP,2050,BEDFORD1_8,BDFRD,_C,1085__C,60092055.0,1085_C,,,1,Line,CLYVIL1_T8,BEDFORD1_8,1085__C,_C,duplicate_match,different
770,ce566ac0-c127-4dfe-b8a9-716b76ef1589,Branch,ACLineSegment,1,1085_C _C 1 138kV,2026,CLYVIL1_T8,CLYTP,2050,BEDFORD1_8,BDFRD,_C,1085__C,60000066.0,1060_C_OldTeid,,,1,Line,CLYVIL1_T8,BEDFORD1_8,1060__C_OldTeid,_C,duplicate_match,different
771,95a7b66a-2c70-4346-8486-423938c6a46e,Branch,ACLineSegment,1,1085_D _D 1 138kV,2016,EULESS_8,EULES,2052,BD_WDSN2_T8,BDWTP,_D,1085__D,60092056.0,1085_D,,,1,Line,EULESS_8,BD_WDSN2_T8,1085__D,_D,duplicate_match,different
771,95a7b66a-2c70-4346-8486-423938c6a46e,Branch,ACLineSegment,1,1085_D _D 1 138kV,2016,EULESS_8,EULES,2052,BD_WDSN2_T8,BDWTP,_D,1085__D,60000067.0,1060_D,,,1,Line,EULESS_8,BD_WDSN2_T8,1060__D,_D,duplicate_match,different
775,d980099a-3f1c-43ea-bb7b-d38c56cbfbda,Branch,ACLineSegment,1,1085_B _B 1 138kV,2026,CLYVIL1_T8,CLYTP,2027,BEARCK1_8,BRCRK,_B,1085__B,60000064.0,1060_A_OldTeid,,,1,Line,CLYVIL1_T8,BEARCK1_8,1060__A_OldTeid,_A,duplicate_match,different
775,d980099a-3f1c-43ea-bb7b-d38c56cbfbda,Branch,ACLineSegment,1,1085_B _B 1 138kV,2026,CLYVIL1_T8,CLYTP,2027,BEARCK1_8,BRCRK,_B,1085__B,60092054.0,1085_B,,,1,Line,BEARCK1_8,CLYVIL1_T8,1085__B,_B,duplicate_match,different
777,b186b06d-41d3-49c8-834a-8234a3a0e9ad,Branch,ACLineSegment,1,1085_E _E 1 138kV,2050,BEDFORD1_8,BDFRD,2052,BD_WDSN2_T8,BDWTP,_E,1085__E,60000075.0,1060_L,,,1,Line,BEDFORD1_8,BD_WDSN2_T8,1060__L,_L,duplicate_match,different
777,b186b06d-41d3-49c8-834a-8234a3a0e9ad,Branch,ACLineSegment,1,1085_E _E 1 138kV,2050,BEDFORD1_8,BDFRD,2052,BD_WDSN2_T8,BDWTP,_E,1085__E,60092057.0,1085_E,,,1,Line,BD_WDSN2_T8,BEDFORD1_8,1085__E,_E,duplicate_match,different
778,066376cb-9f23-449c-8b4e-5d00d7396894,Branch,ACLineSegment,1,1085_G _G 1 138kV,2052,BD_WDSN2_T8,BDWTP,12051,BD_WDSN1_8,BDFWD,_G,1085__G,60000076.0,1060_M,,,1,Line,BD_WDSN2_T8,BD_WDSN1_8,1060__M,_M,duplicate_match,different
778,066376cb-9f23-449c-8b4e-5d00d7396894,Branch,ACLineSegment,1,1085_G _G 1 138kV,2052,BD_WDSN2_T8,BDWTP,12051,BD_WDSN1_8,BDFWD,_G,1085__G,60092059.0,1085_G,,,1,Line,BD_WDSN1_8,BD_WDSN2_T8,1085__G,_G,duplicate_match,different
779,8ef2ea9b-c6f4-49d8-8aa7-ef9a204a93e6,Branch,ACLineSegment,1,1085_F _F 1 138kV,2026,CLYVIL1_T8,CLYTP,12026,CLYVIL1_8,CLYVL,_F,1085__F,60092058.0,1085_F,,,1,Line,CLYVIL1_8,CLYVIL1_T8,1085__F,_F,duplicate_match,different
779,8ef2ea9b-c6f4-49d8-8aa7-ef9a204a93e6,Branch,ACLineSegment,1,1085_F _F 1 138kV,2026,CLYVIL1_T8,CLYTP,12026,CLYVIL1_8,CLYVL,_F,1085__F,60000077.0,1060_N,,,1,Line,CLYVIL1_T8,CLYVIL1_8,1060__N,_N,duplicate_match,different
790,3c0f2a85-0deb-44ad-ab51-9f9872a5aabd,Branch,ACLineSegment,1,6530_C _C 1 138kV,1027,ODESEHV_8,ODEHV,10005,JACKRABT2_T8,JACKR,_C,6530__C,60090501.0,6530_C,,,1,Line,JACKRABT2_T8,ODESEHV_8,6530__C,_C,duplicate_match,different
790,3c0f2a85-0deb-44ad-ab51-9f9872a5aabd,Branch,ACLineSegment,1,6530_C _C 1 138kV,1027,ODESEHV_8,ODEHV,10005,JACKRABT2_T8,JACKR,_C,6530__C,60002228.0,6535_B,,,1,Line,ODESEHV_8,TEXINSTA_8,6535__B,_B,duplicate_match,different
821,ecbff538-2963-4b21-8969-0cf6eaf4106a,Branch,ACLineSegment,1,6429__D _D 1 138kV,1313,ENISCKTA_8,ENCRT,1315,BRAND_8,BRAND,_D,6429__D,60007983.0,6429_D,,,1,Line,ENISCKTA_8,BRAND_8,6429__D,_D,duplicate_match,different
821,ecbff538-2963-4b21-8969-0cf6eaf4106a,Branch,ACLineSegment,1,6429__D _D 1 138kV,1313,ENISCKTA_8,ENCRT,1315,BRAND_8,BRAND,_D,6429__D,60002144.0,6437_D,,,1,Line,ENISCKTA_8,ENNISCK_8,6437__D,_D,duplicate_match,different
880,1de0b4dd-90bc-4548-a4b7-ff5d12c41015,Branch,ACLineSegment,1,BALLIN_COLE_I1_1 1 1 138kV,6340,BALLINGE4A,BALLINGE,6360,COLE_IVI4A,COLE_IVI,1,BALLIN_COLE_I1_1,60003181.0,BALG_COLE_I1,,,1,Line,BALG4A,COLE_IVI4A,BALG_COLE_I1_1,1,duplicate_match,different
880,1de0b4dd-90bc-4548-a4b7-ff5d12c41015,Branch,ACLineSegment,1,BALLIN_COLE_I1_1 1 1 138kV,6340,BALLINGE4A,BALLINGE,6360,COLE_IVI4A,COLE_IVI,1,BALLIN_COLE_I1_1,60009098.0,BALLIN_COLE_I11,,,1,Line,COLE_IVI4A,BALLINGE4A,BALLIN_COLE_I1_1,1,duplicate_match,different
887,2d3fc583-b448-4e90-b702-17e26194608d,Branch,ACLineSegment,1,CLYDE_CLYM_T1_1 1 1 69kV,6302,CLYM2A,CLYM_T,6305,CLYDE2A,CLYDE,1,CLYDE_CLYM_T1_1,60009083.0,CLYDE_CLYM_T11,,,1,Line,CLYDE2A,CLYM2A,CLYDE_CLYM_T1_1,1,duplicate_match,different
887,2d3fc583-b448-4e90-b702-17e26194608d,Branch,ACLineSegment,1,CLYDE_CLYM_T1_1 1 1 69kV,6302,CLYM2A,CLYM_T,6305,CLYDE2A,CLYDE,1,CLYDE_CLYM_T1_1,60003983.0,CLYD_CLYM_T1,,,1,Line,CLYDMGT2,CLYD2A,CLYD_CLYM_T1_1,1,duplicate_match,different
888,e407b35e-cfe7-4374-9904-2c1012ac634e,Branch,ACLineSegment,1,HARI_MILES1_1 1 1 69kV,6410,MILES2A,MILES,6412,HARI2A,HARI,1,HARI_MILES1_1,60082781.0,HARI_MILE11,,,1,Line,MILE2A,HARI2A,HARI_MILE1_1,1,duplicate_match,different
888,e407b35e-cfe7-4374-9904-2c1012ac634e,Branch,ACLineSegment,1,HARI_MILES1_1 1 1 69kV,6410,MILES2A,MILES,6412,HARI2A,HARI,1,HARI_MILES1_1,60005221.0,HARI_MILES11,,,1,Line,HARI2A,MILES2A,HARI_MILES1_1,1,duplicate_match,different
890,1a55e9b2-fa36-4929-b8e5-36f2dd8deac5,Branch,ACLineSegment,1,HASKEL_JOSSEL1_1 1 1 69kV,6122,HSKL2A,HASKELL,6123,JOSSELLE2A,JOSSELLE,1,HASKEL_JOSSEL1_1,60005237.0,HASKEL_JOSS1,,,1,Line,HSKL2A,JOSS2A,HASKEL_JOSS1_1,1,duplicate_match,different
890,1a55e9b2-fa36-4929-b8e5-36f2dd8deac5,Branch,ACLineSegment,1,HASKEL_JOSSEL1_1 1 1 69kV,6122,HSKL2A,HASKELL,6123,JOSSELLE2A,JOSSELLE,1,HASKEL_JOSSEL1_1,60009019.0,HASKEL_JOSSEL11,,,1,Line,HSKL2A,JOSSELLE2A,HASKEL_JOSSEL1_1,1,duplicate_match,different
912,abe79bfe-19e5-4099-ab28-e5b625f19b5b,Branch,ACLineSegment,1,635T635_1 1 1 138kV,7102,L_SHERSH8_1Y,SHERSH,7103,L_BUCKRA8_1Y,BUBORA,1,635T635_1,60000749.0,198T187,,,1,Line,L_SHERSH8_1Y,L_BUCKRA8_1Y,198T187_1,1,duplicate_match,different
912,abe79bfe-19e5-4099-ab28-e5b625f19b5b,Branch,ACLineSegment,1,635T635_1 1 1 138kV,7102,L_SHERSH8_1Y,SHERSH,7103,L_BUCKRA8_1Y,BUBORA,1,635T635_1,60009131.0,635T6351,,,1,Line,L_SHERSH8_1Y,L_BUCKRA8_1Y,635T635_1,1,duplicate_match,different
966,2922bc81-71a6-4b66-9226-aaf4d31ab999,Branch,ACLineSegment,1,359T542_1 1 1 69kV,7223,L_LULING9_1Y,LULING,78577,L_HOCHTA9_1Y,HOCHTA,1,359T542_1,60001345.0,359T543,,,1,Line,L_LULING9_1Y,L_HOCHTA9_1Y,359T543_1,1,duplicate_match,different
966,2922bc81-71a6-4b66-9226-aaf4d31ab999,Branch,ACLineSegment,1,359T542_1 1 1 69kV,7223,L_LULING9_1Y,LULING,78577,L_HOCHTA9_1Y,HOCHTA,1,359T542_1,60008106.0,359T5421,,,1,Line,L_HOCHTA9_1Y,L_LULING9_1Y,359T542_1,1,duplicate_match,different
1056,7b3cf950-4e3f-4b86-b612-aa47ca4683f9,Branch,ACLineSegment,1,993T697_1 1 1 138kV,8273,PUEBLO4A,PUEBLO,8274,W_CONOCO4A,W_CONOCO,1,993T697_1,60000149.0,11468T463,,,1,Line,PUEBLO4A,W_CONOCO4A,11468T463_1,1,duplicate_match,different
1056,7b3cf950-4e3f-4b86-b612-aa47ca4683f9,Branch,ACLineSegment,1,993T697_1 1 1 138kV,8273,PUEBLO4A,PUEBLO,8274,W_CONOCO4A,W_CONOCO,1,993T697_1,60009723.0,993T6971,,,1,Line,PUEBLO4A,W_CONOCO4A,993T697_1,1,duplicate_match,different
1057,05e82cc4-3379-4004-8929-b62b22f4d55c,Branch,ACLineSegment,1,BALLIN_HUMBLT1_1 1 1 69kV,6338,BALLINGE2A,BALLINGE,6341,BALEXTP2A,HUMBLTAP,1,BALLIN_HUMBLT1_1,60003185.0,BALG_HUMBLT1,,,1,Line,BALG2A,BALEXTP2,BALG_HUMBLT1_1,1,duplicate_match,different
1057,05e82cc4-3379-4004-8929-b62b22f4d55c,Branch,ACLineSegment,1,BALLIN_HUMBLT1_1 1 1 69kV,6338,BALLINGE2A,BALLINGE,6341,BALEXTP2A,HUMBLTAP,1,BALLIN_HUMBLT1_1,60009095.0,BALLIN_HUMBLT11,,,1,Line,BALEXTP2A,BALLINGE2A,BALLIN_HUMBLT1_1,1,duplicate_match,different
1062,f1fe66b2-f4a5-4893-837c-f409a0b07737,Branch,ACLineSegment,1,BIGLAK_KEMPER1_1 1 1 69kV,6533,BIGLAKE2A,BIGLAKE,6543,KEMPERTP2A,KEMPERTP,1,BIGLAK_KEMPER1_1,60009114.0,BIGLAK_KEMPER11,,,1,Line,KEMPERTP2A,BIGLAKE2A,BIGLAK_KEMPER1_1,1,duplicate_match,different
1062,f1fe66b2-f4a5-4893-837c-f409a0b07737,Branch,ACLineSegment,1,BIGLAK_KEMPER1_1 1 1 69kV,6533,BIGLAKE2A,BIGLAKE,6543,KEMPERTP2A,KEMPERTP,1,BIGLAK_KEMPER1_1,60003296.0,BGLK_KEMPER1,,,1,Line,BGLK2A,KEMPERTP2A,BGLK_KEMPER1_1,1,duplicate_match,different
1107,88711bec-ed5b-48f5-bb20-ad03968b67ff,Branch,ACLineSegment,1,672T672_1 1 1 138kV,7066,L_ADAMSV8_1Y,ADAMSV,7068,L_EVANT_8_1Y,EVANT,1,672T672_1,60009654.0,672T6721,,,1,Line,L_ADAMSV8_1Y,L_EVANT_8_1Y,672T672_1,1,duplicate_match,different
1107,88711bec-ed5b-48f5-bb20-ad03968b67ff,Branch,ACLineSegment,1,672T672_1 1 1 138kV,7066,L_ADAMSV8_1Y,ADAMSV,7068,L_EVANT_8_1Y,EVANT,1,672T672_1,60000714.0,18T128,,,1,Line,L_ADAMSV8_1Y,L_EVANT_8_1Y,18T128_1,1,duplicate_match,different
1108,52cea66c-2046-4e8a-bd3c-da340848128c,Branch,ACLineSegment,1,AVENUE_SACH1_1 1 1 69kV,6468,SACH2A,SACH,6471,AVENUEN2A,AVENUEN,1,AVENUE_SACH1_1,60007035.0,SAAN_SACH1,,,1,Line,SACH2A,SAAN2A,SAAN_SACH1_1,1,duplicate_match,different
1108,52cea66c-2046-4e8a-bd3c-da340848128c,Branch,ACLineSegment,1,AVENUE_SACH1_1 1 1 69kV,6468,SACH2A,SACH,6471,AVENUEN2A,AVENUEN,1,AVENUE_SACH1_1,60010222.0,AVENUE_SACH11,,,1,Line,SACH2A,AVENUEN2A,AVENUE_SACH1_1,1,duplicate_match,different
1109,9c57a774-b5d6-48cf-abc5-c46ae9136c60,Branch,ACLineSegment,1,CHERRT_CHERRY1_1 1 1 69kV,6650,CHERRTAP2A,CHERRTAP,6651,CHERRYCR2A,CHERRYCR,1,CHERRT_CHERRY1_1,60009123.0,CHERRT_CHERRY11,,,1,Line,CHERRTAP2A,CHERRYCR2A,CHERRT_CHERRY1_1,1,duplicate_match,different
1109,9c57a774-b5d6-48cf-abc5-c46ae9136c60,Branch,ACLineSegment,1,CHERRT_CHERRY1_1 1 1 69kV,6650,CHERRTAP2A,CHERRTAP,6651,CHERRYCR2A,CHERRYCR,1,CHERRT_CHERRY1_1,60003728.0,CCRK_CCRT1,,,1,Line,CCRT2A,CCRK2A,CCRK_CCRT1_1,1,duplicate_match,different
1111,85c96241-69fe-476d-bdee-295c44c4743b,Branch,ACLineSegment,1,ABEAST_ABWALN1_1 1 1 69kV,6276,ABEAST2A,ABEAST,6281,ABWALNUT2A,ABWALNUT,1,ABEAST_ABWALN1_1,60009610.0,ABEAST_ABWALN11,,,1,Line,ABWALNUT2A,ABEAST2A,ABEAST_ABWALN1_1,1,duplicate_match,different
1111,85c96241-69fe-476d-bdee-295c44c4743b,Branch,ACLineSegment,1,ABEAST_ABWALN1_1 1 1 69kV,6276,ABEAST2A,ABEAST,6281,ABWALNUT2A,ABWALNUT,1,ABEAST_ABWALN1_1,60002837.0,ABEA_ABWA1,,,1,Line,ABEA2A,ABWA2A,ABEA_ABWA1_1,1,duplicate_match,different
1114,e8e44fcc-bc32-4901-99c1-fd3232f81da8,Branch,ACLineSegment,1,CROWEL_MCADTP1_1 1 1 69kV,6082,CRWL2A,CROWELL,60381,MCADAMST2A,MCADTP,1,CROWEL_MCADTP1_1,60004153.0,CROWEL_MCADTP11,,,1,Line,MCADAMST2A,CRWL2A,CROWEL_MCADTP1_1,1,duplicate_match,different
1114,e8e44fcc-bc32-4901-99c1-fd3232f81da8,Branch,ACLineSegment,1,CROWEL_MCADTP1_1 1 1 69kV,6082,CRWL2A,CROWELL,60381,MCADAMST2A,MCADTP,1,CROWEL_MCADTP1_1,60081183.0,CROWEL_MCAD11,,,1,Line,,,CROWEL_MCAD1_1,1,duplicate_match,different
1117,50b34cf8-c3b5-48ce-8128-347fe00a31dd,Transformer,PowerTransformer,G2,GS2H 138kV-1kV,161031,REDGATE_5,REDGATE,161037,RG_GSU2,REDGATE,GS2H,REDGATE_GS2H,60112582.0,REDGATE_GS2H,,,G2,Transformer,REDGATE_5,RG_GSU2,REDGATE_GS2H,,duplicate_match,different
1117,50b34cf8-c3b5-48ce-8128-347fe00a31dd,Transformer,PowerTransformer,G2,GS2H 138kV-1kV,161031,REDGATE_5,REDGATE,161037,RG_GSU2,REDGATE,GS2H,REDGATE_GS2H,60079443.0,AIRP_ARPT11,,,1,Line,,,AIRP_ARPT1_1,1,duplicate_match,different
1118,d931a13b-58b1-4fcd-a7d9-34e77d937987,Branch,ACLineSegment,1,ABEAST_RAINEY1_1 1 1 69kV,6221,RAINEYCR2A,RAINEYCR,6276,ABEAST2A,ABEAST,1,ABEAST_RAINEY1_1,60009040.0,ABEAST_RAINEY11,,,1,Line,ABEAST2A,RAINEYCR2A,ABEAST_RAINEY1_1,1,duplicate_match,different
1118,d931a13b-58b1-4fcd-a7d9-34e77d937987,Branch,ACLineSegment,1,ABEAST_RAINEY1_1 1 1 69kV,6221,RAINEYCR2A,RAINEYCR,6276,ABEAST2A,ABEAST,1,ABEAST_RAINEY1_1,60002836.0,ABEA_ABRC1,,,1,Line,ABRC2A,ABEA2A,ABEA_ABRC1_1,1,duplicate_match,different
1120,6aae8389-3f42-412c-ae2c-9588575670fe,Branch,ACLineSegment,1,BALLIN_HATC1_1 1 1 69kV,6334,HATC2A,HATC,6338,BALLINGE2A,BALLINGE,1,BALLIN_HATC1_1,60009094.0,BALLIN_HATC11,,,1,Line,HATC2A,BALLINGE2A,BALLIN_HATC1_1,1,duplicate_match,different
1120,6aae8389-3f42-412c-ae2c-9588575670fe,Branch,ACLineSegment,1,BALLIN_HATC1_1 1 1 69kV,6334,HATC2A,HATC,6338,BALLINGE2A,BALLINGE,1,BALLIN_HATC1_1,60003184.0,BALG_HATC1,,,1,Line,HATC2A,BALG2A,BALG_HATC1_1,1,duplicate_match,different
1124,9bf81e2a-0236-47f0-929d-1f6d483c411f,Branch,ACLineSegment,1,CHERRT_SGSA1_1 1 1 69kV,6650,CHERRTAP2A,CHERRTAP,6652,SGSA2A,SGSA,1,CHERRT_SGSA1_1,60010907.0,CHERRT_SGSA11,,,1,Line,SGSA2A,CHERRTAP2A,CHERRT_SGSA1_1,1,duplicate_match,different
1124,9bf81e2a-0236-47f0-929d-1f6d483c411f,Branch,ACLineSegment,1,CHERRT_SGSA1_1 1 1 69kV,6650,CHERRTAP2A,CHERRTAP,6652,SGSA2A,SGSA,1,CHERRT_SGSA1_1,60003729.0,CCRT_SGSA1,,,1,Line,CCRT2A,SGSA2A,CCRT_SGSA1_1,1,duplicate_match,different
1130,69f6e81c-ce93-47fc-a319-30ab718fa17b,Branch,ACLineSegment,1,POND_VALENT1_1 1 1 69kV,6677,VALENTIN2A,VALENTIN,6692,POND2A,POND,1,POND_VALENT1_1,60006746.0,POND_VALT1,,,1,Line,VALT2A,POND2A,POND_VALT1_1,1,duplicate_match,different
1130,69f6e81c-ce93-47fc-a319-30ab718fa17b,Branch,ACLineSegment,1,POND_VALENT1_1 1 1 69kV,6677,VALENTIN2A,VALENTIN,6692,POND2A,POND,1,POND_VALENT1_1,60009639.0,POND_VALENT11,,,1,Line,VALENTIN2A,POND2A,POND_VALENT1_1,1,duplicate_match,different
1131,c33505e7-bd1a-44e8-adcf-8c38fd7db59c,Branch,ACLineSegment,1,AMBR_BRONTE1_1 1 1 69kV,6414,BRONTE2A,BRONTE,6419,AMBR2A,AMBR,1,AMBR_BRONTE1_1,60003022.0,AMBR_BRONTE11,,,1,Line,BRONTE2A,AMBR2A,AMBR_BRONTE1_1,1,duplicate_match,different
1131,c33505e7-bd1a-44e8-adcf-8c38fd7db59c,Branch,ACLineSegment,1,AMBR_BRONTE1_1 1 1 69kV,6414,BRONTE2A,BRONTE,6419,AMBR2A,AMBR,1,AMBR_BRONTE1_1,60079569.0,AMBR_BRNT11,,,1,Line,BRNT2A,AMBR2A,AMBR_BRNT1_1,1,duplicate_match,different
1133,38fb9265-8e94-4d07-b8aa-02720536db37,Branch,ACLineSegment,1,JACKSO_SAWA1_1 1 1 69kV,6456,JACKSONS2A,JACKSONS,6467,SAWA2A,SAWA,1,JACKSO_SAWA1_1,60008072.0,JACKSO_SAWA11,,,1,Line,SAWA2A,JACKSONS2A,JACKSO_SAWA1_1,1,duplicate_match,different
1133,38fb9265-8e94-4d07-b8aa-02720536db37,Branch,ACLineSegment,1,JACKSO_SAWA1_1 1 1 69kV,6456,JACKSONS2A,JACKSONS,6467,SAWA2A,SAWA,1,JACKSO_SAWA1_1,60007047.0,SAJS_SAWA1,,,1,Line,SAJS2A,SAWA2A,SAJS_SAWA1_1,1,duplicate_match,different
1136,129f4f2b-89a5-4456-92cc-04480961b00c,Branch,ACLineSegment,1,CONCHO_SACH1_1 1 1 69kV,6450,CONCHO2A,CONCHO,6468,SACH2A,SACH,1,CONCHO_SACH1_1,60086729.0,SACH_SACO11,,,1,Line,SACO2A,SACH2A,SACH_SACO1_1,1,duplicate_match,different
1136,129f4f2b-89a5-4456-92cc-04480961b00c,Branch,ACLineSegment,1,CONCHO_SACH1_1 1 1 69kV,6450,CONCHO2A,CONCHO,6468,SACH2A,SACH,1,CONCHO_SACH1_1,60004052.0,CONCHO_SACH11,,,1,Line,SACH2A,CONCHO2A,CONCHO_SACH1_1,1,duplicate_match,different
1141,b0bc6793-c28d-472b-aca8-0f635f8efd05,Branch,ACLineSegment,1,MILES_ROWE1_1 1 1 69kV,6410,MILES2A,MILES,6411,ROWE2A,ROWE,1,MILES_ROWE1_1,60084526.0,MILE_ROWE11,,,1,Line,ROWE2A,MILE2A,MILE_ROWE1_1,1,duplicate_match,different
1141,b0bc6793-c28d-472b-aca8-0f635f8efd05,Branch,ACLineSegment,1,MILES_ROWE1_1 1 1 69kV,6410,MILES2A,MILES,6411,ROWE2A,ROWE,1,MILES_ROWE1_1,60006194.0,MILES_ROWE11,,,1,Line,ROWE2A,MILES2A,MILES_ROWE1_1,1,duplicate_match,different
1148,49e2f224-b4c7-4c3b-95df-d0155fc950ec,Branch,ACLineSegment,1,MCMURR_OVERST1_1 1 1 69kV,6271,MCMURRY2A,MCMURRY,6272,OVERSTRE2A,OVERSTRE,1,MCMURR_OVERST1_1,60009069.0,MCMURR_OVERST11,,,1,Line,OVERSTRE2A,MCMURRY2A,MCMURR_OVERST1_1,1,duplicate_match,different
1148,49e2f224-b4c7-4c3b-95df-d0155fc950ec,Branch,ACLineSegment,1,MCMURR_OVERST1_1 1 1 69kV,6271,MCMURRY2A,MCMURRY,6272,OVERSTRE2A,OVERSTRE,1,MCMURR_OVERST1_1,60002853.0,ABMM_ABOV1,,,1,Line,ABMM2A,ABOV2A,ABMM_ABOV1_1,1,duplicate_match,different
1149,fc6cfe7b-0777-47ec-8465-c66e8ea9ee0a,Branch,ACLineSegment,1,ARNT_DYESS21_1 1 1 69kV,6265,DYESS2AB2A,DYESS2AB,6266,ARNT2A,ARNT,1,ARNT_DYESS21_1,60009066.0,ARNT_DYESS211,,,1,Line,DYESS2AB2A,ARNT2A,ARNT_DYESS21_1,1,duplicate_match,different
1149,fc6cfe7b-0777-47ec-8465-c66e8ea9ee0a,Branch,ACLineSegment,1,ARNT_DYESS21_1 1 1 69kV,6265,DYESS2AB2A,DYESS2AB,6266,ARNT2A,ARNT,1,ARNT_DYESS21_1,60002827.0,ABD2_ARNT1,,,1,Line,ABDYES22,ARNT2A,ABD2_ARNT1_1,1,duplicate_match,different
1166,dbc34ae0-912c-4684-825f-4a55299a3b26,Branch,ACLineSegment,1,EQUIST_LON_HI1_1 1 1 138kV,8452,LON_HILL4A,LON_HILL,8478,EQUISTAR4A,EQUISTAR,1,EQUIST_LON_HI1_1,60008132.0,EQUIST_LON_HI11,,,1,Line,LON_HILL4A,EQUISTAR4A,EQUIST_LON_HI1_1,1,duplicate_match,different
1166,dbc34ae0-912c-4684-825f-4a55299a3b26,Branch,ACLineSegment,1,EQUIST_LON_HI1_1 1 1 138kV,8452,LON_HILL4A,LON_HILL,8478,EQUISTAR4A,EQUISTAR,1,EQUIST_LON_HI1_1,60005902.0,LON_HI_OXY_CC1,,,1,Line,LON_HILL4A,OXY_CC4A,LON_HI_OXY_CC1_1,1,duplicate_match,different
1171,6a1c2fae-9979-4607-9952-b4c6e24e1934,Branch,ACLineSegment,1,NCARBI_SEADRF1_1 1 1 138kV,8144,SEADRFTC4A,SEADRFTC,8152,NCARBIDE4A,NCARBIDE,1,NCARBI_SEADRF1_1,60002943.0,AIRCO4_NCARBI1,,,1,Line,AIRCO44A,NCARBIDE4A,AIRCO4_NCARBI1_1,1,duplicate_match,different
1171,6a1c2fae-9979-4607-9952-b4c6e24e1934,Branch,ACLineSegment,1,NCARBI_SEADRF1_1 1 1 138kV,8144,SEADRFTC4A,SEADRFTC,8152,NCARBIDE4A,NCARBIDE,1,NCARBI_SEADRF1_1,60009705.0,NCARBI_SEADRF11,,,1,Line,SEADRFTC4A,NCARBIDE4A,NCARBI_SEADRF1_1,1,duplicate_match,different
1175,05e3b8ba-91a9-4e37-8c72-93be1e5fd983,Branch,ACLineSegment,1,EQUIST_MCKENZ1_1 1 1 138kV,8478,EQUISTAR4A,EQUISTAR,8858,MCKENZIE4A,MCKENZIE,1,EQUIST_MCKENZ1_1,60008139.0,EQUIST_MCKENZ11,,,1,Line,EQUISTAR4A,MCKENZIE4A,EQUIST_MCKENZ1_1,1,duplicate_match,different
1175,05e3b8ba-91a9-4e37-8c72-93be1e5fd983,Branch,ACLineSegment,1,EQUIST_MCKENZ1_1 1 1 138kV,8478,EQUISTAR4A,EQUISTAR,8858,MCKENZIE4A,MCKENZIE,1,EQUIST_MCKENZ1_1,60006102.0,MCKENZ_OXY_CC1,,,1,Line,OXY_CC4A,MCKENZIE4A,MCKENZ_OXY_CC1_1,1,duplicate_match,different
1216,577be71f-eda2-443b-a3e1-e67af21ad5f9,Branch,ACLineSegment,1,922__A _A 1 138kV,2328,RED_OAK1_8,RDOAK,2424,DESSW1_8,DESSW,_A,922__A,60012122.0,922_A,,,1,Line,RED_OAK1_8,DESSW1_8,922__A,_A,duplicate_match,different
1216,577be71f-eda2-443b-a3e1-e67af21ad5f9,Branch,ACLineSegment,1,922__A _A 1 138kV,2328,RED_OAK1_8,RDOAK,2424,DESSW1_8,DESSW,_A,922__A,60002742.0,921_A,,,1,Line,RED_OAK1_8,DESSW1_8,921__A,_A,duplicate_match,different
1240,c7c74d1f-dad3-4d58-811c-3690609c8443,Branch,ACLineSegment,1,HARTFR_SOUTHA1_1 1 1 69kV,6258,SOUTHABI2A,SOUTHABI,6268,HARTFRDT2A,HARTFRDT,1,HARTFR_SOUTHA1_1,60002881.0,ABSO_HARTFR1,,,1,Line,ABSO2A,HARTFRDT2A,ABSO_HARTFR1_1,1,duplicate_match,different
1240,c7c74d1f-dad3-4d58-811c-3690609c8443,Branch,ACLineSegment,1,HARTFR_SOUTHA1_1 1 1 69kV,6258,SOUTHABI2A,SOUTHABI,6268,HARTFRDT2A,HARTFRDT,1,HARTFR_SOUTHA1_1,60009059.0,HARTFR_SOUTHA11,,,1,Line,HARTFRDT2A,SOUTHABI2A,HARTFR_SOUTHA1_1,1,duplicate_match,different
1243,39a7475a-f0d8-4574-ae9b-8173abb3d46a,Branch,ACLineSegment,1,ESPYWE_FORTDA1_1 1 1 69kV,6676,FORTDAVI2A,FORTDAVI,6691,ESPY2A,ESPYWELL,1,ESPYWE_FORTDA1_1,60004608.0,ESPYWE_FORTDA11,,,1,Line,ESPY2A,FORTDAVI2A,ESPYWE_FORTDA1_1,1,duplicate_match,different
1243,39a7475a-f0d8-4574-ae9b-8173abb3d46a,Branch,ACLineSegment,1,ESPYWE_FORTDA1_1 1 1 69kV,6676,FORTDAVI2A,FORTDAVI,6691,ESPY2A,ESPYWELL,1,ESPYWE_FORTDA1_1,60081930.0,ESPYWE_FTDA11,,,1,Line,,,ESPYWE_FTDA1_1,1,duplicate_match,different
1323,60788878-aec6-4521-ae32-bc7624378d96,Branch,ACLineSegment,12,215_A _A 12 345kV,2427,WATMLL_W5,WTRML,2432,TRICRN1_5,TRCNR,_A,215__A,60110566.0,215,,,12,Line,WATMLL_W5,TRICRN1_5,215__A,_A,duplicate_match,same_element
1323,60788878-aec6-4521-ae32-bc7624378d96,Branch,ACLineSegment,12,215_A _A 12 345kV,2427,WATMLL_W5,WTRML,2432,TRICRN1_5,TRCNR,_A,215__A,60000818.0,215_A,,,12,Line,WATMLL_W5,TRICRN1_5,215__A,_A,duplicate_match,same_element
1351,f48e31ef-0eb7-4eea-8fa4-09115390d770,Branch,ACLineSegment,1,C4_Y1_1 1 1 138kV,5218,HOLBROOK,Y1,5250,KIRBY,C4,1,C4_Y1_1,60007915.0,Y1_C4,,,1,Line,HOLBROOK,KIRBY,Y1_C4_1,1,duplicate_match,different
1351,f48e31ef-0eb7-4eea-8fa4-09115390d770,Branch,ACLineSegment,1,C4_Y1_1 1 1 138kV,5218,HOLBROOK,Y1,5250,KIRBY,C4,1,C4_Y1_1,60009579.0,C4_Y11,,,1,Line,HOLBROOK,KIRBY,C4_Y1_1,1,duplicate_match,different
1420,9e7c863b-4bc3-4b62-b07b-0e5b69a60c3f,Branch,ACLineSegment,1,567_E _E 1 138kV,2520,ANNAGCEC_T8,ANNAI,2527,STONEYPT_P8,STNPT,_E,567__E,60011525.0,567_E,,,1,Line,ANNAGCEC_T8,STONEYPT_P8,567__E,_E,duplicate_match,different
1420,9e7c863b-4bc3-4b62-b07b-0e5b69a60c3f,Branch,ACLineSegment,1,567_E _E 1 138kV,2520,ANNAGCEC_T8,ANNAI,2527,STONEYPT_P8,STNPT,_E,567__E,60001722.0,565_K,,,1,Line,ANNAGCEC_T8,ANNASW_T8,565__K,_K,duplicate_match,different
1421,1c9aeb8c-713e-410b-aab7-a48db2ea884a,Branch,ACLineSegment,1,567__G _G 1 138kV,2340,MELSSA_P8,MLISA,2704,ANNASE_8,ANASE,_G,567__G,60011520.0,567_G,,,1,Line,MELSSA_P8,ANNASE_8,567__G,_G,duplicate_match,different
1421,1c9aeb8c-713e-410b-aab7-a48db2ea884a,Branch,ACLineSegment,1,567__G _G 1 138kV,2340,MELSSA_P8,MLISA,2704,ANNASE_8,ANASE,_G,567__G,60001723.0,565_L,,,1,Line,MELSSA_P8,ANNAGCEC_T8,565__L,_L,duplicate_match,different
1508,d97cac9a-fd11-4ea4-bd51-dc1357156d5c,Branch,ACLineSegment,1,6385_B _B 1 138kV,1619,COLNYCRK_8,CLCRK,1624,LEONSW_8,LENSW,_B,6385__B,60093161.0,6385_B,,,1,Line,COLNYCRK_8,LEONSW_8,6385__B,_B,duplicate_match,different
1508,d97cac9a-fd11-4ea4-bd51-dc1357156d5c,Branch,ACLineSegment,1,6385_B _B 1 138kV,1619,COLNYCRK_8,CLCRK,1624,LEONSW_8,LENSW,_B,6385__B,60002075.0,6360_E_OldTeid,,,1,Line,COLNYCRK_8,LEONSW_8,6360__E_OldTeid,_E,duplicate_match,different
1513,a2a268ae-9343-4645-b622-f8aac6caae4c,Branch,ACLineSegment,1,6512_D _D 1 138kV,1027,ODESEHV_8,ODEHV,1128,LIQDAIR_8,LIQAR,_D,6512__D,60011476.0,6512_D,,,1,Line,ODESEHV_8,LIQDAIR_8,6512__D,_D,duplicate_match,different
1513,a2a268ae-9343-4645-b622-f8aac6caae4c,Branch,ACLineSegment,1,6512_D _D 1 138kV,1027,ODESEHV_8,ODEHV,1128,LIQDAIR_8,LIQAR,_D,6512__D,60002219.0,6510_H_OldTeid,,,1,Line,ODESEHV_8,LIQDAIR_8,6510__H_OldTeid,_H,duplicate_match,different
1527,28d032ae-2aa1-4527-9b18-5a79fa109782,Branch,ACLineSegment,1,BIGLAK_PHBL_T1_1 1 1 69kV,6534,BIGLAKE2B,BIGLAKE,6546,PHBL_TAP2A,PHBL_TAP,1,BIGLAK_PHBL_T1_1,60003298.0,BGLK_PHBL_T1,,,1,Line,BGLK2B,PHBL_TAP2A,BGLK_PHBL_T1_1,1,duplicate_match,different
1527,28d032ae-2aa1-4527-9b18-5a79fa109782,Branch,ACLineSegment,1,BIGLAK_PHBL_T1_1 1 1 69kV,6534,BIGLAKE2B,BIGLAKE,6546,PHBL_TAP2A,PHBL_TAP,1,BIGLAK_PHBL_T1_1,60009115.0,BIGLAK_PHBL_T11,,,1,Line,BIGLAKE2B,PHBL_TAP2A,BIGLAK_PHBL_T1_1,1,duplicate_match,different
1532,1316a0b2-eb84-4432-918d-799a6c3a0160,Branch,ACLineSegment,1,MIDW_OZONA1_1 1 1 69kV,6549,MIDW2A,MIDW,6560,OZONA2A,OZONA,1,MIDW_OZONA1_1,60006183.0,MIDW_OZNA1,,,1,Line,MIDW2A,OZNA2A,MIDW_OZNA1_1,1,duplicate_match,different
1532,1316a0b2-eb84-4432-918d-799a6c3a0160,Branch,ACLineSegment,1,MIDW_OZONA1_1 1 1 69kV,6549,MIDW2A,MIDW,6560,OZONA2A,OZONA,1,MIDW_OZONA1_1,60008082.0,MIDW_OZONA11,,,1,Line,MIDW2A,OZONA2A,MIDW_OZONA1_1,1,duplicate_match,different
1539,5789ddca-5453-467e-ad73-ca77c57ae067,Branch,ACLineSegment,1,ABPOWE_OILMIT1_1 1 1 69kV,6282,ABPOWERS2A,ABPOWERS,6283,ABOM2A,OILMITAP,1,ABPOWE_OILMIT1_1,60009075.0,ABPOWE_OILMIT11,,,1,Line,ABOM2A,ABPOWERS2A,ABPOWE_OILMIT1_1,1,duplicate_match,different
1539,5789ddca-5453-467e-ad73-ca77c57ae067,Branch,ACLineSegment,1,ABPOWE_OILMIT1_1 1 1 69kV,6282,ABPOWERS2A,ABPOWERS,6283,ABOM2A,OILMITAP,1,ABPOWE_OILMIT1_1,60002868.0,ABPG_OILMIT1,,,1,Line,ABPG2A,ABOM2A,ABPG_OILMIT1_1,1,duplicate_match,different
1540,3ca6edd5-c636-4435-a2fd-014ca0c674db,Branch,ACLineSegment,1,FTLN_SHEFFI1_1 1 1 69kV,6577,SHEFFIEL2A,SHEFFIEL,6578,FTLN2A,FTLN,1,FTLN_SHEFFI1_1,60004850.0,FTLN_SHEF1,,,1,Line,SHEF2A,FTLN2A,FTLN_SHEF1_1,1,duplicate_match,different
1540,3ca6edd5-c636-4435-a2fd-014ca0c674db,Branch,ACLineSegment,1,FTLN_SHEFFI1_1 1 1 69kV,6577,SHEFFIEL2A,SHEFFIEL,6578,FTLN2A,FTLN,1,FTLN_SHEFFI1_1,60008086.0,FTLN_SHEFFI11,,,1,Line,SHEFFIEL2A,FTLN2A,FTLN_SHEFFI1_1,1,duplicate_match,different
1541,cbf05758-00b9-4c79-9865-9257b54d3b68,Branch,ACLineSegment,1,MCADTP_PADC1_1 1 1 69kV,6132,PADC2A,PADC,60381,MCADAMST2A,MCADTP,1,MCADTP_PADC1_1,60006079.0,MCADTP_PADC11,,,1,Line,MCADAMST2A,PADC2A,MCADTP_PADC1_1,1,duplicate_match,different
1541,cbf05758-00b9-4c79-9865-9257b54d3b68,Branch,ACLineSegment,1,MCADTP_PADC1_1 1 1 69kV,6132,PADC2A,PADC,60381,MCADAMST2A,MCADTP,1,MCADTP_PADC1_1,60084303.0,MCAD_PADC11,,,1,Line,,,MCAD_PADC1_1,1,duplicate_match,different
1574,ee70a6b3-d149-4ade-a7e6-2acc0bea0a7b,Branch,ACLineSegment,1,COKEST_REDCRE1_1 1 1 138kV,6442,REDCREEK4A,REDCREEK,6449,COKESTRE4A,COKESTRE,1,COKEST_REDCRE1_1,60086733.0,SACK_SARC11,,,1,Line,SACK4A,SARC4A,SACK_SARC1_1,1,duplicate_match,different
1574,ee70a6b3-d149-4ade-a7e6-2acc0bea0a7b,Branch,ACLineSegment,1,COKEST_REDCRE1_1 1 1 138kV,6442,REDCREEK4A,REDCREEK,6449,COKESTRE4A,COKESTRE,1,COKEST_REDCRE1_1,60008067.0,COKEST_REDCRE11,,,1,Line,REDCREEK4A,COKESTRE4A,COKEST_REDCRE1_1,1,duplicate_match,different
1577,903b858f-ae76-49cb-a7a1-7fced930bd28,Branch,ACLineSegment,1,AILEEN_FTPP1_1 1 1 138kV,6222,FTPP4A,FTPP,6291,AILEEN2A,AILEEN,1,AILEEN_FTPP1_1,60002938.0,AILN_FTPP1,,,1,Line,FTPP4A,AILN2A,AILN_FTPP1_1,1,duplicate_match,different
1577,903b858f-ae76-49cb-a7a1-7fced930bd28,Branch,ACLineSegment,1,AILEEN_FTPP1_1 1 1 138kV,6222,FTPP4A,FTPP,6291,AILEEN2A,AILEEN,1,AILEEN_FTPP1_1,60009042.0,AILEEN_FTPP11,,,1,Line,AILEEN2A,FTPP4A,AILEEN_FTPP1_1,1,duplicate_match,different
1579,37ff85b3-92bc-4a0b-9d25-ee5556374bfa,Branch,ACLineSegment,1,CANYON_COUNTR1_1 1 1 138kV,6292,COUNTRYC4A,COUNTRYC,6293,CANYONRO4A,CANYONRO,1,CANYON_COUNTR1_1,60009080.0,CANYON_COUNTR11,,,1,Line,CANYONRO4A,COUNTRYC4A,CANYON_COUNTR1_1,1,duplicate_match,different
1579,37ff85b3-92bc-4a0b-9d25-ee5556374bfa,Branch,ACLineSegment,1,CANYON_COUNTR1_1 1 1 138kV,6292,COUNTRYC4A,COUNTRYC,6293,CANYONRO4A,CANYONRO,1,CANYON_COUNTR1_1,60079061.0,ABCC_ABCR11,,,1,Line,ABCR4A,ABCC4A,ABCC_ABCR1_1,1,duplicate_match,different
1580,c6945617-adf7-4d5d-8242-60ef458c7e16,Branch,ACLineSegment,1,ABEAST_AILEEN1_1 1 1 138kV,6275,ABEAST4A,ABEAST,6291,AILEEN2A,AILEEN,1,ABEAST_AILEEN1_1,60009072.0,ABEAST_AILEEN11,,,1,Line,ABEAST4A,AILEEN2A,ABEAST_AILEEN1_1,1,duplicate_match,different
1580,c6945617-adf7-4d5d-8242-60ef458c7e16,Branch,ACLineSegment,1,ABEAST_AILEEN1_1 1 1 138kV,6275,ABEAST4A,ABEAST,6291,AILEEN2A,AILEEN,1,ABEAST_AILEEN1_1,60002838.0,ABEA_AILN1,,,1,Line,ABEA4A,AILN2A,ABEA_AILN1_1,1,duplicate_match,different
1581,8b362f94-afcb-4de0-86dd-cd2a851b4455,Branch,ACLineSegment,1,CANYON_SOUTHA1_1 1 1 138kV,6260,SOUTHABI4A,SOUTHABI,6293,CANYONRO4A,CANYONRO,1,CANYON_SOUTHA1_1,60079070.0,ABCR_ABSO11,,,1,Line,ABSO4A,ABCR4A,ABCR_ABSO1_1,1,duplicate_match,different
1581,8b362f94-afcb-4de0-86dd-cd2a851b4455,Branch,ACLineSegment,1,CANYON_SOUTHA1_1 1 1 138kV,6260,SOUTHABI4A,SOUTHABI,6293,CANYONRO4A,CANYONRO,1,CANYON_SOUTHA1_1,60009062.0,CANYON_SOUTHA11,,,1,Line,SOUTHABI4A,CANYONRO4A,CANYON_SOUTHA1_1,1,duplicate_match,different
1583,00ed1a9d-d2de-426d-a101-f89790f2131b,Branch,ACLineSegment,1,BENFIC_SAPOWE1_1 1 1 138kV,6473,BENFICKL4A,BENFICKL,6480,SAPOWER4B,SAPOWER,1,BENFIC_SAPOWE1_1,60080055.0,BENF_SAPS11,,,1,Line,SAPS4A,BENF4A,BENF_SAPS1_1,1,duplicate_match,different
1583,00ed1a9d-d2de-426d-a101-f89790f2131b,Branch,ACLineSegment,1,BENFIC_SAPOWE1_1 1 1 138kV,6473,BENFICKL4A,BENFICKL,6480,SAPOWER4B,SAPOWER,1,BENFIC_SAPOWE1_1,60008076.0,BENFIC_SAPOWE11,,,1,Line,SAPOWER4B,BENFICKL4A,BENFIC_SAPOWE1_1,1,duplicate_match,different
1589,46ecc7e7-545f-4127-95d2-89b4bf45be5d,Branch,ACLineSegment,1,1054_C _C 1 138kV,12036,KEL_MAG2_8,KLRMG,112034,KELLER_TAPT1,KLRST,_C,1054__C,60092050.0,1054_C,,,1,Line,HRTAG2_T8,KEL_MAG2_8,1054__C,_C,duplicate_match,different
1589,46ecc7e7-545f-4127-95d2-89b4bf45be5d,Branch,ACLineSegment,1,1054_C _C 1 138kV,12036,KEL_MAG2_8,KLRMG,112034,KELLER_TAPT1,KLRST,_C,1054__C,60000074.0,1060_K,,,1,Line,HRTAG2_T8,KEL_MAG2_8,1060__K,_K,duplicate_match,different
1599,090d29d8-98e5-4c75-8052-5d9b27ef25f3,Branch,ACLineSegment,1,LONGWR_ROBY1_1 1 1 69kV,6195,ROBY2A,ROBY,6661,LONGWRTH2A,LONGWRTH,1,LONGWR_ROBY1_1,60009029.0,LONGWR_ROBY11,,,1,Line,LONGWRTH2A,ROBY2A,LONGWR_ROBY1_1,1,duplicate_match,different
1599,090d29d8-98e5-4c75-8052-5d9b27ef25f3,Branch,ACLineSegment,1,LONGWR_ROBY1_1 1 1 69kV,6195,ROBY2A,ROBY,6661,LONGWRTH2A,LONGWRTH,1,LONGWR_ROBY1_1,60002410.0,6780_B,,,1,Line,ROBY2A,LONGWRTH2A,6780_B_1,1,duplicate_match,different
1604,b47afb28-3f00-406d-b9a0-204fc6c82b15,Branch,ACLineSegment,1,KINGRN_STRATT1_1 1 1 138kV,8514,STRATTON4A,STRATTON,80228,KRGP4A,KINGRNCH,1,KINGRN_STRATT1_1,60005634.0,KINGRN_STRATT11,,,1,Line,STRATTON4A,KRGP4A,KINGRN_STRATT1_1,1,duplicate_match,different
1604,b47afb28-3f00-406d-b9a0-204fc6c82b15,Branch,ACLineSegment,1,KINGRN_STRATT1_1 1 1 138kV,8514,STRATTON4A,STRATTON,80228,KRGP4A,KINGRNCH,1,KINGRN_STRATT1_1,60083571.0,KRANC_LHILL_1A1,,,1,Line,,,KRANC_LHILL_1A_1,1,duplicate_match,different
1613,506a95c4-ff07-46cc-b629-e3414362a7c4,Branch,ACLineSegment,1,3340_H _H 1 138kV,2797,EPCNT2T_8,ECTP2,2799,EPCNT2_8,EMPCT,_H,3340__H,60011918.0,3340_H,,,1,Line,EPCNT2T_8,EPCNT2_8,3340__H,_H,duplicate_match,different
1613,506a95c4-ff07-46cc-b629-e3414362a7c4,Branch,ACLineSegment,1,3340_H _H 1 138kV,2797,EPCNT2T_8,ECTP2,2799,EPCNT2_8,EMPCT,_H,3340__H,60001212.0,3350_B,,,1,Line,EPCNT2T_8,EPCNT2_8,3350__B,_B,duplicate_match,different
1728,32243790-03e7-4cb9-a3b7-f6bdfc6965d3,Branch,ACLineSegment,1,CHIS_AVND_1 1 1 138kV,585,CHISOLM,CHISOLM,637,ROSEMARY,ROSEMARY,1,CHIS_ROSM_1,60012104.0,CHIS_ROSM1,,,1,Line,ROSEMARY,CHISOLM,CHIS_ROSM_1,1,duplicate_match,different
1728,32243790-03e7-4cb9-a3b7-f6bdfc6965d3,Branch,ACLineSegment,1,CHIS_AVND_1 1 1 138kV,585,CHISOLM,CHISOLM,637,ROSEMARY,ROSEMARY,1,CHIS_ROSM_1,60003806.0,CHIS_AVND,,,1,Line,CHISOLM,AVONDALE,CHIS_AVND_1,1,duplicate_match,different
1742,276dc6c8-5f4b-4bf5-bbec-850a9ef2df3a,Branch,ACLineSegment,1,ALPINE_ALPR1_1 1 1 69kV,6665,ALPR2A,ALPR,6666,ALPINE2A,ALPINE,1,ALPINE_ALPR1_1,60003007.0,ALPI_ALPR1,,,1,Line,ALPR2A,ALPI2A,ALPI_ALPR1_1,1,duplicate_match,different
1742,276dc6c8-5f4b-4bf5-bbec-850a9ef2df3a,Branch,ACLineSegment,1,ALPINE_ALPR1_1 1 1 69kV,6665,ALPR2A,ALPR,6666,ALPINE2A,ALPINE,1,ALPINE_ALPR1_1,60008690.0,ALPINE_ALPR11,,,1,Line,ALPINE2A,ALPR2A,ALPINE_ALPR1_1,1,duplicate_match,different
1749,830cf5ac-edc3-4f64-ba08-925701685ce9,Branch,ACLineSegment,1,CHILLI_PAUL1_1 1 1 69kV,6048,PAUL2A,PAUL,6057,CHILLICO2A,CHILLICO,1,CHILLI_PAUL1_1,60009013.0,CHILLI_PAUL11,,,1,Line,CHILLICO2A,PAUL2A,CHILLI_PAUL1_1,1,duplicate_match,different
1749,830cf5ac-edc3-4f64-ba08-925701685ce9,Branch,ACLineSegment,1,CHILLI_PAUL1_1 1 1 69kV,6048,PAUL2A,PAUL,6057,CHILLICO2A,CHILLICO,1,CHILLI_PAUL1_1,60003808.0,CHLC_PAUL1,,,1,Line,PAUL2A,CHLC2A,CHLC_PAUL1_1,1,duplicate_match,different
1751,90361684-782d-4597-9ee4-55287f45723c,Branch,ACLineSegment,1,ABNTHW_ONYXRE1_1 1 1 69kV,6224,ABNTHWST2A,ABNTHWST,6236,ONYXREA2A,ONYXREA,1,ABNTHW_ONYXRE1_1,60009043.0,ABNTHW_ONYXRE11,,,1,Line,ONYXREA2A,ABNTHWST2A,ABNTHW_ONYXRE1_1,1,duplicate_match,different
1751,90361684-782d-4597-9ee4-55287f45723c,Branch,ACLineSegment,1,ABNTHW_ONYXRE1_1 1 1 69kV,6224,ABNTHWST2A,ABNTHWST,6236,ONYXREA2A,ONYXREA,1,ABNTHW_ONYXRE1_1,60002857.0,ABNW_ABON1,,,1,Line,ABNW2A,ABON2A,ABNW_ABON1_1,1,duplicate_match,different
1752,e0e8b3a5-042b-4788-8b62-8c5423cd2839,Branch,ACLineSegment,1,ALPINE_MARFA1_1 1 1 69kV,6666,ALPINE2A,ALPINE,6681,MARFA2A,MARFA,1,ALPINE_MARFA1_1,60003009.0,ALPI_MARF1,,,1,Line,ALPI2A,MARF2A,ALPI_MARF1_1,1,duplicate_match,different
1752,e0e8b3a5-042b-4788-8b62-8c5423cd2839,Branch,ACLineSegment,1,ALPINE_MARFA1_1 1 1 69kV,6666,ALPINE2A,ALPINE,6681,MARFA2A,MARFA,1,ALPINE_MARFA1_1,60009126.0,ALPINE_MARFA11,,,1,Line,ALPINE2A,MARFA2A,ALPINE_MARFA1_1,1,duplicate_match,different
1756,b0bd89fe-5962-4176-aa67-070ffc061397,Branch,ACLineSegment,1,RAINEY_WALNTT1_1 1 1 69kV,6221,RAINEYCR2A,RAINEYCR,6244,WALNTTAP2A,WALNTTAP,1,RAINEY_WALNTT1_1,60002872.0,ABRC_ABWT1,,,1,Line,ABRC2A,ABWT2A,ABRC_ABWT1_1,1,duplicate_match,different
1756,b0bd89fe-5962-4176-aa67-070ffc061397,Branch,ACLineSegment,1,RAINEY_WALNTT1_1 1 1 69kV,6221,RAINEYCR2A,RAINEYCR,6244,WALNTTAP2A,WALNTTAP,1,RAINEY_WALNTT1_1,60009039.0,RAINEY_WALNTT11,,,1,Line,RAINEYCR2A,WALNTTAP2A,RAINEY_WALNTT1_1,1,duplicate_match,different
1757,4659fa57-e663-436d-b832-fb7f54a0034b,Branch,ACLineSegment,1,ARROTT_HULLDA1_1 1 1 69kV,6496,ARROTT2A,ARROTT,6497,HULLDALE2A,HULLDALE,1,ARROTT_HULLDA1_1,60003090.0,AROT_HULD1,,,1,Line,AROT2A,HULD2A,AROT_HULD1_1,1,duplicate_match,different
1757,4659fa57-e663-436d-b832-fb7f54a0034b,Branch,ACLineSegment,1,ARROTT_HULLDA1_1 1 1 69kV,6496,ARROTT2A,ARROTT,6497,HULLDALE2A,HULLDALE,1,ARROTT_HULLDA1_1,60012700.0,ARROTT_HULLDA11,,,1,Line,HULLDALE2A,ARROTT2A,ARROTT_HULLDA1_1,1,duplicate_match,different
1758,14753ad7-f7ec-411a-9951-28a7d5e0dc3a,Branch,ACLineSegment,1,SAPOWE_SASOUT1_1 1 1 69kV,6455,SASOUTH2A,SASOUTH,6478,SAPOWER2A,SAPOWER,1,SAPOWE_SASOUT1_1,60008071.0,SAPOWE_SASOUT11,,,1,Line,SAPOWER2A,SASOUTH2A,SAPOWE_SASOUT1_1,1,duplicate_match,different
1758,14753ad7-f7ec-411a-9951-28a7d5e0dc3a,Branch,ACLineSegment,1,SAPOWE_SASOUT1_1 1 1 69kV,6455,SASOUTH2A,SASOUTH,6478,SAPOWER2A,SAPOWER,1,SAPOWE_SASOUT1_1,60087068.0,SAPS_SASO11,,,1,Line,SAPS2A,SASL2A,SAPS_SASO1_1,1,duplicate_match,different
1759,e5a42da5-11f4-40c3-999e-897eb002950f,Branch,ACLineSegment,1,ELMCRK_SHELTO1_1 1 1 69kV,6253,ELMCRK2A,ELMCRK,6270,SHELTONS2A,SHELTONS,1,ELMCRK_SHELTO1_1,60002844.0,ABEC_ABSH1,,,1,Line,ABEC2A,ABSH2A,ABEC_ABSH1_1,1,duplicate_match,different
1759,e5a42da5-11f4-40c3-999e-897eb002950f,Branch,ACLineSegment,1,ELMCRK_SHELTO1_1 1 1 69kV,6253,ELMCRK2A,ELMCRK,6270,SHELTONS2A,SHELTONS,1,ELMCRK_SHELTO1_1,60009054.0,ELMCRK_SHELTO11,,,1,Line,SHELTONS2A,ELMCRK2A,ELMCRK_SHELTO1_1,1,duplicate_match,different
1778,21e7da8b-8bfa-4a6b-95a0-48fca6442cca,Branch,ACLineSegment,1,567_D _D 1 138kV,2527,STONEYPT_P8,STNPT,2708,CLIMAX_P8,CLIMX,_D,567__D,60001713.0,565_B_OldTeid,,,1,Line,STONEYPT_P8,CLIMAX_P8,565__B_OldTeid,_B,duplicate_match,different
1778,21e7da8b-8bfa-4a6b-95a0-48fca6442cca,Branch,ACLineSegment,1,567_D _D 1 138kV,2527,STONEYPT_P8,STNPT,2708,CLIMAX_P8,CLIMX,_D,567__D,60011907.0,567_D,,,1,Line,STONEYPT_P8,CLIMAX_P8,567__D,_D,duplicate_match,different
1780,ef3f2915-8f0b-4546-a551-0ce98ef18a64,Branch,ACLineSegment,1,6101__I _I 1 138kV,1150,AMOCO3BA_T8,AMTBT,1151,AMOCO3BA_8,TBAMO,_I,6101__I,60001871.0,6100_I,,,1,Line,AMOCO3BA_T8,AMOCO3BA_8,6100__I,_I,duplicate_match,different
1780,ef3f2915-8f0b-4546-a551-0ce98ef18a64,Branch,ACLineSegment,1,6101__I _I 1 138kV,1150,AMOCO3BA_T8,AMTBT,1151,AMOCO3BA_8,TBAMO,_I,6101__I,60010860.0,6101_I,,,1,Line,AMOCO3BA_T8,AMOCO3BA_8,6101__I,_I,duplicate_match,different
1787,33c35095-646c-4e10-b53b-3f94f6f8b881,Branch,ACLineSegment,1,605_A _A 1 138kV,3609,TEMP_NW1_8,TMPNW,3610,BELTON1_8,BLTON,_A,605__A,60001968.0,620_A,,,1,Line,TEMP_NW1_8,BELTON1_8,620__A,_A,duplicate_match,different
1787,33c35095-646c-4e10-b53b-3f94f6f8b881,Branch,ACLineSegment,1,605_A _A 1 138kV,3609,TEMP_NW1_8,TMPNW,3610,BELTON1_8,BLTON,_A,605__A,60094884.0,605_A,,,1,Line,TEMP_NW1_8,BELTON1_8,605__A,_A,duplicate_match,different
1813,0c4ca824-9d89-4ca6-b62b-dbffe431f8f7,Branch,ACLineSegment,1,OVERST_SOUTHA1_1 1 1 69kV,6258,SOUTHABI2A,SOUTHABI,6272,OVERSTRE2A,OVERSTRE,1,OVERST_SOUTHA1_1,60009060.0,OVERST_SOUTHA11,,,1,Line,SOUTHABI2A,OVERSTRE2A,OVERST_SOUTHA1_1,1,duplicate_match,different
1813,0c4ca824-9d89-4ca6-b62b-dbffe431f8f7,Branch,ACLineSegment,1,OVERST_SOUTHA1_1 1 1 69kV,6258,SOUTHABI2A,SOUTHABI,6272,OVERSTRE2A,OVERSTRE,1,OVERST_SOUTHA1_1,60002866.0,ABOV_ABSO1,,,1,Line,ABSO2A,ABOV2A,ABOV_ABSO1_1,1,duplicate_match,different
1816,b8f17737-27bf-4a67-b306-fe27f7d83055,Branch,ACLineSegment,1,ARROTT_CRIS1_1 1 1 69kV,6495,CRIS2A,CRIS,6496,ARROTT2A,ARROTT,1,ARROTT_CRIS1_1,60003089.0,AROT_CRIS1,,,1,Line,CRIS2A,AROT2A,AROT_CRIS1_1,1,duplicate_match,different
1816,b8f17737-27bf-4a67-b306-fe27f7d83055,Branch,ACLineSegment,1,ARROTT_CRIS1_1 1 1 69kV,6495,CRIS2A,CRIS,6496,ARROTT2A,ARROTT,1,ARROTT_CRIS1_1,60009108.0,ARROTT_CRIS11,,,1,Line,CRIS2A,ARROTT2A,ARROTT_CRIS1_1,1,duplicate_match,different
1819,0d95a70c-cdea-48f5-aa36-9ffb3bfa344c,Branch,ACLineSegment,1,HAMR_RADIUM1_1 1 1 69kV,6180,RADIUM2A,RADIUM,6183,HAMR2A,HAMR,1,HAMR_RADIUM1_1,60005211.0,HAMR_RADM1,,,1,Line,RADM2A,HAMR2A,HAMR_RADM1_1,1,duplicate_match,different
1819,0d95a70c-cdea-48f5-aa36-9ffb3bfa344c,Branch,ACLineSegment,1,HAMR_RADIUM1_1 1 1 69kV,6180,RADIUM2A,RADIUM,6183,HAMR2A,HAMR,1,HAMR_RADIUM1_1,60008670.0,HAMR_RADIUM11,,,1,Line,HAMR2A,RADIUM2A,HAMR_RADIUM1_1,1,duplicate_match,different
1824,f851c5e0-3efe-4a82-b1d6-58de5203bc87,Branch,ACLineSegment,1,DYESS2_DYESS31_1 1 1 69kV,6265,DYESS2AB2A,DYESS2AB,6274,DYESS3AB2A,DYESS3AB,1,DYESS2_DYESS31_1,60002828.0,ABD2_DYESS31,,,1,Line,ABDYES22,DYESS3AB2A,ABD2_DYESS31_1,1,duplicate_match,different
1824,f851c5e0-3efe-4a82-b1d6-58de5203bc87,Branch,ACLineSegment,1,DYESS2_DYESS31_1 1 1 69kV,6265,DYESS2AB2A,DYESS2AB,6274,DYESS3AB2A,DYESS3AB,1,DYESS2_DYESS31_1,60009608.0,DYESS2_DYESS311,,,1,Line,DYESS3AB2A,DYESS2AB2A,DYESS2_DYESS31_1,1,duplicate_match,different
1833,bf9927db-d7fd-415e-97e3-e725911635f5,Branch,ACLineSegment,1,BAIRD_CLYDE1_1 1 1 69kV,6305,CLYDE2A,CLYDE,6306,BAIRD2A,BAIRD,1,BAIRD_CLYDE1_1,60009085.0,BAIRD_CLYDE11,,,1,Line,BAIRD2A,CLYDE2A,BAIRD_CLYDE1_1,1,duplicate_match,different
1833,bf9927db-d7fd-415e-97e3-e725911635f5,Branch,ACLineSegment,1,BAIRD_CLYDE1_1 1 1 69kV,6305,CLYDE2A,CLYDE,6306,BAIRD2A,BAIRD,1,BAIRD_CLYDE1_1,60003178.0,BAIR_CLYD1,,,1,Line,CLYD2A,BAIR2A,BAIR_CLYD1_1,1,duplicate_match,different
1838,341595c4-33e7-44d2-ab62-e464b165335c,Branch,ACLineSegment,1,BALLIN_PAINTR1_1 1 1 69kV,6338,BALLINGE2A,BALLINGE,6369,PTRK2A,PAINTROC,1,BALLIN_PAINTR1_1,60003186.0,BALG_PAINTR1,,,1,Line,BALG2A,PTRK2A,BALG_PAINTR1_1,1,duplicate_match,different
1838,341595c4-33e7-44d2-ab62-e464b165335c,Branch,ACLineSegment,1,BALLIN_PAINTR1_1 1 1 69kV,6338,BALLINGE2A,BALLINGE,6369,PTRK2A,PAINTROC,1,BALLIN_PAINTR1_1,60009096.0,BALLIN_PAINTR11,,,1,Line,BALLINGE2A,PTRK2A,BALLIN_PAINTR1_1,1,duplicate_match,different
1839,47974de5-7ae9-4612-b726-af5095e69ce5,Branch,ACLineSegment,1,ARNT_ELMCRK1_1 1 1 69kV,6253,ELMCRK2A,ELMCRK,6266,ARNT2A,ARNT,1,ARNT_ELMCRK1_1,60009053.0,ARNT_ELMCRK11,,,1,Line,ELMCRK2A,ARNT2A,ARNT_ELMCRK1_1,1,duplicate_match,different
1839,47974de5-7ae9-4612-b726-af5095e69ce5,Branch,ACLineSegment,1,ARNT_ELMCRK1_1 1 1 69kV,6253,ELMCRK2A,ELMCRK,6266,ARNT2A,ARNT,1,ARNT_ELMCRK1_1,60002846.0,ABEC_ARNT1,,,1,Line,ABEC2A,ARNT2A,ABEC_ARNT1_1,1,duplicate_match,different
1843,2f06dbd3-96d0-44cb-88e5-ccb1ba726a56,Branch,ACLineSegment,1,PAINTC_STAMFP1_1 1 1 69kV,6005,STAMFPMP2A,STAMFPMP,6159,PAINTCRE2A,PAINTCRE,1,PAINTC_STAMFP1_1,60008419.0,PAINTC_STAMFP11,,,1,Line,PAINTCRE2A,STAMFPMP2A,PAINTC_STAMFP1_1,1,duplicate_match,different
1843,2f06dbd3-96d0-44cb-88e5-ccb1ba726a56,Branch,ACLineSegment,1,PAINTC_STAMFP1_1 1 1 69kV,6005,STAMFPMP2A,STAMFPMP,6159,PAINTCRE2A,PAINTCRE,1,PAINTC_STAMFP1_1,60006582.0,PAIP_STAMFP1,,,1,Line,STAMFPMP2A,PAIP2A,PAIP_STAMFP1_1,1,duplicate_match,different
1844,575b0785-8f15-4cda-8c57-d31e6b2b1d88,Branch,ACLineSegment,1,CONCHO_JACKSN1_1 1 1 69kV,6001,JACKSNTP2A,JACKSNTP,6450,CONCHO2A,CONCHO,1,CONCHO_JACKSN1_1,60008416.0,CONCHO_JACKSN11,,,1,Line,CONCHO2A,JACKSNTP2A,CONCHO_JACKSN1_1,1,duplicate_match,different
1844,575b0785-8f15-4cda-8c57-d31e6b2b1d88,Branch,ACLineSegment,1,CONCHO_JACKSN1_1 1 1 69kV,6001,JACKSNTP2A,JACKSNTP,6450,CONCHO2A,CONCHO,1,CONCHO_JACKSN1_1,60086791.0,SACO_SAJT11,,,1,Line,SAJT2A,SACO2A,SACO_SAJT1_1,1,duplicate_match,different
1845,71513912-d594-4b84-abdc-016103a83546,Branch,ACLineSegment,1,VOGELT_WALNTT1_1 1 1 69kV,6239,VOGELTAP2A,VOGELTAP,6244,WALNTTAP2A,WALNTTAP,1,VOGELT_WALNTT1_1,60009051.0,VOGELT_WALNTT11,,,1,Line,VOGELTAP2A,WALNTTAP2A,VOGELT_WALNTT1_1,1,duplicate_match,different
1845,71513912-d594-4b84-abdc-016103a83546,Branch,ACLineSegment,1,VOGELT_WALNTT1_1 1 1 69kV,6239,VOGELTAP2A,VOGELTAP,6244,WALNTTAP2A,WALNTTAP,1,VOGELT_WALNTT1_1,60002887.0,ABVT_ABWT1,,,1,Line,ABVT2A,ABWT2A,ABVT_ABWT1_1,1,duplicate_match,different
1847,06bdf48d-1815-4929-b52f-7d2c9575174a,Branch,ACLineSegment,1,CEDRHI_SILT1_1 1 1 69kV,6423,CEDRHILL2A,CEDRHILL,6431,SILVRTP2,SILT,1,CEDRHI_SILT1_1,60008066.0,CEDRHI_SILT11,,,1,Line,SILVRTP2,CEDRHILL2A,CEDRHI_SILT1_1,1,duplicate_match,different
1847,06bdf48d-1815-4929-b52f-7d2c9575174a,Branch,ACLineSegment,1,CEDRHI_SILT1_1 1 1 69kV,6423,CEDRHILL2A,CEDRHILL,6431,SILVRTP2,SILT,1,CEDRHI_SILT1_1,60003753.0,CEDH_SILT1,,,1,Line,CEDH2A,SILVRTP2,CEDH_SILT1_1,1,duplicate_match,different
1878,d6a5b315-cc46-4eae-b5d9-7ea8c756b08f,Branch,ACLineSegment,1,MCMURR_SHELTO1_1 1 1 69kV,6270,SHELTONS2A,SHELTONS,6271,MCMURRY2A,MCMURRY,1,MCMURR_SHELTO1_1,60002854.0,ABMM_ABSH1,,,1,Line,ABSH2A,ABMM2A,ABMM_ABSH1_1,1,duplicate_match,different
1878,d6a5b315-cc46-4eae-b5d9-7ea8c756b08f,Branch,ACLineSegment,1,MCMURR_SHELTO1_1 1 1 69kV,6270,SHELTONS2A,SHELTONS,6271,MCMURRY2A,MCMURRY,1,MCMURR_SHELTO1_1,60009067.0,MCMURR_SHELTO11,,,1,Line,SHELTONS2A,MCMURRY2A,MCMURR_SHELTO1_1,1,duplicate_match,different
1879,49d65bd2-3b6e-4db1-ab46-602151d68899,Branch,ACLineSegment,1,SANORT_SAWT1_1 1 1 69kV,6462,SANORTH2A,SANORTH,6466,SAWT2A,SAWT,1,SANORT_SAWT1_1,60007095.0,SANO_SAWT1,,,1,Line,SANO2A,SAWT2A,SANO_SAWT1_1,1,duplicate_match,different
1879,49d65bd2-3b6e-4db1-ab46-602151d68899,Branch,ACLineSegment,1,SANORT_SAWT1_1 1 1 69kV,6462,SANORTH2A,SANORTH,6466,SAWT2A,SAWT,1,SANORT_SAWT1_1,60008433.0,SANORT_SAWT11,,,1,Line,SAWT2A,SANORTH2A,SANORT_SAWT1_1,1,duplicate_match,different
1882,1a47f036-25d4-4c56-9624-5007d4576159,Branch,ACLineSegment,1,CROSSP_RIST1_1 1 1 69kV,6357,CROSSPLA2A,CROSSPLA,6358,RIST2A,RIST,1,CROSSP_RIST1_1,60004157.0,CRPL_RIST1,,,1,Line,CRPL2A,RIST2A,CRPL_RIST1_1,1,duplicate_match,different
1882,1a47f036-25d4-4c56-9624-5007d4576159,Branch,ACLineSegment,1,CROSSP_RIST1_1 1 1 69kV,6357,CROSSPLA2A,CROSSPLA,6358,RIST2A,RIST,1,CROSSP_RIST1_1,60008061.0,CROSSP_RIST11,,,1,Line,RIST2A,CROSSPLA2A,CROSSP_RIST1_1,1,duplicate_match,different
1886,887bfdc2-534a-4539-b3c9-669fa4c184a7,Branch,ACLineSegment,1,CHERRT_VERH1_1 1 1 69kV,6649,VERH2A,VERH,6650,CHERRTAP2A,CHERRTAP,1,CHERRT_VERH1_1,60009122.0,CHERRT_VERH11,,,1,Line,CHERRTAP2A,VERH2A,CHERRT_VERH1_1,1,duplicate_match,different
1886,887bfdc2-534a-4539-b3c9-669fa4c184a7,Branch,ACLineSegment,1,CHERRT_VERH1_1 1 1 69kV,6649,VERH2A,VERH,6650,CHERRTAP2A,CHERRTAP,1,CHERRT_VERH1_1,60003730.0,CCRT_VERH1,,,1,Line,VERH2A,CCRT2A,CCRT_VERH1_1,1,duplicate_match,different
1890,c9eff4b7-bfcb-4572-b346-16c303431086,Branch,ACLineSegment,1,ALMC_MARFA1_1 1 1 69kV,6678,ALMC2A,ALMC,6681,MARFA2A,MARFA,1,ALMC_MARFA1_1,60002997.0,ALMC_MARF1,,,1,Line,ALMC2A,MARF2A,ALMC_MARF1_1,1,duplicate_match,different
1890,c9eff4b7-bfcb-4572-b346-16c303431086,Branch,ACLineSegment,1,ALMC_MARFA1_1 1 1 69kV,6678,ALMC2A,ALMC,6681,MARFA2A,MARFA,1,ALMC_MARFA1_1,60009128.0,ALMC_MARFA11,,,1,Line,MARFA2A,ALMC2A,ALMC_MARFA1_1,1,duplicate_match,different
1894,5f807230-30d3-4ca1-8850-399e32d02a9c,Branch,ACLineSegment,1,HASTXT_JOSSEL1_1 1 1 69kV,6123,JOSSELLE2A,JOSSELLE,6124,HASTXTP2A,HASTXTP,1,HASTXT_JOSSEL1_1,60005241.0,HASTXT_JOSS1,,,1,Line,JOSS2A,HASTXTP2A,HASTXT_JOSS1_1,1,duplicate_match,different
1894,5f807230-30d3-4ca1-8850-399e32d02a9c,Branch,ACLineSegment,1,HASTXT_JOSSEL1_1 1 1 69kV,6123,JOSSELLE2A,JOSSELLE,6124,HASTXTP2A,HASTXTP,1,HASTXT_JOSSEL1_1,60009020.0,HASTXT_JOSSEL11,,,1,Line,HASTXTP2A,JOSSELLE2A,HASTXT_JOSSEL1_1,1,duplicate_match,different
1900,40f602a1-3d88-4c02-8e35-739ce61b48ec,Branch,ACLineSegment,1,CHILLI_CHLC_V1_1 1 1 69kV,6056,CHLC_VER2A,CHLC_VER,6057,CHILLICO2A,CHILLICO,1,CHILLI_CHLC_V1_1,60009015.0,CHILLI_CHLC_V11,,,1,Line,CHLC_VER2A,CHILLICO2A,CHILLI_CHLC_V1_1,1,duplicate_match,different
1900,40f602a1-3d88-4c02-8e35-739ce61b48ec,Branch,ACLineSegment,1,CHILLI_CHLC_V1_1 1 1 69kV,6056,CHLC_VER2A,CHLC_VER,6057,CHILLICO2A,CHILLICO,1,CHILLI_CHLC_V1_1,60003807.0,CHLC_CHLC_V1,,,1,Line,CHLC_VER2A,CHLC2A,CHLC_CHLC_V1_1,1,duplicate_match,different
1902,3f57c74b-3662-4e7b-8edc-7a15a1e45fb2,Branch,ACLineSegment,1,CLYM_T_ELMDAL1_1 1 1 69kV,6301,ELMDALE2A,ELMDALE,6302,CLYM2A,CLYM_T,1,CLYM_T_ELMDAL1_1,60009082.0,CLYM_T_ELMDAL11,,,1,Line,ELMDALE2A,CLYM2A,CLYM_T_ELMDAL1_1,1,duplicate_match,different
1902,3f57c74b-3662-4e7b-8edc-7a15a1e45fb2,Branch,ACLineSegment,1,CLYM_T_ELMDAL1_1 1 1 69kV,6301,ELMDALE2A,ELMDALE,6302,CLYM2A,CLYM_T,1,CLYM_T_ELMDAL1_1,60002849.0,ABED_CLYM_T1,,,1,Line,ABED2A,CLYDMGT2,ABED_CLYM_T1_1,1,duplicate_match,different
1907,9401767a-a3d9-40d7-b0ff-3310f58c03f6,Branch,ACLineSegment,1,SASOUT_SAST1_1 1 1 138kV,6453,SAST4A,SAST,6454,SASOUTH4A,SASOUTH,1,SASOUT_SAST1_1,60007109.0,SASO_SAST1,,,1,Line,SAST4A,SASO4A,SASO_SAST1_1,1,duplicate_match,different
1907,9401767a-a3d9-40d7-b0ff-3310f58c03f6,Branch,ACLineSegment,1,SASOUT_SAST1_1 1 1 138kV,6453,SAST4A,SAST,6454,SASOUTH4A,SASOUTH,1,SASOUT_SAST1_1,60008070.0,SASOUT_SAST11,,,1,Line,SASOUTH4A,SAST4A,SASOUT_SAST1_1,1,duplicate_match,different
1910,bde65b03-2b49-47f0-b12e-eff2f999f0a4,Branch,ACLineSegment,1,HAMLIN_PLST1_1 1 1 69kV,6185,HAMLIN2A,HAMLIN,6193,PLST2A,PLST,1,HAMLIN_PLST1_1,60008047.0,HAMLIN_PLST11,,,1,Line,HAMLIN2A,PLST2A,HAMLIN_PLST1_1,1,duplicate_match,different
1910,bde65b03-2b49-47f0-b12e-eff2f999f0a4,Branch,ACLineSegment,1,HAMLIN_PLST1_1 1 1 69kV,6185,HAMLIN2A,HAMLIN,6193,PLST2A,PLST,1,HAMLIN_PLST1_1,60005210.0,HAML_PLST1,,,1,Line,HAML2A,PLST2A,HAML_PLST1_1,1,duplicate_match,different
1914,11afaac9-0a6b-4a47-8e4f-ccff6f5dc97a,Branch,ACLineSegment,1,CEDARG_SOUTHA1_1 1 1 69kV,6327,CEDARGAP2A,CEDARGAP,6636,SOUTHABI2B,SOUTHABI,1,CEDARG_SOUTHA1_1,60002825.0,ABCG_ABSO1,,,1,Line,ABSO2A,ABCG2A,ABCG_ABSO1_1,1,duplicate_match,different
1914,11afaac9-0a6b-4a47-8e4f-ccff6f5dc97a,Branch,ACLineSegment,1,CEDARG_SOUTHA1_1 1 1 69kV,6327,CEDARGAP2A,CEDARGAP,6636,SOUTHABI2B,SOUTHABI,1,CEDARG_SOUTHA1_1,60009091.0,CEDARG_SOUTHA11,,,1,Line,SOUTHABI2B,CEDARGAP2A,CEDARG_SOUTHA1_1,1,duplicate_match,different
1915,f9ceb6df-0529-434a-8f0c-f974ad5186d9,Branch,ACLineSegment,1,CHIL_KIRKLA1_1 1 1 69kV,6032,CHIL2A,CHIL,6053,KIRKLAND2A,KIRKLAND,1,CHIL_KIRKLA1_1,60009010.0,CHIL_KIRKLA11,,,1,Line,CHIL2A,KIRKLAND2A,CHIL_KIRKLA1_1,1,duplicate_match,different
1915,f9ceb6df-0529-434a-8f0c-f974ad5186d9,Branch,ACLineSegment,1,CHIL_KIRKLA1_1 1 1 69kV,6032,CHIL2A,CHIL,6053,KIRKLAND2A,KIRKLAND,1,CHIL_KIRKLA1_1,60003803.0,CHIL_KIRK1,,,1,Line,CHIL2A,KIRK2A,CHIL_KIRK1_1,1,duplicate_match,different
1917,c238eee2-3f33-4321-8261-d57de89eda12,Branch,ACLineSegment,1,ABNTHW_VOGELT1_1 1 1 69kV,6224,ABNTHWST2A,ABNTHWST,6239,VOGELTAP2A,VOGELTAP,1,ABNTHW_VOGELT1_1,60002858.0,ABNW_ABVT1,,,1,Line,ABNW2A,ABVT2A,ABNW_ABVT1_1,1,duplicate_match,different
1917,c238eee2-3f33-4321-8261-d57de89eda12,Branch,ACLineSegment,1,ABNTHW_VOGELT1_1 1 1 69kV,6224,ABNTHWST2A,ABNTHWST,6239,VOGELTAP2A,VOGELTAP,1,ABNTHW_VOGELT1_1,60009044.0,ABNTHW_VOGELT11,,,1,Line,ABNTHWST2A,VOGELTAP2A,ABNTHW_VOGELT1_1,1,duplicate_match,different
1918,e245c20b-111e-48db-bbc7-3a8cab9379cd,Branch,ACLineSegment,1,ABPOWE_ELMDAL1_1 1 1 69kV,6282,ABPOWERS2A,ABPOWERS,6301,ELMDALE2A,ELMDALE,1,ABPOWE_ELMDAL1_1,60009076.0,ABPOWE_ELMDAL11,,,1,Line,ELMDALE2A,ABPOWERS2A,ABPOWE_ELMDAL1_1,1,duplicate_match,different
1918,e245c20b-111e-48db-bbc7-3a8cab9379cd,Branch,ACLineSegment,1,ABPOWE_ELMDAL1_1 1 1 69kV,6282,ABPOWERS2A,ABPOWERS,6301,ELMDALE2A,ELMDALE,1,ABPOWE_ELMDAL1_1,60002848.0,ABED_ABPG1,,,1,Line,ABPG2A,ABED2A,ABED_ABPG1_1,1,duplicate_match,different
1920,55f9bce0-c594-4fdf-9b2e-63efc97c1325,Branch,ACLineSegment,1,SAMATH_TANK1_1 1 1 69kV,6477,SAMATHIS2A,SAMATHIS,6528,TANK2A,TANK,1,SAMATH_TANK1_1,60007063.0,SAMF_TANK1,,,1,Line,SAMF2A,TANK2A,SAMF_TANK1_1,1,duplicate_match,different
1920,55f9bce0-c594-4fdf-9b2e-63efc97c1325,Branch,ACLineSegment,1,SAMATH_TANK1_1 1 1 69kV,6477,SAMATHIS2A,SAMATHIS,6528,TANK2A,TANK,1,SAMATH_TANK1_1,60008436.0,SAMATH_TANK11,,,1,Line,TANK2A,SAMATHIS2A,SAMATH_TANK1_1,1,duplicate_match,different
1934,9bd2c46f-0702-48d0-8dfb-83c6004409aa,Branch,ACLineSegment,1,CONCHO_VRBS1_1 1 1 69kV,6409,VRBS2A,VRBS,6450,CONCHO2A,CONCHO,1,CONCHO_VRBS1_1,60004058.0,CONCHO_VRBS11,,,1,Line,VRBS2A,CONCHO2A,CONCHO_VRBS1_1,1,duplicate_match,different
1934,9bd2c46f-0702-48d0-8dfb-83c6004409aa,Branch,ACLineSegment,1,CONCHO_VRBS1_1 1 1 69kV,6409,VRBS2A,VRBS,6450,CONCHO2A,CONCHO,1,CONCHO_VRBS1_1,60086796.0,SACO_VRBS11,,,1,Line,VRBS2A,SACO2A,SACO_VRBS1_1,1,duplicate_match,different
1936,a976c783-594e-4a8f-ada4-48a48892da3f,Branch,ACLineSegment,1,JACKSN_JACKSO1_1 1 1 69kV,6001,JACKSNTP2A,JACKSNTP,6456,JACKSONS2A,JACKSONS,1,JACKSN_JACKSO1_1,60008418.0,JACKSN_JACKSO11,,,1,Line,JACKSNTP2A,JACKSONS2A,JACKSN_JACKSO1_1,1,duplicate_match,different
1936,a976c783-594e-4a8f-ada4-48a48892da3f,Branch,ACLineSegment,1,JACKSN_JACKSO1_1 1 1 69kV,6001,JACKSNTP2A,JACKSNTP,6456,JACKSONS2A,JACKSONS,1,JACKSN_JACKSO1_1,60007046.0,SAJS_SAJT1,,,1,Line,SAJT2A,SAJS2A,SAJS_SAJT1_1,1,duplicate_match,different
1944,8165286e-264d-4a93-8f2f-6d1884968ed7,Branch,ACLineSegment,2,CRAN_MCELRO1_1 1 2 69kV,6607,MCELROY2A,MCELROY,6613,CRAN2A,CRAN,1,CRAN_MCELRO1_1,60008092.0,CRAN_MCELRO11,,,2,Line,CRAN2A,MCELROY2A,CRAN_MCELRO1_1,1,duplicate_match,different
1944,8165286e-264d-4a93-8f2f-6d1884968ed7,Branch,ACLineSegment,2,CRAN_MCELRO1_1 1 2 69kV,6607,MCELROY2A,MCELROY,6613,CRAN2A,CRAN,1,CRAN_MCELRO1_1,60004109.0,CRAN_MCEL1,,,2,Line,MCEL2A,CRAN2A,CRAN_MCEL1_1,1,duplicate_match,different
1949,a9e64bcb-d470-4b67-9527-e17abb16eaca,Branch,ACLineSegment,1,CALCRK_PAINTC1_1 1 1 138kV,6161,PAINTCRE4A,PAINTCRE,6165,CALCRKTP4A,CALCRKTP,1,CALCRK_PAINTC1_1,60008428.0,CALCRK_PAINTC11,,,1,Line,CALCRKTP4A,PAINTCRE4A,CALCRK_PAINTC1_1,1,duplicate_match,different
1949,a9e64bcb-d470-4b67-9527-e17abb16eaca,Branch,ACLineSegment,1,CALCRK_PAINTC1_1 1 1 138kV,6161,PAINTCRE4A,PAINTCRE,6165,CALCRKTP4A,CALCRKTP,1,CALCRK_PAINTC1_1,60003636.0,CALCRK_PAIP1,,,1,Line,PAIP4A,CALCRKTP4A,CALCRK_PAIP1_1,1,duplicate_match,different
1955,c815e5d7-a3b9-4605-aa8c-87f272ad44b7,Branch,ACLineSegment,1,BALLIN_ROWE1_1 1 1 69kV,6338,BALLINGE2A,BALLINGE,6411,ROWE2A,ROWE,1,BALLIN_ROWE1_1,60009097.0,BALLIN_ROWE11,,,1,Line,BALLINGE2A,ROWE2A,BALLIN_ROWE1_1,1,duplicate_match,different
1955,c815e5d7-a3b9-4605-aa8c-87f272ad44b7,Branch,ACLineSegment,1,BALLIN_ROWE1_1 1 1 69kV,6338,BALLINGE2A,BALLINGE,6411,ROWE2A,ROWE,1,BALLIN_ROWE1_1,60003187.0,BALG_ROWE1,,,1,Line,BALG2A,ROWE2A,BALG_ROWE1_1,1,duplicate_match,different
1957,f0efa02f-437e-4096-a82e-cc68d8130bc1,Branch,ACLineSegment,1,GIRARD_GIRA_T1_1 1 1 69kV,6147,GIRARD2A,GIRARD,6151,GIRA_TAP2A,GIRA_TAP,1,GIRARD_GIRA_T1_1,60005056.0,GIRA_GIRA_T1,,,1,Line,GIRA2A,GIRA_TAP2A,GIRA_GIRA_T1_1,1,duplicate_match,different
1957,f0efa02f-437e-4096-a82e-cc68d8130bc1,Branch,ACLineSegment,1,GIRARD_GIRA_T1_1 1 1 69kV,6147,GIRARD2A,GIRARD,6151,GIRA_TAP2A,GIRA_TAP,1,GIRARD_GIRA_T1_1,60009023.0,GIRARD_GIRA_T11,,,1,Line,GIRA_TAP2A,GIRARD2A,GIRARD_GIRA_T1_1,1,duplicate_match,different
1962,c7a2ad1a-1a28-4e63-a5e0-d4be7972869f,Branch,ACLineSegment,1,SAEM_SANORT1_1 1 1 69kV,6457,SAEM2A,SAEM,6462,SANORTH2A,SANORTH,1,SAEM_SANORT1_1,60008432.0,SAEM_SANORT11,,,1,Line,SANORTH2A,SAEM2A,SAEM_SANORT1_1,1,duplicate_match,different
1962,c7a2ad1a-1a28-4e63-a5e0-d4be7972869f,Branch,ACLineSegment,1,SAEM_SANORT1_1 1 1 69kV,6457,SAEM2A,SAEM,6462,SANORTH2A,SANORTH,1,SAEM_SANORT1_1,60007043.0,SAEM_SANO1,,,1,Line,SAEM2A,SANO2A,SAEM_SANO1_1,1,duplicate_match,different
1966,13f06524-1fdd-4f93-9952-bda517d868b8,Branch,ACLineSegment,1,AFTON_ESPU1_1 1 1 69kV,6142,AFTON2A,AFTON,6143,ESPU2A,ESPU,1,AFTON_ESPU1_1,60009022.0,AFTON_ESPU11,,,1,Line,AFTON2A,ESPU2A,AFTON_ESPU1_1,1,duplicate_match,different
1966,13f06524-1fdd-4f93-9952-bda517d868b8,Branch,ACLineSegment,1,AFTON_ESPU1_1 1 1 69kV,6142,AFTON2A,AFTON,6143,ESPU2A,ESPU,1,AFTON_ESPU1_1,60002922.0,AFTO_ESPU1,,,1,Line,AFTO2A,ESPU2A,AFTO_ESPU1_1,1,duplicate_match,different
1968,20dac4e8-b567-495a-b2d4-bd7d2da97a18,Branch,ACLineSegment,1,ATBR_BRONTE1_1 1 1 69kV,6414,BRONTE2A,BRONTE,6418,ATBR2A,ATBR,1,ATBR_BRONTE1_1,60003108.0,ATBR_BRONTE11,,,1,Line,ATBR2A,BRONTE2A,ATBR_BRONTE1_1,1,duplicate_match,different
1968,20dac4e8-b567-495a-b2d4-bd7d2da97a18,Branch,ACLineSegment,1,ATBR_BRONTE1_1 1 1 69kV,6414,BRONTE2A,BRONTE,6418,ATBR2A,ATBR,1,ATBR_BRONTE1_1,60079771.0,ATBR_BRNT11,,,1,Line,ATBR2A,BRNT2A,ATBR_BRNT1_1,1,duplicate_match,different
1974,e117ca1c-2436-4273-b599-b500936f888d,Transformer,PowerTransformer,G1,GS1H 138kV-1kV,161031,REDGATE_5,REDGATE,161036,RG_GSU1,REDGATE,GS1H,REDGATE_GS1H,60112581.0,REDGATE_GS1H,,,G1,Transformer,REDGATE_5,RG_GSU1,REDGATE_GS1H,,duplicate_match,different
1974,e117ca1c-2436-4273-b599-b500936f888d,Transformer,PowerTransformer,G1,GS1H 138kV-1kV,161031,REDGATE_5,REDGATE,161036,RG_GSU1,REDGATE,GS1H,REDGATE_GS1H,60079741.0,ARPT_WESTYA11,,,1,Line,,,ARPT_WESTYA1_1,1,duplicate_match,different
1975,a5bb3fdd-2cb7-4154-9119-2a59b3ff42ac,Branch,ACLineSegment,1,OZNR_OZONA1_1 1 1 69kV,6551,OZNR2A,OZNR,6560,OZONA2A,OZONA,1,OZNR_OZONA1_1,60006562.0,OZNA_OZNR1,,,1,Line,OZNR2A,OZNA2A,OZNA_OZNR1_1,1,duplicate_match,different
1975,a5bb3fdd-2cb7-4154-9119-2a59b3ff42ac,Branch,ACLineSegment,1,OZNR_OZONA1_1 1 1 69kV,6551,OZNR2A,OZNR,6560,OZONA2A,OZONA,1,OZNR_OZONA1_1,60008084.0,OZNR_OZONA11,,,1,Line,OZONA2A,OZNR2A,OZNR_OZONA1_1,1,duplicate_match,different
1976,7c05795f-6c58-49ca-afad-fee4f09ba739,Branch,ACLineSegment,1,1792_B _B 1 138kV,3546,WHITNEY__8,WHTNY,900307,POWELLDM_8,PMPOI,_B,1792__B,60000641.0,1790_F,,,1,Line,WALNUTSP_8,WHITNEY__8,1790__F,_F,duplicate_match,different
1976,7c05795f-6c58-49ca-afad-fee4f09ba739,Branch,ACLineSegment,1,1792_B _B 1 138kV,3546,WHITNEY__8,WHTNY,900307,POWELLDM_8,PMPOI,_B,1792__B,60096903.0,1792_B,,,1,Line,WHITNEY__8,POWELLDM_8,1792__B,_B,duplicate_match,different
1978,46a36ef5-d2d3-41a1-8029-b22525799225,Branch,ACLineSegment,1,1853__A _A 1 138kV,2724,KAUFMN_8,KFMNW,2728,KAUFMN_S_8,KFMSO,_A,1853__A,60000673.0,1850_D,,,1,Line,KAUFMN_8,KAUFMN_S_8,1850__D,_D,duplicate_match,different
1978,46a36ef5-d2d3-41a1-8029-b22525799225,Branch,ACLineSegment,1,1853__A _A 1 138kV,2724,KAUFMN_8,KFMNW,2728,KAUFMN_S_8,KFMSO,_A,1853__A,60012131.0,1853_A,,,1,Line,KAUFMN_8,KAUFMN_S_8,1853__A,_A,duplicate_match,different
2013,394598ff-fba5-4632-83f0-f5336f04eb0c,Transformer,PowerTransformer,A2,AT2H 345kV-1kV,42000,P_H_R___B345,PHR,49148,P_H_R__A2STR,PHR,AT2H,PHR_AT2H,60111447.0,PHR_AT2H_H,,,A2,Transformer,P_H_R___B345,P_H_R__A2STR,PHR_AT2H_H,,duplicate_match,different
2013,394598ff-fba5-4632-83f0-f5336f04eb0c,Transformer,PowerTransformer,A2,AT2H 345kV-1kV,42000,P_H_R___B345,PHR,49148,P_H_R__A2STR,PHR,AT2H,PHR_AT2H,60006693.0,PHR_AT2_H_OldTeid,,,A2,Transformer,P_H_R__POI_8,P_H_R__A2STR,PHR_AT2_H_OldTeid,AT2_H,duplicate_match,different
2030,d746843a-4ac9-4e6c-a32f-f0c72a361001,Branch,ACLineSegment,1,14040__C _C 1 138kV,1337,CRMWDTAP_8,CRM7T,1338,CRMWDSVN_8,CRMW7,_C,14040__C,60079045.0,6470_A,,,1,Line,,,6470__A,_A,duplicate_match,different
2030,d746843a-4ac9-4e6c-a32f-f0c72a361001,Branch,ACLineSegment,1,14040__C _C 1 138kV,1337,CRMWDTAP_8,CRM7T,1338,CRMWDSVN_8,CRMW7,_C,14040__C,60000388.0,14040_C,,,1,Line,CRMWDTAP_8,CRMWDSVN_8,14040__C,_C,duplicate_match,different
2081,62cdb98f-f19c-480e-81f6-f40c68ddec50,Branch,ACLineSegment,1,985_B _B 1 138kV,3131,FOREGROV_8,FGRSW,3248,ATHNSNWT_8,ATHNW,_B,985__B,60113993.0,985_B,,,1,Line,FOREGROV_8,ATHNSNWT_8,985__B,_B,duplicate_match,different
2081,62cdb98f-f19c-480e-81f6-f40c68ddec50,Branch,ACLineSegment,1,985_B _B 1 138kV,3131,FOREGROV_8,FGRSW,3248,ATHNSNWT_8,ATHNW,_B,985__B,60002787.0,970_D,,,1,Line,FOREGROV_8,ATHNSNWT_8,970__D,_D,duplicate_match,different
2104,d3cfdd2e-6eff-45fc-8c6b-bb010d78d024,Branch,ACLineSegment,1,595__A _A 1 138kV,1566,DECATUR_8,DCATR,1582,BENNETT_8,BNTSW,_A,595__A,60001744.0,583_A,,,1,Line,DECATUR_8,BENNETT_8,583__A,_A,duplicate_match,different
2104,d3cfdd2e-6eff-45fc-8c6b-bb010d78d024,Branch,ACLineSegment,1,595__A _A 1 138kV,1566,DECATUR_8,DCATR,1582,BENNETT_8,BNTSW,_A,595__A,60090606.0,595_A,,,1,Line,BENNETT_8,DECATUR_8,595__A,_A,duplicate_match,different
2140,1c00f974-621b-410b-9eed-bae4b47fde91,Branch,ACLineSegment,1,6101__H _H 1 138kV,1149,DOLRHIDE_8,DHIDE,1152,UNOCALDH_8,DHUNO,_H,6101__H,60010859.0,6101_H,,,1,Line,DOLRHIDE_8,UNOCALDH_8,6101__H,_H,duplicate_match,different
2140,1c00f974-621b-410b-9eed-bae4b47fde91,Branch,ACLineSegment,1,6101__H _H 1 138kV,1149,DOLRHIDE_8,DHIDE,1152,UNOCALDH_8,DHUNO,_H,6101__H,60001870.0,6100_H,,,1,Line,DOLRHIDE_8,UNOCALDH_8,6100__H,_H,duplicate_match,different
2232,9464af1a-96ec-4565-8d27-c6098f2a65a4,Branch,ACLineSegment,1,615__A _A 1 138kV,3610,BELTON1_8,BLTON,13609,TEMP_NW2_8,TMPNW,_A,615__A,60001986.0,625_A,,,1,Line,BELTON1_8,TEMP_NW2_8,625__A,_A,duplicate_match,different
2232,9464af1a-96ec-4565-8d27-c6098f2a65a4,Branch,ACLineSegment,1,615__A _A 1 138kV,3610,BELTON1_8,BLTON,13609,TEMP_NW2_8,TMPNW,_A,615__A,60095212.0,615_A,,,1,Line,BELTON1_8,TEMP_NW2_8,615__A,_A,duplicate_match,different
2244,c675d0b3-220e-4b41-99a9-26cf1489d0b7,Branch,ACLineSegment,1,6277__C _C 1 138kV,12065,EGLMTLAK_P8,EGPOI,12066,EMMC2_8,EMMC2,_C,6277__C,60002009.0,6270_E,,,1,Line,EGLMTLAK_P8,EMMC2_8,6270__E,_E,duplicate_match,different
2244,c675d0b3-220e-4b41-99a9-26cf1489d0b7,Branch,ACLineSegment,1,6277__C _C 1 138kV,12065,EGLMTLAK_P8,EGPOI,12066,EMMC2_8,EMMC2,_C,6277__C,60009200.0,6277_C,,,1,Line,EGLMTLAK_P8,EMMC2_8,6277__C,_C,duplicate_match,different
2279,9411caff-9ee5-4686-8b75-6da2b3541523,Branch,ACLineSegment,1,984T485_1 1 1 138kV,8355,GOODWIN4A,GOODWIN,8798,L_GRULLA4A,L_GRULLA,1,984T485_1,60008712.0,984T4851,,,1,Line,GOODWIN4A,L_GRULLA4A,984T485_1,1,duplicate_match,different
2279,9411caff-9ee5-4686-8b75-6da2b3541523,Branch,ACLineSegment,1,984T485_1 1 1 138kV,8355,GOODWIN4A,GOODWIN,8798,L_GRULLA4A,L_GRULLA,1,984T485_1,60000120.0,11093T485,,,1,Line,GOODWIN4A,L_GRULLA4A,11093T485_1,1,duplicate_match,different
2334,7c0dd790-d98b-4a4f-a94b-723ce1faab9c,Branch,ACLineSegment,1,1703_A _A 1 138kV,2472,ROYSE_B8,RYSSW,12713,BLACKLND_8,BLDSW,_A,1703__A,60000587.0,1700_B,,,1,Line,ROYSE_B8,BLACKLAND1_8,1700__B,_B,duplicate_match,different
2334,7c0dd790-d98b-4a4f-a94b-723ce1faab9c,Branch,ACLineSegment,1,1703_A _A 1 138kV,2472,ROYSE_B8,RYSSW,12713,BLACKLND_8,BLDSW,_A,1703__A,60010894.0,1703_A,,,1,Line,ROYSE_B8,BLACKLND_8,1703__A,_A,duplicate_match,different
2373,cec0f8e6-4b0d-444c-8de1-b3f203bdc96d,Branch,ACLineSegment,1,3340_F _F 1 138kV,2405,NORWDPL_W8,NORSW,2797,EPCNT2T_8,ECTP2,_F,3340__F,60011906.0,3340_F,,,1,Line,NORWDPL_W8,EPCNT2T_8,3340__F,_F,duplicate_match,different
2373,cec0f8e6-4b0d-444c-8de1-b3f203bdc96d,Branch,ACLineSegment,1,3340_F _F 1 138kV,2405,NORWDPL_W8,NORSW,2797,EPCNT2T_8,ECTP2,_F,3340__F,60001213.0,3350_C,,,1,Line,NORWDPL_W8,EPCNT2T_8,3350__C,_C,duplicate_match,different
2374,52806ba1-3da5-455d-8e90-437dfdda55a5,Branch,ACLineSegment,1,3340_G _G 1 138kV,2797,EPCNT2T_8,ECTP2,2801,REGRW2_8,RGLRW,_G,3340__G,60011919.0,3340_G,,,1,Line,EPCNT2T_8,REGRW2_8,3340__G,_G,duplicate_match,different
2374,52806ba1-3da5-455d-8e90-437dfdda55a5,Branch,ACLineSegment,1,3340_G _G 1 138kV,2797,EPCNT2T_8,ECTP2,2801,REGRW2_8,RGLRW,_G,3340__G,60001214.0,3350_D,,,1,Line,EPCNT2T_8,REGRW2_8,3350__D,_D,duplicate_match,different
2429,d9a5b6a2-3cde-4eed-abba-e9627c6d338e,Branch,ACLineSegment,1,247T124_1 1 1 138kV,7476,L_PALEFA8_1Y,PALEFA,7478,L_PHJOCI8_1Y,PHILJC,1,247T124_1,60110574.0,247T124,,,1,Line,L_PALEFA8_1Y,L_PHJOCI8_1Y,247T124_1,1,duplicate_match,same_element
2429,d9a5b6a2-3cde-4eed-abba-e9627c6d338e,Branch,ACLineSegment,1,247T124_1 1 1 138kV,7476,L_PALEFA8_1Y,PALEFA,7478,L_PHJOCI8_1Y,PHILJC,1,247T124_1,60000987.0,247T1241,,,1,Line,L_PHJOCI8_1Y,L_PALEFA8_1Y,247T124_1,1,duplicate_match,same_element
2442,fb458ee7-afba-4c89-9066-949416ab2f4b,Branch,ACLineSegment,1,ABEAST_ABPLTT1_1 1 1 69kV,6276,ABEAST2A,ABEAST,6278,ABPLTTP2A,ABPLTTP,1,ABEAST_ABPLTT1_1,60002835.0,ABEA_ABPLTT1,,,1,Line,ABEA2A,ABPLTTP2A,ABEA_ABPLTT1_1,1,duplicate_match,different
2442,fb458ee7-afba-4c89-9066-949416ab2f4b,Branch,ACLineSegment,1,ABEAST_ABPLTT1_1 1 1 69kV,6276,ABEAST2A,ABEAST,6278,ABPLTTP2A,ABPLTTP,1,ABEAST_ABPLTT1_1,60009073.0,ABEAST_ABPLTT11,,,1,Line,ABEAST2A,ABPLTTP2A,ABEAST_ABPLTT1_1,1,duplicate_match,different
2452,fc2fad42-f89c-4dc0-9967-3ce35605445c,Branch,ACLineSegment,1,BLUF_C_REDCRE1_1 1 1 345kV,6444,REDCREEK7A,REDCREEK,60040,BLF_CRK7A,BLUF_CRK,1,BLUF_C_REDCRE1_1,60080273.0,BLUF_C_SARC11,,,1,Line,BLF_CRK7A,SARC7A,BLUF_C_SARC1_1,1,duplicate_match,different
2452,fc2fad42-f89c-4dc0-9967-3ce35605445c,Branch,ACLineSegment,1,BLUF_C_REDCRE1_1 1 1 345kV,6444,REDCREEK7A,REDCREEK,60040,BLF_CRK7A,BLUF_CRK,1,BLUF_C_REDCRE1_1,60003379.0,BLUF_C_REDCRE11,,,1,Line,BLF_CRK7A,REDCREEK7A,BLUF_C_REDCRE1_1,1,duplicate_match,different
2465,9b37be7a-4d8f-4c0c-9791-9b228975d40a,Branch,ACLineSegment,1,675T675_1 1 1 138kV,7147,L_KENDCT8_1Y,KENDCT,7150,L_KENDAL8_1Y,KENDAL,1,675T675_1,60002558.0,70T342,,,1,Line,L_KENDCT8_1Y,L_KENDAL8_1Y,70T342_1,1,duplicate_match,different
2465,9b37be7a-4d8f-4c0c-9791-9b228975d40a,Branch,ACLineSegment,1,675T675_1 1 1 138kV,7147,L_KENDCT8_1Y,KENDCT,7150,L_KENDAL8_1Y,KENDAL,1,675T675_1,60011238.0,675T6751,,,1,Line,L_KENDCT8_1Y,L_KENDAL8_1Y,675T675_1,1,duplicate_match,different
2476,9c2d1279-f9dd-49d9-9f51-63716a2052a0,Branch,ACLineSegment,1,DKEC_JATN1_1 1 1 69kV,6152,DKEC2A,DKEC,6153,JATN2A,JATN,1,DKEC_JATN1_1,60004318.0,DKE_JAT,,,1,Line,DKEC2A,JATN2A,DKE_JAT_1,1,duplicate_match,different
2476,9c2d1279-f9dd-49d9-9f51-63716a2052a0,Branch,ACLineSegment,1,DKEC_JATN1_1 1 1 69kV,6152,DKEC2A,DKEC,6153,JATN2A,JATN,1,DKEC_JATN1_1,60009025.0,DKEC_JATN11,,,1,Line,DKEC2A,JATN2A,DKEC_JATN1_1,1,duplicate_match,different
2503,821c9fd4-262d-4983-9120-d7c5f8f897b7,Branch,ACLineSegment,05,BL_HOC05_A A 05 138kV,47170,H_O_C__POI_8,HOC,48037,BLURIG05TP_8,BL,A,BL_HOC05_A,60003351.0,BL_HOC05A,,,05,Line,BLURIG05TP_8,H_O_C__POI_8,BL_HOC05_A,A,duplicate_match,same_element
2503,821c9fd4-262d-4983-9120-d7c5f8f897b7,Branch,ACLineSegment,05,BL_HOC05_A A 05 138kV,47170,H_O_C__POI_8,HOC,48037,BLURIG05TP_8,BL,A,BL_HOC05_A,60110581.0,BL_HOC05,,,05,Line,H_O_C__POI_8,BLURIG05TP_8,BL_HOC05_A,A,duplicate_match,same_element
2531,dc045961-65c0-4a1f-a45f-6dc04f280073,Branch,ACLineSegment,1,ABNTHW_ELMCRK1_1 1 1 138kV,6201,ABNTHWST4B,ABNTHWST,6255,ELMCRK4A,ELMCRK,1,ABNTHW_ELMCRK1_1,60002842.0,ABEC_ABNW_2A,,,1,Line,ABNW4A,ABEC4A,ABEC_ABNW_2A_1,1,duplicate_match,different
2531,dc045961-65c0-4a1f-a45f-6dc04f280073,Branch,ACLineSegment,1,ABNTHW_ELMCRK1_1 1 1 138kV,6201,ABNTHWST4B,ABNTHWST,6255,ELMCRK4A,ELMCRK,1,ABNTHW_ELMCRK1_1,60009031.0,ABNTHW_ELMCRK11,,,1,Line,ELMCRK4A,ABNTHWST4B,ABNTHW_ELMCRK1_1,1,duplicate_match,different
2532,dc0c30c1-e5da-4c1d-9554-b312b33c98f6,Branch,ACLineSegment,1,168T700_1 1 1 138kV,7275,L_RIVERS8_1Y,RIVERS,7276,L_LAGRAN8_1Y,LAGRAN,1,700T700_1,60009686.0,700T7001,,,1,Line,L_RIVERS8_1Y,L_LAGRAN8_1Y,700T700_1,1,duplicate_match,different
2532,dc0c30c1-e5da-4c1d-9554-b312b33c98f6,Branch,ACLineSegment,1,168T700_1 1 1 138kV,7275,L_RIVERS8_1Y,RIVERS,7276,L_LAGRAN8_1Y,LAGRAN,1,700T700_1,60000579.0,168T208,,,1,Line,L_RIVERS8_1Y,L_LAGRAN8_1Y,168T208_1,1,duplicate_match,different
2538,fceb8fde-fa0c-4732-9a1b-85282409956d,Branch,ACLineSegment,1,943T351_1 1 1 69kV,5510,FORDTRANSW9,FORTRSW,7240,L_FORDTR9_1Y,FORDTRN,1,943T351_1,60008657.0,943T3511,,,1,Line,L_FORDTR9_1Y,FORDTRANSW9,943T351_1,1,duplicate_match,different
2538,fceb8fde-fa0c-4732-9a1b-85282409956d,Branch,ACLineSegment,1,943T351_1 1 1 69kV,5510,FORDTRANSW9,FORTRSW,7240,L_FORDTR9_1Y,FORDTRN,1,943T351_1,60004736.0,FOR_FRD,,,1,Line,FORDTRANSW9,L_FORDTR9_1Y,FOR_FRD_1,1,duplicate_match,different
2556,986fffe8-911d-4ea6-b7c7-cefbd2f99a6d,Branch,ACLineSegment,1,658T658_1 1 1 138kV,7208,L_COLTON8_1Y,COLTON,7209,L_ELROY_8_1Y,ELROY,1,658T658_1,60009682.0,658T6581,,,1,Line,L_ELROY_8_1Y,L_COLTON8_1Y,658T658_1,1,duplicate_match,different
2556,986fffe8-911d-4ea6-b7c7-cefbd2f99a6d,Branch,ACLineSegment,1,658T658_1 1 1 138kV,7208,L_COLTON8_1Y,COLTON,7209,L_ELROY_8_1Y,ELROY,1,658T658_1,60000189.0,121T397,,,1,Line,L_COLTON8_1Y,L_ELROY_8_1Y,121T397_1,1,duplicate_match,different
2605,bd61fd40-f5ef-45a1-b596-ed8a5b51f714,Branch,ACLineSegment,1,667T667_1 1 1 138kV,7297,L_ROTOTA8_1Y,RTOPTA,7312,L_WARDA_8_1Y,WARDA,1,667T667_1,60009690.0,667T6671,,,1,Line,L_WARDA_8_1Y,L_ROTOTA8_1Y,667T667_1,1,duplicate_match,different
2605,bd61fd40-f5ef-45a1-b596-ed8a5b51f714,Branch,ACLineSegment,1,667T667_1 1 1 138kV,7297,L_ROTOTA8_1Y,RTOPTA,7312,L_WARDA_8_1Y,WARDA,1,667T667_1,60000691.0,186T170,,,1,Line,L_ROTOTA8_1Y,L_WARDA_8_1Y,186T170_1,1,duplicate_match,different
2668,9d84794e-21d7-47cb-8225-9941acb6add7,Branch,ACLineSegment,1,664T664_1 1 1 138kV,76615,L_LCRANE8_1Y,LCRANE,76635,L_KINGMO8_1Y,KINGMO,1,664T664_1,60001501.0,404T455,,,1,Line,L_LCRANE8_1Y,L_KINGMO8_1Y,404T455_1,1,duplicate_match,different
2668,9d84794e-21d7-47cb-8225-9941acb6add7,Branch,ACLineSegment,1,664T664_1 1 1 138kV,76615,L_LCRANE8_1Y,LCRANE,76635,L_KINGMO8_1Y,KINGMO,1,664T664_1,60009911.0,664T6641,,,1,Line,L_LCRANE8_1Y,L_KINGMO8_1Y,664T664_1,1,duplicate_match,different
2677,a03f8492-9c34-4847-9734-20ed75c12452,Branch,ACLineSegment,1,1 1 138kV,7294,L_BRENNO8_1Y,BRENNO,7574,L_CHAPHI8_1Y,CHAPHI,1,652T652_1,60000669.0,184T232,,,1,Line,L_BRENNO8_1Y,L_CHAPHI8_1Y,184T232_1,1,duplicate_match,different
2677,a03f8492-9c34-4847-9734-20ed75c12452,Branch,ACLineSegment,1,1 1 138kV,7294,L_BRENNO8_1Y,BRENNO,7574,L_CHAPHI8_1Y,CHAPHI,1,652T652_1,60009140.0,652T6521,,,1,Line,L_BRENNO8_1Y,L_CHAPHI8_1Y,652T652_1,1,duplicate_match,different
2727,dfe06f6e-6ce2-46f4-b767-bc178d264d42,Branch,ACLineSegment,1,Q3_W3_1 1 1 138kV,5002,AMD_SA,W3,5423,TCC,Q3,1,Q3_W3_1,60009563.0,Q3_W31,,,1,Line,AMD_SA,TCC,Q3_W3_1,1,duplicate_match,different
2727,dfe06f6e-6ce2-46f4-b767-bc178d264d42,Branch,ACLineSegment,1,Q3_W3_1 1 1 138kV,5002,AMD_SA,W3,5423,TCC,Q3,1,Q3_W3_1,60006818.0,Q3_AMD_SA,,,1,Line,AMD_SA,TCC,Q3_AMD_SA_1,1,duplicate_match,different
2756,484a5393-97ca-46b6-97c6-ee8cf610d715,Branch,ACLineSegment,1,1375_B _B 1 138kV,3357,PLSNTSPG_8,PLSSP,3358,CENTVILL_8,CNI45,_B,1375__B,60114748.0,1375_B,,,1,Line,CENTVILL_8,PLSNTSPG_8,1375__B,_B,duplicate_match,different
2756,484a5393-97ca-46b6-97c6-ee8cf610d715,Branch,ACLineSegment,1,1375_B _B 1 138kV,3357,PLSNTSPG_8,PLSSP,3358,CENTVILL_8,CNI45,_B,1375__B,60000201.0,1230_D,,,1,Line,PLSNTSPG_8,CENTVILL_8,1230__D,_D,duplicate_match,different
2757,5ac4f25e-8ac7-4b21-93b6-496be64510f5,Branch,ACLineSegment,1,1265_B _B 1 138kV,3354,CROCKETT_8,CRKET,3355,GRPLMGTA_8,GPMTP,_B,1265__B,60114760.0,1265_B,,,1,Line,GRPLMGTA_8,CROCKETT_8,1265__B,_B,duplicate_match,different
2757,5ac4f25e-8ac7-4b21-93b6-496be64510f5,Branch,ACLineSegment,1,1265_B _B 1 138kV,3354,CROCKETT_8,CRKET,3355,GRPLMGTA_8,GPMTP,_B,1265__B,60000202.0,1230_E,,,1,Line,CROCKETT_8,GRPLMGTA_8,1230__E,_E,duplicate_match,different
2771,615968e0-c454-429e-9601-59db9b9c1144,Branch,ACLineSegment,1,1240__K _A 1 138kV,212,WINKLER,WINKLER,3127,TRINIDAD_8,TRSES,_A,1245__A,60000219.0,1240_K,,,1,Line,WINKLER,TRINIDAD_8,1240__K,_K,duplicate_match,different
2771,615968e0-c454-429e-9601-59db9b9c1144,Branch,ACLineSegment,1,1240__K _A 1 138kV,212,WINKLER,WINKLER,3127,TRINIDAD_8,TRSES,_A,1245__A,60012640.0,1245_A,,,1,Line,WINKLER,TRINIDAD_8,1245__A,_A,duplicate_match,different
2772,0a0aa93e-ec24-4728-8a1a-4e1c9ee48668,Branch,ACLineSegment,1,1250_N _N 1 138kV,3507,BIGBRNM2_8,BBSES,3509,BBRN_OPN_8,BBMN2,_N,1250__N,60012688.0,1250_N,,,1,Line,BIGBRNM2_8,BBRN_OPN_8,1250__N,_N,duplicate_match,different
2772,0a0aa93e-ec24-4728-8a1a-4e1c9ee48668,Branch,ACLineSegment,1,1250_N _N 1 138kV,3507,BIGBRNM2_8,BBSES,3509,BBRN_OPN_8,BBMN2,_N,1250__N,60000220.0,1240_N,,,1,Line,BIGBRNM2_8,BBRN_OPN_8,1240__N,_N,duplicate_match,different
2789,cd5a60c0-e19a-407a-856b-1f458448ed5c,Branch,ACLineSegment,1,670T670_1 1 1 138kV,7310,L_SIMGID8_1Y,GIDEON,7324,L_BUTLER8_1Y,BUTLER,1,670T670_1,60000739.0,195T260,,,1,Line,L_SIMGID8_1Y,L_BUTLER8_1Y,195T260_1,1,duplicate_match,different
2789,cd5a60c0-e19a-407a-856b-1f458448ed5c,Branch,ACLineSegment,1,670T670_1 1 1 138kV,7310,L_SIMGID8_1Y,GIDEON,7324,L_BUTLER8_1Y,BUTLER,1,670T670_1,60009142.0,670T6701,,,1,Line,L_SIMGID8_1Y,L_BUTLER8_1Y,670T670_1,1,duplicate_match,different
2790,2ecc08d2-ce9a-41de-8d75-6eff7d5d9f9e,Branch,ACLineSegment,1,671T671_1 1 1 138kV,7270,L_BELLSO8_1Y,BELLSO,7287,L_BELLNO8_1Y,BELLNO,1,671T671_1,60000776.0,202T467,,,1,Line,L_BELLSO8_1Y,L_BELLNO8_1Y,202T467_1,1,duplicate_match,different
2790,2ecc08d2-ce9a-41de-8d75-6eff7d5d9f9e,Branch,ACLineSegment,1,671T671_1 1 1 138kV,7270,L_BELLSO8_1Y,BELLSO,7287,L_BELLNO8_1Y,BELLNO,1,671T671_1,60009139.0,671T6711,,,1,Line,L_BELLNO8_1Y,L_BELLSO8_1Y,671T671_1,1,duplicate_match,different
2822,c1925b67-660f-4d1c-b873-918ae83b55e4,Branch,ACLineSegment,1,MEDIOC_WARBUR1_1 1 1 138kV,5607,WRBRTN8,WARBURTN,8912,MEDIOCR4A,MEDIOCRK,1,MEDIOC_WARBUR1_1,60009587.0,MEDIOC_WARBUR11,,,1,Line,MEDIOCR4A,WRBRTN8,MEDIOC_WARBUR1_1,1,duplicate_match,different
2822,c1925b67-660f-4d1c-b873-918ae83b55e4,Branch,ACLineSegment,1,MEDIOC_WARBUR1_1 1 1 138kV,5607,WRBRTN8,WARBURTN,8912,MEDIOCR4A,MEDIOCRK,1,MEDIOC_WARBUR1_1,60005826.0,LHILL_WARBU_1B,,,1,Line,WRBRTN8,MEDIOCR4A,LHILL_WARBU_1B_1,1,duplicate_match,different
2839,e13d6712-cd7d-4b5d-8630-706a69368f73,Branch,ACLineSegment,1,994T393_1 1 1 138kV,3630,COPPERCV1_8,CPRCV,7061,L_COPPCO8_1Y,COPPCV,1,994T393_1,60008649.0,994T3931,,,1,Line,COPPERCV1_8,L_COPPCO8_1Y,994T393_1,1,duplicate_match,different
2839,e13d6712-cd7d-4b5d-8630-706a69368f73,Branch,ACLineSegment,1,994T393_1 1 1 138kV,3630,COPPERCV1_8,CPRCV,7061,L_COPPCO8_1Y,COPPCV,1,994T393_1,60000173.0,1181T393,,,1,Line,COPPERCV1_8,L_COPPCO8_1Y,1181T393_1,1,duplicate_match,different
2840,e140cc70-0fee-4d6b-b2df-d59a96da7c28,Branch,ACLineSegment,1,274T155_1 1 1 138kV,7567,L_LYLEWO8_1Y,LYLEWO,7571,L_LEXING8_1Y,LEXING,1,702T702_1,60001040.0,274T155,,,1,Line,L_LYLEWO8_1Y,L_LEXING8_1Y,274T155_1,1,duplicate_match,different
2840,e140cc70-0fee-4d6b-b2df-d59a96da7c28,Branch,ACLineSegment,1,274T155_1 1 1 138kV,7567,L_LYLEWO8_1Y,LYLEWO,7571,L_LEXING8_1Y,LEXING,1,702T702_1,60010920.0,702T7021,,,1,Line,L_LEXING8_1Y,L_LYLEWO8_1Y,702T702_1,1,duplicate_match,different
2849,e22ea01d-2f6b-423a-9b29-570618bea5d4,Branch,ACLineSegment,1,SABIN_NEVAD_1 1 1 138kV,811,NEVADA,NEVADA,991,SABINECRKTAP,SABNCRKT,1,SABIN_NEVAD_1,60089147.0,SABIN_NEVAD,,,1,Line,NEVADA,SABINECRKTAP,SABIN_NEVAD_1,1,duplicate_match,different
2849,e22ea01d-2f6b-423a-9b29-570618bea5d4,Branch,ACLineSegment,1,SABIN_NEVAD_1 1 1 138kV,811,NEVADA,NEVADA,991,SABINECRKTAP,SABNCRKT,1,SABIN_NEVAD_1,60006374.0,NEVADA_SHELBY,,,1,Line,NEVADA,SHELBY1,NEVADA_SHELBY_1,1,duplicate_match,different
2853,e299f5bc-478f-4c56-89d3-838c8d14c74c,Branch,ACLineSegment,1,LOSP_PI2_1 1 1 345kV,9041,LOSTPN34,LOSTPINE,170174,LOSTPINE5,LOSTPI,1,LOST_PI2_1,60005924.0,LOSP_PI2,,,1,Line,L_LOSTPI1_1Y,LOSTPN34,LOSP_PI2_1,1,duplicate_match,different
2853,e299f5bc-478f-4c56-89d3-838c8d14c74c,Branch,ACLineSegment,1,LOSP_PI2_1 1 1 345kV,9041,LOSTPN34,LOSTPINE,170174,LOSTPINE5,LOSTPI,1,LOST_PI2_1,60010952.0,LOST_PI21,,,1,Line,LOSTPINE5,LOSTPN34,LOST_PI2_1,1,duplicate_match,different
2904,9f976665-20c4-4fc5-aec7-be2c963fa1c5,Branch,ACLineSegment,1,924T214_1 1 1 138kV,7132,L_GILLES8_1Y,GILLES,76390,L_FORTMA8_1N,FORTMA,1,924T214_1,60000417.0,1435T214,,,1,Line,L_GILLES8_1Y,L_FORTMA8_1N,1435T214_1,1,duplicate_match,different
2904,9f976665-20c4-4fc5-aec7-be2c963fa1c5,Branch,ACLineSegment,1,924T214_1 1 1 138kV,7132,L_GILLES8_1Y,GILLES,76390,L_FORTMA8_1N,FORTMA,1,924T214_1,60008700.0,924T2141,,,1,Line,L_FORTMA8_1N,L_GILLES8_1Y,924T214_1,1,duplicate_match,different
2962,d0b15482-208c-43aa-abbd-1f4f0aa65178,Branch,ACLineSegment,1,ESKSW_TRNT1_1 1 1 69kV,1340,ESKOTA_9,ESKSW,6247,TRNT2A,TRNT,1,ESKSW_TRNT1_1,60002258.0,6585,,,1,Line,ESKOTA_9,TRNT2A,6585__A,_A,duplicate_match,different
2962,d0b15482-208c-43aa-abbd-1f4f0aa65178,Branch,ACLineSegment,1,ESKSW_TRNT1_1 1 1 69kV,1340,ESKOTA_9,ESKSW,6247,TRNT2A,TRNT,1,ESKSW_TRNT1_1,60009486.0,ESKSW_TRNT11,,,1,Line,TRNT2A,ESKOTA_9,ESKSW_TRNT1_1,1,duplicate_match,different
2966,e43b0741-73b6-49dc-be9a-0d13bb8e936d,Branch,ACLineSegment,1,1215_A _A 1 138kV,234,CHATT,CHATT,3522,HILLBORO1_8,HLSBR,_A,1215__A,60000185.0,1210_A_OldTeid,,,1,Line,CHATT,HILLBORO1_8,1210__A_OldTeid,_A,duplicate_match,different
2966,e43b0741-73b6-49dc-be9a-0d13bb8e936d,Branch,ACLineSegment,1,1215_A _A 1 138kV,234,CHATT,CHATT,3522,HILLBORO1_8,HLSBR,_A,1215__A,60012563.0,1215_A,,,1,Line,CHATT,HILLBORO1_8,1215__A,_A,duplicate_match,different
2999,bfed40c4-ffba-4c89-88a9-4a1f5dbe8fe5,Branch,ACLineSegment,1,983T435_1 1 1 138kV,8426,CITGO_NO4A,CITGO_NO,8470,HIWAY_94A,HIWAY_9,1,983T435_1,60008719.0,983T4351,,,1,Line,CITGO_NO4A,HIWAY_94A,983T435_1,1,duplicate_match,different
2999,bfed40c4-ffba-4c89-88a9-4a1f5dbe8fe5,Branch,ACLineSegment,1,983T435_1 1 1 138kV,8426,CITGO_NO4A,CITGO_NO,8470,HIWAY_94A,HIWAY_9,1,983T435_1,60080823.0,CITGO__HIWAY_11,,,1,Line,,,CITGO__HIWAY_1_1,1,duplicate_match,different
3021,a5100d38-c3dc-4bd4-871c-7eb323ae492b,Branch,ACLineSegment,1,239T281_1 1 1 69kV,7426,L_LEAKEY9_1Y,LEAKEY,7428,L_UTOPIA9_1Y,UTOPIA,1,9524_T21489_1,60000958.0,239T281,,,1,Line,L_LEAKEY9_1Y,L_UTOPIA9_1Y,239T281_1,1,duplicate_match,different
3021,a5100d38-c3dc-4bd4-871c-7eb323ae492b,Branch,ACLineSegment,1,239T281_1 1 1 69kV,7426,L_LEAKEY9_1Y,LEAKEY,7428,L_UTOPIA9_1Y,UTOPIA,1,9524_T21489_1,60010917.0,9524_T214891,,,1,Line,L_UTOPIA9_1Y,L_LEAKEY9_1Y,9524_T21489_1,1,duplicate_match,different
3050,c6596cfd-8d33-4618-b932-82340d5cd4b9,Branch,ACLineSegment,1,GRAYBC_HARROL1_1 1 1 69kV,6071,GRAYBCKT2A,GRAYBCKT,6072,HARROLD2A,HARROLD,1,GRAYBC_HARROL1_1,60009016.0,GRAYBC_HARROL11,,,1,Line,GRAYBCKT2A,HARROLD2A,GRAYBC_HARROL1_1,1,duplicate_match,different
3050,c6596cfd-8d33-4618-b932-82340d5cd4b9,Branch,ACLineSegment,1,GRAYBC_HARROL1_1 1 1 69kV,6071,GRAYBCKT2A,GRAYBCKT,6072,HARROLD2A,HARROLD,1,GRAYBC_HARROL1_1,60005112.0,GRAYBC_HARR1,,,1,Line,GRAYBCKT2A,HARR2A,GRAYBC_HARR1_1,1,duplicate_match,different
3126,a5cb2ca7-4c43-4fea-9304-20c26b7a6509,Branch,ACLineSegment,1,395_A_1 _1 1 345kV,970,BENDAVIS_5,BNDVS,2478,ROYSE_S5,RYSSW,_1,395_A__1,60092473.0,395_A_1,,,1,Line,ROYSE_S5,BENDAVIS_5,395_A__1,_1,duplicate_match,different
3126,a5cb2ca7-4c43-4fea-9304-20c26b7a6509,Branch,ACLineSegment,1,395_A_1 _1 1 345kV,970,BENDAVIS_5,BNDVS,2478,ROYSE_S5,RYSSW,_1,395_A__1,60001486.0,395_A,,,1,Line,BENDAVIS_5,ROYSE_S5,395_A_1,1,duplicate_match,different
3157,e717666b-aba8-48f8-9b76-28f25982c4a1,Branch,ACLineSegment,1,ABPOWE_ABPLTT1_1 1 1 69kV,6278,ABPLTTP2A,ABPLTTP,6282,ABPOWERS2A,ABPOWERS,1,ABPOWE_ABPLTT1_1,60013294.0,ABPOWE_ABPLTT11,,,1,Line,ABPOWERS2A,ABPLTTP2A,ABPOWE_ABPLTT1_1,1,duplicate_match,different
3157,e717666b-aba8-48f8-9b76-28f25982c4a1,Branch,ACLineSegment,1,ABPOWE_ABPLTT1_1 1 1 69kV,6278,ABPLTTP2A,ABPLTTP,6282,ABPOWERS2A,ABPOWERS,1,ABPOWE_ABPLTT1_1,60002867.0,ABPG_ABPLTT1,,,1,Line,ABPLTTP2A,ABPG2A,ABPG_ABPLTT1_1,1,duplicate_match,different
3160,e7795b4a-8c7a-417a-8709-dcb6d26b3682,Branch,ACLineSegment,1,40T189_1 1 1 138kV,7104,L_WIRTZ_8_1Y,WIRTZ,7126,L_FERGUS8_1Y,FERGUS,1,40T189_1,60107558.0,40T189,,,1,Line,L_WIRTZ_8_1Y,L_FERGUS8_1Y,40T189_1,1,duplicate_match,same_element
3160,e7795b4a-8c7a-417a-8709-dcb6d26b3682,Branch,ACLineSegment,1,40T189_1 1 1 138kV,7104,L_WIRTZ_8_1Y,WIRTZ,7126,L_FERGUS8_1Y,FERGUS,1,40T189_1,60001507.0,40T1891,,,1,Line,L_FERGUS8_1Y,L_WIRTZ_8_1Y,40T189_1,1,duplicate_match,same_element
3170,e8b399fb-4a7e-4831-89fa-6d34fba8b73d,Branch,ACLineSegment,1,464T464_1 1 1 138kV,8255,HAMILTON4A,HAMILTON,78255,L_PINTCR8_1Y,PINTCR,1,464T464_1,60001573.0,464T4641,,,1,Line,HAMILTON4A,L_PINTCR8_1Y,464T464_1,1,duplicate_match,different
3170,e8b399fb-4a7e-4831-89fa-6d34fba8b73d,Branch,ACLineSegment,1,464T464_1 1 1 138kV,8255,HAMILTON4A,HAMILTON,78255,L_PINTCR8_1Y,PINTCR,1,464T464_1,60001066.0,297T464,,,1,Line,BRACKETT4A,HAMILTN4,297T464_1,1,duplicate_match,different
3176,b176b1f6-7a91-49e9-a41d-8a20a20186da,Branch,ACLineSegment,1,1375_A _A 1 138kV,3358,CENTVILL_8,CNI45,3394,JEWETTA_8,JEWET,_A,1375__A,60000200.0,1230_C,,,1,Line,CENTVILL_8,JEWETTA_8,1230__C,_C,duplicate_match,different
3176,b176b1f6-7a91-49e9-a41d-8a20a20186da,Branch,ACLineSegment,1,1375_A _A 1 138kV,3358,CENTVILL_8,CNI45,3394,JEWETTA_8,JEWET,_A,1375__A,60114747.0,1375_A,,,1,Line,JEWETTA_8,CENTVILL_8,1375__A,_A,duplicate_match,different
3196,a5ff709b-51c4-4f0e-8a50-2926c8ca8278,Branch,ACLineSegment,1,1525_C _C 1 138kV,3271,PALSTNS_8,PLSTH,3272,PALESTNE_8,PLSTN,_C,1525__C,60011538.0,1525_C,,,1,Line,PALSTNS_8,PALESTNE_8,1525__C,_C,duplicate_match,different
3196,a5ff709b-51c4-4f0e-8a50-2926c8ca8278,Branch,ACLineSegment,1,1525_C _C 1 138kV,3271,PALSTNS_8,PLSTH,3272,PALESTNE_8,PLSTN,_C,1525__C,60000460.0,1520_E,,,1,Line,PALSTNS_8,PALESTNE_8,1520__E,_E,duplicate_match,different
3210,730f7f15-1340-4a13-94c4-479db65f0b65,Branch,ACLineSegment,1,ABINDU_ELMCRK1_1 1 1 138kV,6255,ELMCRK4A,ELMCRK,60772,ABIP4A,ABINDUST,1,ABINDU_ELMCRK1_1,60002841.0,ABEC_ABINDU1,,,1,Line,ABEC4A,ABIP4A,ABEC_ABINDU1_1,1,duplicate_match,different
3210,730f7f15-1340-4a13-94c4-479db65f0b65,Branch,ACLineSegment,1,ABINDU_ELMCRK1_1 1 1 138kV,6255,ELMCRK4A,ELMCRK,60772,ABIP4A,ABINDUST,1,ABINDU_ELMCRK1_1,60009056.0,ABINDU_ELMCRK11,,,1,Line,ELMCRK4A,ABIP4A,ABINDU_ELMCRK1_1,1,duplicate_match,different
3211,8c8d4abb-e192-4c8d-af5b-b3024dcc3c22,Branch,ACLineSegment,1,EASTMU_PAINTC1_1 1 1 138kV,6117,EASTMUND4B,EASTMUND,6161,PAINTCRE4A,PAINTCRE,1,EASTMU_PAINTC1_1,60004494.0,EASTMU_PAIP1,,,1,Line,EASTMUND4B,PAIP4A,EASTMU_PAIP1_1,1,duplicate_match,different
3211,8c8d4abb-e192-4c8d-af5b-b3024dcc3c22,Branch,ACLineSegment,1,EASTMU_PAINTC1_1 1 1 138kV,6117,EASTMUND4B,EASTMUND,6161,PAINTCRE4A,PAINTCRE,1,EASTMU_PAINTC1_1,60008425.0,EASTMU_PAINTC11,,,1,Line,EASTMUND4B,PAINTCRE4A,EASTMU_PAINTC1_1,1,duplicate_match,different
3212,9f06db2a-3875-47d2-98ed-28a6b90e72df,Branch,ACLineSegment,1,ABNTHW_CALLAH1_1 1 1 138kV,6228,ABNTHWST4A,ABNTHWST,6229,CALLAHAN4A,CALLAHAN,1,ABNTHW_CALLAH1_1,60009047.0,ABNTHW_CALLAH11,,,1,Line,ABNTHWST4A,CALLAHAN4A,ABNTHW_CALLAH1_1,1,duplicate_match,different
3212,9f06db2a-3875-47d2-98ed-28a6b90e72df,Branch,ACLineSegment,1,ABNTHW_CALLAH1_1 1 1 138kV,6228,ABNTHWST4A,ABNTHWST,6229,CALLAHAN4A,CALLAHAN,1,ABNTHW_CALLAH1_1,60002859.0,ABNW_CALLAH1,,,1,Line,ABNW4A,CALLAHAN4A,ABNW_CALLAH1_1,1,duplicate_match,different
3213,4da663dd-48bf-49f2-b94b-f2f4d3535105,Branch,ACLineSegment,1,EASTMU_PAINTC2_1 1 1 138kV,6110,EASTMUND4A,EASTMUND,6169,PAINTCRE4B,PAINTCRE,1,EASTMU_PAINTC2_1,60004495.0,EASTMU_PAIP2,,,1,Line,EASTMUND4A,PAIP4B,EASTMU_PAIP2_1,1,duplicate_match,different
3213,4da663dd-48bf-49f2-b94b-f2f4d3535105,Branch,ACLineSegment,1,EASTMU_PAINTC2_1 1 1 138kV,6110,EASTMUND4A,EASTMUND,6169,PAINTCRE4B,PAINTCRE,1,EASTMU_PAINTC2_1,60008424.0,EASTMU_PAINTC21,,,1,Line,PAINTCRE4B,EASTMUND4A,EASTMU_PAINTC2_1,1,duplicate_match,different
3214,fac88980-68e9-43ca-a3d7-969302295bed,Branch,ACLineSegment,1,ELMCRK_TWILIG1_1 1 1 138kV,6255,ELMCRK4A,ELMCRK,6256,TWILIGHT4A,TWILIGHT,1,ELMCRK_TWILIG1_1,60009055.0,ELMCRK_TWILIG11,,,1,Line,ELMCRK4A,TWILIGHT4A,ELMCRK_TWILIG1_1,1,duplicate_match,different
3214,fac88980-68e9-43ca-a3d7-969302295bed,Branch,ACLineSegment,1,ELMCRK_TWILIG1_1 1 1 138kV,6255,ELMCRK4A,ELMCRK,6256,TWILIGHT4A,TWILIGHT,1,ELMCRK_TWILIG1_1,60002845.0,ABEC_ABTT1,,,1,Line,ABEC4A,ABTT4A,ABEC_ABTT1_1,1,duplicate_match,different
3232,a8fc0ed3-269b-4110-aafc-3e67c288fa66,Branch,ACLineSegment,1,649T649_1 1 1 138kV,7323,L_SHADGL8_1Y,SHADGL,7330,L_MANOR_8_1Y,MANOR,1,649T649_1,60009144.0,649T6491,,,1,Line,L_MANOR_8_1Y,L_SHADGL8_1Y,649T649_1,1,duplicate_match,different
3232,a8fc0ed3-269b-4110-aafc-3e67c288fa66,Branch,ACLineSegment,1,649T649_1 1 1 138kV,7323,L_SHADGL8_1Y,SHADGL,7330,L_MANOR_8_1Y,MANOR,1,649T649_1,60000810.0,210T574,,,1,Line,L_SHADGL8_1Y,L_MANOR_8_1Y,210T574_1,1,duplicate_match,different
3244,c97c50c0-85d6-4540-951d-bbf0aab90fc5,Branch,ACLineSegment,1,HARROL_WAGGON1_1 1 1 69kV,6072,HARROLD2A,HARROLD,6075,WAGGONER2A,WAGGONER,1,HARROL_WAGGON1_1,60005230.0,HARR_WAGGON1,,,1,Line,HARR2A,WAGGONER2A,HARR_WAGGON1_1,1,duplicate_match,different
3244,c97c50c0-85d6-4540-951d-bbf0aab90fc5,Branch,ACLineSegment,1,HARROL_WAGGON1_1 1 1 69kV,6072,HARROLD2A,HARROLD,6075,WAGGONER2A,WAGGONER,1,HARROL_WAGGON1_1,60009017.0,HARROL_WAGGON11,,,1,Line,HARROLD2A,WAGGONER2A,HARROL_WAGGON1_1,1,duplicate_match,different
3264,ea302771-7cce-40ae-8904-4790b7ac6998,Branch,ACLineSegment,1,SANSAS_TERRY_1 1 1 69kV,7074,L_SASASW9_1Y,SASASW,23826,TERRY_9,TERRY,1,SANSAS_TERRY_1,60008103.0,SANSAS_TERRY1,,,1,Line,L_SASASW9_1Y,TERRY_9,SANSAS_TERRY_1,1,duplicate_match,different
3264,ea302771-7cce-40ae-8904-4790b7ac6998,Branch,ACLineSegment,1,SANSAS_TERRY_1 1 1 69kV,7074,L_SASASW9_1Y,SASASW,23826,TERRY_9,TERRY,1,SANSAS_TERRY_1,60000858.0,21T310,,,1,Line,L_SASASW9_1Y,L_TERRY_9_1Y,21T310_1,1,duplicate_match,different
3274,888f032a-aba4-4776-afc0-761451181fe3,Branch,ACLineSegment,1,89T204_1 1 1 138kV,7174,L_HENNE_8_1Y,HENNE,7180,L_ZORN__8_1Y,ZORN,1,89T204_1,60002724.0,89T2041,,,1,Line,L_ZORN__8_1Y,L_HENNE_8_1Y,89T204_1,1,duplicate_match,same_element
3274,888f032a-aba4-4776-afc0-761451181fe3,Branch,ACLineSegment,1,89T204_1 1 1 138kV,7174,L_HENNE_8_1Y,HENNE,7180,L_ZORN__8_1Y,ZORN,1,89T204_1,60110572.0,89T204,,,1,Line,L_HENNE_8_1Y,L_ZORN__8_1Y,89T204_1,1,duplicate_match,same_element
3278,88b51601-9e30-4cf6-a9a2-c713b561bcbc,Branch,ACLineSegment,1,CEDARG_ROBT1_1 1 1 69kV,6326,ROBT2A,ROBT,6327,CEDARGAP2A,CEDARGAP,1,CEDARG_ROBT1_1,60002826.0,ABCG_ROBT1,,,1,Line,ROBT2A,ABCG2A,ABCG_ROBT1_1,1,duplicate_match,different
3278,88b51601-9e30-4cf6-a9a2-c713b561bcbc,Branch,ACLineSegment,1,CEDARG_ROBT1_1 1 1 69kV,6326,ROBT2A,ROBT,6327,CEDARGAP2A,CEDARGAP,1,CEDARG_ROBT1_1,60009089.0,CEDARG_ROBT11,,,1,Line,ROBT2A,CEDARGAP2A,CEDARG_ROBT1_1,1,duplicate_match,different
3287,895fc444-c171-491f-b008-564b41fba5c5,Branch,ACLineSegment,1,552T552 1 1 138kV,6586,MCCAMY4,MCAM,76001,L_TIPPET8_1Y,TIPPET,1,552T552_1,60001692.0,552T5521,,,1,Line,MCCAMY4,L_TIPPET8_1Y,552T552_1,1,duplicate_match,different
3287,895fc444-c171-491f-b008-564b41fba5c5,Branch,ACLineSegment,1,552T552 1 1 138kV,6586,MCCAMY4,MCAM,76001,L_TIPPET8_1Y,TIPPET,1,552T552_1,60000060.0,10578T552,,,1,Line,MCCAMY4,L_DESKY28_1Y,10578T552_1,1,duplicate_match,different
3300,01a60301-3dda-492f-b0fa-b7362ca24702,Branch,ACLineSegment,1,138_DEL_DWC_1 1 1 138kV,38373,TNDELAWR__1,DELAWARE,38374,TNDELAWRC_1,DELAWARC,1,138_DEL_DWC_1,60007008.0,RT_VL_47,,,47,Line,RETREV__69X,VLASCO__69A,RT_VL_47_A,A,duplicate_match,different
3300,01a60301-3dda-492f-b0fa-b7362ca24702,Branch,ACLineSegment,1,138_DEL_DWC_1 1 1 138kV,38373,TNDELAWR__1,DELAWARE,38374,TNDELAWRC_1,DELAWARC,1,138_DEL_DWC_1,60008173.0,138_DEL_DWC1,,,1,Line,TNDELAWRC_1,TNDELAWR__1,138_DEL_DWC_1,1,duplicate_match,different
3305,ab330367-cbb1-436c-a20d-f9e0862c3254,Branch,ACLineSegment,1,OLI_BEN1_1 1 1 138kV,818,OLINGER,OLINGR,968,BENDAVIS_8,BNDVS,1,OLI_BEN1_1,60006517.0,OLI_BEN11,,,1,Line,BENDAVIS_8,OLINGER,OLI_BEN1_1,1,duplicate_match,same_element
3305,ab330367-cbb1-436c-a20d-f9e0862c3254,Branch,ACLineSegment,1,OLI_BEN1_1 1 1 138kV,818,OLINGER,OLINGR,968,BENDAVIS_8,BNDVS,1,OLI_BEN1_1,60110564.0,OLI_BEN1,,,1,Line,OLINGER,BENDAVIS_8,OLI_BEN1_1,1,duplicate_match,same_element
3309,ab66766a-0834-48a4-80ff-7e3ab418da5f,Branch,ACLineSegment,1,T4_V0_1 1 1 138kV,5210,HILLCTY1_8,HILLCTRY,5415,STONEGAT,V0,1,T4_V0_1,60010208.0,T4_V01,,,1,Line,HILLCTY1_8,STONEGAT,T4_V0_1,1,duplicate_match,different
3309,ab66766a-0834-48a4-80ff-7e3ab418da5f,Branch,ACLineSegment,1,T4_V0_1 1 1 138kV,5210,HILLCTY1_8,HILLCTRY,5415,STONEGAT,V0,1,T4_V0_1,60007452.0,T4_V0_1,,,1,Line,HILLCTY1_8,STONEGAT,T4_V0_1_1,1,duplicate_match,different
3312,ca60b4f4-0a97-4858-b346-bd788b401731,Branch,ACLineSegment,1,470T470_1 1 1 138kV,76318,L_BUTMAN8_1Y,BUTMAN,76319,L_MCELMU8_1Y,MCELMU,1,470T470_1,60001581.0,470T4701,,,1,Line,L_MCELMU8_1Y,L_BUTMAN8_1Y,470T470_1,1,duplicate_match,different
3312,ca60b4f4-0a97-4858-b346-bd788b401731,Branch,ACLineSegment,1,470T470_1 1 1 138kV,76318,L_BUTMAN8_1Y,BUTMAN,76319,L_MCELMU8_1Y,MCELMU,1,470T470_1,60000634.0,177T470,,,1,Line,L_BUTMAN8_1Y,L_MCELTA8_1Y,177T470_1,1,duplicate_match,different
3316,ca896968-5f71-4f0a-bea2-ec2ebd8c35bb,Branch,ACLineSegment,2,ROSHIL_RC_TALTY 1 2 138kV,6894,ROSHILRC,ROSHILRC,6902,TALTY_RC,TALTY_RC,1,RSHIL_RC_TALTY_1,60006616.0,PATN_RC_TALTY,,,2,Line,PATN_RC,TALTY_RC,PATN_RC_TALTY_1,1,duplicate_match,different
3316,ca896968-5f71-4f0a-bea2-ec2ebd8c35bb,Branch,ACLineSegment,2,ROSHIL_RC_TALTY 1 2 138kV,6894,ROSHILRC,ROSHILRC,6902,TALTY_RC,TALTY_RC,1,RSHIL_RC_TALTY_1,60012171.0,RSHIL_RC_TALTY1,,,2,Line,ROSHILRC,TALTY_RC,RSHIL_RC_TALTY_1,1,duplicate_match,different
3331,eb4f6842-9c20-44a8-87a8-17c00cea6d4c,Branch,ACLineSegment,1,VOGELS_VOGELT1_1 1 1 69kV,6239,VOGELTAP2A,VOGELTAP,6240,VOGELSTR2A,VOGELSTR,1,VOGELS_VOGELT1_1,60002886.0,ABVO_ABVT1,,,1,Line,ABVT2A,ABVO2A,ABVO_ABVT1_1,1,duplicate_match,different
3331,eb4f6842-9c20-44a8-87a8-17c00cea6d4c,Branch,ACLineSegment,1,VOGELS_VOGELT1_1 1 1 69kV,6239,VOGELTAP2A,VOGELTAP,6240,VOGELSTR2A,VOGELSTR,1,VOGELS_VOGELT1_1,60009050.0,VOGELS_VOGELT11,,,1,Line,VOGELSTR2A,VOGELTAP2A,VOGELS_VOGELT1_1,1,duplicate_match,different
3338,ec1100d2-6bc5-4ecd-831e-7b5873c8b071,Branch,ACLineSegment,1,133T479_1 1 1 138kV,8372,PHARR4A,PHARR,8906,N_ALAMO4A,N_ALAMO,1,1781T479_1,60000299.0,133T479,,,1,Line,PHARR4A,N_ALAMO4A,133T479_1,1,duplicate_match,different
3338,ec1100d2-6bc5-4ecd-831e-7b5873c8b071,Branch,ACLineSegment,1,133T479_1 1 1 138kV,8372,PHARR4A,PHARR,8906,N_ALAMO4A,N_ALAMO,1,1781T479_1,60012189.0,1781T4791,,,1,Line,N_ALAMO4A,PHARR4A,1781T479_1,1,duplicate_match,different
3348,ece08679-a37b-4921-9c15-736d920a93e4,Branch,ACLineSegment,1,FTPP_RAINEY1_1 1 1 138kV,6222,FTPP4A,FTPP,6223,RAINEYCR4A,RAINEYCR,1,FTPP_RAINEY1_1,60002873.0,ABRC_FTPP1,,,1,Line,FTPP4A,ABRC4A,ABRC_FTPP1_1,1,duplicate_match,different
3348,ece08679-a37b-4921-9c15-736d920a93e4,Branch,ACLineSegment,1,FTPP_RAINEY1_1 1 1 138kV,6222,FTPP4A,FTPP,6223,RAINEYCR4A,RAINEYCR,1,FTPP_RAINEY1_1,60009041.0,FTPP_RAINEY11,,,1,Line,RAINEYCR4A,FTPP4A,FTPP_RAINEY1_1,1,duplicate_match,different
3354,ed1e80b8-3f0b-4438-8642-903caecd5a67,Branch,ACLineSegment,1,346T697_1 1 1 138kV,8273,PUEBLO4A,PUEBLO,78015,L_ROSICR8_1Y,ROSICR,1,346T697_1,60001277.0,346T463,,,1,Line,PUEBLO4A,L_ROSICR8_1Y,346T463_1,1,duplicate_match,different
3354,ed1e80b8-3f0b-4438-8642-903caecd5a67,Branch,ACLineSegment,1,346T697_1 1 1 138kV,8273,PUEBLO4A,PUEBLO,78015,L_ROSICR8_1Y,ROSICR,1,346T697_1,60009724.0,346T6971,,,1,Line,PUEBLO4A,L_ROSICR8_1Y,346T697_1,1,duplicate_match,different
3358,8a804986-a7e0-4aa4-87b9-e45653165ee3,Branch,ACLineSegment,1,MCOOK1_MCOOK2_1 1 1 69kV,5783,MCCOOKNO1SB9,MV_COOK1,5785,MCCOOKNO2SB9,MV_COOK2,1,MCOOK1_MCOOK2_1,60006283.0,MV_MV_6,,,1,Line,MCCOOKNO1SB9,MCCOOKNO2SB9,MV_MV_6_1,1,duplicate_match,different
3358,8a804986-a7e0-4aa4-87b9-e45653165ee3,Branch,ACLineSegment,1,MCOOK1_MCOOK2_1 1 1 69kV,5783,MCCOOKNO1SB9,MV_COOK1,5785,MCCOOKNO2SB9,MV_COOK2,1,MCOOK1_MCOOK2_1,60008029.0,MCOOK1_MCOOK21,,,1,Line,MCCOOKNO2SB9,MCCOOKNO1SB9,MCOOK1_MCOOK2_1,1,duplicate_match,different
3359,75fd69b4-677c-4277-9cb5-57a2bcf71be7,Branch,ACLineSegment,1,152T176_1 1 1 138kV,7258,L_GLIDDE8_1Y,GLIDDE,78259,L_MOCKIN8_1Y,MOCKINGB,1,715T714_1,60000462.0,152T176,,,1,Line,L_GLIDDE8_1Y,L_MOCKIN8_1Y,152T176_1,1,duplicate_match,different
3359,75fd69b4-677c-4277-9cb5-57a2bcf71be7,Branch,ACLineSegment,1,152T176_1 1 1 138kV,7258,L_GLIDDE8_1Y,GLIDDE,78259,L_MOCKIN8_1Y,MOCKINGB,1,715T714_1,60011557.0,715T7141,,,1,Line,L_GLIDDE8_1Y,L_MOCKIN8_1Y,715T714_1,1,duplicate_match,different
3366,4ecd7299-9ab0-4c0b-baec-7a7ba0043f3e,Branch,ACLineSegment,1,696T696_1 1 1 138kV,7289,L_SALEM_8_1Y,SALEM,7577,L_WELCOM8_1Y,WELCOM,1,696T696_1,60000654.0,181T274,,,1,Line,L_SALEM_8_1Y,L_WELCOM8_1Y,181T274_1,1,duplicate_match,different
3366,4ecd7299-9ab0-4c0b-baec-7a7ba0043f3e,Branch,ACLineSegment,1,696T696_1 1 1 138kV,7289,L_SALEM_8_1Y,SALEM,7577,L_WELCOM8_1Y,WELCOM,1,696T696_1,60009688.0,696T6961,,,1,Line,L_SALEM_8_1Y,L_WELCOM8_1Y,696T696_1,1,duplicate_match,different
3391,ad38a505-903c-4c6b-b55e-9a8f216e63f9,Branch,ACLineSegment,1,N5_P4_1_1 1 1 345kV,5371,SKYLINE_5,SKYLINE,5400,SPRUCE,CALAVERS,1,N5_P4_1_1,60006306.0,N5_P4,,,1,Line,SKYLINE_5,SPRUCE,N5_P4_1,1,duplicate_match,different
3391,ad38a505-903c-4c6b-b55e-9a8f216e63f9,Branch,ACLineSegment,1,N5_P4_1_1 1 1 345kV,5371,SKYLINE_5,SKYLINE,5400,SPRUCE,CALAVERS,1,N5_P4_1_1,60009584.0,N5_P4_11,,,1,Line,SKYLINE_5,SPRUCE,N5_P4_1_1,1,duplicate_match,different
3402,cc06f2ca-b3c2-4184-9741-005bbca131eb,Branch,ACLineSegment,1,698T698_1 1 1 138kV,7270,L_BELLSO8_1Y,BELLSO,7271,L_NEWBRE8_1Y,NEWBRE,1,698T698_1,60000513.0,160T216,,,1,Line,L_BELLSO8_1Y,L_NEWBRE8_1Y,160T216_1,1,duplicate_match,different
3402,cc06f2ca-b3c2-4184-9741-005bbca131eb,Branch,ACLineSegment,1,698T698_1 1 1 138kV,7270,L_BELLSO8_1Y,BELLSO,7271,L_NEWBRE8_1Y,NEWBRE,1,698T698_1,60011559.0,698T6981,,,1,Line,L_NEWBRE8_1Y,L_BELLSO8_1Y,698T698_1,1,duplicate_match,different
3411,cccbfc6e-e332-4c17-9058-23e90002cefd,Branch,ACLineSegment,1,1 1 69kV,76668,L_ALTUDA9_1Y,ALTUDA,76669,L_PERSGA9_1Y,PRSMNGAP,1,310T384_1,60003014.0,ALTU_PER,,,1,Line,ALTUDA2A,PRSMNGAP2A,ALTU_PER_1,1,duplicate_match,different
3411,cccbfc6e-e332-4c17-9058-23e90002cefd,Branch,ACLineSegment,1,1 1 69kV,76668,L_ALTUDA9_1Y,ALTUDA,76669,L_PERSGA9_1Y,PRSMNGAP,1,310T384_1,60008100.0,310T3841,,,1,Line,L_PERSGA9_1Y,L_ALTUDA9_1Y,310T384_1,1,duplicate_match,different
3413,ccf91b29-0ed1-469f-b5c7-8ca2c9e13463,Branch,ACLineSegment,1,PC1TIE_1 1 1 345kV,1058,LONGSHORE_5,LNGSW,131352,PC_NORTH_1_5,PC_NORTH,1,PC1_TIE_1,60006644.0,PC1TIE,,,1,Line,LONGSHORE_5,PC_NORTH_1_5,PC1TIE_1,1,duplicate_match,different
3413,ccf91b29-0ed1-469f-b5c7-8ca2c9e13463,Branch,ACLineSegment,1,PC1TIE_1 1 1 345kV,1058,LONGSHORE_5,LNGSW,131352,PC_NORTH_1_5,PC_NORTH,1,PC1_TIE_1,60010142.0,PC1_TIE1,,,1,Line,LONGSHORE_5,PC_NORTH_1_5,PC1_TIE_1,1,duplicate_match,different
3424,ed76e4e5-05cd-4c24-a966-6ece469da70f,Branch,ACLineSegment,1,JUNCTI_MENPHT1_1 1 1 69kV,6400,JUNCTION2A,JUNCTION,6401,MENPHTP2A,MENPHTAP,1,JUNCTI_MENPHT1_1,60009103.0,JUNCTI_MENPHT11,,,1,Line,JUNCTION2A,MENPHTP2A,JUNCTI_MENPHT1_1,1,duplicate_match,different
3424,ed76e4e5-05cd-4c24-a966-6ece469da70f,Branch,ACLineSegment,1,JUNCTI_MENPHT1_1 1 1 69kV,6400,JUNCTION2A,JUNCTION,6401,MENPHTP2A,MENPHTAP,1,JUNCTI_MENPHT1_1,60005574.0,JUNC_MENPHT1,,,1,Line,JUNC2A,MENPHTP2,JUNC_MENPHT1_1,1,duplicate_match,different
3430,edcc7774-fd3e-42b6-98e5-b759f9ff4144,Branch,ACLineSegment,1,LOOK_APO_1 1 1 138kV,802,APOLLO,APOLLO,828,LOOKOUT,LOOKOUT,1,LOOK_APO_1,60003070.0,APO_FIRW,,,1,Line,APOLLO,FIREWHEEL,APO_FIRW_1,1,duplicate_match,different
3430,edcc7774-fd3e-42b6-98e5-b759f9ff4144,Branch,ACLineSegment,1,LOOK_APO_1 1 1 138kV,802,APOLLO,APOLLO,828,LOOKOUT,LOOKOUT,1,LOOK_APO_1,60007939.0,LOOK_APO1,,,1,Line,APOLLO,LOOKOUT,LOOK_APO_1,1,duplicate_match,different
3440,eee77035-fadf-4bbd-b05f-07549bef4409,Branch,ACLineSegment,1,927T159_1 1 1 138kV,7350,L_MORMMI8_1Y,MORMMI,7348,L_MARBFA8_1Y,MARBFA,1,927T159_1,60008704.0,927T1591,,,1,Line,L_MARBFA8_1Y,L_MORMMI8_1Y,927T159_1,1,duplicate_match,different
3440,eee77035-fadf-4bbd-b05f-07549bef4409,Branch,ACLineSegment,1,927T159_1 1 1 138kV,7350,L_MORMMI8_1Y,MORMMI,7348,L_MARBFA8_1Y,MARBFA,1,927T159_1,60000759.0,2000T159,,,1,Line,L_MARBFA8_1Y,L_MORMMI8_1Y,2000T159_1,1,duplicate_match,different
3446,8bf152dc-6807-4cc5-b84a-58e1403c835f,Branch,ACLineSegment,1,995__A _A 1 138kV,3143,TYLERGND_8,TYGND,3218,TYLERS_8,TYSTH,_A,995__A,60110567.0,995,,,1,Line,TYLERGND_8,TYLERS_8,995__A,_A,duplicate_match,same_element
3446,8bf152dc-6807-4cc5-b84a-58e1403c835f,Branch,ACLineSegment,1,995__A _A 1 138kV,3143,TYLERGND_8,TYGND,3218,TYLERS_8,TYSTH,_A,995__A,60002802.0,995_A,,,1,Line,TYLERS_8,TYLERGND_8,995__A,_A,duplicate_match,same_element
3471,ae7941f4-bc5a-480e-85c1-4e492e0a39c2,Branch,ACLineSegment,26,AM_HOC26_A A 26 138kV,47170,H_O_C__POI_8,HOC,48061,ALMEDA26TP_8,AM,A,AM_HOC26_A,60110582.0,AM_HOC26,,,26,Line,H_O_C__POI_8,ALMEDA26TP_8,AM_HOC26_A,A,duplicate_match,same_element
3471,ae7941f4-bc5a-480e-85c1-4e492e0a39c2,Branch,ACLineSegment,26,AM_HOC26_A A 26 138kV,47170,H_O_C__POI_8,HOC,48061,ALMEDA26TP_8,AM,A,AM_HOC26_A,60003019.0,AM_HOC26A,,,26,Line,H_O_C__POI_8,ALMEDA26TP_8,AM_HOC26_A,A,duplicate_match,same_element
3497,cf661d5d-11d7-446a-b837-5a31134cff44,Branch,ACLineSegment,1,128T157_1 1 1 69kV,7220,L_LULIMA9_1Y,LULIMA,7223,L_LULING9_1Y,LULING,1,128T701_1,60000256.0,128T157,,,1,Line,L_LULIMA9_1Y,L_LULING9_1Y,128T157_1,1,duplicate_match,different
3497,cf661d5d-11d7-446a-b837-5a31134cff44,Branch,ACLineSegment,1,128T157_1 1 1 69kV,7220,L_LULIMA9_1Y,LULIMA,7223,L_LULING9_1Y,LULING,1,128T701_1,60012175.0,128T7011,,,1,Line,L_LULIMA9_1Y,L_LULING9_1Y,128T701_1,1,duplicate_match,different
3540,8e85a883-fbd3-4d69-92a2-4a24cc00628b,Branch,ACLineSegment,1,MILITA_OLMITO1_1 1 1 138kV,8339,MILITARY4A,MILITARY,8950,OLMITO4A,OLMITO,1,MILITA_OLMITO1_1,60110577.0,MILITA_OLMITO1,,,1,Line,MILITARY4D,OLMITO4A,MILITA_OLMITO1_1,1,duplicate_match,same_element
3540,8e85a883-fbd3-4d69-92a2-4a24cc00628b,Branch,ACLineSegment,1,MILITA_OLMITO1_1 1 1 138kV,8339,MILITARY4A,MILITARY,8950,OLMITO4A,OLMITO,1,MILITA_OLMITO1_1,60006198.0,MILITA_OLMITO11,,,1,Line,MILITARY4A,OLMITO4A,MILITA_OLMITO1_1,1,duplicate_match,same_element
3564,b1939e6d-2944-42b4-b160-b83324a5dc91,Branch,ACLineSegment,1,BARNHR_BIGLAK1_1 1 1 69kV,6530,BARNHRT2A,BARNHRT,6533,BIGLAKE2A,BIGLAKE,1,BARNHR_BIGLAK1_1,60009112.0,BARNHR_BIGLAK11,,,1,Line,BARNHRT2A,BIGLAKE2A,BARNHR_BIGLAK1_1,1,duplicate_match,different
3564,b1939e6d-2944-42b4-b160-b83324a5dc91,Branch,ACLineSegment,1,BARNHR_BIGLAK1_1 1 1 69kV,6530,BARNHRT2A,BARNHRT,6533,BIGLAKE2A,BIGLAKE,1,BARNHR_BIGLAK1_1,60003207.0,BARNHR_BGLK1,,,1,Line,BARNHRT2A,BGLK2A,BARNHR_BGLK1_1,1,duplicate_match,different
3565,b1bb6702-4bef-4e2d-bd9f-e1175f892be9,Branch,ACLineSegment,1,289T244_1 1 1 138kV,7151,L_CICO__8_1Y,CICO,7665,L_MENGCR8_1Y,MENGCR,1,289T244_1,60001056.0,289T2441,,,1,Line,L_CICO__8_1Y,L_MENGCR8_1Y,289T244_1,1,duplicate_match,different
3565,b1bb6702-4bef-4e2d-bd9f-e1175f892be9,Branch,ACLineSegment,1,289T244_1 1 1 138kV,7151,L_CICO__8_1Y,CICO,7665,L_MENGCR8_1Y,MENGCR,1,289T244_1,60079036.0,265T2441,,,1,Line,L_MECRTA8_1Y,L_CICO__8_1Y,265T244_1,1,duplicate_match,different
3569,b25d03ad-f63c-4e72-b547-8fba3d0728d6,Branch,ACLineSegment,1,127T157_1 1 1 69kV,7218,L_MAGNME9_1Y,MAGNME,7220,L_LULIMA9_1Y,LULIMA,1,701T701_1,60000252.0,127T157,,,1,Line,L_MAGNME9_1Y,L_LULIMA9_1Y,127T157_1,1,duplicate_match,different
3569,b25d03ad-f63c-4e72-b547-8fba3d0728d6,Branch,ACLineSegment,1,127T157_1 1 1 69kV,7218,L_MAGNME9_1Y,MAGNME,7220,L_LULIMA9_1Y,LULIMA,1,701T701_1,60012174.0,701T7011,,,1,Line,L_LULIMA9_1Y,L_MAGNME9_1Y,701T701_1,1,duplicate_match,different
3572,d0179ebf-3dcd-4546-a17b-7379ad4bd2f0,Branch,ACLineSegment,1,ADERHO_HEC1_1 1 1 138kV,5754,ADERHOLDSUB8,ADERHOLD,8963,HEC4A,HEC,1,ADERHO_HEC1_1,60002896.0,ADERHO_DUKE1,,,1,Line,ADERHOLDSUB8,HEC4A,ADERHO_DUKE1_1,1,duplicate_match,different
3572,d0179ebf-3dcd-4546-a17b-7379ad4bd2f0,Branch,ACLineSegment,1,ADERHO_HEC1_1 1 1 138kV,5754,ADERHOLDSUB8,ADERHOLD,8963,HEC4A,HEC,1,ADERHO_HEC1_1,60009007.0,ADERHO_HEC11,,,1,Line,HEC4A,ADERHOLDSUB8,ADERHO_HEC1_1,1,duplicate_match,different
3596,f1f4255f-9673-49f7-bb9c-ccce5fc439d5,Branch,ACLineSegment,1,E0_F3_1 1 1 138kV,5225,HONDO,F3,5813,PEARSONSW8,PEARSON,1,E0_F3_1,60009580.0,E0_F31,,,1,Line,HONDO,PEARSONSW8,E0_F3_1,1,duplicate_match,different
3596,f1f4255f-9673-49f7-bb9c-ccce5fc439d5,Branch,ACLineSegment,1,E0_F3_1 1 1 138kV,5225,HONDO,F3,5813,PEARSONSW8,PEARSON,1,E0_F3_1,60004663.0,F3_E0,,,1,Line,HONDO,PEARSONSW8,F3_E0_1,1,duplicate_match,different
3632,910ba777-38b9-46e8-b5f3-f25e893e2d6c,Branch,ACLineSegment,2,MILIT2_1 1 2 138kV,5964,MILHWY,MILHWY,8339,MILITARY4A,MILITARY,1,MILIT2_1,60110570.0,MILIT2,,,2,Line,MILHWY,MILITARY4D,MILIT2_1,1,duplicate_match,same_element
3632,910ba777-38b9-46e8-b5f3-f25e893e2d6c,Branch,ACLineSegment,2,MILIT2_1 1 2 138kV,5964,MILHWY,MILHWY,8339,MILITARY4A,MILITARY,1,MILIT2_1,60006196.0,MILIT21,,,2,Line,MILHWY,MILITARY4A,MILIT2_1,1,duplicate_match,same_element
3666,b48cb883-0005-41e1-a67c-bea6733321a1,Branch,ACLineSegment,1,321T667_1 1 1 138kV,7297,L_ROTOTA8_1Y,RTOPTA,7298,L_ROUNTO8_2Y,ROUNTO,1,321T667_1,60009689.0,321T6671,,,1,Line,L_ROTOTA8_1Y,L_ROUNTO8_2Y,321T667_1,1,duplicate_match,different
3666,b48cb883-0005-41e1-a67c-bea6733321a1,Branch,ACLineSegment,1,321T667_1 1 1 138kV,7297,L_ROTOTA8_1Y,RTOPTA,7298,L_ROUNTO8_2Y,ROUNTO,1,321T667_1,60001158.0,321T170,,,1,Line,L_ROTOTA8_1Y,L_ROUNTO8_1Y,321T170_1,1,duplicate_match,different
3688,f3eca311-2ce3-402a-a361-af6a9dc06f8a,Branch,ACLineSegment,1,CHAMPL_WEIL_T1_1 1 1 138kV,8476,CHAMPLIN4A,CHAMPLIN,8482,WEIL_TRC4A,WEIL_TRC,1,CHAMPL_WEIL_T1_1,60080822.0,CITGOW_WEIL_T11,,,1,Line,,,CITGOW_WEIL_T1_1,1,duplicate_match,different
3688,f3eca311-2ce3-402a-a361-af6a9dc06f8a,Branch,ACLineSegment,1,CHAMPL_WEIL_T1_1 1 1 138kV,8476,CHAMPLIN4A,CHAMPLIN,8482,WEIL_TRC4A,WEIL_TRC,1,CHAMPL_WEIL_T1_1,60003787.0,CHAMPL_WEIL_T11,,,1,Line,WEIL_TRC4A,CHAMPLIN4A,CHAMPL_WEIL_T1_1,1,duplicate_match,different
3703,f5c8cb99-4937-4135-9f59-d6e4953336a5,Branch,ACLineSegment,1,WESLCO_HIDLBRG_1 1 1 138kV,5765,HEIDLBRGSUB8,MV_HBRG4,5768,WESLACOSUB8,MV_WESL4,1,WESLCO_HIDLBRG_1,60008025.0,WESLCO_HIDLBRG1,,,1,Line,WESLACOSUB8,HEIDLBRGSUB8,WESLCO_HIDLBRG_1,1,duplicate_match,different
3703,f5c8cb99-4937-4135-9f59-d6e4953336a5,Branch,ACLineSegment,1,WESLCO_HIDLBRG_1 1 1 138kV,5765,HEIDLBRGSUB8,MV_HBRG4,5768,WESLACOSUB8,MV_WESL4,1,WESLCO_HIDLBRG_1,60001085.0,3051,,,1,Line,HEIDLBRGSUB8,WESLACOSUB8,3051_1,1,duplicate_match,different
3705,f5df30f2-b1fa-4849-ba26-0a3734fc0f07,Branch,ACLineSegment,1,256_A_1 _1 1 345kV,967,GIBN_CREK_5,GIBCRK,3400,TWIN_OAK_N5,TOKSW,_1,256_A__1,60092468.0,256_A_1,,,1,Line,TWIN_OAK_N5,GIBN_CREK_5,256_A__1,_1,duplicate_match,different
3705,f5df30f2-b1fa-4849-ba26-0a3734fc0f07,Branch,ACLineSegment,1,256_A_1 _1 1 345kV,967,GIBN_CREK_5,GIBCRK,3400,TWIN_OAK_N5,TOKSW,_1,256_A__1,60001007.0,256_A,,,1,Line,GIBN_CREK_5,TWIN_OAK_N5,256_A_1,1,duplicate_match,different
3739,b623321e-6242-474f-8bc6-2e9eb9f0b52c,Branch,ACLineSegment,1,BURNS_HEIDLBRG_1 1 1 138kV,5763,BURNSSUB8,MV_BURNS,5765,HEIDLBRGSUB8,MV_HBRG4,1,BURNS_HEIDLBRG_1,60008661.0,BURNS_HEIDLBRG1,,,1,Line,HEIDLBRGSUB8,BURNSSUB8,BURNS_HEIDLBRG_1,1,duplicate_match,different
3739,b623321e-6242-474f-8bc6-2e9eb9f0b52c,Branch,ACLineSegment,1,BURNS_HEIDLBRG_1 1 1 138kV,5763,BURNSSUB8,MV_BURNS,5765,HEIDLBRGSUB8,MV_HBRG4,1,BURNS_HEIDLBRG_1,60007027.0,S103,,,1,Line,BURNSSUB8,HEIDLBRGSUB8,S103_1,1,duplicate_match,different
3773,f6a5ac68-00c6-4011-866c-b8b7a17c0336,Branch,ACLineSegment,1,6085_D_1 _1 1 138kV,610,PATTSNST,PATTSNST,1469,SUNSETSW_8,SNSTP,_1,6085_D__1,60092474.0,6085_D_1,,,1,Line,SUNSETSW_8,PATTSNST,6085_D__1,_1,duplicate_match,different
3773,f6a5ac68-00c6-4011-866c-b8b7a17c0336,Branch,ACLineSegment,1,6085_D_1 _1 1 138kV,610,PATTSNST,PATTSNST,1469,SUNSETSW_8,SNSTP,_1,6085_D__1,60001834.0,6085_D,,,1,Line,PATTSNST,SUNSETSW_8,6085_D_1,1,duplicate_match,different
3782,f7ae3f79-5fd1-4ab1-9f38-01fb235f0fa2,Branch,ACLineSegment,1,JOURDN_PLEASN1_1 1 1 69kV,8200,PLEASANT2A,PLEASN69,8607,JOURDNTN2A,JOURDNTN,1,JOURDN_PLEASN1_1,60005566.0,JOURDN_PLEASA1,,,1,Line,PLEASANT2A,JOURDNTN2A,JOURDN_PLEASA1_1,1,duplicate_match,different
3782,f7ae3f79-5fd1-4ab1-9f38-01fb235f0fa2,Branch,ACLineSegment,1,JOURDN_PLEASN1_1 1 1 69kV,8200,PLEASANT2A,PLEASN69,8607,JOURDNTN2A,JOURDNTN,1,JOURDN_PLEASN1_1,60009160.0,JOURDN_PLEASN11,,,1,Line,JOURDNTN2A,PLEASANT2A,JOURDN_PLEASN1_1,1,duplicate_match,different
3784,f7d0d3f1-4fd3-4624-b74b-4a749329086e,Branch,ACLineSegment,1,P4_T5_1_1 1 1 345kV,5211,HILLCTY_5,HILLCTRY,5371,SKYLINE_5,SKYLINE,1,P4_T5_1_1,60009578.0,P4_T5_11,,,1,Line,HILLCTY_5,SKYLINE_5,P4_T5_1_1,1,duplicate_match,different
3784,f7d0d3f1-4fd3-4624-b74b-4a749329086e,Branch,ACLineSegment,1,P4_T5_1_1 1 1 345kV,5211,HILLCTY_5,HILLCTRY,5371,SKYLINE_5,SKYLINE,1,P4_T5_1_1,60006570.0,P4_T5,,,1,Line,HILLCTY_5,SKYLINE_5,P4_T5_1,1,duplicate_match,different
3792,943b415c-40d6-45e1-a044-4fb2e2a40c22,Branch,ACLineSegment,1,NAVO_KRGRV_1 1 1 138kV,1994,KRUGRVL1_8,KRGRV,33604,OKPNTSS1,OKPNTSS,1,OKPNTS_KRGRV_1,60006325.0,NAVO_KRGRV,,,1,Line,NAVO,KRUGRVL1_8,NAVO_KRGRV_1,1,duplicate_match,different
3792,943b415c-40d6-45e1-a044-4fb2e2a40c22,Branch,ACLineSegment,1,NAVO_KRGRV_1 1 1 138kV,1994,KRUGRVL1_8,KRGRV,33604,OKPNTSS1,OKPNTSS,1,OKPNTS_KRGRV_1,60009529.0,OKPNTS_KRGRV1,,,1,Line,KRUGRVL1_8,OKPNTSS1,OKPNTS_KRGRV_1,1,duplicate_match,different
3809,962b1b14-c66e-461e-b1a8-8e0418a9ad6b,Branch,ACLineSegment,1,623T623_1 1 1 138kV,70505,P_TRADPO8_1_,TRADPO,70506,P_CEDAVA8_1_,CEDAVA,1,623T623_1,60001257.0,343T315,,,1,Line,L_TRPOTA8_1Y,L_CEDAVA8_1Y,343T315_1,1,duplicate_match,different
3809,962b1b14-c66e-461e-b1a8-8e0418a9ad6b,Branch,ACLineSegment,1,623T623_1 1 1 138kV,70505,P_TRADPO8_1_,TRADPO,70506,P_CEDAVA8_1_,CEDAVA,1,623T623_1,60008112.0,623T6231,,,1,Line,P_TRADPO8_1_,P_CEDAVA8_1_,623T623_1,1,duplicate_match,different
3821,b7e0421c-5cf5-448d-9340-0393b6592573,Branch,ACLineSegment,1,27T635_1 1 1 138kV,7087,L_CORONA8_1Y,CORONA,7103,L_BUCKRA8_1Y,BUBORA,1,27T635_1,60001046.0,27T187,,,1,Line,L_CORONA8_1Y,L_BUCKRA8_1Y,27T187_1,1,duplicate_match,different
3821,b7e0421c-5cf5-448d-9340-0393b6592573,Branch,ACLineSegment,1,27T635_1 1 1 138kV,7087,L_CORONA8_1Y,CORONA,7103,L_BUCKRA8_1Y,BUBORA,1,27T635_1,60009130.0,27T6351,,,1,Line,L_CORONA8_1Y,L_BUCKRA8_1Y,27T635_1,1,duplicate_match,different
3824,b818244f-f2ec-4c32-8049-97c1c7aa4b88,Branch,ACLineSegment,1,ROBT_TUSCOL1_1 1 1 69kV,6326,ROBT2A,ROBT,6328,TUSCOLA2A,TUSCOLA,1,ROBT_TUSCOL1_1,60009090.0,ROBT_TUSCOL11,,,1,Line,TUSCOLA2A,ROBT2A,ROBT_TUSCOL1_1,1,duplicate_match,different
3824,b818244f-f2ec-4c32-8049-97c1c7aa4b88,Branch,ACLineSegment,1,ROBT_TUSCOL1_1 1 1 69kV,6326,ROBT2A,ROBT,6328,TUSCOLA2A,TUSCOLA,1,ROBT_TUSCOL1_1,60006985.0,ROBT_TUSC1,,,1,Line,ROBT2A,TUSC2A,ROBT_TUSC1_1,1,duplicate_match,different
3886,fb21b471-bcc7-4c2a-b9c2-1e85ac2dbb06,Branch,ACLineSegment,1,ABPLTT_SHELTO1_1 1 1 69kV,6270,SHELTONS2A,SHELTONS,6278,ABPLTTP2A,ABPLTTP,1,ABPLTT_SHELTO1_1,60002869.0,ABPLTT_ABSH1,,,1,Line,ABSH2A,ABPLTTP2A,ABPLTT_ABSH1_1,1,duplicate_match,different
3886,fb21b471-bcc7-4c2a-b9c2-1e85ac2dbb06,Branch,ACLineSegment,1,ABPLTT_SHELTO1_1 1 1 69kV,6270,SHELTONS2A,SHELTONS,6278,ABPLTTP2A,ABPLTTP,1,ABPLTT_SHELTO1_1,60009068.0,ABPLTT_SHELTO11,,,1,Line,ABPLTTP2A,SHELTONS2A,ABPLTT_SHELTO1_1,1,duplicate_match,different
3889,96628f3d-e6fb-4132-b1fd-3e1cc430ef4d,Branch,ACLineSegment,1,ERALIO_SKIDMO1_1 1 1 69kV,8405,SKIDMORE2A,SKIDMORE,8904,ERALIO2A,ERALIO,1,ERALIO_SKIDMO1_1,60003791.0,CHAS_T_SKIDMO1,,,1,Line,SKIDMORE2A,CHAS_TAP2A,CHAS_T_SKIDMO1_1,1,duplicate_match,different
3889,96628f3d-e6fb-4132-b1fd-3e1cc430ef4d,Branch,ACLineSegment,1,ERALIO_SKIDMO1_1 1 1 69kV,8405,SKIDMORE2A,SKIDMORE,8904,ERALIO2A,ERALIO,1,ERALIO_SKIDMO1_1,60008129.0,ERALIO_SKIDMO11,,,1,Line,SKIDMORE2A,ERALIO2A,ERALIO_SKIDMO1_1,1,duplicate_match,different
3947,77e1b0b1-862c-47ed-a95b-6d96401999de,Branch,ACLineSegment,1,D1_X2_1 1 1 138kV,5083,CASTRVLL,D1,5290,LYTLE,X2,1,D1_X2_1,60007911.0,X2_D1,,,1,Line,CASTRVLL,LYTLE,X2_D1_1,1,duplicate_match,different
3947,77e1b0b1-862c-47ed-a95b-6d96401999de,Branch,ACLineSegment,1,D1_X2_1 1 1 138kV,5083,CASTRVLL,D1,5290,LYTLE,X2,1,D1_X2_1,60009569.0,D1_X21,,,1,Line,CASTRVLL,LYTLE,D1_X2_1,1,duplicate_match,different
3961,2a19f265-2db2-4016-b2d0-2448817081c6,Branch,ACLineSegment,1,699T699_1 1 1 138kV,7182,L_MCCALA8_1Y,MCCALA,7186,L_RARO128_1Y,RNRD12,1,699T699_1,60000030.0,102T375,,,1,Line,L_MCCALA8_1Y,L_RARO128_1Y,102T375_1,1,duplicate_match,different
3961,2a19f265-2db2-4016-b2d0-2448817081c6,Branch,ACLineSegment,1,699T699_1 1 1 138kV,7182,L_MCCALA8_1Y,MCCALA,7186,L_RARO128_1Y,RNRD12,1,699T699_1,60011555.0,699T6991,,,1,Line,L_RARO128_1Y,L_MCCALA8_1Y,699T699_1,1,duplicate_match,different
3966,f8a4bb23-a53b-4976-a4c8-eb4c34080560,Branch,ACLineSegment,1,SNDYSS_CRCHFLD_1 1 1 138kV,5,SANDYSW,SANDYSW,8,CRTCHFLD,CRTCHFLD,1,SNDYSS_CRCHFLD_1,60007284.0,SNDYSS_CRCHFLD1,,,1,Line,CRTCHFLD,SANDYSW,SNDYSS_CRCHFLD_1,1,duplicate_match,different
3966,f8a4bb23-a53b-4976-a4c8-eb4c34080560,Branch,ACLineSegment,1,SNDYSS_CRCHFLD_1 1 1 138kV,5,SANDYSW,SANDYSW,8,CRTCHFLD,CRTCHFLD,1,SNDYSS_CRCHFLD_1,60081214.0,CRTCHFLD_RPR1,,,1,Line,,,CRTCHFLD_RPR_1,1,duplicate_match,different
3970,2b52d05a-7abd-4982-8ed7-bc04bc459549,Branch,ACLineSegment,1,662T662_1 1 1 138kV,7156,L_CYPRCR8_1Y,CYPRCR,7158,L_RAYMBA8_1Y,RAYBAR,1,662T662_1,60009679.0,662T6621,,,1,Line,L_CYPRCR8_1Y,L_RAYMBA8_1Y,662T662_1,1,duplicate_match,different
3970,2b52d05a-7abd-4982-8ed7-bc04bc459549,Branch,ACLineSegment,1,662T662_1 1 1 138kV,7156,L_CYPRCR8_1Y,CYPRCR,7158,L_RAYMBA8_1Y,RAYBAR,1,662T662_1,60002360.0,66T121,,,1,Line,L_CYPRCR8_1Y,L_RAYMBA8_1Y,66T121_1,1,duplicate_match,different
3987,4ce8e3ff-e734-45ab-b7a0-2970c13b0f8c,Branch,ACLineSegment,1,ABWALN_WALNTT1_1 1 1 69kV,6244,WALNTTAP2A,WALNTTAP,6281,ABWALNUT2A,ABWALNUT,1,ABWALN_WALNTT1_1,60009052.0,ABWALN_WALNTT11,,,1,Line,ABWALNUT2A,WALNTTAP2A,ABWALN_WALNTT1_1,1,duplicate_match,different
3987,4ce8e3ff-e734-45ab-b7a0-2970c13b0f8c,Branch,ACLineSegment,1,ABWALN_WALNTT1_1 1 1 69kV,6244,WALNTTAP2A,WALNTTAP,6281,ABWALNUT2A,ABWALNUT,1,ABWALN_WALNTT1_1,60002888.0,ABWA_ABWT1,,,1,Line,ABWT2A,ABWA2A,ABWA_ABWT1_1,1,duplicate_match,different
4012,18173b04-b64a-4906-9729-ee269a06dcc4,Branch,ACLineSegment,1,HICROS_HICR_G1 G1 1 138kV,7202,L_HICROS8_1Y,HICROS,9147,HICRSMB2,HICROSS,G1,8007T8007_G1,60010249.0,8007T8007G1,,,1,Line,L_HICROS8_1Y,HICRSMB2,8007T8007_G1,G1,duplicate_match,different
4012,18173b04-b64a-4906-9729-ee269a06dcc4,Branch,ACLineSegment,1,HICROS_HICR_G1 G1 1 138kV,7202,L_HICROS8_1Y,HICROS,9147,HICRSMB2,HICROSS,G1,8007T8007_G1,60007437.0,T249,,,1,Line,L_HICROS8_1Y,HICRSMB2,T249_G1,G1,duplicate_match,different
4014,18227876-47ab-465d-a10b-1f4bb155708c,Branch,ACLineSegment,1,1 1 138kV,8380,NEDIN4A,NEDIN,8963,HEC4A,HEC,1,HEC_NEDIN1_1,60009168.0,HEC_NEDIN11,,,1,Line,NEDIN4A,HEC4A,HEC_NEDIN1_1,1,duplicate_match,different
4014,18227876-47ab-465d-a10b-1f4bb155708c,Branch,ACLineSegment,1,1 1 138kV,8380,NEDIN4A,NEDIN,8963,HEC4A,HEC,1,HEC_NEDIN1_1,60004447.0,DUKE_NEDIN1,,,1,Line,NEDIN4A,HEC4A,DUKE_NEDIN1_1,1,duplicate_match,different
4024,7a52ac84-3162-43f8-8b19-643e564c1e93,Branch,ACLineSegment,1,BURNS_RIOHONDO_1 1 1 138kV,5763,BURNSSUB8,MV_BURNS,8319,RIOHONDO4A,RIOHONDO,1,BURNS_RIOHONDO_1,60007028.0,S104A,,,1,Line,BURNSSUB8,RIOHONDO4A,S104A_1,1,duplicate_match,different
4024,7a52ac84-3162-43f8-8b19-643e564c1e93,Branch,ACLineSegment,1,BURNS_RIOHONDO_1 1 1 138kV,5763,BURNSSUB8,MV_BURNS,8319,RIOHONDO4A,RIOHONDO,1,BURNS_RIOHONDO_1,60008662.0,BURNS_RIOHONDO1,,,1,Line,BURNSSUB8,RIOHONDO4A,BURNS_RIOHONDO_1,1,duplicate_match,different
4025,7a6923a4-beb7-474c-9e82-c4d0e04c80d9,Branch,ACLineSegment,1,DCTM_OKLA1_1 1 1 345kV,6100,OKLA7A,OKLA,140001,DCTM_DCTMG1,DCTM,1,DCTM_OKLA1_1,60004245.0,DCT_OKL,,,1,Line,OKLA7A,DCTM_DCTMG1,DCT_OKL_1,1,duplicate_match,different
4025,7a6923a4-beb7-474c-9e82-c4d0e04c80d9,Branch,ACLineSegment,1,DCTM_OKLA1_1 1 1 345kV,6100,OKLA7A,OKLA,140001,DCTM_DCTMG1,DCTM,1,DCTM_OKLA1_1,60009597.0,DCTM_OKLA11,,,1,Line,OKLA7A,DCTM_DCTMG1,DCTM_OKLA1_1,1,duplicate_match,different
4026,7a6ca93e-7615-44ef-ac9b-d70dc1fc2f6a,Branch,ACLineSegment,1,240T281_1 1 1 69kV,7428,L_UTOPIA9_1Y,UTOPIA,7440,L_TARPLE9_1Y,TARPLE,1,9525_T21501_1,60010918.0,9525_T215011,,,1,Line,L_UTOPIA9_1Y,L_TARPLE9_1Y,9525_T21501_1,1,duplicate_match,different
4026,7a6ca93e-7615-44ef-ac9b-d70dc1fc2f6a,Branch,ACLineSegment,1,240T281_1 1 1 69kV,7428,L_UTOPIA9_1Y,UTOPIA,7440,L_TARPLE9_1Y,TARPLE,1,9525_T21501_1,60000965.0,240T281,,,1,Line,L_UTOPIA9_1Y,L_TARPLE9_1Y,240T281_1,1,duplicate_match,different
4047,a710a3af-eae7-4ac9-a49d-3fed97721efe,Branch,ACLineSegment,1,SCKSS_SCRYSW 1 1 138kV,729,SCURRYSWCH,SCURRYSW,731,SLTCRKSW,SLTCRKSS,1,SCKSS_SCRYSW_1,60010128.0,SCKSS_SCRYSW1,,,1,Line,SCURRYSWCH,SLTCRKSW,SCKSS_SCRYSW_1,1,duplicate_match,different
4047,a710a3af-eae7-4ac9-a49d-3fed97721efe,Branch,ACLineSegment,1,SCKSS_SCRYSW 1 1 138kV,729,SCURRYSWCH,SCURRYSW,731,SLTCRKSW,SLTCRKSS,1,SCKSS_SCRYSW_1,60007260.0,SLTCRK_SCRYSW,,,1,Line,SCURRYSWCH,SALTCREEK,SLTCRK_SCRYSW_1,1,duplicate_match,different
4048,293aca98-ada4-4807-a8bb-7c634e460c88,Branch,ACLineSegment,1,SMR_LKKE_1 1 1 69kV,779,SEYMOUR,SMR,33728,MABELLE,MABELLE,1,SMR_MABEL_1,60007265.0,SMR_LKKE,,,1,Line,SEYMOUR,LAKEKEMPSW,SMR_LKKE_1,1,duplicate_match,different
4048,293aca98-ada4-4807-a8bb-7c634e460c88,Branch,ACLineSegment,1,SMR_LKKE_1 1 1 69kV,779,SEYMOUR,SMR,33728,MABELLE,MABELLE,1,SMR_MABEL_1,60009431.0,SMR_MABEL1,,,1,Line,SEYMOUR,MABELLE,SMR_MABEL_1,1,duplicate_match,different
4053,2da996f6-21e5-4c81-b55b-bf7c3972a035,Branch,ACLineSegment,1,ABNTHW_MULBER1_1 1 1 138kV,6228,ABNTHWST4A,ABNTHWST,6288,MULBERRY4D,MULBERRY,1,ABNTHW_MULBER1_1,60002862.0,ABNW_MULBER1,,,1,Line,ABNW4A,MULBERRY4D,ABNW_MULBER1_1,1,duplicate_match,different
4053,2da996f6-21e5-4c81-b55b-bf7c3972a035,Branch,ACLineSegment,1,ABNTHW_MULBER1_1 1 1 138kV,6228,ABNTHWST4A,ABNTHWST,6288,MULBERRY4D,MULBERRY,1,ABNTHW_MULBER1_1,60009048.0,ABNTHW_MULBER11,,,1,Line,MULBERRY4D,ABNTHWST4A,ABNTHW_MULBER1_1,1,duplicate_match,different
4068,4ebc6395-720c-4e8e-afae-e32bb21964a0,Branch,ACLineSegment,1,69_LWH_WHT 1 1 69kV,37420,TNLKWHITNY0,LKWHITNY,37440,TNWHITNEY_0,WHITNEY,1,69_LWH_WHT_1,60094859.0,69_LWH_WHT,,,1,Line,TNLKWHITNY0,TNWHITNEY_0,69_LWH_WHT_1,1,duplicate_match,different
4068,4ebc6395-720c-4e8e-afae-e32bb21964a0,Branch,ACLineSegment,1,69_LWH_WHT 1 1 69kV,37420,TNLKWHITNY0,LKWHITNY,37440,TNWHITNEY_0,WHITNEY,1,69_LWH_WHT_1,60005861.0,LKW_WHIT,,,1,Line,TNLKWHITNY0,TNWHITNEY_0,LKW_WHIT_1,1,duplicate_match,different
4082,5c3c7aed-3b99-4140-aff6-d58731f8bed2,Branch,ACLineSegment,1,314T283_1 1 1 69kV,57660,QUANEXSW9,QUANSW,57662,QUANEXSB9,QUANEX,1,314T283_1,60001124.0,314T2831,,,1,Line,QUANEXSB9,QUANEXSW9,314T283_1,1,duplicate_match,different
4082,5c3c7aed-3b99-4140-aff6-d58731f8bed2,Branch,ACLineSegment,1,314T283_1 1 1 69kV,57660,QUANEXSW9,QUANSW,57662,QUANEXSB9,QUANEX,1,314T283_1,60079039.0,314T2851,,,1,Line,L_QUANEX9_1Y,L_QUANSW9_1Y,314T285_1,1,duplicate_match,different
4085,5c7224b3-2e94-42df-b1be-a185a7a0c9ec,Branch,ACLineSegment,1,17T109_1 1 1 138kV,7065,L_DOBYVI8_1Y,DOBYVI,7084,L_GRAPMI8_1Y,GRAPMI,1,711T715_1,60000643.0,17T109,,,1,Line,L_DOBYVI8_1Y,L_GRAPMI8_1Y,17T109_1,1,duplicate_match,different
4085,5c7224b3-2e94-42df-b1be-a185a7a0c9ec,Branch,ACLineSegment,1,17T109_1 1 1 138kV,7065,L_DOBYVI8_1Y,DOBYVI,7084,L_GRAPMI8_1Y,GRAPMI,1,711T715_1,60011958.0,711T7151,,,1,Line,L_DOBYVI8_1Y,L_GRAPMI8_1Y,711T715_1,1,duplicate_match,different
4111,7d0cd56e-aea7-40a9-b03c-6c78aeee3045,Branch,ACLineSegment,1,1 1 69kV,6550,FDRAN2A,FRIEND_R,6560,OZONA2A,OZONA,1,FRIEND_OZONA1_1,60008083.0,FRIEND_OZONA11,,,1,Line,FDRAN2A,OZONA2A,FRIEND_OZONA1_1,1,duplicate_match,different
4111,7d0cd56e-aea7-40a9-b03c-6c78aeee3045,Branch,ACLineSegment,1,1 1 69kV,6550,FDRAN2A,FRIEND_R,6560,OZONA2A,OZONA,1,FRIEND_OZONA1_1,60004703.0,FDR_OZN,,,1,Line,FDRAN2A,OZNA2A,FDR_OZN_1,1,duplicate_match,different
4122,2fbf130e-4ad3-4721-a5a8-0192661e30c9,Branch,ACLineSegment,1,BIT_SWWND3_G1 1 1 345kV,71050,L_BITTCR5_1Y,BITTCR,180165,SWEETWN3_1_5,SWEETWN3,1,BIT_SWWND3_1,60017558.0,BIT_SWWND31,,,1,Line,L_BITTCR5_1Y,SWEETWN3_1_5,BIT_SWWND3_1,1,duplicate_match,different
4122,2fbf130e-4ad3-4721-a5a8-0192661e30c9,Branch,ACLineSegment,1,BIT_SWWND3_G1 1 1 345kV,71050,L_BITTCR5_1Y,BITTCR,180165,SWEETWN3_1_5,SWEETWN3,1,BIT_SWWND3_1,60009270.0,BIT_SWWND3,,,1,Line,L_BITTCR5_1Y,SWEETWN3_1_5,BIT_SWWND3_G1,G1,duplicate_match,different
4171,5e1aa8fc-cb3e-4e52-8a8e-cee4e4d1b55f,Branch,ACLineSegment,1,WEIDR_TRI_CNTY_1 1 1 138kV,5445,TRI_CNTY,F5,7461,L_WEIDER8_1Y,WEIDER,1,WEIDR_TRI_CNTY_1,60007793.0,WEIDR_TRI_CNTY1,,,1,Line,TRI_CNTY,L_WEIDER8_1Y,WEIDR_TRI_CNTY_1,1,duplicate_match,different
4171,5e1aa8fc-cb3e-4e52-8a8e-cee4e4d1b55f,Branch,ACLineSegment,1,WEIDR_TRI_CNTY_1 1 1 138kV,5445,TRI_CNTY,F5,7461,L_WEIDER8_1Y,WEIDER,1,WEIDR_TRI_CNTY_1,60088432.0,WEIDER_SKY1,,,1,Line,L_WEIDER8_1Y,SKYLIN4_8,WEIDER_SKY_1,1,duplicate_match,different
4180,7d4f0bdf-b633-4696-a752-c8ebe2a0af63,Branch,ACLineSegment,1,ABNTHW_RAINEY1_1 1 1 138kV,6201,ABNTHWST4B,ABNTHWST,6223,RAINEYCR4A,RAINEYCR,1,ABNTHW_RAINEY1_1,60009030.0,ABNTHW_RAINEY11,,,1,Line,RAINEYCR4A,ABNTHWST4B,ABNTHW_RAINEY1_1,1,duplicate_match,different
4180,7d4f0bdf-b633-4696-a752-c8ebe2a0af63,Branch,ACLineSegment,1,ABNTHW_RAINEY1_1 1 1 138kV,6201,ABNTHWST4B,ABNTHWST,6223,RAINEYCR4A,RAINEYCR,1,ABNTHW_RAINEY1_1,60002861.0,ABNW_FTPP_1A,,,1,Line,ABRC4A,ABNW4A,ABNW_FTPP_1A_1,1,duplicate_match,different
4191,7e5366e5-8ab1-4f37-9d32-4504cbb7ac5a,Branch,ACLineSegment,1,PAR_TRI_CNTY_1 1 1 138kV,5445,TRI_CNTY,F5,7611,L_PARKWA8_1Y,PARKWA,1,PAR_TRI_CNTY_1,60082687.0,GRE_PAR1,,,1,Line,L_PARKWA8_1Y,GREEN_MT,GRE_PAR_1,1,duplicate_match,different
4191,7e5366e5-8ab1-4f37-9d32-4504cbb7ac5a,Branch,ACLineSegment,1,PAR_TRI_CNTY_1 1 1 138kV,5445,TRI_CNTY,F5,7611,L_PARKWA8_1Y,PARKWA,1,PAR_TRI_CNTY_1,60006610.0,PAR_TRI_CNTY1,,,1,Line,TRI_CNTY,L_PARKWA8_1Y,PAR_TRI_CNTY_1,1,duplicate_match,different
4194,7e6ec5cb-8052-428d-9a88-188e1764140b,Branch,ACLineSegment,1,HIC_HICO_1 1 1 69kV,37740,TNHICOTAP_0,HICOTAP,37750,TNHICO____0,HICOTN,1,69_IRD_HICO_1,60005309.0,HIC_HICO,,,1,Line,TNHICOTAP_0,TNHICO____0,HIC_HICO_1,1,duplicate_match,different
4194,7e6ec5cb-8052-428d-9a88-188e1764140b,Branch,ACLineSegment,1,HIC_HICO_1 1 1 69kV,37740,TNHICOTAP_0,HICOTAP,37750,TNHICO____0,HICOTN,1,69_IRD_HICO_1,60093143.0,69_IRD_HICO,,,1,Line,TNHICOTAP_0,TNHICO____0,69_IRD_HICO_1,1,duplicate_match,different
4237,52e74701-31c9-4aff-bdb6-38c6ec96b93a,Branch,ACLineSegment,1,608T608_1 1 1 138kV,7310,L_SIMGID8_1Y,GIDEON,7319,L_BASTCI8_2Y,BASTCI,1,608T608_1,60001841.0,608T6081,,,1,Line,L_BASTCI8_2Y,L_SIMGID8_1Y,608T608_1,1,duplicate_match,different
4237,52e74701-31c9-4aff-bdb6-38c6ec96b93a,Branch,ACLineSegment,1,608T608_1 1 1 138kV,7310,L_SIMGID8_1Y,GIDEON,7319,L_BASTCI8_2Y,BASTCI,1,608T608_1,60079034.0,196T3671,,,1,Line,L_SIMGID8_1Y,L_BASTCI8_2Y,196T367_1,1,duplicate_match,different
4245,545ba03b-b574-4aed-9abf-fb1775535f8b,Branch,ACLineSegment,1,402T490_1 1 1 138kV,7200,L_CANYON8_1Y,CANYON,7515,L_ROHR__8_1Y,ROHR,1,722T782_1,60001497.0,402T490,,,1,Line,L_CANYON8_1Y,L_ROHR__8_1Y,402T490_1,1,duplicate_match,different
4245,545ba03b-b574-4aed-9abf-fb1775535f8b,Branch,ACLineSegment,1,402T490_1 1 1 138kV,7200,L_CANYON8_1Y,CANYON,7515,L_ROHR__8_1Y,ROHR,1,722T782_1,60095270.0,722T782,,,1,Line,L_CANYON8_1Y,L_ROHR__8_1Y,722T782_1,1,duplicate_match,different
4275,7f6227e9-d880-4387-b045-b1f9ddb42211,Branch,ACLineSegment,1,6512_B _B 1 138kV,1027,ODESEHV_8,ODEHV,11127,LIQAIRTP_8,TROTP,_B,6512__B,60002180.0,6475_C,,,1,Line,ODESEHV_8,ODESSA2_8,6475__C,_C,duplicate_match,different
4275,7f6227e9-d880-4387-b045-b1f9ddb42211,Branch,ACLineSegment,1,6512_B _B 1 138kV,1027,ODESEHV_8,ODEHV,11127,LIQAIRTP_8,TROTP,_B,6512__B,60011477.0,6512_B,,,1,Line,ODESEHV_8,LIQAIRTP_8,6512__B,_B,duplicate_match,different
4289,80a69145-3d13-4647-8327-250927116673,Branch,ACLineSegment,1,HILL_MAR_1_1 1 1 345kV,5211,HILLCTY_5,HILLCTRY,7044,L_MARION5_1Y,MARION,1,HILL_MAR_1_1,60005321.0,HIL_MAR,,,1,Line,HILLCTY_5,L_MARION5_1Y,HIL_MAR_1,1,duplicate_match,different
4289,80a69145-3d13-4647-8327-250927116673,Branch,ACLineSegment,1,HILL_MAR_1_1 1 1 345kV,5211,HILLCTY_5,HILLCTRY,7044,L_MARION5_1Y,MARION,1,HILL_MAR_1_1,60008654.0,HILL_MAR_11,,,1,Line,L_MARION5_1Y,HILLCTY_5,HILL_MAR_1_1,1,duplicate_match,different
4293,80d6b5f9-d5c5-4780-83a1-214860cb0095,Branch,ACLineSegment,1,DKEC_GIRA_T1 1 1 69kV,6151,GIRA_TAP2A,GIRA_TAP,6152,DKEC2A,DKEC,1,DKEC_GIRA_T1_1,60009024.0,DKEC_GIRA_T11,,,1,Line,GIRA_TAP2A,DKEC2A,DKEC_GIRA_T1_1,1,duplicate_match,different
4293,80d6b5f9-d5c5-4780-83a1-214860cb0095,Branch,ACLineSegment,1,DKEC_GIRA_T1 1 1 69kV,6151,GIRA_TAP2A,GIRA_TAP,6152,DKEC2A,DKEC,1,DKEC_GIRA_T1_1,60005512.0,JATN_SPUR_1C,,,1,Line,GIRA_TAP2A,DKEC2A,JATN_SPUR_1C_1,1,duplicate_match,different
4310,5cc053e8-b788-4a8b-8a30-8317d5d8a0b2,Branch,ACLineSegment,1,MYRA_VAL_1 1 1 138kV,690,MYRA,MYRA,691,VALLEYVIEW,VALYVIEW,1,MYRA_VAL_1,60008362.0,MYRA_VAL1,,,1,Line,MYRA,VALLEYVIEW,MYRA_VAL_1,1,duplicate_match,different
4310,5cc053e8-b788-4a8b-8a30-8317d5d8a0b2,Branch,ACLineSegment,1,MYRA_VAL_1 1 1 138kV,690,MYRA,MYRA,691,VALLEYVIEW,VALYVIEW,1,MYRA_VAL_1,60007693.0,VAL_MUEN,,,1,Line,VALLEYVIEW,MUENSTER,VAL_MUEN_1,1,duplicate_match,different
4315,8e2b004a-154c-4af2-bc5f-e8fa666c7013,Branch,ACLineSegment,1,TOMCAT_WILDCAT_1 1 1 138kV,420,TOMCAT,TOMCAT,433,WILDCAT,WILDCAT,1,TOMCAT_WILDCAT_1,60007773.0,WCT_WCTSW,,,1,Line,WLDCATTAP,WILDCAT,WCT_WCTSW_1,1,duplicate_match,different
4315,8e2b004a-154c-4af2-bc5f-e8fa666c7013,Branch,ACLineSegment,1,TOMCAT_WILDCAT_1 1 1 138kV,420,TOMCAT,TOMCAT,433,WILDCAT,WILDCAT,1,TOMCAT_WILDCAT_1,60088853.0,TOMCAT_WILDCAT,,,1,Line,TOMCAT,WILDCAT,TOMCAT_WILDCAT_1,1,duplicate_match,different
4335,55ef72bc-bef3-49d1-949a-35f2559298f2,Branch,ACLineSegment,1,BL_MILIT_BLT_1 1 1 138kV,109060,BL__BL_MILIT,BL_MILIT,8339,MILITARY4A,MILITARY,1,BL_MILIT_BLT_1,60003353.0,BL_MILIT_BLT1,,,1,Line,BL__BL_MILIT,MILITARY4A,BL_MILIT_BLT_1,1,duplicate_match,same_element
4335,55ef72bc-bef3-49d1-949a-35f2559298f2,Branch,ACLineSegment,1,BL_MILIT_BLT_1 1 1 138kV,109060,BL__BL_MILIT,BL_MILIT,8339,MILITARY4A,MILITARY,1,BL_MILIT_BLT_1,60110578.0,BL_MILIT_BLT,,,1,Line,MILITARY4C,BL__BL_MILIT,BL_MILIT_BLT_1,1,duplicate_match,same_element
4341,56b0a391-4b76-4ed2-93ed-e605dc720264,Branch,ACLineSegment,1,179T667_1 1 1 138kV,7289,L_SALEM_8_1Y,SALEM,7297,L_ROTOTA8_1Y,RTOPTA,1,179T667_1,60009687.0,179T6671,,,1,Line,L_SALEM_8_1Y,L_ROTOTA8_1Y,179T667_1,1,duplicate_match,different
4341,56b0a391-4b76-4ed2-93ed-e605dc720264,Branch,ACLineSegment,1,179T667_1 1 1 138kV,7289,L_SALEM_8_1Y,SALEM,7297,L_ROTOTA8_1Y,RTOPTA,1,179T667_1,60000642.0,179T170,,,1,Line,L_SALEM_8_1Y,L_ROTOTA8_1Y,179T170_1,1,duplicate_match,different
4359,6203eb0a-1287-4b3c-a09c-a39923fc305b,Branch,ACLineSegment,1,SAPOWE_SAST1_1 1 1 138kV,6453,SAST4A,SAST,6480,SAPOWER4B,SAPOWER,1,SAPOWE_SAST1_1,60007099.0,SAPOWE_SAST11,,,1,Line,SAPOWER4B,SAST4A,SAPOWE_SAST1_1,1,duplicate_match,different
4359,6203eb0a-1287-4b3c-a09c-a39923fc305b,Branch,ACLineSegment,1,SAPOWE_SAST1_1 1 1 138kV,6453,SAST4A,SAST,6480,SAPOWER4B,SAPOWER,1,SAPOWE_SAST1_1,60087069.0,SAPS_SAST11,,,1,Line,SAPS4B,SAST4A,SAPS_SAST1_1,1,duplicate_match,different
4361,62256af8-2792-4aac-ade5-f0c50639938e,Branch,ACLineSegment,1,MAUDST_MUNDYR1_1 1 1 69kV,764,MUNDAY,MUNDAYR2,60391,MAUDST2A,MAUDST,1,MAUDST_MUNDYR1_1,60008364.0,MAUDST_MUNDYR11,,,1,Line,MUNDAY,MAUDST2A,MAUDST_MUNDYR1_1,1,duplicate_match,different
4361,62256af8-2792-4aac-ade5-f0c50639938e,Branch,ACLineSegment,1,MAUDST_MUNDYR1_1 1 1 69kV,764,MUNDAY,MUNDAYR2,60391,MAUDST2A,MAUDST,1,MAUDST_MUNDYR1_1,60006277.0,MUNDAY_MUNDAY1,,,1,Line,MUNDAY,MUNDAYST2A,MUNDAY_MUNDAY1_1,1,duplicate_match,different
4414,575c93ab-1b4c-439b-a253-21d850ed9753,Branch,ACLineSegment,1,136T749_1 1 1 69kV,7231,L_THOMPS9_1Y,THOMPS,7232,L_WAELDE9_1Y,WAELDE,1,136T749_1,60000315.0,136T145,,,1,Line,L_THOMPS9_1Y,L_WAELDE9_1Y,136T145_1,1,duplicate_match,different
4414,575c93ab-1b4c-439b-a253-21d850ed9753,Branch,ACLineSegment,1,136T749_1 1 1 69kV,7231,L_THOMPS9_1Y,THOMPS,7232,L_WAELDE9_1Y,WAELDE,1,136T749_1,60012176.0,136T7491,,,1,Line,L_WAELDE9_1Y,L_THOMPS9_1Y,136T749_1,1,duplicate_match,different
4426,62bbddc7-4197-42ef-9b5e-beeab976fb70,Branch,ACLineSegment,1,449T449_1 1 1 138kV,6601,RIOPECOS4A,RIOPECOS,76580,L_TUNACR8_1Y,TUNACR,1,449T449_1,60001205.0,333T449,,,1,Line,INDN4A,RIOPECOS4A,333T449_1,1,duplicate_match,different
4426,62bbddc7-4197-42ef-9b5e-beeab976fb70,Branch,ACLineSegment,1,449T449_1 1 1 138kV,6601,RIOPECOS4A,RIOPECOS,76580,L_TUNACR8_1Y,TUNACR,1,449T449_1,60001557.0,449T4491,,,1,Line,RIOPECOS4A,L_TUNACR8_1Y,449T449_1,1,duplicate_match,different
4444,82de7dda-1882-4b06-93a9-d007627142e6,Branch,ACLineSegment,1,REBECC_TWILIG1_1 1 1 138kV,6256,TWILIGHT4A,TWILIGHT,6257,REBECCA4A,REBECCA,1,REBECC_TWILIG1_1,60009057.0,REBECC_TWILIG11,,,1,Line,TWILIGHT4A,REBECCA4A,REBECC_TWILIG1_1,1,duplicate_match,different
4444,82de7dda-1882-4b06-93a9-d007627142e6,Branch,ACLineSegment,1,REBECC_TWILIG1_1 1 1 138kV,6256,TWILIGHT4A,TWILIGHT,6257,REBECCA4A,REBECCA,1,REBECC_TWILIG1_1,60002875.0,ABRL_ABTT1,,,1,Line,ABTT4A,ABRL4A,ABRL_ABTT1_1,1,duplicate_match,different
4466,90c801a4-3474-449d-932e-a551fc266405,Branch,ACLineSegment,1,SKPR_JWT_1 1 1 138kV,41,SKIPPER,SKIPPER,3394,JEWETTA_8,JEWET,1,SKPR_JWT_1,60007901.0,WTSN_JWT,,,1,Line,WATSONCHPL,JEWETTA_8,WTSN_JWT_1,1,duplicate_match,different
4466,90c801a4-3474-449d-932e-a551fc266405,Branch,ACLineSegment,1,SKPR_JWT_1 1 1 138kV,41,SKIPPER,SKIPPER,3394,JEWETTA_8,JEWET,1,SKPR_JWT_1,60010831.0,SKPR_JWT1,,,1,Line,JEWETTA_8,SKIPPER,SKPR_JWT_1,1,duplicate_match,different
4484,59152dc0-7f78-4e4e-8b22-73eeef84b927,Branch,ACLineSegment,1,CHASEF_ERALIO1_1 1 1 69kV,8585,CHASEFLD2A,CHASEFLD,8904,ERALIO2A,ERALIO,1,CHASEF_ERALIO1_1,60003792.0,CHASEF_CHAS_T1,,,1,Line,CHASEFLD2A,CHAS_TAP2A,CHASEF_CHAS_T1_1,1,duplicate_match,different
4484,59152dc0-7f78-4e4e-8b22-73eeef84b927,Branch,ACLineSegment,1,CHASEF_ERALIO1_1 1 1 69kV,8585,CHASEFLD2A,CHASEFLD,8904,ERALIO2A,ERALIO,1,CHASEF_ERALIO1_1,60008147.0,CHASEF_ERALIO11,,,1,Line,CHASEFLD2A,ERALIO2A,CHASEF_ERALIO1_1,1,duplicate_match,different
4497,5a6d0515-1e89-4667-8d09-2cedf8f3f495,Branch,ACLineSegment,1,KINGSW_KNGWTAP_1 1 1 138kV,130633,KING_SW_2_8,KING_SW,130734,KING_NW_8,KNGWTAP,1,KINGSW_KNGWTAP_1,60011026.0,KINGSW_KNGWTAP1,,,1,Line,KING_NW_8,KING_SW_2_8,KINGSW_KNGWTAP_1,1,duplicate_match,different
4497,5a6d0515-1e89-4667-8d09-2cedf8f3f495,Branch,ACLineSegment,1,KINGSW_KNGWTAP_1 1 1 138kV,130633,KING_SW_2_8,KING_SW,130734,KING_NW_8,KNGWTAP,1,KINGSW_KNGWTAP_1,60005639.0,KINGSW_KING_T2,,,1,Line,L_KINGMO8_1Y,KING_SW_2_8,KINGSW_KING_T2_1,1,duplicate_match,different
4518,6689b25e-702b-4216-8a5b-c8993e345285,Branch,ACLineSegment,1,F2_11_1 1 1 138kV,5145,FALLSCTY,F2,8186,KENEDYSW4A,KENEDSW,1,F2_11_1,60008404.0,F2_111,,,1,Line,KENEDYSW4A,FALLSCTY,F2_11_1,1,duplicate_match,different
4518,6689b25e-702b-4216-8a5b-c8993e345285,Branch,ACLineSegment,1,F2_11_1 1 1 138kV,5145,FALLSCTY,F2,8186,KENEDYSW4A,KENEDSW,1,F2_11_1,60004660.0,F1_11,,,1,Line,FALLSCTY,KENEDYSW4A,F1_11_1,1,duplicate_match,different
4538,85da4c1c-f2b4-417c-b477-028c9cf7f819,Branch,ACLineSegment,1,HWY511_COFEPRT_1 1 1 138kV,5767,HIWAY511SUB8,MV_HW511,8914,COFFPORT4A,COFFPORT,1,HWY511_COFEPRT_1,60007030.0,S106,,,1,Line,HIWAY511SUB8,COFFPORT4A,S106_1,1,duplicate_match,different
4538,85da4c1c-f2b4-417c-b477-028c9cf7f819,Branch,ACLineSegment,1,HWY511_COFEPRT_1 1 1 138kV,5767,HIWAY511SUB8,MV_HW511,8914,COFFPORT4A,COFFPORT,1,HWY511_COFEPRT_1,60008664.0,HWY511_COFEPRT1,,,1,Line,COFFPORT4A,HIWAY511SUB8,HWY511_COFEPRT_1,1,duplicate_match,different
4550,3a1d683d-727c-44ca-b026-c02d2fe92677,Branch,ACLineSegment,1,16T672_1 1 1 138kV,7064,L_LAMPAS8_1Y,LAMPAS,7066,L_ADAMSV8_1Y,ADAMSV,1,16T672_1,60009653.0,16T6721,,,1,Line,L_ADAMSV8_1Y,L_LAMPAS8_1Y,16T672_1,1,duplicate_match,different
4550,3a1d683d-727c-44ca-b026-c02d2fe92677,Branch,ACLineSegment,1,16T672_1 1 1 138kV,7064,L_LAMPAS8_1Y,LAMPAS,7066,L_ADAMSV8_1Y,ADAMSV,1,16T672_1,60000582.0,16T128,,,1,Line,L_LAMPAS8_1Y,L_ADAMSV8_1Y,16T128_1,1,duplicate_match,different
4554,3a7a58e5-0770-4d62-9b13-d5bb5dd15111,Branch,ACLineSegment,1,ALBANY_BUSHKN1_1 1 1 69kV,6206,BUSHKNOB2A,BUSHKNOB,6207,ALBANY2A,ALBANY,1,ALBANY_BUSHKN1_1,60008672.0,ALBANY_BUSHKN11,,,1,Line,BUSHKNOB2A,ALBANY2A,ALBANY_BUSHKN1_1,1,duplicate_match,different
4554,3a7a58e5-0770-4d62-9b13-d5bb5dd15111,Branch,ACLineSegment,1,ALBANY_BUSHKN1_1 1 1 69kV,6206,BUSHKNOB2A,BUSHKNOB,6207,ALBANY2A,ALBANY,1,ALBANY_BUSHKN1_1,60002967.0,ALBANY_BUKB1,,,1,Line,BUKB2A,ALBANY2A,ALBANY_BUKB1_1,1,duplicate_match,different
4567,00b285f6-1db5-47c0-8251-22dc7bec0e9c,Branch,ACLineSegment,1,1391_J_1 1 1 138kV,817,ROSEHILL,ROSEHILL,2740,GRLDBTWN_8,BBTWN,1,1391_J_1,60000366.0,1391_J1,,,1,Line,ROSEHILL,GRLDBTWN_8,1391_J_1,1,duplicate_match,same_element
4567,00b285f6-1db5-47c0-8251-22dc7bec0e9c,Branch,ACLineSegment,1,1391_J_1 1 1 138kV,817,ROSEHILL,ROSEHILL,2740,GRLDBTWN_8,BBTWN,1,1391_J_1,60110563.0,1391_J,,,1,Line,ROSEHILL,GRLDBTWN_8,1391_J_1,1,duplicate_match,same_element
4575,0136416f-9b83-41e8-8a49-96e4d65358b0,Branch,ACLineSegment,1,466T466_1 1 1 69kV,70197,P_LEHIGH9_1_,LEHIGH,70508,P_CENTEX9_1_,CENTEX,1,466T466_1,60001575.0,466T4661,,,1,Line,P_CENTEX9_1_,P_LEHIGH9_1_,466T466_1,1,duplicate_match,same_element
4575,0136416f-9b83-41e8-8a49-96e4d65358b0,Branch,ACLineSegment,1,466T466_1 1 1 69kV,70197,P_LEHIGH9_1_,LEHIGH,70508,P_CENTEX9_1_,CENTEX,1,466T466_1,60110585.0,466T466,,,1,Line,P_LEHIGH9_1_,P_CENTEX9_1_,466T466_1,1,duplicate_match,same_element
4600,67b4d6e6-db87-452b-9f60-33abaf592119,Branch,ACLineSegment,1,3340__E _E 1 138kV,2787,LKMT2T_8,LMTP2,2801,REGRW2_8,RGLRW,_E,3340__E,60001206.0,3340_A,,,1,Line,DENDR_W8,LKMT2T_8,3340__A,_A,duplicate_match,different
4600,67b4d6e6-db87-452b-9f60-33abaf592119,Branch,ACLineSegment,1,3340__E _E 1 138kV,2787,LKMT2T_8,LMTP2,2801,REGRW2_8,RGLRW,_E,3340__E,60011917.0,3340_E,,,1,Line,LKMT2T_8,REGRW2_8,3340__E,_E,duplicate_match,different
4606,688814f4-f35c-4a89-b963-c51a1414443a,Branch,ACLineSegment,1,R0_FAIR_1 1 1 138kV,5470,FAIRRA,R0,7169,L_FAIROA8_1Y,FAIROA,1,R0_FAIR_1,60009586.0,R0_FAIR1,,,1,Line,L_FAIROA8_1Y,FAIRRA,R0_FAIR_1,1,duplicate_match,different
4606,688814f4-f35c-4a89-b963-c51a1414443a,Branch,ACLineSegment,1,R0_FAIR_1 1 1 138kV,5470,FAIRRA,R0,7169,L_FAIROA8_1Y,FAIROA,1,R0_FAIR_1,60001615.0,506T506,,,1,Line,FAIRRA,L_FAIROA8_1Y,506T506_1,1,duplicate_match,different
4620,190323db-27b7-4bfa-b81f-59c287d08e12,Branch,ACLineSegment,1,WYNN_BEN_1 1 1 138kV,813,WYNNJOYCE,WYNJOYCE,968,BENDAVIS_8,BNDVS,1,WYNN_BEN_1,60088692.0,WJ_BEN1,,,1,Line,,,WJ_BEN_1,1,duplicate_match,different
4620,190323db-27b7-4bfa-b81f-59c287d08e12,Branch,ACLineSegment,1,WYNN_BEN_1 1 1 138kV,813,WYNNJOYCE,WYNJOYCE,968,BENDAVIS_8,BNDVS,1,WYNN_BEN_1,60007943.0,WYNN_BEN1,,,1,Line,BENDAVIS_8,WYNNJOYCE,WYNN_BEN_1,1,duplicate_match,different
4635,1a8b7b99-5d2e-4ffe-8398-b787bc710172,Branch,ACLineSegment,1,828T548_1 1 1 69kV,8100,EL_CAMPO2A,EL_CAMPO,78538,L_GARWOO9_1Y,GARWCI,1,828T548_1,60001062.0,2930T548,,,1,Line,EL_CAMPO2A,L_GARWOO9_1Y,2930T548_1,1,duplicate_match,different
4635,1a8b7b99-5d2e-4ffe-8398-b787bc710172,Branch,ACLineSegment,1,828T548_1 1 1 69kV,8100,EL_CAMPO2A,EL_CAMPO,78538,L_GARWOO9_1Y,GARWCI,1,828T548_1,60009152.0,828T5481,,,1,Line,L_GARWOO9_1Y,EL_CAMPO2A,828T548_1,1,duplicate_match,different
4650,3c9cb50e-da4c-4c92-9480-5aef18b8b229,Branch,ACLineSegment,1,MSBCH_N_DENT 1 1 138kV,934,MASCHBRANCH,MSHBRNCH,985,N_DENT_8,N_DENT,1,MSBCH_N_DENT_1,60009437.0,MSBCH_N_DENT1,,,1,Line,N_DENT_8,MASCHBRANCH,MSBCH_N_DENT_1,1,duplicate_match,different
4650,3c9cb50e-da4c-4c92-9480-5aef18b8b229,Branch,ACLineSegment,1,MSBCH_N_DENT 1 1 138kV,934,MASCHBRANCH,MSHBRNCH,985,N_DENT_8,N_DENT,1,MSBCH_N_DENT_1,60002941.0,AIR_NDE,,,1,Line,JMCRSTL138,N_DENT_8,AIR_NDE_1,1,duplicate_match,different
4664,03864c19-7595-44ea-8adf-5a713c0f9951,Branch,ACLineSegment,1,665T665_1 1 1 138kV,76014,L_SOMETA8_1Y,SW_MESA,76597,L_ROBBSW8_1Y,ROBBSW,1,665T665_1,60001502.0,405T456,,,1,Line,L_SOMETA8_1Y,L_ROBBSW8_1Y,405T456_1,1,duplicate_match,different
4664,03864c19-7595-44ea-8adf-5a713c0f9951,Branch,ACLineSegment,1,665T665_1 1 1 138kV,76014,L_SOMETA8_1Y,SW_MESA,76597,L_ROBBSW8_1Y,ROBBSW,1,665T665_1,60009905.0,665T6651,,,1,Line,L_SOMETA8_1Y,L_ROBBSW8_1Y,665T665_1,1,duplicate_match,different
4694,6915c4e5-c870-428c-abc1-6f5a531a84f3,Branch,ACLineSegment,1,934T489_1 1 1 138kV,1196,CRANE_8,CRANE,76615,L_LCRANE8_1Y,LCRANE,1,934T489_1,60008632.0,934T4891,,,1,Line,L_LCRANE8_1Y,CRANE_8,934T489_1,1,duplicate_match,different
4694,6915c4e5-c870-428c-abc1-6f5a531a84f3,Branch,ACLineSegment,1,934T489_1 1 1 138kV,1196,CRANE_8,CRANE,76615,L_LCRANE8_1Y,LCRANE,1,934T489_1,60000102.0,10712T489,,,1,Line,CRANE_8,L_LCRANE8_1Y,10712T489_1,1,duplicate_match,different
4698,69ab7665-b6ec-4c06-adcf-88d3cf0cece1,Branch,ACLineSegment,1,286T608_1 1 1 138kV,7319,L_BASTCI8_2Y,BASTCI,7326,L_SWIFTE8_1Y,SWIFTE,1,286T608_1,60001053.0,286T6081,,,1,Line,L_SWIFTE8_1Y,L_BASTCI8_2Y,286T608_1,1,duplicate_match,different
4698,69ab7665-b6ec-4c06-adcf-88d3cf0cece1,Branch,ACLineSegment,1,286T608_1 1 1 138kV,7319,L_BASTCI8_2Y,BASTCI,7326,L_SWIFTE8_1Y,SWIFTE,1,286T608_1,60079037.0,286T3671,,,1,Line,L_CAMPSW8_1Y,L_BASTCI8_2Y,286T367_1,1,duplicate_match,different
4737,3f131c35-a297-4c39-9528-992af00935df,Branch,ACLineSegment,2,NEDNBRG_WEDNBRG_1 1 2 138kV,5771,WEDINBURGSB8,MV_WEDN4,8380,NEDIN4A,NEDIN,1,NEDNBRG_WEDNBG_1,60001083.0,3049,,,1,Line,PALMHURSTSB8,NEDIN4A,3049_1,1,duplicate_match,different
4737,3f131c35-a297-4c39-9528-992af00935df,Branch,ACLineSegment,2,NEDNBRG_WEDNBRG_1 1 2 138kV,5771,WEDINBURGSB8,MV_WEDN4,8380,NEDIN4A,NEDIN,1,NEDNBRG_WEDNBG_1,60009593.0,NEDNBRG_WEDNBG1,,,2,Line,NEDIN4A,WEDINBURGSB8,NEDNBRG_WEDNBG_1,1,duplicate_match,different
4755,069cca60-5f73-49e5-97c0-0e883006fc1c,Branch,ACLineSegment,1,RICHSP_TERRY_1 1 1 69kV,23826,TERRY_9,TERRY,23827,RICHSPG_9,RICHSP,1,RICHSP_TERRY_1,60008104.0,RICHSP_TERRY1,,,1,Line,RICHSPG_9,TERRY_9,RICHSP_TERRY_1,1,duplicate_match,different
4755,069cca60-5f73-49e5-97c0-0e883006fc1c,Branch,ACLineSegment,1,RICHSP_TERRY_1 1 1 69kV,23826,TERRY_9,TERRY,23827,RICHSPG_9,RICHSP,1,RICHSP_TERRY_1,60000959.0,23T310,,,1,Line,L_TERRY_9_1Y,L_RICHSP9_1Y,23T310_1,1,duplicate_match,different
4786,6c7f87bb-9d2f-404b-9480-dd92d81bdcc9,Branch,ACLineSegment,1,ABNTHW_ELMCRK2_1 1 1 69kV,6225,ABNTHWST2B,ABNTHWST,6253,ELMCRK2A,ELMCRK,1,ABNTHW_ELMCRK2_1,60009045.0,ABNTHW_ELMCRK21,,,1,Line,ELMCRK2A,ABNTHWST2B,ABNTHW_ELMCRK2_1,1,duplicate_match,different
4786,6c7f87bb-9d2f-404b-9480-dd92d81bdcc9,Branch,ACLineSegment,1,ABNTHW_ELMCRK2_1 1 1 69kV,6225,ABNTHWST2B,ABNTHWST,6253,ELMCRK2A,ELMCRK,1,ABNTHW_ELMCRK2_1,60002843.0,ABEC_ABNW2,,,1,Line,ABNW2B,ABEC2A,ABEC_ABNW2_1,1,duplicate_match,different
4787,6caf4319-76c9-4b31-aa01-dd27d8e83905,Branch,ACLineSegment,1,610T610_1 1 1 138kV,7171,L_ANTLER8_1Y,ANTLER,7177,L_HIGH468_1Y,HIGH46,1,610T610_1,60079040.0,389T5181,,,1,Line,L_HI46WE8_1Y,L_ANTLER8_1Y,389T518_1,1,duplicate_match,different
4787,6caf4319-76c9-4b31-aa01-dd27d8e83905,Branch,ACLineSegment,1,610T610_1 1 1 138kV,7171,L_ANTLER8_1Y,ANTLER,7177,L_HIGH468_1Y,HIGH46,1,610T610_1,60001877.0,610T6101,,,1,Line,L_ANTLER8_1Y,L_HIGH468_1Y,610T610_1,1,duplicate_match,different
4796,1dc378b3-1cae-43cd-b9c5-f9defe46abf2,Branch,ACLineSegment,2,AIRLIN_B_DAVI2_1 1 2 138kV,8458,B_DAVIS4A,B_DAVIS,8490,AIRLINE4A,AIRLINE,1,AIRLIN_B_DAVI2_1,60002945.0,AIRLIN_B_DAVI1,,,1,Line,B_DAVIS4A,AIRLINE4A,AIRLIN_B_DAVI1_1,1,duplicate_match,different
4796,1dc378b3-1cae-43cd-b9c5-f9defe46abf2,Branch,ACLineSegment,2,AIRLIN_B_DAVI2_1 1 2 138kV,8458,B_DAVIS4A,B_DAVIS,8490,AIRLINE4A,AIRLINE,1,AIRLIN_B_DAVI2_1,60009746.0,AIRLIN_B_DAVI21,,,2,Line,B_DAVIS4A,AIRLINE4A,AIRLIN_B_DAVI2_1,1,duplicate_match,different
4838,db9ff595-ff47-4d9e-ab82-58b6e5735c63,Branch,ACLineSegment,81,DH_FR_81_A A 81 138kV,45730,DEIHL__S81_8,DH,45760,FAIRBK_S81_8,FR,A,DH_FR_81_A,60110580.0,DH_FR_81,,,81,Line,DEIHL__S81_8,FAIRBK_S81_8,DH_FR_81_A,A,duplicate_match,same_element
4838,db9ff595-ff47-4d9e-ab82-58b6e5735c63,Branch,ACLineSegment,81,DH_FR_81_A A 81 138kV,45730,DEIHL__S81_8,DH,45760,FAIRBK_S81_8,FR,A,DH_FR_81_A,60004284.0,DH_FR_81A,,,81,Line,DEIHL__S81_8,FAIRBK_S81_8,DH_FR_81_A,A,duplicate_match,same_element
4875,6d6c4e32-5e07-49f9-a253-34c3593f1b51,Branch,ACLineSegment,1,B2_R4_1 1 1 138kV,5055,CAGNON1_8,CAGNON,5467,VLSI,B2,1,B2_R4_1,60006843.0,R4_B2,,,1,Line,CAGNON1_8,VLSI,R4_B2_1,1,duplicate_match,different
4875,6d6c4e32-5e07-49f9-a253-34c3593f1b51,Branch,ACLineSegment,1,B2_R4_1 1 1 138kV,5055,CAGNON1_8,CAGNON,5467,VLSI,B2,1,B2_R4_1,60009567.0,B2_R41,,,1,Line,VLSI,CAGNON1_8,B2_R4_1,1,duplicate_match,different
4876,6da0da4f-af61-40f6-8325-244f7da356c9,Branch,ACLineSegment,1,ANSN_RADIUM1_1 1 1 69kV,6175,ANSN2A,ANSN,6180,RADIUM2A,RADIUM,1,ANSN_RADIUM1_1,60008669.0,ANSN_RADIUM11,,,1,Line,ANSN2A,RADIUM2A,ANSN_RADIUM1_1,1,duplicate_match,different
4876,6da0da4f-af61-40f6-8325-244f7da356c9,Branch,ACLineSegment,1,ANSN_RADIUM1_1 1 1 69kV,6175,ANSN2A,ANSN,6180,RADIUM2A,RADIUM,1,ANSN_RADIUM1_1,60003065.0,ANSN_RADM1,,,1,Line,ANSN2A,RADM2A,ANSN_RADM1_1,1,duplicate_match,different
4929,42e0ead1-215d-4188-80c9-f516be24742a,Branch,ACLineSegment,1,612T612_1 1 1 138kV,1027,ODESEHV_8,ODEHV,71230,L_PLEAFA8_1Y,PLEAFA,1,612T612_1,60001188.0,328T442,,,1,Line,ODESEHV_8,L_PLEAFA8_1Y,328T442_1,1,duplicate_match,different
4929,42e0ead1-215d-4188-80c9-f516be24742a,Branch,ACLineSegment,1,612T612_1 1 1 138kV,1027,ODESEHV_8,ODEHV,71230,L_PLEAFA8_1Y,PLEAFA,1,612T612_1,60008368.0,612T6121,,,1,Line,ODESEHV_8,L_PLEAFA8_1Y,612T612_1,1,duplicate_match,different
4953,0b228079-dfcb-4857-9741-18dae6d13364,Branch,ACLineSegment,1,F0_S3_1 1 1 138kV,5093,CIBOLOCR,S3,5180,GREEN_MT,F0,1,F0_S3_1,60007031.0,S3_F0,,,1,Line,CIBOLOCR,GREEN_MT,S3_F0_1,1,duplicate_match,different
4953,0b228079-dfcb-4857-9741-18dae6d13364,Branch,ACLineSegment,1,F0_S3_1 1 1 138kV,5093,CIBOLOCR,S3,5180,GREEN_MT,F0,1,F0_S3_1,60009571.0,F0_S31,,,1,Line,CIBOLOCR,GREEN_MT,F0_S3_1,1,duplicate_match,different
4955,0b3f9648-242e-4d96-b1d4-7b64189e6031,Branch,ACLineSegment,1,HWY511_SCARBID_1 1 1 138kV,5767,HIWAY511SUB8,MV_HW511,8337,SCARBIDE4A,SCARBIDE,1,HWY511_SCARBID_1,60006478.0,OCB_275,,,1,Line,HIWAY511SUB8,SCARBIDE4A,OCB_275_1,1,duplicate_match,different
4955,0b3f9648-242e-4d96-b1d4-7b64189e6031,Branch,ACLineSegment,1,HWY511_SCARBID_1 1 1 138kV,5767,HIWAY511SUB8,MV_HW511,8337,SCARBIDE4A,SCARBIDE,1,HWY511_SCARBID_1,60008663.0,HWY511_SCARBID1,,,1,Line,HIWAY511SUB8,SCARBIDE4A,HWY511_SCARBID_1,1,duplicate_match,different
4962,0be94738-03df-4b0c-8453-fae88802e361,Branch,ACLineSegment,1,895_D _D 1 138kV,1809,WOLFECTY_8,WCITY,1816,COMM_SW_8,COMSW,_D,895__D,60011505.0,895_D,,,1,Line,WOLFECTY_8,COMM_SW_8,895__D,_D,duplicate_match,different
4962,0be94738-03df-4b0c-8453-fae88802e361,Branch,ACLineSegment,1,895_D _D 1 138kV,1809,WOLFECTY_8,WCITY,1816,COMM_SW_8,COMSW,_D,895__D,60002720.0,890_D,,,1,Line,WOLFECTY_8,COMM_SW_8,890__D,_D,duplicate_match,different
4970,9f43eddf-be19-46f0-a797-f3724136838a,Transformer,PowerTransformer,1,MR1H 345kV-1kV,2081,HICKS_SW1_5,HCKSW,24012,HCKSW1_1,HCKSW,MR1H,HCKSW_MR1H,60004274.0,DER_PEAR,,,1,Line,DERBYSUB9,PEARSALLSW9,DER_PEAR_1,1,duplicate_match,different
4970,9f43eddf-be19-46f0-a797-f3724136838a,Transformer,PowerTransformer,1,MR1H 345kV-1kV,2081,HICKS_SW1_5,HCKSW,24012,HCKSW1_1,HCKSW,MR1H,HCKSW_MR1H,60008791.0,HCKSW_AXFMR1HH,,,1,Transformer,HICKS_SW1_5,HCKSW1_1,HCKSW_AXFMR1HH,AXFMR1HH,duplicate_match,different
4977,6f35eddd-adf0-4f80-b7ea-1336123e4ad8,Branch,ACLineSegment,1,F1_F2_1 1 1 138kV,5145,FALLSCTY,F2,5412,STCKDALE,F1,1,F1_F2_1,60004662.0,F2_F1,,,1,Line,FALLSCTY,STCKDALE,F2_F1_1,1,duplicate_match,different
4977,6f35eddd-adf0-4f80-b7ea-1336123e4ad8,Branch,ACLineSegment,1,F1_F2_1 1 1 138kV,5145,FALLSCTY,F2,5412,STCKDALE,F1,1,F1_F2_1,60009576.0,F1_F21,,,1,Line,STCKDALE,FALLSCTY,F1_F2_1,1,duplicate_match,different
4982,703faf29-9700-4421-95a3-964957ff6927,Branch,ACLineSegment,1,14040_B _B 1 138kV,1329,SPRABERY_8,SBYSW,1337,CRMWDTAP_8,CRM7T,_B,14040__B,60079046.0,6470_B,,,1,Line,,,6470__B,_B,duplicate_match,different
4982,703faf29-9700-4421-95a3-964957ff6927,Branch,ACLineSegment,1,14040_B _B 1 138kV,1329,SPRABERY_8,SBYSW,1337,CRMWDTAP_8,CRM7T,_B,14040__B,60000387.0,14040_B,,,1,Line,SPRABERY_8,CRMWDTAP_8,14040__B,_B,duplicate_match,different
4987,21d08c82-c5f9-4fac-a5d7-7e2f80efc4f6,Branch,ACLineSegment,1,149T373_1 1 1 138kV,7254,L_WEIMAR8_1Y,WEIMAR,7258,L_GLIDDE8_1Y,GLIDDE,1,704T704_1,60012178.0,704T7041,,,1,Line,L_WEIMAR8_1Y,L_GLIDDE8_1Y,704T704_1,1,duplicate_match,different
4987,21d08c82-c5f9-4fac-a5d7-7e2f80efc4f6,Branch,ACLineSegment,1,149T373_1 1 1 138kV,7254,L_WEIMAR8_1Y,WEIMAR,7258,L_GLIDDE8_1Y,GLIDDE,1,704T704_1,60000439.0,149T373,,,1,Line,L_WEIMAR8_1Y,L_GLIDDE8_1Y,149T373_1,1,duplicate_match,different
5017,447fe87b-082c-4278-b37d-07e24b366700,Branch,ACLineSegment,1,D5_J0_1 1 1 138kV,5260,LEON_CRK,LEON_CRK,5385,SOUTHSAN,J0,1,D5_J0_1,60009581.0,D5_J01,,,1,Line,LEON_CRK,SOUTHSAN,D5_J0_1,1,duplicate_match,different
5017,447fe87b-082c-4278-b37d-07e24b366700,Branch,ACLineSegment,1,D5_J0_1 1 1 138kV,5260,LEON_CRK,LEON_CRK,5385,SOUTHSAN,J0,1,D5_J0_1,60005493.0,J0_D5,,,1,Line,LEON_CRK,SOUTHSAN,J0_D5_1,1,duplicate_match,different
5025,45dc3401-e98e-490b-a654-549696b3d92c,Branch,ACLineSegment,1,SHT_PRAT_1 1 1 69kV,822,PRAXAIRT,PRAXAIRT,853,SHILOHTP,SHILOHTP,1,SHT_PRAT_1,60008884.0,SHT_PRAT1,,,1,Line,SHILOHTP,PRAXAIRT,SHT_PRAT_1,1,duplicate_match,different
5025,45dc3401-e98e-490b-a654-549696b3d92c,Branch,ACLineSegment,1,SHT_PRAT_1 1 1 69kV,822,PRAXAIRT,PRAXAIRT,853,SHILOHTP,SHILOHTP,1,SHT_PRAT_1,60006778.0,PRT_TEMP,,,1,Line,PRAXAIRT,GPLTEMP,PRT_TEMP_1,1,duplicate_match,different
5046,a6c56414-101f-4587-9d05-c3788ce78f9b,Branch,ACLineSegment,59,BILHAT59_A A 59 138kV,40150,BARHIL_X59B8,BIL,40770,HACHER_X59B8,HAT,A,BILHAT59_A,60003344.0,BILHAT59A,,,59,Line,BARHIL_X59B8,HACHER_X59B8,BILHAT59_A,A,duplicate_match,different
5046,a6c56414-101f-4587-9d05-c3788ce78f9b,Branch,ACLineSegment,59,BILHAT59_A A 59 138kV,40150,BARHIL_X59B8,BIL,40770,HACHER_X59B8,HAT,A,BILHAT59_A,60080187.0,BILHAT86A,,,59,Line,BARHIL__138A,HACHER__138X,BILHAT86_A,A,duplicate_match,different
5066,71a76807-5015-4eee-b05f-dc3b9ecc56b1,Branch,ACLineSegment,1,COOPERCK_IND_1 1 1 138kV,906,COOPERCK,COOPERCK,927,BRINKER138,BRINKER,1,COOPERCK_BRKR_1,60079033.0,180002_D1,,,1,Line,,,180002_D_1,1,duplicate_match,different
5066,71a76807-5015-4eee-b05f-dc3b9ecc56b1,Branch,ACLineSegment,1,COOPERCK_IND_1 1 1 138kV,906,COOPERCK,COOPERCK,927,BRINKER138,BRINKER,1,COOPERCK_BRKR_1,60011472.0,COOPERCK_BRKR1,,,1,Line,BRINKER138,COOPERCK,COOPERCK_BRKR_1,1,duplicate_match,different
5071,721e4ab9-c40e-4aa6-8406-453d68728c79,Branch,ACLineSegment,1,G2_M3_1 1 1 138kV,5187,HAMWOLF,G2,5300,MED_CTR,M3,1,G2_M3_1,60009577.0,G2_M31,,,1,Line,MED_CTR,HAMWOLF,G2_M3_1,1,duplicate_match,different
5071,721e4ab9-c40e-4aa6-8406-453d68728c79,Branch,ACLineSegment,1,G2_M3_1 1 1 138kV,5187,HAMWOLF,G2,5300,MED_CTR,M3,1,G2_M3_1,60006022.0,M3_G2,,,1,Line,HAMWOLF,MED_CTR,M3_G2_1,1,duplicate_match,different
5105,25975fcd-74db-4775-ba4f-fd087fb18b01,Branch,ACLineSegment,1,411__A _A 1 345kV,1685,FARMVLSW_5,FMRVL,2373,ANNASW_5,ANASW,_A,411__A,60001513.0,411_OldTeid,,,1,Line,FARMVLSW_5,ANNASW_5,411__A_OldTeid,_A,duplicate_match,different
5105,25975fcd-74db-4775-ba4f-fd087fb18b01,Branch,ACLineSegment,1,411__A _A 1 345kV,1685,FARMVLSW_5,FMRVL,2373,ANNASW_5,ANASW,_A,411__A,60098079.0,411_A,,,1,Line,ANNASW_5,FARMVLSW_5,411__A,_A,duplicate_match,different
5107,46597ddd-2247-4cde-8b6b-b728f71e2745,Branch,ACLineSegment,1,GOOD_DAN 1 1 138kV,39,GOODLAND,GOODLAND,32897,BRYN_DSBY138,DANSBY,1,GOOD_DAN_1,60011855.0,GOOD_DAN1,,,1,Line,BRYN_DSBY138,GOODLAND,GOOD_DAN_1,1,duplicate_match,different
5107,46597ddd-2247-4cde-8b6b-b728f71e2745,Branch,ACLineSegment,1,GOOD_DAN 1 1 138kV,39,GOODLAND,GOODLAND,32897,BRYN_DSBY138,DANSBY,1,GOOD_DAN_1,60005416.0,HRN_DANS,,,1,Line,HEARNE8,BRYN_DSBY138,HRN_DANS_1,1,duplicate_match,different
5137,0f3f7c59-7805-4702-97b6-4ec748bc605e,Branch,ACLineSegment,1,1 1 69kV,6665,ALPR2A,ALPR,76668,L_ALTUDA9_1Y,ALTUDA,1,301T384_1,60008099.0,301T3841,,,1,Line,ALPR2A,L_ALTUDA9_1Y,301T384_1,1,duplicate_match,different
5137,0f3f7c59-7805-4702-97b6-4ec748bc605e,Branch,ACLineSegment,1,1 1 69kV,6665,ALPR2A,ALPR,76668,L_ALTUDA9_1Y,ALTUDA,1,301T384_1,60003011.0,ALPR_ALTU,,,1,Line,ALPR2A,ALTUDA2A,ALPR_ALTU_1,1,duplicate_match,different
5171,25ef11f7-4e13-4b5a-9036-e7b17809a813,Branch,ACLineSegment,1,724T723_1 1 1 138kV,71212,L_UPTON_8_1Y,UPTON_,71214,L_CRANEA8_1Y,CRANEA,1,724T723_1,60001549.0,441T441,,,1,Line,UPTON_8,CRANEAST_8,441T441_1,1,duplicate_match,different
5171,25ef11f7-4e13-4b5a-9036-e7b17809a813,Branch,ACLineSegment,1,724T723_1 1 1 138kV,71212,L_UPTON_8_1Y,UPTON_,71214,L_CRANEA8_1Y,CRANEA,1,724T723_1,60012333.0,724T7231,,,1,Line,L_UPTON_8_1Y,L_CRANEA8_1Y,724T723_1,1,duplicate_match,different
5172,25fea2dc-c84d-4b4a-b945-7b2a5a3c24ca,Branch,ACLineSegment,1,ATBR_MILES1_1 1 1 69kV,6410,MILES2A,MILES,6418,ATBR2A,ATBR,1,ATBR_MILES1_1,60003109.0,ATBR_MILES11,,,1,Line,ATBR2A,MILES2A,ATBR_MILES1_1,1,duplicate_match,different
5172,25fea2dc-c84d-4b4a-b945-7b2a5a3c24ca,Branch,ACLineSegment,1,ATBR_MILES1_1 1 1 69kV,6410,MILES2A,MILES,6418,ATBR2A,ATBR,1,ATBR_MILES1_1,60079772.0,ATBR_MILE11,,,1,Line,ATBR2A,MILE2A,ATBR_MILE1_1,1,duplicate_match,different
5196,27a5c1de-0ad5-4360-aa53-009b0c443791,Branch,ACLineSegment,1,BAIRD_PUTN1_1 1 1 69kV,6306,BAIRD2A,BAIRD,6307,PUTN2A,PUTN,1,BAIRD_PUTN1_1,60003179.0,BAIR_PUTN1,,,1,Line,BAIR2A,PUTN2A,BAIR_PUTN1_1,1,duplicate_match,different
5196,27a5c1de-0ad5-4360-aa53-009b0c443791,Branch,ACLineSegment,1,BAIRD_PUTN1_1 1 1 69kV,6306,BAIRD2A,BAIRD,6307,PUTN2A,PUTN,1,BAIRD_PUTN1_1,60009086.0,BAIRD_PUTN11,,,1,Line,PUTN2A,BAIRD2A,BAIRD_PUTN1_1,1,duplicate_match,different
5202,48ae2e51-55d3-42f9-9e78-f33dd85f9d72,Branch,ACLineSegment,1,34T267_1 1 1 69kV,7101,L_CTECBU9_1Y,CTECBU,7116,L_SANDMO9_1Y,SANDMO,1,34T267_1,60001292.0,34T2671,,,1,Line,L_SANDMO9_1Y,L_CTECBU9_1Y,34T267_1,1,duplicate_match,same_element
5202,48ae2e51-55d3-42f9-9e78-f33dd85f9d72,Branch,ACLineSegment,1,34T267_1 1 1 69kV,7101,L_CTECBU9_1Y,CTECBU,7116,L_SANDMO9_1Y,SANDMO,1,34T267_1,60110571.0,34T267,,,1,Line,L_CTECBU9_1Y,L_SANDMO9_1Y,34T267_1,1,duplicate_match,same_element
5239,12099d17-e360-4900-8e49-4a396c4d9e37,Branch,ACLineSegment,3,AIRLIN_WOOLRI3_1 1 3 138kV,8490,AIRLINE4A,AIRLINE,8492,WOOLRIDG4A,WOOLRIDG,1,AIRLIN_WOOLRI3_1,60009754.0,AIRLIN_WOOLRI31,,,3,Line,WOOLRIDG4A,AIRLINE4A,AIRLIN_WOOLRI3_1,1,duplicate_match,different
5239,12099d17-e360-4900-8e49-4a396c4d9e37,Branch,ACLineSegment,3,AIRLIN_WOOLRI3_1 1 3 138kV,8490,AIRLINE4A,AIRLINE,8492,WOOLRIDG4A,WOOLRIDG,1,AIRLIN_WOOLRI3_1,60002948.0,AIRLIN_WOOLRI1,,,1,Line,AIRLINE4A,WOOLRIDG4A,AIRLIN_WOOLRI1_1,1,duplicate_match,different
5247,1274d663-0c9d-4138-a92f-c1ea03fb79e0,Branch,ACLineSegment,1,90T334_1 1 1 138kV,7174,L_HENNE_8_1Y,HENNE,7454,L_TEXIND8_1Y,TXI1,1,90T334_1,60110573.0,90T334,,,1,Line,L_HENNE_8_1Y,L_TEXIND8_1Y,90T334_1,1,duplicate_match,same_element
5247,1274d663-0c9d-4138-a92f-c1ea03fb79e0,Branch,ACLineSegment,1,90T334_1 1 1 138kV,7174,L_HENNE_8_1Y,HENNE,7454,L_TEXIND8_1Y,TXI1,1,90T334_1,60002730.0,90T3341,,,1,Line,L_HENNE_8_1Y,L_TEXIND8_1Y,90T334_1,1,duplicate_match,same_element
5269,7701d4fe-007d-4d08-932c-ad87e9bb7e6e,Branch,ACLineSegment,1,890_G_1 _1 1 138kV,1760,BONHMSS1_8,BNMSW,1766,EXPLR_PL1_8,BONEX,_1,890_G__1,60002722.0,890_G,,,1,Line,BONHMSS1_8,EXPLR_PL1_8,890_G_1,1,duplicate_match,different
5269,7701d4fe-007d-4d08-932c-ad87e9bb7e6e,Branch,ACLineSegment,1,890_G_1 _1 1 138kV,1760,BONHMSS1_8,BNMSW,1766,EXPLR_PL1_8,BONEX,_1,890_G__1,60092475.0,890_G_1,,,1,Line,EXPLR_PL1_8,BONHMSS1_8,890_G__1,_1,duplicate_match,different
5274,283410ef-6bd8-4e21-b5d7-9a60ac2607ef,Branch,ACLineSegment,1,43T742_1 1 1 138kV,70111,P_FLATRO8_1_,FLATRO,70477,P_PALEPE8_1_,PALEPE,1,43T742_1,60001547.0,43T365,,,1,Line,L_FLATRO8_1Y,L_PALEPE8_1Y,43T365_1,1,duplicate_match,different
5274,283410ef-6bd8-4e21-b5d7-9a60ac2607ef,Branch,ACLineSegment,1,43T742_1 1 1 138kV,70111,P_FLATRO8_1_,FLATRO,70477,P_PALEPE8_1_,PALEPE,1,43T742_1,60012172.0,43T7421,,,1,Line,P_FLATRO8_1_,P_PALEPE8_1_,43T742_1,1,duplicate_match,different
5308,4b717127-2f38-4ea7-898a-41ea66550e61,Branch,ACLineSegment,1,SWIN_PRUITT_1 1 1 138kV,812,SWINDELL,SWINDELL,971,PRUITT_8,PRUITT,1,SWIN_PRUITT_1,60110562.0,SWIN_PRUITT,,,1,Line,SWINDELL,PRUITT_8,SWIN_PRUITT_1,1,duplicate_match,same_element
5308,4b717127-2f38-4ea7-898a-41ea66550e61,Branch,ACLineSegment,1,SWIN_PRUITT_1 1 1 138kV,812,SWINDELL,SWINDELL,971,PRUITT_8,PRUITT,1,SWIN_PRUITT_1,60007430.0,SWIN_PRUITT1,,,1,Line,SWINDELL,PRUITT_8,SWIN_PRUITT_1,1,duplicate_match,same_element
5311,4bb46f78-25b5-4fb4-8cd8-0315efb4c0f4,Branch,ACLineSegment,1,JACKSN_SASOUT1_1 1 1 69kV,6001,JACKSNTP2A,JACKSNTP,6455,SASOUTH2A,SASOUTH,1,JACKSN_SASOUT1_1,60008417.0,JACKSN_SASOUT11,,,1,Line,SASOUTH2A,JACKSNTP2A,JACKSN_SASOUT1_1,1,duplicate_match,different
5311,4bb46f78-25b5-4fb4-8cd8-0315efb4c0f4,Branch,ACLineSegment,1,JACKSN_SASOUT1_1 1 1 69kV,6001,JACKSNTP2A,JACKSNTP,6455,SASOUTH2A,SASOUTH,1,JACKSN_SASOUT1_1,60007048.0,SAJT_SASO1,,,1,Line,SAJT2A,SASL2A,SAJT_SASO1_1,1,duplicate_match,different
5332,133e4c6b-160d-4ae6-899a-ac64f852b1c8,Branch,ACLineSegment,1,890_E _E 1 138kV,1760,BONHMSS1_8,BNMSW,1762,BONHMNW1_8,BNMNW,_E,890__E,60011503.0,890_E,,,1,Line,BONHMSS1_8,BONHMNW1_8,890__E,_E,duplicate_match,different
5332,133e4c6b-160d-4ae6-899a-ac64f852b1c8,Branch,ACLineSegment,1,890_E _E 1 138kV,1760,BONHMSS1_8,BNMSW,1762,BONHMNW1_8,BNMNW,_E,890__E,60003413.0,BNM_BON,,,1,Line,BONHMSS1_8,BONHMNW1_8,BNM_BON_1,1,duplicate_match,different
5335,136488d6-e8be-43e6-9fe8-95af3be57398,Branch,ACLineSegment,1,O9_WILSN_1 1 1 138kV,5418,SUTHRLND,SUTHRLND,7615,L_WILSON8_1Y,WILSON,1,O9_WILSN_1,60001686.0,549T549,,,1,Line,SUTHRLND,L_WILSON8_1Y,549T549_1,1,duplicate_match,different
5335,136488d6-e8be-43e6-9fe8-95af3be57398,Branch,ACLineSegment,1,O9_WILSN_1 1 1 138kV,5418,SUTHRLND,SUTHRLND,7615,L_WILSON8_1Y,WILSON,1,O9_WILSN_1,60009585.0,O9_WILSN1,,,1,Line,L_WILSON8_1Y,SUTHRLND,O9_WILSN_1,1,duplicate_match,different
5337,139a0979-2d73-47d5-83e6-c4fa667e8513,Branch,ACLineSegment,1,921T163_1 1 1 138kV,7334,L_MCNEIL8_1Y,MCNEIL_,7335,L_HOWALA8_1Y,HWRDTP,1,921T163_1,60000164.0,1163T163,,,1,Line,L_MCNEIL8_1Y,L_HOLATA8_1Y,1163T163_1,1,duplicate_match,different
5337,139a0979-2d73-47d5-83e6-c4fa667e8513,Branch,ACLineSegment,1,921T163_1 1 1 138kV,7334,L_MCNEIL8_1Y,MCNEIL_,7335,L_HOWALA8_1Y,HWRDTP,1,921T163_1,60008703.0,921T1631,,,1,Line,L_MCNEIL8_1Y,L_HOWALA8_1Y,921T163_1,1,duplicate_match,different
5346,d5ac1099-0c90-4ac5-a12c-867e2a963180,Branch,ACLineSegment,1,654T654_1 1 1 138kV,7104,L_WIRTZ_8_1Y,WIRTZ,7351,L_STARCK8_1Y,STARCK,1,654T654_1,60009132.0,654T6541,,,1,Line,L_WIRTZ_8_1Y,L_STARCK8_1Y,654T654_1,1,duplicate_match,different
5346,d5ac1099-0c90-4ac5-a12c-867e2a963180,Branch,ACLineSegment,1,654T654_1 1 1 138kV,7104,L_WIRTZ_8_1Y,WIRTZ,7351,L_STARCK8_1Y,STARCK,1,654T654_1,60001523.0,41T196,,,1,Line,L_WIRTZ_8_1Y,L_STARCK8_1Y,41T196_1,1,duplicate_match,different
5359,8ef50276-9336-4f26-aa0c-7d6557460260,Branch,ACLineSegment,1,153T153_1 1 1 138kV,7575,L_TAHIVI8_1Y,TAHIVI,7576,L_HILBIG8_1Y,HILBIG,1,153T153_1,60000181.0,119T153,,,1,Line,L_TAHIVI8_1Y,L_HILBIG8_1Y,119T153_1,1,duplicate_match,different
5359,8ef50276-9336-4f26-aa0c-7d6557460260,Branch,ACLineSegment,1,153T153_1 1 1 138kV,7575,L_TAHIVI8_1Y,TAHIVI,7576,L_HILBIG8_1Y,HILBIG,1,153T153_1,60000468.0,153T1531,,,1,Line,L_TAHIVI8_1Y,L_HILBIG8_1Y,153T153_1,1,duplicate_match,different
5374,c9c44da8-9d52-49e0-b9af-fc2a57f758d0,Branch,ACLineSegment,1,110T109_1 1 1 138kV,7064,L_LAMPAS8_1Y,LAMPAS,7065,L_DOBYVI8_1Y,DOBYVI,1,717T715_1,60000121.0,110T109,,,1,Line,L_LAMPAS8_1Y,L_DOBYVI8_1Y,110T109_1,1,duplicate_match,different
5374,c9c44da8-9d52-49e0-b9af-fc2a57f758d0,Branch,ACLineSegment,1,110T109_1 1 1 138kV,7064,L_LAMPAS8_1Y,LAMPAS,7065,L_DOBYVI8_1Y,DOBYVI,1,717T715_1,60011957.0,717T7151,,,1,Line,L_LAMPAS8_1Y,L_DOBYVI8_1Y,717T715_1,1,duplicate_match,different
5383,17f3d49a-dba0-4795-9897-4b2f9fd014a3,Branch,ACLineSegment,1,138_NAL_CM1_1 1 1 138kV,39015,TNNALVIN__1,TNNALVIN,43031,MEADOW_B138A,MDO,1,138_NAL_CM1_1,60008743.0,138_NAL_CM11,,,1,Line,TNNALVIN__1,MEADOW_B138A,138_NAL_CM1_1,1,duplicate_match,different
5383,17f3d49a-dba0-4795-9897-4b2f9fd014a3,Branch,ACLineSegment,1,138_NAL_CM1_1 1 1 138kV,39015,TNNALVIN__1,TNNALVIN,43031,MEADOW_B138A,MDO,1,138_NAL_CM1_1,60000342.0,138_NAL_MDO,,,1,Line,TNNALVIN__1,MEADOW__138A,138_NAL_MDO_1,1,duplicate_match,different
5387,c236c87f-c4cc-4016-8a38-f67dcc37dc9b,Branch,ACLineSegment,1,WSTLOP_BRK8_1 1 1 138kV,480,WSTLOOP,WSTLOOP,487,BROCK,BRK,1,WSTLOP_BRK8_1,60008358.0,WSTLOP_BRK81,,,1,Line,BROCK,WSTLOOP,WSTLOP_BRK8_1,1,duplicate_match,different
5387,c236c87f-c4cc-4016-8a38-f67dcc37dc9b,Branch,ACLineSegment,1,WSTLOP_BRK8_1 1 1 138kV,480,WSTLOOP,WSTLOOP,487,BROCK,BRK,1,WSTLOP_BRK8_1,60005852.0,LIVOK_BRK8,,,1,Line,BROCK,LIVEOAK,LIVOK_BRK8_1,1,duplicate_match,different
5404,6184958c-cb3e-43f0-8bf3-fa1d7a1046f8,Branch,ACLineSegment,22,RA_RTW22_A A 22 138kV,46261,RAYFRD_S22_8,RA,46295,RTHWOD__A138,RTW,A,RA_RTW22_A,60006851.0,RA_RTW66,,,66,Line,RAYFRD668020,RTHWOD__138A,RA_RTW66_A,A,duplicate_match,different
5404,6184958c-cb3e-43f0-8bf3-fa1d7a1046f8,Branch,ACLineSegment,22,RA_RTW22_A A 22 138kV,46261,RAYFRD_S22_8,RA,46295,RTHWOD__A138,RTW,A,RA_RTW22_A,60008486.0,RA_RTW22A,,,22,Line,RTHWOD__A138,RAYFRD_S22_8,RA_RTW22_A,A,duplicate_match,different
5413,6211c8ea-5441-4ce7-93c1-468ee4972b29,Branch,ACLineSegment,1,LOBO_FOWLRTN_1 1 1 345kV,5709,FOWLERTONSW5,FOWLRTON,80219,LOBO7A,LOBO,1,LOBO_FOWLRTN_1,60005892.0,LOBO_SANMGS1,,,1,Line,MIGUEL5,LOBO7A,LOBO_SANMGS1_1,1,duplicate_match,different
5413,6211c8ea-5441-4ce7-93c1-468ee4972b29,Branch,ACLineSegment,1,LOBO_FOWLRTN_1 1 1 345kV,5709,FOWLERTONSW5,FOWLRTON,80219,LOBO7A,LOBO,1,LOBO_FOWLRTN_1,60010211.0,LOBO_FOWLRTN,,,1,Line,FOWLERTONSW5,LOBO7A,LOBO_FOWLRTN_1,1,duplicate_match,different
6562,b88cac99-0cd5-4e14-a763-7886661f91f8,Transformer,PowerTransformer,1,052 138kV-69kV,32857,BRYN_SNOO138,SNOOK,32865,BRYN_SNOOK,SNOOK,052,SNOOK_052,60066064.0,SNOOK_XFMR052L,,,1,Transformer,BRYN_SNOOK,BRYN_SNOO138,SNOOK_XFMR052L,XFMR052L,duplicate_match,different
6562,b88cac99-0cd5-4e14-a763-7886661f91f8,Transformer,PowerTransformer,1,052 138kV-69kV,32857,BRYN_SNOO138,SNOOK,32865,BRYN_SNOOK,SNOOK,052,SNOOK_052,60111378.0,SNOOK_XFMR052H,,,1,Transformer,BRYN_SNOO138,BRYN_SNOOK,SNOOK_XFMR052H,,duplicate_match,different
9627,e822b2c8-6e7f-4a1c-a897-40bd7e4d2f35,Branch,ACLineSegment,1,619T619_1 1 1 138kV,7258,L_GLIDDE8_1Y,GLIDDE,57640,ROCKISLANSB8,ROCKIS,1,619T619_1,60008108.0,619T6191,,,1,Line,L_GLIDDE8_1Y,ROCKISLANSB8,619T619_1,1,duplicate_match,different
9627,e822b2c8-6e7f-4a1c-a897-40bd7e4d2f35,Branch,ACLineSegment,1,619T619_1 1 1 138kV,7258,L_GLIDDE8_1Y,GLIDDE,57640,ROCKISLANSB8,ROCKIS,1,619T619_1,60079019.0,1387T2751,,,1,Line,L_ROCKIS8_1Y,L_GLIDDE8_1Y,1387T275_1,1,duplicate_match,different
10394,511a5b06-fc26-4dc7-be4c-7bae55c9b4f8,Branch,ACLineSegment,1,308T275_1 1 1 138kV,57639,SHERIDANSB8,SHERID,57640,ROCKISLANSB8,ROCKIS,1,308T275_1,60079016.0,1308T2751,,,1,Line,L_SHERID8_1Y,L_ROCKIS8_1Y,1308T275_1,1,duplicate_match,different
10394,511a5b06-fc26-4dc7-be4c-7bae55c9b4f8,Branch,ACLineSegment,1,308T275_1 1 1 138kV,57639,SHERIDANSB8,SHERID,57640,ROCKISLANSB8,ROCKIS,1,308T275_1,60001105.0,308T2751,,,1,Line,SHERIDANSB8,ROCKISLANSB8,308T275_1,1,duplicate_match,different
14167,6cdc95a5-e7be-4e3a-b2fc-9d827b69e22e,Transformer,PowerTransformer,02,T2 345kV-34.5kV,140603,PH2_5,PH2,140602,PH2_UNIT2,PH2,T2,PH2_T2,60112274.0,PH2_T2,,,02,Transformer,PH2_UNIT2,PH2_5,PH2_T2,,duplicate_match,different
14167,6cdc95a5-e7be-4e3a-b2fc-9d827b69e22e,Transformer,PowerTransformer,02,T2 345kV-34.5kV,140603,PH2_5,PH2,140602,PH2_UNIT2,PH2,T2,PH2_T2,60079488.0,ALHUB_T244_138,,,,disconnector,,,ALHUB_T244_138,T244,duplicate_match,different
16175,217850f4-8f75-4597-ac7f-df6e3367df3e,Transformer,PowerTransformer,1,FMR1 345kV-138kV,33646,LEWISVLSW5_2,LWSSW,33645,LEWISVLSW8_2,LWSSW,FMR1,LWSSW_FMR1,60111387.0,LWSSW_AXFMR12,,,1,Transformer,LEWISVLSW8_2,LEWISVLSW5_2,LWSSW_AXFMR12,,duplicate_match,different
16175,217850f4-8f75-4597-ac7f-df6e3367df3e,Transformer,PowerTransformer,1,FMR1 345kV-138kV,33646,LEWISVLSW5_2,LWSSW,33645,LEWISVLSW8_2,LWSSW,FMR1,LWSSW_FMR1,60047046.0,LWSSW_AXFMR11,,,1,Transformer,LEWISVLSW8_2,LEWISVLSW5_2,LWSSW_AXFMR11,AXFMR11,duplicate_match,different
18718,e9efa2a1-adfe-4fee-9fcb-01e9ba5a653a,Transformer,PowerTransformer,1,COTU 138kV-69kV,8526,STECTLA4A,COTULAS,5876,COTULLASUB9,COTULAS,COTU,COTULAS_COTU,60110952.0,COTULAS_HIGH,,,1,Transformer,STECTLA4A,COTULLASUB9,COTULAS_HIGH,,duplicate_match,different
18718,e9efa2a1-adfe-4fee-9fcb-01e9ba5a653a,Transformer,PowerTransformer,1,COTU 138kV-69kV,8526,STECTLA4A,COTULAS,5876,COTULLASUB9,COTULAS,COTU,COTULAS_COTU,60025429.0,COTULAS_LOW,,,1,Transformer,COTULLASUB9,STECTLA4A,COTULAS_LOW,LOW,duplicate_match,different
18935,549d9795-f3aa-463b-82c5-ab878f29b388,Transformer,PowerTransformer,1,11H 345kV-1kV,131247,QALSW_1_5,QALSW,131253,QALSW_11_1KV,QALSW,11H,QALSW_11H,60112122.0,QALSW_11H,,,1,Transformer,QALSW_1_5,QALSW_11_1KV,QALSW_11H,,duplicate_match,different
18935,549d9795-f3aa-463b-82c5-ab878f29b388,Transformer,PowerTransformer,1,11H 345kV-1kV,131247,QALSW_1_5,QALSW,131253,QALSW_11_1KV,QALSW,11H,QALSW_11H,60006823.0,QALSW_11T701H,,,1,Transformer,QALSW_1_5,QALSW_11_1KV,QALSW_11T701H,11T701H,duplicate_match,different
20172,2db410a9-a19e-4181-98ce-5b9925aa7378,Branch,ACLineSegment,1,LIPAN_FOX_1 1 1 138kV,477,FOX8,FOX,482,VULCAN,VULCAN,1,VULCAN_FOX_1,60009421.0,VULCAN_FOX1,,,1,Line,FOX8,VULCAN,VULCAN_FOX_1,1,duplicate_match,different
20172,2db410a9-a19e-4181-98ce-5b9925aa7378,Branch,ACLineSegment,1,LIPAN_FOX_1 1 1 138kV,477,FOX8,FOX,482,VULCAN,VULCAN,1,VULCAN_FOX_1,60005849.0,LIPAN_FOX,,,1,Line,FOX8,LIPAN_8,LIPAN_FOX_1,1,duplicate_match,different
21011,f49d094a-9830-4ffd-888d-ed09f49f20e2,Branch,ACLineSegment,1,BLFDAL_WRGHT_1 1 1 138kV,304,WRIGHT,WRIGHT,305,BLUFFDALE,BLUFDAL,1,BLFDAL_WRGHT_1,60003368.0,BLFDAL_WRGHT1,,,1,Line,WRIGHT,BLUFFDALE,BLFDAL_WRGHT_1,1,duplicate_match,different
21011,f49d094a-9830-4ffd-888d-ed09f49f20e2,Branch,ACLineSegment,1,BLFDAL_WRGHT_1 1 1 138kV,304,WRIGHT,WRIGHT,305,BLUFFDALE,BLUFDAL,1,BLFDAL_WRGHT_1,60080223.0,BLFDAL_WRGHT81,,,1,Line,,,BLFDAL_WRGHT8_1,1,duplicate_match,different
21711,5ac4b83f-ef50-4ab9-bf7b-86d4bf3134c2,Transformer,PowerTransformer,1,69A1 69kV-138kV,8448,LON_HILL2A,LON_HILL,8452,LON_HILL4A,LON_HILL,69A1,LON_HILL_69A1,60045805.0,LON_HILL_69A1_H,,,1,Transformer,LON_HILL2A,LON_HILL4A,LON_HILL_69A1_H,69A1_H,duplicate_match,different
21711,5ac4b83f-ef50-4ab9-bf7b-86d4bf3134c2,Transformer,PowerTransformer,1,69A1 69kV-138kV,8448,LON_HILL2A,LON_HILL,8452,LON_HILL4A,LON_HILL,69A1,LON_HILL_69A1,60111096.0,LON_HILL_69A1_L,,,1,Transformer,LON_HILL2A,LON_HILL4A,LON_HILL_69A1_L,,duplicate_match,different
22249,bd2ea097-be00-4c27-b648-0670aa1f326c,Transformer,PowerTransformer,2,69A2 69kV-138kV,8448,LON_HILL2A,LON_HILL,8452,LON_HILL4A,LON_HILL,69A2,LON_HILL_69A2,60010003.0,LON_HILL_69A2_L,,,2,Transformer,LON_HILL2A,LON_HILL4A,LON_HILL_69A2_L,69A2_L,duplicate_match,different
22249,bd2ea097-be00-4c27-b648-0670aa1f326c,Transformer,PowerTransformer,2,69A2 69kV-138kV,8448,LON_HILL2A,LON_HILL,8452,LON_HILL4A,LON_HILL,69A2,LON_HILL_69A2,60045806.0,LON_HILL_69A2_H,,,2,Transformer,LON_HILL4A,LON_HILL2A,LON_HILL_69A2_H,69A2_H,duplicate_match,different
23747,bffbf0b8-0535-4df4-b33a-793cc7528357,Branch,ACLineSegment,1,906T477_1 1 1 69kV,8436,PORT_A2A,PORT_A,8847,MUSTANG2A,MUSTANG,1,906T477_1,60008721.0,906T4771,,,1,Line,PORT_A2A,MUSTANG2A,906T477_1,1,duplicate_match,different
23747,bffbf0b8-0535-4df4-b33a-793cc7528357,Branch,ACLineSegment,1,906T477_1 1 1 69kV,8436,PORT_A2A,PORT_A,8847,MUSTANG2A,MUSTANG,1,906T477_1,60000401.0,14190T477,,,1,Line,PORT_A2A,MUSTANG2A,14190T477_1,1,duplicate_match,different
24107,6f1efe9e-da8d-4c91-93ff-b8ccf6dc1b37,Transformer,PowerTransformer,1,TORD 138kV-69kV,5717,TORDILLOSW8,TORDILLO,5715,TORDILLOSW9,TORDILLO,TORD,TORDILLO_TORD,60110942.0,TORDILLO_HIGH,,,1,Transformer,TORDILLOSW8,TORDILLOSW9,TORDILLO_HIGH,,duplicate_match,different
24107,6f1efe9e-da8d-4c91-93ff-b8ccf6dc1b37,Transformer,PowerTransformer,1,TORD 138kV-69kV,5717,TORDILLOSW8,TORDILLO,5715,TORDILLOSW9,TORDILLO,TORD,TORDILLO_TORD,60070377.0,TORDILLO_LOW,,,1,Transformer,TORDILLOSW8,TORDILLOSW9,TORDILLO_LOW,LOW,duplicate_match,different
26899,9f93d149-0209-4748-a067-df79fa6027d5,Branch,ACLineSegment,2,ALIBTS_RAILHD_1 1 2 345kV,23900,ALIBATES,ALIBATES,79005,RAILHEAD,RAILHEAD,1,ALIBTS_RAILHD_1,60002982.0,ALIBTS_RAILHD1,,,2,Line,ALIBATES,RAILHEAD,ALIBTS_RAILHD_1,1,duplicate_match,different
26899,9f93d149-0209-4748-a067-df79fa6027d5,Branch,ACLineSegment,2,ALIBTS_RAILHD_1 1 2 345kV,23900,ALIBATES,ALIBATES,79005,RAILHEAD,RAILHEAD,1,ALIBTS_RAILHD_1,60079489.0,ALIBATE_GRAY_21,,,2,Line,,,ALIBATE_GRAY_2_1,1,duplicate_match,different
27438,30f62a4a-9eaa-428a-a03c-59dd32fe3103,Transformer,PowerTransformer,1,13H 345kV-1kV,131247,QALSW_1_5,QALSW,131248,QALSW_13_1KV,QALSW,13H,QALSW_13H,60112123.0,QALSW_13H,,,1,Transformer,QALSW_1_5,QALSW_13_1KV,QALSW_13H,,duplicate_match,different
27438,30f62a4a-9eaa-428a-a03c-59dd32fe3103,Transformer,PowerTransformer,1,13H 345kV-1kV,131247,QALSW_1_5,QALSW,131248,QALSW_13_1KV,QALSW,13H,QALSW_13H,60006826.0,QALSW_13T701H,,,1,Transformer,QALSW_1_5,QALSW_13_1KV,QALSW_13T701H,13T701H,duplicate_match,different
30128,04ccd321-d804-4192-b190-ea05bb556bfe,Transformer,PowerTransformer,T1,T3 138kV-34.5kV,160394,COTTON_1_8,COTTON,160393,COTTON_1,COTTON,T3,COTTON_T3,60004079.0,COTTON_CW-T3,,,T1,Transformer,COTTON_1,COTTON_1_8,COTTON_CW-T3,CW-T3,duplicate_match,different
30128,04ccd321-d804-4192-b190-ea05bb556bfe,Transformer,PowerTransformer,T1,T3 138kV-34.5kV,160394,COTTON_1_8,COTTON,160393,COTTON_1,COTTON,T3,COTTON_T3,60112567.0,COTTON_T3,,,T1,Transformer,COTTON_1,COTTON_1_8,COTTON_T3,,duplicate_match,different
30267,2ab6cb98-945c-44de-97ee-23da3f3dbcd1,Transformer,PowerTransformer,T2,T4 138kV-34.5kV,160394,COTTON_1_8,COTTON,160392,COTTON_PAP2,COTTON,T4,COTTON_T4,60004080.0,COTTON_CW-T4,,,T2,Transformer,COTTON_PAP2,COTTON_1_8,COTTON_CW-T4,CW-T4,duplicate_match,different
30267,2ab6cb98-945c-44de-97ee-23da3f3dbcd1,Transformer,PowerTransformer,T2,T4 138kV-34.5kV,160394,COTTON_1_8,COTTON,160392,COTTON_PAP2,COTTON,T4,COTTON_T4,60112568.0,COTTON_T4,,,T2,Transformer,COTTON_PAP2,COTTON_1_8,COTTON_T4,,duplicate_match,different
31053,b7c86edc-dda2-4de5-a040-e544cb5c985e,Transformer,PowerTransformer,XF,XT2 138kV-13.8kV,110021,PNPI_8,PNPI,110020,PNPI_GT2,PNPI,XT2,PNPI_XT2,60006737.0,PNPI_PNPIXT2H,,,XF,Transformer,WAP_GT2,PNPI_8,PNPI_PNPIXT2H,PNPIXT2H,duplicate_match,different
31053,b7c86edc-dda2-4de5-a040-e544cb5c985e,Transformer,PowerTransformer,XF,XT2 138kV-13.8kV,110021,PNPI_8,PNPI,110020,PNPI_GT2,PNPI,XT2,PNPI_XT2,60111728.0,PNPI_XT2,,,XF,Transformer,PNPI_GT2,PNPI_8,PNPI_XT2,,duplicate_match,different
33736,de24b015-fc1b-43fd-bfc6-d1f178a8be08,Transformer,PowerTransformer,2,MR2 345kV-138kV,5056,CAGNON_5,CAGNON,5055,CAGNON1_8,CAGNON,MR2,CAGNON_MR2,60021141.0,CAGNON_MR2L,,,2,Transformer,CAGNON_5,CAGNON1_8,CAGNON_MR2L,MR2L,duplicate_match,different
33736,de24b015-fc1b-43fd-bfc6-d1f178a8be08,Transformer,PowerTransformer,2,MR2 345kV-138kV,5056,CAGNON_5,CAGNON,5055,CAGNON1_8,CAGNON,MR2,CAGNON_MR2,60110898.0,CAGNON_MR2H,,,2,Transformer,CAGNON1_8,CAGNON_5,CAGNON_MR2H,,duplicate_match,different
34522,18229932-332d-45b2-bd62-9eae89e4a885,Branch,SeriesCompensator,SG,1,110133,DOWGEN_6_8,DOWGEN,110144,DOWGEN_13_8,DOWGEN,1,DOW03A_1,60004371.0,DOW03A1,,,SG,Line,DOWGEN_13_8,DOWGEN_6_8,DOW03A_1,1,duplicate_match,different
34522,18229932-332d-45b2-bd62-9eae89e4a885,Branch,SeriesCompensator,SG,1,110133,DOWGEN_6_8,DOWGEN,110144,DOWGEN_13_8,DOWGEN,1,DOW03A_1,60081641.0,DOW031,,,SG,Line,DOW_G37_G35,DOWGEN_6_8,DOW03_1,1,duplicate_match,different
34525,01250d77-00a0-477c-a8b4-35d934c57f54,Branch,SeriesCompensator,35,1,110142,DOW_G96_ST95,DOWGEN,110155,DOWGEN_16_8,DOWGEN,1,DOW44_1,60081642.0,DOW35-11,,,35,Line,DOW_84_82_83,DOWGEN_6_8,DOW35-1_1,1,duplicate_match,different
34525,01250d77-00a0-477c-a8b4-35d934c57f54,Branch,SeriesCompensator,35,1,110142,DOW_G96_ST95,DOWGEN,110155,DOWGEN_16_8,DOWGEN,1,DOW44_1,60004375.0,DOW441,,,35,Line,DOWGEN_16_8,DOW_G96_ST95,DOW44_1,1,duplicate_match,different
34536,da27aaaa-ced7-4954-a1cd-56ee7cfb4c9b,Branch,SeriesCompensator,SG,1,110131,DOWGEN_5_8,DOWGEN,110155,DOWGEN_16_8,DOWGEN,1,DOW02B_1,60081643.0,DOW44-11,,,SG,Line,DOW_G96_ST95,DOWGEN_5_8,DOW44-1_1,1,duplicate_match,different
34536,da27aaaa-ced7-4954-a1cd-56ee7cfb4c9b,Branch,SeriesCompensator,SG,1,110131,DOWGEN_5_8,DOWGEN,110155,DOWGEN_16_8,DOWGEN,1,DOW02B_1,60004370.0,DOW02B1,,,SG,Line,DOWGEN_16_8,DOWGEN_5_8,DOW02B_1,1,duplicate_match,different
34537,331002f6-a23e-4bbb-9f7b-1490294d1b97,Branch,SeriesCompensator,SG,1,110113,DOW_G37_G35,DOWGEN,110144,DOWGEN_13_8,DOWGEN,1,DOW03B_1,60081644.0,DOW44-21,,,SG,Line,DOW_G96_ST95,DOWGEN_12_8,DOW44-2_1,1,duplicate_match,different
34537,331002f6-a23e-4bbb-9f7b-1490294d1b97,Branch,SeriesCompensator,SG,1,110113,DOW_G37_G35,DOWGEN,110144,DOWGEN_13_8,DOWGEN,1,DOW03B_1,60004372.0,DOW03B1,,,SG,Line,DOWGEN_13_8,DOW_G37_G35,DOW03B_1,1,duplicate_match,different
34538,9864abd7-cd3e-4c04-884f-cf4d3ad8c023,Branch,SeriesCompensator,SG,1,110128,DOWGEN_3_8,DOWGEN,110154,DOWGEN_15_8,DOWGEN,1,DOW88_1,60004386.0,DOW881,,,SG,Line,DOWGEN_3_8,DOWGEN_15_8,DOW88_1,1,duplicate_match,different
34538,9864abd7-cd3e-4c04-884f-cf4d3ad8c023,Branch,SeriesCompensator,SG,1,110128,DOWGEN_3_8,DOWGEN,110154,DOWGEN_15_8,DOWGEN,1,DOW88_1,60081645.0,DOW88-11,,,SG,Line,DOWGEN_13_8,DOWGEN_5_8,DOW88-1_1,1,duplicate_match,different
35416,7b64b09c-2c62-4d99-8aad-22a18925c080,Branch,ACLineSegment,1,6101__B _B 1 138kV,1150,AMOCO3BA_T8,AMTBT,1157,ANDRCOSO_8,ACSSW,_B,6101__B,60001872.0,6100_J,,,1,Line,AMOCO3BA_T8,ARENATAP_8,6100__J,_J,duplicate_match,different
35416,7b64b09c-2c62-4d99-8aad-22a18925c080,Branch,ACLineSegment,1,6101__B _B 1 138kV,1150,AMOCO3BA_T8,AMTBT,1157,ANDRCOSO_8,ACSSW,_B,6101__B,60001874.0,6101_B,,,1,Line,WINKSS_8,CHEYENTA_8,6101__B,_B,duplicate_match,different
36678,063858db-3d6d-4504-a176-4c65dfd51f6f,Branch,ACLineSegment,1,644T644_1 1 1 138kV,71199,L_ARCO__8_1Y,ARCO__,71230,L_PLEAFA8_1Y,PLEAFA,1,644T644_1,60000993.0,249T442,,,1,Line,ARCOCTAP_8,L_PLEAFA8_1Y,249T442_1,1,duplicate_match,different
36678,063858db-3d6d-4504-a176-4c65dfd51f6f,Branch,ACLineSegment,1,644T644_1 1 1 138kV,71199,L_ARCO__8_1Y,ARCO__,71230,L_PLEAFA8_1Y,PLEAFA,1,644T644_1,60009271.0,644T6441,,,1,Line,L_ARCO__8_1Y,L_PLEAFA8_1Y,644T644_1,1,duplicate_match,different
39798,857c8622-f276-4c0c-af90-ad14b0bf89c8,Transformer,PowerTransformer,2,7TR2 345kV-138kV,23849,VEALMOOR,VEALMOOR,10113,VEALMOOR2_8,VEALMOOR,7TR2,VEALMOOR_7TR2,60072102.0,VEALMOOR_VLMTR2L,,,2,Transformer,SU_VEALMOOR,VEALMOOR,VEALMOOR_VLMTR2L,VLMTR2L,duplicate_match,different
39798,857c8622-f276-4c0c-af90-ad14b0bf89c8,Transformer,PowerTransformer,2,7TR2 345kV-138kV,23849,VEALMOOR,VEALMOOR,10113,VEALMOOR2_8,VEALMOOR,7TR2,VEALMOOR_7TR2,60111166.0,VEALMOOR_VLM7TR2H,,,2,Transformer,VEALMOOR,VEALMOOR2_8,VEALMOOR_VLM7TR2H,,duplicate_match,different
41077,8957ea81-b1fa-42ac-ad51-7731477eb529,Transformer,PowerTransformer,1,A3S 138kV-1kV,110149,DOW_1_8,DOW,49193,DOW____A3STR,DOW,A3S,DOW_A3S,60111766.0,DOW_A3S,,,1,Transformer,DOW____A3STR,DOW_1_8,DOW_A3S,,duplicate_match,different
41077,8957ea81-b1fa-42ac-ad51-7731477eb529,Transformer,PowerTransformer,1,A3S 138kV-1kV,110149,DOW_1_8,DOW,49193,DOW____A3STR,DOW,A3S,DOW_A3S,60004350.0,DOW_DOW_A3S,,,1,Transformer,DOW____A3STR,DOW_1_8,DOW_DOW_A3S,DOW_A3S,duplicate_match,different
41080,1a5adb4e-dd79-47f6-883a-dffc9761e940,Transformer,PowerTransformer,1,A4S 138kV-1kV,110164,DOW____POI8A,DOW,49194,DOW____A4STR,DOW,A4S,DOW_A4S,60004353.0,DOW_DOW_A4S,,,1,Transformer,DOW____POI8A,DOW____A4STR,DOW_DOW_A4S,DOW_A4S,duplicate_match,different
41080,1a5adb4e-dd79-47f6-883a-dffc9761e940,Transformer,PowerTransformer,1,A4S 138kV-1kV,110164,DOW____POI8A,DOW,49194,DOW____A4STR,DOW,A4S,DOW_A4S,60111773.0,DOW_A4S,,,1,Transformer,DOW____A4STR,DOW____POI8A,DOW_A4S,,duplicate_match,different
41231,0701f832-a27d-4f9a-a410-83ce48f312eb,Transformer,PowerTransformer,1,F760 138kV-14.5kV,110129,DOWGEN_4_8,DOWGEN,110130,DOWGEN_5,DOWGEN,F760,DOWGEN_F760,60111756.0,DOWGEN_XF760,,,1,Transformer,DOWGEN_4_8,DOWGEN_5,DOWGEN_XF760,,duplicate_match,different
41231,0701f832-a27d-4f9a-a410-83ce48f312eb,Transformer,PowerTransformer,1,F760 138kV-14.5kV,110129,DOWGEN_4_8,DOWGEN,110130,DOWGEN_5,DOWGEN,F760,DOWGEN_F760,60081647.0,DOWGEN_LDXF760,,,1,Transformer,DOWGEN_5,DOWGEN_4_8,DOWGEN_LDXF760,LDXF760,duplicate_match,different
41969,1edc3bcb-6938-4ec6-a6f1-79cd3b06458c,Branch,ACLineSegment,1,CLYDEM_WTU_DE1_1 1 1 69kV,6303,DENTONT2,WTU_DETP,6304,CLYDEMAG2A,CLYDEMAG,1,CLYDEM_WTU_DE1_1,60003986.0,CLYM_WTU_DE1,,,1,Line,DENTONT2,CLYDMAG2,CLYM_WTU_DE1_1,1,duplicate_match,different
41969,1edc3bcb-6938-4ec6-a6f1-79cd3b06458c,Branch,ACLineSegment,1,CLYDEM_WTU_DE1_1 1 1 69kV,6303,DENTONT2,WTU_DETP,6304,CLYDEMAG2A,CLYDEMAG,1,CLYDEM_WTU_DE1_1,60009084.0,CLYDEM_WTU_DE11,,,1,Line,DENTONT2,CLYDEMAG2A,CLYDEM_WTU_DE1_1,1,duplicate_match,different
42360,1c29e964-5332-4015-9abe-ff3900a50fa8,Transformer,PowerTransformer,1,15H 345kV-1kV,131247,QALSW_1_5,QALSW,131249,QALSW_15_1KV,QALSW,15H,QALSW_15H,60112125.0,QALSW_15H,,,1,Transformer,QALSW_1_5,QALSW_15_1KV,QALSW_15H,,duplicate_match,different
42360,1c29e964-5332-4015-9abe-ff3900a50fa8,Transformer,PowerTransformer,1,15H 345kV-1kV,131247,QALSW_1_5,QALSW,131249,QALSW_15_1KV,QALSW,15H,QALSW_15H,60006829.0,QALSW_15T701H,,,1,Transformer,QALSW_1_5,QALSW_15_1KV,QALSW_15T701H,15T701H,duplicate_match,different
42487,c92afcc9-91cc-465c-8d81-2193c4d0a983,Branch,ACLineSegment,1,ABEAST_PUTN1_1 1 1 138kV,6275,ABEAST4A,ABEAST,6670,PUTN4C,PUTN,1,ABEAST_PUTN1_1,60009609.0,ABEAST_PUTN11,,,1,Line,PUTN4C,ABEAST4A,ABEAST_PUTN1_1,1,duplicate_match,different
42487,c92afcc9-91cc-465c-8d81-2193c4d0a983,Branch,ACLineSegment,1,ABEAST_PUTN1_1 1 1 138kV,6275,ABEAST4A,ABEAST,6670,PUTN4C,PUTN,1,ABEAST_PUTN1_1,60002840.0,ABEA_PUTN1,,,1,Line,ABEA4A,PUTN4A,ABEA_PUTN1_1,1,duplicate_match,different
43247,02a3c4e2-8655-4265-ad4d-f0662618825f,Transformer,PowerTransformer,1,U3XF 345kV-18kV,575,JCKCNTY5,JCKCNTY2,150204,JCKCNTY2_CT3,JCKCNTY2,U3XF,JCKCNTY2_U3XF,60110616.0,JCKCNTY2_U3XF,,,1,Transformer,JCKCNTY5,JCKCNTY2_CT3,JCKCNTY2_U3XF,,duplicate_match,different
43247,02a3c4e2-8655-4265-ad4d-f0662618825f,Transformer,PowerTransformer,1,U3XF 345kV-18kV,575,JCKCNTY5,JCKCNTY2,150204,JCKCNTY2_CT3,JCKCNTY2,U3XF,JCKCNTY2_U3XF,60005516.0,JCKCNTY2_UNIT3_XFMR,,,1,Transformer,JCKCNTY5,JCKCNTY2_CT3,JCKCNTY2_UNIT3_XFMR,UNIT3_XFMR,duplicate_match,different
43340,6469ee0f-aeef-4473-8094-6defd75ed6b8,Transformer,PowerTransformer,1,T2 138kV-34.5kV,131454,KEO_3_8,KEO,131455,KEO_SHRBINO2,KEO,T2,KEO_T2,60112128.0,KEO_T2,,,1,Transformer,KEO_3_8,KEO_SHRBINO2,KEO_T2,,duplicate_match,different
43340,6469ee0f-aeef-4473-8094-6defd75ed6b8,Transformer,PowerTransformer,1,T2 138kV-34.5kV,131454,KEO_3_8,KEO,131455,KEO_SHRBINO2,KEO,T2,KEO_T2,60005611.0,KEO_XFMR_SM2_H,,,1,Transformer,KEO_3_8,KEO_SHRBINO2,KEO_XFMR_SM2_H,XFMR_SM2_H,duplicate_match,different
43609,364e9644-a41c-4add-b729-a595f6a44e11,Transformer,PowerTransformer,1,U4XF 345kV-18kV,575,JCKCNTY5,JCKCNTY2,150205,JCKCNTY2_CT4,JCKCNTY2,U4XF,JCKCNTY2_U4XF,60083286.0,JCKCNTY2_UNIT4_XFMR,,,1,Transformer,,,JCKCNTY2_UNIT4_XFMR,UNIT4_XFMR,duplicate_match,different
43609,364e9644-a41c-4add-b729-a595f6a44e11,Transformer,PowerTransformer,1,U4XF 345kV-18kV,575,JCKCNTY5,JCKCNTY2,150205,JCKCNTY2_CT4,JCKCNTY2,U4XF,JCKCNTY2_U4XF,60110618.0,JCKCNTY2_U4XF,,,1,Transformer,JCKCNTY5,JCKCNTY2_CT4,JCKCNTY2_U4XF,,duplicate_match,different
43703,e612fffd-9909-4dd5-8cde-abcc884f9177,Transformer,PowerTransformer,1,G2XF 345kV-18kV,575,JCKCNTY5,JCKCNTY2,150206,JCKCNTY2_ST2,JCKCNTY2,G2XF,JCKCNTY2_G2XF,60083285.0,JCKCNTY2_STG2_XFMR,,,1,Transformer,,,JCKCNTY2_STG2_XFMR,STG2_XFMR,duplicate_match,different
43703,e612fffd-9909-4dd5-8cde-abcc884f9177,Transformer,PowerTransformer,1,G2XF 345kV-18kV,575,JCKCNTY5,JCKCNTY2,150206,JCKCNTY2_ST2,JCKCNTY2,G2XF,JCKCNTY2_G2XF,60110617.0,JCKCNTY2_G2XF,,,1,Transformer,JCKCNTY5,JCKCNTY2_ST2,JCKCNTY2_G2XF,,duplicate_match,different
44519,b618539b-8b87-4eb8-b136-8fc6f2a6cd6f,Branch,ACLineSegment,1,805T542_1 1 1 69kV,8578,HOCHHE2A,HOCHHEIM,78577,L_HOCHTA9_1Y,HOCHTA,1,805T542_1,60008146.0,805T5421,,,1,Line,HOCHHE2A,L_HOCHTA9_1Y,805T542_1,1,duplicate_match,different
44519,b618539b-8b87-4eb8-b136-8fc6f2a6cd6f,Branch,ACLineSegment,1,805T542_1 1 1 69kV,8578,HOCHHE2A,HOCHHEIM,78577,L_HOCHTA9_1Y,HOCHTA,1,805T542_1,60002639.0,805T543,,,1,Line,HOCHHE2A,L_HOCHTA9_1Y,805T543_1,1,duplicate_match,different
49843,9f7945a0-43c0-4fe8-9718-5b27e4a4c12a,Branch,ACLineSegment,1,17020_A _A 1 138kV,23831,LUTHER,LUTHER,23832,COYOTE,COYOTE,_A,17020__A,60004093.0,COYOTE_LUTHER1,,,1,Line,COYOTE,LUTHER,COYOTE_LUTHER_1,1,duplicate_match,different
49843,9f7945a0-43c0-4fe8-9718-5b27e4a4c12a,Branch,ACLineSegment,1,17020_A _A 1 138kV,23831,LUTHER,LUTHER,23832,COYOTE,COYOTE,_A,17020__A,60112875.0,17020_A,,,1,Line,LUTHER,COYOTE,17020__A,_A,duplicate_match,different
53948,2e7ee150-ad88-422e-92ed-db693f764332,Transformer,PowerTransformer,1,T1 138kV-69kV,61010,RUSTHILL4A,RUSTHILL,61011,RUSTHILL2A,RUSTHILL,T1,RUSTHILL_T1,60062065.0,RUSTHILL_T1_L,,,1,Transformer,RUSTHILL4A,RUSTHILL2A,RUSTHILL_T1_L,T1_L,duplicate_match,different
53948,2e7ee150-ad88-422e-92ed-db693f764332,Transformer,PowerTransformer,1,T1 138kV-69kV,61010,RUSTHILL4A,RUSTHILL,61011,RUSTHILL2A,RUSTHILL,T1,RUSTHILL_T1,60111669.0,RUSTHILL_T1_H,,,1,Transformer,RUSTHILL2A,RUSTHILL4A,RUSTHILL_T1_H,,duplicate_match,different
56912,be213911-1d31-42cc-95bf-0fb446e3aacc,Branch,SeriesCompensator,2,1,110131,DOWGEN_5_8,DOWGEN,110133,DOWGEN_6_8,DOWGEN,1,DOW02A_1,60004369.0,DOW02A1,,,2,Line,DOWGEN_5_8,DOWGEN_6_8,DOW02A_1,1,duplicate_match,different
56912,be213911-1d31-42cc-95bf-0fb446e3aacc,Branch,SeriesCompensator,2,1,110131,DOWGEN_5_8,DOWGEN,110133,DOWGEN_6_8,DOWGEN,1,DOW02A_1,60081640.0,DOW021,,,2,Line,DOWGEN_6_8,DOWGEN_5_8,DOW02_1,1,duplicate_match,different
57711,94c7bf1b-5ff7-4e5d-acc2-5d73473bd3ee,Transformer,PowerTransformer,1,BEVO 138kV-69kV,78280,L_BEVO__8_1Y,BEVO,5871,BEVOSW9,BEVO,BEVO,BEVO_BEVO,60017207.0,BEVO_LOW,,,1,Transformer,BEVOSW9,L_BEVO__8_1Y,BEVO_LOW,LOW,duplicate_match,different
57711,94c7bf1b-5ff7-4e5d-acc2-5d73473bd3ee,Transformer,PowerTransformer,1,BEVO 138kV-69kV,78280,L_BEVO__8_1Y,BEVO,5871,BEVOSW9,BEVO,BEVO,BEVO_BEVO,60110951.0,BEVO_HIGH,,,1,Transformer,L_BEVO__8_1Y,BEVOSW9,BEVO_HIGH,,duplicate_match,different
58390,8c3036d3-ada7-4efa-86b9-29b7883c5b13,Transformer,PowerTransformer,1,A3 345kV-138kV,80219,LOBO7A,LOBO,80221,LOBO4A,LOBO,A3,LOBO_A3,60111713.0,LOBO_3_345_138_H,,,1,Transformer,LOBO7A,LOBO4A,LOBO_3_345_138_H,,duplicate_match,different
58390,8c3036d3-ada7-4efa-86b9-29b7883c5b13,Transformer,PowerTransformer,1,A3 345kV-138kV,80219,LOBO7A,LOBO,80221,LOBO4A,LOBO,A3,LOBO_A3,60045407.0,LOBO_3_345_138_L,,,1,Transformer,LOBO4A,LOBO7A,LOBO_3_345_138_L,3_345_138_L,duplicate_match,different
59944,53a9e88a-3131-4213-a782-52c6d91b1f44,Branch,ACLineSegment,1,FTPHPU_PHANPM1_1 1 1 69kV,6217,FTPHPUMP2A,FTPHPUMP,6220,PHANPMPT2A,PHANPMPT,1,FTPHPU_PHANPM1_1,60004846.0,FTFP_FTPHPM1,,,1,Line,FTPHPMP2A,FTFP2A,FTFP_FTPHPM1_1,1,duplicate_match,different
59944,53a9e88a-3131-4213-a782-52c6d91b1f44,Branch,ACLineSegment,1,FTPHPU_PHANPM1_1 1 1 69kV,6217,FTPHPUMP2A,FTPHPUMP,6220,PHANPMPT2A,PHANPMPT,1,FTPHPU_PHANPM1_1,60008051.0,FTPHPU_PHANPM11,,,1,Line,FTPHPUMP2A,PHANPMPT2A,FTPHPU_PHANPM1_1,1,duplicate_match,different
61256,b5eedb0c-dbdb-4f7c-825f-f39cd9b70057,Transformer,PowerTransformer,3,X121 69kV-13.8kV,110336,NCARBIDE_1_9,NCARBIDE,110334,NCA_NCARBIG3,NCARBIDE,X121,NCARBIDE_X121,60111786.0,NCARBIDE_X121,,,3,Transformer,NCA_NCARBIG3,NCARBIDE_1_9,NCARBIDE_X121,,duplicate_match,different
61256,b5eedb0c-dbdb-4f7c-825f-f39cd9b70057,Transformer,PowerTransformer,3,X121 69kV-13.8kV,110336,NCARBIDE_1_9,NCARBIDE,110334,NCA_NCARBIG3,NCARBIDE,X121,NCARBIDE_X121,60084880.0,NCARBIDE_XF-121,,,3,Transformer,NCA_NCARBIG3,NCARBIDE_1_9,NCARBIDE_XF-121,XF-121,duplicate_match,different
65543,9ee77ec9-dc13-4ff0-bb2c-3d613d0b5925,Transformer,PowerTransformer,2,AT2 345kV-138kV,9048,GARFIE34,GARFIELD,9071,GARFIELD,GARFIELD,AT2,GARFIELD_AT2,60004956.0,GARFIELD_AT2_H,,,2,Transformer,GARFIELD,GARFIE34,GARFIELD_AT2_H,AT2_H,duplicate_match,different
65543,9ee77ec9-dc13-4ff0-bb2c-3d613d0b5925,Transformer,PowerTransformer,2,AT2 345kV-138kV,9048,GARFIE34,GARFIELD,9071,GARFIELD,GARFIELD,AT2,GARFIELD_AT2,60034119.0,GARFIELD_AT2_L,,,2,Transformer,GARFIELD,GARFIE34,GARFIELD_AT2_L,AT2_L,duplicate_match,different
65774,8a0a91ed-0a46-4bc5-aada-1f469bff238e,Branch,ACLineSegment,1,STV_NORF_1 1 1 138kV,295,STEPHENVIL8,STV,303,NORFORK,NRFORK,1,STV_NORF_1,60007400.0,STV_NORF1,,,1,Line,NORFORK,STEPHENVIL8,STV_NORF_1,1,duplicate_match,different
65774,8a0a91ed-0a46-4bc5-aada-1f469bff238e,Branch,ACLineSegment,1,STV_NORF_1 1 1 138kV,295,STEPHENVIL8,STV,303,NORFORK,NRFORK,1,STV_NORF_1,60087653.0,STV_NORF81,,,1,Line,,,STV_NORF8_1,1,duplicate_match,different
67781,2c6aab90-3c42-49c6-a8d8-7c73894d5145,Branch,ACLineSegment,1,BLFDAL_TLRTAP_1 1 1 138kV,305,BLUFFDALE,BLUFDAL,309,TOLARTAP,TOLARTP,1,BLFDAL_TLRTAP_1,60080222.0,BLFDAL_TLRTAP81,,,1,Line,,,BLFDAL_TLRTAP8_1,1,duplicate_match,different
67781,2c6aab90-3c42-49c6-a8d8-7c73894d5145,Branch,ACLineSegment,1,BLFDAL_TLRTAP_1 1 1 138kV,305,BLUFFDALE,BLUFDAL,309,TOLARTAP,TOLARTP,1,BLFDAL_TLRTAP_1,60003367.0,BLFDAL_TLRTAP1,,,1,Line,TOLARTAP,BLUFFDALE,BLFDAL_TLRTAP_1,1,duplicate_match,different
68156,8fae3092-04ed-40c1-9c2d-c3dac169d050,Branch,ACLineSegment,1,CACTUS_SHEFFI1_1 1 1 69kV,6577,SHEFFIEL2A,SHEFFIEL,6579,CACTUS2A,CACTUS,1,CACTUS_SHEFFI1_1,60003602.0,CACTUS_SHEF1,,,1,Line,SHEF2A,CACTUS2A,CACTUS_SHEF1_1,1,duplicate_match,different
68156,8fae3092-04ed-40c1-9c2d-c3dac169d050,Branch,ACLineSegment,1,CACTUS_SHEFFI1_1 1 1 69kV,6577,SHEFFIEL2A,SHEFFIEL,6579,CACTUS2A,CACTUS,1,CACTUS_SHEFFI1_1,60008087.0,CACTUS_SHEFFI11,,,1,Line,SHEFFIEL2A,CACTUS2A,CACTUS_SHEFFI1_1,1,duplicate_match,different
68564,ca5dca09-a684-4c26-89c8-4b47a1157bf1,Branch,ACLineSegment,1,TLRTAP_TOLR_1 1 1 138kV,309,TOLARTAP,TOLARTP,37710,TNTOLAR___1,TNTOLAR,1,TLRTAP_TOLR_1,60087886.0,TLRTAP_TOLR81,,,1,Line,,,TLRTAP_TOLR8_1,1,duplicate_match,different
68564,ca5dca09-a684-4c26-89c8-4b47a1157bf1,Branch,ACLineSegment,1,TLRTAP_TOLR_1 1 1 138kV,309,TOLARTAP,TOLARTP,37710,TNTOLAR___1,TNTOLAR,1,TLRTAP_TOLR_1,60007569.0,TLRTAP_TOLR1,,,1,Line,TOLARTAP,TNTOLAR___1,TLRTAP_TOLR_1,1,duplicate_match,different
69127,0797a729-c830-4900-a725-e35fa0daeba5,Transformer,PowerTransformer,01,G001 345kV-24.5kV,3397,SANDYCRK_5,SCES,150741,SCES_UNIT1,SCES,G001,SCES_G001,60087189.0,SCES_1GTBXF001,,,01,Transformer,,,SCES_1GTBXF001,1GTBXF001,duplicate_match,different
69127,0797a729-c830-4900-a725-e35fa0daeba5,Transformer,PowerTransformer,01,G001 345kV-24.5kV,3397,SANDYCRK_5,SCES,150741,SCES_UNIT1,SCES,G001,SCES_G001,60110856.0,SCES_G001,,,01,Transformer,SANDYCRK_5,SCES_UNIT1,SCES_G001,,duplicate_match,different
69336,1514e530-52f3-44d9-bd17-d2d66c349cf8,Transformer,PowerTransformer,1,T1 138kV-69kV,6425,CEDRHILL4A,CEDRHILL,6423,CEDRHILL2A,CEDRHILL,T1,CEDRHILL_T1,60022549.0,CEDRHILL_T1_L,,,1,Transformer,CEDRHILL4A,CEDRHILL2A,CEDRHILL_T1_L,T1_L,duplicate_match,different
69336,1514e530-52f3-44d9-bd17-d2d66c349cf8,Transformer,PowerTransformer,1,T1 138kV-69kV,6425,CEDRHILL4A,CEDRHILL,6423,CEDRHILL2A,CEDRHILL,T1,CEDRHILL_T1,60110989.0,CEDRHILL_T1_H,,,1,Transformer,CEDRHILL4A,CEDRHILL2A,CEDRHILL_T1_H,,duplicate_match,different
69860,4de8c7ed-086b-43aa-8206-3b043d9cb0aa,Transformer,PowerTransformer,2,T2 138kV-69kV,6680,ALMC4A,ALMC,6672,ALMC2B,ALMC,T2,ALMC_T2,60002994.0,ALMC_138_69T2_H,,,2,Transformer,ALMC4A,ALMC2B,ALMC_138_69T2_H,138_69T2_H,duplicate_match,different
69860,4de8c7ed-086b-43aa-8206-3b043d9cb0aa,Transformer,PowerTransformer,2,T2 138kV-69kV,6680,ALMC4A,ALMC,6672,ALMC2B,ALMC,T2,ALMC_T2,60014096.0,ALMC_138_69T2_L,,,2,Transformer,ALMC4A,ALMC2B,ALMC_138_69T2_L,138_69T2_L,duplicate_match,different
69912,cf15fe82-ccea-4607-ae05-688695e92da4,Branch,ACLineSegment,1,NOR_WRIG_1 1 1 138kV,303,NORFORK,NRFORK,304,WRIGHT,WRIGHT,1,NOR_WRIG_1,60085114.0,NOR_WRIG81,,,1,Line,,,NOR_WRIG8_1,1,duplicate_match,different
69912,cf15fe82-ccea-4607-ae05-688695e92da4,Branch,ACLineSegment,1,NOR_WRIG_1 1 1 138kV,303,NORFORK,NRFORK,304,WRIGHT,WRIGHT,1,NOR_WRIG_1,60006398.0,NOR_WRIG1,,,1,Line,WRIGHT,NORFORK,NOR_WRIG_1,1,duplicate_match,different
71379,e2f90df4-be5d-428e-b51e-9482b068f3c3,Transformer,PowerTransformer,1,AUT1 138kV-69kV,80022,OLEANDER4A,OLEANDER,80023,OLEANDER2A,OLEANDER,AUT1,OLEANDER_AUT1,60054435.0,OLEANDER_138_69_AUTO_L,,,1,Transformer,OLEANDER4A,OLEANDER2A,OLEANDER_138_69_AUTO_L,138_69_AUTO_L,duplicate_match,different
71379,e2f90df4-be5d-428e-b51e-9482b068f3c3,Transformer,PowerTransformer,1,AUT1 138kV-69kV,80022,OLEANDER4A,OLEANDER,80023,OLEANDER2A,OLEANDER,AUT1,OLEANDER_AUT1,60111701.0,OLEANDER_138_69_AUTO_H,,,1,Transformer,OLEANDER2A,OLEANDER4A,OLEANDER_138_69_AUTO_H,,duplicate_match,different
73311,198449a6-b9ee-4cc3-bca7-2051a63fac81,Branch,ACLineSegment,1,BELLSN_RC138KV_1 1 1 138kV,1699,BELLSN_T8,BNPOI,6822,BELLN_RC,BELSN_RC,1,BELLSN_RC138KV_1,60003260.0,BELLSN_RC138kV,,,1,Line,BELLSN_T8,BELLN_RC,BELLSN_RC138kV_1,1,duplicate_match,different
73311,198449a6-b9ee-4cc3-bca7-2051a63fac81,Branch,ACLineSegment,1,BELLSN_RC138KV_1 1 1 138kV,1699,BELLSN_T8,BNPOI,6822,BELLN_RC,BELSN_RC,1,BELLSN_RC138KV_1,60016872.0,BELLSN_RC138KV1,,,1,Line,BELLN_RC,BELLSN_T8,BELLSN_RC138KV_1,1,duplicate_match,different
74256,b47e758b-be89-4504-9f71-c598f8dd3337,Transformer,PowerTransformer,1,16H 345kV-1kV,131247,QALSW_1_5,QALSW,131250,QALSW_16_1KV,QALSW,16H,QALSW_16H,60006831.0,QALSW_16T701H,,,1,Transformer,QALSW_1_5,QALSW_16_1KV,QALSW_16T701H,16T701H,duplicate_match,different
74256,b47e758b-be89-4504-9f71-c598f8dd3337,Transformer,PowerTransformer,1,16H 345kV-1kV,131247,QALSW_1_5,QALSW,131250,QALSW_16_1KV,QALSW,16H,QALSW_16H,60112124.0,QALSW_16H,,,1,Transformer,QALSW_1_5,QALSW_16_1KV,QALSW_16H,,duplicate_match,different
74946,6c4f7901-970f-4852-947e-44004c41f9aa,Branch,ACLineSegment,16,BNTMIS16_A A 16 69kV,48171,BENTON16TP_9,BNT,48177,MINING16TP_9,MIS,A,BNTMIS16_A,60003419.0,BNTMIS16A,,,16,Line,MINING16TP_9,BENTON16TP_9,BNTMIS16_A,A,duplicate_match,different
74946,6c4f7901-970f-4852-947e-44004c41f9aa,Branch,ACLineSegment,16,BNTMIS16_A A 16 69kV,48171,BENTON16TP_9,BNT,48177,MINING16TP_9,MIS,A,BNTMIS16_A,60084575.0,MINMIS16A,,,SR,Line,MINING_RAD16,MINING__69X,MINMIS16_A,A,duplicate_match,different
79945,7e271b47-ff21-485e-b2ca-939b526f7c7e,Transformer,PowerTransformer,1,T1 138kV-69kV,6110,EASTMUND4A,EASTMUND,6108,EASTMUND2A,EASTMUND,T1,EASTMUND_T1,60029454.0,EASTMUND_T1_L,,,1,Transformer,EASTMUND4A,EASTMUND2A,EASTMUND_T1_L,T1_L,duplicate_match,different
79945,7e271b47-ff21-485e-b2ca-939b526f7c7e,Transformer,PowerTransformer,1,T1 138kV-69kV,6110,EASTMUND4A,EASTMUND,6108,EASTMUND2A,EASTMUND,T1,EASTMUND_T1,60110970.0,EASTMUND_T1_H,,,1,Transformer,EASTMUND4A,EASTMUND2A,EASTMUND_T1_H,,duplicate_match,different
81773,faa74211-d472-4a97-82e8-a54dd1ba869b,Transformer,PowerTransformer,2,AT1 138kV-69kV,7621,L_NIXON_8_1Y,NIXON,7617,L_NIXON_9_1Y,NIXON,AT1,NIXON_AT1,60008270.0,NIXON_ATH,,,2,Transformer,L_NIXON_8_1Y,L_NIXON_9_1Y,NIXON_ATH,ATH,duplicate_match,different
81773,faa74211-d472-4a97-82e8-a54dd1ba869b,Transformer,PowerTransformer,2,AT1 138kV-69kV,7621,L_NIXON_8_1Y,NIXON,7617,L_NIXON_9_1Y,NIXON,AT1,NIXON_AT1,60052616.0,NIXON_ATL,,,2,Transformer,L_NIXON_8_1Y,L_NIXON_9_1Y,NIXON_ATL,ATL,duplicate_match,different
81961,a84cbc4b-e007-49a8-8c02-65d494154d2a,Branch,ACLineSegment,1,13010_A _A 1 138kV,18662,WISHBONE_P8,WSHPD,23837,BUFFALO,BUFFALO,_A,13010__A,60008228.0,BUFFALO_SLSRAN,,,1,Line,SLSRANCH,BUFFALO,BUFFALO_SLSRAN_1,1,duplicate_match,different
81961,a84cbc4b-e007-49a8-8c02-65d494154d2a,Branch,ACLineSegment,1,13010_A _A 1 138kV,18662,WISHBONE_P8,WSHPD,23837,BUFFALO,BUFFALO,_A,13010__A,60089991.0,13010_A,,,1,Line,WISHBONE_P8,BUFFALO,13010__A,_A,duplicate_match,different
82196,90ebfef4-7831-44e3-b2a3-e0712863767e,Transformer,PowerTransformer,1,MVT1 138kV-34.5kV,160694,REDFISH_8,REDFISH,160691,REDFISH_G1,REDFISH,MVT1,REDFISH_MVT1,60112575.0,REDFISH_MVT1,,,1,Transformer,REDFISH_G1,REDFISH_8,REDFISH_MVT1,,duplicate_match,different
82196,90ebfef4-7831-44e3-b2a3-e0712863767e,Transformer,PowerTransformer,1,MVT1 138kV-34.5kV,160694,REDFISH_8,REDFISH,160691,REDFISH_G1,REDFISH,MVT1,REDFISH_MVT1,60006907.0,REDFISH_MV1_T1,,,1,Transformer,REDFISH_G1,REDFISH_8,REDFISH_MV1_T1,MV1_T1,duplicate_match,different
82355,cd15f8d0-b71c-4707-8e91-84453d8e07b1,Branch,ACLineSegment,1,1075_B _B 1 138kV,2036,KELLER2_T8,KLRTP,15100,PARKVISTA1_8,PVPOI,_B,1075__B,60008381.0,1055_O,,,1,Line,PARKVISTA1_8,KELLER2_T8,1055__O,_O,duplicate_match,different
82355,cd15f8d0-b71c-4707-8e91-84453d8e07b1,Branch,ACLineSegment,1,1075_B _B 1 138kV,2036,KELLER2_T8,KLRTP,15100,PARKVISTA1_8,PVPOI,_B,1075__B,60092052.0,1075_B,,,1,Line,KELLER2_T8,PARKVISTA1_8,1075__B,_B,duplicate_match,different
83880,207cbf9e-8aa3-470a-8dc4-a9bcb69b61f3,Transformer,PowerTransformer,1,FMR3 345kV-34.5kV,160295,PENA3_1_5,PENA3,160293,PENA_UNIT3,PENA3,FMR3,PENA3_FMR3,60006675.0,PENA3_PENASCALXFMR3,,,1,Transformer,PENA_UNIT3,PENA3_1_5,PENA3_PENASCALXFMR3,PENASCALXFMR3,duplicate_match,different
83880,207cbf9e-8aa3-470a-8dc4-a9bcb69b61f3,Transformer,PowerTransformer,1,FMR3 345kV-34.5kV,160295,PENA3_1_5,PENA3,160293,PENA_UNIT3,PENA3,FMR3,PENA3_FMR3,60112564.0,PENA3_FMR3,,,1,Transformer,PENA_UNIT3,PENA3_1_5,PENA3_FMR3,,duplicate_match,different
84411,0fa4a976-6f74-41ab-a37b-6bbf77490b88,Transformer,PowerTransformer,1,T1 69kV-34.5kV,140332,MOZART_1_9,MOZART,140331,MOZART_WIND1,MOZART,T1,MOZART_T1,60006252.0,MOZART_T1_H,,,1,Transformer,MOZART_WIND1,MOZART_1_9,MOZART_T1_H,T1_H,duplicate_match,different
84411,0fa4a976-6f74-41ab-a37b-6bbf77490b88,Transformer,PowerTransformer,1,T1 69kV-34.5kV,140332,MOZART_1_9,MOZART,140331,MOZART_WIND1,MOZART,T1,MOZART_T1,60112264.0,MOZART_T1,,,1,Transformer,MOZART_WIND1,MOZART_1_9,MOZART_T1,,duplicate_match,different
86577,9e74cb74-e7d0-4725-a7fd-243e4350bc29,Transformer,PowerTransformer,2,FMR2 69kV-138kV,788,OLNEY9,OLN,787,OLNEY8,OLN,FMR2,OLN_FMR2,60006533.0,OLN_XFMR22,,,2,Transformer,OLNEY8,OLNEY9,OLN_XFMR22,XFMR22,duplicate_match,different
86577,9e74cb74-e7d0-4725-a7fd-243e4350bc29,Transformer,PowerTransformer,2,FMR2 69kV-138kV,788,OLNEY9,OLN,787,OLNEY8,OLN,FMR2,OLN_FMR2,60054627.0,OLN_XFMR21,,,2,Transformer,OLNEY8,OLNEY9,OLN_XFMR21,XFMR21,duplicate_match,different
87861,21a33c88-df22-4dfc-a49e-eeedf336fafc,Branch,ACLineSegment,1,BRINKR_RC138KV_1 1 1 138kV,6868,BRINKER,BRINKRRC,11797,BRINKER_A8,BRPOI,1,BRINKR_RC138KV_1,60008102.0,BRINKR_RC138kV,,,1,Line,BRINKER,BRINKER_A8,BRINKR_RC138kV_1,1,duplicate_match,different
87861,21a33c88-df22-4dfc-a49e-eeedf336fafc,Branch,ACLineSegment,1,BRINKR_RC138KV_1 1 1 138kV,6868,BRINKER,BRINKRRC,11797,BRINKER_A8,BRPOI,1,BRINKR_RC138KV_1,60019490.0,BRINKR_RC138KV1,,,1,Line,BRINKER,BRINKER_A8,BRINKR_RC138KV_1,1,duplicate_match,different
90864,7d2e9428-492f-4c8f-ab5c-6b6950f70dda,Transformer,PowerTransformer,1,FMF1 69kV-138kV,39704,TNFM524___0,FM524,39703,TNFM524___1,FM524,FMF1,FM524_FMF1,60032560.0,FM524_FMF524FMF1_B,,,1,Transformer,TNFM524___1,TNFM524___0,FM524_FMF524FMF1_B,FMF524FMF1_B,duplicate_match,different
90864,7d2e9428-492f-4c8f-ab5c-6b6950f70dda,Transformer,PowerTransformer,1,FMF1 69kV-138kV,39704,TNFM524___0,FM524,39703,TNFM524___1,FM524,FMF1,FM524_FMF1,60008279.0,FM524_FMF524FMF1_A,,,1,Transformer,TNFM524___1,TNFM524___0,FM524_FMF524FMF1_A,FMF524FMF1_A,duplicate_match,different
92293,cf525acf-ed7a-4f4e-9b95-18ff3b59bcec,Transformer,PowerTransformer,2,FMR2 138kV-69kV,1339,ESKOTA_8,ESKSW,1340,ESKOTA_9,ESKSW,FMR2,ESKSW_FMR2,60030928.0,ESKSW_AXFMR2L,,,2,Transformer,ESKOTA_8,ESKOTA_9,ESKSW_AXFMR2L,AXFMR2L,duplicate_match,different
92293,cf525acf-ed7a-4f4e-9b95-18ff3b59bcec,Transformer,PowerTransformer,2,FMR2 138kV-69kV,1339,ESKOTA_8,ESKSW,1340,ESKOTA_9,ESKSW,FMR2,ESKSW_FMR2,60110703.0,ESKSW_AXFMR2H,,,2,Transformer,ESKOTA_9,ESKOTA_8,ESKSW_AXFMR2H,,duplicate_match,different
97351,0847fe04-9632-4714-9278-a8279d636dfd,Branch,ACLineSegment,1,SHT_SHIL_1 1 1 69kV,853,SHILOHTP,SHILOHTP,854,SHILOH9,SHILOH,1,SHT_SHIL_1,60008886.0,SHT_SHIL1,,,1,Line,SHILOHTP,SHILOH9,SHT_SHIL_1,1,duplicate_match,different
97351,0847fe04-9632-4714-9278-a8279d636dfd,Branch,ACLineSegment,1,SHT_SHIL_1 1 1 69kV,853,SHILOHTP,SHILOHTP,854,SHILOH9,SHILOH,1,SHT_SHIL_1,60007189.0,SHI_TEMP,,,1,Line,GPLTEMP,SHILOH9,SHI_TEMP_1,1,duplicate_match,different
97895,6c0356ab-0d9e-4728-aa3c-267904f54eb5,Transformer,PowerTransformer,1,AT1 138kV-69kV,77074,L_SASASW8_1Y,SASASW,7074,L_SASASW9_1Y,SASASW,AT1,SASASW_AT1,60111019.0,SASASW_ATH,,,1,Transformer,L_SASASW8_1Y,L_SASASW9_1Y,SASASW_ATH,,duplicate_match,different
97895,6c0356ab-0d9e-4728-aa3c-267904f54eb5,Transformer,PowerTransformer,1,AT1 138kV-69kV,77074,L_SASASW8_1Y,SASASW,7074,L_SASASW9_1Y,SASASW,AT1,SASASW_AT1,60063376.0,SASASW_ATL,,,1,Transformer,L_SASASW8_1Y,L_SASASW9_1Y,SASASW_ATL,ATL,duplicate_match,different
97913,aaab6aa3-2bd8-4246-a4e4-e7da13e75273,Transformer,PowerTransformer,1,7TR1 345kV-138kV,23873,TELPH_RD345,TELPH_RD,23862,TELPH_RD,TELPH_RD,7TR1,TELPH_RD_7TR1,60068821.0,TELPH_RD_TPR7TR1L,,,1,Transformer,TELPH_RD,TELPH_RD345,TELPH_RD_TPR7TR1L,TPR7TR1L,duplicate_match,different
97913,aaab6aa3-2bd8-4246-a4e4-e7da13e75273,Transformer,PowerTransformer,1,7TR1 345kV-138kV,23873,TELPH_RD345,TELPH_RD,23862,TELPH_RD,TELPH_RD,7TR1,TELPH_RD_7TR1,60111322.0,TELPH_RD_TPR7TR1H,,,1,Transformer,TELPH_RD345,TELPH_RD,TELPH_RD_TPR7TR1H,,duplicate_match,different
98521,17a183d4-f917-4156-b886-a799529ea657,Branch,ACLineSegment,1,651T651_1 1 1 138kV,76389,L_MASOCT8_1Y,MASOCT,76390,L_FORTMA8_1N,FORTMA,1,651T651_1,60009280.0,651T6511,,,1,Line,L_MASOCT8_1Y,L_FORTMA8_1N,651T651_1,1,duplicate_match,different
98521,17a183d4-f917-4156-b886-a799529ea657,Branch,ACLineSegment,1,651T651_1 1 1 138kV,76389,L_MASOCT8_1Y,MASOCT,76390,L_FORTMA8_1N,FORTMA,1,651T651_1,60001641.0,52T268,,,1,Line,L_MASOCT8_1Y,L_FORTMA8_1N,52T268_1,1,duplicate_match,different
99469,2e31bdeb-aa18-44fe-a09c-b6a582b1a710,Branch,ACLineSegment,1,LFTN_COTRD_1 1 1 69kV,1605,CWDRDSW1_9,CRDSW,33776,LOFTIN,LOFTIN,1,LFTN_COTRD_1,60080352.0,BRI_COTRD1,,,1,Line,,,BRI_COTRD_1,1,duplicate_match,different
99469,2e31bdeb-aa18-44fe-a09c-b6a582b1a710,Branch,ACLineSegment,1,LFTN_COTRD_1 1 1 69kV,1605,CWDRDSW1_9,CRDSW,33776,LOFTIN,LOFTIN,1,LFTN_COTRD_1,60005816.0,LFTN_COTRD1,,,1,Line,LOFTIN,CWDRDSW1_9,LFTN_COTRD_1,1,duplicate_match,different
100188,36801119-9733-4efb-877d-ba42a1d87c93,Transformer,PowerTransformer,2,KAT2 138kV-69kV,37900,TNWINK____1,WINK,37920,TNWINK____0,WINK,KAT2,WINK_KAT2,60074821.0,WINK_WINKAT2,,,2,Transformer,TNWINK____1,TNWINK____0,WINK_WINKAT2,WINKAT2,duplicate_match,different
100188,36801119-9733-4efb-877d-ba42a1d87c93,Transformer,PowerTransformer,2,KAT2 138kV-69kV,37900,TNWINK____1,WINK,37920,TNWINK____0,WINK,KAT2,WINK_KAT2,60111397.0,WINK_WINKAT2B,,,2,Transformer,TNWINK____0,TNWINK____1,WINK_WINKAT2B,,duplicate_match,different
101307,c4865ec3-b900-4387-9e07-241bfe78cf8b,Transformer,PowerTransformer,1,69A1 138kV-69kV,8152,NCARBIDE4A,NCARBIDE,8149,NCARBIDE2A,NCARBIDE,69A1,NCARBIDE_69A1,60006344.0,NCARBIDE_138_69A1_H,,,1,Transformer,NCARBIDE4A,NCARBIDE2A,NCARBIDE_138_69A1_H,138_69A1_H,duplicate_match,different
101307,c4865ec3-b900-4387-9e07-241bfe78cf8b,Transformer,PowerTransformer,1,69A1 138kV-69kV,8152,NCARBIDE4A,NCARBIDE,8149,NCARBIDE2A,NCARBIDE,69A1,NCARBIDE_69A1,60052039.0,NCARBIDE_138_69A1_L,,,1,Transformer,NCARBIDE2A,NCARBIDE4A,NCARBIDE_138_69A1_L,138_69A1_L,duplicate_match,different
108985,e958a469-b9ef-480f-b96e-5d2088648921,Transformer,PowerTransformer,1,PS1 138kV-138kV,8183,THOMASTN4A,THOMASTN,89450,THOMASTN4B,THOMASTN,PS1,THOMASTN_PS1,60007513.0,THOMASTN_SR,,,1,Transformer,THOMASTN4A,THOMASTN4B,THOMASTN_SR,SR,duplicate_match,different
108985,e958a469-b9ef-480f-b96e-5d2088648921,Transformer,PowerTransformer,1,PS1 138kV-138kV,8183,THOMASTN4A,THOMASTN,89450,THOMASTN4B,THOMASTN,PS1,THOMASTN_PS1,60069205.0,THOMASTN_LD,,,1,Transformer,THOMASTN4A,THOMASTN4B,THOMASTN_LD,LD,duplicate_match,different
109333,dd7e3075-d5b8-4c1a-90b1-aaa036058325,Transformer,PowerTransformer,1,T1 138kV-34.5kV,160831,EXGNWTL,EXGNWTL,160832,EXG_WIND_1,EXGNWTL,T1,EXGNWTL_T1,60004637.0,EXGNWTL_T1H,,,1,Transformer,EXGNWTL,EXG_WIND_1,EXGNWTL_T1H,T1H,duplicate_match,different
109333,dd7e3075-d5b8-4c1a-90b1-aaa036058325,Transformer,PowerTransformer,1,T1 138kV-34.5kV,160831,EXGNWTL,EXGNWTL,160832,EXG_WIND_1,EXGNWTL,T1,EXGNWTL_T1,60112578.0,EXGNWTL_T1,,,1,Transformer,EXGNWTL,EXG_WIND_1,EXGNWTL_T1,,duplicate_match,different
111535,ffe54c61-a9fb-4081-8e70-f59c78960fdd,Transformer,PowerTransformer,A2,AT2 138kV-1kV,40855,JORDAN__B138,JOR,49113,JORDAN_A2STR,JOR,AT2,JOR_AT2,60084850.0,NAVAL_BS_5350_CB_69,,,,breaker,,,NAVAL_BS_5350_CB_69,5350_CB,duplicate_match,different
111535,ffe54c61-a9fb-4081-8e70-f59c78960fdd,Transformer,PowerTransformer,A2,AT2 138kV-1kV,40855,JORDAN__B138,JOR,49113,JORDAN_A2STR,JOR,AT2,JOR_AT2,60111428.0,JOR_AT2_H,,,A2,Transformer,JORDAN__B138,JORDAN_A2STR,JOR_AT2_H,,duplicate_match,different
113628,615c5b53-e25e-421e-b4fe-a76957d703f2,Transformer,PowerTransformer,A2,AT2H 345kV-1kV,43030,MEADOW__B345,MDO,49133,MEADOW_A2STR,MDO,AT2H,MDO_AT2H,60111477.0,MDO_AT2H_H,,,A2,Transformer,MEADOW__B345,MEADOW_A2STR,MDO_AT2H_H,,duplicate_match,different
113628,615c5b53-e25e-421e-b4fe-a76957d703f2,Transformer,PowerTransformer,A2,AT2H 345kV-1kV,43030,MEADOW__B345,MDO,49133,MEADOW_A2STR,MDO,AT2H,MDO_AT2H,60083323.0,JEWET_CB_1814_138,,,,breaker,,,JEWET_CB_1814_138,CB_1814,duplicate_match,different
113629,927ba8bb-21f4-4c34-b688-cea78e2eddb1,Transformer,PowerTransformer,A2,AT2 138kV-1kV,43032,MEADOW_B138B,MDO,49133,MEADOW_A2STR,MDO,AT2,MDO_AT2,60111478.0,MDO_AT2_H,,,A2,Transformer,MEADOW_B138B,MEADOW_A2STR,MDO_AT2_H,,duplicate_match,different
113629,927ba8bb-21f4-4c34-b688-cea78e2eddb1,Transformer,PowerTransformer,A2,AT2 138kV-1kV,43032,MEADOW_B138B,MDO,49133,MEADOW_A2STR,MDO,AT2,MDO_AT2,60083297.0,JEWET_1804_138,,,,breaker,,,JEWET_1804_138,1804,duplicate_match,different
114569,40ae4024-924e-4fed-88c5-aa216b652a86,Branch,SeriesCompensator,S2,1,131453,KEO_2_8,KEO,131454,KEO_3_8,KEO,1,138_LIGON_PAT_1,60088816.0,X31,,,S2,Line,,,X3_1,1,duplicate_match,different
114569,40ae4024-924e-4fed-88c5-aa216b652a86,Branch,SeriesCompensator,S2,1,131453,KEO_2_8,KEO,131454,KEO_3_8,KEO,1,138_LIGON_PAT_1,60000340.0,138_LIGON_PAT1,,,S2,Line,KEO_3_8,KEO_2_8,138_LIGON_PAT_1,1,duplicate_match,different
121320,81489935-2ead-4946-a7f7-6b7146131eb6,Branch,ACLineSegment,1,CAMWINDTL_1 1 1 138kV,5761,PAREDESSW8,PAREDES,160981,CAMWIND_8,CAMWIND,1,CAMWINDTL_1,60008024.0,CAMWINDTL1,,,1,Line,CAMWIND_8,PAREDESSW8,CAMWINDTL_1,1,duplicate_match,different
121320,81489935-2ead-4946-a7f7-6b7146131eb6,Branch,ACLineSegment,1,CAMWINDTL_1 1 1 138kV,5761,PAREDESSW8,PAREDES,160981,CAMWIND_8,CAMWIND,1,CAMWINDTL_1,60087550.0,SRF_J330_69,,,,breaker,SURFSI__69X,,SRF_J330_69,J330,duplicate_match,different
125352,100f9441-d1e0-4856-80a1-0a49a11c2881,Transformer,PowerTransformer,2,69A2 138kV-69kV,8190,NCARBIDE4B,NCARBIDE,80135,NCARBIDE2B,NCARBIDE,69A2,NCARBIDE_69A2,60052040.0,NCARBIDE_138_69A2_L,,,2,Transformer,NCARBIDE2B,NCARBIDE4B,NCARBIDE_138_69A2_L,138_69A2_L,duplicate_match,different
125352,100f9441-d1e0-4856-80a1-0a49a11c2881,Transformer,PowerTransformer,2,69A2 138kV-69kV,8190,NCARBIDE4B,NCARBIDE,80135,NCARBIDE2B,NCARBIDE,69A2,NCARBIDE_69A2,60006345.0,NCARBIDE_138_69A2_H,,,2,Transformer,NCARBIDE2B,NCARBIDE4B,NCARBIDE_138_69A2_H,138_69A2_H,duplicate_match,different
131445,f2e3b04b-df99-488d-b596-cba45250723c,Branch,ACLineSegment,1,NOVICT_TALPAA1_1 1 1 69kV,6342,NOVC2A,NOVICTAP,6343,TALPATL2A,TALPAATL,1,NOVICT_TALPAA1_1,60006418.0,NOVICT_TALPAA11,,,1,Line,NOVC2A,TALPATL2A,NOVICT_TALPAA1_1,1,duplicate_match,different
131445,f2e3b04b-df99-488d-b596-cba45250723c,Branch,ACLineSegment,1,NOVICT_TALPAA1_1 1 1 69kV,6342,NOVC2A,NOVICTAP,6343,TALPATL2A,TALPAATL,1,NOVICT_TALPAA1_1,60080644.0,CCTPAT_NOVICT11,,,1,Line,CCTPATL2,NOVC2A,CCTPAT_NOVICT1_1,1,duplicate_match,different
133566,73e9d84d-3e6d-40ae-83a3-bd28206afb44,Transformer,PowerTransformer,1,FMR1 138kV-69kV,830,SHILOH,SHILOH,854,SHILOH9,SHILOH,FMR1,SHILOH_FMR1,60064745.0,SHILOH_LOWSIDE,,,1,Transformer,SHILOH,SHILOH9,SHILOH_LOWSIDE,LOWSIDE,duplicate_match,different
133566,73e9d84d-3e6d-40ae-83a3-bd28206afb44,Transformer,PowerTransformer,1,FMR1 138kV-69kV,830,SHILOH,SHILOH,854,SHILOH9,SHILOH,FMR1,SHILOH_FMR1,60110637.0,SHILOH_HIGHSIDE,,,1,Transformer,SHILOH9,SHILOH,SHILOH_HIGHSIDE,,duplicate_match,different
185308,6415fb07-0f7a-4dc2-b74b-b77c6953ca32,Branch,ACLineSegment,2,GILA_HIWAY_2_1 2 2 138kV,8470,HIWAY_94A,HIWAY_9,80260,GILA4A,GILA,2,GILA_HIWAY_2_2,60034982.0,GILA_HIWAY_22,,,2,Line,GILA4A,HIWAY_94A,GILA_HIWAY_2_2,2,duplicate_match,different
185308,6415fb07-0f7a-4dc2-b74b-b77c6953ca32,Branch,ACLineSegment,2,GILA_HIWAY_2_1 2 2 138kV,8470,HIWAY_94A,HIWAY_9,80260,GILA4A,GILA,2,GILA_HIWAY_2_2,60005044.0,GILA_HIWAY_2,,,2,Line,HIWAY_94A,GILA4A,GILA_HIWAY_2_1,1,duplicate_match,different
186600,6c4fa19c-5b6b-4f10-9362-8be9fdeb345a,Branch,ACLineSegment,1,16030_B _B 1 138kV,11345,SLGRLAKE_8,SLPOD,23866,RINGO,RINGO,_B,16030__B,60010965.0,SLPOD_RINGO,,,1,Line,SLGRLAKE_8,RINGO,SLPOD_RINGO_1,1,duplicate_match,different
186600,6c4fa19c-5b6b-4f10-9362-8be9fdeb345a,Branch,ACLineSegment,1,16030_B _B 1 138kV,11345,SLGRLAKE_8,SLPOD,23866,RINGO,RINGO,_B,16030__B,60091191.0,16030_B,,,1,Line,SLGRLAKE_8,RINGO,16030__B,_B,duplicate_match,different
186677,2eb044dd-2000-405f-a96b-602eda541d03,Branch,ACLineSegment,1,16035_A _A 1 138kV,23866,RINGO,RINGO,23868,SU_STILES,STILES,_A,16035__A,60008513.0,RINGO_STILES,,,1,Line,RINGO,SU_STILES,RINGO_STILES_1,1,duplicate_match,different
186677,2eb044dd-2000-405f-a96b-602eda541d03,Branch,ACLineSegment,1,16035_A _A 1 138kV,23866,RINGO,RINGO,23868,SU_STILES,STILES,_A,16035__A,60091193.0,16035_A,,,1,Line,SU_STILES,RINGO,16035__A,_A,duplicate_match,different
188100,020f425f-2e45-4344-8dd5-248116df6e7e,Branch,ACLineSegment,1,182T580_1 1 1 138kV,78580,L_NIXOAE8_1Y,NIXOAE,78582,L_GILLET8_1Y,GILLET,1,182T580_1,60008504.0,182T5801,,,1,Line,L_NIXOAE8_1Y,L_GILLET8_1Y,182T580_1,1,duplicate_match,different
188100,020f425f-2e45-4344-8dd5-248116df6e7e,Branch,ACLineSegment,1,182T580_1 1 1 138kV,78580,L_NIXOAE8_1Y,NIXOAE,78582,L_GILLET8_1Y,GILLET,1,182T580_1,60081347.0,CUERHY_20329_69,,,,disconnector,L_CUERHY9_1Y,,CUERHY_20329_69,20329,duplicate_match,different
188513,3c3308bb-3ceb-475c-9bd1-85c6deb22b16,Branch,ACLineSegment,2,HILL_MAR_2_1 1 2 345kV,5211,HILLCTY_5,HILLCTRY,7044,L_MARION5_1Y,MARION,1,HILL_MAR_2_1,60008655.0,HILL_MAR_21,,,2,Line,HILLCTY_5,L_MARION5_1Y,HILL_MAR_2_1,1,duplicate_match,different
188513,3c3308bb-3ceb-475c-9bd1-85c6deb22b16,Branch,ACLineSegment,2,HILL_MAR_2_1 1 2 345kV,5211,HILLCTY_5,HILLCTRY,7044,L_MARION5_1Y,MARION,1,HILL_MAR_2_1,60085928.0,PLEASANT_DSC_2372_69,,,,disconnector,,,PLEASANT_DSC_2372_69,DSC_2372,duplicate_match,different
191599,c547c7a7-8ca8-4110-b683-4a934233ff8e,Branch,SeriesCompensator,SC,28,68010,ROMNEY1_W,ROMNEY,68020,ROMNEY1_E,ROMNEY,28,ROMNEY1_28,60006994.0,ROMNEY1,,,SC,Line,ROMNEY1_W,ROMNEY1_E,ROMNEY1_4Q3128,4Q3128,duplicate_match,different
191599,c547c7a7-8ca8-4110-b683-4a934233ff8e,Branch,SeriesCompensator,SC,28,68010,ROMNEY1_W,ROMNEY,68020,ROMNEY1_E,ROMNEY,28,ROMNEY1_28,60061570.0,ROMNEY128,,,,Line,,,ROMNEY1_28,28,duplicate_match,different
196167,cd978a4a-44f5-4c8b-b910-dbaa01d31a3e,Transformer,PowerTransformer,X1,T1 345kV-34.5kV,140903,WAKE_5,WAKEWE,140901,WAKE_UNIT1,WAKEWE,T1,WAKEWE_T1,60088546.0,WHOUS_3127_138,,,,disconnector,,,WHOUS_3127_138,3127,duplicate_match,different
196167,cd978a4a-44f5-4c8b-b910-dbaa01d31a3e,Transformer,PowerTransformer,X1,T1 345kV-34.5kV,140903,WAKE_5,WAKEWE,140901,WAKE_UNIT1,WAKEWE,T1,WAKEWE_T1,60112287.0,WAKEWE_T1H,,,X1,Transformer,WAKE_UNIT1,WAKE_5,WAKEWE_T1H,,duplicate_match,different
196470,49182a2c-77a4-44b7-99b4-f8afc58d31ef,Transformer,PowerTransformer,X2,T2 345kV-34.5kV,140903,WAKE_5,WAKEWE,140902,WAKE_UNIT2,WAKEWE,T2,WAKEWE_T2,60088719.0,WOODROW_W311_69,,,,disconnector,,,WOODROW_W311_69,W311,duplicate_match,different
196470,49182a2c-77a4-44b7-99b4-f8afc58d31ef,Transformer,PowerTransformer,X2,T2 345kV-34.5kV,140903,WAKE_5,WAKEWE,140902,WAKE_UNIT2,WAKEWE,T2,WAKEWE_T2,60112286.0,WAKEWE_T2H,,,X2,Transformer,WAKE_UNIT2,WAKE_5,WAKEWE_T2H,,duplicate_match,different
198761,9d51b599-f4ea-44d4-891f-c8e79cf7ae70,Branch,ACLineSegment,1,ESMERA_WOLFBE1_1 1 1 138kV,6525,ESMERALD4A,ESMERALD,60375,WOLFBERR2A,WOLFBERR,1,ESMERA_WOLFBE1_1,60008682.0,ESMERA_WOLFBE11,,,1,Line,ESMERALD4A,WOLFBERR2A,ESMERA_WOLFBE1_1,1,duplicate_match,different
198761,9d51b599-f4ea-44d4-891f-c8e79cf7ae70,Branch,ACLineSegment,1,ESMERA_WOLFBE1_1 1 1 138kV,6525,ESMERALD4A,ESMERALD,60375,WOLFBERR2A,WOLFBERR,1,ESMERA_WOLFBE1_1,60087627.0,STNVL_4062_138,,,,disconnector,,,STNVL_4062_138,4062,duplicate_match,different
200491,c6987451-1ec4-42e6-af2b-58606cdc663b,Branch,SeriesCompensator,SC,09,68050,ROMNEY2_W,ROMNEY,68060,ROMNEY2_E,ROMNEY,09,ROMNEY2_09,60006995.0,ROMNEY2,,,SC,Line,ROMNEY2_W,ROMNEY2_E,ROMNEY2_4Q3109,4Q3109,duplicate_match,different
200491,c6987451-1ec4-42e6-af2b-58606cdc663b,Branch,SeriesCompensator,SC,09,68050,ROMNEY2_W,ROMNEY,68060,ROMNEY2_E,ROMNEY,09,ROMNEY2_09,60061571.0,ROMNEY209,,,,Line,,,ROMNEY2_09,09,duplicate_match,different
206317,6d8b989e-39f5-4b83-aadb-07dc0277a61c,Branch,ACLineSegment,1,ABERNA_WHITRVR_1 1 1 345kV,20023,ABERNATH,ABERNATH,20101,WHITRVR_TEMP,WHIT_RVR,1,ABERNA_WHITRVR_1,60080928.0,CNSES_3042_138,,,,disconnector,,,CNSES_3042_138,3042,duplicate_match,different
206317,6d8b989e-39f5-4b83-aadb-07dc0277a61c,Branch,ACLineSegment,1,ABERNA_WHITRVR_1 1 1 345kV,20023,ABERNATH,ABERNATH,20101,WHITRVR_TEMP,WHIT_RVR,1,ABERNA_WHITRVR_1,60008222.0,ABERNA_WHITRVR1,,,1,Line,ABERNATH,WHITRVR_TEMP,ABERNA_WHITRVR_1,1,duplicate_match,different
207211,b8f260a3-155d-4e9b-83a0-b537e4926332,Branch,ACLineSegment,1,700__E _E 1 138kV,3197,TYLERSW_8,TYLSW,3139,TYLERWES_8,TYWST,_E,700__E,60008398.0,700_E,,,1,Line,TYLERSW_8,TYLRKLLY_8,700__E,_E,duplicate_match,different
207211,b8f260a3-155d-4e9b-83a0-b537e4926332,Branch,ACLineSegment,1,700__E _E 1 138kV,3197,TYLERSW_8,TYLSW,3139,TYLERWES_8,TYWST,_E,700__E,60085067.0,NLARSW_DS1303_SW_138,,,,disconnector,,,NLARSW_DS1303_SW_138,DS1303_SW,duplicate_match,different
207862,3e39fbe9-b960-4216-b965-33376a90d079,Transformer,PowerTransformer,1,1001 138kV-13.8kV,110474,FORCFB_1_8,FORMOSA,110467,FO_FORMOSG11,FORMOSA,1001,FORMOSA_1001,60111811.0,FORMOSA_1001,,,1,Transformer,FO_FORMOSG11,FORCFB_1_8,FORMOSA_1001,,duplicate_match,different
207862,3e39fbe9-b960-4216-b965-33376a90d079,Transformer,PowerTransformer,1,1001 138kV-13.8kV,110474,FORCFB_1_8,FORMOSA,110467,FO_FORMOSG11,FORMOSA,1001,FORMOSA_1001,60082194.0,FORCFB_TR-1001,,,1,Transformer,FO_FORMOSG11,FORCFB_1_8,FORCFB_TR-1001,TR-1001,duplicate_match,different
207881,a31a539a-e85e-45c5-b283-f38266a196df,Transformer,PowerTransformer,2,1002 138kV-13.8kV,110475,FORCFB_2_8,FORMOSA,110469,FO_FORMOSG12,FORMOSA,1002,FORMOSA_1002,60082195.0,FORCFB_TR-1002,,,2,Transformer,FO_FORMOSG12,FORCFB_2_8,FORCFB_TR-1002,TR-1002,duplicate_match,different
207881,a31a539a-e85e-45c5-b283-f38266a196df,Transformer,PowerTransformer,2,1002 138kV-13.8kV,110475,FORCFB_2_8,FORMOSA,110469,FO_FORMOSG12,FORMOSA,1002,FORMOSA_1002,60111813.0,FORMOSA_1002,,,2,Transformer,FO_FORMOSG12,FORCFB_2_8,FORMOSA_1002,,duplicate_match,different
207889,2ac1edd2-8aee-45ff-a92c-7dfe9d20c6c7,Transformer,PowerTransformer,1,2001 138kV-13.8kV,110474,FORCFB_1_8,FORMOSA,110468,FORCFB_1,FORMOSA,2001,FORMOSA_2001,60111810.0,FORMOSA_2001,,,1,Transformer,FORCFB_1,FORCFB_1_8,FORMOSA_2001,,duplicate_match,different
207889,2ac1edd2-8aee-45ff-a92c-7dfe9d20c6c7,Transformer,PowerTransformer,1,2001 138kV-13.8kV,110474,FORCFB_1_8,FORMOSA,110468,FORCFB_1,FORMOSA,2001,FORMOSA_2001,60082196.0,FORCFB_TR-2001,,,1,Transformer,FORCFB_1,FORCFB_1_8,FORCFB_TR-2001,TR-2001,duplicate_match,different
207908,df2f6bf1-6cc0-483a-a4da-8bc5b3604d71,Transformer,PowerTransformer,2,2002 138kV-13.8kV,110475,FORCFB_2_8,FORMOSA,110470,FORCFB_2,FORMOSA,2002,FORMOSA_2002,60111812.0,FORMOSA_2002,,,2,Transformer,FORCFB_2,FORCFB_2_8,FORMOSA_2002,,duplicate_match,different
207908,df2f6bf1-6cc0-483a-a4da-8bc5b3604d71,Transformer,PowerTransformer,2,2002 138kV-13.8kV,110475,FORCFB_2_8,FORMOSA,110470,FORCFB_2,FORMOSA,2002,FORMOSA_2002,60082197.0,FORCFB_TR-2002,,,2,Transformer,FORCFB_2,FORCFB_2_8,FORCFB_TR-2002,TR-2002,duplicate_match,different
208470,9638d782-5e1d-4360-b316-8afe81e73d69,Branch,ACLineSegment,1,NEDIN_REDTAP1_1 1 1 138kV,88380,RGTAP4A,REDTAP,8380,NEDIN4A,NEDIN,1,NEDIN_REDTAP1_1,60081357.0,CUERHY_20351_69,,,,disconnector,L_CUERHY9_1Y,,CUERHY_20351_69,20351,duplicate_match,different
208470,9638d782-5e1d-4360-b316-8afe81e73d69,Branch,ACLineSegment,1,NEDIN_REDTAP1_1 1 1 138kV,88380,RGTAP4A,REDTAP,8380,NEDIN4A,NEDIN,1,NEDIN_REDTAP1_1,60008125.0,NEDIN_REDTAP11,,,1,Line,NEDIN4A,RGTAP4A,NEDIN_REDTAP1_1,1,duplicate_match,different
209229,0338ba6c-a83e-49ed-bb0f-6df07b0a1456,Branch,ACLineSegment,1,VANHUMBLSW2SUB_1 1 1 69kV,5579,VANHUMBLSUB9,VANHUM,5580,VANHUMBLESW9,VANHUMSW,1,VANHUMBLSW2SUB_1,60083110.0,HSS_7536_69,,,,disconnector,HASTNG__9005,,HSS_7536_69,7536,duplicate_match,different
209229,0338ba6c-a83e-49ed-bb0f-6df07b0a1456,Branch,ACLineSegment,1,VANHUMBLSW2SUB_1 1 1 69kV,5579,VANHUMBLSUB9,VANHUM,5580,VANHUMBLESW9,VANHUMSW,1,VANHUMBLSW2SUB_1,60008020.0,VANHUMBLSW2SUB1,,,1,Line,VANHUMBLSUB9,VANHUMBLESW9,VANHUMBLSW2SUB_1,1,duplicate_match,different
211408,e4507a33-a0a7-41f1-864e-c27639a0dd45,Branch,ACLineSegment,1,ABEAST_ABPOWE1_1 1 1 69kV,6277,ABEAST2B,ABEAST,6282,ABPOWERS2A,ABPOWERS,1,ABEAST_ABPOWE1_1,60002834.0,ABEA_ABPG1,,,1,Line,ABEA2B,ABPG2A,ABEA_ABPG1_1,1,duplicate_match,different
211408,e4507a33-a0a7-41f1-864e-c27639a0dd45,Branch,ACLineSegment,1,ABEAST_ABPOWE1_1 1 1 69kV,6277,ABEAST2B,ABEAST,6282,ABPOWERS2A,ABPOWERS,1,ABEAST_ABPOWE1_1,60009074.0,ABEAST_ABPOWE11,,,1,Line,ABEAST2B,ABPOWERS2A,ABEAST_ABPOWE1_1,1,duplicate_match,different
211789,070d0f1f-af36-4fe1-a860-424586691757,Branch,ACLineSegment,1,NWTH_WTLK_1 1 1 138kV,505,WTHFDLK,WTHFDLK8,512,NRTHWTHFRD,NWTHRFRD,1,NWTH_WTLK_1,60008361.0,NWTH_WTLK1,,,1,Line,NRTHWTHFRD,WTHFDLK,NWTH_WTLK_1,1,duplicate_match,different
211789,070d0f1f-af36-4fe1-a860-424586691757,Branch,ACLineSegment,1,NWTH_WTLK_1 1 1 138kV,505,WTHFDLK,WTHFDLK8,512,NRTHWTHFRD,NWTHRFRD,1,NWTH_WTLK_1,60083403.0,JTS_2536_69,,,,disconnector,JULIFF__69X,,JTS_2536_69,2536,duplicate_match,different
213086,b1724970-e921-41d0-9340-6d7ffe34cddc,Branch,ACLineSegment,1,AIR_LI_LANTAN1_1 1 1 69kV,8959,AIR_LIQC2A,AIR_LIQC,8965,LANTANA2A,LANTANA,1,AIR_LI_LANTAN1_1,60008155.0,AIR_LI_LANTAN11,,,1,Line,AIR_LIQC2A,LANTANA2A,AIR_LI_LANTAN1_1,1,duplicate_match,different
213086,b1724970-e921-41d0-9340-6d7ffe34cddc,Branch,ACLineSegment,1,AIR_LI_LANTAN1_1 1 1 69kV,8959,AIR_LIQC2A,AIR_LIQC,8965,LANTANA2A,LANTANA,1,AIR_LI_LANTAN1_1,60087521.0,SRB_P182_138,,,,disconnector,S_R_B___138C,,SRB_P182_138,P182,duplicate_match,different
217805,dd7e52ab-660c-4f8f-8d10-d3119a9704a5,Transformer,PowerTransformer,2,MVT2 138kV-34.5kV,160694,REDFISH_8,REDFISH,160693,REDFISH_G2,REDFISH,MVT2,REDFISH_MVT2,60006908.0,REDFISH_MV1_T2,,,2,Transformer,REDFISH_G2,REDFISH_8,REDFISH_MV1_T2,MV1_T2,duplicate_match,different
217805,dd7e52ab-660c-4f8f-8d10-d3119a9704a5,Transformer,PowerTransformer,2,MVT2 138kV-34.5kV,160694,REDFISH_8,REDFISH,160693,REDFISH_G2,REDFISH,MVT2,REDFISH_MVT2,60112574.0,REDFISH_MVT2,,,2,Transformer,REDFISH_G2,REDFISH_8,REDFISH_MVT2,,duplicate_match,different
218594,19437cd0-f403-44e3-9f64-1ced536dac26,Branch,SeriesCompensator,SC,23,68030,KOPPRL1W,KOPPERL,68040,KOPPRL1E,KOPPERL,23,KOPPERL1_23,60042831.0,KOPPERL123,,,,Line,,,KOPPERL1_23,23,duplicate_match,different
218594,19437cd0-f403-44e3-9f64-1ced536dac26,Branch,SeriesCompensator,SC,23,68030,KOPPRL1W,KOPPERL,68040,KOPPRL1E,KOPPERL,23,KOPPERL1_23,60005687.0,KOPPERL1,,,SC,Line,KOPPRL1W,KOPPRL1E,KOPPERL1_5Q3123,5Q3123,duplicate_match,different
219180,66a406ad-d334-4e1e-85fa-b762ff12a2c7,Branch,SeriesCompensator,SC,07,68070,KOPPRL2W,KOPPERL,68080,KOPPRL2E,KOPPERL,07,KOPPERL2_07,60005688.0,KOPPERL2,,,SC,Line,KOPPRL2W,KOPPRL2E,KOPPERL2_5Q3107,5Q3107,duplicate_match,different
219180,66a406ad-d334-4e1e-85fa-b762ff12a2c7,Branch,SeriesCompensator,SC,07,68070,KOPPRL2W,KOPPERL,68080,KOPPRL2E,KOPPERL,07,KOPPERL2_07,60042832.0,KOPPERL207,,,,Line,,,KOPPERL2_07,07,duplicate_match,different
223507,95f8bd3a-1360-4e74-a11e-7838953f6854,Transformer,PowerTransformer,1,7TR1 345kV-138kV,79500,PALMITO345,PALMITO,900122,PALMITO138,PALMITO,7TR1,PALMITO_7TR1,60055300.0,PALMITO_PLM7TR1,,,1,Transformer,PALMITO138,PALMITO345,PALMITO_PLM7TR1,PLM7TR1,duplicate_match,different
223507,95f8bd3a-1360-4e74-a11e-7838953f6854,Transformer,PowerTransformer,1,7TR1 345kV-138kV,79500,PALMITO345,PALMITO,900122,PALMITO138,PALMITO,7TR1,PALMITO_7TR1,60008265.0,PALMITO_PLM7TR1H,,,1,Transformer,PALMITO138,PALMITO345,PALMITO_PLM7TR1H,PLM7TR1H,duplicate_match,different
223983,bbd870ff-b55f-43f5-b50e-97e83ee6517b,Transformer,PowerTransformer,1,T1 138kV-69kV,8234,UVALDE4A,UVALDE,8231,UVALDE2A,UVALDE,T1,UVALDE_T1,60111072.0,UVALDE_T1_H,,,1,Transformer,UVALDE4A,UVALDE2A,UVALDE_T1_H,,duplicate_match,different
223983,bbd870ff-b55f-43f5-b50e-97e83ee6517b,Transformer,PowerTransformer,1,T1 138kV-69kV,8234,UVALDE4A,UVALDE,8231,UVALDE2A,UVALDE,T1,UVALDE_T1,60071780.0,UVALDE_T1_L,,,1,Transformer,UVALDE4A,UVALDE2A,UVALDE_T1_L,T1_L,duplicate_match,different
225795,d9e3e6ca-0e94-472b-992a-e5eb2f21f13e,Transformer,PowerTransformer,1,7TR1 345kV-138kV,23875,EINSTEIN345,EINSTEIN,23852,EINSTEIN138,EINSTEIN,7TR1,EINSTEIN_7TR1,60029972.0,EINSTEIN_ENS7TR1,,,1,Transformer,EINSTEIN345,EINSTEIN138,EINSTEIN_ENS7TR1,ENS7TR1,duplicate_match,different
225795,d9e3e6ca-0e94-472b-992a-e5eb2f21f13e,Transformer,PowerTransformer,1,7TR1 345kV-138kV,23875,EINSTEIN345,EINSTEIN,23852,EINSTEIN138,EINSTEIN,7TR1,EINSTEIN_7TR1,60008577.0,EINSTEIN_ENS7TR1H,,,1,Transformer,EINSTEIN345,EINSTEIN138,EINSTEIN_ENS7TR1H,ENS7TR1H,duplicate_match,different
226170,f3ed578e-d7e1-4d2c-9aea-7ee570f6d752,Transformer,PowerTransformer,1,T1 138kV-34.5kV,181452,ANACACHO,ANACACHO,181451,ANACACHO_ANA,ANACACHO,T1,ANACACHO_T1,60003047.0,ANACACHO_ANA_T1,,,1,Transformer,ANACACHO_ANA,ANACACHO,ANACACHO_ANA_T1,ANA_T1,duplicate_match,different
226170,f3ed578e-d7e1-4d2c-9aea-7ee570f6d752,Transformer,PowerTransformer,1,T1 138kV-34.5kV,181452,ANACACHO,ANACACHO,181451,ANACACHO_ANA,ANACACHO,T1,ANACACHO_T1,60112796.0,ANACACHO_T1,,,1,Transformer,ANACACHO_ANA,ANACACHO,ANACACHO_T1,,duplicate_match,different
227602,1bdb8e97-97d9-4d09-8946-3ec420803fc0,Transformer,PowerTransformer,1,T1 345kV-34.5kV,150753,TRINITY_1_5,TRINITY,150751,TRI_TH1_BUS1,TRINITY,T1,TRINITY_T1,60112417.0,TRINITY_T1,,,1,Transformer,TRI_TH1_BUS1,TRINITY_1_5,TRINITY_T1,,duplicate_match,different
227602,1bdb8e97-97d9-4d09-8946-3ec420803fc0,Transformer,PowerTransformer,1,T1 345kV-34.5kV,150753,TRINITY_1_5,TRINITY,150751,TRI_TH1_BUS1,TRINITY,T1,TRINITY_T1,60007611.0,TRINITY_T1_H,,,1,Transformer,TRI_TH1_BUS1,TRINITY_1_5,TRINITY_T1_H,T1_H,duplicate_match,different
228551,6252e21d-a6db-4fd8-8bab-9f67ad255a95,Transformer,PowerTransformer,2,T2 345kV-34.5kV,150753,TRINITY_1_5,TRINITY,150752,TRI_TH1_BUS2,TRINITY,T2,TRINITY_T2,60007612.0,TRINITY_T2_H,,,2,Transformer,TRI_TH1_BUS2,TRINITY_1_5,TRINITY_T2_H,T2_H,duplicate_match,different
228551,6252e21d-a6db-4fd8-8bab-9f67ad255a95,Transformer,PowerTransformer,2,T2 345kV-34.5kV,150753,TRINITY_1_5,TRINITY,150752,TRI_TH1_BUS2,TRINITY,T2,TRINITY_T2,60112416.0,TRINITY_T2,,,2,Transformer,TRI_TH1_BUS2,TRINITY_1_5,TRINITY_T2,,duplicate_match,different
255036,604af05b-ab39-4799-ab43-e6cc720a3931,Transformer,PowerTransformer,1,AUT1 138kV-69kV,6564,ILLN4A,ILLN,6565,ILLN2A,ILLN,AUT1,ILLN_AUT1,60039915.0,ILLN_138_69_AUTO1_L,,,1,Transformer,ILLN2A,ILLN4A,ILLN_138_69_AUTO1_L,138_69_AUTO1_L,duplicate_match,different
255036,604af05b-ab39-4799-ab43-e6cc720a3931,Transformer,PowerTransformer,1,AUT1 138kV-69kV,6564,ILLN4A,ILLN,6565,ILLN2A,ILLN,AUT1,ILLN_AUT1,60110998.0,ILLN_138_69_AUTO1_H,,,1,Transformer,ILLN2A,ILLN4A,ILLN_138_69_AUTO1_H,,duplicate_match,different
256181,b47806e4-cd96-4569-86f7-4fa13d2f5c83,Transformer,PowerTransformer,1,AT1 138kV-69kV,7595,L_DEERCR8_1Y,DEERCR,7597,L_DEERCR9_1Y,DEERCR,AT1,DEERCR_AT1,60008269.0,DEERCR_ATH,,,1,Transformer,L_DEERCR9_1Y,L_DEERCR8_1Y,DEERCR_ATH,ATH,duplicate_match,different
256181,b47806e4-cd96-4569-86f7-4fa13d2f5c83,Transformer,PowerTransformer,1,AT1 138kV-69kV,7595,L_DEERCR8_1Y,DEERCR,7597,L_DEERCR9_1Y,DEERCR,AT1,DEERCR_AT1,60027706.0,DEERCR_ATL,,,1,Transformer,L_DEERCR9_1Y,L_DEERCR8_1Y,DEERCR_ATL,ATL,duplicate_match,different
257871,26f39562-e214-4711-825f-86f0d2dd1216,Transformer,PowerTransformer,1,AUT1 138kV-69kV,8962,LYTLE4A,LYTLE2,8622,LYTLE2A,LYTLE2,AUT1,LYTLE2_AUT1,60047274.0,LYTLE2_138_69_1_L,,,1,Transformer,LYTLE2A,LYTLE4A,LYTLE2_138_69_1_L,138_69_1_L,duplicate_match,different
257871,26f39562-e214-4711-825f-86f0d2dd1216,Transformer,PowerTransformer,1,AUT1 138kV-69kV,8962,LYTLE4A,LYTLE2,8622,LYTLE2A,LYTLE2,AUT1,LYTLE2_AUT1,60111104.0,LYTLE2_138_69_1_H,,,1,Transformer,LYTLE4A,LYTLE2A,LYTLE2_138_69_1_H,,duplicate_match,different
257884,7b99479f-2426-40f6-a5c6-7a63a8159119,Branch,ACLineSegment,1,DEVINE_LYTLE21_1 1 1 69kV,8223,DEVINE2A,DEVINE,8622,LYTLE2A,LYTLE2,1,DEVINE_LYTLE21_1,60100827.0,DEVINE_LYTLE211,,,1,Line,DEVINE2A,LYTLE2A,DEVINE_LYTLE21_1,1,duplicate_match,different
257884,7b99479f-2426-40f6-a5c6-7a63a8159119,Branch,ACLineSegment,1,DEVINE_LYTLE21_1 1 1 69kV,8223,DEVINE2A,DEVINE,8622,LYTLE2A,LYTLE2,1,DEVINE_LYTLE21_1,60004283.0,DEVINE_LYTLE21_OldTeid,,,1,Line,DEVINE2A,LYTLE22A,DEVINE_LYTLE21_1_OldTeid,1,duplicate_match,different
262424,3c63cc3b-858a-4bed-bc96-09254e17cb82,Branch,ACLineSegment,1,SKY1_ROCKIS_1 1 1 138kV,57640,ROCKISLANSB8,ROCKIS,170403,SKY1_8,SKY1,1,SKY1_ROCKIS_1,60085092.0,NORDWE_DSW_23961_69,,,,disconnector,L_NORDWE9_1Y,,NORDWE_DSW_23961_69,DSW_23961,duplicate_match,different
262424,3c63cc3b-858a-4bed-bc96-09254e17cb82,Branch,ACLineSegment,1,SKY1_ROCKIS_1 1 1 138kV,57640,ROCKISLANSB8,ROCKIS,170403,SKY1_8,SKY1,1,SKY1_ROCKIS_1,60008115.0,SKY1_ROCKIS1,,,1,Line,ROCKISLANSB8,SKY1_8,SKY1_ROCKIS_1,1,duplicate_match,different
262428,6b0669d1-542d-4b6a-abd8-be50335f1ef3,Transformer,PowerTransformer,1,GSU1 138kV-13.8kV,170403,SKY1_8,SKY1,170401,SKY1_GA,SKY1,GSU1,SKY1_GSU1,60112701.0,SKY1_GSU1,,,1,Transformer,SKY1_GA,SKY1_8,SKY1_GSU1,,duplicate_match,different
262428,6b0669d1-542d-4b6a-abd8-be50335f1ef3,Transformer,PowerTransformer,1,GSU1 138kV-13.8kV,170403,SKY1_8,SKY1,170401,SKY1_GA,SKY1,GSU1,SKY1_GSU1,60085097.0,NORDWE_DSW_23971_69,,,,disconnector,L_NORDWE9_1Y,,NORDWE_DSW_23971_69,DSW_23971,duplicate_match,different
273492,278e949b-8614-4a07-90af-34f0195d6a33,Transformer,PowerTransformer,1,CHOT 138kV-69kV,5728,CHOATESUB8,CHOATE,5729,CHOATESUB9,CHOATE,CHOT,CHOATE_CHOT,60003818.0,CHOATE_HIGH,,,1,Transformer,CHOATESUB9,CHOATESUB8,CHOATE_HIGH,HIGH,duplicate_match,different
273492,278e949b-8614-4a07-90af-34f0195d6a33,Transformer,PowerTransformer,1,CHOT 138kV-69kV,5728,CHOATESUB8,CHOATE,5729,CHOATESUB9,CHOATE,CHOT,CHOATE_CHOT,60023299.0,CHOATE_LOW,,,1,Transformer,CHOATESUB9,CHOATESUB8,CHOATE_LOW,LOW,duplicate_match,different
274394,322974a6-17b5-42e8-b46c-7a26c2a52915,Transformer,PowerTransformer,7,0003 345kV-230kV,141607,AEEC_5,AEEC,141606,ANTLP_0,AEEC,0003,AEEC_0003,60112305.0,AEEC_0003,,,7,Transformer,ANTLP_0,AEEC_5,AEEC_0003,,duplicate_match,different
274394,322974a6-17b5-42e8-b46c-7a26c2a52915,Transformer,PowerTransformer,7,0003 345kV-230kV,141607,AEEC_5,AEEC,141606,ANTLP_0,AEEC,0003,AEEC_0003,60013501.0,AEEC_0003_L,,,7,Transformer,AEEC_5,ANTLP_0,AEEC_0003_L,0003_L,duplicate_match,different
277336,2baee831-e44f-4786-8bfa-6d66670f6ef7,Transformer,PowerTransformer,1,MPX 138kV-34.5kV,170382,OCI_ALM_HIGH,OCI_ALM1,170381,OCI_ALM1_G1,OCI_ALM1,MPX,OCI_ALM1_MPX,60112699.0,OCI_ALM1_MPX,,,1,Transformer,OCI_ALM_HIGH,OCI_ALM1_G1,OCI_ALM1_MPX,,duplicate_match,different
277336,2baee831-e44f-4786-8bfa-6d66670f6ef7,Transformer,PowerTransformer,1,MPX 138kV-34.5kV,170382,OCI_ALM_HIGH,OCI_ALM1,170381,OCI_ALM1_G1,OCI_ALM1,MPX,OCI_ALM1_MPX,60006481.0,OCI_ALM1_MPXH,,,1,Transformer,OCI_ALM_HIGH,OCI_ALM1_G1,OCI_ALM1_MPXH,MPXH,duplicate_match,different
278956,9a59bd5b-d8b5-4570-8de2-8268b771c956,Transformer,PowerTransformer,1,P2T1 345kV-34.5kV,131753,PC_SOUTH_1_5,PC_SOUTH,131751,PC__PANTHER2,PC_SOUTH,P2T1,PC_SOUTH_P2T1,60112131.0,PC_SOUTH_P2T1,,,1,Transformer,PC__PANTHER2,PC_SOUTH_1_5,PC_SOUTH_P2T1,,duplicate_match,different
278956,9a59bd5b-d8b5-4570-8de2-8268b771c956,Transformer,PowerTransformer,1,P2T1 345kV-34.5kV,131753,PC_SOUTH_1_5,PC_SOUTH,131751,PC__PANTHER2,PC_SOUTH,P2T1,PC_SOUTH_P2T1,60006641.0,PC_SOUTH_PC2_T1,,,1,Transformer,PC__PANTHER2,PC_SOUTH_1_5,PC_SOUTH_PC2_T1,PC2_T1,duplicate_match,different
278957,8ea6f7ac-30ef-426b-a481-a32330532f26,Transformer,PowerTransformer,1,FMR1 138kV-13.8kV,1694,TENASKA_8,TNSKA,140051,TNSKA_GT1,TNSKA,FMR1,TNSKA_FMR1,60110725.0,TNSKA_FMR1,,,1,Transformer,TENASKA_8,TNSKA_GT1,TNSKA_FMR1,,duplicate_match,different
278957,8ea6f7ac-30ef-426b-a481-a32330532f26,Transformer,PowerTransformer,1,FMR1 138kV-13.8kV,1694,TENASKA_8,TNSKA,140051,TNSKA_GT1,TNSKA,FMR1,TNSKA_FMR1,60087924.0,TNSKA_UXFMR1,,,1,Transformer,,,TNSKA_UXFMR1,UXFMR1,duplicate_match,different
278959,1c8c9bb4-2dae-4b24-a526-1132d75fd1f6,Transformer,PowerTransformer,1,WHTL 138kV-34.5kV,140282,WHTTAIL_1_8,WHTTAIL,140281,WHTTAIL_WR1,WHTTAIL,WHTL,WHTTAIL_WHTL,60112263.0,WHTTAIL_WHTL,,,1,Transformer,WHTTAIL_WR1,WHTTAIL_1_8,WHTTAIL_WHTL,,duplicate_match,different
278959,1c8c9bb4-2dae-4b24-a526-1132d75fd1f6,Transformer,PowerTransformer,1,WHTL 138kV-34.5kV,140282,WHTTAIL_1_8,WHTTAIL,140281,WHTTAIL_WR1,WHTTAIL,WHTL,WHTTAIL_WHTL,60088561.0,WHTTAIL_WHTL_T1,,,1,Transformer,,,WHTTAIL_WHTL_T1,WHTL_T1,duplicate_match,different
278963,0de4af09-d36c-450c-bca7-7d1a17a0c1d6,Transformer,PowerTransformer,1,XFMR 69kV-34.5kV,140082,WEC_1_8,WEC,140081,WEC_WECG1,WEC,XFMR,WEC_XFMR,60112261.0,WEC_XFMR,,,1,Transformer,WEC_WECG1,WEC_1_8,WEC_XFMR,,duplicate_match,different
278963,0de4af09-d36c-450c-bca7-7d1a17a0c1d6,Transformer,PowerTransformer,1,XFMR 69kV-34.5kV,140082,WEC_1_8,WEC,140081,WEC_WECG1,WEC,XFMR,WEC_XFMR,60007791.0,WEC_WECXFMR1,,,1,Transformer,WEC_WECG1,WEC_1_8,WEC_WECXFMR1,WECXFMR1,duplicate_match,different
278965,b298b84c-c4ce-4959-946d-5a2b1e597b24,Transformer,PowerTransformer,1,FMR1 345kV-18kV,140077,KMCHI_1_5,KMCHI,140072,KMCHI_1CT201,KMCHI,FMR1,KMCHI_FMR1,60083533.0,KMCHI_1CT201,,,1,Transformer,,,KMCHI_1CT201,1CT201,duplicate_match,different
278965,b298b84c-c4ce-4959-946d-5a2b1e597b24,Transformer,PowerTransformer,1,FMR1 345kV-18kV,140077,KMCHI_1_5,KMCHI,140072,KMCHI_1CT201,KMCHI,FMR1,KMCHI_FMR1,60112259.0,KMCHI_FMR1,,,1,Transformer,KMCHI_1CT201,KMCHI_1_5,KMCHI_FMR1,,duplicate_match,different
278980,745ea6ed-95bc-4711-999c-fc1fbf2d4e0c,Transformer,PowerTransformer,1,FMR1 138kV-69kV,1450,PLEASVAL1_8,PLVSW,1451,PLEASVAL1_9,PLVSW,FMR1,PLVSW_FMR1,60057168.0,PLVSW_AXFMR1-L,,,1,Transformer,PLEASVAL1_9,PLEASVAL1_8,PLVSW_AXFMR1-L,AXFMR1-L,duplicate_match,different
278980,745ea6ed-95bc-4711-999c-fc1fbf2d4e0c,Transformer,PowerTransformer,1,FMR1 138kV-69kV,1450,PLEASVAL1_8,PLVSW,1451,PLEASVAL1_9,PLVSW,FMR1,PLVSW_FMR1,60110713.0,PLVSW_AXFMR1-H,,,1,Transformer,PLEASVAL1_9,PLEASVAL1_8,PLVSW_AXFMR1-H,,duplicate_match,different
278981,39c9d31c-099a-4142-aea3-4ad59b04b40f,Transformer,PowerTransformer,1,PCT1 345kV-34.5kV,131352,PC_NORTH_1_5,PC_NORTH,131351,PC__PANTHER1,PC_NORTH,PCT1,PC_NORTH_PCT1,60006640.0,PC_NORTH_PC1_T1,,,1,Transformer,PC__PANTHER1,PC_NORTH_1_5,PC_NORTH_PC1_T1,PC1_T1,duplicate_match,different
278981,39c9d31c-099a-4142-aea3-4ad59b04b40f,Transformer,PowerTransformer,1,PCT1 345kV-34.5kV,131352,PC_NORTH_1_5,PC_NORTH,131351,PC__PANTHER1,PC_NORTH,PCT1,PC_NORTH_PCT1,60112127.0,PC_NORTH_P1T1,,,1,Transformer,PC__PANTHER1,PC_NORTH_1_5,PC_NORTH_P1T1,,duplicate_match,different
278983,72610ae2-5dff-4875-ae69-ccaa96b0dcfc,Transformer,PowerTransformer,T3,FMR1 138kV-13.8kV,1891,DECRDOVA_8,DCSES,150721,DCSES_CT10,DCSES,FMR1,DCSES_FMR1,60081453.0,DCSES_UCXFMR1,,,2,Transformer,,,DCSES_UCXFMR1,UCXFMR1,duplicate_match,different
278983,72610ae2-5dff-4875-ae69-ccaa96b0dcfc,Transformer,PowerTransformer,T3,FMR1 138kV-13.8kV,1891,DECRDOVA_8,DCSES,150721,DCSES_CT10,DCSES,FMR1,DCSES_FMR1,60110752.0,DCSES_FMR1,,,T3,Transformer,DECRDOVA_8,DCSES_CT10,DCSES_FMR1,,duplicate_match,different
278990,51ee8a9f-0958-4096-99ef-330be8b0f255,Transformer,PowerTransformer,3,FMR1 138kV-34.5kV,180455,BUFF_GAP_2_8,BUFF_GAP,180451,BUFF_G_UNIT1,BUFF_GAP,FMR1,BUFF_GAP_FMR1,60003543.0,BUFF_GAP_UXFMR1,,,3,Transformer,BUFF_G_UNIT1,BUFF_GAP_2_8,BUFF_GAP_UXFMR1,UXFMR1,duplicate_match,different
278990,51ee8a9f-0958-4096-99ef-330be8b0f255,Transformer,PowerTransformer,3,FMR1 138kV-34.5kV,180455,BUFF_GAP_2_8,BUFF_GAP,180451,BUFF_G_UNIT1,BUFF_GAP,FMR1,BUFF_GAP_FMR1,60112770.0,BUFF_GAP_FMR1,,,3,Transformer,BUFF_G_UNIT1,BUFF_GAP_2_8,BUFF_GAP_FMR1,,duplicate_match,different
278991,d75a50eb-9ee7-4a9e-adc9-443c67220092,Transformer,PowerTransformer,10,SGT1 138kV-13.8kV,59300,PWRPLANT,SILASRAY,160274,SIL_SILAS_10,SILASRAY,SGT1,SILASRAY_SGT1,60007211.0,SILASRAY_GSU-10,,,10,Transformer,PWRPLANT,SIL_SILAS_10,SILASRAY_GSU-10,GSU-10,duplicate_match,different
278991,d75a50eb-9ee7-4a9e-adc9-443c67220092,Transformer,PowerTransformer,10,SGT1 138kV-13.8kV,59300,PWRPLANT,SILASRAY,160274,SIL_SILAS_10,SILASRAY,SGT1,SILASRAY_SGT1,60111644.0,SILASRAY_SGT1,,,10,Transformer,PWRPLANT,SIL_SILAS_10,SILASRAY_SGT1,,duplicate_match,different
278992,d5d534d6-ddfc-4cfc-b56e-3ff897d67989,Transformer,PowerTransformer,1,GSU1 138kV-11.5kV,170022,AUSTDAM8,AUSTPL,170021,AUS_AUSTING1,AUSTPL,GSU1,AUSTPL_GSU1,60112665.0,AUSTPL_GSU1,,,1,Transformer,AUS_AUSTING1,AUSTDAM8,AUSTPL_GSU1,,duplicate_match,different
278992,d5d534d6-ddfc-4cfc-b56e-3ff897d67989,Transformer,PowerTransformer,1,GSU1 138kV-11.5kV,170022,AUSTDAM8,AUSTPL,170021,AUS_AUSTING1,AUSTPL,GSU1,AUSTPL_GSU1,60003131.0,AUSTPL_AUSGSUT1,,,1,Transformer,AUSTDAM8,AUS_AUSTING1,AUSTPL_AUSGSUT1,AUSGSUT1,duplicate_match,different
278998,35052206-b6b3-436d-a735-cb97157bd8e3,Transformer,PowerTransformer,1,69_4 138kV-69kV,5895,PEARSALLSUB8,PEARSALL,5893,PEARSALLSW9,PEARSALL,69_4,PEARSALL_69_4,60115059.0,PEARSALL_138_69_4_L,,,1,Transformer,PEARSALLSW9,PEARSALLSUB8,PEARSALL_138_69_4_L,138_69_4_L,duplicate_match,different
278998,35052206-b6b3-436d-a735-cb97157bd8e3,Transformer,PowerTransformer,1,69_4 138kV-69kV,5895,PEARSALLSUB8,PEARSALL,5893,PEARSALLSW9,PEARSALL,69_4,PEARSALL_69_4,60006657.0,PEARSALL_138_69_4,,,1,Transformer,PEARSALLSUB8,PEARSALLSW9,PEARSALL_138_69_4,138_69_4,duplicate_match,different
279001,d47014ac-0291-4923-ad12-7d18d7c82000,Transformer,PowerTransformer,1,381H 345kV-1kV,8455,LONHILL7A,LON_HILL,8449,LH1DUM,LON_HILL,381H,LON_HILL_381H,60005908.0,LON_HILL_345_1381H,,,1,Transformer,LH1DUM,LONHILL7A,LON_HILL_345_1381H,345_1381H,duplicate_match,different
279001,d47014ac-0291-4923-ad12-7d18d7c82000,Transformer,PowerTransformer,1,381H 345kV-1kV,8455,LONHILL7A,LON_HILL,8449,LH1DUM,LON_HILL,381H,LON_HILL_381H,60010005.0,LON_HILL_345_1381H_H,,,1,Transformer,LH1DUM,LONHILL7A,LON_HILL_345_1381H_H,345_1381H_H,duplicate_match,different
279005,34e90efb-89f0-4e4e-8e76-6cc18a833d23,Transformer,PowerTransformer,1,381L 138kV-1kV,84521,LON_HILL4B,LON_HILL,8449,LH1DUM,LON_HILL,381L,LON_HILL_381L,60005909.0,LON_HILL_345_1381L,,,1,Transformer,LH1DUM,LON_HILL4A,LON_HILL_345_1381L,345_1381L,duplicate_match,different
279005,34e90efb-89f0-4e4e-8e76-6cc18a833d23,Transformer,PowerTransformer,1,381L 138kV-1kV,84521,LON_HILL4B,LON_HILL,8449,LH1DUM,LON_HILL,381L,LON_HILL_381L,60010054.0,LON_HILL_345_1381L_H,,,1,Transformer,LH1DUM,LON_HILL4B,LON_HILL_345_1381L_H,345_1381L_H,duplicate_match,different
279008,033e6109-1620-49d3-8c6f-3e17461dcf7e,Transformer,PowerTransformer,1,69A1 69kV-138kV,8427,ARANSASP2A,ARANSASP,8430,ARANSASP4A,ARANSASP,69A1,ARANSASP_69A1,60003080.0,ARANSAS_138_69A1,,,1,Transformer,,,ARANSAS_138_69A1,138_69A1,duplicate_match,different
279008,033e6109-1620-49d3-8c6f-3e17461dcf7e,Transformer,PowerTransformer,1,69A1 69kV-138kV,8427,ARANSASP2A,ARANSASP,8430,ARANSASP4A,ARANSASP,69A1,ARANSASP_69A1,60111090.0,ARANSASP_138_69A1,,,1,Transformer,ARANSASP2A,ARANSASP4A,ARANSASP_138_69A1,,duplicate_match,different
279020,a58c6e4e-7594-4e19-9634-fd38ece502fd,Transformer,PowerTransformer,1,T903 138kV-13.8kV,58959,PEARSALLSCB8,PEARSAL2,160076,PEARSA_ENG13,PEARSAL2,T903,PEARSAL2_T903,60085756.0,PEARSAL2_AET903,,,1,Transformer,,,PEARSAL2_AET903,AET903,duplicate_match,different
279020,a58c6e4e-7594-4e19-9634-fd38ece502fd,Transformer,PowerTransformer,1,T903 138kV-13.8kV,58959,PEARSALLSCB8,PEARSAL2,160076,PEARSA_ENG13,PEARSAL2,T903,PEARSAL2_T903,60111620.0,PEARSAL2_T903,,,1,Transformer,PEARSALLSCB8,PEARSA_ENG13,PEARSAL2_T903,,duplicate_match,different
279022,70add8a5-d8ed-42b4-8d59-4fdb6e26eccc,Transformer,PowerTransformer,1,GSU1 138kV-13.8kV,110684,DUPV1_1_8,DUPV1,110681,DUP_DUPV1_G1,DUPV1,GSU1,DUPV1_GSU1,60111838.0,DUPV1_GSU1,,,1,Transformer,DUP_DUPV1_G1,DUPV1_1_8,DUPV1_GSU1,,duplicate_match,different
279022,70add8a5-d8ed-42b4-8d59-4fdb6e26eccc,Transformer,PowerTransformer,1,GSU1 138kV-13.8kV,110684,DUPV1_1_8,DUPV1,110681,DUP_DUPV1_G1,DUPV1,GSU1,DUPV1_GSU1,60081729.0,DUPV1_COGEN_STEPUP,,,1,Transformer,DUPV1_1_8,DUP_DUPV1_G1,DUPV1_COGEN_STEPUP,COGEN_STEPUP,duplicate_match,different
279023,57976769-7d5e-49b4-ad38-80fb7925b138,Transformer,PowerTransformer,1,FMR1 345kV-21kV,1939,MDLTHELP_S5,MDANP,150151,MDANP_CT1,MDANP,FMR1,MDANP_FMR1,60110766.0,MDANP_FMR1,,,1,Transformer,MDLTHELP_S5,MDANP_CT1,MDANP_FMR1,,duplicate_match,different
279023,57976769-7d5e-49b4-ad38-80fb7925b138,Transformer,PowerTransformer,1,FMR1 345kV-21kV,1939,MDLTHELP_S5,MDANP,150151,MDANP_CT1,MDANP,FMR1,MDANP_FMR1,60084397.0,MDANP_UCXFMR1_H,,,1,Transformer,,,MDANP_UCXFMR1_H,UCXFMR1_H,duplicate_match,different
279039,caa2fbce-d7ed-4cdb-b98e-96d46ec5a68d,Transformer,PowerTransformer,1,FMR1 69kV-13kV,936,DIESEL_D,DIESEL,952,DIESELA,DIESEL,FMR1,DIESEL_FMR1,60004298.0,DIESEL_GSUXFMR1,,,1,Transformer,DIESEL_D,DIESELA,DIESEL_GSUXFMR1,GSUXFMR1,duplicate_match,different
279039,caa2fbce-d7ed-4cdb-b98e-96d46ec5a68d,Transformer,PowerTransformer,1,FMR1 69kV-13kV,936,DIESEL_D,DIESEL,952,DIESELA,DIESEL,FMR1,DIESEL_FMR1,60010358.0,DIESEL_FMR1,,,1,Transformer,DIESELA,DIESEL_D,DIESEL_FMR1,FMR1,duplicate_match,different
279044,42673f2a-6d74-40da-873c-0c6654ee6f64,Transformer,PowerTransformer,G1,XT1 138kV-13.8kV,110483,SJS_1_8,SJS,110481,SJS_SJS_G1,SJS,XT1,SJS_XT1,60111815.0,SJS_XT1,,,G1,Transformer,SJS_SJS_G1,SJS_1_8,SJS_XT1,,duplicate_match,different
279044,42673f2a-6d74-40da-873c-0c6654ee6f64,Transformer,PowerTransformer,G1,XT1 138kV-13.8kV,110483,SJS_1_8,SJS,110481,SJS_SJS_G1,SJS,XT1,SJS_XT1,60087339.0,SJS_SJSXT1_,,,G1,Transformer,SJS_SJS_G1,SJS_1_8,SJS_SJSXT1_,SJSXT1_,duplicate_match,different
279047,45308af3-d857-48fd-87f6-5e80e4d6fc87,Transformer,PowerTransformer,1,FMR1 69kV-138kV,3408,ELM_MOTT__9,ELMOT,3407,ELM_MOTT__8,ELMOT,FMR1,ELMOT_FMR1,60030287.0,ELMOT_AXFMR1H,,,1,Transformer,ELM_MOTT__9,ELM_MOTT__8,ELMOT_AXFMR1H,AXFMR1H,duplicate_match,different
279047,45308af3-d857-48fd-87f6-5e80e4d6fc87,Transformer,PowerTransformer,1,FMR1 69kV-138kV,3408,ELM_MOTT__9,ELMOT,3407,ELM_MOTT__8,ELMOT,FMR1,ELMOT_FMR1,60110859.0,ELMOT_AXFMR1L,,,1,Transformer,ELM_MOTT__8,ELM_MOTT__9,ELMOT_AXFMR1L,,duplicate_match,different
279049,303c4df5-73d3-4437-aa36-cca0b9a099e4,Transformer,PowerTransformer,2,T2 138kV-13.8kV,8154,VISTRON4B,VISTRON,110861,VISTRON_TG1,VISTRON,T2,VISTRON_T2,60011065.0,VISTRON_T2,,,2,Transformer,VISTRON4B,VISTRON_TG1,VISTRON_T2,T2,duplicate_match,different
279049,303c4df5-73d3-4437-aa36-cca0b9a099e4,Transformer,PowerTransformer,2,T2 138kV-13.8kV,8154,VISTRON4B,VISTRON,110861,VISTRON_TG1,VISTRON,T2,VISTRON_T2,60007726.0,VISTRON_NB-9302B,,,2,Transformer,VISTRON4A,VISTRON_TG1,VISTRON_NB-9302B,NB-9302B,duplicate_match,different
279052,3d1e98b2-cfd3-4b6d-a304-c08cb3db91e3,Transformer,PowerTransformer,1,GSU1 345kV-18kV,39950,TNTNP_ONE_3,TNP_ONE,120071,TNP__TNP_O_1,TNP_ONE,GSU1,TNP_ONE_GSU1,60007586.0,TNP_ONE_TNP1GSU1,,,1,Transformer,TNP__TNP_O_1,TNTNP_ONE_3,TNP_ONE_TNP1GSU1,TNP1GSU1,duplicate_match,different
279052,3d1e98b2-cfd3-4b6d-a304-c08cb3db91e3,Transformer,PowerTransformer,1,GSU1 345kV-18kV,39950,TNTNP_ONE_3,TNP_ONE,120071,TNP__TNP_O_1,TNP_ONE,GSU1,TNP_ONE_GSU1,60111407.0,TNP_ONE_GSU1,,,1,Transformer,TNTNP_ONE_3,TNP__TNP_O_1,TNP_ONE_GSU1,,duplicate_match,different
279053,c81c574b-06c4-4dbb-90fb-a2f829156f73,Transformer,PowerTransformer,1,T1 138kV-13.8kV,8145,VISTRON4A,VISTRON,110862,VISTRON_TG2,VISTRON,T1,VISTRON_T1,60010447.0,VISTRON_T1,,,1,Transformer,VISTRON4A,VISTRON_TG2,VISTRON_T1,T1,duplicate_match,different
279053,c81c574b-06c4-4dbb-90fb-a2f829156f73,Transformer,PowerTransformer,1,T1 138kV-13.8kV,8145,VISTRON4A,VISTRON,110862,VISTRON_TG2,VISTRON,T1,VISTRON_T1,60007725.0,VISTRON_NB-9302A,,,1,Transformer,VISTRON4A,VISTRON_TG2,VISTRON_NB-9302A,NB-9302A,duplicate_match,different
279054,af24aea0-0a0d-428c-b4c6-29537967f726,Transformer,PowerTransformer,1,69_2 69kV-138kV,32875,BRYN_DSBY69,DANSBY,32897,BRYN_DSBY138,DANSBY,69_2,DANSBY_69_2,60027359.0,DANSBY_138_69_2,,,1,Transformer,BRYN_DSBY138,BRYN_DSBY69,DANSBY_138_69_2,138_69_2,duplicate_match,different
279054,af24aea0-0a0d-428c-b4c6-29537967f726,Transformer,PowerTransformer,1,69_2 69kV-138kV,32875,BRYN_DSBY69,DANSBY,32897,BRYN_DSBY138,DANSBY,69_2,DANSBY_69_2,60004224.0,DANSBY_138_69_2_L,,,1,Transformer,BRYN_DSBY69,BRYN_DSBY138,DANSBY_138_69_2_L,138_69_2_L,duplicate_match,different
279055,657516ec-f4ae-4baa-af95-c8b163cbc939,Transformer,PowerTransformer,G1,XT7C 138kV-1kV,49211,GENGBY7_08_8,GBY,49130,49130_STAR,GBY,XT7C,GBY_XT7C,60082530.0,GBY_GBYXT7C,,,G1,Transformer,49130_STAR,GRNBYU__138F,GBY_GBYXT7C,GBYXT7C,duplicate_match,different
279055,657516ec-f4ae-4baa-af95-c8b163cbc939,Transformer,PowerTransformer,G1,XT7C 138kV-1kV,49211,GENGBY7_08_8,GBY,49130,49130_STAR,GBY,XT7C,GBY_XT7C,60111610.0,GBY_XT7C,,,G1,Transformer,49130_STAR,GENGBY7_08_8,GBY_XT7C,,duplicate_match,different
279056,3d15ddbb-e5b6-4a21-8790-6f668dd977df,Transformer,PowerTransformer,G1,XT8F 138kV-1kV,49211,GENGBY7_08_8,GBY,49117,49117_STAR,GBY,XT8F,GBY_XT8F,60082532.0,GBY_GBYXT8F,,,G1,Transformer,49117_STAR,GRNBYU__138F,GBY_GBYXT8F,GBYXT8F,duplicate_match,different
279056,3d15ddbb-e5b6-4a21-8790-6f668dd977df,Transformer,PowerTransformer,G1,XT8F 138kV-1kV,49211,GENGBY7_08_8,GBY,49117,49117_STAR,GBY,XT8F,GBY_XT8F,60111611.0,GBY_XT8F,,,G1,Transformer,49117_STAR,GENGBY7_08_8,GBY_XT8F,,duplicate_match,different
279060,cadcdd39-a603-461f-a9bc-16362d202deb,Transformer,PowerTransformer,G1,XT8C 138kV-1kV,49211,GENGBY7_08_8,GBY,49118,49118_STAR,GBY,XT8C,GBY_XT8C,60111609.0,GBY_XT8C,,,G1,Transformer,49118_STAR,GENGBY7_08_8,GBY_XT8C,,duplicate_match,different
279060,cadcdd39-a603-461f-a9bc-16362d202deb,Transformer,PowerTransformer,G1,XT8C 138kV-1kV,49211,GENGBY7_08_8,GBY,49118,49118_STAR,GBY,XT8C,GBY_XT8C,60082531.0,GBY_GBYXT8C,,,G1,Transformer,49118_STAR,GRNBYU__138F,GBY_GBYXT8C,GBYXT8C,duplicate_match,different
279063,e0c33fa9-58b8-4e96-888a-07e309ccf0b0,Transformer,PowerTransformer,1,FMR3 69kV-138kV,3273,PALESTNE_9,PLSTN,3272,PALESTNE_8,PLSTN,FMR3,PLSTN_FMR3,60057140.0,PLSTN_AXFMR3-H,,,1,Transformer,PALESTNE_8,PALESTNE_9,PLSTN_AXFMR3-H,AXFMR3-H,duplicate_match,different
279063,e0c33fa9-58b8-4e96-888a-07e309ccf0b0,Transformer,PowerTransformer,1,FMR3 69kV-138kV,3273,PALESTNE_9,PLSTN,3272,PALESTNE_8,PLSTN,FMR3,PLSTN_FMR3,60110844.0,PLSTN_AXFMR3-L,,,1,Transformer,PALESTNE_8,PALESTNE_9,PLSTN_AXFMR3-L,,duplicate_match,different
279072,71c4d70b-5d22-4c1f-91ef-c0bb9d569b64,Transformer,PowerTransformer,1,MR2L 69kV-1kV,3289,CROCKETT_9,CRKET,24060,CRKET2_1,CRKET,MR2L,CRKET_MR2L,60004128.0,CRKET_AXFMR2L,,,1,Transformer,CROCKETT_9,CRKET2_1,CRKET_AXFMR2L,AXFMR2L,duplicate_match,different
279072,71c4d70b-5d22-4c1f-91ef-c0bb9d569b64,Transformer,PowerTransformer,1,MR2L 69kV-1kV,3289,CROCKETT_9,CRKET,24060,CRKET2_1,CRKET,MR2L,CRKET_MR2L,60009958.0,CRKET_AXFMR2L1,,,1,Transformer,CROCKETT_9,CRKET2_1,CRKET_AXFMR2L1,AXFMR2L1,duplicate_match,different
279073,b44cf1e0-43cc-45e1-86fa-e6555d1bc8e4,Transformer,PowerTransformer,1,MR2H 138kV-1kV,3354,CROCKETT_8,CRKET,24060,CRKET2_1,CRKET,MR2H,CRKET_MR2H,60009959.0,CRKET_AXFMR2H1,,,1,Transformer,CROCKETT_8,CRKET2_1,CRKET_AXFMR2H1,AXFMR2H1,duplicate_match,different
279073,b44cf1e0-43cc-45e1-86fa-e6555d1bc8e4,Transformer,PowerTransformer,1,MR2H 138kV-1kV,3354,CROCKETT_8,CRKET,24060,CRKET2_1,CRKET,MR2H,CRKET_MR2H,60004127.0,CRKET_AXFMR2H,,,1,Transformer,CROCKETT_8,CRKET2_1,CRKET_AXFMR2H,AXFMR2H,duplicate_match,different
279079,25397d19-fd9d-4f83-8b6d-aa585a74719d,Transformer,PowerTransformer,2,FMR2 138kV-19kV,3110,STRYKER_8,SCSES,120142,SCSES_UNIT2,SCSES,FMR2,SCSES_FMR2,60110820.0,SCSES_FMR2,,,2,Transformer,STRYKER_8,SCSES_UNIT2,SCSES_FMR2,,duplicate_match,different
279079,25397d19-fd9d-4f83-8b6d-aa585a74719d,Transformer,PowerTransformer,2,FMR2 138kV-19kV,3110,STRYKER_8,SCSES,120142,SCSES_UNIT2,SCSES,FMR2,SCSES_FMR2,60087203.0,SCSES_UXFMR2,,,2,Transformer,,,SCSES_UXFMR2,UXFMR2,duplicate_match,different
279084,8c0871b9-d681-4957-984f-91500aeb541c,Transformer,PowerTransformer,1,MR1L 138kV-1kV,3120,NACOGDSE_8,NCDSE,24086,NCDSE1_1,NCDSE,MR1L,NCDSE_MR1L,60009957.0,NCDSE_AXFMR1L_1,,,1,Transformer,NACOGDSE_8,NCDSE1_1,NCDSE_AXFMR1L_1,AXFMR1L_1,duplicate_match,different
279084,8c0871b9-d681-4957-984f-91500aeb541c,Transformer,PowerTransformer,1,MR1L 138kV-1kV,3120,NACOGDSE_8,NCDSE,24086,NCDSE1_1,NCDSE,MR1L,NCDSE_MR1L,60006354.0,NCDSE_AXFMR1L,,,1,Transformer,NACOGDSE_8,NCDSE1_1,NCDSE_AXFMR1L,AXFMR1L,duplicate_match,different
279092,6c7680c8-a560-4adb-9c5a-7e19785d09a9,Transformer,PowerTransformer,1,FMR1 345kV-20kV,3100,MARTINLK_5,MLSES,120041,MLSES_UNIT1,MLSES,FMR1,MLSES_FMR1,60006222.0,MLSES_UXFMR1,,,1,Transformer,MLSES_UNIT1,MARTINLK_5,MLSES_UXFMR1,UXFMR1,duplicate_match,different
279092,6c7680c8-a560-4adb-9c5a-7e19785d09a9,Transformer,PowerTransformer,1,FMR1 345kV-20kV,3100,MARTINLK_5,MLSES,120041,MLSES_UNIT1,MLSES,FMR1,MLSES_FMR1,60110817.0,MLSES_FMR1,,,1,Transformer,MARTINLK_5,MLSES_UNIT1,MLSES_FMR1,,duplicate_match,different
279126,6861d694-08bd-4bed-9547-9fa0982b9350,Transformer,PowerTransformer,1,FMR1 138kV-13.8kV,1024,FSCOGEN_8,FLCNS,130001,FLCNS_UNIT1,FLCNS,FMR1,FLCNS_FMR1,60110680.0,FLCNS_FMR1,,,1,Transformer,FSCOGEN_8,FLCNS_UNIT1,FLCNS_FMR1,,duplicate_match,different
279126,6861d694-08bd-4bed-9547-9fa0982b9350,Transformer,PowerTransformer,1,FMR1 138kV-13.8kV,1024,FSCOGEN_8,FLCNS,130001,FLCNS_UNIT1,FLCNS,FMR1,FLCNS_FMR1,60082128.0,FLCNS_UXFMR1,,,1,Transformer,,,FLCNS_UXFMR1,UXFMR1,duplicate_match,different
279131,c892d601-f9fc-42af-be3c-7139e47bc219,Transformer,PowerTransformer,1,1TFA 345kV-18.1kV,130327,OECCS_1_5,OECCS,130321,OECCS_CT11,OECCS,1TFA,OECCS_1TFA,60085318.0,OECCS_CT11,,,1,Transformer,,,OECCS_CT11,CT11,duplicate_match,different
279131,c892d601-f9fc-42af-be3c-7139e47bc219,Transformer,PowerTransformer,1,1TFA 345kV-18.1kV,130327,OECCS_1_5,OECCS,130321,OECCS_CT11,OECCS,1TFA,OECCS_1TFA,60112101.0,OECCS_1TFA,,,1,Transformer,OECCS_CT11,OECCS_1_5,OECCS_1TFA,,duplicate_match,different
279133,4415ddc6-3734-4798-978b-0daaf79ed8a2,Transformer,PowerTransformer,1,T1 345kV-34.5kV,180955,TKWSW_1_5,TKWSW1,180981,ROSCOE2A,TKWSW1,T1,TKWSW1_T1,60007565.0,TKWSW1_ROS_T1,,,1,Transformer,TKWSW_1_5,ROSCOE2A,TKWSW1_ROS_T1,ROS_T1,duplicate_match,different
279133,4415ddc6-3734-4798-978b-0daaf79ed8a2,Transformer,PowerTransformer,1,T1 345kV-34.5kV,180955,TKWSW_1_5,TKWSW1,180981,ROSCOE2A,TKWSW1,T1,TKWSW1_T1,60112786.0,TKWSW1_T1,,,1,Transformer,TKWSW_1_5,ROSCOE2A,TKWSW1_T1,,duplicate_match,different
279158,be392062-4e88-4aa3-a1e8-74e5f7af85ac,Transformer,PowerTransformer,1,T1 34.5kV-345kV,180758,CAPRIDG4_CR4,CAPRIDG4,180759,CAPRIDG4_1_5,CAPRIDG4,T1,CAPRIDG4_T1,60021583.0,CAPRIDG4_T1,,,1,Transformer,CAPRIDG4_CR4,CAPRIDG4_1_5,CAPRIDG4_T1,T1,duplicate_match,different
279158,be392062-4e88-4aa3-a1e8-74e5f7af85ac,Transformer,PowerTransformer,1,T1 34.5kV-345kV,180758,CAPRIDG4_CR4,CAPRIDG4,180759,CAPRIDG4_1_5,CAPRIDG4,T1,CAPRIDG4_T1,60003654.0,CAPRIDG4_WCR4-T1,,,1,Transformer,CAPRIDG4_1_5,CAPRIDG4_CR4,CAPRIDG4_WCR4-T1,WCR4-T1,duplicate_match,different
279161,a42d894d-ca2b-4516-acc4-dfad8db57714,Transformer,PowerTransformer,1,R1T1 138kV-34.5kV,180752,CAPRIDGE_1_8,CAPRIDGE,180751,CAPRIDGE_CR1,CAPRIDGE,R1T1,CAPRIDGE_R1T1,60112779.0,CAPRIDGE_R1T1,,,1,Transformer,CAPRIDGE_CR1,CAPRIDGE_1_8,CAPRIDGE_R1T1,,duplicate_match,different
279161,a42d894d-ca2b-4516-acc4-dfad8db57714,Transformer,PowerTransformer,1,R1T1 138kV-34.5kV,180752,CAPRIDGE_1_8,CAPRIDGE,180751,CAPRIDGE_CR1,CAPRIDGE,R1T1,CAPRIDGE_R1T1,60003656.0,CAPRIDGE_WCR1-T1,,,1,Transformer,CAPRIDGE_CR1,CAPRIDGE_1_8,CAPRIDGE_WCR1-T1,WCR1-T1,duplicate_match,different
279164,352f1404-95fd-436c-bd25-672dc6e61cf4,Transformer,PowerTransformer,1,XF 138kV-34.5kV,130432,WOODWRD1_1_8,WOODWRD1,130431,WOO_WOODWRD1,WOODWRD1,XF,WOODWRD1_XF,60007876.0,WOODWRD1_XF_H,,,1,Transformer,WOO_WOODWRD1,WOODWRD1_1_8,WOODWRD1_XF_H,XF_H,duplicate_match,different
279164,352f1404-95fd-436c-bd25-672dc6e61cf4,Transformer,PowerTransformer,1,XF 138kV-34.5kV,130432,WOODWRD1_1_8,WOODWRD1,130431,WOO_WOODWRD1,WOODWRD1,XF,WOODWRD1_XF,60112106.0,WOODWRD1_XF,,,1,Transformer,WOO_WOODWRD1,WOODWRD1_1_8,WOODWRD1_XF,,duplicate_match,different
279165,47ca3c23-f08e-4d4a-986e-7cbf83989d5b,Transformer,PowerTransformer,A1,AT1H 138kV-1kV,41370,S_CHAN__B138,SC,49127,S_CHAN_A1STR,SC,AT1H,SC_AT1H,60007115.0,SC_AT1_H_OldTeid,,,A1,Transformer,S_CHAN___B69,S_CHAN_A1STR,SC_AT1_H_OldTeid,AT1_H,duplicate_match,different
279165,47ca3c23-f08e-4d4a-986e-7cbf83989d5b,Transformer,PowerTransformer,A1,AT1H 138kV-1kV,41370,S_CHAN__B138,SC,49127,S_CHAN_A1STR,SC,AT1H,SC_AT1H,60111440.0,SC_AT1H_H,,,A1,Transformer,S_CHAN__B138,S_CHAN_A1STR,SC_AT1H_H,,duplicate_match,different
279167,a7d28e0f-f5a2-459f-8d29-d55af87c139c,Transformer,PowerTransformer,A1,AT1 69kV-1kV,41380,S_CHAN___B69,SC,49127,S_CHAN_A1STR,SC,AT1,SC_AT1,60111441.0,SC_AT1_H,,,A1,Transformer,S_CHAN___B69,S_CHAN_A1STR,SC_AT1_H,,duplicate_match,different
279167,a7d28e0f-f5a2-459f-8d29-d55af87c139c,Transformer,PowerTransformer,A1,AT1 69kV-1kV,41380,S_CHAN___B69,SC,49127,S_CHAN_A1STR,SC,AT1,SC_AT1,60007116.0,SC_AT1L_H,,,A1,Transformer,S_CHAN___B69,S_CHAN_A1STR,SC_AT1L_H,AT1L_H,duplicate_match,different
279168,14ebdf12-1305-466f-8b20-c79f28313103,Transformer,PowerTransformer,1,XF32 138kV-34.5kV,180157,SWEETWN3_1_8,SWEETWN3,180156,SWEETWN_WND3,SWEETWN3,XF32,SWEETWN3_XF32,60087683.0,SWEETWN3_XFMRT1,,,1,Transformer,SWEETWN_WND3,SWEETWN3_1_8,SWEETWN3_XFMRT1,XFMRT1,duplicate_match,different
279168,14ebdf12-1305-466f-8b20-c79f28313103,Transformer,PowerTransformer,1,XF32 138kV-34.5kV,180157,SWEETWN3_1_8,SWEETWN3,180156,SWEETWN_WND3,SWEETWN3,XF32,SWEETWN3_XF32,60112756.0,SWEETWN3_XF32,,,1,Transformer,SWEETWN3_1_8,SWEETWN_WND3,SWEETWN3_XF32,,duplicate_match,different
279169,8d624762-4036-4315-beb1-76eed4ffef36,Transformer,PowerTransformer,1,XFMR 138kV-34.5kV,130632,KING_SW_1_8,KING_SW,130631,KING__KINGSW,KING_SW,XFMR,KING_SW_XFMR,60005632.0,KING_SW_XFMR_H,,,1,Transformer,KING__KINGSW,KING_SW_1_8,KING_SW_XFMR_H,XFMR_H,duplicate_match,different
279169,8d624762-4036-4315-beb1-76eed4ffef36,Transformer,PowerTransformer,1,XFMR 138kV-34.5kV,130632,KING_SW_1_8,KING_SW,130631,KING__KINGSW,KING_SW,XFMR,KING_SW_XFMR,60112108.0,KING_SW_XFMR,,,1,Transformer,KING__KINGSW,KING_SW_1_8,KING_SW_XFMR,,duplicate_match,different
279176,b12ca308-c9f4-4e90-87b8-db70a1bd6fab,Transformer,PowerTransformer,1,PS1 138kV-138kV,6390,FIREROCK4A,FIREROCK,6359,FIREROCK4B,FIREROCK,PS1,FIREROCK_PS1,60110988.0,FIREROCK_138_PS_H,,,1,Transformer,FIREROCK4B,FIREROCK4A,FIREROCK_138_PS_H,,duplicate_match,different
279176,b12ca308-c9f4-4e90-87b8-db70a1bd6fab,Transformer,PowerTransformer,1,PS1 138kV-138kV,6390,FIREROCK4A,FIREROCK,6359,FIREROCK4B,FIREROCK,PS1,FIREROCK_PS1,60032144.0,FIREROCK_138_PS_L,,,1,Transformer,FIREROCK4A,FIREROCK4B,FIREROCK_138_PS_L,138_PS_L,duplicate_match,different
279189,d5c462e1-892b-43a2-a58e-e10002823da5,Transformer,PowerTransformer,1,FMR1 138kV-69kV,1163,LAMESA_8,LMESA,1164,LAMESA_9,LMESA,FMR1,LMESA_FMR1,60005868.0,LMESA_AXFMR1,,,1,Transformer,LAMESA_8,LAMESA_9,LMESA_AXFMR1,AXFMR1,duplicate_match,different
279189,d5c462e1-892b-43a2-a58e-e10002823da5,Transformer,PowerTransformer,1,FMR1 138kV-69kV,1163,LAMESA_8,LMESA,1164,LAMESA_9,LMESA,FMR1,LMESA_FMR1,60011734.0,LMESA_AXFMR1_L,,,1,Transformer,LAMESA_9,LAMESA_8,LMESA_AXFMR1_L,AXFMR1_L,duplicate_match,different
279192,d450f81c-7533-468a-9694-6200ea524e2e,Transformer,PowerTransformer,G1,FMR1 345kV-18kV,120095,FTR_1_5,FTR,120091,FTR_FTR_G1,FTR,FMR1,FTR_FMR1,60082420.0,FTR_UXFMR1,,,G1,Transformer,,,FTR_UXFMR1,UXFMR1,duplicate_match,different
279192,d450f81c-7533-468a-9694-6200ea524e2e,Transformer,PowerTransformer,G1,FMR1 345kV-18kV,120095,FTR_1_5,FTR,120091,FTR_FTR_G1,FTR,FMR1,FTR_FMR1,60112055.0,FTR_FMR1,,,G1,Transformer,FTR_FTR_G1,FTR_1_5,FTR_FMR1,,duplicate_match,different
279193,2b457ead-37b4-489a-b404-7cd3834954b3,Transformer,PowerTransformer,G1,FMR2 345kV-18kV,120095,FTR_1_5,FTR,120092,FTR_FTR_G2,FTR,FMR2,FTR_FMR2,60082421.0,FTR_UXFMR2,,,G1,Transformer,,,FTR_UXFMR2,UXFMR2,duplicate_match,different
279193,2b457ead-37b4-489a-b404-7cd3834954b3,Transformer,PowerTransformer,G1,FMR2 345kV-18kV,120095,FTR_1_5,FTR,120092,FTR_FTR_G2,FTR,FMR2,FTR_FMR2,60112057.0,FTR_FMR2,,,G1,Transformer,FTR_FTR_G2,FTR_1_5,FTR_FMR2,,duplicate_match,different
279196,ea1cd9b8-aff0-499e-84d1-ecfaa9e3ebf2,Transformer,PowerTransformer,G1,FMR3 345kV-18kV,120095,FTR_1_5,FTR,120093,FTR_FTR_G3,FTR,FMR3,FTR_FMR3,60082422.0,FTR_UXFMR3,,,G1,Transformer,,,FTR_UXFMR3,UXFMR3,duplicate_match,different
279196,ea1cd9b8-aff0-499e-84d1-ecfaa9e3ebf2,Transformer,PowerTransformer,G1,FMR3 345kV-18kV,120095,FTR_1_5,FTR,120093,FTR_FTR_G3,FTR,FMR3,FTR_FMR3,60112056.0,FTR_FMR3,,,G1,Transformer,FTR_FTR_G3,FTR_1_5,FTR_FMR3,,duplicate_match,different
279197,56d7b20e-6601-4a4d-ba65-d8f99bc9de56,Transformer,PowerTransformer,1,GSU3 345kV-28kV,7055,L_FPPYD25_1Y,FPPYD2,170103,FPPYD_FPP_G3,FPPYD2,GSU3,FPPYD2_GSU3,60111015.0,FPPYD2_GSU3,,,1,Transformer,L_FPPYD25_1Y,FPPYD_FPP_G3,FPPYD2_GSU3,,duplicate_match,different
279197,56d7b20e-6601-4a4d-ba65-d8f99bc9de56,Transformer,PowerTransformer,1,GSU3 345kV-28kV,7055,L_FPPYD25_1Y,FPPYD2,170103,FPPYD_FPP_G3,FPPYD2,GSU3,FPPYD2_GSU3,60004783.0,FPPYD2_T_406,,,1,Transformer,L_FPPYD25_1Y,FPPYD_FPP_G3,FPPYD2_T_406,T_406,duplicate_match,different
279198,5448e158-e5ea-4d15-9678-c617e0c20eef,Transformer,PowerTransformer,A1,AT1H 345kV-1kV,47300,JENETA__B345,JN,49124,JENETA_A1STR,JN,AT1H,JN_AT1H,60005541.0,JN_AT1_H_OldTeid,,,A1,Transformer,JENETA__B345,JENETA_A1STR,JN_AT1_H_OldTeid,AT1_H,duplicate_match,different
279198,5448e158-e5ea-4d15-9678-c617e0c20eef,Transformer,PowerTransformer,A1,AT1H 345kV-1kV,47300,JENETA__B345,JN,49124,JENETA_A1STR,JN,AT1H,JN_AT1H,60111525.0,JN_AT1H_H,,,A1,Transformer,JENETA__B345,JENETA_A1STR,JN_AT1H_H,,duplicate_match,different
279199,a6391c83-2bd7-45c6-8173-a2dc92e1dc8a,Transformer,PowerTransformer,A1,AT1 138kV-1kV,47310,JENETA__B138,JN,49124,JENETA_A1STR,JN,AT1,JN_AT1,60111527.0,JN_AT1_H,,,A1,Transformer,JENETA__B138,JENETA_A1STR,JN_AT1_H,,duplicate_match,different
279199,a6391c83-2bd7-45c6-8173-a2dc92e1dc8a,Transformer,PowerTransformer,A1,AT1 138kV-1kV,47310,JENETA__B138,JN,49124,JENETA_A1STR,JN,AT1,JN_AT1,60005542.0,JN_AT1L_H,,,A1,Transformer,JENETA__B138,JENETA_A1STR,JN_AT1L_H,AT1L_H,duplicate_match,different
279200,456e2523-bd0e-4508-812a-23a2fbf9eddf,Transformer,PowerTransformer,1,FMR1 138kV-13.8kV,331,RWMILLER,MIL,150131,MIL_MILLERG1,MIL,FMR1,MIL_FMR1,60110607.0,MIL_FMR1,,,1,Transformer,RWMILLER,MIL_MILLERG1,MIL_FMR1,,duplicate_match,different
279200,456e2523-bd0e-4508-812a-23a2fbf9eddf,Transformer,PowerTransformer,1,FMR1 138kV-13.8kV,331,RWMILLER,MIL,150131,MIL_MILLERG1,MIL,FMR1,MIL_FMR1,60084568.0,MIL_UNIT1_XFMR,,,1,Transformer,,,MIL_UNIT1_XFMR,UNIT1_XFMR,duplicate_match,different
279204,2cc8b738-50fc-4b98-9c21-6d51279af455,Transformer,PowerTransformer,1,AMR1 69kV-13.8kV,816,OLINGER_9,OLINGR,150081,OLIN_OLING_1,OLINGR,AMR1,OLINGR_AMR1,60085351.0,OLINGR_GSUXFMR1,,,1,Transformer,,,OLINGR_GSUXFMR1,GSUXFMR1,duplicate_match,different
279204,2cc8b738-50fc-4b98-9c21-6d51279af455,Transformer,PowerTransformer,1,AMR1 69kV-13.8kV,816,OLINGER_9,OLINGR,150081,OLIN_OLING_1,OLINGR,AMR1,OLINGR_AMR1,60011377.0,OLINGR_AMR1,,,1,Transformer,OLINGER_9,OLIN_OLING_1,OLINGR_AMR1,AMR1,duplicate_match,different
279205,62cb0982-187b-43e2-85ed-1d19a7a5ce76,Transformer,PowerTransformer,A3,AT3H 345kV-1kV,47300,JENETA__B345,JN,49182,JENETA_A3STR,JN,AT3H,JN_AT3H,60005544.0,JN_AT3_H_OldTeid,,,A3,Transformer,JENETA__B138,JENETA_A3STR,JN_AT3_H_OldTeid,AT3_H,duplicate_match,different
279205,62cb0982-187b-43e2-85ed-1d19a7a5ce76,Transformer,PowerTransformer,A3,AT3H 345kV-1kV,47300,JENETA__B345,JN,49182,JENETA_A3STR,JN,AT3H,JN_AT3H,60111524.0,JN_AT3H_H,,,A3,Transformer,JENETA__B345,JENETA_A3STR,JN_AT3H_H,,duplicate_match,different
279206,e4ec7fca-f75f-4cf8-9b84-019636114e9b,Transformer,PowerTransformer,A3,AT3 138kV-1kV,47310,JENETA__B138,JN,49182,JENETA_A3STR,JN,AT3,JN_AT3,60005545.0,JN_AT3L_H,,,A3,Transformer,JENETA__B138,JENETA_A3STR,JN_AT3L_H,AT3L_H,duplicate_match,different
279206,e4ec7fca-f75f-4cf8-9b84-019636114e9b,Transformer,PowerTransformer,A3,AT3 138kV-1kV,47310,JENETA__B138,JN,49182,JENETA_A3STR,JN,AT3,JN_AT3,60111526.0,JN_AT3_H,,,A3,Transformer,JENETA__B138,JENETA_A3STR,JN_AT3_H,,duplicate_match,different
279207,67e9f50b-2d3c-4a2e-8b62-6c240154bdce,Transformer,PowerTransformer,1,FMR2 138kV-13.8kV,1032,MRGNCRK_8,MGSES,180032,MGSES_CT2,MGSES,FMR2,MGSES_FMR2,60084505.0,MGSES_UCXFMR2,,,1,Transformer,MRGNCRK_8,MGSES_CT2,MGSES_UCXFMR2,UCXFMR2,duplicate_match,different
279207,67e9f50b-2d3c-4a2e-8b62-6c240154bdce,Transformer,PowerTransformer,1,FMR2 138kV-13.8kV,1032,MRGNCRK_8,MGSES,180032,MGSES_CT2,MGSES,FMR2,MGSES_FMR2,60110683.0,MGSES_FMR2,,,1,Transformer,MRGNCRK_8,MGSES_CT2,MGSES_FMR2,,duplicate_match,different
279208,6639cf0f-7cb0-4afa-952e-d73fb8be2b55,Transformer,PowerTransformer,5,FMR4 138kV-13.8kV,1032,MRGNCRK_8,MGSES,180034,MGSES_CT4,MGSES,FMR4,MGSES_FMR4,60084507.0,MGSES_UCXFMR4,,,5,Transformer,MRGNCRK_8,MGSES_CT4,MGSES_UCXFMR4,UCXFMR4,duplicate_match,different
279208,6639cf0f-7cb0-4afa-952e-d73fb8be2b55,Transformer,PowerTransformer,5,FMR4 138kV-13.8kV,1032,MRGNCRK_8,MGSES,180034,MGSES_CT4,MGSES,FMR4,MGSES_FMR4,60110682.0,MGSES_FMR4,,,5,Transformer,MRGNCRK_8,MGSES_CT4,MGSES_FMR4,,duplicate_match,different
279209,b81b9bf7-a412-4a2e-babf-5c712e649b1a,Transformer,PowerTransformer,2,FMR6 138kV-13.8kV,1032,MRGNCRK_8,MGSES,180036,MGSES_CT6,MGSES,FMR6,MGSES_FMR6,60084509.0,MGSES_UCXFMR6,,,2,Transformer,MRGNCRK_8,MGSES_CT6,MGSES_UCXFMR6,UCXFMR6,duplicate_match,different
279209,b81b9bf7-a412-4a2e-babf-5c712e649b1a,Transformer,PowerTransformer,2,FMR6 138kV-13.8kV,1032,MRGNCRK_8,MGSES,180036,MGSES_CT6,MGSES,FMR6,MGSES_FMR6,60110686.0,MGSES_FMR6,,,2,Transformer,MRGNCRK_8,MGSES_CT6,MGSES_FMR6,,duplicate_match,different
279210,da16e6a3-9b10-461c-8eb7-82bbc529d6ac,Transformer,PowerTransformer,1,MR1A 345kV-22kV,1900,COMCHPKW_5,CPSES,150111,CPSES_UNIT1,CPSES,MR1A,CPSES_MR1A,60081120.0,CPSES_UXFMR1A,,,1,Transformer,,,CPSES_UXFMR1A,UXFMR1A,duplicate_match,different
279210,da16e6a3-9b10-461c-8eb7-82bbc529d6ac,Transformer,PowerTransformer,1,MR1A 345kV-22kV,1900,COMCHPKW_5,CPSES,150111,CPSES_UNIT1,CPSES,MR1A,CPSES_MR1A,60110756.0,CPSES_MR1A,,,1,Transformer,COMCHPKW_5,CPSES_UNIT1,CPSES_MR1A,,duplicate_match,different
279211,ab02c8a9-4c53-4f31-9bcc-2e02449bbfb7,Transformer,PowerTransformer,6,FMR5 138kV-13.8kV,1032,MRGNCRK_8,MGSES,180035,MGSES_CT5,MGSES,FMR5,MGSES_FMR5,60084508.0,MGSES_UCXFMR5,,,6,Transformer,MRGNCRK_8,MGSES_CT5,MGSES_UCXFMR5,UCXFMR5,duplicate_match,different
279211,ab02c8a9-4c53-4f31-9bcc-2e02449bbfb7,Transformer,PowerTransformer,6,FMR5 138kV-13.8kV,1032,MRGNCRK_8,MGSES,180035,MGSES_CT5,MGSES,FMR5,MGSES_FMR5,60110687.0,MGSES_FMR5,,,6,Transformer,MRGNCRK_8,MGSES_CT5,MGSES_FMR5,,duplicate_match,different
279212,20776b91-49fc-4e24-8f2d-c0c59be16c68,Transformer,PowerTransformer,3,FMR1 138kV-13.8kV,1032,MRGNCRK_8,MGSES,180031,MGSES_CT1,MGSES,FMR1,MGSES_FMR1,60110685.0,MGSES_FMR1,,,3,Transformer,MRGNCRK_8,MGSES_CT1,MGSES_FMR1,,duplicate_match,different
279212,20776b91-49fc-4e24-8f2d-c0c59be16c68,Transformer,PowerTransformer,3,FMR1 138kV-13.8kV,1032,MRGNCRK_8,MGSES,180031,MGSES_CT1,MGSES,FMR1,MGSES_FMR1,60084504.0,MGSES_UCXFMR1,,,3,Transformer,MRGNCRK_8,MGSES_CT1,MGSES_UCXFMR1,UCXFMR1,duplicate_match,different
279215,07d21d55-79a0-4bf8-9fdd-ac5f6cffbbea,Transformer,PowerTransformer,6,FMR6 138kV-13.8kV,12416,MTCK_6T8,MCSES,150021,MCSES_UNIT6,MCSES,FMR6,MCSES_FMR6,60084393.0,MCSES_UXFMR6,,,6,Transformer,,,MCSES_UXFMR6,UXFMR6,duplicate_match,different
279215,07d21d55-79a0-4bf8-9fdd-ac5f6cffbbea,Transformer,PowerTransformer,6,FMR6 138kV-13.8kV,12416,MTCK_6T8,MCSES,150021,MCSES_UNIT6,MCSES,FMR6,MCSES_FMR6,60111251.0,MCSES_FMR6,,,6,Transformer,MTCK_6T8,MCSES_UNIT6,MCSES_FMR6,,duplicate_match,different
279217,5a291fc9-52df-46e2-8f62-910d717dc2df,Transformer,PowerTransformer,4,FMR3 138kV-13.8kV,1032,MRGNCRK_8,MGSES,180033,MGSES_CT3,MGSES,FMR3,MGSES_FMR3,60084506.0,MGSES_UCXFMR3,,,4,Transformer,MRGNCRK_8,MGSES_CT3,MGSES_UCXFMR3,UCXFMR3,duplicate_match,different
279217,5a291fc9-52df-46e2-8f62-910d717dc2df,Transformer,PowerTransformer,4,FMR3 138kV-13.8kV,1032,MRGNCRK_8,MGSES,180033,MGSES_CT3,MGSES,FMR3,MGSES_FMR3,60110684.0,MGSES_FMR3,,,4,Transformer,MRGNCRK_8,MGSES_CT3,MGSES_FMR3,,duplicate_match,different
279222,92df99c5-6810-49fe-952d-a91c2aa7299e,Transformer,PowerTransformer,1,XF2H 345kV-1kV,2373,ANNASW_5,ANASW,24051,ANASW2_1,ANASW,XF2H,ANASW_XF2H,60003051.0,ANASW_AXFMR2H,,,1,Transformer,ANNASW_5,ANASW2_1,ANASW_AXFMR2H,AXFMR2H,duplicate_match,different
279222,92df99c5-6810-49fe-952d-a91c2aa7299e,Transformer,PowerTransformer,1,XF2H 345kV-1kV,2373,ANNASW_5,ANASW,24051,ANASW2_1,ANASW,XF2H,ANASW_XF2H,60097083.0,ANASW_AXFMR2H-H,,,1,Transformer,ANNASW_5,ANASW2_1,ANASW_AXFMR2H-H,AXFMR2H-H,duplicate_match,different
279225,3ca45412-c343-4750-ab16-d105d2b76e08,Transformer,PowerTransformer,1,XF2L 138kV-1kV,2374,ANNASW_8,ANASW,24051,ANASW2_1,ANASW,XF2L,ANASW_XF2L,60003052.0,ANASW_AXFMR2L,,,1,Transformer,ANNASW_8,ANASW2_1,ANASW_AXFMR2L,AXFMR2L,duplicate_match,different
279225,3ca45412-c343-4750-ab16-d105d2b76e08,Transformer,PowerTransformer,1,XF2L 138kV-1kV,2374,ANNASW_8,ANASW,24051,ANASW2_1,ANASW,XF2L,ANASW_XF2L,60097084.0,ANASW_AXFMR2L-H,,,1,Transformer,ANNASW_8,ANASW2_1,ANASW_AXFMR2L-H,AXFMR2L-H,duplicate_match,different
279237,dee69650-66ce-4759-8647-b598a00260d6,Transformer,PowerTransformer,1,MR1L 138kV-1kV,2948,SARGT_S8,SARRD,24103,SARRD1_1,SARRD,MR1L,SARRD_MR1L,60007107.0,SARRD_AXFMR1L,,,1,Transformer,SARGT_S8,SARRD1_1,SARRD_AXFMR1L,AXFMR1L,duplicate_match,different
279237,dee69650-66ce-4759-8647-b598a00260d6,Transformer,PowerTransformer,1,MR1L 138kV-1kV,2948,SARGT_S8,SARRD,24103,SARRD1_1,SARRD,MR1L,SARRD_MR1L,60110812.0,SARRD_AXFMR1L-H,,,1,Transformer,SARGT_S8,SARRD1_1,SARRD_AXFMR1L-H,,duplicate_match,different
279238,4c2462f1-ba44-438e-b8df-40cd49931fcc,Transformer,PowerTransformer,1,MR1H 345kV-1kV,2946,SARGT1_5,SARRD,24103,SARRD1_1,SARRD,MR1H,SARRD_MR1H,60007106.0,SARRD_AXFMR1H,,,1,Transformer,SARGT1_5,SARRD1_1,SARRD_AXFMR1H,AXFMR1H,duplicate_match,different
279238,4c2462f1-ba44-438e-b8df-40cd49931fcc,Transformer,PowerTransformer,1,MR1H 345kV-1kV,2946,SARGT1_5,SARRD,24103,SARRD1_1,SARRD,MR1H,SARRD_MR1H,60110810.0,SARRD_AXFMR1H-H,,,1,Transformer,SARGT1_5,SARRD1_1,SARRD_AXFMR1H-H,,duplicate_match,different
279253,5f6f5761-0c4b-41b0-892a-e364c70faf83,Transformer,PowerTransformer,1,MR1 345kV-34.5kV,11400,COKFIELD1_5,HWF,150611,HWF_HWFG1,HWF,MR1,HWF_MR1,60083130.0,HWF_HWF-T1,,,1,Transformer,,,HWF_HWF-T1,HWF-T1,duplicate_match,different
279253,5f6f5761-0c4b-41b0-892a-e364c70faf83,Transformer,PowerTransformer,1,MR1 345kV-34.5kV,11400,COKFIELD1_5,HWF,150611,HWF_HWFG1,HWF,MR1,HWF_MR1,60111199.0,HWF_MR1,,,1,Transformer,COKFIELD1_5,HWF_HWFG1,HWF_MR1,,duplicate_match,different
279272,5ca824e2-f3ef-4755-90c1-914a1cedade3,Transformer,PowerTransformer,1,FMR2 69kV-138kV,243,WHITNEYSW,WHTNY,241,WHITNEY8,WHTNY,FMR2,WHTNY_FMR2,60007824.0,WHTNY_AXFMR2,,,1,Transformer,WHITNEY8,WHITNEYSW,WHTNY_AXFMR2,AXFMR2,duplicate_match,different
279272,5ca824e2-f3ef-4755-90c1-914a1cedade3,Transformer,PowerTransformer,1,FMR2 69kV-138kV,243,WHITNEYSW,WHTNY,241,WHITNEY8,WHTNY,FMR2,WHTNY_FMR2,60011728.0,WHTNY_AXFMR2_L,,,1,Transformer,WHITNEY8,WHITNEYSW,WHTNY_AXFMR2_L,AXFMR2_L,duplicate_match,different
279294,5dce00fe-6a60-4796-aa09-1c34fd583228,Transformer,PowerTransformer,1,FMR1 138kV-69kV,1596,GRAHAMSW_8,GRMSW,1597,GRAHAMSW_9,GRMSW,FMR1,GRMSW_FMR1,60110718.0,GRMSW_AXFMR1,,,1,Transformer,GRAHAMSW_8,GRAHAMSW_9,GRMSW_AXFMR1,,duplicate_match,different
279294,5dce00fe-6a60-4796-aa09-1c34fd583228,Transformer,PowerTransformer,1,FMR1 138kV-69kV,1596,GRAHAMSW_8,GRMSW,1597,GRAHAMSW_9,GRMSW,FMR1,GRMSW_FMR1,60036202.0,GRMSW_AXFMR1_L,,,1,Transformer,GRAHAMSW_8,GRAHAMSW_9,GRMSW_AXFMR1_L,AXFMR1_L,duplicate_match,different
279296,31c6ea69-66a6-4c00-9f7d-f10f45b73d84,Transformer,PowerTransformer,1,MR1H 345kV-1kV,3422,KILL_SS__5,KLNSW,24027,KLNSW1_1,KLNSW,MR1H,KLNSW_MR1H,60110870.0,KLNSW_AXFMR1H_H,,,1,Transformer,KILL_SS__5,KLNSW1_1,KLNSW_AXFMR1H_H,,duplicate_match,different
279296,31c6ea69-66a6-4c00-9f7d-f10f45b73d84,Transformer,PowerTransformer,1,MR1H 345kV-1kV,3422,KILL_SS__5,KLNSW,24027,KLNSW1_1,KLNSW,MR1H,KLNSW_MR1H,60005645.0,KLNSW_AXFMR1,,,1,Transformer,KILL_SS__5,KLNSW1_1,KLNSW_AXFMR1,AXFMR1,duplicate_match,different
279301,95c8ca34-0c1c-45ad-b05c-15139a49bd46,Transformer,PowerTransformer,1,FMR1 69kV-24.9kV,1353,SIGNALMTN_9,SGMTN,130121,SGM_SIGNALMT,SGMTN,FMR1,SGMTN_FMR1,60112098.0,SGMTN_FMR1,,,1,Transformer,SGM_SIGNALMT,SIGNALMTN_9,SGMTN_FMR1,,duplicate_match,different
279301,95c8ca34-0c1c-45ad-b05c-15139a49bd46,Transformer,PowerTransformer,1,FMR1 69kV-24.9kV,1353,SIGNALMTN_9,SGMTN,130121,SGM_SIGNALMT,SGMTN,FMR1,SGMTN_FMR1,60007165.0,SGMTN_UCXFMR1,,,1,Transformer,SGM_SIGNALMT,SIGNALMTN_9,SGMTN_UCXFMR1,UCXFMR1,duplicate_match,different
279309,025f8a8e-93ae-4b0b-a332-61f7d260e52d,Transformer,PowerTransformer,1,FMR3 138kV-19kV,1950,HANDLEYC_8,HLSES,150051,HLSES_UNIT3,HLSES,FMR3,HLSES_FMR3,60082992.0,HLSES_UXFMR3,,,1,Transformer,,,HLSES_UXFMR3,UXFMR3,duplicate_match,different
279309,025f8a8e-93ae-4b0b-a332-61f7d260e52d,Transformer,PowerTransformer,1,FMR3 138kV-19kV,1950,HANDLEYC_8,HLSES,150051,HLSES_UNIT3,HLSES,FMR3,HLSES_FMR3,60110770.0,HLSES_FMR3,,,1,Transformer,HANDLEYC_8,HLSES_UNIT3,HLSES_FMR3,,duplicate_match,different
279313,2a8ebf53-4692-4a43-9d42-fcd3e5bf3c7e,Transformer,PowerTransformer,1,1STG 138kV-13.8kV,370,JNSNCNTY8,TEN,150122,TEN_STG,TEN,1STG,TEN_1STG,60110613.0,TEN_1STG,,,1,Transformer,JNSNCNTY8,TEN_STG,TEN_1STG,,duplicate_match,different
279313,2a8ebf53-4692-4a43-9d42-fcd3e5bf3c7e,Transformer,PowerTransformer,1,1STG 138kV-13.8kV,370,JNSNCNTY8,TEN,150122,TEN_STG,TEN,1STG,TEN_1STG,60087785.0,TEN_1STG-XF-1,,,1,Transformer,,,TEN_1STG-XF-1,1STG-XF-1,duplicate_match,different
279316,43945c85-3b8e-44ce-9943-59c0e5b613c0,Transformer,PowerTransformer,2,FMR2 69kV-13.8kV,937,STEAM_D,STEAM,150713,STEA_STEAM_2,STEAM,FMR2,STEAM_FMR2,60087577.0,STEAM_GSUXFMR2,,,2,Transformer,,,STEAM_GSUXFMR2,GSUXFMR2,duplicate_match,different
279316,43945c85-3b8e-44ce-9943-59c0e5b613c0,Transformer,PowerTransformer,2,FMR2 69kV-13.8kV,937,STEAM_D,STEAM,150713,STEA_STEAM_2,STEAM,FMR2,STEAM_FMR2,60110642.0,STEAM_FMR2,,,2,Transformer,STEAM_D,STEA_STEAM_2,STEAM_FMR2,,duplicate_match,different
279341,e8180821-1575-46be-9cac-41c1ee9da8c9,Transformer,PowerTransformer,1,TG1 138kV-18kV,160264,CCEC_1_8,CCEC,160261,CCEC_GT1,CCEC,TG1,CCEC_TG1,60003725.0,CCEC_CTG1,,,1,Transformer,CCEC_GT1,CCEC_1_8,CCEC_CTG1,CTG1,duplicate_match,different
279341,e8180821-1575-46be-9cac-41c1ee9da8c9,Transformer,PowerTransformer,1,TG1 138kV-18kV,160264,CCEC_1_8,CCEC,160261,CCEC_GT1,CCEC,TG1,CCEC_TG1,60112561.0,CCEC_TG1,,,1,Transformer,CCEC_GT1,CCEC_1_8,CCEC_TG1,,duplicate_match,different
279347,bebdbdd6-e228-40c4-a659-03a841813f2d,Transformer,PowerTransformer,1,22-3 138kV-22kV,160094,NUECES_B_1_8,NUECES_B,160091,NUE_NUECESG7,NUECES_B,22-3,NUECES_B_22-3,60112537.0,NUECES_B_22_3,,,1,Transformer,NUE_NUECESG7,NUECES_B_1_8,NUECES_B_22_3,,duplicate_match,different
279347,bebdbdd6-e228-40c4-a659-03a841813f2d,Transformer,PowerTransformer,1,22-3 138kV-22kV,160094,NUECES_B_1_8,NUECES_B,160091,NUE_NUECESG7,NUECES_B,22-3,NUECES_B_22-3,60006432.0,NUECES_B_138_22_3_H,,,1,Transformer,NUE_NUECESG7,NUECES_B_1_8,NUECES_B_138_22_3_H,138_22_3_H,duplicate_match,different
279351,ce28cf42-0be0-4757-9244-6aeb43dbac83,Transformer,PowerTransformer,1,230T 230kV-138kV,80168,LARDVFT6A,LARDVFTS,80169,LARDVFT4B,LARDVFTS,230T,LARDVFTS_230T,60043429.0,LARDVFTS_230_138_1_L,,,1,Transformer,LARDVFT6A,LARDVFT4B,LARDVFTS_230_138_1_L,230_138_1_L,duplicate_match,different
279351,ce28cf42-0be0-4757-9244-6aeb43dbac83,Transformer,PowerTransformer,1,230T 230kV-138kV,80168,LARDVFT6A,LARDVFTS,80169,LARDVFT4B,LARDVFTS,230T,LARDVFTS_230T,60111710.0,LARDVFTS_230_138_1_H,,,1,Transformer,LARDVFT6A,LARDVFT4B,LARDVFTS_230_138_1_H,,duplicate_match,different
279367,e40558ae-4153-4c3d-99b3-703dfe7ab05e,Transformer,PowerTransformer,1,FMR1 34.5kV-345kV,160291,PENA_UNIT1,PENA,160294,PENA_1_5,PENA,FMR1,PENA_FMR1,60085868.0,PENA_PENASCALXFMR1,,,1,Transformer,,,PENA_PENASCALXFMR1,PENASCALXFMR1,duplicate_match,different
279367,e40558ae-4153-4c3d-99b3-703dfe7ab05e,Transformer,PowerTransformer,1,FMR1 34.5kV-345kV,160291,PENA_UNIT1,PENA,160294,PENA_1_5,PENA,FMR1,PENA_FMR1,60056216.0,PENA_FMR1,,,1,Transformer,PENA_1_5,PENA_UNIT1,PENA_FMR1,FMR1,duplicate_match,different
279369,febafb6e-29e8-42f1-b1ed-b59cbeebc4e8,Transformer,PowerTransformer,1,TF-C 138kV-18kV,8983,HECST14A,DUKE,160193,DUK_DUKE_ST1,DUKE,TF-C,DUKE_TF-C,60010018.0,DUKE_1-EY-TF-C,,,1,Transformer,HECST14A,DUK_DUKE_ST1,DUKE_1-EY-TF-C,1-EY-TF-C,duplicate_match,different
279369,febafb6e-29e8-42f1-b1ed-b59cbeebc4e8,Transformer,PowerTransformer,1,TF-C 138kV-18kV,8983,HECST14A,DUKE,160193,DUK_DUKE_ST1,DUKE,TF-C,DUKE_TF-C,60111120.0,DUKE_TF-C,,,1,Transformer,HECST14A,DUK_DUKE_ST1,DUKE_TF-C,,duplicate_match,different
279378,5e03d6a6-3d71-4b07-984f-74fdebbc000f,Transformer,PowerTransformer,1,GSU1 138kV-6.9000001kV,7087,L_CORONA8_1Y,CORONA,180004,BUCHAN_1,CORONA,GSU1,CORONA_GSU1,60111022.0,CORONA_GSU1,,,1,Transformer,L_CORONA8_1Y,BUCHAN_1,CORONA_GSU1,,duplicate_match,different
279378,5e03d6a6-3d71-4b07-984f-74fdebbc000f,Transformer,PowerTransformer,1,GSU1 138kV-6.9000001kV,7087,L_CORONA8_1Y,CORONA,180004,BUCHAN_1,CORONA,GSU1,CORONA_GSU1,60004073.0,CORONA_GSUT1,,,1,Transformer,L_CORONA8_1Y,BUCHAN_1,CORONA_GSUT1,GSUT1,duplicate_match,different
279380,13b1708c-9834-4bc5-b5c7-df1870ba7037,Transformer,PowerTransformer,2,T2_H 345kV-1kV,60040,BLF_CRK7A,BLUF_CRK,60074,BLCKDUM2,BLUF_CRK,T2_H,BLUF_CRK_T2_H,60003383.0,BLUF_CRK_T2_H,,,2,Transformer,BLF_CRK7A,BLCKDUM2,BLUF_CRK_T2_H,T2_H,duplicate_match,different
279380,13b1708c-9834-4bc5-b5c7-df1870ba7037,Transformer,PowerTransformer,2,T2_H 345kV-1kV,60040,BLF_CRK7A,BLUF_CRK,60074,BLCKDUM2,BLUF_CRK,T2_H,BLUF_CRK_T2_H,60010037.0,BLUF_CRK_T2_H_H,,,2,Transformer,BLF_CRK7A,BLCKDUM2,BLUF_CRK_T2_H_H,T2_H_H,duplicate_match,different
279383,1182b727-4d0d-4c8d-8f11-9c3d45a702bd,Transformer,PowerTransformer,2,T2_L 138kV-1kV,6216,BLF_CRK4A,BLUF_CRK,60074,BLCKDUM2,BLUF_CRK,T2_L,BLUF_CRK_T2_L,60009968.0,BLUF_CRK_T2_L_H,,,2,Transformer,BLF_CRK4A,BLCKDUM2,BLUF_CRK_T2_L_H,T2_L_H,duplicate_match,different
279383,1182b727-4d0d-4c8d-8f11-9c3d45a702bd,Transformer,PowerTransformer,2,T2_L 138kV-1kV,6216,BLF_CRK4A,BLUF_CRK,60074,BLCKDUM2,BLUF_CRK,T2_L,BLUF_CRK_T2_L,60003384.0,BLUF_CRK_T2_L,,,2,Transformer,BLF_CRK4A,BLCKDUM2,BLUF_CRK_T2_L,T2_L,duplicate_match,different
279385,6c6f2fe1-1d6e-4235-ad17-6873b1ec6ba5,Transformer,PowerTransformer,1,XF5 345kV-34.5kV,180163,SWEETWN5_5,SWEETWN5,180162,SWEETWN_WND5,SWEETWN5,XF5,SWEETWN5_XF5,60007427.0,SWEETWN4_5,,,1,Transformer,SWEETWN_WND5,SWEETWN4_2_5,SWEETWN4_5,5,duplicate_match,different
279385,6c6f2fe1-1d6e-4235-ad17-6873b1ec6ba5,Transformer,PowerTransformer,1,XF5 345kV-34.5kV,180163,SWEETWN5_5,SWEETWN5,180162,SWEETWN_WND5,SWEETWN5,XF5,SWEETWN5_XF5,60112759.0,SWEETWN5_XF5,,,1,Transformer,SWEETWN_WND5,SWEETWN5_5,SWEETWN5_XF5,,duplicate_match,different
279390,c86b04d1-41a7-41f3-838d-837414145035,Transformer,PowerTransformer,1,T1 138kV-34.5kV,180054,STWF_1_8,STWF,180053,STWF_T1,STWF,T1,STWF_T1,100004101.0,STWF_T1,,,1,Generator,STWF_1_8,STWF_T1,STWF_T1,T1,duplicate_match,same_element
279390,c86b04d1-41a7-41f3-838d-837414145035,Transformer,PowerTransformer,1,T1 138kV-34.5kV,180054,STWF_1_8,STWF,180053,STWF_T1,STWF,T1,STWF_T1,60112753.0,STWF_T1,,,1,Transformer,STWF_T1,STWF_1_8,STWF_T1,,duplicate_match,same_element
279397,1396094e-f691-471b-a32b-893c28301e16,Transformer,PowerTransformer,1,69T1 69kV-138kV,6224,ABNTHWST2A,ABNTHWST,6201,ABNTHWST4B,ABNTHWST,69T1,ABNTHWST_69T1,60110975.0,ABNTHWST_138_69T1,,,1,Transformer,ABNTHWST2A,ABNTHWST4B,ABNTHWST_138_69T1,,duplicate_match,different
279397,1396094e-f691-471b-a32b-893c28301e16,Transformer,PowerTransformer,1,69T1 69kV-138kV,6224,ABNTHWST2A,ABNTHWST,6201,ABNTHWST4B,ABNTHWST,69T1,ABNTHWST_69T1,60002855.0,ABNW_138_69T1,,,1,Transformer,ABNW2A,ABNW4A,ABNW_138_69T1,138_69T1,duplicate_match,different
279403,ab704539-668d-4469-ac51-f5b22cbe2cb8,Transformer,PowerTransformer,1,FMR4 69kV-14.4kV,920,SPNCRGEN69,SPNCER,150071,SPNC_SPNCE_4,SPNCER,FMR4,SPNCER_FMR4,60110639.0,SPNCER_FMR4,,,1,Transformer,SPNCRGEN69,SPNC_SPNCE_4,SPNCER_FMR4,,duplicate_match,different
279403,ab704539-668d-4469-ac51-f5b22cbe2cb8,Transformer,PowerTransformer,1,FMR4 69kV-14.4kV,920,SPNCRGEN69,SPNCER,150071,SPNC_SPNCE_4,SPNCER,FMR4,SPNCER_FMR4,60087475.0,SPNCER_GSUXFMR4,,,1,Transformer,,,SPNCER_GSUXFMR4,GSUXFMR4,duplicate_match,different
279408,34e66e3c-a981-428b-be1e-49e4f15daa15,Transformer,PowerTransformer,1,T3 69kV-13.8kV,32875,BRYN_DSBY69,DANSBY,120053,DAN_DANSBYG3,DANSBY,T3,DANSBY_T3,60111383.0,DANSBY_T3_H,,,1,Transformer,BRYN_DSBY69,DAN_DANSBYG3,DANSBY_T3_H,,duplicate_match,different
279408,34e66e3c-a981-428b-be1e-49e4f15daa15,Transformer,PowerTransformer,1,T3 69kV-13.8kV,32875,BRYN_DSBY69,DANSBY,120053,DAN_DANSBYG3,DANSBY,T3,DANSBY_T3,60081402.0,DANSBY_GSUXFMR3,,,1,Transformer,,,DANSBY_GSUXFMR3,GSUXFMR3,duplicate_match,different
279411,714b360d-6afa-464c-9957-2b5921e118ca,Transformer,PowerTransformer,1,MR1H 345kV-1kV,2410,NORWD_1T5,NORSW,24087,NORSW1_1,NORSW,MR1H,NORSW_MR1H,60110792.0,NORSW_AXFMR1H_H,,,1,Transformer,NORWD_1T5,NORSW1_1,NORSW_AXFMR1H_H,,duplicate_match,different
279411,714b360d-6afa-464c-9957-2b5921e118ca,Transformer,PowerTransformer,1,MR1H 345kV-1kV,2410,NORWD_1T5,NORSW,24087,NORSW1_1,NORSW,MR1H,NORSW_MR1H,60006401.0,NORSW_AXFMR1H,,,1,Transformer,,,NORSW_AXFMR1H,AXFMR1H,duplicate_match,different
279414,c605b58b-66ba-487c-ad4b-cea07857bb7f,Transformer,PowerTransformer,1,H101 138kV-13.8kV,110382,EXN_1_8,EXN,110371,EXN_EXN_G1,EXN,H101,EXN_H101,60111796.0,EXN_H101,,,1,Transformer,EXN_EXN_G1,EXN_1_8,EXN_H101,,duplicate_match,different
279414,c605b58b-66ba-487c-ad4b-cea07857bb7f,Transformer,PowerTransformer,1,H101 138kV-13.8kV,110382,EXN_1_8,EXN,110371,EXN_EXN_G1,EXN,H101,EXN_H101,60004649.0,EXN_TRTH101,,,1,Transformer,EXN_EXN_G1,EXN_1_8,EXN_TRTH101,TRTH101,duplicate_match,different
279430,5322eb9b-617e-4a81-8d45-8fabe2348947,Transformer,PowerTransformer,1,FMR2 345kV-138kV,646,LEWISVLSW5_1,LWSSW,645,LEWISVLSW8_1,LWSSW,FMR2,LWSSW_FMR2,60005974.0,LWSSW_AXFMR22,,,1,Transformer,LEWISVLSW8_1,LEWISVLSW5_1,LWSSW_AXFMR22,AXFMR22,duplicate_match,different
279430,5322eb9b-617e-4a81-8d45-8fabe2348947,Transformer,PowerTransformer,1,FMR2 345kV-138kV,646,LEWISVLSW5_1,LWSSW,645,LEWISVLSW8_1,LWSSW,FMR2,LWSSW_FMR2,60047047.0,LWSSW_AXFMR21,,,1,Transformer,LEWISVLSW8_1,LEWISVLSW5_1,LWSSW_AXFMR21,AXFMR21,duplicate_match,different
279432,63421394-6c34-48d9-96e6-61ae70b1e0a8,Transformer,PowerTransformer,1,TR2 345kV-34.5kV,160493,TGW_1_5,TGW,160492,TGW_T2,TGW,TR2,TGW_TR2,60112571.0,TGW_TR2,,,1,Transformer,TGW_T2,TGW_1_5,TGW_TR2,,duplicate_match,different
279432,63421394-6c34-48d9-96e6-61ae70b1e0a8,Transformer,PowerTransformer,1,TR2 345kV-34.5kV,160493,TGW_1_5,TGW,160492,TGW_T2,TGW,TR2,TGW_TR2,60087812.0,TGW_T2,,,1,Transformer,,,TGW_T2,T2,duplicate_match,different
279433,aed4c90d-8171-42ba-9d81-f910b01e247a,Transformer,PowerTransformer,1,TR1 345kV-34.5kV,160493,TGW_1_5,TGW,160491,TGW_T1,TGW,TR1,TGW_TR1,60087811.0,TGW_T1,,,1,Transformer,,,TGW_T1,T1,duplicate_match,different
279433,aed4c90d-8171-42ba-9d81-f910b01e247a,Transformer,PowerTransformer,1,TR1 345kV-34.5kV,160493,TGW_1_5,TGW,160491,TGW_T1,TGW,TR1,TGW_TR1,60112572.0,TGW_TR1,,,1,Transformer,TGW_T1,TGW_1_5,TGW_TR1,,duplicate_match,different
279439,50e7cad0-d7f4-4911-a924-d3f812341224,Transformer,PowerTransformer,1,FMR1 345kV-18kV,246,BOSQUESW5,BOSQUESW,150141,BOSQ_BSQSU_1,BOSQUESW,FMR1,BOSQUESW_FMR1,60110600.0,BOSQUESW_FMR1,,,1,Transformer,BOSQUESW5,BOSQ_BSQSU_1,BOSQUESW_FMR1,,duplicate_match,different
279439,50e7cad0-d7f4-4911-a924-d3f812341224,Transformer,PowerTransformer,1,FMR1 345kV-18kV,246,BOSQUESW5,BOSQUESW,150141,BOSQ_BSQSU_1,BOSQUESW,FMR1,BOSQUESW_FMR1,60080319.0,BOSQUESW_GSUXFMR1,,,1,Transformer,,,BOSQUESW_GSUXFMR1,GSUXFMR1,duplicate_match,different
279440,251a9556-1411-415a-8c2f-d7cd6e1de83a,Transformer,PowerTransformer,1,T1 138kV-34.5kV,1638,SLSTR1PP_8,FLTCK,150511,FLTCK_SSI,FLTCK,T1,FLTCK_T1,60082141.0,FLTCK_UNIT_1,,,1,Transformer,,,FLTCK_UNIT_1,UNIT_1,duplicate_match,different
279440,251a9556-1411-415a-8c2f-d7cd6e1de83a,Transformer,PowerTransformer,1,T1 138kV-34.5kV,1638,SLSTR1PP_8,FLTCK,150511,FLTCK_SSI,FLTCK,T1,FLTCK_T1,60110723.0,FLTCK_T1,,,1,Transformer,SLSTR1PP_8,FLTCK_SSI,FLTCK_T1,,duplicate_match,different
279460,6a91d127-a002-45bf-9a21-fa9796504354,Transformer,PowerTransformer,1,FMR1 138kV-24kV,2403,LKHB_1T8,LHSES,150091,LHSES_UNIT1,LHSES,FMR1,LHSES_FMR1,60083887.0,LHSES_UXFMR1,,,1,Transformer,,,LHSES_UXFMR1,UXFMR1,duplicate_match,different
279460,6a91d127-a002-45bf-9a21-fa9796504354,Transformer,PowerTransformer,1,FMR1 138kV-24kV,2403,LKHB_1T8,LHSES,150091,LHSES_UNIT1,LHSES,FMR1,LHSES_FMR1,60110789.0,LHSES_FMR1,,,1,Transformer,LKHB_1T8,LHSES_UNIT1,LHSES_FMR1,,duplicate_match,different
279469,5b0ec0ff-237a-413a-b408-e7764172c304,Transformer,PowerTransformer,G1,MT1 138kV-20kV,49213,GENWAP1_01_8,WAP,110011,WAP_WAP_G1,WAP,MT1,WAP_MT1,60111613.0,WAP_MT1,,,G1,Transformer,GENWAP1_01_8,WAP_WAP_G1,WAP_MT1,,duplicate_match,different
279469,5b0ec0ff-237a-413a-b408-e7764172c304,Transformer,PowerTransformer,G1,MT1 138kV-20kV,49213,GENWAP1_01_8,WAP,110011,WAP_WAP_G1,WAP,MT1,WAP_MT1,60088357.0,WAP_WAPMT1_,,,G1,Transformer,W_A_P___138A,WAP_WAP_G1,WAP_WAPMT1_,WAPMT1_,duplicate_match,different
279472,15483a04-d647-453c-968c-c42fe54ab5bf,Transformer,PowerTransformer,G1,XT01 138kV-13.8kV,110232,_AK_1_8,AK,110231,_AK__AK_G1,AK,XT01,AK_XT01,60111775.0,AK_AKXT01,,,G1,Transformer,_AK_1_8,_AK__AK_G1,AK_AKXT01,,duplicate_match,different
279472,15483a04-d647-453c-968c-c42fe54ab5bf,Transformer,PowerTransformer,G1,XT01 138kV-13.8kV,110232,_AK_1_8,AK,110231,_AK__AK_G1,AK,XT01,AK_XT01,60009371.0,AK_AKXT01_H,,,G1,Transformer,_AK_1_8,_AK__AK_G1,AK_AKXT01_H,AKXT01_H,duplicate_match,different
279474,dfe20312-b456-45e4-8632-2d244030caf5,Transformer,PowerTransformer,2,FMR2 138kV-22kV,12403,LKHB_2T8,LHSES,150092,LH2SES_UNIT2,LHSES,FMR2,LHSES_FMR2,60111249.0,LHSES_FMR2,,,2,Transformer,LKHB_2T8,LH2SES_UNIT2,LHSES_FMR2,,duplicate_match,different
279474,dfe20312-b456-45e4-8632-2d244030caf5,Transformer,PowerTransformer,2,FMR2 138kV-22kV,12403,LKHB_2T8,LHSES,150092,LH2SES_UNIT2,LHSES,FMR2,LHSES_FMR2,60083886.0,LH2SES_UXFMR2,,,2,Transformer,,,LH2SES_UXFMR2,UXFMR2,duplicate_match,different
279484,6e797af6-c12a-4ddd-a03c-c087edc3e290,Transformer,PowerTransformer,1,FMR1 345kV-18kV,140067,LPCCS_1_5,LPCCS,140063,LPCCS_UNIT1,LPCCS,FMR1,LPCCS_FMR1,60112252.0,LPCCS_FMR1,,,1,Transformer,LPCCS_UNIT1,LPCCS_1_5,LPCCS_FMR1,,duplicate_match,different
279484,6e797af6-c12a-4ddd-a03c-c087edc3e290,Transformer,PowerTransformer,1,FMR1 345kV-18kV,140067,LPCCS_1_5,LPCCS,140063,LPCCS_UNIT1,LPCCS,FMR1,LPCCS_FMR1,60084131.0,LPCCS_UXFMR1,,,1,Transformer,,,LPCCS_UXFMR1,UXFMR1,duplicate_match,different
279501,2714cd59-e3ea-4d8e-aaeb-6d3cfd426818,Transformer,PowerTransformer,A3,AT3H 345kV-1kV,40000,CEDARP_B345A,CBY,49110,CEDARP_A3STR,CBY,AT3H,CBY_AT3H,60003701.0,CBY_AT3_H_OldTeid,,,A3,Transformer,CEDARP_B138B,CEDARP_A3STR,CBY_AT3_H_OldTeid,AT3_H,duplicate_match,different
279501,2714cd59-e3ea-4d8e-aaeb-6d3cfd426818,Transformer,PowerTransformer,A3,AT3H 345kV-1kV,40000,CEDARP_B345A,CBY,49110,CEDARP_A3STR,CBY,AT3H,CBY_AT3H,60094322.0,CBY_AT3H_H,,,A3,Transformer,CEDARP_B345A,CEDARP_A3STR,CBY_AT3H_H,AT3H_H,duplicate_match,different
279503,d51aa7cb-28df-45b9-9e46-400f8a0401a0,Transformer,PowerTransformer,1,13_1 138kV-13.8kV,160205,LGE4A,LGE,160203,LGE_LGE_STG,LGE,13_1,LGE_13_1,60083875.0,LGE_138_13_1,,,1,Transformer,,,LGE_138_13_1,138_13_1,duplicate_match,different
279503,d51aa7cb-28df-45b9-9e46-400f8a0401a0,Transformer,PowerTransformer,1,13_1 138kV-13.8kV,160205,LGE4A,LGE,160203,LGE_LGE_STG,LGE,13_1,LGE_13_1,60112552.0,LGE_13_1,,,1,Transformer,LGE_LGE_STG,LGE4A,LGE_13_1,,duplicate_match,different
279505,546c9b32-2a6f-47f8-9d50-0bcf8577cb02,Transformer,PowerTransformer,A3,AT3 138kV-1kV,40015,CEDARP_B138B,CBY,49110,CEDARP_A3STR,CBY,AT3,CBY_AT3,60003702.0,CBY_AT3L_H,,,A3,Transformer,CEDARP_B138B,CEDARP_A3STR,CBY_AT3L_H,AT3L_H,duplicate_match,different
279505,546c9b32-2a6f-47f8-9d50-0bcf8577cb02,Transformer,PowerTransformer,A3,AT3 138kV-1kV,40015,CEDARP_B138B,CBY,49110,CEDARP_A3STR,CBY,AT3,CBY_AT3,60097988.0,CBY_AT3_H,,,A3,Transformer,CEDARP_B138B,CEDARP_A3STR,CBY_AT3_H,AT3_H,duplicate_match,different
279521,e58a2ca1-26b3-437a-b903-c38ffd01c76a,Transformer,PowerTransformer,1,KUN 34.5kV-138kV,130021,KUN_WIND_LGE,KUNITZ,7387,L_KUNITZ8_1Y,KUNITZ,KUN,KUNITZ_KUN,60083580.0,KUNITZ_TWPP_KUN,,,1,Transformer,,,KUNITZ_TWPP_KUN,TWPP_KUN,duplicate_match,different
279521,e58a2ca1-26b3-437a-b903-c38ffd01c76a,Transformer,PowerTransformer,1,KUN 34.5kV-138kV,130021,KUN_WIND_LGE,KUNITZ,7387,L_KUNITZ8_1Y,KUNITZ,KUN,KUNITZ_KUN,60112097.0,KUNITZ_TWPPKUN,,,1,Transformer,L_KUNITZ8_1Y,KUN_WIND_LGE,KUNITZ_TWPPKUN,,duplicate_match,different
279546,9899b845-d61a-4985-b2b3-f615a4cc2288,Transformer,PowerTransformer,1,FMR1 138kV-13.8kV,3122,STRYKERND_8,SCSES,120141,SCSES_UNIT1A,SCSES,FMR1,SCSES_FMR1,60110823.0,SCSES_FMR1,,,1,Transformer,STRYKERND_8,SCSES_UNIT1A,SCSES_FMR1,,duplicate_match,different
279546,9899b845-d61a-4985-b2b3-f615a4cc2288,Transformer,PowerTransformer,1,FMR1 138kV-13.8kV,3122,STRYKERND_8,SCSES,120141,SCSES_UNIT1A,SCSES,FMR1,SCSES_FMR1,60007147.0,SCSES_UXFMR1,,,1,Transformer,STRYKERND_8,SCSES_UNIT1A,SCSES_UXFMR1,UXFMR1,duplicate_match,different
279550,f6548c1e-a68d-4706-b7c6-04f8115df1ff,Transformer,PowerTransformer,1,AT1H 345kV-1kV,76009,L_TWINBU5_1Y,TWINBU,77155,L_TWINBU_1Z,TWINBU,AT1H,TWINBU_AT1H,60008846.0,TWINBU_AT1H,,,1,Transformer,L_TWINBU5_1Y,L_TWINBU_1Z,TWINBU_AT1H,AT1H,duplicate_match,different
279550,f6548c1e-a68d-4706-b7c6-04f8115df1ff,Transformer,PowerTransformer,1,AT1H 345kV-1kV,76009,L_TWINBU5_1Y,TWINBU,77155,L_TWINBU_1Z,TWINBU,AT1H,TWINBU_AT1H,60007649.0,TWINBU_T1H,,,1,Transformer,L_TWINBU1_1,L_TWINBU5_1Y,TWINBU_T1H,T1H,duplicate_match,different
279552,17721a0e-1582-40f2-852b-4bb97f468b3e,Transformer,PowerTransformer,1,AT1L 138kV-1kV,76011,L_TWINBU8_1Y,TWINBU,77155,L_TWINBU_1Z,TWINBU,AT1L,TWINBU_AT1L,60007650.0,TWINBU_T1L,,,1,Transformer,L_TWINBU8_1Y,L_TWINBU1_1,TWINBU_T1L,T1L,duplicate_match,different
279552,17721a0e-1582-40f2-852b-4bb97f468b3e,Transformer,PowerTransformer,1,AT1L 138kV-1kV,76011,L_TWINBU8_1Y,TWINBU,77155,L_TWINBU_1Z,TWINBU,AT1L,TWINBU_AT1L,60008847.0,TWINBU_AT1L,,,1,Transformer,L_TWINBU8_1Y,L_TWINBU_1Z,TWINBU_AT1L,AT1L,duplicate_match,different
279555,a24b7025-0175-4fb3-8aa2-2bde8af2696f,Transformer,PowerTransformer,1,18-8 138kV-18kV,160095,NUECES_B_2_8,NUECES_B,160092,NUE_NUECESG8,NUECES_B,18-8,NUECES_B_18-8,60006434.0,NUECES_B_142_18_8_H,,,1,Transformer,NUE_NUECESG8,NUECES_B_2_8,NUECES_B_142_18_8_H,142_18_8_H,duplicate_match,different
279555,a24b7025-0175-4fb3-8aa2-2bde8af2696f,Transformer,PowerTransformer,1,18-8 138kV-18kV,160095,NUECES_B_2_8,NUECES_B,160092,NUE_NUECESG8,NUECES_B,18-8,NUECES_B_18-8,60112538.0,NUECES_B_18_8,,,1,Transformer,NUE_NUECESG8,NUECES_B_2_8,NUECES_B_18_8,,duplicate_match,different
279556,415a51c7-afec-4f0e-94fe-22fa2332d243,Transformer,PowerTransformer,1,18-9 138kV-18kV,160096,NUECES_B_3_8,NUECES_B,160093,NUE_NUECESG9,NUECES_B,18-9,NUECES_B_18-9,60006435.0,NUECES_B_142_18_9_H,,,1,Transformer,NUE_NUECESG9,NUECES_B_3_8,NUECES_B_142_18_9_H,142_18_9_H,duplicate_match,different
279556,415a51c7-afec-4f0e-94fe-22fa2332d243,Transformer,PowerTransformer,1,18-9 138kV-18kV,160096,NUECES_B_3_8,NUECES_B,160093,NUE_NUECESG9,NUECES_B,18-9,NUECES_B_18-9,60112539.0,NUECES_B_18_9,,,1,Transformer,NUE_NUECESG9,NUECES_B_3_8,NUECES_B_18_9,,duplicate_match,different
279575,dc4bc975-883a-488d-a91b-29b39570c05a,Transformer,PowerTransformer,1,FMR1 69kV-138kV,3161,DIALVILL_9,DIALV,3160,DIALVILL_8,DIALV,FMR1,DIALV_FMR1,60110831.0,DIALV_AXFMR1-L,,,1,Transformer,DIALVILL_8,DIALVILL_9,DIALV_AXFMR1-L,,duplicate_match,different
279575,dc4bc975-883a-488d-a91b-29b39570c05a,Transformer,PowerTransformer,1,FMR1 69kV-138kV,3161,DIALVILL_9,DIALV,3160,DIALVILL_8,DIALV,FMR1,DIALV_FMR1,60028293.0,DIALV_AXFMR1-H,,,1,Transformer,DIALVILL_9,DIALVILL_8,DIALV_AXFMR1-H,AXFMR1-H,duplicate_match,different
279578,78a51b26-7d10-44c0-b887-a0569f550217,Transformer,PowerTransformer,1,FMR1 69kV-138kV,6253,ELMCRK2A,ELMCRK,6255,ELMCRK4A,ELMCRK,FMR1,ELMCRK_FMR1,60002847.0,ABEC_XFMR1,,,1,Transformer,ABEC4A,ABEC2A,ABEC_XFMR1,XFMR1,duplicate_match,different
279578,78a51b26-7d10-44c0-b887-a0569f550217,Transformer,PowerTransformer,1,FMR1 69kV-138kV,6253,ELMCRK2A,ELMCRK,6255,ELMCRK4A,ELMCRK,FMR1,ELMCRK_FMR1,60009307.0,ELMCRK_XFMR1,,,1,Transformer,ELMCRK2A,ELMCRK4A,ELMCRK_XFMR1,XFMR1,duplicate_match,different
279582,43178187-dd5d-4709-a798-bdb792ec4009,Transformer,PowerTransformer,1,AT1 345kV-138kV,180760,DIVIDE_SC1,CAPRIDGE,180754,DIVIDE_1_8,CAPRIDGE,AT1,CAPRIDGE_AT1,60021604.0,CAPRIDGE_AT1_L,,,1,Transformer,DIVIDE_1_8,DIVIDE_SC1,CAPRIDGE_AT1_L,AT1_L,duplicate_match,different
279582,43178187-dd5d-4709-a798-bdb792ec4009,Transformer,PowerTransformer,1,AT1 345kV-138kV,180760,DIVIDE_SC1,CAPRIDGE,180754,DIVIDE_1_8,CAPRIDGE,AT1,CAPRIDGE_AT1,60112783.0,CAPRIDGE_AT1,,,1,Transformer,DIVIDE_1_8,DIVIDE_SC1,CAPRIDGE_AT1,,duplicate_match,different
279583,69a53e05-8771-42e1-96df-67cb219b7297,Transformer,PowerTransformer,1,XF22 34.5kV-138kV,180153,SWEETWN_WND2,SWEETWN2,180154,SWEETWN2_1_8,SWEETWN2,XF22,SWEETWN2_XF22,60067944.0,SWEETWN2_XF22,,,1,Transformer,SWEETWN2_1_8,SWEETWN_WND2,SWEETWN2_XF22,XF22,duplicate_match,different
279583,69a53e05-8771-42e1-96df-67cb219b7297,Transformer,PowerTransformer,1,XF22 34.5kV-138kV,180153,SWEETWN_WND2,SWEETWN2,180154,SWEETWN2_1_8,SWEETWN2,XF22,SWEETWN2_XF22,60087676.0,SWEETWN2_UXFMR1,,,1,Transformer,SWEETWN2_1_8,SWEETWN_WND2,SWEETWN2_UXFMR1,UXFMR1,duplicate_match,different
279585,7e4ba199-61a8-42f5-95d1-356c931873eb,Transformer,PowerTransformer,1,T1 345kV-34.5kV,180958,PYRON_1_5,PYR,180960,PYR_PYRON1,PYR,T1,PYR_T1,60006812.0,PYR_PYR_T1,,,1,Transformer,PYRON_1_5,PYR_PYRON1,PYR_PYR_T1,PYR_T1,duplicate_match,different
279585,7e4ba199-61a8-42f5-95d1-356c931873eb,Transformer,PowerTransformer,1,T1 345kV-34.5kV,180958,PYRON_1_5,PYR,180960,PYR_PYRON1,PYR,T1,PYR_T1,60112788.0,PYR_T1,,,1,Transformer,PYRON_1_5,PYR_PYRON1,PYR_T1,,duplicate_match,different
279589,0fac46da-31d9-4c6c-812d-da60a82ed8b1,Transformer,PowerTransformer,1,FMR1 138kV-20kV,1431,GRHAMSES1_8,GRSES,150041,GRSES_UNIT1,GRSES,FMR1,GRSES_FMR1,60082699.0,GRSES_UXFMR1,,,1,Transformer,,,GRSES_UXFMR1,UXFMR1,duplicate_match,different
279589,0fac46da-31d9-4c6c-812d-da60a82ed8b1,Transformer,PowerTransformer,1,FMR1 138kV-20kV,1431,GRHAMSES1_8,GRSES,150041,GRSES_UNIT1,GRSES,FMR1,GRSES_FMR1,60110708.0,GRSES_FMR1,,,1,Transformer,GRHAMSES1_8,GRSES_UNIT1,GRSES_FMR1,,duplicate_match,different
279591,a7d33bbf-3cad-428c-8224-c1529bbb2805,Transformer,PowerTransformer,1,T1 345kV-34.5kV,150212,LNCRK_1_5,LNCRK,150211,LNCRK_G83,LNCRK,T1,LNCRK_T1,60112412.0,LNCRK_T1,,,1,Transformer,LNCRK_G83,LNCRK_1_5,LNCRK_T1,,duplicate_match,different
279591,a7d33bbf-3cad-428c-8224-c1529bbb2805,Transformer,PowerTransformer,1,T1 345kV-34.5kV,150212,LNCRK_1_5,LNCRK,150211,LNCRK_G83,LNCRK,T1,LNCRK_T1,60083971.0,LNCRK_XFMR_T1,,,1,Transformer,,,LNCRK_XFMR_T1,XFMR_T1,duplicate_match,different
279594,62b278f6-1081-4097-8861-77cb35d68432,Transformer,PowerTransformer,1,T1 345kV-34.5kV,180961,IND_1_5,INDL,180957,IND_INADALE1,INDL,T1,INDL_T1,60005469.0,INDL_IND_T1,,,1,Transformer,IND_INADALE1,IND_1_5,INDL_IND_T1,IND_T1,duplicate_match,different
279594,62b278f6-1081-4097-8861-77cb35d68432,Transformer,PowerTransformer,1,T1 345kV-34.5kV,180961,IND_1_5,INDL,180957,IND_INADALE1,INDL,T1,INDL_T1,60112789.0,INDL_T1,,,1,Transformer,IND_INADALE1,IND_1_5,INDL_T1,,duplicate_match,different
279596,2d45b731-f82d-40f6-b5c3-0d5dabbe4e42,Transformer,PowerTransformer,1,T1 138kV-34.5kV,131143,MCDLD_1_8,MCDLD,131141,MCDLD_FCW1,MCDLD,T1,MCDLD_T1,60006092.0,MCDLD_FOR_T1,,,1,Transformer,MCDLD_FCW1,MCDLD_1_8,MCDLD_FOR_T1,FOR_T1,duplicate_match,different
279596,2d45b731-f82d-40f6-b5c3-0d5dabbe4e42,Transformer,PowerTransformer,1,T1 138kV-34.5kV,131143,MCDLD_1_8,MCDLD,131141,MCDLD_FCW1,MCDLD,T1,MCDLD_T1,60112112.0,MCDLD_T1,,,1,Transformer,MCDLD_FCW1,MCDLD_1_8,MCDLD_T1,,duplicate_match,different
279601,976668a6-caf4-4090-ac29-7b28ba2577f8,Transformer,PowerTransformer,1,69T1 69kV-138kV,6180,RADIUM2A,RADIUM,1398,RADIUMMT_8,RADIUM,69T1,RADIUM_69T1,60006853.0,RADM_138_69T1,,,1,Transformer,RADM2A,RADIUMMT_8,RADM_138_69T1,138_69T1,duplicate_match,different
279601,976668a6-caf4-4090-ac29-7b28ba2577f8,Transformer,PowerTransformer,1,69T1 69kV-138kV,6180,RADIUM2A,RADIUM,1398,RADIUMMT_8,RADIUM,69T1,RADIUM_69T1,60110974.0,RADIUM_138_69T1,,,1,Transformer,RADIUMMT_8,RADIUM2A,RADIUM_138_69T1,,duplicate_match,different
279602,fa359112-a606-4e2a-8598-3bf40603fd6b,Transformer,PowerTransformer,1,T1H 345kV-1kV,6444,REDCREEK7A,REDCREEK,6294,SRC1DUM,REDCREEK,T1H,REDCREEK_T1H,60006901.0,REDCREEK_T1H,,,1,Transformer,SRC1DUM,REDCREEK7A,REDCREEK_T1H,T1H,duplicate_match,different
279602,fa359112-a606-4e2a-8598-3bf40603fd6b,Transformer,PowerTransformer,1,T1H 345kV-1kV,6444,REDCREEK7A,REDCREEK,6294,SRC1DUM,REDCREEK,T1H,REDCREEK_T1H,60087138.0,SARC_T1H,,,1,Transformer,SARC7A,SRC1DUM,SARC_T1H,T1H,duplicate_match,different
279604,9d1239dc-49e8-4734-9efd-dcaf97f2c67c,Transformer,PowerTransformer,1,T1L 138kV-1kV,6442,REDCREEK4A,REDCREEK,6294,SRC1DUM,REDCREEK,T1L,REDCREEK_T1L,60006902.0,REDCREEK_T1L,,,1,Transformer,SRC1DUM,REDCREEK4A,REDCREEK_T1L,T1L,duplicate_match,different
279604,9d1239dc-49e8-4734-9efd-dcaf97f2c67c,Transformer,PowerTransformer,1,T1L 138kV-1kV,6442,REDCREEK4A,REDCREEK,6294,SRC1DUM,REDCREEK,T1L,REDCREEK_T1L,60087139.0,SARC_T1L,,,1,Transformer,SRC1DUM,SARC4A,SARC_T1L,T1L,duplicate_match,different
279606,927488bf-578d-410a-aeb1-0652f505fd95,Transformer,PowerTransformer,1,T1 345kV-34.5kV,180952,CHAMPION_1_5,CHAMPION,180951,CHAMPI_UNIT1,CHAMPION,T1,CHAMPION_T1,60003785.0,CHAMPION_CHP_T1,,,1,Transformer,CHAMPI_UNIT1,CHAMPION_1_5,CHAMPION_CHP_T1,CHP_T1,duplicate_match,different
279606,927488bf-578d-410a-aeb1-0652f505fd95,Transformer,PowerTransformer,1,T1 345kV-34.5kV,180952,CHAMPION_1_5,CHAMPION,180951,CHAMPI_UNIT1,CHAMPION,T1,CHAMPION_T1,60112784.0,CHAMPION_T1,,,1,Transformer,CHAMPI_UNIT1,CHAMPION_1_5,CHAMPION_T1,,duplicate_match,different
279633,3a7f4e60-c0e5-406a-af16-6511fa910eda,Transformer,PowerTransformer,G1,XF04 345kV-16kV,110076,CBY4_1_5,CBY4,110075,CBY4_ST04,CBY4,XF04,CBY4_XF04,60003707.0,CBY4_GSU-XF-04001,,,G1,Transformer,CBY4_ST04,CBY4_1_5,CBY4_GSU-XF-04001,GSU-XF-04001,duplicate_match,different
279633,3a7f4e60-c0e5-406a-af16-6511fa910eda,Transformer,PowerTransformer,G1,XF04 345kV-16kV,110076,CBY4_1_5,CBY4,110075,CBY4_ST04,CBY4,XF04,CBY4_XF04,60111746.0,CBY4_XF04,,,G1,Transformer,CBY4_ST04,CBY4_1_5,CBY4_XF04,,duplicate_match,different
279643,664b3f97-9a82-4565-b4ed-cdfac6a2e76e,Transformer,PowerTransformer,1,TF-A 345kV-18kV,7049,L_BASTEN5_1Y,BASTEN,170181,BAST_GTG1100,BASTEN,TF-A,BASTEN_TF-A,60003211.0,BASTEN_1EY-TF-A,,,1,Transformer,L_BASTEN5_1Y,BAST_GTG1100,BASTEN_1EY-TF-A,1EY-TF-A,duplicate_match,different
279643,664b3f97-9a82-4565-b4ed-cdfac6a2e76e,Transformer,PowerTransformer,1,TF-A 345kV-18kV,7049,L_BASTEN5_1Y,BASTEN,170181,BAST_GTG1100,BASTEN,TF-A,BASTEN_TF-A,60111013.0,BASTEN_TF-A,,,1,Transformer,L_BASTEN5_1Y,BAST_GTG1100,BASTEN_TF-A,,duplicate_match,different
279648,97a3d04c-10d9-43b5-9c05-cc7dfcb86510,Transformer,PowerTransformer,G1,21T 138kV-13.8kV,110797,CBEC_1_8,CBEC,110791,CBEC_GT1,CBEC,21T,CBEC_21T,60111853.0,CBEC_21T,,,G1,Transformer,CBEC_GT1,CBEC_1_8,CBEC_21T,,duplicate_match,different
279648,97a3d04c-10d9-43b5-9c05-cc7dfcb86510,Transformer,PowerTransformer,G1,21T 138kV-13.8kV,110797,CBEC_1_8,CBEC,110791,CBEC_GT1,CBEC,21T,CBEC_21T,60003683.0,CBEC_21T701,,,G1,Transformer,CBEC_GT1,CBEC_1_8,CBEC_21T701,21T701,duplicate_match,different
279659,aab01c4e-a0b6-4503-8bf8-b2ce1e8b7263,Transformer,PowerTransformer,1,GSU1 138kV-18kV,110279,AMOCOOIL_6_8,AMOCOOIL,110280,AMO_AMOCO_G1,AMOCOOIL,GSU1,AMOCOOIL_GSU1,60111782.0,AMOCOOIL_GSU1,,,1,Transformer,AMOCOOIL_6_8,AMO_AMOCO_G1,AMOCOOIL_GSU1,,duplicate_match,different
279659,aab01c4e-a0b6-4503-8bf8-b2ce1e8b7263,Transformer,PowerTransformer,1,GSU1 138kV-18kV,110279,AMOCOOIL_6_8,AMOCOOIL,110280,AMO_AMOCO_G1,AMOCOOIL,GSU1,AMOCOOIL_GSU1,60079575.0,AMOCOOIL_GSUT1,,,1,Transformer,AMO_AMOCO_G1,AMOCOOIL_6_8,AMOCOOIL_GSUT1,GSUT1,duplicate_match,different
279665,d56d7039-e63c-4a1f-823f-a58dcc260e8e,Transformer,PowerTransformer,1,GSU1 138kV-13.8kV,110505,SCLPCOGN_2_8,SCLPCOGN,110501,SCLP_SCLPC_1,SCLPCOGN,GSU1,SCLPCOGN_GSU1,60111817.0,SCLPCOGN_GSU1,,,1,Transformer,SCLP_SCLPC_1,SCLPCOGN_2_8,SCLPCOGN_GSU1,,duplicate_match,different
279665,d56d7039-e63c-4a1f-823f-a58dcc260e8e,Transformer,PowerTransformer,1,GSU1 138kV-13.8kV,110505,SCLPCOGN_2_8,SCLPCOGN,110501,SCLP_SCLPC_1,SCLPCOGN,GSU1,SCLPCOGN_GSU1,60087198.0,SCLPCOGN_SCLPGSU1,,,1,Transformer,SCLP_SCLPC_1,SCLPCOGN_2_8,SCLPCOGN_SCLPGSU1,SCLPGSU1,duplicate_match,different
279671,c440f464-6671-45a3-a000-ea3e7f7bb021,Transformer,PowerTransformer,1,MR1 34.5kV-138kV,180251,BRAZ_WN_WND1,BRAZ_WND,180254,BRAZ_WND_2_8,BRAZ_WND,MR1,BRAZ_WND_MR1,60019167.0,BRAZ_WND_MR1,,,1,Transformer,BRAZ_WN_WND1,BRAZ_WND_2_8,BRAZ_WND_MR1,MR1,duplicate_match,different
279671,c440f464-6671-45a3-a000-ea3e7f7bb021,Transformer,PowerTransformer,1,MR1 34.5kV-138kV,180251,BRAZ_WN_WND1,BRAZ_WND,180254,BRAZ_WND_2_8,BRAZ_WND,MR1,BRAZ_WND_MR1,60080345.0,BRAZ_WND_UXFMR1,,,1,Transformer,BRAZ_WN_WND1,BRAZ_WND_1_8,BRAZ_WND_UXFMR1,UXFMR1,duplicate_match,different
279676,7da6d588-915e-48a9-9d06-d0fb987c23d9,Transformer,PowerTransformer,1,MPT1 138kV-13.8kV,9188,DECK_MB3,DECKER,170153,DECKE_DPGT_1,DECKER,MPT1,DECKER_MPT1,60111134.0,DECKER_MPT1,,,1,Transformer,DECK_MB3,DECKE_DPGT_1,DECKER_MPT1,,duplicate_match,different
279676,7da6d588-915e-48a9-9d06-d0fb987c23d9,Transformer,PowerTransformer,1,MPT1 138kV-13.8kV,9188,DECK_MB3,DECKER,170153,DECKE_DPGT_1,DECKER,MPT1,DECKER_MPT1,60081497.0,DECKER_DP_MPT1,,,1,Transformer,DECKE_DPGT_1,DECK_MB3,DECKER_DP_MPT1,DP_MPT1,duplicate_match,different
279687,8e58bee1-6b3d-4f41-9dbc-937d36495502,Transformer,PowerTransformer,1,GSU1 138kV-18kV,7310,L_SIMGID8_1Y,GIDEON,170071,GID_GIDEONG1,GIDEON,GSU1,GIDEON_GSU1,60111040.0,GIDEON_GSU1,,,1,Transformer,L_SIMGID8_1Y,GID_GIDEONG1,GIDEON_GSU1,,duplicate_match,different
279687,8e58bee1-6b3d-4f41-9dbc-937d36495502,Transformer,PowerTransformer,1,GSU1 138kV-18kV,7310,L_SIMGID8_1Y,GIDEON,170071,GID_GIDEONG1,GIDEON,GSU1,GIDEON_GSU1,60005040.0,GIDEON_2_GSUT1,,,1,Transformer,L_SIMGID8_1Y,GID_GIDEONG1,GIDEON_2_GSUT1,2_GSUT1,duplicate_match,different
279696,721f11ab-2675-4cd5-a72c-41d4350ecc89,Transformer,PowerTransformer,1,UT1 345kV-24kV,5901,MIGUEL5,SANMIGL,160131,SAN_SANMIGG1,SANMIGL,UT1,SANMIGL_UT1,60110953.0,SANMIGL_UT1,,,1,Transformer,MIGUEL5,SAN_SANMIGG1,SANMIGL_UT1,,duplicate_match,different
279696,721f11ab-2675-4cd5-a72c-41d4350ecc89,Transformer,PowerTransformer,1,UT1 345kV-24kV,5901,MIGUEL5,SANMIGL,160131,SAN_SANMIGG1,SANMIGL,UT1,SANMIGL_UT1,60086933.0,SANMIGL_DP_MT_1,,,1,Transformer,,,SANMIGL_DP_MT_1,DP_MT_1,duplicate_match,different
279718,4ca95fb1-33ba-4125-84c9-e2720aff6464,Transformer,PowerTransformer,1,GSU1 138kV-6.9000001kV,7348,L_MARBFA8_1Y,MARBFA,170051,MAR_MARBFAG1,MARBFA,GSU1,MARBFA_GSU1,60006038.0,MARBFA_13GSUT1,,,1,Transformer,MAR_MARBFAG1,L_MARBFA8_1Y,MARBFA_13GSUT1,13GSUT1,duplicate_match,different
279718,4ca95fb1-33ba-4125-84c9-e2720aff6464,Transformer,PowerTransformer,1,GSU1 138kV-6.9000001kV,7348,L_MARBFA8_1Y,MARBFA,170051,MAR_MARBFAG1,MARBFA,GSU1,MARBFA_GSU1,60111044.0,MARBFA_GSU1,,,1,Transformer,L_MARBFA8_1Y,MAR_MARBFAG1,MARBFA_GSU1,,duplicate_match,different
279729,4d123621-ce42-4866-8cf1-2e6dd4b59678,Transformer,PowerTransformer,1,XFM1 138kV-13.8kV,160222,CELANEBI_1_8,CELANEBI,160221,CEL_CELANEG1,CELANEBI,XFM1,CELANEBI_XFM1,60112555.0,CELANEBI_XFM1,,,1,Transformer,CEL_CELANEG1,CELANEBI_1_8,CELANEBI_XFM1,,duplicate_match,different
279729,4d123621-ce42-4866-8cf1-2e6dd4b59678,Transformer,PowerTransformer,1,XFM1 138kV-13.8kV,160222,CELANEBI_1_8,CELANEBI,160221,CEL_CELANEG1,CELANEBI,XFM1,CELANEBI_XFM1,60080685.0,CELANEBI_XF_1_138,,,1,Transformer,,,CELANEBI_XF_1_138,XF_1_138,duplicate_match,different
279744,68d53b74-11b4-452d-a67b-265d8c56fe75,Transformer,PowerTransformer,1,FMR1 69kV-13.8kV,242,WHITNEYDM,WND,150013,WND_1,WND,FMR1,WND_FMR1,60088706.0,WND_GSUXFMR1,,,1,Transformer,,,WND_GSUXFMR1,GSUXFMR1,duplicate_match,different
279744,68d53b74-11b4-452d-a67b-265d8c56fe75,Transformer,PowerTransformer,1,FMR1 69kV-13.8kV,242,WHITNEYDM,WND,150013,WND_1,WND,FMR1,WND_FMR1,60110599.0,WND_FMR1,,,1,Transformer,WHITNEYDM,WND_1,WND_FMR1,,duplicate_match,different
279745,bc52f097-826b-4fba-93ab-ce82afd31d2b,Transformer,PowerTransformer,1,GSUA 138kV-13.8kV,7309,L_WIPOPA8_1Y,WIPOPA,170331,WIPOP_WPP_G1,WIPOPA,GSUA,WIPOPA_GSUA,60088671.0,WIPOPA_GSU_12,,,1,Transformer,WIPOP_WPP_G1,L_WIPOPA8_1Y,WIPOPA_GSU_12,GSU_12,duplicate_match,different
279745,bc52f097-826b-4fba-93ab-ce82afd31d2b,Transformer,PowerTransformer,1,GSUA 138kV-13.8kV,7309,L_WIPOPA8_1Y,WIPOPA,170331,WIPOP_WPP_G1,WIPOPA,GSUA,WIPOPA_GSUA,60111037.0,WIPOPA_GSUA,,,1,Transformer,L_WIPOPA8_1Y,WIPOP_WPP_G1,WIPOPA_GSUA,,duplicate_match,different
279746,b356a756-5477-433a-9ceb-a3359d301585,Transformer,PowerTransformer,1,GSUB 138kV-13.8kV,7304,L_WIPOPA8_2Y,WIPOPA,170332,WIPOP_WPP_G3,WIPOPA,GSUB,WIPOPA_GSUB,60111036.0,WIPOPA_GSUB,,,1,Transformer,L_WIPOPA8_2Y,WIPOP_WPP_G3,WIPOPA_GSUB,,duplicate_match,different
279746,b356a756-5477-433a-9ceb-a3359d301585,Transformer,PowerTransformer,1,GSUB 138kV-13.8kV,7304,L_WIPOPA8_2Y,WIPOPA,170332,WIPOP_WPP_G3,WIPOPA,GSUB,WIPOPA_GSUB,60088672.0,WIPOPA_GSU_34,,,3,Transformer,WIPOP_WPP_G3,L_WIPOPA8_2Y,WIPOPA_GSU_34,GSU_34,duplicate_match,different
279749,23388d1a-33cf-4ea9-9834-1d3beb2b237c,Transformer,PowerTransformer,1,MT2 345kV-25kV,49209,GENLEG2_02_5,LEG,150102,LEG_LEG_G2,LEG,MT2,LEG_MT2,60083810.0,LEG_LEGMT2_,,,1,Transformer,,,LEG_LEGMT2_,LEGMT2_,duplicate_match,different
279749,23388d1a-33cf-4ea9-9834-1d3beb2b237c,Transformer,PowerTransformer,1,MT2 345kV-25kV,49209,GENLEG2_02_5,LEG,150102,LEG_LEG_G2,LEG,MT2,LEG_MT2,60111608.0,LEG_MT2,,,1,Transformer,GENLEG2_02_5,LEG_LEG_G2,LEG_MT2,,duplicate_match,different
279750,8ae7218f-b0a7-4e9b-be4f-6d4e348e177a,Transformer,PowerTransformer,1,MT1 345kV-25kV,49208,GENLEG1_01_5,LEG,150101,LEG_LEG_G1,LEG,MT1,LEG_MT1,60111607.0,LEG_MT1,,,1,Transformer,GENLEG1_01_5,LEG_LEG_G1,LEG_MT1,,duplicate_match,different
279750,8ae7218f-b0a7-4e9b-be4f-6d4e348e177a,Transformer,PowerTransformer,1,MT1 345kV-25kV,49208,GENLEG1_01_5,LEG,150101,LEG_LEG_G1,LEG,MT1,LEG_MT1,60083809.0,LEG_LEGMT1_,,,1,Transformer,,,LEG_LEGMT1_,LEGMT1_,duplicate_match,different
279758,f1dd903d-0a9a-4905-bc85-fb57099a3bb4,Transformer,PowerTransformer,A1,AT-1 345kV-138kV,110736,BTE_1_5,BTE,110735,BTE_1_8,BTE,AT-1,BTE_AT-1,60010605.0,BTE_AT-1,,,A1,Transformer,BTE_1_8,BTE_1_5,BTE_AT-1,AT-1,duplicate_match,different
279758,f1dd903d-0a9a-4905-bc85-fb57099a3bb4,Transformer,PowerTransformer,A1,AT-1 345kV-138kV,110736,BTE_1_5,BTE,110735,BTE_1_8,BTE,AT-1,BTE_AT-1,60003525.0,BTE_AT-1_L,,,A1,Transformer,BTE_1_5,BTE_1_8,BTE_AT-1_L,AT-1_L,duplicate_match,different
279759,8f816608-8a16-45b6-9521-44fe68ccafe5,Transformer,PowerTransformer,G1,MT3 138kV-13.8kV,40480,DIABOX_POI_8,DIB,110172,DIB_DIB_G2,DIB,MT3,DIB_MT3,60004290.0,DIB_XF_2_138,,,G1,Transformer,DIB_DIB_G2,DS_BAT__138A,DIB_XF_2_138,XF_2_138,duplicate_match,different
279759,8f816608-8a16-45b6-9521-44fe68ccafe5,Transformer,PowerTransformer,G1,MT3 138kV-13.8kV,40480,DIABOX_POI_8,DIB,110172,DIB_DIB_G2,DIB,MT3,DIB_MT3,60111417.0,DIB_MT3H,,,G1,Transformer,DIABOX_POI_8,DIB_DIB_G2,DIB_MT3H,,duplicate_match,different
279764,6b795a02-5619-4a39-ab55-1a5daa226a49,Transformer,PowerTransformer,1,113A 69kV-13.8kV,110336,NCARBIDE_1_9,NCARBIDE,110331,NCA_NCARBIG1,NCARBIDE,113A,NCARBIDE_113A,60111788.0,NCARBIDE_113A,,,1,Transformer,NCA_NCARBIG1,NCARBIDE_1_9,NCARBIDE_113A,,duplicate_match,different
279764,6b795a02-5619-4a39-ab55-1a5daa226a49,Transformer,PowerTransformer,1,113A 69kV-13.8kV,110336,NCARBIDE_1_9,NCARBIDE,110331,NCA_NCARBIG1,NCARBIDE,113A,NCARBIDE_113A,60084878.0,NCARBIDE_XF-113A,,,1,Transformer,NCA_NCARBIG1,NCARBIDE_1_9,NCARBIDE_XF-113A,XF-113A,duplicate_match,different
279765,871cf6d6-2e08-4f13-8302-9b4f46f46886,Transformer,PowerTransformer,3,GSUC 18kV-345kV,170173,LOS_LOSTPST1,LOSTPI,170174,LOSTPINE5,LOSTPI,GSUC,LOSTPI_GSUC,60046013.0,LOSTPI_GSUC,,,3,Transformer,LOSTPINE5,LOS_LOSTPST1,LOSTPI_GSUC,GSUC,duplicate_match,different
279765,871cf6d6-2e08-4f13-8302-9b4f46f46886,Transformer,PowerTransformer,3,GSUC 18kV-345kV,170173,LOS_LOSTPST1,LOSTPI,170174,LOSTPINE5,LOSTPI,GSUC,LOSTPI_GSUC,60084109.0,LOSTPI_GSUTC,,,3,Transformer,LOS_LOSTPST1,L_LOSTPI1_1Y,LOSTPI_GSUTC,GSUTC,duplicate_match,different
279767,12e38ca6-cf36-4b91-9284-587361ea01cc,Transformer,PowerTransformer,1,GSUA 18kV-345kV,170171,LOS_LOSTPGT1,LOSTPI,170174,LOSTPINE5,LOSTPI,GSUA,LOSTPI_GSUA,60084107.0,LOSTPI_GSUTA,,,1,Transformer,LOS_LOSTPGT1,L_LOSTPI1_1Y,LOSTPI_GSUTA,GSUTA,duplicate_match,different
279767,12e38ca6-cf36-4b91-9284-587361ea01cc,Transformer,PowerTransformer,1,GSUA 18kV-345kV,170171,LOS_LOSTPGT1,LOSTPI,170174,LOSTPINE5,LOSTPI,GSUA,LOSTPI_GSUA,60046011.0,LOSTPI_GSUA,,,1,Transformer,LOS_LOSTPGT1,LOSTPINE5,LOSTPI_GSUA,GSUA,duplicate_match,different
279768,bb43fdbd-cbdd-4519-bf62-2710920f2c68,Transformer,PowerTransformer,2,GSUB 18kV-345kV,170172,LOS_LOSTPGT2,LOSTPI,170174,LOSTPINE5,LOSTPI,GSUB,LOSTPI_GSUB,60084108.0,LOSTPI_GSUTB,,,2,Transformer,LOS_LOSTPGT2,L_LOSTPI1_1Y,LOSTPI_GSUTB,GSUTB,duplicate_match,different
279768,bb43fdbd-cbdd-4519-bf62-2710920f2c68,Transformer,PowerTransformer,2,GSUB 18kV-345kV,170172,LOS_LOSTPGT2,LOSTPI,170174,LOSTPINE5,LOSTPI,GSUB,LOSTPI_GSUB,60046012.0,LOSTPI_GSUB,,,2,Transformer,LOSTPINE5,LOS_LOSTPGT2,LOSTPI_GSUB,GSUB,duplicate_match,different
279772,fd40c0f7-2056-4ae2-8cc2-7ca0e3453d1a,Transformer,PowerTransformer,1,22_1 22kV-138kV,170123,CALAVER_OWS1,CALAVERS,5395,SOMMERS,CALAVERS,22_1,CALAVERS_22_1,60080569.0,CALAVERS_138_22_1,,,1,Transformer,SOMMERS,CALAVER_OWS1,CALAVERS_138_22_1,138_22_1,duplicate_match,different
279772,fd40c0f7-2056-4ae2-8cc2-7ca0e3453d1a,Transformer,PowerTransformer,1,22_1 22kV-138kV,170123,CALAVER_OWS1,CALAVERS,5395,SOMMERS,CALAVERS,22_1,CALAVERS_22_1,60021245.0,CALAVERS_22_1,,,1,Transformer,SOMMERS,CALAVER_OWS1,CALAVERS_22_1,22_1,duplicate_match,different
279777,b83e02ad-bb51-47b1-a9e1-22602429008a,Transformer,PowerTransformer,1,H201 138kV-13.8kV,110382,EXN_1_8,EXN,110372,EXN_EXN_G2,EXN,H201,EXN_H201,60111798.0,EXN_H201,,,1,Transformer,EXN_EXN_G2,EXN_1_8,EXN_H201,,duplicate_match,different
279777,b83e02ad-bb51-47b1-a9e1-22602429008a,Transformer,PowerTransformer,1,H201 138kV-13.8kV,110382,EXN_1_8,EXN,110372,EXN_EXN_G2,EXN,H201,EXN_H201,60004650.0,EXN_TRTH201,,,1,Transformer,EXN_EXN_G2,EXN_1_8,EXN_TRTH201,TRTH201,duplicate_match,different
279779,55a60b24-9aa0-43b8-ae27-89043a011dbf,Transformer,PowerTransformer,1,XF1 345kV-34.5kV,180152,SWEETWND_1_5,SWEETWND,180151,SWEETWN_WND1,SWEETWND,XF1,SWEETWND_XF1,60087688.0,SWEETWND_0UXFMR1,,,1,Transformer,SWEETWN_WND1,SWEETWND_1_5,SWEETWND_0UXFMR1,0UXFMR1,duplicate_match,different
279779,55a60b24-9aa0-43b8-ae27-89043a011dbf,Transformer,PowerTransformer,1,XF1 345kV-34.5kV,180152,SWEETWND_1_5,SWEETWND,180151,SWEETWN_WND1,SWEETWND,XF1,SWEETWND_XF1,60112754.0,SWEETWND_XF1,,,1,Transformer,SWEETWND_1_5,SWEETWN_WND1,SWEETWND_XF1,,duplicate_match,different
279780,9719929a-5f72-4b87-b0dc-6057c242f42d,Transformer,PowerTransformer,P1,PS_1 138kV-138kV,6364,YELWJCKT4A,YELWJCKT,6365,YELWJCKT4B,YELWJCKT,PS_1,YELWJCKT_PS_1,60110987.0,YELWJCKT_PS_1_H,,,P1,Transformer,YELWJCKT4A,YELWJCKT4B,YELWJCKT_PS_1_H,,duplicate_match,different
279780,9719929a-5f72-4b87-b0dc-6057c242f42d,Transformer,PowerTransformer,P1,PS_1 138kV-138kV,6364,YELWJCKT4A,YELWJCKT,6365,YELWJCKT4B,YELWJCKT,PS_1,YELWJCKT_PS_1,60076843.0,YELWJCKT_PS_1_L,,,P1,Transformer,YELWJCKT4B,YELWJCKT4A,YELWJCKT_PS_1_L,PS_1_L,duplicate_match,different
279781,d4115aa6-20d7-44f9-861b-ac3b214595e7,Transformer,PowerTransformer,1,HAT2 69kV-138kV,38770,TNHEIGHTS_0,HEIGHTTN,38740,TNHEIGHTS_1,HEIGHTTN,HAT2,HEIGHTTN_HAT2,60005274.0,HEIGHTTN_HEIGHAT2,,,1,Transformer,TNHEIGHTS_1,TNHEIGHTS_0,HEIGHTTN_HEIGHAT2,HEIGHAT2,duplicate_match,different
279781,d4115aa6-20d7-44f9-861b-ac3b214595e7,Transformer,PowerTransformer,1,HAT2 69kV-138kV,38770,TNHEIGHTS_0,HEIGHTTN,38740,TNHEIGHTS_1,HEIGHTTN,HAT2,HEIGHTTN_HAT2,60011758.0,HEIGHTTN_HEIGHAT2_L,,,1,Transformer,TNHEIGHTS_1,TNHEIGHTS_0,HEIGHTTN_HEIGHAT2_L,HEIGHAT2_L,duplicate_match,different
279782,bde134cd-c831-4c85-bb61-5ea230540735,Transformer,PowerTransformer,2,HAT1 69kV-138kV,38770,TNHEIGHTS_0,HEIGHTTN,38740,TNHEIGHTS_1,HEIGHTTN,HAT1,HEIGHTTN_HAT1,60005273.0,HEIGHTTN_HEIGHAT1,,,2,Transformer,TNHEIGHTS_1,TNHEIGHTS_0,HEIGHTTN_HEIGHAT1,HEIGHAT1,duplicate_match,different
279782,bde134cd-c831-4c85-bb61-5ea230540735,Transformer,PowerTransformer,2,HAT1 69kV-138kV,38770,TNHEIGHTS_0,HEIGHTTN,38740,TNHEIGHTS_1,HEIGHTTN,HAT1,HEIGHTTN_HAT1,60111404.0,HEIGHTTN_HEIGHAT1_L,,,2,Transformer,TNHEIGHTS_1,TNHEIGHTS_0,HEIGHTTN_HEIGHAT1_L,,duplicate_match,different
279784,cb81e787-4739-4197-a0b2-d247454ac5bf,Transformer,PowerTransformer,1,69T1 138kV-69kV,6364,YELWJCKT4A,YELWJCKT,6363,YELWJCKT2A,YELWJCKT,69T1,YELWJCKT_69T1,60110986.0,YELWJCKT_138_69_1_H,,,1,Transformer,YELWJCKT4A,YELWJCKT2A,YELWJCKT_138_69_1_H,,duplicate_match,different
279784,cb81e787-4739-4197-a0b2-d247454ac5bf,Transformer,PowerTransformer,1,69T1 138kV-69kV,6364,YELWJCKT4A,YELWJCKT,6363,YELWJCKT2A,YELWJCKT,69T1,YELWJCKT_69T1,60076783.0,YELWJCKT_138_69_1_L,,,1,Transformer,YELWJCKT4A,YELWJCKT2A,YELWJCKT_138_69_1_L,138_69_1_L,duplicate_match,different
279788,5aa3f498-c9f3-49bd-a08c-10840cb92a9c,Transformer,PowerTransformer,1,H301 138kV-13.8kV,110382,EXN_1_8,EXN,110373,EXN_EXN_G3,EXN,H301,EXN_H301,60111797.0,EXN_H301,,,1,Transformer,EXN_EXN_G3,EXN_1_8,EXN_H301,,duplicate_match,different
279788,5aa3f498-c9f3-49bd-a08c-10840cb92a9c,Transformer,PowerTransformer,1,H301 138kV-13.8kV,110382,EXN_1_8,EXN,110373,EXN_EXN_G3,EXN,H301,EXN_H301,60004651.0,EXN_TRTH301,,,1,Transformer,EXN_EXN_G3,EXN_1_8,EXN_TRTH301,TRTH301,duplicate_match,different
279790,840f84cf-d664-42bf-a562-0b0346c5085a,Transformer,PowerTransformer,1,H501 138kV-18kV,110383,EXN_2_8,EXN,110381,EXN_EXN_G14,EXN,H501,EXN_H501,60111799.0,EXN_H501,,,1,Transformer,EXN_EXN_G14,EXN_2_8,EXN_H501,,duplicate_match,different
279790,840f84cf-d664-42bf-a562-0b0346c5085a,Transformer,PowerTransformer,1,H501 138kV-18kV,110383,EXN_2_8,EXN,110381,EXN_EXN_G14,EXN,H501,EXN_H501,60004653.0,EXN_TRTH501,,,1,Transformer,EXN_EXN_G14,EXN_2_8,EXN_TRTH501,TRTH501,duplicate_match,different
279797,07b956cb-527a-4b90-a9c8-c7485c058906,Transformer,PowerTransformer,1,T390 69kV-13.8kV,110377,EXN_1_9,EXN,110375,EXN_EXN_G8,EXN,T390,EXN_T390,60111794.0,EXN_T390,,,1,Transformer,EXN_EXN_G8,EXN_1_9,EXN_T390,,duplicate_match,different
279797,07b956cb-527a-4b90-a9c8-c7485c058906,Transformer,PowerTransformer,1,T390 69kV-13.8kV,110377,EXN_1_9,EXN,110375,EXN_EXN_G8,EXN,T390,EXN_T390,60004642.0,EXN_TP390,,,1,Transformer,EXN_EXN_G8,EXN_1_9,EXN_TP390,TP390,duplicate_match,different
279798,59311285-6d2a-4638-aa6f-7304f747a8f8,Transformer,PowerTransformer,1,T396 69kV-13.8kV,110378,EXN_2_9,EXN,110375,EXN_EXN_G8,EXN,T396,EXN_T396,60010569.0,EXN_T396,,,1,Transformer,EXN_2_9,EXN_EXN_G8,EXN_T396,T396,duplicate_match,different
279798,59311285-6d2a-4638-aa6f-7304f747a8f8,Transformer,PowerTransformer,1,T396 69kV-13.8kV,110378,EXN_2_9,EXN,110375,EXN_EXN_G8,EXN,T396,EXN_T396,60004643.0,EXN_TP396,,,1,Transformer,EXN_2_9,EXN_EXN_G8,EXN_TP396,TP396,duplicate_match,different
279799,7d19e992-0605-49ad-9095-89cd9dbd5363,Transformer,PowerTransformer,2,T397 69kV-13.8kV,110378,EXN_2_9,EXN,110375,EXN_EXN_G8,EXN,T397,EXN_T397,60111789.0,EXN_T397,,,2,Transformer,EXN_2_9,EXN_EXN_G8,EXN_T397,,duplicate_match,different
279799,7d19e992-0605-49ad-9095-89cd9dbd5363,Transformer,PowerTransformer,2,T397 69kV-13.8kV,110378,EXN_2_9,EXN,110375,EXN_EXN_G8,EXN,T397,EXN_T397,60004644.0,EXN_TP397,,,2,Transformer,EXN_2_9,EXN_EXN_G8,EXN_TP397,TP397,duplicate_match,different
279800,4e4cfc45-f406-4dd6-9f96-fde4fe03159f,Transformer,PowerTransformer,1,T401 69kV-13.8kV,110377,EXN_1_9,EXN,110376,EXN_EXN_G9,EXN,T401,EXN_T401,60111792.0,EXN_T401,,,1,Transformer,EXN_1_9,EXN_EXN_G9,EXN_T401,,duplicate_match,different
279800,4e4cfc45-f406-4dd6-9f96-fde4fe03159f,Transformer,PowerTransformer,1,T401 69kV-13.8kV,110377,EXN_1_9,EXN,110376,EXN_EXN_G9,EXN,T401,EXN_T401,60004645.0,EXN_TP401,,,1,Transformer,EXN_1_9,EXN_EXN_G9,EXN_TP401,TP401,duplicate_match,different
279801,2805b2c1-3dc7-44ac-9e8e-1fbfaf733cf7,Transformer,PowerTransformer,2,T402 69kV-13.8kV,110377,EXN_1_9,EXN,110376,EXN_EXN_G9,EXN,T402,EXN_T402,60004646.0,EXN_TP402,,,2,Transformer,EXN_1_9,EXN_EXN_G9,EXN_TP402,TP402,duplicate_match,different
279801,2805b2c1-3dc7-44ac-9e8e-1fbfaf733cf7,Transformer,PowerTransformer,2,T402 69kV-13.8kV,110377,EXN_1_9,EXN,110376,EXN_EXN_G9,EXN,T402,EXN_T402,60111790.0,EXN_T402,,,2,Transformer,EXN_1_9,EXN_EXN_G9,EXN_T402,,duplicate_match,different
279802,e8fffc7f-8dd2-4dbe-ae4f-c808c1d02ae4,Transformer,PowerTransformer,3,T403 69kV-13.8kV,110377,EXN_1_9,EXN,110376,EXN_EXN_G9,EXN,T403,EXN_T403,60004647.0,EXN_TP403,,,3,Transformer,EXN_1_9,EXN_EXN_G9,EXN_TP403,TP403,duplicate_match,different
279802,e8fffc7f-8dd2-4dbe-ae4f-c808c1d02ae4,Transformer,PowerTransformer,3,T403 69kV-13.8kV,110377,EXN_1_9,EXN,110376,EXN_EXN_G9,EXN,T403,EXN_T403,60111791.0,EXN_T403,,,3,Transformer,EXN_1_9,EXN_EXN_G9,EXN_T403,,duplicate_match,different
279803,9ea5c273-5240-4490-9db2-3099b46ed1bf,Transformer,PowerTransformer,4,T404 69kV-13.8kV,110377,EXN_1_9,EXN,110376,EXN_EXN_G9,EXN,T404,EXN_T404,60111793.0,EXN_T404,,,4,Transformer,EXN_EXN_G9,EXN_1_9,EXN_T404,,duplicate_match,different
279803,9ea5c273-5240-4490-9db2-3099b46ed1bf,Transformer,PowerTransformer,4,T404 69kV-13.8kV,110377,EXN_1_9,EXN,110376,EXN_EXN_G9,EXN,T404,EXN_T404,60004648.0,EXN_TP404,,,4,Transformer,EXN_EXN_G9,EXN_1_9,EXN_TP404,TP404,duplicate_match,different
279804,e8de055a-fcc3-4934-8349-e3422b1867d9,Transformer,PowerTransformer,1,H401 69kV-13.8kV,110378,EXN_2_9,EXN,110374,EXN_EXN_G4,EXN,H401,EXN_H401,60111795.0,EXN_H401,,,1,Transformer,EXN_EXN_G4,EXN_2_9,EXN_H401,,duplicate_match,different
279804,e8de055a-fcc3-4934-8349-e3422b1867d9,Transformer,PowerTransformer,1,H401 69kV-13.8kV,110378,EXN_2_9,EXN,110374,EXN_EXN_G4,EXN,H401,EXN_H401,60004652.0,EXN_TRTH401,,,1,Transformer,EXN_EXN_G4,EXN_2_9,EXN_TRTH401,TRTH401,duplicate_match,different
279806,21599b36-1fd4-4d07-8922-60e61469f77e,Transformer,PowerTransformer,1,T904 138kV-13.8kV,58959,PEARSALLSCB8,PEARSAL2,160077,PEARSA_ENG19,PEARSAL2,T904,PEARSAL2_T904,60085757.0,PEARSAL2_AET904,,,1,Transformer,,,PEARSAL2_AET904,AET904,duplicate_match,different
279806,21599b36-1fd4-4d07-8922-60e61469f77e,Transformer,PowerTransformer,1,T904 138kV-13.8kV,58959,PEARSALLSCB8,PEARSAL2,160077,PEARSA_ENG19,PEARSAL2,T904,PEARSAL2_T904,60111618.0,PEARSAL2_T904,,,1,Transformer,PEARSALLSCB8,PEARSA_ENG19,PEARSAL2_T904,,duplicate_match,different
279807,cac5ed6c-37d0-4908-9d59-27c8a023f00a,Transformer,PowerTransformer,1,T902 138kV-13.8kV,58959,PEARSALLSCB8,PEARSAL2,160075,PEARSA_ENG10,PEARSAL2,T902,PEARSAL2_T902,60006654.0,PEARSAL2_AET902,,,1,Transformer,PEARSALLSCB8,PEARSA_ENG10,PEARSAL2_AET902,AET902,duplicate_match,different
279807,cac5ed6c-37d0-4908-9d59-27c8a023f00a,Transformer,PowerTransformer,1,T902 138kV-13.8kV,58959,PEARSALLSCB8,PEARSAL2,160075,PEARSA_ENG10,PEARSAL2,T902,PEARSAL2_T902,60111621.0,PEARSAL2_T902,,,1,Transformer,PEARSALLSCB8,PEARSA_ENG10,PEARSAL2_T902,,duplicate_match,different
279808,fe1455c0-bd0c-4f0a-a8e9-86928d0df210,Transformer,PowerTransformer,1,T901 138kV-13.8kV,58959,PEARSALLSCB8,PEARSAL2,160074,PEARSAL_ENG1,PEARSAL2,T901,PEARSAL2_T901,60111619.0,PEARSAL2_T901,,,1,Transformer,PEARSALLSCB8,PEARSAL_ENG1,PEARSAL2_T901,,duplicate_match,different
279808,fe1455c0-bd0c-4f0a-a8e9-86928d0df210,Transformer,PowerTransformer,1,T901 138kV-13.8kV,58959,PEARSALLSCB8,PEARSAL2,160074,PEARSAL_ENG1,PEARSAL2,T901,PEARSAL2_T901,60006653.0,PEARSAL2_AET901,,,1,Transformer,PEARSALLSCB8,PEARSAL_ENG1,PEARSAL2_AET901,AET901,duplicate_match,different
279811,a9a9d789-7368-41ad-882d-04d68e6714cb,Transformer,PowerTransformer,1,FMR2 138kV-13.8kV,18100,PBGENBUS_B,PB2SES,130012,PB2SES_CT2,PB2SES,FMR2,PB2SES_FMR2,60111297.0,PB2SES_FMR2,,,1,Transformer,PBGENBUS_B,PB2SES_CT2,PB2SES_FMR2,,duplicate_match,different
279811,a9a9d789-7368-41ad-882d-04d68e6714cb,Transformer,PowerTransformer,1,FMR2 138kV-13.8kV,18100,PBGENBUS_B,PB2SES,130012,PB2SES_CT2,PB2SES,FMR2,PB2SES_FMR2,60085654.0,PB2SES_UCXFMR2,,,1,Transformer,,,PB2SES_UCXFMR2,UCXFMR2,duplicate_match,different
279814,1ab5e4e3-868c-422d-8ec1-f74d390b296c,Transformer,PowerTransformer,1,24_6 24kV-345kV,170126,CALAVER_JKS2,CALAVERS,5400,SPRUCE,CALAVERS,24_6,CALAVERS_24_6,60080574.0,CALAVERS_345_24_6,,,1,Transformer,CALAVER_JKS2,SPRUCE,CALAVERS_345_24_6,345_24_6,duplicate_match,different
279814,1ab5e4e3-868c-422d-8ec1-f74d390b296c,Transformer,PowerTransformer,1,24_6 24kV-345kV,170126,CALAVER_JKS2,CALAVERS,5400,SPRUCE,CALAVERS,24_6,CALAVERS_24_6,60021260.0,CALAVERS_24_6,,,1,Transformer,SPRUCE,CALAVER_JKS2,CALAVERS_24_6,24_6,duplicate_match,different
279825,1dfafca9-9560-473f-a2d6-315cb8e81362,Transformer,PowerTransformer,1,GSU7 138kV-13.8kV,7104,L_WIRTZ_8_1Y,WIRTZ,170041,WIR_WIRTZ_G1,WIRTZ,GSU7,WIRTZ_GSU7,60088691.0,WIRTZ_WIRGSUT1,,,1,Transformer,WIR_WIRTZ_G1,L_WIRTZ_8_1Y,WIRTZ_WIRGSUT1,WIRGSUT1,duplicate_match,different
279825,1dfafca9-9560-473f-a2d6-315cb8e81362,Transformer,PowerTransformer,1,GSU7 138kV-13.8kV,7104,L_WIRTZ_8_1Y,WIRTZ,170041,WIR_WIRTZ_G1,WIRTZ,GSU7,WIRTZ_GSU7,60111024.0,WIRTZ_GSU7,,,1,Transformer,L_WIRTZ_8_1Y,WIR_WIRTZ_G1,WIRTZ_GSU7,,duplicate_match,different
279826,0276289e-9132-4248-aa12-9b9227edcba7,Transformer,PowerTransformer,1,GSU2 138kV-13.8kV,7104,L_WIRTZ_8_1Y,WIRTZ,170042,WIR_WIRTZ_G2,WIRTZ,GSU2,WIRTZ_GSU2,60088673.0,WIRTZ_34GSUT2,,,2,Transformer,WIR_WIRTZ_G2,L_WIRTZ_8_1Y,WIRTZ_34GSUT2,34GSUT2,duplicate_match,different
279826,0276289e-9132-4248-aa12-9b9227edcba7,Transformer,PowerTransformer,1,GSU2 138kV-13.8kV,7104,L_WIRTZ_8_1Y,WIRTZ,170042,WIR_WIRTZ_G2,WIRTZ,GSU2,WIRTZ_GSU2,60111025.0,WIRTZ_GSU2,,,1,Transformer,L_WIRTZ_8_1Y,WIR_WIRTZ_G2,WIRTZ_GSU2,,duplicate_match,different
279834,9082540a-c1ca-4a89-8721-de6a119162f4,Transformer,PowerTransformer,1,18_2 345kV-18kV,5475,VON_ROSE,BRAUNIG,170135,BRA_AVR1_CT2,BRAUNIG,18_2,BRAUNIG_18_2,60080344.0,BRAUNIG_345_18_2,,,1,Transformer,BRA_AVR1_CT2,VON_ROSE,BRAUNIG_345_18_2,345_18_2,duplicate_match,different
279834,9082540a-c1ca-4a89-8721-de6a119162f4,Transformer,PowerTransformer,1,18_2 345kV-18kV,5475,VON_ROSE,BRAUNIG,170135,BRA_AVR1_CT2,BRAUNIG,18_2,BRAUNIG_18_2,60110929.0,BRAUNIG_18_2,,,1,Transformer,VON_ROSE,BRA_AVR1_CT2,BRAUNIG_18_2,,duplicate_match,different
279835,44865d5a-3c25-4822-9ff8-0fc4e6f7fbb9,Transformer,PowerTransformer,1,18_3 345kV-1kV,5475,VON_ROSE,BRAUNIG,5474,AVR_STR1,BRAUNIG,18_3,BRAUNIG_18_3,60110928.0,BRAUNIG_18_3,,,1,Transformer,AVR_STR1,VON_ROSE,BRAUNIG_18_3,,duplicate_match,different
279835,44865d5a-3c25-4822-9ff8-0fc4e6f7fbb9,Transformer,PowerTransformer,1,18_3 345kV-1kV,5475,VON_ROSE,BRAUNIG,5474,AVR_STR1,BRAUNIG,18_3,BRAUNIG_18_3,60003469.0,BRAUNIG_345_18_3H,,,1,Transformer,AVR_STR1,VON_ROSE,BRAUNIG_345_18_3H,345_18_3H,duplicate_match,different
279836,d0e32c29-b624-4eba-a285-0013ea7a0535,Transformer,PowerTransformer,1,MT78 138kV-1kV,5030,BRAUNIG_E,BRAUNIG,5037,BR_STR78,BRAUNIG,MT78,BRAUNIG_MT78,60003475.0,BRAUNIG_MT78H,,,1,Transformer,BRAUNIG_E,BR_STR78,BRAUNIG_MT78H,MT78H,duplicate_match,different
279836,d0e32c29-b624-4eba-a285-0013ea7a0535,Transformer,PowerTransformer,1,MT78 138kV-1kV,5030,BRAUNIG_E,BRAUNIG,5037,BR_STR78,BRAUNIG,MT78,BRAUNIG_MT78,60110893.0,BRAUNIG_MT78,,,1,Transformer,BRAUNIG_E,BR_STR78,BRAUNIG_MT78,,duplicate_match,different
279837,6a62a4eb-5d74-44a4-8207-f558d5f2a9fc,Transformer,PowerTransformer,1,MT56 138kV-1kV,5030,BRAUNIG_E,BRAUNIG,5036,BR_STR56,BRAUNIG,MT56,BRAUNIG_MT56,60110894.0,BRAUNIG_MT56,,,1,Transformer,BRAUNIG_E,BR_STR56,BRAUNIG_MT56,,duplicate_match,different
279837,6a62a4eb-5d74-44a4-8207-f558d5f2a9fc,Transformer,PowerTransformer,1,MT56 138kV-1kV,5030,BRAUNIG_E,BRAUNIG,5036,BR_STR56,BRAUNIG,MT56,BRAUNIG_MT56,60003472.0,BRAUNIG_MT56H,,,1,Transformer,BRAUNIG_E,BR_STR56,BRAUNIG_MT56H,MT56H,duplicate_match,different
279838,9849b3a5-863f-463d-94d0-20837134fc95,Transformer,PowerTransformer,1,20_1 138kV-20kV,5030,BRAUNIG_E,BRAUNIG,170131,BRAUNIG_VHB1,BRAUNIG,20_1,BRAUNIG_20_1,60080341.0,BRAUNIG_138_20_1,,,1,Transformer,BRAUNIG_VHB1,BRAUNIG_E,BRAUNIG_138_20_1,138_20_1,duplicate_match,different
279838,9849b3a5-863f-463d-94d0-20837134fc95,Transformer,PowerTransformer,1,20_1 138kV-20kV,5030,BRAUNIG_E,BRAUNIG,170131,BRAUNIG_VHB1,BRAUNIG,20_1,BRAUNIG_20_1,60110895.0,BRAUNIG_20_1,,,1,Transformer,BRAUNIG_E,BRAUNIG_VHB1,BRAUNIG_20_1,,duplicate_match,different
279839,c399c3b3-152b-4f26-ba7e-15db2272b2e7,Transformer,PowerTransformer,1,22_2 138kV-22kV,5030,BRAUNIG_E,BRAUNIG,170132,BRAUNIG_VHB2,BRAUNIG,22_2,BRAUNIG_22_2,60110896.0,BRAUNIG_22_2,,,1,Transformer,BRAUNIG_E,BRAUNIG_VHB2,BRAUNIG_22_2,,duplicate_match,different
279839,c399c3b3-152b-4f26-ba7e-15db2272b2e7,Transformer,PowerTransformer,1,22_2 138kV-22kV,5030,BRAUNIG_E,BRAUNIG,170132,BRAUNIG_VHB2,BRAUNIG,22_2,BRAUNIG_22_2,60080342.0,BRAUNIG_138_22_2,,,1,Transformer,BRAUNIG_VHB2,BRAUNIG_E,BRAUNIG_138_22_2,138_22_2,duplicate_match,different
279840,cea64ac7-35db-4761-a040-67fd8b8dcfb1,Transformer,PowerTransformer,1,22_3 138kV-22kV,5025,BRAUNIG_W,BRAUNIG,170133,BRAUNIG_VHB3,BRAUNIG,22_3,BRAUNIG_22_3,60110892.0,BRAUNIG_22_3,,,1,Transformer,BRAUNIG_W,BRAUNIG_VHB3,BRAUNIG_22_3,,duplicate_match,different
279840,cea64ac7-35db-4761-a040-67fd8b8dcfb1,Transformer,PowerTransformer,1,22_3 138kV-22kV,5025,BRAUNIG_W,BRAUNIG,170133,BRAUNIG_VHB3,BRAUNIG,22_3,BRAUNIG_22_3,60080343.0,BRAUNIG_138_22_3,,,1,Transformer,BRAUNIG_VHB3,BRAUNIG_W,BRAUNIG_138_22_3,138_22_3,duplicate_match,different
279842,aa325cae-2ddb-49f0-9c92-56a73242f597,Transformer,PowerTransformer,1,69_1 69kV-138kV,5582,VANDERBLTSW9,VANBLTSS,5584,VANDERBLTSW8,VANBLTSS,69_1,VANBLTSS_69_1,60110936.0,VANBLTSS_138_69_1,,,1,Transformer,VANDERBLTSW9,VANDERBLTSW8,VANBLTSS_138_69_1,,duplicate_match,different
279842,aa325cae-2ddb-49f0-9c92-56a73242f597,Transformer,PowerTransformer,1,69_1 69kV-138kV,5582,VANDERBLTSW9,VANBLTSS,5584,VANDERBLTSW8,VANBLTSS,69_1,VANBLTSS_69_1,60007700.0,VANBLT_138_69_1,,,1,Transformer,VANDERBLTSW9,VANDERBLTSW8,VANBLT_138_69_1,138_69_1,duplicate_match,different
279846,43132696-f5a3-479e-ae89-2065e21b2253,Transformer,PowerTransformer,A1,AT1H 345kV-1kV,42500,DOW____POI_5,DOW,49191,DOW____A1STR,DOW,AT1H,DOW_AT1H,60111462.0,DOW_AT1H_H,,,A1,Transformer,DOW____POI_5,DOW____A1STR,DOW_AT1H_H,,duplicate_match,different
279846,43132696-f5a3-479e-ae89-2065e21b2253,Transformer,PowerTransformer,A1,AT1H 345kV-1kV,42500,DOW____POI_5,DOW,49191,DOW____A1STR,DOW,AT1H,DOW_AT1H,60004346.0,DOW_AT1_H_OldTeid,,,A1,Transformer,DOW____B138A,DOW____A1STR,DOW_AT1_H_OldTeid,AT1_H,duplicate_match,different
279848,617ce876-537a-4c39-a573-952bc55cb0b0,Transformer,PowerTransformer,1,GSU1 69kV-6.9000001kV,7094,L_INKSDA9_1Y,INKSDA,170011,INKS_INKS_G1,INKSDA,GSU1,INKSDA_GSU1,60111023.0,INKSDA_GSU1,,,1,Transformer,L_INKSDA9_1Y,INKS_INKS_G1,INKSDA_GSU1,,duplicate_match,different
279848,617ce876-537a-4c39-a573-952bc55cb0b0,Transformer,PowerTransformer,1,GSU1 69kV-6.9000001kV,7094,L_INKSDA9_1Y,INKSDA,170011,INKS_INKS_G1,INKSDA,GSU1,INKSDA_GSU1,60005481.0,INKSDA_12GSUT1,,,1,Transformer,INKS_INKS_G1,L_INKSDA9_1Y,INKSDA_12GSUT1,12GSUT1,duplicate_match,different
279851,ac203acf-dfc3-43b0-9d25-62f7421bc785,Transformer,PowerTransformer,1,GSU4 138kV-13.8kV,110505,SCLPCOGN_2_8,SCLPCOGN,110504,SCLP_SCLPC_4,SCLPCOGN,GSU4,SCLPCOGN_GSU4,60087201.0,SCLPCOGN_SCLPGSU4,,,1,Transformer,SCLP_SCLPC_4,SCLPCOGN_2_8,SCLPCOGN_SCLPGSU4,SCLPGSU4,duplicate_match,different
279851,ac203acf-dfc3-43b0-9d25-62f7421bc785,Transformer,PowerTransformer,1,GSU4 138kV-13.8kV,110505,SCLPCOGN_2_8,SCLPCOGN,110504,SCLP_SCLPC_4,SCLPCOGN,GSU4,SCLPCOGN_GSU4,60111818.0,SCLPCOGN_GSU4,,,1,Transformer,SCLP_SCLPC_4,SCLPCOGN_2_8,SCLPCOGN_GSU4,,duplicate_match,different
279859,afd978db-9c90-4241-8409-5f1819d4ebee,Transformer,PowerTransformer,1,MR1L 138kV-1kV,2404,NORWD_1T8,NORSW,24087,NORSW1_1,NORSW,MR1L,NORSW_MR1L,60006402.0,NORSW_AXFMR1L,,,1,Transformer,,,NORSW_AXFMR1L,AXFMR1L,duplicate_match,different
279859,afd978db-9c90-4241-8409-5f1819d4ebee,Transformer,PowerTransformer,1,MR1L 138kV-1kV,2404,NORWD_1T8,NORSW,24087,NORSW1_1,NORSW,MR1L,NORSW_MR1L,60110790.0,NORSW_AXFMR1L_H,,,1,Transformer,NORWD_1T8,NORSW1_1,NORSW_AXFMR1L_H,,duplicate_match,different
279860,aff37389-71fc-4741-9850-2cb823369fd1,Transformer,PowerTransformer,1,FMR3 138kV-13.8kV,1694,TENASKA_8,TNSKA,140053,TNSKA_STG,TNSKA,FMR3,TNSKA_FMR3,60110726.0,TNSKA_FMR3,,,1,Transformer,TENASKA_8,TNSKA_STG,TNSKA_FMR3,,duplicate_match,different
279860,aff37389-71fc-4741-9850-2cb823369fd1,Transformer,PowerTransformer,1,FMR3 138kV-13.8kV,1694,TENASKA_8,TNSKA,140053,TNSKA_STG,TNSKA,FMR3,TNSKA_FMR3,60087926.0,TNSKA_UXFMR3,,,1,Transformer,,,TNSKA_UXFMR3,UXFMR3,duplicate_match,different
279862,b04317e2-2865-438b-a311-2353c7226f03,Transformer,PowerTransformer,G1,MT6 345kV-20kV,49205,GENWAP6_06_5,WAP,110016,WAP_WAP_G6,WAP,MT6,WAP_MT6,60111604.0,WAP_MT6,,,G1,Transformer,GENWAP6_06_5,WAP_WAP_G6,WAP_MT6,,duplicate_match,different
279862,b04317e2-2865-438b-a311-2353c7226f03,Transformer,PowerTransformer,G1,MT6 345kV-20kV,49205,GENWAP6_06_5,WAP,110016,WAP_WAP_G6,WAP,MT6,WAP_MT6,60088362.0,WAP_WAPMT6_,,,G1,Transformer,WAP_WAP_G6,W_A_P___345A,WAP_WAPMT6_,WAPMT6_,duplicate_match,different
279864,b0c97018-89bd-4210-af7a-8d47348ffe1c,Transformer,PowerTransformer,7,FMR7 138kV-15kV,12417,MTCK_7T8,MCSES,150022,MCSES_UNIT7,MCSES,FMR7,MCSES_FMR7,60084394.0,MCSES_UXFMR7,,,7,Transformer,,,MCSES_UXFMR7,UXFMR7,duplicate_match,different
279864,b0c97018-89bd-4210-af7a-8d47348ffe1c,Transformer,PowerTransformer,7,FMR7 138kV-15kV,12417,MTCK_7T8,MCSES,150022,MCSES_UNIT7,MCSES,FMR7,MCSES_FMR7,60111252.0,MCSES_FMR7,,,7,Transformer,MTCK_7T8,MCSES_UNIT7,MCSES_FMR7,,duplicate_match,different
279865,b0dd49b7-0f37-44eb-b14b-98cfa438d27a,Transformer,PowerTransformer,5,FMR5 345kV-21kV,1936,MDLTHELP_5,MDANP,150155,MDANP_CT5,MDANP,FMR5,MDANP_FMR5,60084401.0,MDANP_UCXFMR5_H,,,5,Transformer,,,MDANP_UCXFMR5_H,UCXFMR5_H,duplicate_match,different
279865,b0dd49b7-0f37-44eb-b14b-98cfa438d27a,Transformer,PowerTransformer,5,FMR5 345kV-21kV,1936,MDLTHELP_5,MDANP,150155,MDANP_CT5,MDANP,FMR5,MDANP_FMR5,60110763.0,MDANP_FMR5,,,5,Transformer,MDLTHELP_5,MDANP_CT5,MDANP_FMR5,,duplicate_match,different
279866,b164afdb-34ab-4f86-a39c-ad6954ca3438,Transformer,PowerTransformer,1,FMR4 138kV-13.8kV,818,OLINGER,OLINGR,150084,OLIN_OLING_4,OLINGR,FMR4,OLINGR_FMR4,60006523.0,OLINGR_GSUXFMR4,,,1,Transformer,OLINGER,OLIN_OLING_4,OLINGR_GSUXFMR4,GSUXFMR4,duplicate_match,different
279866,b164afdb-34ab-4f86-a39c-ad6954ca3438,Transformer,PowerTransformer,1,FMR4 138kV-13.8kV,818,OLINGER,OLINGR,150084,OLIN_OLING_4,OLINGR,FMR4,OLINGR_FMR4,60110626.0,OLINGR_FMR4,,,1,Transformer,OLINGER,OLIN_OLING_4,OLINGR_FMR4,,duplicate_match,different
279869,1350b9e4-f49d-46a3-b15b-d3f254ed2e27,Transformer,PowerTransformer,3,MPT2 345kV-24kV,120135,OAKGROV2_5,OGSES,120132,OGSES_UNIT2,OGSES,MPT2,OGSES_MPT2,60112061.0,OGSES_MPT2,,,3,Transformer,OGSES_UNIT2,OAKGROV2_5,OGSES_MPT2,,duplicate_match,different
279869,1350b9e4-f49d-46a3-b15b-d3f254ed2e27,Transformer,PowerTransformer,3,MPT2 345kV-24kV,120135,OAKGROV2_5,OGSES,120132,OGSES_UNIT2,OGSES,MPT2,OGSES_MPT2,60006503.0,OGSES_OGMPT2,,,3,Transformer,OGSES_UNIT2,OAKGROV2_5,OGSES_OGMPT2,OGMPT2,duplicate_match,different
279870,c22db553-eff5-4b0b-9db8-c634442d99c7,Transformer,PowerTransformer,2,MPT1 345kV-24kV,120134,OAKGROV1_5,OGSES,120131,OGSES_UNIT1A,OGSES,MPT1,OGSES_MPT1,60006502.0,OGSES_OGMPT1,,,2,Transformer,OGSES_UNIT1A,OAKGROV1_5,OGSES_OGMPT1,OGMPT1,duplicate_match,different
279870,c22db553-eff5-4b0b-9db8-c634442d99c7,Transformer,PowerTransformer,2,MPT1 345kV-24kV,120134,OAKGROV1_5,OGSES,120131,OGSES_UNIT1A,OGSES,MPT1,OGSES_MPT1,60112060.0,OGSES_MPT1,,,2,Transformer,OGSES_UNIT1A,OAKGROV1_5,OGSES_MPT1,,duplicate_match,different
279872,b4926bfd-35f7-4be9-9883-7d0ef7580034,Transformer,PowerTransformer,G1,MT4 138kV-22kV,49215,GENWAP4_04_8,WAP,110014,WAP_WAP_G4,WAP,MT4,WAP_MT4,60111615.0,WAP_MT4,,,G1,Transformer,GENWAP4_04_8,WAP_WAP_G4,WAP_MT4,,duplicate_match,different
279872,b4926bfd-35f7-4be9-9883-7d0ef7580034,Transformer,PowerTransformer,G1,MT4 138kV-22kV,49215,GENWAP4_04_8,WAP,110014,WAP_WAP_G4,WAP,MT4,WAP_MT4,60088360.0,WAP_WAPMT4_,,,G1,Transformer,W_A_P___138A,WAP_WAP_G4,WAP_WAPMT4_,WAPMT4_,duplicate_match,different
279875,b5dc414e-d149-46cc-b507-a5ad47c34a3f,Transformer,PowerTransformer,2,T21 138kV-34.5kV,150313,LNCRK2_1_8,LNCRK2,150312,LNCRK2_G872,LNCRK2,T21,LNCRK2_T21,60112413.0,LNCRK2_T21,,,2,Transformer,LNCRK2_G872,LNCRK2_1_8,LNCRK2_T21,,duplicate_match,different
279875,b5dc414e-d149-46cc-b507-a5ad47c34a3f,Transformer,PowerTransformer,2,T21 138kV-34.5kV,150313,LNCRK2_1_8,LNCRK2,150312,LNCRK2_G872,LNCRK2,T21,LNCRK2_T21,60083963.0,LNCRK2_XFMR_T2,,,2,Transformer,,,LNCRK2_XFMR_T2,XFMR_T2,duplicate_match,different
279876,b680736b-a124-4e00-ab1a-5caf78ca7682,Transformer,PowerTransformer,8,FMR8 138kV-22kV,12418,MTCK_8T8,MCSES,150023,MCSES_UNIT8,MCSES,FMR8,MCSES_FMR8,60084395.0,MCSES_UXFMR8,,,8,Transformer,,,MCSES_UXFMR8,UXFMR8,duplicate_match,different
279876,b680736b-a124-4e00-ab1a-5caf78ca7682,Transformer,PowerTransformer,8,FMR8 138kV-22kV,12418,MTCK_8T8,MCSES,150023,MCSES_UNIT8,MCSES,FMR8,MCSES_FMR8,60111253.0,MCSES_FMR8,,,8,Transformer,MTCK_8T8,MCSES_UNIT8,MCSES_FMR8,,duplicate_match,different
279880,b74f68b4-07a7-4484-81c1-41cef5df54dd,Transformer,PowerTransformer,G1,MT3 13.8kV-138kV,110046,THW_THWST_3,THW,49202,GENTHW3X03_8,THW,MT3,THW_MT3,60069410.0,THW_MT3,,,G1,Transformer,THW_THWST_3,GENTHW3X03_8,THW_MT3,MT3,duplicate_match,different
279880,b74f68b4-07a7-4484-81c1-41cef5df54dd,Transformer,PowerTransformer,G1,MT3 13.8kV-138kV,110046,THW_THWST_3,THW,49202,GENTHW3X03_8,THW,MT3,THW_MT3,60087852.0,THW_THWMT3_,,,G1,Transformer,THW_THWST_3,T_H_W___138E,THW_THWMT3_,THWMT3_,duplicate_match,different
279881,b7f1291e-8c0e-48eb-a070-aadf20344f47,Transformer,PowerTransformer,2,P3T1 345kV-34.5kV,131754,PC_SOUTH_2_5,PC_SOUTH,131752,PC__PANTHER3,PC_SOUTH,P3T1,PC_SOUTH_P3T1,60006642.0,PC_SOUTH_PC3_T1,,,2,Transformer,PC__PANTHER3,PC_SOUTH_2_5,PC_SOUTH_PC3_T1,PC3_T1,duplicate_match,different
279881,b7f1291e-8c0e-48eb-a070-aadf20344f47,Transformer,PowerTransformer,2,P3T1 345kV-34.5kV,131754,PC_SOUTH_2_5,PC_SOUTH,131752,PC__PANTHER3,PC_SOUTH,P3T1,PC_SOUTH_P3T1,60112132.0,PC_SOUTH_P3T1,,,2,Transformer,PC__PANTHER3,PC_SOUTH_2_5,PC_SOUTH_P3T1,,duplicate_match,different
279885,f5582652-9bd2-4a48-9123-2cd875eae459,Transformer,PowerTransformer,2,A2 345kV-138kV,80219,LOBO7A,LOBO,80221,LOBO4A,LOBO,A2,LOBO_A2,60005890.0,LOBO_2_345_138_H,,,2,Transformer,LOBO7A,LOBO4A,LOBO_2_345_138_H,2_345_138_H,duplicate_match,different
279885,f5582652-9bd2-4a48-9123-2cd875eae459,Transformer,PowerTransformer,2,A2 345kV-138kV,80219,LOBO7A,LOBO,80221,LOBO4A,LOBO,A2,LOBO_A2,60045401.0,LOBO_2_345_138_L,,,2,Transformer,LOBO4A,LOBO7A,LOBO_2_345_138_L,2_345_138_L,duplicate_match,different
279890,bc55e3b2-5d9d-43e5-81c4-a8c4885e5284,Transformer,PowerTransformer,2,113B 69kV-13.8kV,110336,NCARBIDE_1_9,NCARBIDE,110332,NCA_NCARBIG2,NCARBIDE,113B,NCARBIDE_113B,60111787.0,NCARBIDE_113B,,,2,Transformer,NCA_NCARBIG2,NCARBIDE_1_9,NCARBIDE_113B,,duplicate_match,different
279890,bc55e3b2-5d9d-43e5-81c4-a8c4885e5284,Transformer,PowerTransformer,2,113B 69kV-13.8kV,110336,NCARBIDE_1_9,NCARBIDE,110332,NCA_NCARBIG2,NCARBIDE,113B,NCARBIDE_113B,60084879.0,NCARBIDE_XF-113B,,,2,Transformer,NCA_NCARBIG2,NCARBIDE_1_9,NCARBIDE_XF-113B,XF-113B,duplicate_match,different
279891,be43a317-b841-491f-81bd-fa1cdfe87b07,Transformer,PowerTransformer,2,TG2 138kV-18kV,160264,CCEC_1_8,CCEC,160262,CCEC_GT2,CCEC,TG2,CCEC_TG2,60112560.0,CCEC_TG2,,,2,Transformer,CCEC_GT2,CCEC_1_8,CCEC_TG2,,duplicate_match,different
279891,be43a317-b841-491f-81bd-fa1cdfe87b07,Transformer,PowerTransformer,2,TG2 138kV-18kV,160264,CCEC_1_8,CCEC,160262,CCEC_GT2,CCEC,TG2,CCEC_TG2,60003726.0,CCEC_CTG2,,,2,Transformer,CCEC_GT2,CCEC_1_8,CCEC_CTG2,CTG2,duplicate_match,different
279894,bf77370f-d7c1-4b24-b5eb-6d39d4f50470,Transformer,PowerTransformer,G1,XT5D 345kV-1kV,49204,GENTHW5X05_5,THW,49174,49174_STAR,THW,XT5D,THW_XT5D,60111599.0,THW_XT5D,,,G1,Transformer,49174_STAR,GENTHW5X05_5,THW_XT5D,,duplicate_match,different
279894,bf77370f-d7c1-4b24-b5eb-6d39d4f50470,Transformer,PowerTransformer,G1,XT5D 345kV-1kV,49204,GENTHW5X05_5,THW,49174,49174_STAR,THW,XT5D,THW_XT5D,60087859.0,THW_THWXT5D,,,G1,Transformer,T_H_W___345B,49174_STAR,THW_THWXT5D,THWXT5D,duplicate_match,different
279895,c02c6950-8c6d-486c-9a29-10810d2611b2,Transformer,PowerTransformer,G1,XT5G 345kV-1kV,49204,GENTHW5X05_5,THW,49173,49173_STAR,THW,XT5G,THW_XT5G,60087860.0,THW_THWXT5G,,,G1,Transformer,T_H_W___345B,49173_STAR,THW_THWXT5G,THWXT5G,duplicate_match,different
279895,c02c6950-8c6d-486c-9a29-10810d2611b2,Transformer,PowerTransformer,G1,XT5G 345kV-1kV,49204,GENTHW5X05_5,THW,49173,49173_STAR,THW,XT5G,THW_XT5G,60111601.0,THW_XT5G,,,G1,Transformer,49173_STAR,GENTHW5X05_5,THW_XT5G,,duplicate_match,different
279899,c10d9a13-7f95-4f0c-977c-aedd6fb61e79,Transformer,PowerTransformer,G1,MT4 138kV-13.8kV,40480,DIABOX_POI_8,DIB,110174,DIB_DIB_G4,DIB,MT4,DIB_MT4,60111416.0,DIB_MT4H,,,G1,Transformer,DIABOX_POI_8,DIB_DIB_G4,DIB_MT4H,,duplicate_match,different
279899,c10d9a13-7f95-4f0c-977c-aedd6fb61e79,Transformer,PowerTransformer,G1,MT4 138kV-13.8kV,40480,DIABOX_POI_8,DIB,110174,DIB_DIB_G4,DIB,MT4,DIB_MT4,60081601.0,DIB_XT3,,,G1,Transformer,DIB_DIB_G4,DS_BAT__138A,DIB_XT3,XT3,duplicate_match,different
279901,c13183c7-9146-43ff-8731-742c6bcff941,Transformer,PowerTransformer,2,FMR2 345kV-20kV,3100,MARTINLK_5,MLSES,120042,MLSES_UNIT2,MLSES,FMR2,MLSES_FMR2,60110815.0,MLSES_FMR2,,,2,Transformer,MARTINLK_5,MLSES_UNIT2,MLSES_FMR2,,duplicate_match,different
279901,c13183c7-9146-43ff-8731-742c6bcff941,Transformer,PowerTransformer,2,FMR2 345kV-20kV,3100,MARTINLK_5,MLSES,120042,MLSES_UNIT2,MLSES,FMR2,MLSES_FMR2,60006223.0,MLSES_UXFMR2,,,2,Transformer,MARTINLK_5,MLSES_UNIT2,MLSES_UXFMR2,UXFMR2,duplicate_match,different
279906,c305c857-ced4-4450-b54e-00373d2b61e5,Transformer,PowerTransformer,1,FMR6 345kV-18kV,140077,KMCHI_1_5,KMCHI,140076,KMCHI_2ST,KMCHI,FMR6,KMCHI_FMR6,60112258.0,KMCHI_FMR6,,,1,Transformer,KMCHI_2ST,KMCHI_1_5,KMCHI_FMR6,,duplicate_match,different
279906,c305c857-ced4-4450-b54e-00373d2b61e5,Transformer,PowerTransformer,1,FMR6 345kV-18kV,140077,KMCHI_1_5,KMCHI,140076,KMCHI_2ST,KMCHI,FMR6,KMCHI_FMR6,60083537.0,KMCHI_2ST,,,1,Transformer,,,KMCHI_2ST,2ST,duplicate_match,different
279912,c5954385-8516-48d3-9a35-e7b5d1e66447,Transformer,PowerTransformer,5,FMR3 138kV-13.8kV,1024,FSCOGEN_8,FLCNS,130003,FLCNS_UNIT3,FLCNS,FMR3,FLCNS_FMR3,60082130.0,FLCNS_UXFMR3,,,5,Transformer,,,FLCNS_UXFMR3,UXFMR3,duplicate_match,different
279912,c5954385-8516-48d3-9a35-e7b5d1e66447,Transformer,PowerTransformer,5,FMR3 138kV-13.8kV,1024,FSCOGEN_8,FLCNS,130003,FLCNS_UNIT3,FLCNS,FMR3,FLCNS_FMR3,60110679.0,FLCNS_FMR3,,,5,Transformer,FSCOGEN_8,FLCNS_UNIT3,FLCNS_FMR3,,duplicate_match,different
279914,c6948412-4f17-446e-b549-da2ddbd82448,Transformer,PowerTransformer,1,FMR5 345kV-18kV,140077,KMCHI_1_5,KMCHI,140074,KMCHI_2CT101,KMCHI,FMR5,KMCHI_FMR5,60083535.0,KMCHI_2CT101,,,1,Transformer,,,KMCHI_2CT101,2CT101,duplicate_match,different
279914,c6948412-4f17-446e-b549-da2ddbd82448,Transformer,PowerTransformer,1,FMR5 345kV-18kV,140077,KMCHI_1_5,KMCHI,140074,KMCHI_2CT101,KMCHI,FMR5,KMCHI_FMR5,60112260.0,KMCHI_FMR5,,,1,Transformer,KMCHI_2CT101,KMCHI_1_5,KMCHI_FMR5,,duplicate_match,different
279917,c7cd52f0-7b24-4761-ab1c-71ceefcf0377,Transformer,PowerTransformer,G1,23T 138kV-13.8kV,110797,CBEC_1_8,CBEC,110794,CBEC_GT3,CBEC,23T,CBEC_23T,60111854.0,CBEC_23T,,,G1,Transformer,CBEC_GT3,CBEC_1_8,CBEC_23T,,duplicate_match,different
279917,c7cd52f0-7b24-4761-ab1c-71ceefcf0377,Transformer,PowerTransformer,G1,23T 138kV-13.8kV,110797,CBEC_1_8,CBEC,110794,CBEC_GT3,CBEC,23T,CBEC_23T,60003685.0,CBEC_23T701,,,G1,Transformer,CBEC_GT3,CBEC_1_8,CBEC_23T701,23T701,duplicate_match,different
279918,c81222c2-d7a2-4214-804b-d6e0e8cab499,Transformer,PowerTransformer,9,SGT9 13.8kV-69kV,160273,SILA_SILAS_9,SILASRAY,5930,PWRPLT69,SILASRAY,SGT9,SILASRAY_SGT9,60087329.0,SILASRAY_GSU-9,,,9,Transformer,,,SILASRAY_GSU-9,GSU-9,duplicate_match,different
279918,c81222c2-d7a2-4214-804b-d6e0e8cab499,Transformer,PowerTransformer,9,SGT9 13.8kV-69kV,160273,SILA_SILAS_9,SILASRAY,5930,PWRPLT69,SILASRAY,SGT9,SILASRAY_SGT9,60065062.0,SILASRAY_SGT9,,,9,Transformer,SILA_SILAS_9,PWRPLT69,SILASRAY_SGT9,SGT9,duplicate_match,different
279930,f35246c7-3ed4-4ca4-bdba-ceaaa7495101,Transformer,PowerTransformer,3,FMR3 345kV-20kV,3100,MARTINLK_5,MLSES,120043,MLSES_UNIT3,MLSES,FMR3,MLSES_FMR3,60110814.0,MLSES_FMR3,,,3,Transformer,MARTINLK_5,MLSES_UNIT3,MLSES_FMR3,,duplicate_match,different
279930,f35246c7-3ed4-4ca4-bdba-ceaaa7495101,Transformer,PowerTransformer,3,FMR3 345kV-20kV,3100,MARTINLK_5,MLSES,120043,MLSES_UNIT3,MLSES,FMR3,MLSES_FMR3,60006224.0,MLSES_UXFMR3,,,3,Transformer,MLSES_UNIT3,MARTINLK_5,MLSES_UXFMR3,UXFMR3,duplicate_match,different
279935,f51205fe-69c5-41e5-a082-39cf96a2a116,Transformer,PowerTransformer,1,TF-C 345kV-18kV,7049,L_BASTEN5_1Y,BASTEN,170183,BASTE_ST0100,BASTEN,TF-C,BASTEN_TF-C,60111012.0,BASTEN_TF-C,,,1,Transformer,L_BASTEN5_1Y,BASTE_ST0100,BASTEN_TF-C,,duplicate_match,different
279935,f51205fe-69c5-41e5-a082-39cf96a2a116,Transformer,PowerTransformer,1,TF-C 345kV-18kV,7049,L_BASTEN5_1Y,BASTEN,170183,BASTE_ST0100,BASTEN,TF-C,BASTEN_TF-C,60003213.0,BASTEN_1EY-TF-C,,,3,Transformer,L_BASTEN5_1Y,BASTE_ST0100,BASTEN_1EY-TF-C,1EY-TF-C,duplicate_match,different
279936,f574b7ea-f61d-40ef-8e6b-e87f339d9552,Transformer,PowerTransformer,1,GXU5 138kV-13.8kV,110274,AMOCOOIL_1_8,AMOCOOIL,110273,AMOC_AMOCO_5,AMOCOOIL,GXU5,AMOCOOIL_GXU5,60111779.0,AMOCOOIL_GXU5,,,1,Transformer,AMOC_AMOCO_5,AMOCOOIL_1_8,AMOCOOIL_GXU5,,duplicate_match,different
279936,f574b7ea-f61d-40ef-8e6b-e87f339d9552,Transformer,PowerTransformer,1,GXU5 138kV-13.8kV,110274,AMOCOOIL_1_8,AMOCOOIL,110273,AMOC_AMOCO_5,AMOCOOIL,GXU5,AMOCOOIL_GXU5,60079582.0,AMOCOOIL_XT450,,,1,Transformer,AMOC_AMOCO_5,AMOCOOIL_1_8,AMOCOOIL_XT450,XT450,duplicate_match,different
279940,f7ad3abd-dfca-4cbe-8187-4d4bd07ac5cf,Transformer,PowerTransformer,9,TR05 69kV-13.8kV,110445,FORMOSA_5_9,FORMOSA,110455,FOR_FORMOSG5,FORMOSA,TR05,FORMOSA_TR05,60004744.0,FORMOSA_TR05H,,,9,Transformer,FORMOSA_5_9,FOR_FORMOSG5,FORMOSA_TR05H,TR05H,duplicate_match,different
279940,f7ad3abd-dfca-4cbe-8187-4d4bd07ac5cf,Transformer,PowerTransformer,9,TR05 69kV-13.8kV,110445,FORMOSA_5_9,FORMOSA,110455,FOR_FORMOSG5,FORMOSA,TR05,FORMOSA_TR05,60111804.0,FORMOSA_TR05,,,9,Transformer,FORMOSA_5_9,FOR_FORMOSG5,FORMOSA_TR05,,duplicate_match,different
279941,f9a2d6f4-7e22-42b9-95ab-f355aee4e93d,Transformer,PowerTransformer,3,XF4B 345kV-34.5kV,180161,SWEETWN4_1_5,SWEETWN4,180160,SWEETW_WND4B,SWEETWN4,XF4B,SWEETWN4_XF4B,60007426.0,SWEETWN4_4B,,,3,Transformer,SWEETW_WND4B,SWEETWN4_1_5,SWEETWN4_4B,4B,duplicate_match,different
279941,f9a2d6f4-7e22-42b9-95ab-f355aee4e93d,Transformer,PowerTransformer,3,XF4B 345kV-34.5kV,180161,SWEETWN4_1_5,SWEETWN4,180160,SWEETW_WND4B,SWEETWN4,XF4B,SWEETWN4_XF4B,60112757.0,SWEETWN4_XF4B,,,3,Transformer,SWEETW_WND4B,SWEETWN4_1_5,SWEETWN4_XF4B,,duplicate_match,different
279943,fb8ca956-3cf3-4729-84f1-23554a5d8478,Transformer,PowerTransformer,1,FMR4 345kV-18kV,140077,KMCHI_1_5,KMCHI,140075,KMCHI_2CT201,KMCHI,FMR4,KMCHI_FMR4,60083536.0,KMCHI_2CT201,,,1,Transformer,,,KMCHI_2CT201,2CT201,duplicate_match,different
279943,fb8ca956-3cf3-4729-84f1-23554a5d8478,Transformer,PowerTransformer,1,FMR4 345kV-18kV,140077,KMCHI_1_5,KMCHI,140075,KMCHI_2CT201,KMCHI,FMR4,KMCHI_FMR4,60112257.0,KMCHI_FMR4,,,1,Transformer,KMCHI_2CT201,KMCHI_1_5,KMCHI_FMR4,,duplicate_match,different
279946,fcef59f4-2aa9-4353-8fdd-68d5a0eb2d63,Transformer,PowerTransformer,A3,A3P 345kV-1kV,42500,DOW____POI_5,DOW,49193,DOW____A3STR,DOW,A3P,DOW_A3P,60111465.0,DOW_A3P,,,A3,Transformer,DOW____POI_5,DOW____A3STR,DOW_A3P,,duplicate_match,different
279946,fcef59f4-2aa9-4353-8fdd-68d5a0eb2d63,Transformer,PowerTransformer,A3,A3P 345kV-1kV,42500,DOW____POI_5,DOW,49193,DOW____A3STR,DOW,A3P,DOW_A3P,60004349.0,DOW_DOW_A3P,,,A3,Transformer,DOW____POI_5,DOW____A3STR,DOW_DOW_A3P,DOW_A3P,duplicate_match,different
279951,fe95dff6-8bbb-4433-8332-b314bb1d4fd9,Transformer,PowerTransformer,2,MR1L 138kV-1kV,2358,RNRDPL_1T8,RENSW,24099,RENSW1_1,RENSW,MR1L,RENSW_MR1L,60006915.0,RENSW_AXFMR1L,,,2,Transformer,RNRDPL_1T8,RENSW1_1,RENSW_AXFMR1L,AXFMR1L,duplicate_match,different
279951,fe95dff6-8bbb-4433-8332-b314bb1d4fd9,Transformer,PowerTransformer,2,MR1L 138kV-1kV,2358,RNRDPL_1T8,RENSW,24099,RENSW1_1,RENSW,MR1L,RENSW_MR1L,60110782.0,RENSW_AXFMR1L-H,,,2,Transformer,RNRDPL_1T8,RENSW1_1,RENSW_AXFMR1L-H,,duplicate_match,different
279953,0274f618-0e5d-4362-a121-3bb77bf39833,Transformer,PowerTransformer,1,18-3 138kV-18kV,160107,B_DAVIS_3_9,B_DAVIS,160103,B_D_B_DAVIG3,B_DAVIS,18-3,B_DAVIS_18-3,60112542.0,B_DAVIS_18-3,,,1,Transformer,B_D_B_DAVIG3,B_DAVIS_3_9,B_DAVIS_18-3,,duplicate_match,different
279953,0274f618-0e5d-4362-a121-3bb77bf39833,Transformer,PowerTransformer,1,18-3 138kV-18kV,160107,B_DAVIS_3_9,B_DAVIS,160103,B_D_B_DAVIG3,B_DAVIS,18-3,B_DAVIS_18-3,60080516.0,B_DAVIS_142_18_3,,,1,Transformer,,,B_DAVIS_142_18_3,142_18_3,duplicate_match,different
279954,645baf41-679d-4fdd-9b6e-87c7011d9026,Transformer,PowerTransformer,2,18-4 138kV-18kV,160108,B_DAVIS_4_9,B_DAVIS,160104,B_D_B_DAVIG4,B_DAVIS,18-4,B_DAVIS_18-4,60080517.0,B_DAVIS_142_18_4,,,2,Transformer,,,B_DAVIS_142_18_4,142_18_4,duplicate_match,different
279954,645baf41-679d-4fdd-9b6e-87c7011d9026,Transformer,PowerTransformer,2,18-4 138kV-18kV,160108,B_DAVIS_4_9,B_DAVIS,160104,B_D_B_DAVIG4,B_DAVIS,18-4,B_DAVIS_18-4,60112543.0,B_DAVIS_18-4,,,2,Transformer,B_D_B_DAVIG4,B_DAVIS_4_9,B_DAVIS_18-4,,duplicate_match,different
279955,6ca979f2-562e-4240-b757-f7e77000226a,Transformer,PowerTransformer,4,24-1 138kV-24kV,160105,B_DAVIS_1_8,B_DAVIS,160101,B_D_B_DAVIG1,B_DAVIS,24-1,B_DAVIS_24-1,60112540.0,B_DAVIS_24-1,,,4,Transformer,B_D_B_DAVIG1,B_DAVIS_1_8,B_DAVIS_24-1,,duplicate_match,different
279955,6ca979f2-562e-4240-b757-f7e77000226a,Transformer,PowerTransformer,4,24-1 138kV-24kV,160105,B_DAVIS_1_8,B_DAVIS,160101,B_D_B_DAVIG1,B_DAVIS,24-1,B_DAVIS_24-1,60080515.0,B_DAVIS_138_24_1,,,4,Transformer,,,B_DAVIS_138_24_1,138_24_1,duplicate_match,different
279956,6e09cb2d-6772-4505-ae57-ce8d300521a3,Transformer,PowerTransformer,3,22-2 138kV-22kV,160106,B_DAVIS_2_8,B_DAVIS,160102,B_D_B_DAVIG2,B_DAVIS,22-2,B_DAVIS_22-2,60080514.0,B_DAVIS_138_22_2,,,3,Transformer,,,B_DAVIS_138_22_2,138_22_2,duplicate_match,different
279956,6e09cb2d-6772-4505-ae57-ce8d300521a3,Transformer,PowerTransformer,3,22-2 138kV-22kV,160106,B_DAVIS_2_8,B_DAVIS,160102,B_D_B_DAVIG2,B_DAVIS,22-2,B_DAVIS_22-2,60112541.0,B_DAVIS_22-2,,,3,Transformer,B_D_B_DAVIG2,B_DAVIS_2_8,B_DAVIS_22-2,,duplicate_match,different
279957,e9450f02-45bc-48b1-8dba-8e666735377c,Transformer,PowerTransformer,1,GSU1 345kV-24kV,7056,L_FPPYD15_1Y,FPPYD1,170101,FPPYD_FPP_G1,FPPYD1,GSU1,FPPYD1_GSU1,60111016.0,FPPYD1_GSU1,,,1,Transformer,L_FPPYD15_1Y,FPPYD_FPP_G1,FPPYD1_GSU1,,duplicate_match,different
279957,e9450f02-45bc-48b1-8dba-8e666735377c,Transformer,PowerTransformer,1,GSU1 345kV-24kV,7056,L_FPPYD15_1Y,FPPYD1,170101,FPPYD_FPP_G1,FPPYD1,GSU1,FPPYD1_GSU1,60082275.0,FPPYD1_T_402,,,1,Transformer,L_FPPYD15_1Y,FPPYD_FPP_G1,FPPYD1_T_402,T_402,duplicate_match,different
279958,cea38ee6-c766-448b-9b81-65a1efa714b5,Transformer,PowerTransformer,1,GSU2 345kV-24kV,7056,L_FPPYD15_1Y,FPPYD1,170102,FPPYD_FPP_G2,FPPYD1,GSU2,FPPYD1_GSU2,60111017.0,FPPYD1_GSU2,,,1,Transformer,L_FPPYD15_1Y,FPPYD_FPP_G2,FPPYD1_GSU2,,duplicate_match,different
279958,cea38ee6-c766-448b-9b81-65a1efa714b5,Transformer,PowerTransformer,1,GSU2 345kV-24kV,7056,L_FPPYD15_1Y,FPPYD1,170102,FPPYD_FPP_G2,FPPYD1,GSU2,FPPYD1_GSU2,60082276.0,FPPYD1_T_403,,,2,Transformer,L_FPPYD15_1Y,FPPYD_FPP_G2,FPPYD1_T_403,T_403,duplicate_match,different
279959,404592ab-8f4e-4809-9752-a68888b62044,Transformer,PowerTransformer,2,XF_2 138kV-13.8kV,6949,DENISDMA_8,DNDAM,140012,DND_DENISOG2,DNDAM,XF_2,DNDAM_XF_2,60112251.0,DNDAM_XF_2,,,2,Transformer,DND_DENISOG2,DENISDMA_8,DNDAM_XF_2,,duplicate_match,different
279959,404592ab-8f4e-4809-9752-a68888b62044,Transformer,PowerTransformer,2,XF_2 138kV-13.8kV,6949,DENISDMA_8,DNDAM,140012,DND_DENISOG2,DNDAM,XF_2,DNDAM_XF_2,60004334.0,DNDAM_XF_2_138,,,2,Transformer,DND_DENISOG2,DENISDMA_8,DNDAM_XF_2_138,XF_2_138,duplicate_match,different
279960,a7fa937b-ec5e-40ad-9a3e-16c5e021f1ef,Transformer,PowerTransformer,1,XF_1 138kV-13.8kV,6949,DENISDMA_8,DNDAM,140011,DND_DENISOG1,DNDAM,XF_1,DNDAM_XF_1,60004333.0,DNDAM_XF_1_138,,,1,Transformer,DND_DENISOG1,DENISDMA_8,DNDAM_XF_1_138,XF_1_138,duplicate_match,different
279960,a7fa937b-ec5e-40ad-9a3e-16c5e021f1ef,Transformer,PowerTransformer,1,XF_1 138kV-13.8kV,6949,DENISDMA_8,DNDAM,140011,DND_DENISOG1,DNDAM,XF_1,DNDAM_XF_1,60112250.0,DNDAM_XF_1,,,1,Transformer,DND_DENISOG1,DENISDMA_8,DNDAM_XF_1,,duplicate_match,different
279970,ab3287c0-499c-4a67-a819-11a361b8c846,Transformer,PowerTransformer,1,12H 138kV-1kV,5260,LEON_CRK,LEON_CRK,5270,LCPSTR12,LEON_CRK,12H,LEON_CRK_12H,60110914.0,LEON_CRK_12H,,,1,Transformer,LEON_CRK,LCPSTR12,LEON_CRK_12H,,duplicate_match,different
279970,ab3287c0-499c-4a67-a819-11a361b8c846,Transformer,PowerTransformer,1,12H 138kV-1kV,5260,LEON_CRK,LEON_CRK,5270,LCPSTR12,LEON_CRK,12H,LEON_CRK_12H,60005805.0,LEON_CRK_XF12H,,,1,Transformer,LEON_CRK,LCPSTR12,LEON_CRK_XF12H,XF12H,duplicate_match,different
279971,e8d9430b-f169-49ab-ba76-ce57e4789eea,Transformer,PowerTransformer,2,34H 138kV-1kV,5260,LEON_CRK,LEON_CRK,5271,LCPSTR34,LEON_CRK,34H,LEON_CRK_34H,60110913.0,LEON_CRK_34H,,,2,Transformer,LEON_CRK,LCPSTR34,LEON_CRK_34H,,duplicate_match,different
279971,e8d9430b-f169-49ab-ba76-ce57e4789eea,Transformer,PowerTransformer,2,34H 138kV-1kV,5260,LEON_CRK,LEON_CRK,5271,LCPSTR34,LEON_CRK,34H,LEON_CRK_34H,60005808.0,LEON_CRK_XF34H,,,2,Transformer,LEON_CRK,LCPSTR34,LEON_CRK_XF34H,XF34H,duplicate_match,different
279984,72e8d80d-a81a-4fcf-b54e-537943720895,Transformer,PowerTransformer,2,1382 138kV-345kV,6098,OKLA4B,OKLA,6100,OKLA7A,OKLA,1382,OKLA_1382,60006508.0,OKLA_345_1382,,,2,Transformer,OKLA4B,OKLA7A,OKLA_345_1382,345_1382,duplicate_match,different
279984,72e8d80d-a81a-4fcf-b54e-537943720895,Transformer,PowerTransformer,2,1382 138kV-345kV,6098,OKLA4B,OKLA,6100,OKLA7A,OKLA,1382,OKLA_1382,60110969.0,OKLA_345_1382_L,,,2,Transformer,OKLA7A,OKLA4B,OKLA_345_1382_L,,duplicate_match,different
280004,84ed26d1-ed89-4dbc-ac49-dcadac459e70,Transformer,PowerTransformer,A4,AT4H 345kV-1kV,42000,P_H_R___B345,PHR,49146,P_H_R__A4STR,PHR,AT4H,PHR_AT4H,60111450.0,PHR_AT4H_H,,,A4,Transformer,P_H_R___B345,P_H_R__A4STR,PHR_AT4H_H,,duplicate_match,different
280004,84ed26d1-ed89-4dbc-ac49-dcadac459e70,Transformer,PowerTransformer,A4,AT4H 345kV-1kV,42000,P_H_R___B345,PHR,49146,P_H_R__A4STR,PHR,AT4H,PHR_AT4H,60006699.0,PHR_AT4_H_OldTeid,,,A4,Transformer,P_H_R___B138,P_H_R__A4STR,PHR_AT4_H_OldTeid,AT4_H,duplicate_match,different
280005,44af7a19-ef27-4406-a27a-9975ff07d455,Transformer,PowerTransformer,A4,AT4 138kV-1kV,42010,P_H_R___B138,PHR,49146,P_H_R__A4STR,PHR,AT4,PHR_AT4,60111451.0,PHR_AT4_H,,,A4,Transformer,P_H_R___B138,P_H_R__A4STR,PHR_AT4_H,,duplicate_match,different
280005,44af7a19-ef27-4406-a27a-9975ff07d455,Transformer,PowerTransformer,A4,AT4 138kV-1kV,42010,P_H_R___B138,PHR,49146,P_H_R__A4STR,PHR,AT4,PHR_AT4,60006700.0,PHR_AT4L_H,,,A4,Transformer,P_H_R___B138,P_H_R__A4STR,PHR_AT4L_H,AT4L_H,duplicate_match,different
280019,d29c3d4a-61f4-423e-b8ca-c46d9ccf340e,Transformer,PowerTransformer,A1,AT1H 345kV-1kV,40700,GRNBYU__B345,GBY,49119,GRNBYU_A1STR,GBY,AT1H,GBY_AT1H,60004971.0,GBY_AT1_H_OldTeid,,,A1,Transformer,GRNBYU_POI8A,GRNBYU_A1STR,GBY_AT1_H_OldTeid,AT1_H,duplicate_match,different
280019,d29c3d4a-61f4-423e-b8ca-c46d9ccf340e,Transformer,PowerTransformer,A1,AT1H 345kV-1kV,40700,GRNBYU__B345,GBY,49119,GRNBYU_A1STR,GBY,AT1H,GBY_AT1H,60111422.0,GBY_AT1H_H,,,A1,Transformer,GRNBYU__B345,GRNBYU_A1STR,GBY_AT1H_H,,duplicate_match,different
280020,57b3450b-482a-4af5-b5c7-6278598f5abd,Transformer,PowerTransformer,A1,AT1 138kV-1kV,40710,GRNBYU_POI8A,GBY,49119,GRNBYU_A1STR,GBY,AT1,GBY_AT1,60004972.0,GBY_AT1L_H,,,A1,Transformer,GRNBYU_POI8A,GRNBYU_A1STR,GBY_AT1L_H,AT1L_H,duplicate_match,different
280020,57b3450b-482a-4af5-b5c7-6278598f5abd,Transformer,PowerTransformer,A1,AT1 138kV-1kV,40710,GRNBYU_POI8A,GBY,49119,GRNBYU_A1STR,GBY,AT1,GBY_AT1,60111423.0,GBY_AT1_H,,,A1,Transformer,GRNBYU_POI8A,GRNBYU_A1STR,GBY_AT1_H,,duplicate_match,different
280023,cb0a3e67-f536-46ea-9565-86dbbc70d742,Transformer,PowerTransformer,3,TF-B 138kV-18kV,8982,HECGT24A,DUKE,160192,DUK_DUKE_GT2,DUKE,TF-B,DUKE_TF-B,60111119.0,DUKE_TF-B,,,3,Transformer,HECGT24A,DUK_DUKE_GT2,DUKE_TF-B,,duplicate_match,different
280023,cb0a3e67-f536-46ea-9565-86dbbc70d742,Transformer,PowerTransformer,3,TF-B 138kV-18kV,8982,HECGT24A,DUKE,160192,DUK_DUKE_GT2,DUKE,TF-B,DUKE_TF-B,60010017.0,DUKE_1-EY-TF-B,,,3,Transformer,HECGT24A,DUK_DUKE_GT2,DUKE_1-EY-TF-B,1-EY-TF-B,duplicate_match,different
280028,ccfcd9c6-0505-4df0-b7f4-10b3645cc70a,Transformer,PowerTransformer,5,FMR5 138kV-13.8kV,331,RWMILLER,MIL,150135,MIL_MILLERG5,MIL,FMR5,MIL_FMR5,60110611.0,MIL_FMR5,,,5,Transformer,RWMILLER,MIL_MILLERG5,MIL_FMR5,,duplicate_match,different
280028,ccfcd9c6-0505-4df0-b7f4-10b3645cc70a,Transformer,PowerTransformer,5,FMR5 138kV-13.8kV,331,RWMILLER,MIL,150135,MIL_MILLERG5,MIL,FMR5,MIL_FMR5,60084572.0,MIL_UNIT5_XFMR,,,5,Transformer,,,MIL_UNIT5_XFMR,UNIT5_XFMR,duplicate_match,different
280029,cd45c267-8c8c-4cca-9452-1e7e19aa08e8,Transformer,PowerTransformer,1,T1_L 138kV-1kV,6216,BLF_CRK4A,BLUF_CRK,60075,BLCKDUM1,BLUF_CRK,T1_L,BLUF_CRK_T1_L,60003381.0,BLUF_CRK_T1_L,,,1,Transformer,BLF_CRK4A,BLCKDUM1,BLUF_CRK_T1_L,T1_L,duplicate_match,different
280029,cd45c267-8c8c-4cca-9452-1e7e19aa08e8,Transformer,PowerTransformer,1,T1_L 138kV-1kV,6216,BLF_CRK4A,BLUF_CRK,60075,BLCKDUM1,BLUF_CRK,T1_L,BLUF_CRK_T1_L,60009967.0,BLUF_CRK_T1_L_H,,,1,Transformer,BLF_CRK4A,BLCKDUM1,BLUF_CRK_T1_L_H,T1_L_H,duplicate_match,different
280038,d01827e2-ee7a-4efd-b105-17165c40b112,Transformer,PowerTransformer,2,FMR2 138kV-13.8kV,331,RWMILLER,MIL,150132,MIL_MILLERG2,MIL,FMR2,MIL_FMR2,60084569.0,MIL_UNIT2_XFMR,,,2,Transformer,,,MIL_UNIT2_XFMR,UNIT2_XFMR,duplicate_match,different
280038,d01827e2-ee7a-4efd-b105-17165c40b112,Transformer,PowerTransformer,2,FMR2 138kV-13.8kV,331,RWMILLER,MIL,150132,MIL_MILLERG2,MIL,FMR2,MIL_FMR2,60110609.0,MIL_FMR2,,,2,Transformer,RWMILLER,MIL_MILLERG2,MIL_FMR2,,duplicate_match,different
280041,d098b0a7-9296-4b19-beff-2891ffe9f173,Transformer,PowerTransformer,5,1TFC 345kV-18.1kV,130327,OECCS_1_5,OECCS,130323,OECCS_UNIT1,OECCS,1TFC,OECCS_1TFC,60112099.0,OECCS_1TFC,,,5,Transformer,OECCS_UNIT1,OECCS_1_5,OECCS_1TFC,,duplicate_match,different
280041,d098b0a7-9296-4b19-beff-2891ffe9f173,Transformer,PowerTransformer,5,1TFC 345kV-18.1kV,130327,OECCS_1_5,OECCS,130323,OECCS_UNIT1,OECCS,1TFC,OECCS_1TFC,60085322.0,OECCS_ST1,,,5,Transformer,,,OECCS_ST1,ST1,duplicate_match,different
280042,d0f1af10-f5d2-4b69-bdef-90b307042121,Transformer,PowerTransformer,1,GSU2 138kV-13.8kV,110505,SCLPCOGN_2_8,SCLPCOGN,110502,SCLP_SCLPC_2,SCLPCOGN,GSU2,SCLPCOGN_GSU2,60111819.0,SCLPCOGN_GSU2,,,1,Transformer,SCLP_SCLPC_2,SCLPCOGN_2_8,SCLPCOGN_GSU2,,duplicate_match,different
280042,d0f1af10-f5d2-4b69-bdef-90b307042121,Transformer,PowerTransformer,1,GSU2 138kV-13.8kV,110505,SCLPCOGN_2_8,SCLPCOGN,110502,SCLP_SCLPC_2,SCLPCOGN,GSU2,SCLPCOGN_GSU2,60087199.0,SCLPCOGN_SCLPGSU2,,,1,Transformer,SCLP_SCLPC_2,SCLPCOGN_2_8,SCLPCOGN_SCLPGSU2,SCLPGSU2,duplicate_match,different
280043,d141e797-7dd8-4fd6-8211-5ec377a61c3f,Transformer,PowerTransformer,4,FMR4 138kV-13.1kV,252,BOSQUESW8,BOSQUESW,150145,BOSQ_BSQSU_4,BOSQUESW,FMR4,BOSQUESW_FMR4,60110604.0,BOSQUESW_FMR4,,,4,Transformer,BOSQUESW8,BOSQ_BSQSU_4,BOSQUESW_FMR4,,duplicate_match,different
280043,d141e797-7dd8-4fd6-8211-5ec377a61c3f,Transformer,PowerTransformer,4,FMR4 138kV-13.1kV,252,BOSQUESW8,BOSQUESW,150145,BOSQ_BSQSU_4,BOSQUESW,FMR4,BOSQUESW_FMR4,60080322.0,BOSQUESW_GSUXFMR4,,,4,Transformer,,,BOSQUESW_GSUXFMR4,GSUXFMR4,duplicate_match,different
280047,d39a523f-1acc-4f74-bde2-8aa750d5e952,Transformer,PowerTransformer,G1,XF42 345kV-16kV,110076,CBY4_1_5,CBY4,110074,CBY4_CT42,CBY4,XF42,CBY4_XF42,60003709.0,CBY4_GSU-XF-42001,,,G1,Transformer,CBY4_CT42,CBY4_1_5,CBY4_GSU-XF-42001,GSU-XF-42001,duplicate_match,different
280047,d39a523f-1acc-4f74-bde2-8aa750d5e952,Transformer,PowerTransformer,G1,XF42 345kV-16kV,110076,CBY4_1_5,CBY4,110074,CBY4_CT42,CBY4,XF42,CBY4_XF42,60111747.0,CBY4_XF42,,,G1,Transformer,CBY4_CT42,CBY4_1_5,CBY4_XF42,,duplicate_match,different
280050,d46c2bec-ac79-4d0b-bd8b-923d668214a1,Transformer,PowerTransformer,2,GSU2 138kV-13.8kV,7356,L_MARSFO8_1Y,MARSFO,170032,MAR_MARSFOG2,MARSFO,GSU2,MARSFO_GSU2,60084259.0,MARSFO_73GSUT2,,,2,Transformer,L_MARSFO8_1Y,MAR_MARSFOG2,MARSFO_73GSUT2,73GSUT2,duplicate_match,different
280050,d46c2bec-ac79-4d0b-bd8b-923d668214a1,Transformer,PowerTransformer,2,GSU2 138kV-13.8kV,7356,L_MARSFO8_1Y,MARSFO,170032,MAR_MARSFOG2,MARSFO,GSU2,MARSFO_GSU2,60111046.0,MARSFO_GSU2,,,2,Transformer,L_MARSFO8_1Y,MAR_MARSFOG2,MARSFO_GSU2,,duplicate_match,different
280051,d4ee91c2-c615-4619-a611-7ccf4e4aebdd,Transformer,PowerTransformer,G1,XT3A 138kV-1kV,49202,GENTHW3X03_8,THW,49151,49151_STAR,THW,XT3A,THW_XT3A,60111596.0,THW_XT3A,,,G1,Transformer,49151_STAR,GENTHW3X03_8,THW_XT3A,,duplicate_match,different
280051,d4ee91c2-c615-4619-a611-7ccf4e4aebdd,Transformer,PowerTransformer,G1,XT3A 138kV-1kV,49202,GENTHW3X03_8,THW,49151,49151_STAR,THW,XT3A,THW_XT3A,60087854.0,THW_THWXT3A,,,G1,Transformer,49151_STAR,T_H_W___138E,THW_THWXT3A,THWXT3A,duplicate_match,different
280052,d5cb4f05-e4f9-45e2-afcc-d6d7e4c9e17f,Transformer,PowerTransformer,6,FMR6 345kV-21kV,1936,MDLTHELP_5,MDANP,150156,MDANP_CT6,MDANP,FMR6,MDANP_FMR6,60084402.0,MDANP_UCXFMR6_H,,,6,Transformer,,,MDANP_UCXFMR6_H,UCXFMR6_H,duplicate_match,different
280052,d5cb4f05-e4f9-45e2-afcc-d6d7e4c9e17f,Transformer,PowerTransformer,6,FMR6 345kV-21kV,1936,MDLTHELP_5,MDANP,150156,MDANP_CT6,MDANP,FMR6,MDANP_FMR6,60110764.0,MDANP_FMR6,,,6,Transformer,MDLTHELP_5,MDANP_CT6,MDANP_FMR6,,duplicate_match,different
280054,d5f4af37-5300-4e2f-9cef-fc7d68b90b94,Transformer,PowerTransformer,3,2TFA 345kV-18.1kV,130328,OECCS_2_5,OECCS,130324,OECCS_CT21,OECCS,2TFA,OECCS_2TFA,60112102.0,OECCS_2TFA,,,3,Transformer,OECCS_CT21,OECCS_2_5,OECCS_2TFA,,duplicate_match,different
280054,d5f4af37-5300-4e2f-9cef-fc7d68b90b94,Transformer,PowerTransformer,3,2TFA 345kV-18.1kV,130328,OECCS_2_5,OECCS,130324,OECCS_CT21,OECCS,2TFA,OECCS_2TFA,60085320.0,OECCS_CT21,,,3,Transformer,,,OECCS_CT21,CT21,duplicate_match,different
280055,d6868db7-2b14-4d01-b586-ca5b80209068,Transformer,PowerTransformer,2,MR2 34.5kV-138kV,180252,BRAZ_WN_WND2,BRAZ_WND,180253,BRAZ_WND_1_8,BRAZ_WND,MR2,BRAZ_WND_MR2,60019168.0,BRAZ_WND_MR2,,,2,Transformer,BRAZ_WND_1_8,BRAZ_WN_WND2,BRAZ_WND_MR2,MR2,duplicate_match,different
280055,d6868db7-2b14-4d01-b586-ca5b80209068,Transformer,PowerTransformer,2,MR2 34.5kV-138kV,180252,BRAZ_WN_WND2,BRAZ_WND,180253,BRAZ_WND_1_8,BRAZ_WND,MR2,BRAZ_WND_MR2,60080346.0,BRAZ_WND_UXFMR2,,,2,Transformer,BRAZ_WN_WND2,BRAZ_WND_2_8,BRAZ_WND_UXFMR2,UXFMR2,duplicate_match,different
280056,d6c22df3-1d2a-4558-8347-f3eedce401a5,Transformer,PowerTransformer,3,VFTS 138kV-17.5kV,80175,LARDVFT4C,LARDVFT,80170,LARDVFT0B,LARDVFT,VFTS,LARDVFT_VFTS,60111712.0,LARDVFT_VFT_S_H,,,3,Transformer,LARDVFT0B,LARDVFT4C,LARDVFT_VFT_S_H,,duplicate_match,different
280056,d6c22df3-1d2a-4558-8347-f3eedce401a5,Transformer,PowerTransformer,3,VFTS 138kV-17.5kV,80175,LARDVFT4C,LARDVFT,80170,LARDVFT0B,LARDVFT,VFTS,LARDVFT_VFTS,60005742.0,LARDVFT_VFT_S,,,3,Transformer,LARDVFT4B,LARDVFT0B,LARDVFT_VFT_S,VFT_S,duplicate_match,different
280057,d76ba83d-3e16-48f2-8f1b-a91f35d4a389,Transformer,PowerTransformer,G1,MT4 13.8kV-138kV,110051,THW_THWST_4,THW,49203,GENTHW4X04_8,THW,MT4,THW_MT4,60087853.0,THW_THWMT4_,,,G1,Transformer,THW_THWST_4,T_H_W___138E,THW_THWMT4_,THWMT4_,duplicate_match,different
280057,d76ba83d-3e16-48f2-8f1b-a91f35d4a389,Transformer,PowerTransformer,G1,MT4 13.8kV-138kV,110051,THW_THWST_4,THW,49203,GENTHW4X04_8,THW,MT4,THW_MT4,60069411.0,THW_MT4,,,G1,Transformer,GENTHW4X04_8,THW_THWST_4,THW_MT4,MT4,duplicate_match,different
280062,d9ee107e-3d55-42ce-b219-d60625e45499,Transformer,PowerTransformer,5,FMR4 138kV-13.8kV,18100,PBGENBUS_B,PB2SES,130014,PB2SES_CT4,PB2SES,FMR4,PB2SES_FMR4,60111298.0,PB2SES_FMR4,,,5,Transformer,PBGENBUS_B,PB2SES_CT4,PB2SES_FMR4,,duplicate_match,different
280062,d9ee107e-3d55-42ce-b219-d60625e45499,Transformer,PowerTransformer,5,FMR4 138kV-13.8kV,18100,PBGENBUS_B,PB2SES,130014,PB2SES_CT4,PB2SES,FMR4,PB2SES_FMR4,60085656.0,PB2SES_UCXFMR4,,,5,Transformer,,,PB2SES_UCXFMR4,UCXFMR4,duplicate_match,different
280063,dad370c8-6429-4f21-a4cd-cdffb669cb7c,Transformer,PowerTransformer,3,UT1 34.5kV-138kV,170231,HHG_CALLAHAN,HHGT,170238,HHGT_1_8,HHGT,UT1,HHGT_UT1,60082851.0,HHGT_TR1,,,3,Transformer,HHGT_1_8,HHG_CALLAHAN,HHGT_TR1,TR1,duplicate_match,different
280063,dad370c8-6429-4f21-a4cd-cdffb669cb7c,Transformer,PowerTransformer,3,UT1 34.5kV-138kV,170231,HHG_CALLAHAN,HHGT,170238,HHGT_1_8,HHGT,UT1,HHGT_UT1,60038028.0,HHGT_UT1,,,3,Transformer,HHG_CALLAHAN,HHGT_1_8,HHGT_UT1,UT1,duplicate_match,different
280064,dc090bcd-5811-4c66-adf5-c940ef933119,Transformer,PowerTransformer,1,GSU2 138kV-18kV,110279,AMOCOOIL_6_8,AMOCOOIL,110281,AMO_AMOCO_G2,AMOCOOIL,GSU2,AMOCOOIL_GSU2,60111784.0,AMOCOOIL_GSU2,,,1,Transformer,AMOCOOIL_6_8,AMO_AMOCO_G2,AMOCOOIL_GSU2,,duplicate_match,different
280064,dc090bcd-5811-4c66-adf5-c940ef933119,Transformer,PowerTransformer,1,GSU2 138kV-18kV,110279,AMOCOOIL_6_8,AMOCOOIL,110281,AMO_AMOCO_G2,AMOCOOIL,GSU2,AMOCOOIL_GSU2,60079576.0,AMOCOOIL_GSUT2,,,1,Transformer,AMO_AMOCO_G2,AMOCOOIL_6_8,AMOCOOIL_GSUT2,GSUT2,duplicate_match,different
280065,dd5873c6-d6ea-4c76-a05d-c10f97a36083,Transformer,PowerTransformer,G1,MT1 138kV-20kV,49200,GENCBY1_01_8,CBY,110071,CBY_CBY_G1,CBY,MT1,CBY_MT1,60111593.0,CBY_MT1,,,G1,Transformer,GENCBY1_01_8,CBY_CBY_G1,CBY_MT1,,duplicate_match,different
280065,dd5873c6-d6ea-4c76-a05d-c10f97a36083,Transformer,PowerTransformer,G1,MT1 138kV-20kV,49200,GENCBY1_01_8,CBY,110071,CBY_CBY_G1,CBY,MT1,CBY_MT1,60080630.0,CBY_CBYMT1_,,,G1,Transformer,CBY_CBY_G1,CEDARP__138C,CBY_CBYMT1_,CBYMT1_,duplicate_match,different
280066,dd80f9e4-dcc1-4f45-bf74-dcd9a11934c0,Transformer,PowerTransformer,A1,AT1 138kV-1kV,40010,CEDARP_B138A,CBY,49106,CEDARP_A1STR,CBY,AT1,CBY_AT1,60003692.0,CBY_AT1_H,,,A1,Transformer,CEDARP_B138A,CEDARP_A1STR,CBY_AT1_H,AT1_H,duplicate_match,different
280066,dd80f9e4-dcc1-4f45-bf74-dcd9a11934c0,Transformer,PowerTransformer,A1,AT1 138kV-1kV,40010,CEDARP_B138A,CBY,49106,CEDARP_A1STR,CBY,AT1,CBY_AT1,60003693.0,CBY_AT1L_H,,,A1,Transformer,CEDARP_B138B,CEDARP_A1STR,CBY_AT1L_H,AT1L_H,duplicate_match,different
280071,5d944c43-33bf-460b-a0ea-cb307e46f2ce,Transformer,PowerTransformer,A5,AT5 69kV-1kV,40720,GRNBYU__B69A,GBY,49129,GRNBYU_A5STR,GBY,AT5,GBY_AT5,60004977.0,GBY_AT5_H,,,A5,Transformer,GRNBYU__B69A,GRNBYU_A5STR,GBY_AT5_H,AT5_H,duplicate_match,different
280071,5d944c43-33bf-460b-a0ea-cb307e46f2ce,Transformer,PowerTransformer,A5,AT5 69kV-1kV,40720,GRNBYU__B69A,GBY,49129,GRNBYU_A5STR,GBY,AT5,GBY_AT5,60004978.0,GBY_AT5L_H,,,A5,Transformer,GRNBYU__B69A,GRNBYU_A5STR,GBY_AT5L_H,AT5L_H,duplicate_match,different
280076,e00255fc-0c0e-4cd2-aaa2-45f187a36778,Transformer,PowerTransformer,11,TR07 69kV-13.8kV,110447,FORMOSA_7_9,FORMOSA,110457,FOR_FORMOSG7,FORMOSA,TR07,FORMOSA_TR07,60111806.0,FORMOSA_TR07,,,11,Transformer,FORMOSA_7_9,FOR_FORMOSG7,FORMOSA_TR07,,duplicate_match,different
280076,e00255fc-0c0e-4cd2-aaa2-45f187a36778,Transformer,PowerTransformer,11,TR07 69kV-13.8kV,110447,FORMOSA_7_9,FORMOSA,110457,FOR_FORMOSG7,FORMOSA,TR07,FORMOSA_TR07,60004746.0,FORMOSA_TR07H,,,11,Transformer,FORMOSA_7_9,FOR_FORMOSG7,FORMOSA_TR07H,TR07H,duplicate_match,different
280077,e01d801f-e5a4-4ed9-a712-3477ba89bb08,Transformer,PowerTransformer,2,FMR4 138kV-26kV,1951,HANDLEYD_8,HLSES,150052,HLSES_UNIT4,HLSES,FMR4,HLSES_FMR4,60082993.0,HLSES_UXFMR4,,,2,Transformer,,,HLSES_UXFMR4,UXFMR4,duplicate_match,different
280077,e01d801f-e5a4-4ed9-a712-3477ba89bb08,Transformer,PowerTransformer,2,FMR4 138kV-26kV,1951,HANDLEYD_8,HLSES,150052,HLSES_UNIT4,HLSES,FMR4,HLSES_FMR4,60110771.0,HLSES_FMR4,,,2,Transformer,HANDLEYD_8,HLSES_UNIT4,HLSES_FMR4,,duplicate_match,different
280079,e03ad75d-f268-4d9b-b3d3-1e37cef71d85,Transformer,PowerTransformer,2,382L 138kV-1kV,84522,LON_HILL4C,LON_HILL,8450,LH2DUM,LON_HILL,382L,LON_HILL_382L,60010055.0,LON_HILL_345_1382L_H,,,2,Transformer,LH2DUM,LON_HILL4C,LON_HILL_345_1382L_H,345_1382L_H,duplicate_match,different
280079,e03ad75d-f268-4d9b-b3d3-1e37cef71d85,Transformer,PowerTransformer,2,382L 138kV-1kV,84522,LON_HILL4C,LON_HILL,8450,LH2DUM,LON_HILL,382L,LON_HILL_382L,60005912.0,LON_HILL_345_1382L,,,2,Transformer,LH2DUM,LON_HILL4A,LON_HILL_345_1382L,345_1382L,duplicate_match,different
280081,e096d5df-4ac6-41dd-9536-392d904eac84,Transformer,PowerTransformer,G1,XT5A 345kV-1kV,49204,GENTHW5X05_5,THW,49149,49149_STAR,THW,XT5A,THW_XT5A,60111600.0,THW_XT5A,,,G1,Transformer,49149_STAR,GENTHW5X05_5,THW_XT5A,,duplicate_match,different
280081,e096d5df-4ac6-41dd-9536-392d904eac84,Transformer,PowerTransformer,G1,XT5A 345kV-1kV,49204,GENTHW5X05_5,THW,49149,49149_STAR,THW,XT5A,THW_XT5A,60087858.0,THW_THWXT5A,,,G1,Transformer,T_H_W___345B,49149_STAR,THW_THWXT5A,THWXT5A,duplicate_match,different
280082,e1094537-c77c-479c-958a-53705c25a15b,Transformer,PowerTransformer,1,TF-B 345kV-18kV,7049,L_BASTEN5_1Y,BASTEN,170182,BAST_GTG2100,BASTEN,TF-B,BASTEN_TF-B,60111011.0,BASTEN_TF-B,,,1,Transformer,L_BASTEN5_1Y,BAST_GTG2100,BASTEN_TF-B,,duplicate_match,different
280082,e1094537-c77c-479c-958a-53705c25a15b,Transformer,PowerTransformer,1,TF-B 345kV-18kV,7049,L_BASTEN5_1Y,BASTEN,170182,BAST_GTG2100,BASTEN,TF-B,BASTEN_TF-B,60003212.0,BASTEN_1EY-TF-B,,,2,Transformer,L_BASTEN5_1Y,BAST_GTG2100,BASTEN_1EY-TF-B,1EY-TF-B,duplicate_match,different
280086,e373118e-b130-442c-88ec-c61678211b51,Transformer,PowerTransformer,G1,MT2 138kV-24kV,49201,GENCBY2_02_8,CBY,110072,CBY_CBY_G2,CBY,MT2,CBY_MT2,60111594.0,CBY_MT2,,,G1,Transformer,GENCBY2_02_8,CBY_CBY_G2,CBY_MT2,,duplicate_match,different
280086,e373118e-b130-442c-88ec-c61678211b51,Transformer,PowerTransformer,G1,MT2 138kV-24kV,49201,GENCBY2_02_8,CBY,110072,CBY_CBY_G2,CBY,MT2,CBY_MT2,60080631.0,CBY_CBYMT2_,,,G1,Transformer,CBY_CBY_G2,CEDARP__138B,CBY_CBYMT2_,CBYMT2_,duplicate_match,different
280088,e427a821-b10e-46cc-bf13-665e0530b4f2,Transformer,PowerTransformer,1,GSU2 138kV-6.9000001kV,7348,L_MARBFA8_1Y,MARBFA,170052,MAR_MARBFAG2,MARBFA,GSU2,MARBFA_GSU2,60006039.0,MARBFA_14GSUT2,,,2,Transformer,MAR_MARBFAG2,L_MARBFA8_1Y,MARBFA_14GSUT2,14GSUT2,duplicate_match,different
280088,e427a821-b10e-46cc-bf13-665e0530b4f2,Transformer,PowerTransformer,1,GSU2 138kV-6.9000001kV,7348,L_MARBFA8_1Y,MARBFA,170052,MAR_MARBFAG2,MARBFA,GSU2,MARBFA_GSU2,60111045.0,MARBFA_GSU2,,,1,Transformer,L_MARBFA8_1Y,MAR_MARBFAG2,MARBFA_GSU2,,duplicate_match,different
280089,e49d3bde-cf7e-4fd3-aead-f577dc2615c3,Transformer,PowerTransformer,5,FMR5 345kV-18kV,246,BOSQUESW5,BOSQUESW,150143,BOSQ_BSQSU_5,BOSQUESW,FMR5,BOSQUESW_FMR5,60110602.0,BOSQUESW_FMR5,,,5,Transformer,BOSQUESW5,BOSQ_BSQSU_5,BOSQUESW_FMR5,,duplicate_match,different
280089,e49d3bde-cf7e-4fd3-aead-f577dc2615c3,Transformer,PowerTransformer,5,FMR5 345kV-18kV,246,BOSQUESW5,BOSQUESW,150143,BOSQ_BSQSU_5,BOSQUESW,FMR5,BOSQUESW_FMR5,60080323.0,BOSQUESW_GSUXFMR5,,,5,Transformer,,,BOSQUESW_GSUXFMR5,GSUXFMR5,duplicate_match,different
280092,e720f4ca-c307-4579-8a57-db80fb87532a,Transformer,PowerTransformer,3,FMR1 138kV-13.8kV,18100,PBGENBUS_B,PB2SES,130011,PB2SES_CT1,PB2SES,FMR1,PB2SES_FMR1,60085653.0,PB2SES_UCXFMR1,,,3,Transformer,,,PB2SES_UCXFMR1,UCXFMR1,duplicate_match,different
280092,e720f4ca-c307-4579-8a57-db80fb87532a,Transformer,PowerTransformer,3,FMR1 138kV-13.8kV,18100,PBGENBUS_B,PB2SES,130011,PB2SES_CT1,PB2SES,FMR1,PB2SES_FMR1,60010471.0,PB2SES_FMR1,,,3,Transformer,PBGENBUS_B,PB2SES_CT1,PB2SES_FMR1,FMR1,duplicate_match,different
280093,e88a0223-a315-4544-835e-bf3f013c988c,Transformer,PowerTransformer,2,T2 345kV-34.5kV,180958,PYRON_1_5,PYR,181031,PYR_PYRON2,PYR,T2,PYR_T2,60112787.0,PYR_T2,,,2,Transformer,PYRON_1_5,PYR_PYRON2,PYR_T2,,duplicate_match,different
280093,e88a0223-a315-4544-835e-bf3f013c988c,Transformer,PowerTransformer,2,T2 345kV-34.5kV,180958,PYRON_1_5,PYR,181031,PYR_PYRON2,PYR,T2,PYR_T2,60006813.0,PYR_PYR_T2,,,2,Transformer,PYR_PYRON1,INDL_1_5,PYR_PYR_T2,PYR_T2,duplicate_match,different
280096,ea95f503-8592-4a5a-8481-fcdeb47b9c6e,Transformer,PowerTransformer,3,2HX 345kV-12.5kV,11879,WLFHOSTR,WHCCS,150172,WHCCS_CT2,WHCCS,2HX,WHCCS_2HX,60111224.0,WHCCS_2HX,,,3,Transformer,WLFHOSTR,WHCCS_CT2,WHCCS_2HX,,duplicate_match,same_element
280096,ea95f503-8592-4a5a-8481-fcdeb47b9c6e,Transformer,PowerTransformer,3,2HX 345kV-12.5kV,11879,WLFHOSTR,WHCCS,150172,WHCCS_CT2,WHCCS,2HX,WHCCS_2HX,100007800.0,WHCCS_2HX,,,3,load,WLFHOSTR,WHCCS_CT2,WHCCS_2HX,2HX,duplicate_match,same_element
280100,ec2fb7f8-5635-4f42-85e6-718453b5569a,Transformer,PowerTransformer,4,FMR1 138kV-16kV,160234,NEDIN_1_8,NEDIN,160231,NED_NEDIN_G1,NEDIN,FMR1,NEDIN_FMR1,60112556.0,NEDIN_FMR1,,,4,Transformer,NED_NEDIN_G1,NEDIN_1_8,NEDIN_FMR1,,duplicate_match,different
280100,ec2fb7f8-5635-4f42-85e6-718453b5569a,Transformer,PowerTransformer,4,FMR1 138kV-16kV,160234,NEDIN_1_8,NEDIN,160231,NED_NEDIN_G1,NEDIN,FMR1,NEDIN_FMR1,60084986.0,NEDIN_UXFMR1,,,4,Transformer,,,NEDIN_UXFMR1,UXFMR1,duplicate_match,different
280101,ec991abd-aedc-4b3a-9202-2c396bb79417,Transformer,PowerTransformer,3,FMR5 138kV-26kV,1950,HANDLEYC_8,HLSES,150053,HLSES_UNIT5,HLSES,FMR5,HLSES_FMR5,60082994.0,HLSES_UXFMR5,,,3,Transformer,,,HLSES_UXFMR5,UXFMR5,duplicate_match,different
280101,ec991abd-aedc-4b3a-9202-2c396bb79417,Transformer,PowerTransformer,3,FMR5 138kV-26kV,1950,HANDLEYC_8,HLSES,150053,HLSES_UNIT5,HLSES,FMR5,HLSES_FMR5,60110769.0,HLSES_FMR5,,,3,Transformer,HANDLEYC_8,HLSES_UNIT5,HLSES_FMR5,,duplicate_match,different
280106,9656dd3e-12c5-4a46-adba-101e38d421d1,Transformer,PowerTransformer,4,FMR4 138kV-13.8kV,331,RWMILLER,MIL,150134,MIL_MILLERG4,MIL,FMR4,MIL_FMR4,60110608.0,MIL_FMR4,,,4,Transformer,RWMILLER,MIL_MILLERG4,MIL_FMR4,,duplicate_match,different
280106,9656dd3e-12c5-4a46-adba-101e38d421d1,Transformer,PowerTransformer,4,FMR4 138kV-13.8kV,331,RWMILLER,MIL,150134,MIL_MILLERG4,MIL,FMR4,MIL_FMR4,60084571.0,MIL_UNIT4_XFMR,,,4,Transformer,,,MIL_UNIT4_XFMR,UNIT4_XFMR,duplicate_match,different
280107,97559fd8-2f70-4d79-a4d5-172da72708bd,Transformer,PowerTransformer,3,T1 138kV-18kV,160264,CCEC_1_8,CCEC,160263,CCEC_ST1,CCEC,T1,CCEC_T1,60003727.0,CCEC_ST1,,,3,Transformer,CCEC_ST1,CCEC_1_8,CCEC_ST1,ST1,duplicate_match,different
280107,97559fd8-2f70-4d79-a4d5-172da72708bd,Transformer,PowerTransformer,3,T1 138kV-18kV,160264,CCEC_1_8,CCEC,160263,CCEC_ST1,CCEC,T1,CCEC_T1,60112559.0,CCEC_T1,,,3,Transformer,CCEC_ST1,CCEC_1_8,CCEC_T1,,duplicate_match,different
280108,98876062-edb0-4850-b4e1-00033d8dc209,Transformer,PowerTransformer,2,TF-A 138kV-18kV,8981,HECGT14A,DUKE,160191,DUK_DUKE_GT1,DUKE,TF-A,DUKE_TF-A,60010016.0,DUKE_1-EY-TF-A,,,2,Transformer,HECGT14A,DUK_DUKE_GT1,DUKE_1-EY-TF-A,1-EY-TF-A,duplicate_match,different
280108,98876062-edb0-4850-b4e1-00033d8dc209,Transformer,PowerTransformer,2,TF-A 138kV-18kV,8981,HECGT14A,DUKE,160191,DUK_DUKE_GT1,DUKE,TF-A,DUKE_TF-A,60111118.0,DUKE_TF-A,,,2,Transformer,HECGT14A,DUK_DUKE_GT1,DUKE_TF-A,,duplicate_match,different
280110,98fd8768-3987-46ab-9e0e-a0857f5ad22d,Transformer,PowerTransformer,1,FMR3 345kV-18kV,140077,KMCHI_1_5,KMCHI,140073,KMCHI_1ST,KMCHI,FMR3,KMCHI_FMR3,60112256.0,KMCHI_FMR3,,,1,Transformer,KMCHI_1ST,KMCHI_1_5,KMCHI_FMR3,,duplicate_match,different
280110,98fd8768-3987-46ab-9e0e-a0857f5ad22d,Transformer,PowerTransformer,1,FMR3 345kV-18kV,140077,KMCHI_1_5,KMCHI,140073,KMCHI_1ST,KMCHI,FMR3,KMCHI_FMR3,60083534.0,KMCHI_1ST,,,1,Transformer,,,KMCHI_1ST,1ST,duplicate_match,different
280117,9a6b07e7-ad3e-47fa-afc6-3132babf3d13,Transformer,PowerTransformer,13,TR09 69kV-13.8kV,110449,FORMOSA_9_9,FORMOSA,110460,FO_FORMOSG10,FORMOSA,TR09,FORMOSA_TR09,60111808.0,FORMOSA_TR09,,,13,Transformer,FORMOSA_9_9,FO_FORMOSG10,FORMOSA_TR09,,duplicate_match,different
280117,9a6b07e7-ad3e-47fa-afc6-3132babf3d13,Transformer,PowerTransformer,13,TR09 69kV-13.8kV,110449,FORMOSA_9_9,FORMOSA,110460,FO_FORMOSG10,FORMOSA,TR09,FORMOSA_TR09,60004748.0,FORMOSA_TR09H,,,13,Transformer,FORMOSA_9_9,FO_FORMOSG10,FORMOSA_TR09H,TR09H,duplicate_match,different
280125,9fba16f9-8afd-4c9c-aa84-478d1f330faf,Transformer,PowerTransformer,3,FMR3 69kV-13.8kV,937,STEAM_D,STEAM,150714,STEA_STEAM_3,STEAM,FMR3,STEAM_FMR3,60110641.0,STEAM_FMR3,,,3,Transformer,STEAM_D,STEA_STEAM_3,STEAM_FMR3,,duplicate_match,different
280125,9fba16f9-8afd-4c9c-aa84-478d1f330faf,Transformer,PowerTransformer,3,FMR3 69kV-13.8kV,937,STEAM_D,STEAM,150714,STEA_STEAM_3,STEAM,FMR3,STEAM_FMR3,60087578.0,STEAM_GSUXFMR3,,,3,Transformer,,,STEAM_GSUXFMR3,GSUXFMR3,duplicate_match,different
280126,9fffc3c7-74e7-46fd-bac1-c9fa30a646ad,Transformer,PowerTransformer,1,GSU2 138kV-18kV,7310,L_SIMGID8_1Y,GIDEON,170072,GID_GIDEONG2,GIDEON,GSU2,GIDEON_GSU2,60111038.0,GIDEON_GSU2,,,1,Transformer,L_SIMGID8_1Y,GID_GIDEONG2,GIDEON_GSU2,,duplicate_match,different
280126,9fffc3c7-74e7-46fd-bac1-c9fa30a646ad,Transformer,PowerTransformer,1,GSU2 138kV-18kV,7310,L_SIMGID8_1Y,GIDEON,170072,GID_GIDEONG2,GIDEON,GSU2,GIDEON_GSU2,60005041.0,GIDEON_3_GSUT2,,,2,Transformer,L_SIMGID8_1Y,GID_GIDEONG2,GIDEON_3_GSUT2,3_GSUT2,duplicate_match,different
280128,a084ae07-c12b-45be-9778-d5dd46ddb9cb,Transformer,PowerTransformer,2,69T2 69kV-138kV,6225,ABNTHWST2B,ABNTHWST,6228,ABNTHWST4A,ABNTHWST,69T2,ABNTHWST_69T2,60002856.0,ABNW_138_69T2,,,2,Transformer,ABNW2B,ABNW4A,ABNW_138_69T2,138_69T2,duplicate_match,different
280128,a084ae07-c12b-45be-9778-d5dd46ddb9cb,Transformer,PowerTransformer,2,69T2 69kV-138kV,6225,ABNTHWST2B,ABNTHWST,6228,ABNTHWST4A,ABNTHWST,69T2,ABNTHWST_69T2,60009306.0,ABNTHWST_138_69T2,,,2,Transformer,ABNTHWST2B,ABNTHWST4A,ABNTHWST_138_69T2,138_69T2,duplicate_match,different
280130,a1418c00-dc28-4a2c-b750-da829adb8427,Transformer,PowerTransformer,1,MR21 345kV-18kV,900730,LPCCS_1_5,LPCCS,140064,LPCCS_CT21,LPCCS,MR21,LPCCS_MR21,60010697.0,LPCCS_MR21,,,1,Transformer,LPCCS_CT21,LPCCS_1_5,LPCCS_MR21,MR21,duplicate_match,different
280130,a1418c00-dc28-4a2c-b750-da829adb8427,Transformer,PowerTransformer,1,MR21 345kV-18kV,900730,LPCCS_1_5,LPCCS,140064,LPCCS_CT21,LPCCS,MR21,LPCCS_MR21,60084129.0,LPCCS_UCXFMR21,,,1,Transformer,,,LPCCS_UCXFMR21,UCXFMR21,duplicate_match,different
280133,a2a93ebb-115f-4e05-9cda-d9f44926edb8,Transformer,PowerTransformer,8,TR04 69kV-13.8kV,110444,FORMOSA_4_9,FORMOSA,110454,FOR_FORMOSG4,FORMOSA,TR04,FORMOSA_TR04,60004743.0,FORMOSA_TR04H,,,8,Transformer,FORMOSA_4_9,FOR_FORMOSG4,FORMOSA_TR04H,TR04H,duplicate_match,different
280133,a2a93ebb-115f-4e05-9cda-d9f44926edb8,Transformer,PowerTransformer,8,TR04 69kV-13.8kV,110444,FORMOSA_4_9,FORMOSA,110454,FOR_FORMOSG4,FORMOSA,TR04,FORMOSA_TR04,60111803.0,FORMOSA_TR04,,,8,Transformer,FORMOSA_4_9,FOR_FORMOSG4,FORMOSA_TR04,,duplicate_match,different
280134,a339d043-bd9c-4ef2-a59a-564b549f2751,Transformer,PowerTransformer,1,U805 138kV-21kV,110279,AMOCOOIL_6_8,AMOCOOIL,110284,AMO_AMOCO_S2,AMOCOOIL,U805,AMOCOOIL_U805,60111781.0,AMOCOOIL_U805,,,1,Transformer,AMOCOOIL_6_8,AMO_AMOCO_S2,AMOCOOIL_U805,,duplicate_match,different
280134,a339d043-bd9c-4ef2-a59a-564b549f2751,Transformer,PowerTransformer,1,U805 138kV-21kV,110279,AMOCOOIL_6_8,AMOCOOIL,110284,AMO_AMOCO_S2,AMOCOOIL,U805,AMOCOOIL_U805,60079579.0,AMOCOOIL_GSUT805,,,1,Transformer,AMOCOOIL_6_8,AMO_AMOCO_S2,AMOCOOIL_GSUT805,GSUT805,duplicate_match,different
280135,a3c37e08-596d-4d62-9dd7-c54bf82752ad,Transformer,PowerTransformer,G1,MT8 345kV-20kV,49207,GENWAP8_08_5,WAP,110018,WAP_WAP_G8,WAP,MT8,WAP_MT8,60111606.0,WAP_MT8,,,G1,Transformer,GENWAP8_08_5,WAP_WAP_G8,WAP_MT8,,duplicate_match,different
280135,a3c37e08-596d-4d62-9dd7-c54bf82752ad,Transformer,PowerTransformer,G1,MT8 345kV-20kV,49207,GENWAP8_08_5,WAP,110018,WAP_WAP_G8,WAP,MT8,WAP_MT8,60088364.0,WAP_WAPMT8_,,,G1,Transformer,WAP_WAP_G8,W_A_P___345B,WAP_WAPMT8_,WAPMT8_,duplicate_match,different
280136,a3e53f11-8004-4836-8cff-ab802fa17a4c,Transformer,PowerTransformer,1,FMR3 138kV-14.4kV,818,OLINGER,OLINGR,150083,OLIN_OLING_3,OLINGR,FMR3,OLINGR_FMR3,60110623.0,OLINGR_FMR3,,,1,Transformer,OLINGER,OLIN_OLING_3,OLINGR_FMR3,,duplicate_match,different
280136,a3e53f11-8004-4836-8cff-ab802fa17a4c,Transformer,PowerTransformer,1,FMR3 138kV-14.4kV,818,OLINGER,OLINGR,150083,OLIN_OLING_3,OLINGR,FMR3,OLINGR_FMR3,60085353.0,OLINGR_GSUXFMR3,,,1,Transformer,,,OLINGR_GSUXFMR3,GSUXFMR3,duplicate_match,different
280143,a5374cf9-6af1-4a7a-9d11-7ca8bd7004fb,Transformer,PowerTransformer,1,FMR2 345kV-18kV,140077,KMCHI_1_5,KMCHI,140071,KMCHI_1CT101,KMCHI,FMR2,KMCHI_FMR2,60112255.0,KMCHI_FMR2,,,1,Transformer,KMCHI_1CT101,KMCHI_1_5,KMCHI_FMR2,,duplicate_match,different
280143,a5374cf9-6af1-4a7a-9d11-7ca8bd7004fb,Transformer,PowerTransformer,1,FMR2 345kV-18kV,140077,KMCHI_1_5,KMCHI,140071,KMCHI_1CT101,KMCHI,FMR2,KMCHI_FMR2,60083532.0,KMCHI_1CT101,,,1,Transformer,,,KMCHI_1CT101,1CT101,duplicate_match,different
280149,3d5a38ed-b957-49c1-90cb-249bf3fa67c0,Transformer,PowerTransformer,4,TR01 69kV-13.8kV,110441,FORMOSA_1_9,FORMOSA,110451,FOR_FORMOSG1,FORMOSA,TR01,FORMOSA_TR01,60111800.0,FORMOSA_TR01,,,4,Transformer,FORMOSA_1_9,FOR_FORMOSG1,FORMOSA_TR01,,duplicate_match,different
280149,3d5a38ed-b957-49c1-90cb-249bf3fa67c0,Transformer,PowerTransformer,4,TR01 69kV-13.8kV,110441,FORMOSA_1_9,FORMOSA,110451,FOR_FORMOSG1,FORMOSA,TR01,FORMOSA_TR01,60004740.0,FORMOSA_TR01H,,,4,Transformer,FORMOSA_1_9,FOR_FORMOSG1,FORMOSA_TR01H,TR01H,duplicate_match,different
280150,3d617e21-d04a-46a5-9bcb-35874e032c98,Transformer,PowerTransformer,1,MR22 345kV-18kV,900730,LPCCS_1_5,LPCCS,140065,LPCCS_CT22,LPCCS,MR22,LPCCS_MR22,60084130.0,LPCCS_UCXFMR22,,,1,Transformer,,,LPCCS_UCXFMR22,UCXFMR22,duplicate_match,different
280150,3d617e21-d04a-46a5-9bcb-35874e032c98,Transformer,PowerTransformer,1,MR22 345kV-18kV,900730,LPCCS_1_5,LPCCS,140065,LPCCS_CT22,LPCCS,MR22,LPCCS_MR22,60010694.0,LPCCS_MR22,,,1,Transformer,LPCCS_CT22,LPCCS_1_5,LPCCS_MR22,MR22,duplicate_match,different
280152,4194c141-50b4-4120-a8c0-f793e1f9ea2a,Transformer,PowerTransformer,1,24_2 24kV-138kV,170124,CALAVER_OWS2,CALAVERS,5395,SOMMERS,CALAVERS,24_2,CALAVERS_24_2,60080570.0,CALAVERS_138_24_2,,,1,Transformer,SOMMERS,CALAVER_OWS2,CALAVERS_138_24_2,138_24_2,duplicate_match,different
280152,4194c141-50b4-4120-a8c0-f793e1f9ea2a,Transformer,PowerTransformer,1,24_2 24kV-138kV,170124,CALAVER_OWS2,CALAVERS,5395,SOMMERS,CALAVERS,24_2,CALAVERS_24_2,60021256.0,CALAVERS_24_2,,,1,Transformer,SOMMERS,CALAVER_OWS2,CALAVERS_24_2,24_2,duplicate_match,different
280153,425b8d4c-5e16-47fc-b650-413e7337af21,Transformer,PowerTransformer,2,FMR2 138kV-13.8kV,1024,FSCOGEN_8,FLCNS,130002,FLCNS_UNIT2,FLCNS,FMR2,FLCNS_FMR2,60082129.0,FLCNS_UXFMR2,,,2,Transformer,,,FLCNS_UXFMR2,UXFMR2,duplicate_match,different
280153,425b8d4c-5e16-47fc-b650-413e7337af21,Transformer,PowerTransformer,2,FMR2 138kV-13.8kV,1024,FSCOGEN_8,FLCNS,130002,FLCNS_UNIT2,FLCNS,FMR2,FLCNS_FMR2,60110678.0,FLCNS_FMR2,,,2,Transformer,FSCOGEN_8,FLCNS_UNIT2,FLCNS_FMR2,,duplicate_match,different
280155,429404ca-f22d-4a9e-84f2-5459dd05f368,Transformer,PowerTransformer,1,T1 69kV-138kV,5930,PWRPLT69,SILASRAY,59300,PWRPLANT,SILASRAY,T1,SILASRAY_T1,60007215.0,SILASRAY_T1,,,1,Transformer,PWRPLT69,PWRPLANT,SILASRAY_T1,T1,duplicate_match,different
280155,429404ca-f22d-4a9e-84f2-5459dd05f368,Transformer,PowerTransformer,1,T1 69kV-138kV,5930,PWRPLT69,SILASRAY,59300,PWRPLANT,SILASRAY,T1,SILASRAY_T1,60010423.0,SILASRAY_T1_L,,,1,Transformer,PWRPLT69,PWRPLANT,SILASRAY_T1_L,T1_L,duplicate_match,different
280156,4306227a-65b3-4de8-be56-134664dbbcad,Transformer,PowerTransformer,3,13_3 138kV-18kV,160205,LGE4A,LGE,160202,LGE_LGE_GT2,LGE,13_3,LGE_13_3,60083877.0,LGE_138_13_3,,,3,Transformer,,,LGE_138_13_3,138_13_3,duplicate_match,different
280156,4306227a-65b3-4de8-be56-134664dbbcad,Transformer,PowerTransformer,3,13_3 138kV-18kV,160205,LGE4A,LGE,160202,LGE_LGE_GT2,LGE,13_3,LGE_13_3,60112551.0,LGE_13_3,,,3,Transformer,LGE_LGE_GT2,LGE4A,LGE_13_3,,duplicate_match,different
280157,43173980-7311-4910-b096-aa4656d48c4b,Transformer,PowerTransformer,1,MR2A 345kV-22kV,1900,COMCHPKW_5,CPSES,150112,CPSES_UNIT2,CPSES,MR2A,CPSES_MR2A,60081122.0,CPSES_UXFMR2A,,,1,Transformer,,,CPSES_UXFMR2A,UXFMR2A,duplicate_match,different
280157,43173980-7311-4910-b096-aa4656d48c4b,Transformer,PowerTransformer,1,MR2A 345kV-22kV,1900,COMCHPKW_5,CPSES,150112,CPSES_UNIT2,CPSES,MR2A,CPSES_MR2A,60110754.0,CPSES_MR2A,,,1,Transformer,COMCHPKW_5,CPSES_UNIT2,CPSES_MR2A,,duplicate_match,different
280158,446d0bc9-b528-419f-b7cf-7b0b1e4c93de,Transformer,PowerTransformer,G1,XT4A 138kV-1kV,49203,GENTHW4X04_8,THW,49171,49171_STAR,THW,XT4A,THW_XT4A,60111597.0,THW_XT4A,,,G1,Transformer,49171_STAR,GENTHW4X04_8,THW_XT4A,,duplicate_match,different
280158,446d0bc9-b528-419f-b7cf-7b0b1e4c93de,Transformer,PowerTransformer,G1,XT4A 138kV-1kV,49203,GENTHW4X04_8,THW,49171,49171_STAR,THW,XT4A,THW_XT4A,60087856.0,THW_THWXT4A,,,G1,Transformer,49171_STAR,T_H_W___138E,THW_THWXT4A,THWXT4A,duplicate_match,different
280160,46154534-24ea-4350-b907-12ddbe8790c5,Transformer,PowerTransformer,G1,MT7 345kV-20kV,49206,GENWAP7_07_5,WAP,110017,WAP_WAP_G7,WAP,MT7,WAP_MT7,60111605.0,WAP_MT7,,,G1,Transformer,GENWAP7_07_5,WAP_WAP_G7,WAP_MT7,,duplicate_match,different
280160,46154534-24ea-4350-b907-12ddbe8790c5,Transformer,PowerTransformer,G1,MT7 345kV-20kV,49206,GENWAP7_07_5,WAP,110017,WAP_WAP_G7,WAP,MT7,WAP_MT7,60088363.0,WAP_WAPMT7_,,,G1,Transformer,WAP_WAP_G7,W_A_P___345A,WAP_WAPMT7_,WAPMT7_,duplicate_match,different
280163,4728a81b-7951-4f36-8a78-8c6030cab25d,Transformer,PowerTransformer,2,13_2 138kV-18kV,160205,LGE4A,LGE,160201,LGE_LGE_GT1,LGE,13_2,LGE_13_2,60083876.0,LGE_138_13_2,,,2,Transformer,,,LGE_138_13_2,138_13_2,duplicate_match,different
280163,4728a81b-7951-4f36-8a78-8c6030cab25d,Transformer,PowerTransformer,2,13_2 138kV-18kV,160205,LGE4A,LGE,160201,LGE_LGE_GT1,LGE,13_2,LGE_13_2,60112553.0,LGE_13_2,,,2,Transformer,LGE_LGE_GT1,LGE4A,LGE_13_2,,duplicate_match,different
280165,481f04c5-002b-4622-8fd1-dde26e21544d,Transformer,PowerTransformer,1,MPT2 138kV-13.8kV,9188,DECK_MB3,DECKER,170155,DECKE_DPGT_3,DECKER,MPT2,DECKER_MPT2,60081498.0,DECKER_DP_MPT2,,,1,Transformer,DECKE_DPGT_3,DECK_MB3,DECKER_DP_MPT2,DP_MPT2,duplicate_match,different
280165,481f04c5-002b-4622-8fd1-dde26e21544d,Transformer,PowerTransformer,1,MPT2 138kV-13.8kV,9188,DECK_MB3,DECKER,170155,DECKE_DPGT_3,DECKER,MPT2,DECKER_MPT2,60111135.0,DECKER_MPT2,,,1,Transformer,DECK_MB3,DECKE_DPGT_3,DECKER_MPT2,,duplicate_match,different
280167,4a236290-7855-477e-998a-a12c0ce0aad9,Transformer,PowerTransformer,G1,26T 138kV-13.8kV,110797,CBEC_1_8,CBEC,110796,CBEC_STG2,CBEC,26T,CBEC_26T,60003688.0,CBEC_26T701,,,G1,Transformer,CBEC_STG2,CBEC_1_8,CBEC_26T701,26T701,duplicate_match,different
280167,4a236290-7855-477e-998a-a12c0ce0aad9,Transformer,PowerTransformer,G1,26T 138kV-13.8kV,110797,CBEC_1_8,CBEC,110796,CBEC_STG2,CBEC,26T,CBEC_26T,60111860.0,CBEC_26T,,,G1,Transformer,CBEC_STG2,CBEC_1_8,CBEC_26T,,duplicate_match,different
280171,4d52179f-3548-4556-83e1-a716481e66ee,Transformer,PowerTransformer,10,TR06 69kV-13.8kV,110446,FORMOSA_6_9,FORMOSA,110456,FOR_FORMOSG6,FORMOSA,TR06,FORMOSA_TR06,60111805.0,FORMOSA_TR06,,,10,Transformer,FORMOSA_6_9,FOR_FORMOSG6,FORMOSA_TR06,,duplicate_match,different
280171,4d52179f-3548-4556-83e1-a716481e66ee,Transformer,PowerTransformer,10,TR06 69kV-13.8kV,110446,FORMOSA_6_9,FORMOSA,110456,FOR_FORMOSG6,FORMOSA,TR06,FORMOSA_TR06,60004745.0,FORMOSA_TR06H,,,10,Transformer,FORMOSA_6_9,FOR_FORMOSG6,FORMOSA_TR06H,TR06H,duplicate_match,different
280172,4e58bb88-659a-44e4-8429-15c7315df04c,Transformer,PowerTransformer,1,24_5 24kV-345kV,170125,CALAVER_JKS1,CALAVERS,5400,SPRUCE,CALAVERS,24_5,CALAVERS_24_5,60021259.0,CALAVERS_24_5,,,1,Transformer,CALAVER_JKS1,SPRUCE,CALAVERS_24_5,24_5,duplicate_match,different
280172,4e58bb88-659a-44e4-8429-15c7315df04c,Transformer,PowerTransformer,1,24_5 24kV-345kV,170125,CALAVER_JKS1,CALAVERS,5400,SPRUCE,CALAVERS,24_5,CALAVERS_24_5,60080573.0,CALAVERS_345_24_5,,,1,Transformer,CALAVER_JKS1,SPRUCE,CALAVERS_345_24_5,345_24_5,duplicate_match,different
280174,4eef2a63-b41a-4156-b02c-351f6e8e046b,Transformer,PowerTransformer,G1,MT5 138kV-20kV,49216,GENWAP5_05_8,WAP,110015,WAP_WAP_G5,WAP,MT5,WAP_MT5,60088361.0,WAP_WAPMT5_,,,G1,Transformer,W_A_P___138A,WAP_WAP_G5,WAP_WAPMT5_,WAPMT5_,duplicate_match,different
280174,4eef2a63-b41a-4156-b02c-351f6e8e046b,Transformer,PowerTransformer,G1,MT5 138kV-20kV,49216,GENWAP5_05_8,WAP,110015,WAP_WAP_G5,WAP,MT5,WAP_MT5,60111616.0,WAP_MT5,,,G1,Transformer,GENWAP5_05_8,WAP_WAP_G5,WAP_MT5,,duplicate_match,different
280177,532838a5-253c-4e39-ad22-c821c711e4d6,Transformer,PowerTransformer,G1,22T 138kV-13.8kV,110797,CBEC_1_8,CBEC,110792,CBEC_GT2,CBEC,22T,CBEC_22T,60111857.0,CBEC_22T,,,G1,Transformer,CBEC_GT2,CBEC_1_8,CBEC_22T,,duplicate_match,different
280177,532838a5-253c-4e39-ad22-c821c711e4d6,Transformer,PowerTransformer,G1,22T 138kV-13.8kV,110797,CBEC_1_8,CBEC,110792,CBEC_GT2,CBEC,22T,CBEC_22T,60003684.0,CBEC_22T701,,,G1,Transformer,CBEC_GT2,CBEC_1_8,CBEC_22T701,22T701,duplicate_match,different
280179,53f22172-f865-4d12-a815-5aea288d3f84,Transformer,PowerTransformer,2,T2 69kV-138kV,5930,PWRPLT69,SILASRAY,59300,PWRPLANT,SILASRAY,T2,SILASRAY_T2,60010424.0,SILASRAY_T2_L,,,2,Transformer,PWRPLT69,PWRPLANT,SILASRAY_T2_L,T2_L,duplicate_match,different
280179,53f22172-f865-4d12-a815-5aea288d3f84,Transformer,PowerTransformer,2,T2 69kV-138kV,5930,PWRPLT69,SILASRAY,59300,PWRPLANT,SILASRAY,T2,SILASRAY_T2,60007216.0,SILASRAY_T2,,,2,Transformer,PWRPLT69,PWRPLANT,SILASRAY_T2,T2,duplicate_match,different
280181,54466876-4327-43f7-b152-8cf0e2be17f2,Transformer,PowerTransformer,3,T2 69kV-13.8kV,32875,BRYN_DSBY69,DANSBY,120052,DAN_DANSBYG2,DANSBY,T2,DANSBY_T2,60111382.0,DANSBY_T2_H,,,3,Transformer,BRYN_DSBY69,DAN_DANSBYG2,DANSBY_T2_H,,duplicate_match,different
280181,54466876-4327-43f7-b152-8cf0e2be17f2,Transformer,PowerTransformer,3,T2 69kV-13.8kV,32875,BRYN_DSBY69,DANSBY,120052,DAN_DANSBYG2,DANSBY,T2,DANSBY_T2,60004227.0,DANSBY_GSUXFMR2,,,3,Transformer,DAN_DANSBYG2,BRYN_DSBY69,DANSBY_GSUXFMR2,GSUXFMR2,duplicate_match,different
280182,54a3f6ba-ac7d-41f8-b7a7-5ccaf4ed3661,Transformer,PowerTransformer,G1,XT4D 138kV-1kV,49203,GENTHW4X04_8,THW,49172,49172_STAR,THW,XT4D,THW_XT4D,60087857.0,THW_THWXT4D,,,G1,Transformer,49172_STAR,T_H_W___138E,THW_THWXT4D,THWXT4D,duplicate_match,different
280182,54a3f6ba-ac7d-41f8-b7a7-5ccaf4ed3661,Transformer,PowerTransformer,G1,XT4D 138kV-1kV,49203,GENTHW4X04_8,THW,49172,49172_STAR,THW,XT4D,THW_XT4D,60111598.0,THW_XT4D,,,G1,Transformer,49172_STAR,GENTHW4X04_8,THW_XT4D,,duplicate_match,different
280184,55075a59-6484-4fc0-8c32-7db29300e417,Transformer,PowerTransformer,A4,A4P 345kV-1kV,42500,DOW____POI_5,DOW,49194,DOW____A4STR,DOW,A4P,DOW_A4P,60111464.0,DOW_A4P,,,A4,Transformer,DOW____POI_5,DOW____A4STR,DOW_A4P,,duplicate_match,different
280184,55075a59-6484-4fc0-8c32-7db29300e417,Transformer,PowerTransformer,A4,A4P 345kV-1kV,42500,DOW____POI_5,DOW,49194,DOW____A4STR,DOW,A4P,DOW_A4P,60004352.0,DOW_DOW_A4P,,,A4,Transformer,DOW____POI_5,DOW____A4STR,DOW_DOW_A4P,DOW_A4P,duplicate_match,different
280195,4fc61917-4e6f-4685-ab7f-9aa03087d28d,Transformer,PowerTransformer,G1,FMR4 345kV-22kV,120095,FTR_1_5,FTR,120094,FTR_FTR_G4,FTR,FMR4,FTR_FMR4,60112058.0,FTR_FMR4,,,G1,Transformer,FTR_FTR_G4,FTR_1_5,FTR_FMR4,,duplicate_match,different
280195,4fc61917-4e6f-4685-ab7f-9aa03087d28d,Transformer,PowerTransformer,G1,FMR4 345kV-22kV,120095,FTR_1_5,FTR,120094,FTR_FTR_G4,FTR,FMR4,FTR_FMR4,60082423.0,FTR_UXFMR4,,,G1,Transformer,,,FTR_UXFMR4,UXFMR4,duplicate_match,different
280198,6557a8ca-97f1-41f4-b9da-ab9a8e8708d7,Transformer,PowerTransformer,5,RGT7 69kV-13.2kV,32864,BRYN_ATK69,ATKINS,120013,ATK_ATKINSG7,ATKINS,RGT7,ATKINS_RGT7,60079775.0,ATKINS_XFMRGT7,,,5,Transformer,,,ATKINS_XFMRGT7,XFMRGT7,duplicate_match,different
280198,6557a8ca-97f1-41f4-b9da-ab9a8e8708d7,Transformer,PowerTransformer,5,RGT7 69kV-13.2kV,32864,BRYN_ATK69,ATKINS,120013,ATK_ATKINSG7,ATKINS,RGT7,ATKINS_RGT7,60111379.0,ATKINS_RGT7,,,5,Transformer,BRYN_ATK69,ATK_ATKINSG7,ATKINS_RGT7,,duplicate_match,different
280213,6baf3c5f-6b7d-4085-8105-b9f882814f6b,Transformer,PowerTransformer,6,FMR3 138kV-16kV,160236,NEDIN_3_8,NEDIN,160233,NED_NEDIN_G3,NEDIN,FMR3,NEDIN_FMR3,60084988.0,NEDIN_UXFMR3,,,6,Transformer,,,NEDIN_UXFMR3,UXFMR3,duplicate_match,different
280213,6baf3c5f-6b7d-4085-8105-b9f882814f6b,Transformer,PowerTransformer,6,FMR3 138kV-16kV,160236,NEDIN_3_8,NEDIN,160233,NED_NEDIN_G3,NEDIN,FMR3,NEDIN_FMR3,60112558.0,NEDIN_FMR3,,,6,Transformer,NED_NEDIN_G3,NEDIN_3_8,NEDIN_FMR3,,duplicate_match,different
280215,5538c4e3-809a-492d-93c7-b7e30fb78339,Transformer,PowerTransformer,2,MR1B 345kV-22kV,1900,COMCHPKW_5,CPSES,150111,CPSES_UNIT1,CPSES,MR1B,CPSES_MR1B,60110755.0,CPSES_MR1B,,,2,Transformer,COMCHPKW_5,CPSES_UNIT1,CPSES_MR1B,,duplicate_match,different
280215,5538c4e3-809a-492d-93c7-b7e30fb78339,Transformer,PowerTransformer,2,MR1B 345kV-22kV,1900,COMCHPKW_5,CPSES,150111,CPSES_UNIT1,CPSES,MR1B,CPSES_MR1B,60081121.0,CPSES_UXFMR1B,,,2,Transformer,,,CPSES_UXFMR1B,UXFMR1B,duplicate_match,different
280217,56b1d50e-d0f5-400d-a6e6-e6d6cda00a0c,Transformer,PowerTransformer,2,GSU2 138kV-6.9000001kV,7087,L_CORONA8_1Y,CORONA,180005,BUCHAN_2,CORONA,GSU2,CORONA_GSU2,60111020.0,CORONA_GSU2,,,2,Transformer,L_CORONA8_1Y,BUCHAN_2,CORONA_GSU2,,duplicate_match,different
280217,56b1d50e-d0f5-400d-a6e6-e6d6cda00a0c,Transformer,PowerTransformer,2,GSU2 138kV-6.9000001kV,7087,L_CORONA8_1Y,CORONA,180005,BUCHAN_2,CORONA,GSU2,CORONA_GSU2,60004074.0,CORONA_GSUT2,,,2,Transformer,L_CORONA8_1Y,BUCHAN_2,CORONA_GSUT2,GSUT2,duplicate_match,different
280218,587459d0-688f-48fb-b34c-a88d3d9d8c02,Transformer,PowerTransformer,6,2TFC 345kV-18.1kV,130328,OECCS_2_5,OECCS,130326,OECCS_UNIT2,OECCS,2TFC,OECCS_2TFC,60112103.0,OECCS_2TFC,,,6,Transformer,OECCS_UNIT2,OECCS_2_5,OECCS_2TFC,,duplicate_match,different
280218,587459d0-688f-48fb-b34c-a88d3d9d8c02,Transformer,PowerTransformer,6,2TFC 345kV-18.1kV,130328,OECCS_2_5,OECCS,130326,OECCS_UNIT2,OECCS,2TFC,OECCS_2TFC,60085323.0,OECCS_ST2,,,6,Transformer,,,OECCS_ST2,ST2,duplicate_match,different
280220,590e7c16-cb52-48e5-a0c2-90598ec7f4ab,Transformer,PowerTransformer,12,TR08 69kV-13.8kV,110448,FORMOSA_8_9,FORMOSA,110459,FOR_FORMOSG9,FORMOSA,TR08,FORMOSA_TR08,60111807.0,FORMOSA_TR08,,,12,Transformer,FORMOSA_8_9,FOR_FORMOSG9,FORMOSA_TR08,,duplicate_match,different
280220,590e7c16-cb52-48e5-a0c2-90598ec7f4ab,Transformer,PowerTransformer,12,TR08 69kV-13.8kV,110448,FORMOSA_8_9,FORMOSA,110459,FOR_FORMOSG9,FORMOSA,TR08,FORMOSA_TR08,60004747.0,FORMOSA_TR08H,,,12,Transformer,FORMOSA_8_9,FOR_FORMOSG9,FORMOSA_TR08H,TR08H,duplicate_match,different
280222,5bf89b61-896d-4b4f-9f7a-d5d9c61cf2d9,Transformer,PowerTransformer,2,T2 345kV-34.5kV,180961,IND_1_5,INDL,181011,IND_INADALE2,INDL,T2,INDL_T2,60005470.0,INDL_IND_T2,,,2,Transformer,IND_1_5,IND_INADALE2,INDL_IND_T2,IND_T2,duplicate_match,different
280222,5bf89b61-896d-4b4f-9f7a-d5d9c61cf2d9,Transformer,PowerTransformer,2,T2 345kV-34.5kV,180961,IND_1_5,INDL,181011,IND_INADALE2,INDL,T2,INDL_T2,60112790.0,INDL_T2,,,2,Transformer,IND_1_5,IND_INADALE2,INDL_T2,,duplicate_match,different
280227,6eaa0bc9-7631-4bcc-9fd7-cc78b3f6195f,Transformer,PowerTransformer,1,GSU4 138kV-13.8kV,110279,AMOCOOIL_6_8,AMOCOOIL,110283,AMO_AMOCO_S1,AMOCOOIL,GSU4,AMOCOOIL_GSU4,60079578.0,AMOCOOIL_GSUT4,,,1,Transformer,AMO_AMOCO_S1,AMOCOOIL_6_8,AMOCOOIL_GSUT4,GSUT4,duplicate_match,different
280227,6eaa0bc9-7631-4bcc-9fd7-cc78b3f6195f,Transformer,PowerTransformer,1,GSU4 138kV-13.8kV,110279,AMOCOOIL_6_8,AMOCOOIL,110283,AMO_AMOCO_S1,AMOCOOIL,GSU4,AMOCOOIL_GSU4,60111780.0,AMOCOOIL_GSU4,,,1,Transformer,AMOCOOIL_6_8,AMO_AMOCO_S1,AMOCOOIL_GSU4,,duplicate_match,different
280233,707fd4ad-944f-4dbd-aa63-1dc3ac71a3dc,Transformer,PowerTransformer,G1,MT1 138kV-13.8kV,40480,DIABOX_POI_8,DIB,110171,DIB_DIB_G1,DIB,MT1,DIB_MT1,60081600.0,DIB_XF_1_138,,,G1,Transformer,DIB_DIB_G1,DS_BAT__138A,DIB_XF_1_138,XF_1_138,duplicate_match,different
280233,707fd4ad-944f-4dbd-aa63-1dc3ac71a3dc,Transformer,PowerTransformer,G1,MT1 138kV-13.8kV,40480,DIABOX_POI_8,DIB,110171,DIB_DIB_G1,DIB,MT1,DIB_MT1,60111415.0,DIB_MT1H,,,G1,Transformer,DIABOX_POI_8,DIB_DIB_G1,DIB_MT1H,,duplicate_match,different
280238,71d541a1-59f7-474b-b376-db21bb444474,Transformer,PowerTransformer,2,1TFB 345kV-18.1kV,130327,OECCS_1_5,OECCS,130322,OECCS_CT12,OECCS,1TFB,OECCS_1TFB,60085319.0,OECCS_CT12,,,2,Transformer,,,OECCS_CT12,CT12,duplicate_match,different
280238,71d541a1-59f7-474b-b376-db21bb444474,Transformer,PowerTransformer,2,1TFB 345kV-18.1kV,130327,OECCS_1_5,OECCS,130322,OECCS_CT12,OECCS,1TFB,OECCS_1TFB,60112100.0,OECCS_1TFB,,,2,Transformer,OECCS_CT12,OECCS_1_5,OECCS_1TFB,,duplicate_match,different
280239,727aae82-b8d5-4099-91c9-351b33b1088f,Transformer,PowerTransformer,7,TR03 69kV-13.8kV,110443,FORMOSA_3_9,FORMOSA,110453,FOR_FORMOSG3,FORMOSA,TR03,FORMOSA_TR03,60111802.0,FORMOSA_TR03,,,7,Transformer,FORMOSA_3_9,FOR_FORMOSG3,FORMOSA_TR03,,duplicate_match,different
280239,727aae82-b8d5-4099-91c9-351b33b1088f,Transformer,PowerTransformer,7,TR03 69kV-13.8kV,110443,FORMOSA_3_9,FORMOSA,110453,FOR_FORMOSG3,FORMOSA,TR03,FORMOSA_TR03,60004742.0,FORMOSA_TR03H,,,7,Transformer,FORMOSA_3_9,FOR_FORMOSG3,FORMOSA_TR03H,TR03H,duplicate_match,different
280242,74647163-4254-454b-a479-c64b29a1b953,Transformer,PowerTransformer,3,FMR1 138kV-24kV,160122,COLETO_1_8,COLETO,160121,COL_COLETOG1,COLETO,FMR1,COLETO_FMR1,60112544.0,COLETO_FMR1,,,3,Transformer,COL_COLETOG1,COLETO_1_8,COLETO_FMR1,,duplicate_match,different
280242,74647163-4254-454b-a479-c64b29a1b953,Transformer,PowerTransformer,3,FMR1 138kV-24kV,160122,COLETO_1_8,COLETO,160121,COL_COLETOG1,COLETO,FMR1,COLETO_FMR1,60080987.0,COLETO_138_24_1,,,3,Transformer,,,COLETO_138_24_1,138_24_1,duplicate_match,different
280245,75721c92-1238-499d-8a7b-7afa6ccabe87,Transformer,PowerTransformer,1,GSU3 69kV-13.8kV,110507,SCLPCOGN_1_9,SCLPCOGN,110503,SCLP_SCLPC_3,SCLPCOGN,GSU3,SCLPCOGN_GSU3,60111820.0,SCLPCOGN_GSU3,,,1,Transformer,SCLP_SCLPC_3,SCLPCOGN_1_9,SCLPCOGN_GSU3,,duplicate_match,different
280245,75721c92-1238-499d-8a7b-7afa6ccabe87,Transformer,PowerTransformer,1,GSU3 69kV-13.8kV,110507,SCLPCOGN_1_9,SCLPCOGN,110503,SCLP_SCLPC_3,SCLPCOGN,GSU3,SCLPCOGN_GSU3,60087200.0,SCLPCOGN_SCLPGSU3,,,1,Transformer,SCLPCOGN_1_9,SCLP_SCLPC_3,SCLPCOGN_SCLPGSU3,SCLPGSU3,duplicate_match,different
280249,784c95be-e9da-432c-9af0-9a8c1851fbf4,Transformer,PowerTransformer,G1,XF41 345kV-16kV,110076,CBY4_1_5,CBY4,110073,CBY4_CT41,CBY4,XF41,CBY4_XF41,60111745.0,CBY4_XF41,,,G1,Transformer,CBY4_CT41,CBY4_1_5,CBY4_XF41,,duplicate_match,different
280249,784c95be-e9da-432c-9af0-9a8c1851fbf4,Transformer,PowerTransformer,G1,XF41 345kV-16kV,110076,CBY4_1_5,CBY4,110073,CBY4_CT41,CBY4,XF41,CBY4_XF41,60003708.0,CBY4_GSU-XF-41001,,,G1,Transformer,CBY4_CT41,CBY4_1_5,CBY4_GSU-XF-41001,GSU-XF-41001,duplicate_match,different
280251,7a8861c4-5780-4484-bda4-ca095c1da252,Transformer,PowerTransformer,2,FMR2 345kV-18kV,246,BOSQUESW5,BOSQUESW,150142,BOSQ_BSQSU_2,BOSQUESW,FMR2,BOSQUESW_FMR2,60110601.0,BOSQUESW_FMR2,,,2,Transformer,BOSQUESW5,BOSQ_BSQSU_2,BOSQUESW_FMR2,,duplicate_match,different
280251,7a8861c4-5780-4484-bda4-ca095c1da252,Transformer,PowerTransformer,2,FMR2 345kV-18kV,246,BOSQUESW5,BOSQUESW,150142,BOSQ_BSQSU_2,BOSQUESW,FMR2,BOSQUESW_FMR2,60080320.0,BOSQUESW_GSUXFMR2,,,2,Transformer,,,BOSQUESW_GSUXFMR2,GSUXFMR2,duplicate_match,different
280253,7b353650-91b1-4ecb-97d3-fdc6ab838ff1,Transformer,PowerTransformer,1,MR11 345kV-18kV,900730,LPCCS_1_5,LPCCS,140061,LPCCS_CT11,LPCCS,MR11,LPCCS_MR11,60010696.0,LPCCS_MR11,,,1,Transformer,LPCCS_CT11,LPCCS_1_5,LPCCS_MR11,MR11,duplicate_match,different
280253,7b353650-91b1-4ecb-97d3-fdc6ab838ff1,Transformer,PowerTransformer,1,MR11 345kV-18kV,900730,LPCCS_1_5,LPCCS,140061,LPCCS_CT11,LPCCS,MR11,LPCCS_MR11,60084127.0,LPCCS_UCXFMR11,,,1,Transformer,,,LPCCS_UCXFMR11,UCXFMR11,duplicate_match,different
280254,7bc4e247-6c66-46bc-aa84-ff46d1ca424e,Transformer,PowerTransformer,2,FMR2 345kV-21kV,1939,MDLTHELP_S5,MDANP,150152,MDANP_CT2,MDANP,FMR2,MDANP_FMR2,60084398.0,MDANP_UCXFMR2_H,,,2,Transformer,,,MDANP_UCXFMR2_H,UCXFMR2_H,duplicate_match,different
280254,7bc4e247-6c66-46bc-aa84-ff46d1ca424e,Transformer,PowerTransformer,2,FMR2 345kV-21kV,1939,MDLTHELP_S5,MDANP,150152,MDANP_CT2,MDANP,FMR2,MDANP_FMR2,60110765.0,MDANP_FMR2,,,2,Transformer,MDLTHELP_S5,MDANP_CT2,MDANP_FMR2,,duplicate_match,different
280256,7f5f26e0-51b4-49bd-8f04-6e42e12ce675,Transformer,PowerTransformer,2,MR2B 345kV-22kV,1900,COMCHPKW_5,CPSES,150112,CPSES_UNIT2,CPSES,MR2B,CPSES_MR2B,60081123.0,CPSES_UXFMR2B,,,2,Transformer,,,CPSES_UXFMR2B,UXFMR2B,duplicate_match,different
280256,7f5f26e0-51b4-49bd-8f04-6e42e12ce675,Transformer,PowerTransformer,2,MR2B 345kV-22kV,1900,COMCHPKW_5,CPSES,150112,CPSES_UNIT2,CPSES,MR2B,CPSES_MR2B,60110753.0,CPSES_MR2B,,,2,Transformer,COMCHPKW_5,CPSES_UNIT2,CPSES_MR2B,,duplicate_match,different
280262,813a2270-c9b6-4888-a76d-7c3a122b849c,Transformer,PowerTransformer,G1,MT2 138kV-13.8kV,40480,DIABOX_POI_8,DIB,110173,DIB_DIB_G3,DIB,MT2,DIB_MT2,60111414.0,DIB_MT2H,,,G1,Transformer,DIABOX_POI_8,DIB_DIB_G3,DIB_MT2H,,duplicate_match,different
280262,813a2270-c9b6-4888-a76d-7c3a122b849c,Transformer,PowerTransformer,G1,MT2 138kV-13.8kV,40480,DIABOX_POI_8,DIB,110173,DIB_DIB_G3,DIB,MT2,DIB_MT2,60081599.0,DIB_MT1,,,G1,Transformer,DIB_DIB_G3,DS_BAT__138A,DIB_MT1,MT1,duplicate_match,different
280265,81e79001-041b-40d2-929f-a83f0e522f72,Transformer,PowerTransformer,2,GSU2 345kV-18kV,39950,TNTNP_ONE_3,TNP_ONE,120072,TNP__TNP_O_2,TNP_ONE,GSU2,TNP_ONE_GSU2,60111408.0,TNP_ONE_GSU2,,,2,Transformer,TNTNP_ONE_3,TNP__TNP_O_2,TNP_ONE_GSU2,,duplicate_match,different
280265,81e79001-041b-40d2-929f-a83f0e522f72,Transformer,PowerTransformer,2,GSU2 345kV-18kV,39950,TNTNP_ONE_3,TNP_ONE,120072,TNP__TNP_O_2,TNP_ONE,GSU2,TNP_ONE_GSU2,60007587.0,TNP_ONE_TNP1GSU2,,,2,Transformer,TNP__TNP_O_2,TNTNP_ONE_3,TNP_ONE_TNP1GSU2,TNP1GSU2,duplicate_match,different
280266,82bacd67-3d8b-4148-9507-0dc4cbb0dcd3,Transformer,PowerTransformer,3,P3T2 345kV-34.5kV,131754,PC_SOUTH_2_5,PC_SOUTH,131759,PC_PANTHER32,PC_SOUTH,P3T2,PC_SOUTH_P3T2,60006643.0,PC_SOUTH_PC3_T2,,,3,Transformer,PC__PANTHER3,PC_SOUTH_2_5,PC_SOUTH_PC3_T2,PC3_T2,duplicate_match,different
280266,82bacd67-3d8b-4148-9507-0dc4cbb0dcd3,Transformer,PowerTransformer,3,P3T2 345kV-34.5kV,131754,PC_SOUTH_2_5,PC_SOUTH,131759,PC_PANTHER32,PC_SOUTH,P3T2,PC_SOUTH_P3T2,60112133.0,PC_SOUTH_P3T2,,,3,Transformer,PC_SOUTH_2_5,PC_PANTHER32,PC_SOUTH_P3T2,,duplicate_match,different
280267,82ce1882-3b76-4398-8f4c-65c8cba0e969,Transformer,PowerTransformer,G1,MT2 138kV-20kV,49214,GENWAP2_02_8,WAP,110012,WAP_WAP_G2,WAP,MT2,WAP_MT2,60111614.0,WAP_MT2,,,G1,Transformer,GENWAP2_02_8,WAP_WAP_G2,WAP_MT2,,duplicate_match,different
280267,82ce1882-3b76-4398-8f4c-65c8cba0e969,Transformer,PowerTransformer,G1,MT2 138kV-20kV,49214,GENWAP2_02_8,WAP,110012,WAP_WAP_G2,WAP,MT2,WAP_MT2,60088358.0,WAP_WAPMT2_,,,G1,Transformer,W_A_P___138A,WAP_WAP_G2,WAP_WAPMT2_,WAPMT2_,duplicate_match,different
280268,82e57237-a337-4331-bc1c-fb32dbc867ff,Transformer,PowerTransformer,2,T2 345kV-34.5kV,180955,TKWSW_1_5,TKWSW1,180954,TKWSW_ROSCOE,TKWSW1,T2,TKWSW1_T2,60112785.0,TKWSW1_T2,,,2,Transformer,TKWSW_ROSCOE,TKWSW_1_5,TKWSW1_T2,,duplicate_match,different
280268,82e57237-a337-4331-bc1c-fb32dbc867ff,Transformer,PowerTransformer,2,T2 345kV-34.5kV,180955,TKWSW_1_5,TKWSW1,180954,TKWSW_ROSCOE,TKWSW1,T2,TKWSW1_T2,60007566.0,TKWSW1_ROS_T2,,,2,Transformer,TKWSW_ROSCOE,TKWSW_1_5,TKWSW1_ROS_T2,ROS_T2,duplicate_match,different
280269,83323262-9788-4471-88bb-93ee8e11e2f1,Transformer,PowerTransformer,G1,XT3F 138kV-1kV,49202,GENTHW3X03_8,THW,49139,49139_STAR,THW,XT3F,THW_XT3F,60087855.0,THW_THWXT3F,,,G1,Transformer,49139_STAR,T_H_W___138E,THW_THWXT3F,THWXT3F,duplicate_match,different
280269,83323262-9788-4471-88bb-93ee8e11e2f1,Transformer,PowerTransformer,G1,XT3F 138kV-1kV,49202,GENTHW3X03_8,THW,49139,49139_STAR,THW,XT3F,THW_XT3F,60111595.0,THW_XT3F,,,G1,Transformer,49139_STAR,GENTHW3X03_8,THW_XT3F,,duplicate_match,different
280275,873e6bf5-da70-4109-8615-d1aa2b37ad29,Transformer,PowerTransformer,1,GXU2 138kV-13.8kV,110274,AMOCOOIL_1_8,AMOCOOIL,110272,AMOC_AMOCO_2,AMOCOOIL,GXU2,AMOCOOIL_GXU2,60111777.0,AMOCOOIL_GXU2,,,1,Transformer,AMOC_AMOCO_2,AMOCOOIL_1_8,AMOCOOIL_GXU2,,duplicate_match,different
280275,873e6bf5-da70-4109-8615-d1aa2b37ad29,Transformer,PowerTransformer,1,GXU2 138kV-13.8kV,110274,AMOCOOIL_1_8,AMOCOOIL,110272,AMOC_AMOCO_2,AMOCOOIL,GXU2,AMOCOOIL_GXU2,60079581.0,AMOCOOIL_XT420,,,1,Transformer,AMOC_AMOCO_2,AMOCOOIL_1_8,AMOCOOIL_XT420,XT420,duplicate_match,different
280277,8983120b-aa06-4b87-be04-72c5959089e5,Transformer,PowerTransformer,1,TRST 138kV-13.8kV,110723,UCC_1_8,UCC_COGN,110722,UCC__UCC_C_2,UCC_COGN,TRST,UCC_COGN_TRST,60111839.0,UCC_COGN_TRST,,,1,Transformer,UCC__UCC_C_2,UCC_1_8,UCC_COGN_TRST,,duplicate_match,different
280277,8983120b-aa06-4b87-be04-72c5959089e5,Transformer,PowerTransformer,1,TRST 138kV-13.8kV,110723,UCC_1_8,UCC_COGN,110722,UCC__UCC_C_2,UCC_COGN,TRST,UCC_COGN_TRST,60088093.0,UCC_COGN_TR_STG,,,1,Transformer,UCC__UCC_C_2,UCC_1_8,UCC_COGN_TR_STG,TR_STG,duplicate_match,different
280280,8b389a6f-dfbf-41de-bd1a-2c139d865e41,Transformer,PowerTransformer,4,2TFB 345kV-18.1kV,130328,OECCS_2_5,OECCS,130325,OECCS_CT22,OECCS,2TFB,OECCS_2TFB,60112104.0,OECCS_2TFB,,,4,Transformer,OECCS_CT22,OECCS_2_5,OECCS_2TFB,,duplicate_match,different
280280,8b389a6f-dfbf-41de-bd1a-2c139d865e41,Transformer,PowerTransformer,4,2TFB 345kV-18.1kV,130328,OECCS_2_5,OECCS,130325,OECCS_CT22,OECCS,2TFB,OECCS_2TFB,60085321.0,OECCS_CT22,,,4,Transformer,,,OECCS_CT22,CT22,duplicate_match,different
280282,8c97f2ea-d326-4f44-a883-768da1df5bd1,Transformer,PowerTransformer,1,FMR5 69kV-14.4kV,920,SPNCRGEN69,SPNCER,150072,SPNC_SPNCE_5,SPNCER,FMR5,SPNCER_FMR5,60087476.0,SPNCER_GSUXFMR5,,,1,Transformer,,,SPNCER_GSUXFMR5,GSUXFMR5,duplicate_match,different
280282,8c97f2ea-d326-4f44-a883-768da1df5bd1,Transformer,PowerTransformer,1,FMR5 69kV-14.4kV,920,SPNCRGEN69,SPNCER,150072,SPNC_SPNCE_5,SPNCER,FMR5,SPNCER_FMR5,60110638.0,SPNCER_FMR5,,,1,Transformer,SPNCRGEN69,SPNC_SPNCE_5,SPNCER_FMR5,,duplicate_match,different
280283,8d822ea7-53c2-4d5e-b070-410726089c5c,Transformer,PowerTransformer,4,FMR4 345kV-21kV,1940,MDLTHELP_N5,MDANP,150154,MDANP_CT4,MDANP,FMR4,MDANP_FMR4,60110768.0,MDANP_FMR4,,,4,Transformer,MDLTHELP_N5,MDANP_CT4,MDANP_FMR4,,duplicate_match,different
280283,8d822ea7-53c2-4d5e-b070-410726089c5c,Transformer,PowerTransformer,4,FMR4 345kV-21kV,1940,MDLTHELP_N5,MDANP,150154,MDANP_CT4,MDANP,FMR4,MDANP_FMR4,60084400.0,MDANP_UCXFMR4_H,,,4,Transformer,,,MDANP_UCXFMR4_H,UCXFMR4_H,duplicate_match,different
280291,90bebb2e-0dd2-4b72-a4c4-426584ea7e8c,Transformer,PowerTransformer,G1,MT3 138kV-24kV,49212,GENWAP3_03_8,WAP,110013,WAP_WAP_G3,WAP,MT3,WAP_MT3,60088359.0,WAP_WAPMT3_,,,G1,Transformer,W_A_P___138A,WAP_WAP_G3,WAP_WAPMT3_,WAPMT3_,duplicate_match,different
280291,90bebb2e-0dd2-4b72-a4c4-426584ea7e8c,Transformer,PowerTransformer,G1,MT3 138kV-24kV,49212,GENWAP3_03_8,WAP,110013,WAP_WAP_G3,WAP,MT3,WAP_MT3,60111612.0,WAP_MT3,,,G1,Transformer,GENWAP3_03_8,WAP_WAP_G3,WAP_MT3,,duplicate_match,different
280293,91c702ff-ef31-4736-821a-8bea04dfdfd7,Transformer,PowerTransformer,1,FMR2 138kV-13.8kV,1694,TENASKA_8,TNSKA,140052,TNSKA_GT2,TNSKA,FMR2,TNSKA_FMR2,60087925.0,TNSKA_UXFMR2,,,1,Transformer,,,TNSKA_UXFMR2,UXFMR2,duplicate_match,different
280293,91c702ff-ef31-4736-821a-8bea04dfdfd7,Transformer,PowerTransformer,1,FMR2 138kV-13.8kV,1694,TENASKA_8,TNSKA,140052,TNSKA_GT2,TNSKA,FMR2,TNSKA_FMR2,60110727.0,TNSKA_FMR2,,,1,Transformer,TENASKA_8,TNSKA_GT2,TNSKA_FMR2,,duplicate_match,different
280295,928ec621-6579-4f55-9a51-88fd5d5a56ff,Transformer,PowerTransformer,1,FMR2 345kV-22kV,1430,GRHAMSES1_5,GRSES,150042,GRSES_UNIT2,GRSES,FMR2,GRSES_FMR2,60082700.0,GRSES_UXFMR2,,,1,Transformer,,,GRSES_UXFMR2,UXFMR2,duplicate_match,different
280295,928ec621-6579-4f55-9a51-88fd5d5a56ff,Transformer,PowerTransformer,1,FMR2 345kV-22kV,1430,GRHAMSES1_5,GRSES,150042,GRSES_UNIT2,GRSES,FMR2,GRSES_FMR2,60110707.0,GRSES_FMR2,,,1,Transformer,GRHAMSES1_5,GRSES_UNIT2,GRSES_FMR2,,duplicate_match,different
280300,956555bc-323b-46ff-b36d-13338de4fbbf,Transformer,PowerTransformer,2,SJO2 69kV-138kV,750,STJO9,SJO,746,STJO8,SJO,SJO2,SJO_SJO2,60110622.0,SJO_SJO2_L,,,2,Transformer,STJO8,STJO9,SJO_SJO2_L,,duplicate_match,different
280300,956555bc-323b-46ff-b36d-13338de4fbbf,Transformer,PowerTransformer,2,SJO2 69kV-138kV,750,STJO9,SJO,746,STJO8,SJO,SJO2,SJO_SJO2,60007229.0,SJO_SJO2,,,2,Transformer,STJO8,STJO9,SJO_SJO2,SJO2,duplicate_match,different
280304,01d0f7f5-46c4-4044-9ddb-0307b287cc5c,Transformer,PowerTransformer,T2,FMR4 138kV-13.8kV,1891,DECRDOVA_8,DCSES,150724,DCSES_CT40,DCSES,FMR4,DCSES_FMR4,60081456.0,DCSES_UCXFMR4,,,5,Transformer,,,DCSES_UCXFMR4,UCXFMR4,duplicate_match,different
280304,01d0f7f5-46c4-4044-9ddb-0307b287cc5c,Transformer,PowerTransformer,T2,FMR4 138kV-13.8kV,1891,DECRDOVA_8,DCSES,150724,DCSES_CT40,DCSES,FMR4,DCSES_FMR4,60110751.0,DCSES_FMR4,,,T2,Transformer,DECRDOVA_8,DCSES_CT40,DCSES_FMR4,,duplicate_match,different
280312,037d816b-886b-4625-ae89-5767c48b05e5,Transformer,PowerTransformer,1,GSU3 138kV-18kV,110279,AMOCOOIL_6_8,AMOCOOIL,110282,AMO_AMOCO_G3,AMOCOOIL,GSU3,AMOCOOIL_GSU3,60079577.0,AMOCOOIL_GSUT3,,,1,Transformer,AMO_AMOCO_G3,AMOCOOIL_6_8,AMOCOOIL_GSUT3,GSUT3,duplicate_match,different
280312,037d816b-886b-4625-ae89-5767c48b05e5,Transformer,PowerTransformer,1,GSU3 138kV-18kV,110279,AMOCOOIL_6_8,AMOCOOIL,110282,AMO_AMOCO_G3,AMOCOOIL,GSU3,AMOCOOIL_GSU3,60111783.0,AMOCOOIL_GSU3,,,1,Transformer,AMOCOOIL_6_8,AMO_AMOCO_G3,AMOCOOIL_GSU3,,duplicate_match,different
280313,03c6ced9-7e4c-493b-9907-4a0612a931f3,Transformer,PowerTransformer,1,GSU3 138kV-22kV,7310,L_SIMGID8_1Y,GIDEON,170073,GID_GIDEONG3,GIDEON,GSU3,GIDEON_GSU3,60005042.0,GIDEON_4_GSUT3,,,3,Transformer,L_SIMGID8_1Y,GID_GIDEONG3,GIDEON_4_GSUT3,4_GSUT3,duplicate_match,different
280313,03c6ced9-7e4c-493b-9907-4a0612a931f3,Transformer,PowerTransformer,1,GSU3 138kV-22kV,7310,L_SIMGID8_1Y,GIDEON,170073,GID_GIDEONG3,GIDEON,GSU3,GIDEON_GSU3,60111039.0,GIDEON_GSU3,,,1,Transformer,L_SIMGID8_1Y,GID_GIDEONG3,GIDEON_GSU3,,duplicate_match,different
280315,0583ea25-7c0e-49b1-8cb1-a2e8004293ca,Transformer,PowerTransformer,1,FMR2 345kV-18kV,140067,LPCCS_1_5,LPCCS,140066,LPCCS_UNIT2,LPCCS,FMR2,LPCCS_FMR2,60112253.0,LPCCS_FMR2,,,1,Transformer,LPCCS_UNIT2,LPCCS_1_5,LPCCS_FMR2,,duplicate_match,different
280315,0583ea25-7c0e-49b1-8cb1-a2e8004293ca,Transformer,PowerTransformer,1,FMR2 345kV-18kV,140067,LPCCS_1_5,LPCCS,140066,LPCCS_UNIT2,LPCCS,FMR2,LPCCS_FMR2,60084132.0,LPCCS_UXFMR2,,,1,Transformer,,,LPCCS_UXFMR2,UXFMR2,duplicate_match,different
280322,092b1abb-ba90-4e84-9f3c-11248bddee9d,Transformer,PowerTransformer,2,FMR2 69kV-138kV,1164,LAMESA_9,LMESA,1163,LAMESA_8,LMESA,FMR2,LMESA_FMR2,60110691.0,LMESA_AXFMR2_L,,,2,Transformer,LAMESA_9,LAMESA_8,LMESA_AXFMR2_L,,duplicate_match,different
280322,092b1abb-ba90-4e84-9f3c-11248bddee9d,Transformer,PowerTransformer,2,FMR2 69kV-138kV,1164,LAMESA_9,LMESA,1163,LAMESA_8,LMESA,FMR2,LMESA_FMR2,60005869.0,LMESA_AXFMR2,,,2,Transformer,LAMESA_9,LAMESA_8,LMESA_AXFMR2,AXFMR2,duplicate_match,different
280336,0ff89d37-c5a0-4275-bdf7-108d7f20c8bd,Transformer,PowerTransformer,2,T1 69kV-13.8kV,32875,BRYN_DSBY69,DANSBY,120051,DAN_DANSBYG1,DANSBY,T1,DANSBY_T1,60111381.0,DANSBY_T1_H,,,2,Transformer,BRYN_DSBY69,DAN_DANSBYG1,DANSBY_T1_H,,duplicate_match,different
280336,0ff89d37-c5a0-4275-bdf7-108d7f20c8bd,Transformer,PowerTransformer,2,T1 69kV-13.8kV,32875,BRYN_DSBY69,DANSBY,120051,DAN_DANSBYG1,DANSBY,T1,DANSBY_T1,60004226.0,DANSBY_GSUXFMR1,,,2,Transformer,DAN_DANSBYG1,BRYN_DSBY69,DANSBY_GSUXFMR1,GSUXFMR1,duplicate_match,different
280338,11045ac9-32fa-40fb-8a52-be240e9f0853,Transformer,PowerTransformer,B1,XT1 138kV-13.2kV,49217,GENWAPGT01_8,WAP,110019,WAP_WAPGT_1,WAP,XT1,WAP_XT1,60088365.0,WAP_WAPXT1_,,,B1,Transformer,W_A_P___138A,WAP_WAPGT_1,WAP_WAPXT1_,WAPXT1_,duplicate_match,different
280338,11045ac9-32fa-40fb-8a52-be240e9f0853,Transformer,PowerTransformer,B1,XT1 138kV-13.2kV,49217,GENWAPGT01_8,WAP,110019,WAP_WAPGT_1,WAP,XT1,WAP_XT1,60111617.0,WAP_XT1,,,B1,Transformer,GENWAPGT01_8,WAP_WAPGT_1,WAP_XT1,,duplicate_match,different
280339,1141400f-112d-44f7-975e-fa825bec73f1,Transformer,PowerTransformer,4,FMR3 138kV-13.8kV,18100,PBGENBUS_B,PB2SES,130013,PB2SES_CT3,PB2SES,FMR3,PB2SES_FMR3,60010470.0,PB2SES_FMR3,,,4,Transformer,PBGENBUS_B,PB2SES_CT3,PB2SES_FMR3,FMR3,duplicate_match,different
280339,1141400f-112d-44f7-975e-fa825bec73f1,Transformer,PowerTransformer,4,FMR3 138kV-13.8kV,18100,PBGENBUS_B,PB2SES,130013,PB2SES_CT3,PB2SES,FMR3,PB2SES_FMR3,60085655.0,PB2SES_UCXFMR3,,,4,Transformer,,,PB2SES_UCXFMR3,UCXFMR3,duplicate_match,different
280340,118a1d02-ee7d-48c4-9ed8-d3c8aed51dea,Transformer,PowerTransformer,2,XF4A 345kV-34.5kV,180161,SWEETWN4_1_5,SWEETWN4,180159,SWEETW_WND4A,SWEETWN4,XF4A,SWEETWN4_XF4A,60007425.0,SWEETWN4_4A,,,2,Transformer,SWEETW_WND4A,SWEETWN4_1_5,SWEETWN4_4A,4A,duplicate_match,different
280340,118a1d02-ee7d-48c4-9ed8-d3c8aed51dea,Transformer,PowerTransformer,2,XF4A 345kV-34.5kV,180161,SWEETWN4_1_5,SWEETWN4,180159,SWEETW_WND4A,SWEETWN4,XF4A,SWEETWN4_XF4A,60112758.0,SWEETWN4_XF4A,,,2,Transformer,SWEETW_WND4A,SWEETWN4_1_5,SWEETWN4_XF4A,,duplicate_match,different
280342,12903e93-0f4c-4b64-8d0c-330e51f43549,Transformer,PowerTransformer,2,T2L 138kV-1kV,6442,REDCREEK4A,REDCREEK,6768,SRC2DUM,REDCREEK,T2L,REDCREEK_T2L,60006905.0,REDCREEK_T2L,,,2,Transformer,REDCREEK4A,SRC2DUM,REDCREEK_T2L,T2L,duplicate_match,different
280342,12903e93-0f4c-4b64-8d0c-330e51f43549,Transformer,PowerTransformer,2,T2L 138kV-1kV,6442,REDCREEK4A,REDCREEK,6768,SRC2DUM,REDCREEK,T2L,REDCREEK_T2L,60087141.0,SARC_T2L,,,2,Transformer,SRC2DUM,SARC4A,SARC_T2L,T2L,duplicate_match,different
280344,137fd8e0-392c-4013-bac0-b2c2626b58d1,Transformer,PowerTransformer,T1,FMR2 138kV-13.8kV,1891,DECRDOVA_8,DCSES,150722,DCSES_CT20,DCSES,FMR2,DCSES_FMR2,60110749.0,DCSES_FMR2,,,T1,Transformer,DECRDOVA_8,DCSES_CT20,DCSES_FMR2,,duplicate_match,different
280344,137fd8e0-392c-4013-bac0-b2c2626b58d1,Transformer,PowerTransformer,T1,FMR2 138kV-13.8kV,1891,DECRDOVA_8,DCSES,150722,DCSES_CT20,DCSES,FMR2,DCSES_FMR2,60081454.0,DCSES_UCXFMR2,,,3,Transformer,,,DCSES_UCXFMR2,UCXFMR2,duplicate_match,different
280345,13bb781c-8285-4d2a-9984-8a349739aca3,Transformer,PowerTransformer,3,R3T1 138kV-34.5kV,180755,CAPRIDGE_2_8,CAPRIDGE,180756,CAPRIDGE_CR3,CAPRIDGE,R3T1,CAPRIDGE_R3T1,60112780.0,CAPRIDGE_R3T1,,,3,Transformer,CAPRIDGE_2_8,CAPRIDGE_CR3,CAPRIDGE_R3T1,,duplicate_match,different
280345,13bb781c-8285-4d2a-9984-8a349739aca3,Transformer,PowerTransformer,3,R3T1 138kV-34.5kV,180755,CAPRIDGE_2_8,CAPRIDGE,180756,CAPRIDGE_CR3,CAPRIDGE,R3T1,CAPRIDGE_R3T1,60003658.0,CAPRIDGE_WCR3-T1,,,3,Transformer,CAPRIDGE_2_8,CAPRIDGE_CR3,CAPRIDGE_WCR3-T1,WCR3-T1,duplicate_match,different
280359,1db1f79b-87cd-4db3-aacc-af29b3528aaa,Transformer,PowerTransformer,3,FMR3 138kV-20kV,331,RWMILLER,MIL,150133,MIL_MILLERG3,MIL,FMR3,MIL_FMR3,60110610.0,MIL_FMR3,,,3,Transformer,RWMILLER,MIL_MILLERG3,MIL_FMR3,,duplicate_match,different
280359,1db1f79b-87cd-4db3-aacc-af29b3528aaa,Transformer,PowerTransformer,3,FMR3 138kV-20kV,331,RWMILLER,MIL,150133,MIL_MILLERG3,MIL,FMR3,MIL_FMR3,60084570.0,MIL_UNIT3_XFMR,,,3,Transformer,,,MIL_UNIT3_XFMR,UNIT3_XFMR,duplicate_match,different
280362,1edbf292-2c13-4bc1-b369-083727097aba,Transformer,PowerTransformer,3,FMR3 138kV-18kV,252,BOSQUESW8,BOSQUESW,150144,BOSQ_BSQSU_3,BOSQUESW,FMR3,BOSQUESW_FMR3,60080321.0,BOSQUESW_GSUXFMR3,,,3,Transformer,,,BOSQUESW_GSUXFMR3,GSUXFMR3,duplicate_match,different
280362,1edbf292-2c13-4bc1-b369-083727097aba,Transformer,PowerTransformer,3,FMR3 138kV-18kV,252,BOSQUESW8,BOSQUESW,150144,BOSQ_BSQSU_3,BOSQUESW,FMR3,BOSQUESW_FMR3,60110603.0,BOSQUESW_FMR3,,,3,Transformer,BOSQUESW8,BOSQ_BSQSU_3,BOSQUESW_FMR3,,duplicate_match,different
280364,226a7acc-e33d-4861-a6f2-b586310c960d,Transformer,PowerTransformer,2,FMR5 138kV-13.8kV,18100,PBGENBUS_B,PB2SES,130015,PB2SES_CT5,PB2SES,FMR5,PB2SES_FMR5,60085657.0,PB2SES_UCXFMR5,,,2,Transformer,,,PB2SES_UCXFMR5,UCXFMR5,duplicate_match,different
280364,226a7acc-e33d-4861-a6f2-b586310c960d,Transformer,PowerTransformer,2,FMR5 138kV-13.8kV,18100,PBGENBUS_B,PB2SES,130015,PB2SES_CT5,PB2SES,FMR5,PB2SES_FMR5,60111296.0,PB2SES_FMR5,,,2,Transformer,PBGENBUS_B,PB2SES_CT5,PB2SES_FMR5,,duplicate_match,different
280367,24a2410e-9c4d-46db-8940-3153ca479e4e,Transformer,PowerTransformer,2,R2T1 138kV-34.5kV,180757,CAPRIDGE_3_8,CAPRIDGE,180753,CAPRIDGE_CR2,CAPRIDGE,R2T1,CAPRIDGE_R2T1,60003657.0,CAPRIDGE_WCR2-T1,,,2,Transformer,CAPRIDGE_CR2,CAPRIDGE_3_8,CAPRIDGE_WCR2-T1,WCR2-T1,duplicate_match,different
280367,24a2410e-9c4d-46db-8940-3153ca479e4e,Transformer,PowerTransformer,2,R2T1 138kV-34.5kV,180757,CAPRIDGE_3_8,CAPRIDGE,180753,CAPRIDGE_CR2,CAPRIDGE,R2T1,CAPRIDGE_R2T1,60112781.0,CAPRIDGE_R2T1,,,2,Transformer,CAPRIDGE_CR2,CAPRIDGE_3_8,CAPRIDGE_R2T1,,duplicate_match,different
280371,26629dce-e2c2-433f-a17e-f75fe75c1f14,Transformer,PowerTransformer,2,T2H 345kV-1kV,6444,REDCREEK7A,REDCREEK,6768,SRC2DUM,REDCREEK,T2H,REDCREEK_T2H,60087140.0,SARC_T2H,,,2,Transformer,SARC7A,SRC2DUM,SARC_T2H,T2H,duplicate_match,different
280371,26629dce-e2c2-433f-a17e-f75fe75c1f14,Transformer,PowerTransformer,2,T2H 345kV-1kV,6444,REDCREEK7A,REDCREEK,6768,SRC2DUM,REDCREEK,T2H,REDCREEK_T2H,60006904.0,REDCREEK_T2H,,,2,Transformer,REDCREEK7A,SRC2DUM,REDCREEK_T2H,T2H,duplicate_match,different
280374,26b2fcf8-c890-46e1-8413-935b84813093,Transformer,PowerTransformer,1,GXU1 138kV-13.8kV,110274,AMOCOOIL_1_8,AMOCOOIL,110271,AMOC_AMOCO_1,AMOCOOIL,GXU1,AMOCOOIL_GXU1,60111778.0,AMOCOOIL_GXU1,,,1,Transformer,AMOC_AMOCO_1,AMOCOOIL_1_8,AMOCOOIL_GXU1,,duplicate_match,different
280374,26b2fcf8-c890-46e1-8413-935b84813093,Transformer,PowerTransformer,1,GXU1 138kV-13.8kV,110274,AMOCOOIL_1_8,AMOCOOIL,110271,AMOC_AMOCO_1,AMOCOOIL,GXU1,AMOCOOIL_GXU1,60079580.0,AMOCOOIL_XT410,,,1,Transformer,AMOC_AMOCO_1,AMOCOOIL_1_8,AMOCOOIL_XT410,XT410,duplicate_match,different
280378,289f9cd8-65e0-4cc4-ae3c-259ef1ed5383,Transformer,PowerTransformer,2,1GTB 138kV-13.8kV,370,JNSNCNTY8,TEN,150121,TEN_CT1,TEN,1GTB,TEN_1GTB,60110614.0,TEN_1GTB,,,2,Transformer,JNSNCNTY8,TEN_CT1,TEN_1GTB,,duplicate_match,different
280378,289f9cd8-65e0-4cc4-ae3c-259ef1ed5383,Transformer,PowerTransformer,2,1GTB 138kV-13.8kV,370,JNSNCNTY8,TEN,150121,TEN_CT1,TEN,1GTB,TEN_1GTB,60087784.0,TEN_1GTB-XF-1,,,2,Transformer,,,TEN_1GTB-XF-1,1GTB-XF-1,duplicate_match,different
280379,28d0bc8d-4e75-4f7e-852d-5beb5df19728,Transformer,PowerTransformer,G1,25T 138kV-13.8kV,110797,CBEC_1_8,CBEC,110793,CBEC_STG1,CBEC,25T,CBEC_25T,60111855.0,CBEC_25T,,,G1,Transformer,CBEC_STG1,CBEC_1_8,CBEC_25T,,duplicate_match,different
280379,28d0bc8d-4e75-4f7e-852d-5beb5df19728,Transformer,PowerTransformer,G1,25T 138kV-13.8kV,110797,CBEC_1_8,CBEC,110793,CBEC_STG1,CBEC,25T,CBEC_25T,60003687.0,CBEC_25T701,,,G1,Transformer,CBEC_STG1,CBEC_1_8,CBEC_25T701,25T701,duplicate_match,different
280385,29e6c4e4-9761-4562-a3cd-ac0cdd9d2d88,Transformer,PowerTransformer,2,FMR2 34.5kV-345kV,160292,PENA_UNIT2,PENA,160294,PENA_1_5,PENA,FMR2,PENA_FMR2,60085869.0,PENA_PENASCALXFMR2,,,2,Transformer,,,PENA_PENASCALXFMR2,PENASCALXFMR2,duplicate_match,different
280385,29e6c4e4-9761-4562-a3cd-ac0cdd9d2d88,Transformer,PowerTransformer,2,FMR2 34.5kV-345kV,160292,PENA_UNIT2,PENA,160294,PENA_1_5,PENA,FMR2,PENA_FMR2,60056217.0,PENA_FMR2,,,2,Transformer,PENA_1_5,PENA_UNIT2,PENA_FMR2,FMR2,duplicate_match,different
280388,2afa15e7-9d40-470c-84b2-6bb9a07a0b54,Transformer,PowerTransformer,G1,XT2 138kV-13.8kV,110484,SJS_2_8,SJS,110482,SJS_SJS_G2,SJS,XT2,SJS_XT2,60087340.0,SJS_SJSXT2_,,,G1,Transformer,SJS_SJS_G2,SJS_2_8,SJS_SJSXT2_,SJSXT2_,duplicate_match,different
280388,2afa15e7-9d40-470c-84b2-6bb9a07a0b54,Transformer,PowerTransformer,G1,XT2 138kV-13.8kV,110484,SJS_2_8,SJS,110482,SJS_SJS_G2,SJS,XT2,SJS_XT2,60111816.0,SJS_XT2,,,G1,Transformer,SJS_SJS_G2,SJS_2_8,SJS_XT2,,duplicate_match,different
280394,2e56ef91-7b6e-415f-99bd-beff84a39e0e,Transformer,PowerTransformer,2,VFTN 138kV-17.5kV,80165,LARDVFT4A,LARDVFT,80014,LARDC,LARDVFT,VFTN,LARDVFT_VFTN,60005741.0,LARDVFT_VFT_N,,,2,Transformer,LARDC,LARDOVFT,LARDVFT_VFT_N,VFT_N,duplicate_match,different
280394,2e56ef91-7b6e-415f-99bd-beff84a39e0e,Transformer,PowerTransformer,2,VFTN 138kV-17.5kV,80165,LARDVFT4A,LARDVFT,80014,LARDC,LARDVFT,VFTN,LARDVFT_VFTN,60111709.0,LARDVFT_VFT_N_H,,,2,Transformer,LARDC,LARDVFT4A,LARDVFT_VFT_N_H,,duplicate_match,different
280398,304ff418-bdfe-4198-ab69-1bb4b49ca22d,Transformer,PowerTransformer,3,T11 138kV-34.5kV,150313,LNCRK2_1_8,LNCRK2,150311,LNCRK2_G871,LNCRK2,T11,LNCRK2_T11,60083962.0,LNCRK2_XFMR_T1,,,3,Transformer,,,LNCRK2_XFMR_T1,XFMR_T1,duplicate_match,different
280398,304ff418-bdfe-4198-ab69-1bb4b49ca22d,Transformer,PowerTransformer,3,T11 138kV-34.5kV,150313,LNCRK2_1_8,LNCRK2,150311,LNCRK2_G871,LNCRK2,T11,LNCRK2_T11,60112414.0,LNCRK2_T11,,,3,Transformer,LNCRK2_G871,LNCRK2_1_8,LNCRK2_T11,,duplicate_match,different
280400,31c294ff-59a7-43e2-a881-41f319978cc0,Transformer,PowerTransformer,2,382H 345kV-1kV,8455,LONHILL7A,LON_HILL,8450,LH2DUM,LON_HILL,382H,LON_HILL_382H,60010004.0,LON_HILL_345_1382H_H,,,2,Transformer,LH2DUM,LONHILL7A,LON_HILL_345_1382H_H,345_1382H_H,duplicate_match,different
280400,31c294ff-59a7-43e2-a881-41f319978cc0,Transformer,PowerTransformer,2,382H 345kV-1kV,8455,LONHILL7A,LON_HILL,8450,LH2DUM,LON_HILL,382H,LON_HILL_382H,60005911.0,LON_HILL_345_1382H,,,2,Transformer,LH2DUM,LONHILL7A,LON_HILL_345_1382H,345_1382H,duplicate_match,different
280402,31e4a7c8-6afc-4379-a48b-49f6092bf6b5,Transformer,PowerTransformer,A2,AT-2 345kV-138kV,110737,BTE_2_5,BTE,110735,BTE_1_8,BTE,AT-2,BTE_AT-2,60003526.0,BTE_AT-2_L,,,A2,Transformer,BTE_2_5,BTE_1_8,BTE_AT-2_L,AT-2_L,duplicate_match,different
280402,31e4a7c8-6afc-4379-a48b-49f6092bf6b5,Transformer,PowerTransformer,A2,AT-2 345kV-138kV,110737,BTE_2_5,BTE,110735,BTE_1_8,BTE,AT-2,BTE_AT-2,60010606.0,BTE_AT-2,,,A2,Transformer,BTE_1_8,BTE_2_5,BTE_AT-2,AT-2,duplicate_match,different
280405,338a8f76-2dae-44b9-b1c9-f90fdeb3a7f2,Transformer,PowerTransformer,1,FMR2 138kV-13.8kV,818,OLINGER,OLINGR,150082,OLIN_OLING_2,OLINGR,FMR2,OLINGR_FMR2,60110625.0,OLINGR_FMR2,,,1,Transformer,OLINGER,OLIN_OLING_2,OLINGR_FMR2,,duplicate_match,different
280405,338a8f76-2dae-44b9-b1c9-f90fdeb3a7f2,Transformer,PowerTransformer,1,FMR2 138kV-13.8kV,818,OLINGER,OLINGR,150082,OLIN_OLING_2,OLINGR,FMR2,OLINGR_FMR2,60085352.0,OLINGR_GSUXFMR2,,,1,Transformer,,,OLINGR_GSUXFMR2,GSUXFMR2,duplicate_match,different
280406,33da1216-4a61-42f2-af90-063e2870b045,Transformer,PowerTransformer,1,MR12 345kV-18kV,140067,LPCCS_1_5,LPCCS,140062,LPCCS_CT12,LPCCS,MR12,LPCCS_MR12,60084128.0,LPCCS_UCXFMR12,,,1,Transformer,,,LPCCS_UCXFMR12,UCXFMR12,duplicate_match,different
280406,33da1216-4a61-42f2-af90-063e2870b045,Transformer,PowerTransformer,1,MR12 345kV-18kV,140067,LPCCS_1_5,LPCCS,140062,LPCCS_CT12,LPCCS,MR12,LPCCS_MR12,60112254.0,LPCCS_MR12,,,1,Transformer,LPCCS_CT12,LPCCS_1_5,LPCCS_MR12,,duplicate_match,different
280408,3553fd99-c4af-4d7f-be50-e695eef8e800,Transformer,PowerTransformer,3,GSU3 138kV-6.9000001kV,7087,L_CORONA8_1Y,CORONA,180006,BUCHAN_3,CORONA,GSU3,CORONA_GSU3,60111021.0,CORONA_GSU3,,,3,Transformer,L_CORONA8_1Y,BUCHAN_3,CORONA_GSU3,,duplicate_match,different
280408,3553fd99-c4af-4d7f-be50-e695eef8e800,Transformer,PowerTransformer,3,GSU3 138kV-6.9000001kV,7087,L_CORONA8_1Y,CORONA,180006,BUCHAN_3,CORONA,GSU3,CORONA_GSU3,60004075.0,CORONA_GSUT3,,,3,Transformer,L_CORONA8_1Y,BUCHAN_3,CORONA_GSUT3,GSUT3,duplicate_match,different
280409,3563e138-619c-48f7-acc1-c4be1a20c828,Transformer,PowerTransformer,2,T2 138kV-34.5kV,131143,MCDLD_1_8,MCDLD,131142,MCDLD_SBW1,MCDLD,T2,MCDLD_T2,60112113.0,MCDLD_T2,,,2,Transformer,MCDLD_SBW1,MCDLD_1_8,MCDLD_T2,,duplicate_match,different
280409,3563e138-619c-48f7-acc1-c4be1a20c828,Transformer,PowerTransformer,2,T2 138kV-34.5kV,131143,MCDLD_1_8,MCDLD,131142,MCDLD_SBW1,MCDLD,T2,MCDLD_T2,60006093.0,MCDLD_SAN_T2,,,2,Transformer,MCDLD_SBW1,MCDLD_1_8,MCDLD_SAN_T2,SAN_T2,duplicate_match,different
280410,360cb576-f16e-4dcb-9519-01ef5fb575b7,Transformer,PowerTransformer,6,SGT6 13.8kV-69kV,160272,SILA_SILAS_6,SILASRAY,5930,PWRPLT69,SILASRAY,SGT6,SILASRAY_SGT6,60065061.0,SILASRAY_SGT6,,,6,Transformer,PWRPLT69,SILA_SILAS_6,SILASRAY_SGT6,SGT6,duplicate_match,different
280410,360cb576-f16e-4dcb-9519-01ef5fb575b7,Transformer,PowerTransformer,6,SGT6 13.8kV-69kV,160272,SILA_SILAS_6,SILASRAY,5930,PWRPLT69,SILASRAY,SGT6,SILASRAY_SGT6,60087328.0,SILASRAY_GSU-6,,,6,Transformer,,,SILASRAY_GSU-6,GSU-6,duplicate_match,different
280413,37df7646-1166-4202-9cc6-2349d01d7608,Transformer,PowerTransformer,5,FMR2 138kV-16kV,160235,NEDIN_2_8,NEDIN,160232,NED_NEDIN_G2,NEDIN,FMR2,NEDIN_FMR2,60112557.0,NEDIN_FMR2,,,5,Transformer,NED_NEDIN_G2,NEDIN_2_8,NEDIN_FMR2,,duplicate_match,different
280413,37df7646-1166-4202-9cc6-2349d01d7608,Transformer,PowerTransformer,5,FMR2 138kV-16kV,160235,NEDIN_2_8,NEDIN,160232,NED_NEDIN_G2,NEDIN,FMR2,NEDIN_FMR2,60084987.0,NEDIN_UXFMR2,,,5,Transformer,,,NEDIN_UXFMR2,UXFMR2,duplicate_match,different
280415,381c3614-9c60-4122-8a04-e2660c14cd49,Transformer,PowerTransformer,6,TR02 69kV-13.8kV,110442,FORMOSA_2_9,FORMOSA,110452,FOR_FORMOSG2,FORMOSA,TR02,FORMOSA_TR02,60111801.0,FORMOSA_TR02,,,6,Transformer,FORMOSA_2_9,FOR_FORMOSG2,FORMOSA_TR02,,duplicate_match,different
280415,381c3614-9c60-4122-8a04-e2660c14cd49,Transformer,PowerTransformer,6,TR02 69kV-13.8kV,110442,FORMOSA_2_9,FORMOSA,110452,FOR_FORMOSG2,FORMOSA,TR02,FORMOSA_TR02,60004741.0,FORMOSA_TR02H,,,6,Transformer,FORMOSA_2_9,FOR_FORMOSG2,FORMOSA_TR02H,TR02H,duplicate_match,different
280419,3958d079-96f6-40c3-bb1e-91b2e884fb99,Transformer,PowerTransformer,3,FMR3 345kV-21kV,1940,MDLTHELP_N5,MDANP,150153,MDANP_CT3,MDANP,FMR3,MDANP_FMR3,60084399.0,MDANP_UCXFMR3_H,,,3,Transformer,,,MDANP_UCXFMR3_H,UCXFMR3_H,duplicate_match,different
280419,3958d079-96f6-40c3-bb1e-91b2e884fb99,Transformer,PowerTransformer,3,FMR3 345kV-21kV,1940,MDLTHELP_N5,MDANP,150153,MDANP_CT3,MDANP,FMR3,MDANP_FMR3,60110767.0,MDANP_FMR3,,,3,Transformer,MDLTHELP_N5,MDANP_CT3,MDANP_FMR3,,duplicate_match,different
280422,3b54d40b-a6dd-4ea5-a1f7-8854add9df55,Transformer,PowerTransformer,G1,24T 138kV-13.8kV,110797,CBEC_1_8,CBEC,110795,CBEC_GT4,CBEC,24T,CBEC_24T,60003686.0,CBEC_24T701,,,G1,Transformer,CBEC_GT4,CBEC_1_8,CBEC_24T701,24T701,duplicate_match,different
280422,3b54d40b-a6dd-4ea5-a1f7-8854add9df55,Transformer,PowerTransformer,G1,24T 138kV-13.8kV,110797,CBEC_1_8,CBEC,110795,CBEC_GT4,CBEC,24T,CBEC_24T,60111859.0,CBEC_24T,,,G1,Transformer,CBEC_GT4,CBEC_1_8,CBEC_24T,,duplicate_match,different
280423,3c022a3d-90be-4054-9e4e-32fb39bffa9f,Transformer,PowerTransformer,T4,FMR3 138kV-13.8kV,1891,DECRDOVA_8,DCSES,150723,DCSES_CT30,DCSES,FMR3,DCSES_FMR3,60110750.0,DCSES_FMR3,,,T4,Transformer,DECRDOVA_8,DCSES_CT30,DCSES_FMR3,,duplicate_match,different
280423,3c022a3d-90be-4054-9e4e-32fb39bffa9f,Transformer,PowerTransformer,T4,FMR3 138kV-13.8kV,1891,DECRDOVA_8,DCSES,150723,DCSES_CT30,DCSES,FMR3,DCSES_FMR3,60081455.0,DCSES_UCXFMR3,,,4,Transformer,,,DCSES_UCXFMR3,UCXFMR3,duplicate_match,different
280427,b9148096-1e64-42be-bcc5-9bfee9c88707,Transformer,PowerTransformer,02,010B 138kV-13.8kV,47430,TECO___POI_8,TC,111011,TC_TCHP1,TC,010B,TC_010B,60008300.0,TC_010B_H,,,02,Transformer,TC_TCHP1,TECO___POI_8,TC_010B_H,010B_H,duplicate_match,different
280427,b9148096-1e64-42be-bcc5-9bfee9c88707,Transformer,PowerTransformer,02,010B 138kV-13.8kV,47430,TECO___POI_8,TC,111011,TC_TCHP1,TC,010B,TC_010B,60007483.0,TC_3EAP-TFM0010B,,,02,Transformer,TECO____138A,TC_TCHP1,TC_3EAP-TFM0010B,3EAP-TFM0010B,duplicate_match,different
280436,42a87e53-93b8-46b6-9d1a-cba4025a9d84,Transformer,PowerTransformer,1,FMR1 138kV-69kV,1326,STANTON_E_8,STASW,1230,STANTON_E_9,STASW,FMR1,STASW_FMR1,60067029.0,STASW_AXFMRL,,,1,Transformer,STANTON_E_9,STANTON_E_8,STASW_AXFMRL,AXFMRL,duplicate_match,different
280436,42a87e53-93b8-46b6-9d1a-cba4025a9d84,Transformer,PowerTransformer,1,FMR1 138kV-69kV,1326,STANTON_E_8,STASW,1230,STANTON_E_9,STASW,FMR1,STASW_FMR1,60110696.0,STASW_AXFMRH,,,1,Transformer,STANTON_E_8,STANTON_E_9,STASW_AXFMRH,,duplicate_match,different
280440,1944310b-e77c-41ab-a283-c74b03bcdb0a,Transformer,PowerTransformer,A1,AT1 138kV-1kV,42510,DOW____B138A,DOW,49191,DOW____A1STR,DOW,AT1,DOW_AT1,60111468.0,DOW_AT1_H,,,A1,Transformer,DOW____B138A,DOW____A1STR,DOW_AT1_H,,duplicate_match,different
280440,1944310b-e77c-41ab-a283-c74b03bcdb0a,Transformer,PowerTransformer,A1,AT1 138kV-1kV,42510,DOW____B138A,DOW,49191,DOW____A1STR,DOW,AT1,DOW_AT1,60004347.0,DOW_AT1L_H,,,A1,Transformer,DOW____B138A,DOW____A1STR,DOW_AT1L_H,AT1L_H,duplicate_match,different
280442,1b7b5fbd-5094-49af-8326-65d3d9fbc213,Transformer,PowerTransformer,01,010A 138kV-13.8kV,47430,TECO___POI_8,TC,111011,TC_TCHP1,TC,010A,TC_010A,60007482.0,TC_3EAP-TFM0010A,,,01,Transformer,TECO____138A,TC_TCHP1,TC_3EAP-TFM0010A,3EAP-TFM0010A,duplicate_match,different
280442,1b7b5fbd-5094-49af-8326-65d3d9fbc213,Transformer,PowerTransformer,01,010A 138kV-13.8kV,47430,TECO___POI_8,TC,111011,TC_TCHP1,TC,010A,TC_010A,60008299.0,TC_010A_H,,,01,Transformer,TC_TCHP1,TECO___POI_8,TC_010A_H,010A_H,duplicate_match,different
280446,0bd19c74-3d77-4873-a89e-69d67b383db8,Transformer,PowerTransformer,4,FMR4 69kV-13.8kV,937,STEAM_D,STEAM,150712,STE_ENGINE_1,STEAM,FMR4,STEAM_FMR4,60087579.0,STEAM_GSUXFMR4,,,4,Transformer,,,STEAM_GSUXFMR4,GSUXFMR4,duplicate_match,different
280446,0bd19c74-3d77-4873-a89e-69d67b383db8,Transformer,PowerTransformer,4,FMR4 69kV-13.8kV,937,STEAM_D,STEAM,150712,STE_ENGINE_1,STEAM,FMR4,STEAM_FMR4,60110640.0,STEAM_FMR4,,,4,Transformer,STEAM_D,STE_ENGINE_1,STEAM_FMR4,,duplicate_match,different
280759,386a5c2f-d2ce-42e9-bb34-5f04252687b3,Branch,ACLineSegment,1,686T686_1 1 1 138kV,7238,L_SHINER8_1Y,SHINER,7242,L_YOAKUM8_1Y,YOAKUM,1,686T686_1,60009684.0,686T6861,,,1,Line,L_SHINER8_1Y,L_YOAKUM8_1Y,686T686_1,1,duplicate_match,different
280759,386a5c2f-d2ce-42e9-bb34-5f04252687b3,Branch,ACLineSegment,1,686T686_1 1 1 138kV,7238,L_SHINER8_1Y,SHINER,7242,L_YOAKUM8_1Y,YOAKUM,1,686T686_1,60000368.0,139T134,,,1,Line,L_SHINER8_1Y,L_YOAKUM8_1Y,139T134_1,1,duplicate_match,different
281631,0f7f0355-d782-43f4-95af-e7007c34fc83,Branch,SeriesCompensator,1,1,180154,SWEETWN2_1_8,SWEETWN2,180155,SWEETWN2_2_8,SWEETWN2,1,L_SWEET2_138_1,60007431.0,SWN2_A,,,1,Line,SWEETWN2_1_8,SWEETWN2_2_8,SWN2_A_1,1,duplicate_match,different
281631,0f7f0355-d782-43f4-95af-e7007c34fc83,Branch,SeriesCompensator,1,1,180154,SWEETWN2_1_8,SWEETWN2,180155,SWEETWN2_2_8,SWEETWN2,1,L_SWEET2_138_1,60009296.0,L_SWEET2_1381,,,1,Line,SWEETWN2_1_8,SWEETWN2_2_8,L_SWEET2_138_1,1,duplicate_match,different
281644,06286555-f2f3-445c-80d3-a0d8748127b7,Branch,SeriesCompensator,03,1,41021,LYONDL03T1_8,LY,48230,LYONDL03TPA8,LY,1,LY1_TAP03_1,60005977.0,LY_TAP03,,,SR,Line,LYONDL038000,LYONDL_RAD03,LY_TAP03_1,1,duplicate_match,different
281644,06286555-f2f3-445c-80d3-a0d8748127b7,Branch,SeriesCompensator,03,1,41021,LYONDL03T1_8,LY,48230,LYONDL03TPA8,LY,1,LY1_TAP03_1,60009242.0,LY1_TAP031,,,03,Line,LYONDL03T1_8,LYONDL03TPA8,LY1_TAP03_1,1,duplicate_match,different
281785,4d2b0422-c93e-49e2-8bd3-55e7998673e0,Branch,SeriesCompensator,81,1,48180,JESTER81TP_8,JES,48391,VETRAN81TP_8,JES,1,JESJES81_1,60008202.0,JESJES811,,,81,Line,JESTER81TP_8,VETRAN81TP_8,JESJES81_1,1,duplicate_match,different
281785,4d2b0422-c93e-49e2-8bd3-55e7998673e0,Branch,SeriesCompensator,81,1,48180,JESTER81TP_8,JES,48391,VETRAN81TP_8,JES,1,JESJES81_1,60003172.0,BA_TAP81,,,81,Line,BAMMEL__138A,VET_JES_81,BA_TAP81_1,1,duplicate_match,different
281790,d45d88b5-67e5-48a6-b91d-109e67db0634,Branch,SeriesCompensator,36,1,42195,BOOSTR_X36T8,BST,48039,BOOSTR36TP_8,BST,1,BSTTAP36_1,60003518.0,BSTTAP02,,,SR,Line,BOOSTR__8010,BOOSTR_RAD02,BSTTAP02_1,1,duplicate_match,different
281790,d45d88b5-67e5-48a6-b91d-109e67db0634,Branch,SeriesCompensator,36,1,42195,BOOSTR_X36T8,BST,48039,BOOSTR36TP_8,BST,1,BSTTAP36_1,60011631.0,BSTTAP361,,,36,Line,BOOSTR_X36T8,BOOSTR36TP_8,BSTTAP36_1,1,duplicate_match,different
298189,3654cc89-ad96-47b9-8ed9-389d7b1c652b,Transformer,PowerTransformer,1,XF81 138kV-14.4kV,110134,DOWGEN_7_8,DOWGEN,110135,DOWG_DOW_G81,DOWGEN,XF81,DOWGEN_XF81,60004393.0,DOWGEN_GSUXF81,,,1,Transformer,DOWGEN_7_8,DOWG_DOW_G81,DOWGEN_GSUXF81,GSUXF81,duplicate_match,different
298189,3654cc89-ad96-47b9-8ed9-389d7b1c652b,Transformer,PowerTransformer,1,XF81 138kV-14.4kV,110134,DOWGEN_7_8,DOWGEN,110135,DOWG_DOW_G81,DOWGEN,XF81,DOWGEN_XF81,60111758.0,DOWGEN_XF81,,,1,Transformer,DOWGEN_7_8,DOWG_DOW_G81,DOWGEN_XF81,,duplicate_match,different
298190,18bb8894-8744-415e-bf45-abf459ff416d,Transformer,PowerTransformer,1,XF83 138kV-14.4kV,110138,DOWGEN_9_8,DOWGEN,110139,DOWG_DOW_G83,DOWGEN,XF83,DOWGEN_XF83,60004395.0,DOWGEN_GSUXF83,,,1,Transformer,DOWGEN_9_8,DOWG_DOW_G83,DOWGEN_GSUXF83,GSUXF83,duplicate_match,different
298190,18bb8894-8744-415e-bf45-abf459ff416d,Transformer,PowerTransformer,1,XF83 138kV-14.4kV,110138,DOWGEN_9_8,DOWGEN,110139,DOWG_DOW_G83,DOWGEN,XF83,DOWGEN_XF83,60111760.0,DOWGEN_XF83,,,1,Transformer,DOWGEN_9_8,DOWG_DOW_G83,DOWGEN_XF83,,duplicate_match,different
298191,16b76d72-9f12-46da-a2ff-6aff9cb343fd,Transformer,PowerTransformer,1,XF84 138kV-18kV,110140,DOWGEN_11_8,DOWGEN,110141,DOW_DOW_ST84,DOWGEN,XF84,DOWGEN_XF84,60111761.0,DOWGEN_XF84,,,1,Transformer,DOWGEN_11_8,DOW_DOW_ST84,DOWGEN_XF84,,duplicate_match,different
298191,16b76d72-9f12-46da-a2ff-6aff9cb343fd,Transformer,PowerTransformer,1,XF84 138kV-18kV,110140,DOWGEN_11_8,DOWGEN,110141,DOW_DOW_ST84,DOWGEN,XF84,DOWGEN_XF84,60004396.0,DOWGEN_GSUXF84,,,1,Transformer,DOWGEN_11_8,DOW_DOW_ST84,DOWGEN_GSUXF84,GSUXF84,duplicate_match,different
298249,2d45a6c5-790e-4447-8cdd-fe7cb0a2a1cc,Transformer,PowerTransformer,1,XF13 138kV-14.4kV,110113,DOW_G37_G35,DOWGEN,110112,DOWGEN_1,DOWGEN,XF13,DOWGEN_XF13,60111754.0,DOWGEN_XF13,,,1,Transformer,DOWGEN_1,DOW_G37_G35,DOWGEN_XF13,,duplicate_match,different
298249,2d45a6c5-790e-4447-8cdd-fe7cb0a2a1cc,Transformer,PowerTransformer,1,XF13 138kV-14.4kV,110113,DOW_G37_G35,DOWGEN,110112,DOWGEN_1,DOWGEN,XF13,DOWGEN_XF13,60004389.0,DOWGEN_GSUXF13,,,1,Transformer,DOWGEN_1,DOW_G37_G35,DOWGEN_GSUXF13,GSUXF13,duplicate_match,different
298356,58cbed59-3553-4a23-ab59-9a5e61dc64c0,Transformer,PowerTransformer,1,XF95 138kV-14.4kV,110142,DOW_G96_ST95,DOWGEN,110147,DOW_DOW_ST95,DOWGEN,XF95,DOWGEN_XF95,60004397.0,DOWGEN_GSUXF95,,,1,Transformer,DOW_G96_ST95,DOW_DOW_ST95,DOWGEN_GSUXF95,GSUXF95,duplicate_match,different
298356,58cbed59-3553-4a23-ab59-9a5e61dc64c0,Transformer,PowerTransformer,1,XF95 138kV-14.4kV,110142,DOW_G96_ST95,DOWGEN,110147,DOW_DOW_ST95,DOWGEN,XF95,DOWGEN_XF95,60111763.0,DOWGEN_XF95,,,1,Transformer,DOW_G96_ST95,DOW_DOW_ST95,DOWGEN_XF95,,duplicate_match,different
298401,943f0e9b-e5d1-46b2-85e1-3334cd49ad4e,Transformer,PowerTransformer,1,XF9P 138kV-1kV,110142,DOW_G96_ST95,DOWGEN,110148,DOWGEN_STAR,DOWGEN,XF9P,DOWGEN_XF9P,60004398.0,DOWGEN_GSUXF96,,,1,Transformer,DOW_G96_ST95,DOWGEN_STAR,DOWGEN_GSUXF96,GSUXF96,duplicate_match,different
298401,943f0e9b-e5d1-46b2-85e1-3334cd49ad4e,Transformer,PowerTransformer,1,XF9P 138kV-1kV,110142,DOW_G96_ST95,DOWGEN,110148,DOWGEN_STAR,DOWGEN,XF9P,DOWGEN_XF9P,60111762.0,DOWGEN_XF9P,,,1,Transformer,DOW_G96_ST95,DOWGEN_STAR,DOWGEN_XF9P,,duplicate_match,different
298451,ff46f309-198a-4a00-9be7-d1e937817f32,Transformer,PowerTransformer,1,XF69 138kV-14.4kV,110127,DOWGEN_2_8,DOWGEN,110126,DOW_G66_ST65,DOWGEN,XF69,DOWGEN_XF69,60010544.0,DOWGEN_XF69,,,1,Transformer,DOW_G66_ST65,DOWGEN_2_8,DOWGEN_XF69,XF69,duplicate_match,different
298451,ff46f309-198a-4a00-9be7-d1e937817f32,Transformer,PowerTransformer,1,XF69 138kV-14.4kV,110127,DOWGEN_2_8,DOWGEN,110126,DOW_G66_ST65,DOWGEN,XF69,DOWGEN_XF69,60004392.0,DOWGEN_GSUXF69,,,1,Transformer,DOW_G66_ST65,DOWGEN_2_8,DOWGEN_GSUXF69,GSUXF69,duplicate_match,different
298453,8fb4a4f8-1940-48d3-b206-e9538627376a,Transformer,PowerTransformer,1,XF82 138kV-14.4kV,110136,DOWGEN_8_8,DOWGEN,110137,DOWG_DOW_G82,DOWGEN,XF82,DOWGEN_XF82,60004394.0,DOWGEN_GSUXF82,,,1,Transformer,DOWGEN_8_8,DOWG_DOW_G82,DOWGEN_GSUXF82,GSUXF82,duplicate_match,different
298453,8fb4a4f8-1940-48d3-b206-e9538627376a,Transformer,PowerTransformer,1,XF82 138kV-14.4kV,110136,DOWGEN_8_8,DOWGEN,110137,DOWG_DOW_G82,DOWGEN,XF82,DOWGEN_XF82,60111759.0,DOWGEN_XF82,,,1,Transformer,DOWGEN_8_8,DOWG_DOW_G82,DOWGEN_XF82,,duplicate_match,different
298586,f6782b1a-e087-4267-a22f-725cbede4c1e,Transformer,PowerTransformer,1,XF68 138kV-14.4kV,110120,DOWGEN_1_8,DOWGEN,110119,DOWGEN_2,DOWGEN,XF68,DOWGEN_XF68,60004391.0,DOWGEN_GSUXF68,,,1,Transformer,DOWGEN_2,DOWGEN_1_8,DOWGEN_GSUXF68,GSUXF68,duplicate_match,different
298586,f6782b1a-e087-4267-a22f-725cbede4c1e,Transformer,PowerTransformer,1,XF68 138kV-14.4kV,110120,DOWGEN_1_8,DOWGEN,110119,DOWGEN_2,DOWGEN,XF68,DOWGEN_XF68,60010543.0,DOWGEN_XF68,,,1,Transformer,DOWGEN_2,DOWGEN_1_8,DOWGEN_XF68,XF68,duplicate_match,different
300172,2379c713-d11e-4a75-80b6-b94194ca63c1,Transformer,PowerTransformer,1,AT1 138kV-69kV,78103,L_NADA8_1Y,NADAS,5536,NADASUB9,NADAS,AT1,NADAS_AT1,60051717.0,NADAS_AT1L,,,1,Transformer,L_NADA8_1Y,NADASUB9,NADAS_AT1L,AT1L,duplicate_match,different
300172,2379c713-d11e-4a75-80b6-b94194ca63c1,Transformer,PowerTransformer,1,AT1 138kV-69kV,78103,L_NADA8_1Y,NADAS,5536,NADASUB9,NADAS,AT1,NADAS_AT1,60110935.0,NADAS_AT1H,,,1,Transformer,L_NADA8_1Y,NADASUB9,NADAS_AT1H,,duplicate_match,different
300717,0cd7528c-c6b0-4779-ace0-a617f06dc9b5,Transformer,PowerTransformer,11,T1 345kV-34.5kV,150802,SENATEWN_3,SENATEWD,150801,FG_SENATE_G1,SENATEWD,T1,SENATEWD_T1,60087253.0,SENATEWD_T1_H,,,11,Transformer,,,SENATEWD_T1_H,T1_H,duplicate_match,different
300717,0cd7528c-c6b0-4779-ace0-a617f06dc9b5,Transformer,PowerTransformer,11,T1 345kV-34.5kV,150802,SENATEWN_3,SENATEWD,150801,FG_SENATE_G1,SENATEWD,T1,SENATEWD_T1,60112418.0,SENATEWD_T1,,,11,Transformer,FG_SENATE_G1,SENATEWN_3,SENATEWD_T1,,duplicate_match,different
300920,b760c01a-0d0d-499e-8a4c-7c6e848071d5,Transformer,PowerTransformer,1,RCBD 138kV-69kV,78104,L_RICEBI8_1Y,RICEBI,5535,RICEBIRDSW9,RICEBI,RCBD,RICEBI_RCBD,60060382.0,RICEBI_LOW,,,1,Transformer,L_RICEBI8_1Y,RICEBIRDSW9,RICEBI_LOW,LOW,duplicate_match,different
300920,b760c01a-0d0d-499e-8a4c-7c6e848071d5,Transformer,PowerTransformer,1,RCBD 138kV-69kV,78104,L_RICEBI8_1Y,RICEBI,5535,RICEBIRDSW9,RICEBI,RCBD,RICEBI_RCBD,60110934.0,RICEBI_HIGH,,,1,Transformer,L_RICEBI8_1Y,RICEBIRDSW9,RICEBI_HIGH,,duplicate_match,different
301797,f03c0be0-e5be-4ba7-8556-9bdb041dd1a7,Transformer,PowerTransformer,1A,MPTA 138kV-34.5kV,160751,LV1_A_8,LV1,160741,LV1_LV1A,LV1,MPTA,LV1_MPTA,60112576.0,LV1_MPTA,,,1A,Transformer,LV1_LV1A,LV1_A_8,LV1_MPTA,,duplicate_match,different
301797,f03c0be0-e5be-4ba7-8556-9bdb041dd1a7,Transformer,PowerTransformer,1A,MPTA 138kV-34.5kV,160751,LV1_A_8,LV1,160741,LV1_LV1A,LV1,MPTA,LV1_MPTA,60005957.0,LV1_MPT-1A_H,,,1A,Transformer,LV1_LV1A,LV1_A_8,LV1_MPT-1A_H,MPT-1A_H,duplicate_match,different
301894,acb12df9-77aa-4b48-8abd-236e0a12785e,Transformer,PowerTransformer,1B,MPTB 138kV-34.5kV,160752,LV1_B_8,LV2,160742,LV1_LV1B,LV2,MPTB,LV2_MPTB,60005958.0,LV1_MPT-1B_H,,,1B,Transformer,LV1_LV1B,LV1_B_8,LV1_MPT-1B_H,MPT-1B_H,duplicate_match,different
301894,acb12df9-77aa-4b48-8abd-236e0a12785e,Transformer,PowerTransformer,1B,MPTB 138kV-34.5kV,160752,LV1_B_8,LV2,160742,LV1_LV1B,LV2,MPTB,LV2_MPTB,60112577.0,LV2_MPTB,,,1B,Transformer,LV1_LV1B,LV1_B_8,LV2_MPTB,,duplicate_match,different
302226,8f450bf5-804f-4cde-8522-f3028c639b5e,Branch,ACLineSegment,1,NAV_ASPIR__B _B 1 345kV,68020,ROMNEY1_E,ROMNEY,68030,KOPPRL1W,KOPPERL,_B,NAV_ASPIR__B,60012331.0,NAV_ASPIR_B,,,1,Line,ROMNEY1_E,KOPPRL1W,NAV_ASPIR__B,_B,duplicate_match,different
302226,8f450bf5-804f-4cde-8522-f3028c639b5e,Branch,ACLineSegment,1,NAV_ASPIR__B _B 1 345kV,68020,ROMNEY1_E,ROMNEY,68030,KOPPRL1W,KOPPERL,_B,NAV_ASPIR__B,60006322.0,NAV_WSHACK_B,,,1,Line,ROMNEY1_E,KOPPRL1W,NAV_WSHACK__B,_B,duplicate_match,different
302299,25679899-9309-4f04-a9ae-0ae3516a0026,Transformer,PowerTransformer,1,MPT1 138kV-34.5kV,161601,SANROMAN_8,SANROMAN,161602,SANROMAN_W1,SANROMAN,MPT1,SANROMAN_MPT1,60112597.0,SANROMAN_MPT1,,,1,Transformer,SANROMAN_8,SANROMAN_W1,SANROMAN_MPT1,,duplicate_match,different
302299,25679899-9309-4f04-a9ae-0ae3516a0026,Transformer,PowerTransformer,1,MPT1 138kV-34.5kV,161601,SANROMAN_8,SANROMAN,161602,SANROMAN_W1,SANROMAN,MPT1,SANROMAN_MPT1,60083446.0,KENEDSW_OLD7176_138,,,,disconnector,KENEDYSW4A,,KENEDSW_OLD7176_138,OLD7176,duplicate_match,different
302554,fecc0c58-4b4e-4526-8a54-b21d1b7fd7e5,Transformer,PowerTransformer,1,T1 69kV-34.5kV,60339,ACACIA2A,ACACIA,170200,ACA_UNIT1,ACACIA,T1,ACACIA_T1,60002890.0,ACACIA_T1001H,,,1,Transformer,ACACIA2A,ACA_UNIT1,ACACIA_T1001H,T1001H,duplicate_match,different
302554,fecc0c58-4b4e-4526-8a54-b21d1b7fd7e5,Transformer,PowerTransformer,1,T1 69kV-34.5kV,60339,ACACIA2A,ACACIA,170200,ACA_UNIT1,ACACIA,T1,ACACIA_T1,60111650.0,ACACIA_T1H,,,1,Transformer,ACACIA2A,ACA_UNIT1,ACACIA_T1H,,duplicate_match,different
302760,33e0c046-4b20-450b-a0d7-4a0433c63c31,Branch,ACLineSegment,1,1327T440_1 1 1 138kV,1329,SPRABERY_8,SBYSW,71210,L_SKYWES8_1Y,SKYWES,1,1327T440_1,60008945.0,1327T4401,,,1,Line,L_SKYWES8_1Y,SPRABERY_8,1327T440_1,1,duplicate_match,different
302760,33e0c046-4b20-450b-a0d7-4a0433c63c31,Branch,ACLineSegment,1,1327T440_1 1 1 138kV,1329,SPRABERY_8,SBYSW,71210,L_SKYWES8_1Y,SKYWES,1,1327T440_1,60002154.0,6455T440,,,1,Line,SPRABERY_8,L_SKYWES8_1Y,6455T440_1,1,duplicate_match,different
303339,872da284-c6d3-4ae3-902c-2864a8e08fd8,Branch,ACLineSegment,1,ROBB_KINGTAP2_1 1 1 138kV,60009,KINGTAP24A,KINGTA2,76597,L_ROBBSW8_1Y,ROBBSW,1,ROBB_KINGTA2_1,60011009.0,ROBB_KINGTA21,,,1,Line,L_ROBBSW8_1Y,KINGTAP24A,ROBB_KINGTA2_1,1,duplicate_match,different
303339,872da284-c6d3-4ae3-902c-2864a8e08fd8,Branch,ACLineSegment,1,ROBB_KINGTAP2_1 1 1 138kV,60009,KINGTAP24A,KINGTA2,76597,L_ROBBSW8_1Y,ROBBSW,1,ROBB_KINGTA2_1,60006981.0,ROBB_KINGTAP2,,,1,Line,KINGTAP24A,L_ROBBSW8_1Y,ROBB_KINGTAP2_1,1,duplicate_match,different
304842,b97bdee1-81ff-4e98-bdaa-14f85f34e712,Branch,ACLineSegment,1,SCHNDR_BIGHIL_1 1 1 345kV,76003,L_BIGHIL5_1Y,BIGHIL,76005,L_SCHNDR5_1Y,SCHNDR,1,SCHNDR_BIGHIL_1,60003180.0,BAKRFLD_BIGHIL,,,1,Line,L_BAKESW5_1Y,L_BIGHIL5_1Y,BAKRFLD_BIGHIL_1,1,duplicate_match,different
304842,b97bdee1-81ff-4e98-bdaa-14f85f34e712,Branch,ACLineSegment,1,SCHNDR_BIGHIL_1 1 1 345kV,76003,L_BIGHIL5_1Y,BIGHIL,76005,L_SCHNDR5_1Y,SCHNDR,1,SCHNDR_BIGHIL_1,60009274.0,SCHNDR_BIGHIL1,,,1,Line,L_BIGHIL5_1Y,L_SCHNDR5_1Y,SCHNDR_BIGHIL_1,1,duplicate_match,different
305270,2d19d75a-01e3-4fe2-bedb-e821eabf87fb,Branch,ACLineSegment,59,HATNOR59_A A 59 138kV,40760,NORTON_X59B8,NOR,40770,HACHER_X59B8,HAT,A,HATNOR59_A,60005245.0,HATNOR59A,,,59,Line,HACHER_X59B8,NORTON_X59B8,HATNOR59_A,A,duplicate_match,different
305270,2d19d75a-01e3-4fe2-bedb-e821eabf87fb,Branch,ACLineSegment,59,HATNOR59_A A 59 138kV,40760,NORTON_X59B8,NOR,40770,HACHER_X59B8,HAT,A,HATNOR59_A,60082816.0,HATNOR86A,,,59,Line,NORTON_138X,HACHER__138X,HATNOR86_A,A,duplicate_match,different
306375,cb8bd033-f10d-412b-8d39-746fb63269e8,Transformer,PowerTransformer,1,AUT3 69kV-138kV,8543,THRRVRS2B,THREE_RI,8403,THRRVRS4A,THREE_RI,AUT3,THREE_RI_AUT3,60008539.0,THREE_RI_AUT3_L,,,1,Transformer,THRRVRS4A,THRRVRS2B,THREE_RI_AUT3_L,AUT3_L,duplicate_match,different
306375,cb8bd033-f10d-412b-8d39-746fb63269e8,Transformer,PowerTransformer,1,AUT3 69kV-138kV,8543,THRRVRS2B,THREE_RI,8403,THRRVRS4A,THREE_RI,AUT3,THREE_RI_AUT3,60069269.0,THREE_RI_AUT3_H,,,1,Transformer,THRRVRS2B,THRRVRS4A,THREE_RI_AUT3_H,AUT3_H,duplicate_match,different
306541,ce5cd925-6d93-4c92-a966-7cb3146acb80,Branch,ACLineSegment,1,JIMTRE_RILEY2_1 1 1 345kV,6111,RILEY7B,RILEY,61001,JIMTREEC7A,JIMTREEC,1,JIMTRE_RILEY2_1,60005531.0,JIMTRE_RILEY21,,,1,Line,RILEY7B,JIMTREEC7A,JIMTRE_RILEY2_1,1,duplicate_match,different
306541,ce5cd925-6d93-4c92-a966-7cb3146acb80,Branch,ACLineSegment,1,JIMTRE_RILEY2_1 1 1 345kV,6111,RILEY7B,RILEY,61001,JIMTREEC7A,JIMTREEC,1,JIMTRE_RILEY2_1,60083325.0,JIMTRE_RILEY11,,,1,Line,,,JIMTRE_RILEY1_1,1,duplicate_match,different
307142,8c45d953-5872-4e1a-a02b-7b3472a1ad87,Transformer,PowerTransformer,A2,AT2H 345kV-1kV,40700,GRNBYU__B345,GBY,49128,GRNBYU_A2STR,GBY,AT2H,GBY_AT2H,60111421.0,GBY_AT2H_H,,,A2,Transformer,GRNBYU__B345,GRNBYU_A2STR,GBY_AT2H_H,,duplicate_match,different
307142,8c45d953-5872-4e1a-a02b-7b3472a1ad87,Transformer,PowerTransformer,A2,AT2H 345kV-1kV,40700,GRNBYU__B345,GBY,49128,GRNBYU_A2STR,GBY,AT2H,GBY_AT2H,60004974.0,GBY_AT2_H_OldTeid,,,A2,Transformer,GRNBYU__B138,GRNBYU_A2STR,GBY_AT2_H_OldTeid,AT2_H,duplicate_match,different
307143,c6ff550c-7a1a-433a-865e-c00d398d330e,Transformer,PowerTransformer,A2,AT2 138kV-1kV,40716,GRNBYU__B138,GBY,49128,GRNBYU_A2STR,GBY,AT2,GBY_AT2,60004975.0,GBY_AT2L_H,,,A2,Transformer,GRNBYU__B138,GRNBYU_A2STR,GBY_AT2L_H,AT2L_H,duplicate_match,different
307143,c6ff550c-7a1a-433a-865e-c00d398d330e,Transformer,PowerTransformer,A2,AT2 138kV-1kV,40716,GRNBYU__B138,GBY,49128,GRNBYU_A2STR,GBY,AT2,GBY_AT2,60111424.0,GBY_AT2_H,,,A2,Transformer,GRNBYU__B138,GRNBYU_A2STR,GBY_AT2_H,,duplicate_match,different
307655,d0024034-6dfa-4199-a872-490ff9d0bdcb,Branch,ACLineSegment,59,NORRLN59_A A 59 138kV,40760,NORTON_X59B8,NOR,40762,RALYND_X59B8,RLN,A,NORRLN59_A,60006400.0,NORRLN59A,,,59,Line,NORTON_X59B8,RALYND_X59B8,NORRLN59_A,A,duplicate_match,different
307655,d0024034-6dfa-4199-a872-490ff9d0bdcb,Branch,ACLineSegment,59,NORRLN59_A A 59 138kV,40760,NORTON_X59B8,NOR,40762,RALYND_X59B8,RLN,A,NORRLN59_A,60085101.0,NORRLN86A,,,59,Line,NORTON_138X,RALYND_138X,NORRLN86_A,A,duplicate_match,different
307837,fb8ecff3-192b-41de-b357-f4b009eda1de,Branch,ACLineSegment,1,NEVILL_BAKESW 1 1 345kV,844,GPL_NEVILLSW,NEVILLSW,76002,L_BAKERS5_1Y,BAKESW,1,NEVILL_BAKESW_1,60010844.0,NEVILL_BAKESW1,,,1,Line,L_BAKERS5_1Y,GPL_NEVILLSW,NEVILL_BAKESW_1,1,duplicate_match,different
307837,fb8ecff3-192b-41de-b357-f4b009eda1de,Branch,ACLineSegment,1,NEVILL_BAKESW 1 1 345kV,844,GPL_NEVILLSW,NEVILLSW,76002,L_BAKERS5_1Y,BAKESW,1,NEVILL_BAKESW_1,60006086.0,MCCAMY_BAKRFLD,,,1,Line,L_NORTMC5_1Y,L_BAKESW5_1Y,MCCAMY_BAKRFLD_1,1,duplicate_match,different
307856,6ca20805-8295-428a-ae4e-334b242b26f2,Branch,ACLineSegment,1,KING_ODESSA_1 1 1 345kV,842,GPL_KINGMTSW,KINGMTSW,11028,ODESEHV2_5,ODEHV,1,KING_ODESSA_1,60006085.0,MCCAMEY_ODESSA,,,1,Line,ODESEHV2_5,L_NORTMC5_1Y,MCCAMEY_ODESSA_1,1,duplicate_match,different
307856,6ca20805-8295-428a-ae4e-334b242b26f2,Branch,ACLineSegment,1,KING_ODESSA_1 1 1 345kV,842,GPL_KINGMTSW,KINGMTSW,11028,ODESEHV2_5,ODEHV,1,KING_ODESSA_1,60010134.0,KING_ODESSA1,,,1,Line,GPL_KINGMTSW,ODESEHV2_5,KING_ODESSA_1,1,duplicate_match,different
307991,e4823915-492e-4fd1-862f-b864798c4535,Transformer,PowerTransformer,1,AT1 345kV-138kV,9044,DUNLAP5,DUNLAP,9045,DUNLAP8,DUNLAP,AT1,DUNLAP_AT1,60004455.0,DUNLAP_AT1H,,,1,Transformer,DUNLAP8,DUNLAP5,DUNLAP_AT1H,AT1H,duplicate_match,different
307991,e4823915-492e-4fd1-862f-b864798c4535,Transformer,PowerTransformer,1,AT1 345kV-138kV,9044,DUNLAP5,DUNLAP,9045,DUNLAP8,DUNLAP,AT1,DUNLAP_AT1,60029126.0,DUNLAP_AT1L,,,1,Transformer,DUNLAP8,DUNLAP5,DUNLAP_AT1L,AT1L,duplicate_match,different
308125,69dab746-78f3-4e37-bcd5-f0c67a519aea,Branch,ACLineSegment,1,DELSOL_LV31_1 1 1 345kV,80231,PRONTO7A,PRONTO,160885,LV3_5,LV3,1,PRONTO_LV3_1,60089190.0,PRONTO_LV3,,,1,Line,PRONTO7A,LV3_5,PRONTO_LV3_1,1,duplicate_match,different
308125,69dab746-78f3-4e37-bcd5-f0c67a519aea,Branch,ACLineSegment,1,DELSOL_LV31_1 1 1 345kV,80231,PRONTO7A,PRONTO,160885,LV3_5,LV3,1,PRONTO_LV3_1,60008519.0,DELSOL_LV31,,,1,Line,DELSOL7A,LV3_5,DELSOL_LV31_1,1,duplicate_match,different
309237,e0410940-cdde-4dd0-ae4b-8527ab1c5a6c,Branch,ACLineSegment,1,HSKLTP_PAINTC1_1 1 1 69kV,6159,PAINTCRE2A,PAINTCRE,6171,HASKLTP12A,HSKLTP1,1,HSKLTP_PAINTC1_1,60005420.0,HSKLTP_PAIP1,,,1,Line,PAIP2A,HASKLTP12A,HSKLTP_PAIP1_1,1,duplicate_match,different
309237,e0410940-cdde-4dd0-ae4b-8527ab1c5a6c,Branch,ACLineSegment,1,HSKLTP_PAINTC1_1 1 1 69kV,6159,PAINTCRE2A,PAINTCRE,6171,HASKLTP12A,HSKLTP1,1,HSKLTP_PAINTC1_1,60008427.0,HSKLTP_PAINTC11,,,1,Line,HASKLTP12A,PAINTCRE2A,HSKLTP_PAINTC1_1,1,duplicate_match,different
310985,29ab4049-dfba-46e0-8c88-d32abdb9e4f0,Branch,ACLineSegment,1,1 1 138kV,38820,TNFRWYPARK1,FRWYPARK,38830,TNMAINLAND1,MAINLAND,1,138_FWP_MNL_1,60086879.0,SALTFLAT_SFR5200_138,,,,disconnector,,,SALTFLAT_SFR5200_138,SFR5200,duplicate_match,different
310985,29ab4049-dfba-46e0-8c88-d32abdb9e4f0,Branch,ACLineSegment,1,1 1 138kV,38820,TNFRWYPARK1,FRWYPARK,38830,TNMAINLAND1,MAINLAND,1,138_FWP_MNL_1,60009230.0,138_FWP_MNL1,,,1,Line,TNFRWYPARK1,TNMAINLAND1,138_FWP_MNL_1,1,duplicate_match,different
313285,fb90bc14-2d82-4099-b0c7-9f11b4edc6f0,Transformer,PowerTransformer,G1,GSU2 138kV-18kV,180016,FERGGT2_2_8,FERGCC,180013,FERGGT2,FERGCC,GSU2,FERGCC_GSU2,60004710.0,FERGCC_1EY-TF-B,,,G1,Transformer,FERGGT2,FERGGT2_2_8,FERGCC_1EY-TF-B,1EY-TF-B,duplicate_match,different
313285,fb90bc14-2d82-4099-b0c7-9f11b4edc6f0,Transformer,PowerTransformer,G1,GSU2 138kV-18kV,180016,FERGGT2_2_8,FERGCC,180013,FERGGT2,FERGCC,GSU2,FERGCC_GSU2,60112748.0,FERGCC_GSU2,,,G1,Transformer,FERGGT2,FERGGT2_2_8,FERGCC_GSU2,,duplicate_match,different
313286,6f28b5d2-2fa4-498c-aca4-fba3e18b0fb6,Transformer,PowerTransformer,G1,GSU1 138kV-18kV,180015,FERGGT1_1_8,FERGCC,180012,FERGGT1,FERGCC,GSU1,FERGCC_GSU1,60112747.0,FERGCC_GSU1,,,G1,Transformer,FERGGT1,FERGGT1_1_8,FERGCC_GSU1,,duplicate_match,different
313286,6f28b5d2-2fa4-498c-aca4-fba3e18b0fb6,Transformer,PowerTransformer,G1,GSU1 138kV-18kV,180015,FERGGT1_1_8,FERGCC,180012,FERGGT1,FERGCC,GSU1,FERGCC_GSU1,60004709.0,FERGCC_1EY-TF-A,,,G1,Transformer,FERGGT1,FERGGT1_1_8,FERGCC_1EY-TF-A,1EY-TF-A,duplicate_match,different
313287,98e6f217-8a18-4982-a2a2-20a2f0e2c176,Transformer,PowerTransformer,G1,GSU0 138kV-18kV,180017,FERGST1_1_8,FERGCC,180014,FERGST1,FERGCC,GSU0,FERGCC_GSU0,60112749.0,FERGCC_GSU0,,,G1,Transformer,FERGST1,FERGST1_1_8,FERGCC_GSU0,,duplicate_match,different
313287,98e6f217-8a18-4982-a2a2-20a2f0e2c176,Transformer,PowerTransformer,G1,GSU0 138kV-18kV,180017,FERGST1_1_8,FERGCC,180014,FERGST1,FERGCC,GSU0,FERGCC_GSU0,60004711.0,FERGCC_1EY-TF-C,,,G1,Transformer,FERGST1,FERGST1_1_8,FERGCC_1EY-TF-C,1EY-TF-C,duplicate_match,different
314832,bf50dbe8-6970-4716-96e5-955fdf18a7d0,Branch,ACLineSegment,1,EILAND_ELBOW_1 1 1 138kV,23834,SU_ELBOW,ELBOW,23853,SU_EILAND,EILAND,1,EILAND_ELBOW_1,60115034.0,160751,,,1,Line,SU_ELBOW,SU_EILAND,16075_1,1,duplicate_match,different
314832,bf50dbe8-6970-4716-96e5-955fdf18a7d0,Branch,ACLineSegment,1,EILAND_ELBOW_1 1 1 138kV,23834,SU_ELBOW,ELBOW,23853,SU_EILAND,EILAND,1,EILAND_ELBOW_1,60004537.0,EILAND_ELBOW1,,,1,Line,SU_EILAND,SU_ELBOW,EILAND_ELBOW_1,1,duplicate_match,different
314859,ba56d1ab-bbc6-461c-aab9-aedf3dae2b91,Branch,SeriesCompensator,1,1,110684,DUPV1_1_8,DUPV1,110692,DUPV1_3_8,DUPV1,1,DUP11_1,60008783.0,DUP11_OldTeid,,,1,Line,DUPV1_1_8,DUPV1_3_8,DUP11_1_OldTeid,1,duplicate_match,different
314859,ba56d1ab-bbc6-461c-aab9-aedf3dae2b91,Branch,SeriesCompensator,1,1,110684,DUPV1_1_8,DUPV1,110692,DUPV1_3_8,DUPV1,1,DUP11_1,60098081.0,DUP111,,,1,Line,DUPV1_3_8,DUPV1_1_8,DUP11_1,1,duplicate_match,different
315693,ef0dcf8c-0fb6-4db5-852c-eb5015394dca,Transformer,PowerTransformer,3,10AT 138kV-19kV,140002,SHER1_TL,PANDA_S,140005,PSHRM_ST1,PANDA_S,10AT,PANDA_S_10AT,60112248.0,PANDA_S_10AT,,,3,Transformer,SHER1_TL,PSHRM_ST1,PANDA_S_10AT,,duplicate_match,different
315693,ef0dcf8c-0fb6-4db5-852c-eb5015394dca,Transformer,PowerTransformer,3,10AT 138kV-19kV,140002,SHER1_TL,PANDA_S,140005,PSHRM_ST1,PANDA_S,10AT,PANDA_S_10AT,60006593.0,PANDA_S_10BAT10,,,3,Transformer,SHER1_TL,PSHRM_ST1,PANDA_S_10BAT10,10BAT10,duplicate_match,different
315698,a044f678-8197-48f1-afba-a59aa0a4f8d0,Transformer,PowerTransformer,1,11AT 138kV-18kV,140002,SHER1_TL,PANDA_S,140003,PSHRM_CT2,PANDA_S,11AT,PANDA_S_11AT,60006594.0,PANDA_S_11BAT10,,,1,Transformer,SHER1_TL,PSHRM_CT2,PANDA_S_11BAT10,11BAT10,duplicate_match,different
315698,a044f678-8197-48f1-afba-a59aa0a4f8d0,Transformer,PowerTransformer,1,11AT 138kV-18kV,140002,SHER1_TL,PANDA_S,140003,PSHRM_CT2,PANDA_S,11AT,PANDA_S_11AT,60112249.0,PANDA_S_11AT,,,1,Transformer,SHER1_TL,PSHRM_CT2,PANDA_S_11AT,,duplicate_match,different
315708,26cd9241-1723-4b1a-bda2-510d7a5e5ca6,Transformer,PowerTransformer,2,12AT 138kV-18kV,140002,SHER1_TL,PANDA_S,140004,PSHRM_CT1,PANDA_S,12AT,PANDA_S_12AT,60006595.0,PANDA_S_12BAT10,,,2,Transformer,SHER1_TL,PSHRM_CT1,PANDA_S_12BAT10,12BAT10,duplicate_match,different
315708,26cd9241-1723-4b1a-bda2-510d7a5e5ca6,Transformer,PowerTransformer,2,12AT 138kV-18kV,140002,SHER1_TL,PANDA_S,140004,PSHRM_CT1,PANDA_S,12AT,PANDA_S_12AT,60112247.0,PANDA_S_12AT,,,2,Transformer,SHER1_TL,PSHRM_CT1,PANDA_S_12AT,,duplicate_match,different
316306,3a3be2bd-a458-453c-bd4b-26832c5e6825,Transformer,PowerTransformer,1,10AT 345kV-19kV,150907,PANDA_TL,PANDA_T1,150903,PTMPL_ST1,PANDA_T1,10AT,PANDA_T1_10AT,60112419.0,PANDA_T1_10AT,,,1,Transformer,PTMPL_ST1,PANDA_TL,PANDA_T1_10AT,,duplicate_match,different
316306,3a3be2bd-a458-453c-bd4b-26832c5e6825,Transformer,PowerTransformer,1,10AT 345kV-19kV,150907,PANDA_TL,PANDA_T1,150903,PTMPL_ST1,PANDA_T1,10AT,PANDA_T1_10AT,60006596.0,PANDA_T1_10BAT10,,,1,Transformer,PTMPL_ST1,PANDA_TL,PANDA_T1_10BAT10,10BAT10,duplicate_match,different
316342,257686e0-91cd-4782-9888-4134d90c94d5,Transformer,PowerTransformer,1,11AT 345kV-18kV,150907,PANDA_TL,PANDA_T1,150901,PTMPL_CT1,PANDA_T1,11AT,PANDA_T1_11AT,60006597.0,PANDA_T1_11BAT10,,,1,Transformer,PTMPL_CT1,PANDA_TL,PANDA_T1_11BAT10,11BAT10,duplicate_match,different
316342,257686e0-91cd-4782-9888-4134d90c94d5,Transformer,PowerTransformer,1,11AT 345kV-18kV,150907,PANDA_TL,PANDA_T1,150901,PTMPL_CT1,PANDA_T1,11AT,PANDA_T1_11AT,60112420.0,PANDA_T1_11AT,,,1,Transformer,PTMPL_CT1,PANDA_TL,PANDA_T1_11AT,,duplicate_match,different
316345,0148bf18-f8be-464e-ace0-701c3371298d,Transformer,PowerTransformer,1,12AT 345kV-18kV,150907,PANDA_TL,PANDA_T1,150902,PTMPL_CT2,PANDA_T1,12AT,PANDA_T1_12AT,60112421.0,PANDA_T1_12AT,,,1,Transformer,PTMPL_CT2,PANDA_TL,PANDA_T1_12AT,,duplicate_match,different
316345,0148bf18-f8be-464e-ace0-701c3371298d,Transformer,PowerTransformer,1,12AT 345kV-18kV,150907,PANDA_TL,PANDA_T1,150902,PTMPL_CT2,PANDA_T1,12AT,PANDA_T1_12AT,60006598.0,PANDA_T1_12BAT10,,,1,Transformer,PTMPL_CT2,PANDA_TL,PANDA_T1_12BAT10,12BAT10,duplicate_match,different
317406,99a66fc9-008e-4928-80b8-e65584c0d58f,Branch,ACLineSegment,1,15060_B _B 1 138kV,23829,KOCHTAP,KOCHTAP,23835,SU_VEALMOOR,VEALMOOR,_B,15060__B,60005685.0,KOCHTAP_VEALM,,,1,Line,SU_KOCHTAP,SU_VEALMOOR,KOCHTAP_VEALM_1,1,duplicate_match,different
317406,99a66fc9-008e-4928-80b8-e65584c0d58f,Branch,ACLineSegment,1,15060_B _B 1 138kV,23829,KOCHTAP,KOCHTAP,23835,SU_VEALMOOR,VEALMOOR,_B,15060__B,60012220.0,15060_B,,,1,Line,KOCHTAP,SU_VEALMOOR,15060__B,_B,duplicate_match,different
320953,080705ba-d026-49a6-b169-9869b224ce4f,Transformer,PowerTransformer,1,PS3 138kV-138kV,85001,N_SHARPE4A,N_SHARPE,85007,N_SHARPE4C,N_SHARPE,PS3,N_SHARPE_PS3,60111719.0,N_SHARPE_138_PS3_B,,,1,Transformer,N_SHARPE4A,N_SHARPE4C,N_SHARPE_138_PS3_B,,duplicate_match,different
320953,080705ba-d026-49a6-b169-9869b224ce4f,Transformer,PowerTransformer,1,PS3 138kV-138kV,85001,N_SHARPE4A,N_SHARPE,85007,N_SHARPE4C,N_SHARPE,PS3,N_SHARPE_PS3,60053646.0,N_SHARPE_138_PS3_A,,,1,Transformer,N_SHARPE4C,N_SHARPE4A,N_SHARPE_138_PS3_A,138_PS3_A,duplicate_match,different
325830,7d90780d-b0fd-4b24-8b42-527afb304cdc,Transformer,PowerTransformer,1,AT3 138kV-69kV,7237,L_MOULSO8_1Y,MOULSO,7587,L_MOULSO9_1Y,MOULSO,AT3,MOULSO_AT3,60050930.0,MOULSO_AT3L,,,1,Transformer,L_MOULSO8_1Y,L_MOULSO9_1Y,MOULSO_AT3L,AT3L,duplicate_match,different
325830,7d90780d-b0fd-4b24-8b42-527afb304cdc,Transformer,PowerTransformer,1,AT3 138kV-69kV,7237,L_MOULSO8_1Y,MOULSO,7587,L_MOULSO9_1Y,MOULSO,AT3,MOULSO_AT3,60111049.0,MOULSO_AT3H,,,1,Transformer,L_MOULSO9_1Y,L_MOULSO8_1Y,MOULSO_AT3H,,duplicate_match,different
327932,5ed4cab4-9442-4553-aac0-8cd793bc6772,Transformer,PowerTransformer,1,T1 138kV-69kV,60360,CASSAVA4A,CASSAVA,60359,CASSAVA2A,CASSAVA,T1,CASSAVA_T1,60111651.0,CASSAVA_CASA1_H,,,1,Transformer,CASSAVA4A,CASSAVA2A,CASSAVA_CASA1_H,,duplicate_match,different
327932,5ed4cab4-9442-4553-aac0-8cd793bc6772,Transformer,PowerTransformer,1,T1 138kV-69kV,60360,CASSAVA4A,CASSAVA,60359,CASSAVA2A,CASSAVA,T1,CASSAVA_T1,60021777.0,CASSAVA_CASA1_L,,,1,Transformer,CASSAVA4A,CASSAVA2A,CASSAVA_CASA1_L,CASA1_L,duplicate_match,different
329572,2b1b2eb7-696b-485e-b8f0-b3bacc3e5c71,Branch,ACLineSegment,1,1792_C _C 1 138kV,288,MORGAN,MORGAN,1648,POWELLDM_8,PMPOI,_C,1792__C,60096904.0,1792_C,,,1,Line,MORGAN,POWELLDM_8,1792__C,_C,duplicate_match,different
329572,2b1b2eb7-696b-485e-b8f0-b3bacc3e5c71,Branch,ACLineSegment,1,1792_C _C 1 138kV,288,MORGAN,MORGAN,1648,POWELLDM_8,PMPOI,_C,1792__C,60008876.0,1790_H,,,1,Line,MORGAN,POWELLDM_8,1790__H,_H,duplicate_match,different
329579,425164a6-8c74-4a91-b026-dcc1d6e884bf,Branch,ACLineSegment,2,1792_D _D 2 138kV,288,MORGAN,MORGAN,900307,POWELLDM_8,PMPOI,_D,1792__D,60008877.0,1790_I,,,2,Line,MORGAN,POWELLDM_8,1790__I,_I,duplicate_match,different
329579,425164a6-8c74-4a91-b026-dcc1d6e884bf,Branch,ACLineSegment,2,1792_D _D 2 138kV,288,MORGAN,MORGAN,900307,POWELLDM_8,PMPOI,_D,1792__D,60096905.0,1792_D,,,2,Line,MORGAN,POWELLDM_8,1792__D,_D,duplicate_match,different
330408,56fa66b4-af7d-4aa6-97f8-5988e9851909,Transformer,PowerTransformer,3,AT3 138kV-69kV,76389,L_MASOCT8_1Y,MASOCT,7394,L_MASOCT9_2Y,MASOCT,AT3,MASOCT_AT3,60048231.0,MASOCT_AT3L,,,3,Transformer,L_MASOCT8_1Y,L_MASOCT9_2Y,MASOCT_AT3L,AT3L,duplicate_match,different
330408,56fa66b4-af7d-4aa6-97f8-5988e9851909,Transformer,PowerTransformer,3,AT3 138kV-69kV,76389,L_MASOCT8_1Y,MASOCT,7394,L_MASOCT9_2Y,MASOCT,AT3,MASOCT_AT3,60111677.0,MASOCT_AT3H,,,3,Transformer,L_MASOCT9_2Y,L_MASOCT8_1Y,MASOCT_AT3H,,duplicate_match,different
331251,e26af49e-05fb-458e-ba0d-02b5fa63bd6b,Branch,ACLineSegment,1,6519_A _A 1 138kV,1001,AROYA_8,ARYSW,1009,YUCCADR_8,YUCSW,_A,6519__A,60096955.0,6519_A,,,1,Line,YUCCADR_8,AROYA_8,6519__A,_A,duplicate_match,different
331251,e26af49e-05fb-458e-ba0d-02b5fa63bd6b,Branch,ACLineSegment,1,6519_A _A 1 138kV,1001,AROYA_8,ARYSW,1009,YUCCADR_8,YUCSW,_A,6519__A,60008898.0,6519,,,1,Line,AROYA_8,YUCCADR_8,6519_A,A,duplicate_match,different
331416,e3ba9f27-779b-4d38-8800-6816803df787,Branch,ACLineSegment,1,6526_A _A 1 138kV,1001,AROYA_8,ARYSW,18100,PBGENBUS_B,PB2SES,_A,6526__A,60009438.0,6526,,,1,Line,AROYA_8,PBGENBUS_B,6526_A,A,duplicate_match,different
331416,e3ba9f27-779b-4d38-8800-6816803df787,Branch,ACLineSegment,1,6526_A _A 1 138kV,1001,AROYA_8,ARYSW,18100,PBGENBUS_B,PB2SES,_A,6526__A,60096956.0,6526_A,,,1,Line,PBGENBUS_B,AROYA_8,6526__A,_A,duplicate_match,different
331421,2347f1fc-fa33-4086-8b8d-32406e10a856,Branch,ACLineSegment,2,6527_A _A 2 138kV,1001,AROYA_8,ARYSW,18100,PBGENBUS_B,PB2SES,_A,6527__A,60096957.0,6527_A,,,2,Line,AROYA_8,PBGENBUS_B,6527__A,_A,duplicate_match,different
331421,2347f1fc-fa33-4086-8b8d-32406e10a856,Branch,ACLineSegment,2,6527_A _A 2 138kV,1001,AROYA_8,ARYSW,18100,PBGENBUS_B,PB2SES,_A,6527__A,60009439.0,6527,,,2,Line,AROYA_8,PBGENBUS_B,6527_A,A,duplicate_match,different
337702,faa27887-5e72-4a11-8bbc-2a3334e0d67a,Branch,ACLineSegment,3,5140_C _C 3 138kV,1074,WINKSS_8,WINKS,11378,YANTISRCH_P8,YRPOD,_C,5140__C,60008914.0,6140_A,,,3,Line,WINKSS_8,LOVING_8,6140__A,_A,duplicate_match,different
337702,faa27887-5e72-4a11-8bbc-2a3334e0d67a,Branch,ACLineSegment,3,5140_C _C 3 138kV,1074,WINKSS_8,WINKS,11378,YANTISRCH_P8,YRPOD,_C,5140__C,60094879.0,5140_C,,,3,Line,YANTISRCH_P8,WINKSS_8,5140__C,_C,duplicate_match,different
338932,cafe5b4b-ff01-4f72-8545-1d1bce6c132d,Branch,ACLineSegment,1,5142_C _C 1 138kV,1074,WINKSS_8,WINKS,11074,ORBISONT_8,ORBTP,_C,5142__C,60008915.0,6142_A,,,1,Line,WINKSS_8,ORBISONT_8,6142__A,_A,duplicate_match,different
338932,cafe5b4b-ff01-4f72-8545-1d1bce6c132d,Branch,ACLineSegment,1,5142_C _C 1 138kV,1074,WINKSS_8,WINKS,11074,ORBISONT_8,ORBTP,_C,5142__C,60094881.0,5142_C,,,1,Line,WINKSS_8,ORBISONT_8,5142__C,_C,duplicate_match,different
338933,96f04013-318a-4420-9f48-b57654bdca02,Branch,ACLineSegment,1,5142_D _D 1 138kV,1077,BALDING_8,BDPOD,11074,ORBISONT_8,ORBTP,_D,5142__D,60008916.0,6142_B,,,1,Line,BALDING_8,ORBISONT_8,6142__B,_B,duplicate_match,different
338933,96f04013-318a-4420-9f48-b57654bdca02,Branch,ACLineSegment,1,5142_D _D 1 138kV,1077,BALDING_8,BDPOD,11074,ORBISONT_8,ORBTP,_D,5142__D,60094882.0,5142_D,,,1,Line,BALDING_8,ORBISONT_8,5142__D,_D,duplicate_match,different
341900,565f3a61-ceba-47e9-a3fa-59068f8d350d,Transformer,PowerTransformer,1,T2 345kV-138kV,150315,LNCRK2_1_5,LNCRK,150314,LNCRK2_2_8,LNCRK,T2,LNCRK_T2,60112415.0,LNCRK_T2,,,1,Transformer,LNCRK2_2_8,LNCRK2_1_5,LNCRK_T2,,duplicate_match,different
341900,565f3a61-ceba-47e9-a3fa-59068f8d350d,Transformer,PowerTransformer,1,T2 345kV-138kV,150315,LNCRK2_1_5,LNCRK,150314,LNCRK2_2_8,LNCRK,T2,LNCRK_T2,60045291.0,LNCRK_T2_L,,,1,Transformer,LNCRK2_1_5,LNCRK2_2_8,LNCRK_T2_L,T2_L,duplicate_match,different
347844,8ca30872-d712-4696-a8ba-afbcbe40a403,Transformer,PowerTransformer,1,7TR1 345kV-138kV,23849,VEALMOOR,VEALMOOR,23835,SU_VEALMOOR,VEALMOOR,7TR1,VEALMOOR_7TR1,60111321.0,VEALMOOR_VLMTR1H,,,1,Transformer,VEALMOOR,SU_VEALMOOR,VEALMOOR_VLMTR1H,,duplicate_match,different
347844,8ca30872-d712-4696-a8ba-afbcbe40a403,Transformer,PowerTransformer,1,7TR1 345kV-138kV,23849,VEALMOOR,VEALMOOR,23835,SU_VEALMOOR,VEALMOOR,7TR1,VEALMOOR_7TR1,60072101.0,VEALMOOR_VLMTR1L,,,1,Transformer,SU_VEALMOOR,VEALMOOR,VEALMOOR_VLMTR1L,VLMTR1L,duplicate_match,different
353596,59fc2cc7-258e-4b78-9abc-2611cc5f558e,Branch,ACLineSegment,1,QN 1 138kV,6817,MAGNS_RC,MAGNS_RC,6883,NQUIN_RC,NQUIN_RC,QN,MG-QN_RC_QN,60010241.0,QN-WS_RC,,,1,Line,WLNDSSRC,NQUIN_RC,QN-WS_RC_WS,WS,duplicate_match,different
353596,59fc2cc7-258e-4b78-9abc-2611cc5f558e,Branch,ACLineSegment,1,QN 1 138kV,6817,MAGNS_RC,MAGNS_RC,6883,NQUIN_RC,NQUIN_RC,QN,MG-QN_RC_QN,60093123.0,MG-QN_RC,,,1,Line,MAGNS_RC,NQUIN_RC,MG-QN_RC_QN,QN,duplicate_match,different
354809,1f0808b6-0f7a-462d-8d09-a2916a771e2d,Transformer,PowerTransformer,A3,AT3H 345kV-1kV,42000,P_H_R___B345,PHR,49147,P_H_R__A3STR,PHR,AT3H,PHR_AT3H,60111449.0,PHR_AT3H_H,,,A3,Transformer,P_H_R___B345,P_H_R__A3STR,PHR_AT3H_H,,duplicate_match,different
354809,1f0808b6-0f7a-462d-8d09-a2916a771e2d,Transformer,PowerTransformer,A3,AT3H 345kV-1kV,42000,P_H_R___B345,PHR,49147,P_H_R__A3STR,PHR,AT3H,PHR_AT3H,60006696.0,PHR_AT3_H_OldTeid,,,A3,Transformer,P_H_R__POI_8,P_H_R__A3STR,PHR_AT3_H_OldTeid,AT3_H,duplicate_match,different
354810,04a1a03e-c028-45f7-959b-69143796628d,Transformer,PowerTransformer,A3,AT3 138kV-1kV,42015,P_H_R__POI_8,PHR,49147,P_H_R__A3STR,PHR,AT3,PHR_AT3,60111453.0,PHR_AT3_H,,,A3,Transformer,P_H_R__POI_8,P_H_R__A3STR,PHR_AT3_H,,duplicate_match,different
354810,04a1a03e-c028-45f7-959b-69143796628d,Transformer,PowerTransformer,A3,AT3 138kV-1kV,42015,P_H_R__POI_8,PHR,49147,P_H_R__A3STR,PHR,AT3,PHR_AT3,60006697.0,PHR_AT3L_H,,,A3,Transformer,P_H_R__POI_8,P_H_R__A3STR,PHR_AT3L_H,AT3L_H,duplicate_match,different
358589,946db287-07ac-4d57-ae23-054dd40ec84f,Transformer,PowerTransformer,2,7TR2 345kV-138kV,79500,PALMITO345,PALMITO,79600,PALMITO138,PALMITO,7TR2,PALMITO_7TR2,60055272.0,PALMITO_7TR2_L,,,2,Transformer,PALMITO138,PALMITO345,PALMITO_7TR2_L,7TR2_L,duplicate_match,different
358589,946db287-07ac-4d57-ae23-054dd40ec84f,Transformer,PowerTransformer,2,7TR2 345kV-138kV,79500,PALMITO345,PALMITO,79600,PALMITO138,PALMITO,7TR2,PALMITO_7TR2,60010425.0,PALMITO_7TR2_H,,,2,Transformer,PALMITO138,PALMITO345,PALMITO_7TR2_H,7TR2_H,duplicate_match,different
358995,1758935a-6fc9-4c6f-99ea-920bad723586,Transformer,PowerTransformer,1,FMR1 138kV-69kV,1490,BURNETTSW_8,BTTSW,1491,BURNETTSW_9,BTTSW,FMR1,BTTSW_FMR1,60020146.0,BTTSW_AXFMR1_LOSIDE,,,1,Transformer,BURNETTSW_8,BURNETTSW_9,BTTSW_AXFMR1_LOSIDE,AXFMR1_LOSIDE,duplicate_match,different
358995,1758935a-6fc9-4c6f-99ea-920bad723586,Transformer,PowerTransformer,1,FMR1 138kV-69kV,1490,BURNETTSW_8,BTTSW,1491,BURNETTSW_9,BTTSW,FMR1,BTTSW_FMR1,60110715.0,BTTSW_AXFMR1_HISIDE,,,1,Transformer,BURNETTSW_8,BURNETTSW_9,BTTSW_AXFMR1_HISIDE,,duplicate_match,different
360927,f940ff05-fb73-4b94-b107-3950dc7f4b93,Transformer,PowerTransformer,1,WAT1 69kV-138kV,37980,TNWICKETT_0,WICKETT,37981,TNWICKETT_1,WICKETT,WAT1,WICKETT_WAT1,60074388.0,WICKETT_WKTWAT1_HI,,,1,Transformer,TNWICKETT_0,TNWICKETT_1,WICKETT_WKTWAT1_HI,WKTWAT1_HI,duplicate_match,different
360927,f940ff05-fb73-4b94-b107-3950dc7f4b93,Transformer,PowerTransformer,1,WAT1 69kV-138kV,37980,TNWICKETT_0,WICKETT,37981,TNWICKETT_1,WICKETT,WAT1,WICKETT_WAT1,60010028.0,WICKETT_WKTWAT1_LO,,,1,Transformer,TNWICKETT_0,TNWICKETT_1,WICKETT_WKTWAT1_LO,WKTWAT1_LO,duplicate_match,different
363104,646fcf7a-6b5b-4ad3-9195-892c8754dec4,Transformer,PowerTransformer,1,XFR1 138kV-69kV,60414,OWLS4A,OWLS,60413,OWLS2A,OWLS,XFR1,OWLS_XFR1,60111656.0,OWLS_138_69_1_HS,,,1,Transformer,OWLS4A,OWLS2A,OWLS_138_69_1_HS,,duplicate_match,different
363104,646fcf7a-6b5b-4ad3-9195-892c8754dec4,Transformer,PowerTransformer,1,XFR1 138kV-69kV,60414,OWLS4A,OWLS,60413,OWLS2A,OWLS,XFR1,OWLS_XFR1,60054891.0,OWLS_138_69_1_LS,,,1,Transformer,OWLS2A,OWLS4A,OWLS_138_69_1_LS,138_69_1_LS,duplicate_match,different
370926,e4b22039-85e9-4a35-a0a8-738ff05696a5,Transformer,PowerTransformer,2,FMR2 138kV-69kV,1490,BURNETTSW_8,BTTSW,1491,BURNETTSW_9,BTTSW,FMR2,BTTSW_FMR2,60110714.0,BTTSW_AXFMR2_HISIDE,,,2,Transformer,BURNETTSW_8,BURNETTSW_9,BTTSW_AXFMR2_HISIDE,,duplicate_match,different
370926,e4b22039-85e9-4a35-a0a8-738ff05696a5,Transformer,PowerTransformer,2,FMR2 138kV-69kV,1490,BURNETTSW_8,BTTSW,1491,BURNETTSW_9,BTTSW,FMR2,BTTSW_FMR2,60020147.0,BTTSW_AXFMR2_LOSIDE,,,2,Transformer,BURNETTSW_8,BURNETTSW_9,BTTSW_AXFMR2_LOSIDE,AXFMR2_LOSIDE,duplicate_match,different
374837,c47c9d11-1285-4903-970c-d322157bd549,Transformer,PowerTransformer,1,T1 138kV-69kV,60412,CARVER4A,CARVER,60433,CARVER2A,CARVER,T1,CARVER_T1,60021743.0,CARVER_T1_L,,,1,Transformer,CARVER2A,CARVER4A,CARVER_T1_L,T1_L,duplicate_match,different
374837,c47c9d11-1285-4903-970c-d322157bd549,Transformer,PowerTransformer,1,T1 138kV-69kV,60412,CARVER4A,CARVER,60433,CARVER2A,CARVER,T1,CARVER_T1,60111659.0,CARVER_T1_H,,,1,Transformer,CARVER2A,CARVER4A,CARVER_T1_H,,duplicate_match,different
377056,6d9562b0-0bc3-4ce1-8898-bd84adc37515,Branch,ACLineSegment,1,138_GRT_CTW1 1 1 138kV,11078,COALSNDR_8,CDPOI,38099,TNCOTTNWD_1,COTTNWD,1,138_GRT_CTW_1,60110579.0,138_GRT_CTW,,,1,Line,COALSNDR_8,TNCOTTNWD_1,138_GRT_CTW_1,1,duplicate_match,same_element
377056,6d9562b0-0bc3-4ce1-8898-bd84adc37515,Branch,ACLineSegment,1,138_GRT_CTW1 1 1 138kV,11078,COALSNDR_8,CDPOI,38099,TNCOTTNWD_1,COTTNWD,1,138_GRT_CTW_1,60009658.0,138_GRT_CTW1,,,1,Line,COALSNDR_8,TNCOTTNWD_1,138_GRT_CTW_1,1,duplicate_match,same_element
379936,93692a7c-eba3-4351-9bb1-cd830276d28f,Transformer,PowerTransformer,1,AT1T 138kV-69kV,78118,L_ALTAIR8_1Y,ALTAIR,78106,L_ALTAIR9_1Y,ALTAIR,AT1T,ALTAIR_AT1T,60014278.0,ALTAIR_AT1T_L,,,1,Transformer,L_ALTAIR9_1Y,L_ALTAIR8_1Y,ALTAIR_AT1T_L,AT1T_L,duplicate_match,different
379936,93692a7c-eba3-4351-9bb1-cd830276d28f,Transformer,PowerTransformer,1,AT1T 138kV-69kV,78118,L_ALTAIR8_1Y,ALTAIR,78106,L_ALTAIR9_1Y,ALTAIR,AT1T,ALTAIR_AT1T,60111696.0,ALTAIR_AT1T_H,,,1,Transformer,L_ALTAIR9_1Y,L_ALTAIR8_1Y,ALTAIR_AT1T_H,,duplicate_match,different
379937,19e498cc-6341-4a7b-b944-02763fd74267,Transformer,PowerTransformer,2,AT2T 138kV-69kV,78118,L_ALTAIR8_1Y,ALTAIR,78106,L_ALTAIR9_1Y,ALTAIR,AT2T,ALTAIR_AT2T,60111695.0,ALTAIR_AT2T_H,,,2,Transformer,L_ALTAIR9_1Y,L_ALTAIR8_1Y,ALTAIR_AT2T_H,,duplicate_match,different
379937,19e498cc-6341-4a7b-b944-02763fd74267,Transformer,PowerTransformer,2,AT2T 138kV-69kV,78118,L_ALTAIR8_1Y,ALTAIR,78106,L_ALTAIR9_1Y,ALTAIR,AT2T,ALTAIR_AT2T,60014279.0,ALTAIR_AT2T_L,,,2,Transformer,L_ALTAIR9_1Y,L_ALTAIR8_1Y,ALTAIR_AT2T_L,AT2T_L,duplicate_match,different
383643,f82ed240-77d0-4ac7-ba8e-864193d46ac1,Transformer,PowerTransformer,1,AT1 138kV-69kV,8412,REFUGIO4A,REFUGIO,8410,REFUGIO2A,REFUGIO,AT1,REFUGIO_AT1,60059916.0,REFUGIO_AT1_LS,,,1,Transformer,REFUGIO4A,REFUGIO2A,REFUGIO_AT1_LS,AT1_LS,duplicate_match,different
383643,f82ed240-77d0-4ac7-ba8e-864193d46ac1,Transformer,PowerTransformer,1,AT1 138kV-69kV,8412,REFUGIO4A,REFUGIO,8410,REFUGIO2A,REFUGIO,AT1,REFUGIO_AT1,60111089.0,REFUGIO_AT1_HS,,,1,Transformer,REFUGIO4A,REFUGIO2A,REFUGIO_AT1_HS,,duplicate_match,different
405328,bf975f7f-44e4-4d15-bb46-e9228b5b8338,Branch,ACLineSegment,1,6245_A _A 1 138kV,11107,ALLIGATOR_8,GATOR,11190,HRSHOESPG_8,HSPSW,_A,6245__A,60094213.0,6245_A,,,1,Line,HRSHOESPG_8,ALLIGATOR_8,6245__A,_A,duplicate_match,different
405328,bf975f7f-44e4-4d15-bb46-e9228b5b8338,Branch,ACLineSegment,1,6245_A _A 1 138kV,11107,ALLIGATOR_8,GATOR,11190,HRSHOESPG_8,HSPSW,_A,6245__A,60010297.0,6149_F,,,1,Line,ALLIGATOR_8,HRSHOESPG_8,6149__F,_F,duplicate_match,different
405559,3a979d0b-ceb8-4c89-a6e9-9b0d191ead48,Transformer,PowerTransformer,11,XF-1 345kV-138kV,6893,WLNDTIRC1,WLNDSSRC,6879,WLNDSSRC,WLNDSSRC,XF-1,WLNDSSRC_XF-1,60111004.0,WLNDSSRC_1W1,,,11,Transformer,WLNDTIRC1,WLNDSSRC,WLNDSSRC_1W1,,duplicate_match,different
405559,3a979d0b-ceb8-4c89-a6e9-9b0d191ead48,Transformer,PowerTransformer,11,XF-1 345kV-138kV,6893,WLNDTIRC1,WLNDSSRC,6879,WLNDSSRC,WLNDSSRC,XF-1,WLNDSSRC_XF-1,60075065.0,WLNDSSRC_1W2,,,11,Transformer,WLNDSSRC,WLNDTIRC1,WLNDSSRC_1W2,1W2,duplicate_match,different
405560,733d3af3-50f4-462a-a53c-6000e92e6fc3,Transformer,PowerTransformer,11,XF-2 345kV-138kV,6878,WLNDTIRC2,WLNDSSRC,6879,WLNDSSRC,WLNDSSRC,XF-2,WLNDSSRC_XF-2,60075066.0,WLNDSSRC_2W2,,,11,Transformer,WLNDSSRC,WLNDTIRC2,WLNDSSRC_2W2,2W2,duplicate_match,different
405560,733d3af3-50f4-462a-a53c-6000e92e6fc3,Transformer,PowerTransformer,11,XF-2 345kV-138kV,6878,WLNDTIRC2,WLNDSSRC,6879,WLNDSSRC,WLNDSSRC,XF-2,WLNDSSRC_XF-2,60111003.0,WLNDSSRC_2W1,,,11,Transformer,WLNDSSRC,WLNDTIRC2,WLNDSSRC_2W1,,duplicate_match,different
408413,c6d1c05d-db42-4712-8943-3e25c08f21fa,Branch,ACLineSegment,1,6590_A _A 1 138kV,1124,MIDESSAS_8,MDSSW,1138,TEXASINS_8,TIODE,_A,6590__A,60009462.0,6511_F,,,1,Line,MIDESSAS_8,TEXASINS_8,6511__F,_F,duplicate_match,different
408413,c6d1c05d-db42-4712-8943-3e25c08f21fa,Branch,ACLineSegment,1,6590_A _A 1 138kV,1124,MIDESSAS_8,MDSSW,1138,TEXASINS_8,TIODE,_A,6590__A,60097955.0,6590_A,,,1,Line,MIDESSAS_8,TEXASINS_8,6590__A,_A,duplicate_match,different
408997,14773adf-ff5f-49d6-8f49-0a68e32696df,Transformer,PowerTransformer,1,A2 138kV-69kV,60716,SGSA4A,SGSA,6652,SGSA2A,SGSA,A2,SGSA_A2,60111002.0,SGSA_138_69_2_H,,,1,Transformer,SGSA4A,SGSA2A,SGSA_138_69_2_H,,duplicate_match,different
408997,14773adf-ff5f-49d6-8f49-0a68e32696df,Transformer,PowerTransformer,1,A2 138kV-69kV,60716,SGSA4A,SGSA,6652,SGSA2A,SGSA,A2,SGSA_A2,60064433.0,SGSA_138_69_2_L,,,1,Transformer,SGSA4A,SGSA2A,SGSA_138_69_2_L,138_69_2_L,duplicate_match,different
412584,74e6513c-f6f4-4450-839a-fa8a728d71ec,Branch,ACLineSegment,1,KINGTAP_QUEEN_1 1 1 345kV,842,GPL_KINGMTSW,KINGMTSW,134597,QUEEN_5,QUEEN_SL,1,KINGSW_QUEEN_1,60114958.0,KINGSW_QUEEN1,,,1,Line,QUEEN_5,GPL_KINGMTSW,KINGSW_QUEEN_1,1,duplicate_match,different
412584,74e6513c-f6f4-4450-839a-fa8a728d71ec,Branch,ACLineSegment,1,KINGTAP_QUEEN_1 1 1 345kV,842,GPL_KINGMTSW,KINGMTSW,134597,QUEEN_5,QUEEN_SL,1,KINGSW_QUEEN_1,60010136.0,KINGTAP_QUEEN1,,,1,Line,QUEEN_5,GPL_KINGMTTP,KINGTAP_QUEEN_1,1,duplicate_match,different
413808,76de801d-1a1d-4584-a1bc-6cee689f1148,Branch,ACLineSegment,2,5142_B _B 2 138kV,11074,ORBISONT_8,ORBTP,11382,ASHBY_P8,ASHPD,_B,5142__B,60010286.0,6142_H,,,2,Line,ORBISONT_8,BOULDER_8,6142__H,_H,duplicate_match,different
413808,76de801d-1a1d-4584-a1bc-6cee689f1148,Branch,ACLineSegment,2,5142_B _B 2 138kV,11074,ORBISONT_8,ORBTP,11382,ASHBY_P8,ASHPD,_B,5142__B,60094880.0,5142_B,,,2,Line,ORBISONT_8,ASHBY_P8,5142__B,_B,duplicate_match,different
419023,f818bde9-4755-4f7a-a97e-06d6fdadef14,Transformer,PowerTransformer,31,TR31 138kV-69kV,111450,FORMOSA_16_9,FORMOSA,111449,FORMOSA_15_9,FORMOSA,TR31,FORMOSA_TR31,60032848.0,FORMOSA_TR31_L,,,31,Transformer,FORMOSA_15_9,FORMOSA_16_9,FORMOSA_TR31_L,TR31_L,duplicate_match,different
419023,f818bde9-4755-4f7a-a97e-06d6fdadef14,Transformer,PowerTransformer,31,TR31 138kV-69kV,111450,FORMOSA_16_9,FORMOSA,111449,FORMOSA_15_9,FORMOSA,TR31,FORMOSA_TR31,60111919.0,FORMOSA_TR31,,,31,Transformer,FORMOSA_15_9,FORMOSA_16_9,FORMOSA_TR31,,duplicate_match,different
419024,492cf6af-16b3-4be9-8915-e9a61b1e8b6e,Transformer,PowerTransformer,32,TR32 138kV-69kV,111452,FORMOSA_18_9,FORMOSA,111451,FORMOSA_17_9,FORMOSA,TR32,FORMOSA_TR32,60111920.0,FORMOSA_TR32,,,32,Transformer,FORMOSA_17_9,FORMOSA_18_9,FORMOSA_TR32,,duplicate_match,different
419024,492cf6af-16b3-4be9-8915-e9a61b1e8b6e,Transformer,PowerTransformer,32,TR32 138kV-69kV,111452,FORMOSA_18_9,FORMOSA,111451,FORMOSA_17_9,FORMOSA,TR32,FORMOSA_TR32,60032849.0,FORMOSA_TR32_L,,,32,Transformer,FORMOSA_18_9,FORMOSA_17_9,FORMOSA_TR32_L,TR32_L,duplicate_match,different
421508,ef78ff66-61ae-46c6-bc12-d0843e4ae733,Branch,ACLineSegment,11,A 11 138kV,47170,H_O_C__POI_8,HOC,111183,FEGC_8A,FEGC,A,FWEHOC11_A,60110583.0,FWEHOC11,,,11,Line,H_O_C__POI_8,FEGC_8A,FWEHOC11_A,A,duplicate_match,same_element
421508,ef78ff66-61ae-46c6-bc12-d0843e4ae733,Branch,ACLineSegment,11,A 11 138kV,47170,H_O_C__POI_8,HOC,111183,FEGC_8A,FEGC,A,FWEHOC11_A,60010484.0,FWEHOC11A,,,11,Line,H_O_C__POI_8,FEGC_8A,FWEHOC11_A,A,duplicate_match,same_element
422922,2a8fac21-11f6-4001-9e3e-efe13d099045,Branch,ACLineSegment,1,6530_B _B 1 138kV,1139,HEADLEE_8,HDPOI,10005,JACKRABT2_T8,JACKR,_B,6530__B,60011483.0,6535_F,,,1,Line,HEADLEE_8,JACKRABT2_T8,6535__F,_F,duplicate_match,different
422922,2a8fac21-11f6-4001-9e3e-efe13d099045,Branch,ACLineSegment,1,6530_B _B 1 138kV,1139,HEADLEE_8,HDPOI,10005,JACKRABT2_T8,JACKR,_B,6530__B,60090500.0,6530_B,,,1,Line,HEADLEE_8,JACKRABT2_T8,6530__B,_B,duplicate_match,different
426680,6fd732cd-8834-4d66-8bd9-cea1c4a34d71,Branch,ACLineSegment,1,GIRVIN_NEVIL_1 1 1 345kV,844,GPL_NEVILLSW,NEVILLSW,860,GPL_GIRVINSW,GIRVINSW,1,GIRVIN_NEVIL_1,60010842.0,NEVILL_NEVILTP,,,1,Line,GPL_NEVILLSW,GPL_NEVILLTP,NEVILL_NEVILTP_1,1,duplicate_match,different
426680,6fd732cd-8834-4d66-8bd9-cea1c4a34d71,Branch,ACLineSegment,1,GIRVIN_NEVIL_1 1 1 345kV,844,GPL_NEVILLSW,NEVILLSW,860,GPL_GIRVINSW,GIRVINSW,1,GIRVIN_NEVIL_1,60088855.0,GIRVIN_NEVIL,,,1,Line,GPL_NEVILLSW,GPL_GIRVINSW,GIRVIN_NEVIL_1,1,duplicate_match,different
432599,6c581d5b-9964-42fb-b976-b58d5239185e,Branch,ACLineSegment,1,723T764_1 1 1 138kV,7869,L_MOTORM8_1Y,MOTORM,71214,L_CRANEA8_1Y,CRANEA,1,723T764_1,60012179.0,723T723,,,1,Line,L_MOTORM8_1Y,L_CRANEA8_1Y,723T723_1,1,duplicate_match,different
432599,6c581d5b-9964-42fb-b976-b58d5239185e,Branch,ACLineSegment,1,723T764_1 1 1 138kV,7869,L_MOTORM8_1Y,MOTORM,71214,L_CRANEA8_1Y,CRANEA,1,723T764_1,60088876.0,723T764,,,1,Line,L_MOTORM8_1Y,L_CRANEA8_1Y,723T764_1,1,duplicate_match,different
441993,03ed77e6-01ca-4d5c-b6a8-4f57e8da9ad4,Transformer,PowerTransformer,T1,LDXF 345kV-138kV,59990,LD_138_2,W_LD_138,59906,LONGDRAW_138,W_LD_138,LDXF,W_LD_138_LDXF,60076505.0,W_LD_138_LDXF_L,,,T1,Transformer,LD_138_2,LONGDRAW_138,W_LD_138_LDXF_L,LDXF_L,duplicate_match,different
441993,03ed77e6-01ca-4d5c-b6a8-4f57e8da9ad4,Transformer,PowerTransformer,T1,LDXF 345kV-138kV,59990,LD_138_2,W_LD_138,59906,LONGDRAW_138,W_LD_138,LDXF,W_LD_138_LDXF,60011091.0,W_LD_138_LDXF,,,T1,Transformer,LONGDRAW_138,LD_138_2,W_LD_138_LDXF,LDXF,duplicate_match,different
442273,a0c8fd2f-e7ab-41f9-a773-62c0b2d1ad9d,Transformer,PowerTransformer,1,MR1 345kV-138kV,5371,SKYLINE_5,SKYLINE,5368,SKYLIN1_8,SKYLINE,MR1,SKYLINE_MR1,60110920.0,SKYLINE_MR1H,,,1,Transformer,SKYLIN1_8,SKYLINE_5,SKYLINE_MR1H,,duplicate_match,different
442273,a0c8fd2f-e7ab-41f9-a773-62c0b2d1ad9d,Transformer,PowerTransformer,1,MR1 345kV-138kV,5371,SKYLINE_5,SKYLINE,5368,SKYLIN1_8,SKYLINE,MR1,SKYLINE_MR1,60065331.0,SKYLINE_MR1L,,,1,Transformer,SKYLINE_5,SKYLIN1_8,SKYLINE_MR1L,MR1L,duplicate_match,different
443532,97bff537-cd86-436e-b032-35b9ef06266c,Branch,ACLineSegment,1,1615T615 1 1 138kV,7306,L_WINCHE8_1Y,WINCHES,7308,L_PAIGE_8_1Y,PAIGE,1,615T615_1,60008109.0,615T6151,,,1,Line,L_WINCHE8_1Y,L_PAIGE_8_1Y,615T615_1,1,duplicate_match,same_element
443532,97bff537-cd86-436e-b032-35b9ef06266c,Branch,ACLineSegment,1,1615T615 1 1 138kV,7306,L_WINCHE8_1Y,WINCHES,7308,L_PAIGE_8_1Y,PAIGE,1,615T615_1,60107759.0,615T615,,,1,Line,L_WINCHE8_1Y,L_PAIGE_8_1Y,615T615_1,1,duplicate_match,same_element
445748,fd501902-aeba-495d-a633-91bc11cd837f,Branch,ACLineSegment,1,6129_B _B 1 138kV,11089,KYLERNCH_8,KRNCH,11189,QUARRYFLD_8,QRYSW,_B,6129__B,60113988.0,6129_B,,,1,Line,QUARRYFLD_8,KYLERNCH_8,6129__B,_B,duplicate_match,different
445748,fd501902-aeba-495d-a633-91bc11cd837f,Branch,ACLineSegment,1,6129_B _B 1 138kV,11089,KYLERNCH_8,KRNCH,11189,QUARRYFLD_8,QRYSW,_B,6129__B,60012213.0,6132_B,,,1,Line,KYLERNCH_8,QUARRYFLD_8,6132__B,_B,duplicate_match,different
453514,686d3499-daba-4b8c-a435-a08329848446,Branch,ACLineSegment,1,GIRVIN_GRSWD_1 1 1 345kV,860,GPL_GIRVINSW,GIRVINSW,134905,GREASEW_5,GREASWOD,1,GIRVIN_GRSWD_1,60011177.0,NEVILLTP_GRSWD,,,1,Line,GPL_NEVILLTP,GREASEW_5,NEVILLTP_GRSWD_1,1,duplicate_match,different
453514,686d3499-daba-4b8c-a435-a08329848446,Branch,ACLineSegment,1,GIRVIN_GRSWD_1 1 1 345kV,860,GPL_GIRVINSW,GIRVINSW,134905,GREASEW_5,GREASWOD,1,GIRVIN_GRSWD_1,60088857.0,GIRVIN_GRSWD,,,1,Line,GPL_GIRVINSW,GREASEW_5,GIRVIN_GRSWD_1,1,duplicate_match,different
454840,2be2b67c-4835-45ff-9533-5d78ca0a92b5,Branch,ACLineSegment,01,HOCPRO01 A 01 138kV,47170,H_O_C__POI_8,HOC,111800,PRO_8,PRO,A,HOCPRO01_A,60110584.0,HOCPRO01,,,01,Line,H_O_C__POI_8,PRO_8,HOCPRO01_A,A,duplicate_match,same_element
454840,2be2b67c-4835-45ff-9533-5d78ca0a92b5,Branch,ACLineSegment,01,HOCPRO01 A 01 138kV,47170,H_O_C__POI_8,HOC,111800,PRO_8,PRO,A,HOCPRO01_A,60011348.0,HOCPRO01A,,,01,Line,H_O_C__POI_8,PRO_8,HOCPRO01_A,A,duplicate_match,same_element
459076,77ec83bc-e5f7-430f-9080-5bd55fe11a51,Transformer,PowerTransformer,T3,T3 138kV-115kV,162456,VENADO_8,VENADO,162455,VENADO_M,VENADO,T3,VENADO_T3,60112617.0,VENADO_T3,,,T3,Transformer,VENADO_M,VENADO_8,VENADO_T3,,duplicate_match,different
459076,77ec83bc-e5f7-430f-9080-5bd55fe11a51,Transformer,PowerTransformer,T3,T3 138kV-115kV,162456,VENADO_8,VENADO,162455,VENADO_M,VENADO,T3,VENADO_T3,60072120.0,VENADO_T3_L,,,T3,Transformer,VENADO_8,VENADO_M,VENADO_T3_L,T3_L,duplicate_match,different
459962,f22dbadf-9116-4249-ae8d-a3efeb0665cb,Transformer,PowerTransformer,T1,T1 345kV-138kV,60404,SOLSTICE7A,SOLSTICE,60385,SOLSTICE4A,SOLSTICE,T1,SOLSTICE_T1,60111654.0,SOLSTICE_T1,,,T1,Transformer,SOLSTICE4A,SOLSTICE7A,SOLSTICE_T1,,duplicate_match,different
459962,f22dbadf-9116-4249-ae8d-a3efeb0665cb,Transformer,PowerTransformer,T1,T1 345kV-138kV,60404,SOLSTICE7A,SOLSTICE,60385,SOLSTICE4A,SOLSTICE,T1,SOLSTICE_T1,60066306.0,SOLSTICE_T1_L,,,T1,Transformer,SOLSTICE7A,SOLSTICE4A,SOLSTICE_T1_L,T1_L,duplicate_match,different
459973,8bf151a6-d7e7-48ff-b5e3-b87a7ed0e36a,Transformer,PowerTransformer,T2,T2 345kV-138kV,60404,SOLSTICE7A,SOLSTICE,60385,SOLSTICE4A,SOLSTICE,T2,SOLSTICE_T2,60066307.0,SOLSTICE_T2_L,,,T2,Transformer,SOLSTICE4A,SOLSTICE7A,SOLSTICE_T2_L,T2_L,duplicate_match,different
459973,8bf151a6-d7e7-48ff-b5e3-b87a7ed0e36a,Transformer,PowerTransformer,T2,T2 345kV-138kV,60404,SOLSTICE7A,SOLSTICE,60385,SOLSTICE4A,SOLSTICE,T2,SOLSTICE_T2,60011416.0,SOLSTICE_T2,,,T2,Transformer,SOLSTICE4A,SOLSTICE7A,SOLSTICE_T2,T2,duplicate_match,different
460017,29455a25-5995-4fb4-9485-36daccdb2310,Transformer,PowerTransformer,P1,PST1 138kV-138kV,60385,SOLSTICE4A,SOLSTICE,60384,SOLSTICE4B,SOLSTICE,PST1,SOLSTICE_PST1,60066303.0,SOLSTICE_PST1_L,,,P1,Transformer,SOLSTICE4B,SOLSTICE4A,SOLSTICE_PST1_L,PST1_L,duplicate_match,different
460017,29455a25-5995-4fb4-9485-36daccdb2310,Transformer,PowerTransformer,P1,PST1 138kV-138kV,60385,SOLSTICE4A,SOLSTICE,60384,SOLSTICE4B,SOLSTICE,PST1,SOLSTICE_PST1,60011415.0,SOLSTICE_PST1,,,P1,Transformer,SOLSTICE4B,SOLSTICE4A,SOLSTICE_PST1,PST1,duplicate_match,different
468141,87266936-95b2-4876-8fd2-c8074d15d01e,Transformer,PowerTransformer,1,FMR1 69kV-138kV,13142,TYLERSW_9,TYLSW,3197,TYLERSW_8,TYLSW,FMR1,TYLSW_FMR1,60071529.0,TYLSW_AXFMR1H,,,1,Transformer,TYLERSW_8,TYLERSW_9,TYLSW_AXFMR1H,AXFMR1H,duplicate_match,different
468141,87266936-95b2-4876-8fd2-c8074d15d01e,Transformer,PowerTransformer,1,FMR1 69kV-138kV,13142,TYLERSW_9,TYLSW,3197,TYLERSW_8,TYLSW,FMR1,TYLSW_FMR1,60111275.0,TYLSW_AXFMR1L,,,1,Transformer,TYLERSW_8,TYLERSW_9,TYLSW_AXFMR1L,,duplicate_match,different
508684,a2c141b2-f085-4b91-b89b-bae208430c5d,Transformer,PowerTransformer,1,GYP1 138kV-69kV,33798,GYP8,GYP,798,GYP9,GYP,GYP1,GYP_GYP1,60036710.0,GYP_GYP1_1,,,1,Transformer,GYP8,GYP9,GYP_GYP1_1,GYP1_1,duplicate_match,different
508684,a2c141b2-f085-4b91-b89b-bae208430c5d,Transformer,PowerTransformer,1,GYP1 138kV-69kV,33798,GYP8,GYP,798,GYP9,GYP,GYP1,GYP_GYP1,60111391.0,GYP_GYP1_2,,,1,Transformer,GYP9,GYP8,GYP_GYP1_2,,duplicate_match,different
514075,a6e63d3a-e7dc-4639-95ad-e90107b5b9df,Branch,ACLineSegment,1,ELLEN_FTSW1_1 1 1 138kV,38470,TNELLENBUR1,GOMEZTP,60717,FTSW4A,FTSW,1,FTSW_GOMEZT1_1,60011716.0,ELLENB_FTSW1,,,1,Line,FTSW4A,ELLENBUR4A,ELLENB_FTSW1_1,1,duplicate_match,different
514075,a6e63d3a-e7dc-4639-95ad-e90107b5b9df,Branch,ACLineSegment,1,ELLEN_FTSW1_1 1 1 138kV,38470,TNELLENBUR1,GOMEZTP,60717,FTSW4A,FTSW,1,FTSW_GOMEZT1_1,60104542.0,FTSW_GOMEZT1,,,1,Line,TNELLENBUR1,FTSW4A,FTSW_GOMEZT1_1,1,duplicate_match,different
521226,6e252dfc-e6fe-4598-9471-ee709f595265,Transformer,PowerTransformer,1,REDG 138kV-69kV,5784,REDGATESW8,REDGTSS,5780,REDGATESW9,REDGTSS,REDG,REDGTSS_REDG,60059815.0,REDGTSS_REDG_L,,,1,Transformer,REDGATESW8,REDGATESW9,REDGTSS_REDG_L,REDG_L,duplicate_match,different
521226,6e252dfc-e6fe-4598-9471-ee709f595265,Transformer,PowerTransformer,1,REDG 138kV-69kV,5784,REDGATESW8,REDGTSS,5780,REDGATESW9,REDGTSS,REDG,REDGTSS_REDG,60110943.0,REDGTSS_REDG,,,1,Transformer,REDGATESW9,REDGATESW8,REDGTSS_REDG,,duplicate_match,different
521825,c1abcb64-14d0-4860-b7d8-c6ae968ff99f,Transformer,PowerTransformer,T3,T3 345kV-230kV,151856,PRIDDY_5,PRIDDY,151855,PRIDDY_T1,PRIDDY,T3,PRIDDY_T3,60112450.0,PRIDDY_T3,,,T3,Transformer,PRIDDY_T1,PRIDDY_5,PRIDDY_T3,,duplicate_match,different
521825,c1abcb64-14d0-4860-b7d8-c6ae968ff99f,Transformer,PowerTransformer,T3,T3 345kV-230kV,151856,PRIDDY_5,PRIDDY,151855,PRIDDY_T1,PRIDDY,T3,PRIDDY_T3,60057837.0,PRIDDY_T3_L,,,T3,Transformer,PRIDDY_T1,PRIDDY_5,PRIDDY_T3_L,T3_L,duplicate_match,different
531749,5e07f941-6cd9-4a29-8b5f-4499ca59c3a8,Branch,ACLineSegment,1,ATHEY_ELLENB1_1 1 1 138kV,38470,TNELLENBUR1,GOMEZTP,60792,ATHEY4A,ATHEY,1,ATHEY_GOMEZT1_1,60012327.0,ATHEY_ELLENB1,,,1,Line,ATHEY4A,ELLENBUR4A,ATHEY_ELLENB1_1,1,duplicate_match,different
531749,5e07f941-6cd9-4a29-8b5f-4499ca59c3a8,Branch,ACLineSegment,1,ATHEY_ELLENB1_1 1 1 138kV,38470,TNELLENBUR1,GOMEZTP,60792,ATHEY4A,ATHEY,1,ATHEY_GOMEZT1_1,60104543.0,ATHEY_GOMEZT1,,,1,Line,TNELLENBUR1,ATHEY4A,ATHEY_GOMEZT1_1,1,duplicate_match,different
531829,2beb2821-29fb-4567-9b98-3af801e12593,Transformer,PowerTransformer,2,AT2 345kV-138kV,9044,DUNLAP5,DUNLAP,9045,DUNLAP8,DUNLAP,AT2,DUNLAP_AT2,60111122.0,DUNLAP_AT2,,,2,Transformer,DUNLAP8,DUNLAP5,DUNLAP_AT2,,duplicate_match,different
531829,2beb2821-29fb-4567-9b98-3af801e12593,Transformer,PowerTransformer,2,AT2 345kV-138kV,9044,DUNLAP5,DUNLAP,9045,DUNLAP8,DUNLAP,AT2,DUNLAP_AT2,60029127.0,DUNLAP_AT2_L,,,2,Transformer,DUNLAP8,DUNLAP5,DUNLAP_AT2_L,AT2_L,duplicate_match,different
537561,5e94a222-de0b-40ee-b95f-1be2691b0ca8,Transformer,PowerTransformer,T1,ROAD 345kV-34.5kV,135582,QUEEN_BA_5,QUEEN_BA,135581,QUEEN_BA_G1,QUEEN_BA,ROAD,QUEEN_BA_ROAD,60112217.0,QUEEN_BA_ROAD,,,T1,Transformer,QUEEN_BA_G1,QUEEN_BA_5,QUEEN_BA_ROAD,,duplicate_match,different
537561,5e94a222-de0b-40ee-b95f-1be2691b0ca8,Transformer,PowerTransformer,T1,ROAD 345kV-34.5kV,135582,QUEEN_BA_5,QUEEN_BA,135581,QUEEN_BA_G1,QUEEN_BA,ROAD,QUEEN_BA_ROAD,60012089.0,QUEEN_BA_T1,,,T1,Transformer,QUEEN_BA_G1,QUEEN_BA_5,QUEEN_BA_T1,T1,duplicate_match,different
552502,b15b73ec-8895-4988-ad06-1f5d10eae990,Transformer,PowerTransformer,1,FMR1 138kV-69kV,11242,CRTNYCRK_8,CCKSW,11258,CRTNYCRK_9,CCKSW,FMR1,CCKSW_FMR1,60111189.0,CCKSW_AXFMR1,,,1,Transformer,CRTNYCRK_8,CRTNYCRK_9,CCKSW_AXFMR1,,duplicate_match,different
552502,b15b73ec-8895-4988-ad06-1f5d10eae990,Transformer,PowerTransformer,1,FMR1 138kV-69kV,11242,CRTNYCRK_8,CCKSW,11258,CRTNYCRK_9,CCKSW,FMR1,CCKSW_FMR1,60022186.0,CCKSW_AXFMR1_L,,,1,Transformer,CRTNYCRK_8,CRTNYCRK_9,CCKSW_AXFMR1_L,AXFMR1_L,duplicate_match,different
555249,1699f353-e72d-401d-810d-04ca58ddf940,Transformer,PowerTransformer,T1,HILO 345kV-34.5kV,135572,HI_LONEB_5,HI_LONEB,135571,HI_LONEB_G1,HI_LONEB,HILO,HI_LONEB_HILO,60012314.0,HI_LONEB_T1,,,T1,Transformer,HI_LONEB_G1,HI_LONEB_5,HI_LONEB_T1,T1,duplicate_match,different
555249,1699f353-e72d-401d-810d-04ca58ddf940,Transformer,PowerTransformer,T1,HILO 345kV-34.5kV,135572,HI_LONEB_5,HI_LONEB,135571,HI_LONEB_G1,HI_LONEB,HILO,HI_LONEB_HILO,60112216.0,HI_LONEB_HILO,,,T1,Transformer,HI_LONEB_G1,HI_LONEB_5,HI_LONEB_HILO,,duplicate_match,different
570393,bf8f416d-eeb0-4d64-9b8d-1d23a38a9a85,Branch,ACLineSegment,2,138_WIC_OW2_1 _1 2 138kV,1013,WOLFSS_8,WLFSW,37981,TNWICKETT_1,WICKETT,_1,138_WIC_OW2__1,60012440.0,138_WIC_OW2,,,2,Line,WOLFSS_8,TNWICKETT_1,138_WIC_OW2_1,1,duplicate_match,different
570393,bf8f416d-eeb0-4d64-9b8d-1d23a38a9a85,Branch,ACLineSegment,2,138_WIC_OW2_1 _1 2 138kV,1013,WOLFSS_8,WLFSW,37981,TNWICKETT_1,WICKETT,_1,138_WIC_OW2__1,60092466.0,138_WIC_OW2_1,,,2,Line,WOLFSS_8,TNWICKETT_1,138_WIC_OW2__1,_1,duplicate_match,different
571544,3d96a21c-e407-4420-aaea-a91abf8fa036,Branch,ACLineSegment,1,1687T687_1 1 1 138kV,76022,L_DESEME8_1Y,DESEME,135665,DSKYTAP1,DSKYTAP1,1,687T687_1,60012336.0,1687T6871,,,1,Line,DSKYTAP1,L_DESEME8_1Y,1687T687_1,1,duplicate_match,different
571544,3d96a21c-e407-4420-aaea-a91abf8fa036,Branch,ACLineSegment,1,1687T687_1 1 1 138kV,76022,L_DESEME8_1Y,DESEME,135665,DSKYTAP1,DSKYTAP1,1,687T687_1,60114815.0,687T6871,,,1,Line,DSKYTAP1,L_DESEME8_1Y,687T687_1,1,duplicate_match,different
571545,20956fdb-1977-4149-ba06-9cf68678f16d,Branch,ACLineSegment,1,1674T674_1 1 1 138kV,76001,L_TIPPET8_1Y,TIPPET,135615,DSKYT2,DSKYTAP2,1,674T674_1,60114814.0,674T6741,,,1,Line,DSKYT2,L_TIPPET8_1Y,674T674_1,1,duplicate_match,different
571545,20956fdb-1977-4149-ba06-9cf68678f16d,Branch,ACLineSegment,1,1674T674_1 1 1 138kV,76001,L_TIPPET8_1Y,TIPPET,135615,DSKYT2,DSKYTAP2,1,674T674_1,60012334.0,1674T6741,,,1,Line,DSKYT2,L_TIPPET8_1Y,1674T674_1,1,duplicate_match,different
579251,927a5ab4-5ec9-4268-a910-107cfe004a5c,Transformer,PowerTransformer,1,TCM1 138kV-69kV,39141,TNTXCITYMN1,TXCITYMN,39140,TNTXCITYMN0,TXCITYMN,TCM1,TXCITYMN_TCM1,60111405.0,TXCITYMN_TCM1,,,1,Transformer,TNTXCITYMN1,TNTXCITYMN0,TXCITYMN_TCM1,,duplicate_match,different
579251,927a5ab4-5ec9-4268-a910-107cfe004a5c,Transformer,PowerTransformer,1,TCM1 138kV-69kV,39141,TNTXCITYMN1,TXCITYMN,39140,TNTXCITYMN0,TXCITYMN,TCM1,TXCITYMN_TCM1,60071336.0,TXCITYMN_TCM1_L,,,1,Transformer,TNTXCITYMN1,TNTXCITYMN0,TXCITYMN_TCM1_L,TCM1_L,duplicate_match,different
586575,2fcaba4e-20bc-46a7-aa71-0d817363bec7,Branch,ACLineSegment,1,1500T231_1 1 1 138kV,7328,L_SETTLE8_2Y,SETTLE,7329,L_WEBBER8_1Y,WEBBER,1,500T231_1,60001609.0,500T2311,,,1,Line,L_SETTLE8_2Y,L_WEBBER8_1Y,500T231_1,1,duplicate_match,different
586575,2fcaba4e-20bc-46a7-aa71-0d817363bec7,Branch,ACLineSegment,1,1500T231_1 1 1 138kV,7328,L_SETTLE8_2Y,SETTLE,7329,L_WEBBER8_1Y,WEBBER,1,500T231_1,60012896.0,1500T231,,,1,Line,L_SETTLE8_2Y,L_WEBBER8_1Y,1500T231_1,1,duplicate_match,different
586576,98cfd5e1-5888-4473-8285-7215a8620ea4,Branch,ACLineSegment,1,1197T171_1 1 1 138kV,7327,L_SETTLE8_1Y,SETTLE,9328,AUSTROP,AUSTRO,1,197T171_1,60000744.0,197T1711,,,1,Line,L_SETTLE8_1Y,AUSTROP,197T171_1,1,duplicate_match,different
586576,98cfd5e1-5888-4473-8285-7215a8620ea4,Branch,ACLineSegment,1,1197T171_1 1 1 138kV,7327,L_SETTLE8_1Y,SETTLE,9328,AUSTROP,AUSTRO,1,197T171_1,60012714.0,1197T171,,,1,Line,L_SETTLE8_1Y,AUSTROP,1197T171_1,1,duplicate_match,different
588613,fd362750-2a33-4ea3-909b-a97dc3c9fd2d,Transformer,PowerTransformer,T3,T3 345kV-230kV,120545,BOARDCRK_5,BOARDCRK,120544,BOARDCRK_SUB,BOARDCRK,T3,BOARDCRK_T3,60018518.0,BOARDCRK_T3_L,,,T3,Transformer,BOARDCRK_SUB,BOARDCRK_5,BOARDCRK_T3_L,T3_L,duplicate_match,different
588613,fd362750-2a33-4ea3-909b-a97dc3c9fd2d,Transformer,PowerTransformer,T3,T3 345kV-230kV,120545,BOARDCRK_5,BOARDCRK,120544,BOARDCRK_SUB,BOARDCRK,T3,BOARDCRK_T3,60112075.0,BOARDCRK_T3,,,T3,Transformer,BOARDCRK_SUB,BOARDCRK_5,BOARDCRK_T3,,duplicate_match,different
589507,cdc5d352-b8c8-4236-ba5f-fae256527157,Branch,ACLineSegment,1,138_TRB_FXT_1 1 1 138kV,38294,TNFOXTAIL_1,TNFXTAIL,38295,TNTARBUSH_1,TARBUSH,1,138_TRB_FXT_1,60012502.0,138_TRB_FXT1,,,1,Line,TNFOXTAIL_1,TNTARBUSH_1,138_TRB_FXT_1,1,duplicate_match,same_element
589507,cdc5d352-b8c8-4236-ba5f-fae256527157,Branch,ACLineSegment,1,138_TRB_FXT_1 1 1 138kV,38294,TNFOXTAIL_1,TNFXTAIL,38295,TNTARBUSH_1,TARBUSH,1,138_TRB_FXT_1,60108972.0,138_TRB_FXT,,,1,Line,TNFOXTAIL_1,TNTARBUSH_1,138_TRB_FXT_1,1,duplicate_match,same_element
597080,51e442bd-3955-41d9-9833-8942876440ee,Transformer,PowerTransformer,1,AT1 138kV-69kV,7751,L_HEADWA8_1Y,HEADWA,7410,L_HEADWA9_1Y,HEADWA,AT1,HEADWA_AT1,60111047.0,HEADWA_AT1,,,1,Transformer,L_HEADWA8_1Y,L_HEADWA9_1Y,HEADWA_AT1,,duplicate_match,different
597080,51e442bd-3955-41d9-9833-8942876440ee,Transformer,PowerTransformer,1,AT1 138kV-69kV,7751,L_HEADWA8_1Y,HEADWA,7410,L_HEADWA9_1Y,HEADWA,AT1,HEADWA_AT1,60037532.0,HEADWA_AT1_L,,,1,Transformer,L_HEADWA9_1Y,L_HEADWA8_1Y,HEADWA_AT1_L,AT1_L,duplicate_match,different
597632,de610eaf-b748-48ed-9de6-88aa999c9f88,Transformer,PowerTransformer,1,FMR1 69kV-138kV,3649,TAYLOR1_9,TAYLR,3658,TAYLOR1_8,TAYLR,FMR1,TAYLR_FMR1,60068639.0,TAYLR_AXFMR1-138,,,1,Transformer,TAYLOR1_8,TAYLOR1_9,TAYLR_AXFMR1-138,AXFMR1-138,duplicate_match,different
597632,de610eaf-b748-48ed-9de6-88aa999c9f88,Transformer,PowerTransformer,1,FMR1 69kV-138kV,3649,TAYLOR1_9,TAYLR,3658,TAYLOR1_8,TAYLR,FMR1,TAYLR_FMR1,60110883.0,TAYLR_AXFMR1-69,,,1,Transformer,TAYLOR1_9,TAYLOR1_8,TAYLR_AXFMR1-69,,duplicate_match,different
598590,1fff9bb0-4489-4010-bbf4-3a4b4ebea69f,Branch,ACLineSegment,1,BB_HK_GIS_1 1 1 138kV,922,HK_GIS,HK_GIS,931,BONBRAE138,BONBRAE,1,BB_HK_GIS_1,60012571.0,BB_HK_NODE,,,1,Line,BONBRAE138,HK_NODE,BB_HK_NODE_1,1,duplicate_match,different
598590,1fff9bb0-4489-4010-bbf4-3a4b4ebea69f,Branch,ACLineSegment,1,BB_HK_GIS_1 1 1 138kV,922,HK_GIS,HK_GIS,931,BONBRAE138,BONBRAE,1,BB_HK_GIS_1,60094239.0,BB_HK_GIS,,,1,Line,HK_GIS,BONBRAE138,BB_HK_GIS_1,1,duplicate_match,different
598591,13bf88d5-0980-4b85-b8e0-6f002e4b603f,Branch,ACLineSegment,1,RDW_HK_GIS_1 1 1 138kV,922,HK_GIS,HK_GIS,930,RDWELLS138,RDWELLS,1,RDW_HK_GIS_1,60012570.0,RDW_HK_NODE,,,1,Line,RDWELLS138,HK_NODE,RDW_HK_NODE_1,1,duplicate_match,different
598591,13bf88d5-0980-4b85-b8e0-6f002e4b603f,Branch,ACLineSegment,1,RDW_HK_GIS_1 1 1 138kV,922,HK_GIS,HK_GIS,930,RDWELLS138,RDWELLS,1,RDW_HK_GIS_1,60094238.0,RDW_HK_GIS,,,1,Line,HK_GIS,RDWELLS138,RDW_HK_GIS_1,1,duplicate_match,different
599380,5a396e8d-4f4e-419b-a023-bc0d23a1d80a,Branch,ACLineSegment,1,69_LWH_BKY_1 1 1 69kV,37420,TNLKWHITNY0,LKWHITNY,37450,TNBUCKEYE_0,BUCKEYE,1,69_LWH_BKY_1,60093142.0,69_LWH_BKY,,,1,Line,TNLKWHITNY0,TNBUCKEYE_0,69_LWH_BKY_1,1,duplicate_match,different
599380,5a396e8d-4f4e-419b-a023-bc0d23a1d80a,Branch,ACLineSegment,1,69_LWH_BKY_1 1 1 69kV,37420,TNLKWHITNY0,LKWHITNY,37450,TNBUCKEYE_0,BUCKEYE,1,69_LWH_BKY_1,60012592.0,69_LWT_BKY,,,1,Line,TNLKWHITNY0,TNBUCKEYE_0,69_LWT_BKY_1,1,duplicate_match,different
602570,6c2997b6-209a-4a63-8733-e173c58fa6b4,Transformer,PowerTransformer,T1,T1A 345kV-125kV,144067,INERTIA_5,INRT_W,144066,INERTIA_T1,INRT_W,T1A,INRT_W_T1A,60112368.0,INRT_W_T1A,,,T1,Transformer,INERTIA_T1,INERTIA_5,INRT_W_T1A,,duplicate_match,different
602570,6c2997b6-209a-4a63-8733-e173c58fa6b4,Transformer,PowerTransformer,T1,T1A 345kV-125kV,144067,INERTIA_5,INRT_W,144066,INERTIA_T1,INRT_W,T1A,INRT_W_T1A,60040116.0,INRT_W_T1A_L,,,T1,Transformer,INERTIA_5,INERTIA_T1,INRT_W_T1A_L,T1A_L,duplicate_match,different
603399,1d93abb8-ce95-4196-a647-30c4d8a5024a,Branch,ACLineSegment,1,FILESSLR_TLINE_1 _1 1 345kV,3389,FORTSMITH_5,FTSSW,152333,FILESSLR_5,FILESSLR,_1,FILESSLR_TLINE__1,60012585.0,FILESSLR_TLINE,,,1,Line,FORTSMITH_5,FILESSLR_5,FILESSLR_TLINE_1,1,duplicate_match,different
603399,1d93abb8-ce95-4196-a647-30c4d8a5024a,Branch,ACLineSegment,1,FILESSLR_TLINE_1 _1 1 345kV,3389,FORTSMITH_5,FTSSW,152333,FILESSLR_5,FILESSLR,_1,FILESSLR_TLINE__1,60092035.0,FILESSLR_TLINE_1,,,1,Line,FILESSLR_5,FORTSMITH_5,FILESSLR_TLINE__1,_1,duplicate_match,different
603719,00344a59-3a88-49c8-8b39-456d0027eadf,Branch,ACLineSegment,1,YNG_WND_TL_1 _1 1 345kV,11523,THOMPRCE_5,TOMSW,152534,YNG_WND_5,YNG_WND,_1,YNG_WND_TL__1,60012599.0,YNG_WND_TL,,,1,Line,THOMPRCE_5,YNG_WND_5,YNG_WND_TL_1,1,duplicate_match,different
603719,00344a59-3a88-49c8-8b39-456d0027eadf,Branch,ACLineSegment,1,YNG_WND_TL_1 _1 1 345kV,11523,THOMPRCE_5,TOMSW,152534,YNG_WND_5,YNG_WND,_1,YNG_WND_TL__1,60092515.0,YNG_WND_TL_1,,,1,Line,YNG_WND_5,THOMPRCE_5,YNG_WND_TL__1,_1,duplicate_match,different
605078,13e91362-1fee-4458-9d75-303299c37758,Branch,ACLineSegment,1,5140_B _B 1 138kV,11070,WILLOWLS_8,WILLO,11378,YANTISRCH_P8,YRPOD,_B,5140__B,60012728.0,6140_B,,,1,Line,WILLOWLS_8,YANTISRCH_P8,6140__B,_B,duplicate_match,different
605078,13e91362-1fee-4458-9d75-303299c37758,Branch,ACLineSegment,1,5140_B _B 1 138kV,11070,WILLOWLS_8,WILLO,11378,YANTISRCH_P8,YRPOD,_B,5140__B,60094878.0,5140_B,,,1,Line,YANTISRCH_P8,WILLOWLS_8,5140__B,_B,duplicate_match,different
608249,f82c82ed-4d8a-4e8c-9e26-f294b90cc1a5,Transformer,PowerTransformer,T1,NPXF 345kV-138kV,59908,NOVA_345,NVAP_345,59998,NOVA8,NVAP_345,NPXF,NVAP_345_NPXF,60111645.0,NVAP_345_NPXF,,,T1,Transformer,NOVA_345,NOVA8,NVAP_345_NPXF,,duplicate_match,different
608249,f82c82ed-4d8a-4e8c-9e26-f294b90cc1a5,Transformer,PowerTransformer,T1,NPXF 345kV-138kV,59908,NOVA_345,NVAP_345,59998,NOVA8,NVAP_345,NPXF,NVAP_345_NPXF,60053387.0,NVAP_345_NPXF_L,,,T1,Transformer,NOVA8,NOVA_345,NVAP_345_NPXF_L,NPXF_L,duplicate_match,different
610535,ed17ad0c-7dc7-494a-b3b7-96d48d03782a,Branch,ACLineSegment,1,CROWN_TLINE_1 _1 1 138kV,3385,COWBAYOU_8,COWSW,151703,CROWN_8,CRWN_SLR,_1,CROWN_TLINE__1,60012680.0,CROWN_TLINE,,,1,Line,COWBAYOU_8,CROWN_8,CROWN_TLINE_1,1,duplicate_match,different
610535,ed17ad0c-7dc7-494a-b3b7-96d48d03782a,Branch,ACLineSegment,1,CROWN_TLINE_1 _1 1 138kV,3385,COWBAYOU_8,COWSW,151703,CROWN_8,CRWN_SLR,_1,CROWN_TLINE__1,60092027.0,CROWN_TLINE_1,,,1,Line,CROWN_8,COWBAYOU_8,CROWN_TLINE__1,_1,duplicate_match,different
610686,780f659a-ea7e-4c95-8193-e508f4a2fa21,Branch,ACLineSegment,1,GOLINDA_TLINE_1 _1 1 138kV,3385,COWBAYOU_8,COWSW,152033,GOLINDA_8,GOLINDA,_1,GOLINDA_TLINE__1,60012681.0,GOLINDA_TLINE,,,1,Line,COWBAYOU_8,GOLINDA_8,GOLINDA_TLINE_1,1,duplicate_match,different
610686,780f659a-ea7e-4c95-8193-e508f4a2fa21,Branch,ACLineSegment,1,GOLINDA_TLINE_1 _1 1 138kV,3385,COWBAYOU_8,COWSW,152033,GOLINDA_8,GOLINDA,_1,GOLINDA_TLINE__1,60092487.0,GOLINDA_TLINE_1,,,1,Line,COWBAYOU_8,GOLINDA_8,GOLINDA_TLINE__1,_1,duplicate_match,different
613864,dee11fc3-f991-4c31-9f35-95d284ee306a,Branch,ACLineSegment,1,LOC_HK_GIS_1 1 1 138kV,922,HK_GIS,HK_GIS,924,LOCUST138,LOCUST_D,1,LOC_HK_GIS_1,60094237.0,LOC_HK_GIS,,,1,Line,HK_GIS,LOCUST138,LOC_HK_GIS_1,1,duplicate_match,different
613864,dee11fc3-f991-4c31-9f35-95d284ee306a,Branch,ACLineSegment,1,LOC_HK_GIS_1 1 1 138kV,922,HK_GIS,HK_GIS,924,LOCUST138,LOCUST_D,1,LOC_HK_GIS_1,60012648.0,LOC_HK_NODE,,,1,Line,LOCUST138,HK_NODE,LOC_HK_NODE_1,1,duplicate_match,different
626358,9a2e5946-52cd-4a20-81a4-e82d80964764,Branch,ACLineSegment,1,MANTLE_NEDIN1_1 1 1 345kV,8059,MANTLE7A,MANTLE,8383,NEDIN7A,NEDIN,1,MANTLE_NEDIN1_1,60012927.0,MANTLE_NEDIN11,,,1,Line,MANTLE7A,NEDIN7A,MANTLE_NEDIN1_1,1,duplicate_match,same_element
626358,9a2e5946-52cd-4a20-81a4-e82d80964764,Branch,ACLineSegment,1,MANTLE_NEDIN1_1 1 1 345kV,8059,MANTLE7A,MANTLE,8383,NEDIN7A,NEDIN,1,MANTLE_NEDIN1_1,60110575.0,MANTLE_NEDIN1,,,1,Line,MANTLE7A,NEDIN7A,MANTLE_NEDIN1_1,1,duplicate_match,same_element
626359,cedf9704-39f4-4baa-83b7-7c836a3653d7,Branch,ACLineSegment,1,BONILL_MANTLE1_1 1 1 345kV,8059,MANTLE7A,MANTLE,8573,BONILLA7A,BONILLA,1,BONILL_MANTLE1_1,60110576.0,BONILL_MANTLE1,,,1,Line,MANTLE7A,BONILLA7A,BONILL_MANTLE1_1,1,duplicate_match,same_element
626359,cedf9704-39f4-4baa-83b7-7c836a3653d7,Branch,ACLineSegment,1,BONILL_MANTLE1_1 1 1 345kV,8059,MANTLE7A,MANTLE,8573,BONILLA7A,BONILLA,1,BONILL_MANTLE1_1,60012928.0,BONILL_MANTLE11,,,1,Line,MANTLE7A,BONILLA7A,BONILL_MANTLE1_1,1,duplicate_match,same_element
639261,20bdc495-d675-42c5-8874-62cbb38090e6,Branch,ACLineSegment,1,EBELLSLR_TLINE_1 _1 1 345kV,3704,HOGCREEK_5,HOGSW,170823,EBELLSLR_5,EBELLSLR,_1,EBELLSLR_TLINE__1,60092032.0,EBELLSLR_TLINE_1,,,1,Line,HOGCREEK_5,EBELLSLR_5,EBELLSLR_TLINE__1,_1,duplicate_match,different
639261,20bdc495-d675-42c5-8874-62cbb38090e6,Branch,ACLineSegment,1,EBELLSLR_TLINE_1 _1 1 345kV,3704,HOGCREEK_5,HOGSW,170823,EBELLSLR_5,EBELLSLR,_1,EBELLSLR_TLINE__1,60012848.0,EBELLSLR_TLINE,,,1,Line,HOGCREEK_5,EBELLSLR_5,EBELLSLR_TLINE_1,1,duplicate_match,different
639857,bbce684a-7fca-4efd-ad9d-ac80e800b97b,Branch,ACLineSegment,1,CORALSLR_TLINE_1 _1 1 138kV,3702,RIESEL_8,RIESW,153195,CORAL_8,CORALSLR,_1,CORALSLR_TLINE__1,60092026.0,CORALSLR_TLINE_1,,,1,Line,RIESEL_8,CORAL_8,CORALSLR_TLINE__1,_1,duplicate_match,different
639857,bbce684a-7fca-4efd-ad9d-ac80e800b97b,Branch,ACLineSegment,1,CORALSLR_TLINE_1 _1 1 138kV,3702,RIESEL_8,RIESW,153195,CORAL_8,CORALSLR,_1,CORALSLR_TLINE__1,60012894.0,CORALSLR_TLINE,,,1,Line,RIESEL_8,CORAL_8,CORALSLR_TLINE_1,1,duplicate_match,different
648671,5129f175-e496-4ad7-858a-543c7c556f45,Branch,ACLineSegment,1,1156T379_1 1 1 138kV,7149,L_FREDER8_1Y,FREDER,7752,L_PEACH_8_1Y,PEACH,1,56T379_1,60001726.0,56T3791,,,1,Line,L_PEACH_8_1Y,L_FREDER8_1Y,56T379_1,1,duplicate_match,different
648671,5129f175-e496-4ad7-858a-543c7c556f45,Branch,ACLineSegment,1,1156T379_1 1 1 138kV,7149,L_FREDER8_1Y,FREDER,7752,L_PEACH_8_1Y,PEACH,1,56T379_1,60088912.0,1156T379,,,1,Line,L_FREDER8_1Y,L_PEACH_8_1Y,1156T379_1,1,duplicate_match,different
649725,c9f6cd95-e2e1-45a4-8f9e-2ea400932ca3,Branch,ACLineSegment,1,PALE_ESS_TLINE_1 _1 1 345kV,23920,BLKWTRDR_5,BWDSW,143902,PALE_ESS_5,PALE_ESS,_1,PALE_ESS_TLINE__1,60092494.0,PALE_ESS_TLINE_1,,,1,Line,BLKWTRDR_5,PALE_ESS_5,PALE_ESS_TLINE__1,_1,duplicate_match,different
649725,c9f6cd95-e2e1-45a4-8f9e-2ea400932ca3,Branch,ACLineSegment,1,PALE_ESS_TLINE_1 _1 1 345kV,23920,BLKWTRDR_5,BWDSW,143902,PALE_ESS_5,PALE_ESS,_1,PALE_ESS_TLINE__1,60088886.0,PALE_ESS_TLINE,,,1,Line,BLKWTRDR_5,PALE_ESS_5,PALE_ESS_TLINE_1,1,duplicate_match,different
654388,0839ee5b-fb48-4019-b305-c80a1c5be249,Branch,ACLineSegment,1,14045_B _B 1 138kV,11337,POLECAT1_8,PCTSW,11350,WRGRN_P8,WRPOD,_B,14045__B,60012963.0,14040_I,,,1,Line,POLECAT1_8,WRGRN_P8,14040__I,_I,duplicate_match,different
654388,0839ee5b-fb48-4019-b305-c80a1c5be249,Branch,ACLineSegment,1,14045_B _B 1 138kV,11337,POLECAT1_8,PCTSW,11350,WRGRN_P8,WRPOD,_B,14045__B,60095567.0,14045_B,,,1,Line,WRGRN_P8,POLECAT1_8,14045__B,_B,duplicate_match,different
655566,65eca0ed-e701-44fb-b251-b6d4f0a3972b,Branch,ACLineSegment,1,CRSW-CHAL_SLR_1 _1 1 138kV,11224,CRATERCK_8,CRKSW,135983,CHAL_SLR_8,CHAL_SLR,_1,CRSW-CHAL_SLR__1,60088883.0,CRSW-CHAL_SLR,,,1,Line,CRATERCK_8,CHAL_SLR_8,CRSW-CHAL_SLR_1,1,duplicate_match,different
655566,65eca0ed-e701-44fb-b251-b6d4f0a3972b,Branch,ACLineSegment,1,CRSW-CHAL_SLR_1 _1 1 138kV,11224,CRATERCK_8,CRKSW,135983,CHAL_SLR_8,CHAL_SLR,_1,CRSW-CHAL_SLR__1,60092477.0,CRSW-CHAL_SLR_1,,,1,Line,CHAL_SLR_8,CRATERCK_8,CRSW-CHAL_SLR__1,_1,duplicate_match,different
657636,22133e18-496c-4b11-8c2f-684d69006a1a,Branch,ACLineSegment,1,1805_A _A 1 138kV,2721,TERRLSW_8,TRLSW,900294,ROYSE3_8,RYSSW,_A,1805__A,60103529.0,1805_A,,,1,Line,TERRLSW_8,ROYSE3_8,1805__A,_A,duplicate_match,different
657636,22133e18-496c-4b11-8c2f-684d69006a1a,Branch,ACLineSegment,1,1805_A _A 1 138kV,2721,TERRLSW_8,TRLSW,900294,ROYSE3_8,RYSSW,_A,1805__A,60000592.0,1705_A,,,1,Line,ROYSE_A8,ABLSPRG_T8,1705__A,_A,duplicate_match,different
665571,926a5d6a-b8d9-497b-ac45-fa5b82fabd89,Branch,ACLineSegment,1,HUTT_SW_DRIVER_1 _1 1 138kV,23863,DRIVER,DRIVER,136234,PION_DJ_8_2,HUTT_SW,_1,HUTT_SW_DRIVER__1,60092488.0,HUTT_SW_DRIVER_1,,,1,Line,DRIVER,PION_DJ_8_2,HUTT_SW_DRIVER__1,_1,duplicate_match,different
665571,926a5d6a-b8d9-497b-ac45-fa5b82fabd89,Branch,ACLineSegment,1,HUTT_SW_DRIVER_1 _1 1 138kV,23863,DRIVER,DRIVER,136234,PION_DJ_8_2,HUTT_SW,_1,HUTT_SW_DRIVER__1,60088885.0,HUTT_SW_DRIVER,,,1,Line,DRIVER,PION_DJ_8_2,HUTT_SW_DRIVER_1,1,duplicate_match,different
672490,450eb860-b024-4d10-b9e9-b03847c930a8,Branch,ACLineSegment,1,HMNG_ESS_TLINE_1 _1 1 345kV,1730,W_KRUM_5,KRWSW,153342,HMNG_ESS_5,HMNG_ESS,_1,HMNG_ESS_TLINE__1,60092036.0,HMNG_ESS_TLINE_1,,,1,Line,HMNG_ESS_5,W_KRUM_5,HMNG_ESS_TLINE__1,_1,duplicate_match,different
672490,450eb860-b024-4d10-b9e9-b03847c930a8,Branch,ACLineSegment,1,HMNG_ESS_TLINE_1 _1 1 345kV,1730,W_KRUM_5,KRWSW,153342,HMNG_ESS_5,HMNG_ESS,_1,HMNG_ESS_TLINE__1,60089154.0,HMNG_ESS_TLINE,,,1,Line,W_KRUM_5,HMNG_ESS_5,HMNG_ESS_TLINE_1,1,duplicate_match,different
673082,7db3d930-fe84-4887-a256-e2ce7cfbbbcf,Branch,ACLineSegment,1,1226T287_1 1 1 69kV,7130,L_GILLES9_1Y,GILLES,7413,L_GOEHTA9_1Y,GOEHTA,1,226T287_1,60000884.0,226T2871,,,1,Line,L_GOEHTA9_1Y,L_GILLES9_1Y,226T287_1,1,duplicate_match,different
673082,7db3d930-fe84-4887-a256-e2ce7cfbbbcf,Branch,ACLineSegment,1,1226T287_1 1 1 69kV,7130,L_GILLES9_1Y,GILLES,7413,L_GOEHTA9_1Y,GOEHTA,1,226T287_1,60088872.0,1226T287,,,1,Line,L_GILLES9_1Y,L_GOEHTA9_1Y,1226T287_1,1,duplicate_match,different
698927,3d0cff11-68f3-4e01-b736-3924daabcafb,Branch,ACLineSegment,1,GIRVTP_TIERR_1 1 1 345kV,860,GPL_GIRVINSW,GIRVINSW,136347,TRBT_SLR_5,TRBT_SLR,1,GIRVSW_TIERR_1,60091678.0,GIRVTP_TIERR,,,1,Line,GPL_GIRVINTP,TRBT_SLR_5,GIRVTP_TIERR_1,1,duplicate_match,different
698927,3d0cff11-68f3-4e01-b736-3924daabcafb,Branch,ACLineSegment,1,GIRVTP_TIERR_1 1 1 345kV,860,GPL_GIRVINSW,GIRVINSW,136347,TRBT_SLR_5,TRBT_SLR,1,GIRVSW_TIERR_1,60114891.0,GIRVSW_TIERR1,,,1,Line,GPL_GIRVINSW,TRBT_SLR_5,GIRVSW_TIERR_1,1,duplicate_match,different
702593,fbb91f19-24c8-40b9-ba75-9d2b52e38081,Branch,ACLineSegment,1,14060_G _G 1 138kV,18674,HARTRING1_8,HARTR,23866,RINGO,RINGO,_G,14060__G,60104568.0,14060_G,,,1,Line,HARTRING1_8,RINGO,14060__G,_G,duplicate_match,different
702593,fbb91f19-24c8-40b9-ba75-9d2b52e38081,Branch,ACLineSegment,1,14060_G _G 1 138kV,18674,HARTRING1_8,HARTR,23866,RINGO,RINGO,_G,14060__G,60091192.0,16030_C,,,1,Line,HARTRING1_8,RINGO,16030__C,_C,duplicate_match,different
702594,df03ad7b-e94b-4b22-a0cc-f742f18877c7,Branch,ACLineSegment,2,14061_G _G 2 138kV,18675,HARTRING2_8,HARTR,23866,RINGO,RINGO,_G,14061__G,60091194.0,16035_B,,,2,Line,RINGO,HARTRING1_8,16035__B,_B,duplicate_match,different
702594,df03ad7b-e94b-4b22-a0cc-f742f18877c7,Branch,ACLineSegment,2,14061_G _G 2 138kV,18675,HARTRING2_8,HARTR,23866,RINGO,RINGO,_G,14061__G,60104569.0,14061_G,,,2,Line,RINGO,HARTRING2_8,14061__G,_G,duplicate_match,different
706409,94845ad5-cab8-4728-bab5-2a17ada35680,Transformer,PowerTransformer,1,GCK1 138kV-69kV,286,GREENCK,GREENCK,33287,GREENCKSB,GREENCK,GCK1,GREENCK_GCK1,60091867.0,GREENCK_GCK1_L,,,1,Transformer,GREENCK,GREENCK9,GREENCK_GCK1_L,GCK1_L,duplicate_match,different
706409,94845ad5-cab8-4728-bab5-2a17ada35680,Transformer,PowerTransformer,1,GCK1 138kV-69kV,286,GREENCK,GREENCK,33287,GREENCKSB,GREENCK,GCK1,GREENCK_GCK1,60091866.0,GREENCK_GCK1,,,1,Transformer,GREENCK,GREENCK9,GREENCK_GCK1,GCK1,duplicate_match,different
706410,df40882f-a5f9-4695-bd66-6d924d1e1af0,Transformer,PowerTransformer,2,GCK2 138kV-69kV,286,GREENCK,GREENCK,33286,GREENCK9,GREENCK,GCK2,GREENCK_GCK2,60110606.0,GREENCK_GCK2,,,2,Transformer,GREENCK,GREENCK9,GREENCK_GCK2,,duplicate_match,different
706410,df40882f-a5f9-4695-bd66-6d924d1e1af0,Transformer,PowerTransformer,2,GCK2 138kV-69kV,286,GREENCK,GREENCK,33286,GREENCK9,GREENCK,GCK2,GREENCK_GCK2,60091869.0,GREENCK_GCK2_L,,,2,Transformer,GREENCK9,GREENCK,GREENCK_GCK2_L,GCK2_L,duplicate_match,different
706817,fc7c6e9c-2983-4860-83bd-18eaa8ec05ce,Branch,ACLineSegment,1,69_KST_WBL_1 1 1 69kV,38270,TNWNDBLWN_0,WNDBLOWN,38290,TNKEYSTONE0,KEYSTONE,1,69_KST_WBL_1,60093146.0,66_KST_WBL,,,1,Line,TNWNDBLWN_0,TNKEYSTONE0,66_KST_WBL_1,1,duplicate_match,different
706817,fc7c6e9c-2983-4860-83bd-18eaa8ec05ce,Branch,ACLineSegment,1,69_KST_WBL_1 1 1 69kV,38270,TNWNDBLWN_0,WNDBLOWN,38290,TNKEYSTONE0,KEYSTONE,1,69_KST_WBL_1,60095295.0,69_KST_WBL,,,1,Line,TNWNDBLWN_0,TNKEYSTONE0,69_KST_WBL_1,1,duplicate_match,different
706818,d9595273-c330-44f0-9ad2-961a3fb4dce7,Branch,ACLineSegment,1,69_KRT_WBL_1 1 1 69kV,38260,TNKERMTTP_0,KERMITTP,38270,TNWNDBLWN_0,WNDBLOWN,1,69_KRT_WBL_1,60095294.0,69_KRT_WBL,,,1,Line,TNKERMTTP_0,TNWNDBLWN_0,69_KRT_WBL_1,1,duplicate_match,different
706818,d9595273-c330-44f0-9ad2-961a3fb4dce7,Branch,ACLineSegment,1,69_KRT_WBL_1 1 1 69kV,38260,TNKERMTTP_0,KERMITTP,38270,TNWNDBLWN_0,WNDBLOWN,1,69_KRT_WBL_1,60093145.0,66_KRT_WBL,,,1,Line,TNKERMTTP_0,TNWNDBLWN_0,66_KRT_WBL_1,1,duplicate_match,different
706819,37d0146c-cd13-4eda-b628-81433d4dd877,Branch,ACLineSegment,1,69_WNK_WBL_1 1 1 69kV,37920,TNWINK____0,WINK,38270,TNWNDBLWN_0,WNDBLOWN,1,69_WNK_WBL_1,60093144.0,66_WNK_WBL,,,1,Line,TNWINK____0,TNWNDBLWN_0,66_WNK_WBL_1,1,duplicate_match,different
706819,37d0146c-cd13-4eda-b628-81433d4dd877,Branch,ACLineSegment,1,69_WNK_WBL_1 1 1 69kV,37920,TNWINK____0,WINK,38270,TNWNDBLWN_0,WNDBLOWN,1,69_WNK_WBL_1,60095292.0,69_WNK_WBL,,,1,Line,TNWINK____0,TNWNDBLWN_0,69_WNK_WBL_1,1,duplicate_match,different
712718,ebe8e9b6-a361-43ea-b851-3eff47fee28c,Transformer,PowerTransformer,1,BKJK 138kV-69kV,37681,TNBLACKJAK1,BLCKJACK,37682,TNBLACKJAK0,BLCKJACK,BKJK,BLCKJACK_BKJK,60092616.0,BLCKJACK_BKJK_L,,,1,Transformer,TNBLACKJAK1,TNBLACKJAK0,BLCKJACK_BKJK_L,BKJK_L,duplicate_match,different
712718,ebe8e9b6-a361-43ea-b851-3eff47fee28c,Transformer,PowerTransformer,1,BKJK 138kV-69kV,37681,TNBLACKJAK1,BLCKJACK,37682,TNBLACKJAK0,BLCKJACK,BKJK,BLCKJACK_BKJK,60111396.0,BLCKJACK_BKJK,,,1,Transformer,TNBLACKJAK0,TNBLACKJAK1,BLCKJACK_BKJK,,duplicate_match,different
714955,9d005bad-b35b-417d-b889-5f00519ac9b0,Branch,ACLineSegment,1,6385_A _A 1 138kV,1619,COLNYCRK_8,CLCRK,3724,GHOSTTOWN_8,GTNSW,_A,6385__A,60092541.0,6360_H,,,1,Line,COLNYCRK_8,GHOSTTOWN_8,6360__H,_H,duplicate_match,different
714955,9d005bad-b35b-417d-b889-5f00519ac9b0,Branch,ACLineSegment,1,6385_A _A 1 138kV,1619,COLNYCRK_8,CLCRK,3724,GHOSTTOWN_8,GTNSW,_A,6385__A,60093160.0,6385_A,,,1,Line,COLNYCRK_8,GHOSTTOWN_8,6385__A,_A,duplicate_match,different
715048,df3a3fda-4647-4e75-8062-e6b48925949c,Branch,ACLineSegment,1,SCHOTT_SUNIL1_1 1 1 138kV,84061,SUNNILN4A,SUNNILAN,85071,SCHOTKY4A,SCHOTTKY,1,SCHOTT_SUNNIL1_1,60094863.0,SCHOTT_SUNIL1,,,1,Line,SUNNILN4A,SCHOTKY4A,SCHOTT_SUNIL1_1,1,duplicate_match,different
715048,df3a3fda-4647-4e75-8062-e6b48925949c,Branch,ACLineSegment,1,SCHOTT_SUNIL1_1 1 1 138kV,84061,SUNNILN4A,SUNNILAN,85071,SCHOTKY4A,SCHOTTKY,1,SCHOTT_SUNNIL1_1,60009734.0,SCHOTT_SUNNIL11,,,1,Line,SCHOTKY4A,SUNNILN4A,SCHOTT_SUNNIL1_1,1,duplicate_match,different
717071,ee10b78d-1203-4541-814b-6f48f7216720,Transformer,PowerTransformer,3,FMR3 69kV-138kV,11004,RANGER9,RGRSW,10050,RANGER_8,RGRSW,FMR3,RGRSW_FMR3,60111167.0,RGRSW_AXFMR3-69,,,3,Transformer,RANGER_8,RANGER9,RGRSW_AXFMR3-69,,duplicate_match,different
717071,ee10b78d-1203-4541-814b-6f48f7216720,Transformer,PowerTransformer,3,FMR3 69kV-138kV,11004,RANGER9,RGRSW,10050,RANGER_8,RGRSW,FMR3,RGRSW_FMR3,60092942.0,RGRSW_AXFMR3-138,,,3,Transformer,RANGER_8,RANGER9,RGRSW_AXFMR3-138,AXFMR3-138,duplicate_match,different
722180,f3f5fff9-5af3-416d-b2b7-9ccf0d329d7e,Branch,ACLineSegment,1,1627T627_1 1 1 138kV,78015,L_ROSICR8_1Y,ROSICR,78016,L_SUNGLO8_1Y,SUNGLO,1,627T627_1,60095302.0,1627T627,,,1,Line,L_ROSICR8_1Y,L_SUNGLO8_1Y,1627T627_1,1,duplicate_match,different
722180,f3f5fff9-5af3-416d-b2b7-9ccf0d329d7e,Branch,ACLineSegment,1,1627T627_1 1 1 138kV,78015,L_ROSICR8_1Y,ROSICR,78016,L_SUNGLO8_1Y,SUNGLO,1,627T627_1,60008121.0,627T6271,,,1,Line,L_ROSICR8_1Y,L_SUNGLO8_1Y,627T627_1,1,duplicate_match,different
726797,404f7b0d-c9b6-47af-8c98-4676ec25f3ac,Branch,ACLineSegment,1,6136_A _A 1 138kV,10044,STEER_8,STEER,11316,ONEMILE_8,ONESW,_A,6136__A,60093273.0,6136_Z,,,1,Line,ONEMILE_8,STEER_8,6136__Z,_Z,duplicate_match,different
726797,404f7b0d-c9b6-47af-8c98-4676ec25f3ac,Branch,ACLineSegment,1,6136_A _A 1 138kV,10044,STEER_8,STEER,11316,ONEMILE_8,ONESW,_A,6136__A,60098838.0,6136_A,,,1,Line,ONEMILE_8,STEER_8,6136__A,_A,duplicate_match,different
731221,12f5f2d5-35cc-4453-b3ee-9dcaa963adfb,Branch,ACLineSegment,1,1413T413_1 1 1 138kV,7521,L_FLOREN8_1Y,FLOREN,7523,L_GLASSC8_1Y,GLASSC,1,413T413_1,60095273.0,1413T413,,,1,Line,L_FLOREN8_1Y,L_GLASSC8_1Y,1413T413_1,1,duplicate_match,different
731221,12f5f2d5-35cc-4453-b3ee-9dcaa963adfb,Branch,ACLineSegment,1,1413T413_1 1 1 138kV,7521,L_FLOREN8_1Y,FLOREN,7523,L_GLASSC8_1Y,GLASSC,1,413T413_1,60001518.0,413T4131,,,1,Line,L_GLASSC8_1Y,L_FLOREN8_1Y,413T413_1,1,duplicate_match,different
732128,e33cd68e-c234-425e-a220-e38fb4133c09,Transformer,PowerTransformer,1,MR1 345kV-138kV,5231,HOWARD_5,HOWARD,5230,HOWARD,HOWARD,MR1,HOWARD_MR1,60095669.0,HOWARD_MR1,,,1,Transformer,HOWARD,HOWARD_5,HOWARD_MR1,MR1,duplicate_match,different
732128,e33cd68e-c234-425e-a220-e38fb4133c09,Transformer,PowerTransformer,1,MR1 345kV-138kV,5231,HOWARD_5,HOWARD,5230,HOWARD,HOWARD,MR1,HOWARD_MR1,60095670.0,HOWARD_MR1_L,,,1,Transformer,HOWARD,HOWARD_5,HOWARD_MR1_L,MR1_L,duplicate_match,different
732137,e548ffaf-c420-46be-971e-434505c83ac6,Transformer,PowerTransformer,2,MR2 345kV-138kV,5231,HOWARD_5,HOWARD,5230,HOWARD,HOWARD,MR2,HOWARD_MR2,60095671.0,HOWARD_MR2,,,2,Transformer,HOWARD,HOWARD_5,HOWARD_MR2,MR2,duplicate_match,different
732137,e548ffaf-c420-46be-971e-434505c83ac6,Transformer,PowerTransformer,2,MR2 345kV-138kV,5231,HOWARD_5,HOWARD,5230,HOWARD,HOWARD,MR2,HOWARD_MR2,60095672.0,HOWARD_MR2_L,,,2,Transformer,HOWARD,HOWARD_5,HOWARD_MR2_L,MR2_L,duplicate_match,different
741116,a830c02a-3a5b-4582-971f-d33484759e44,Transformer,PowerTransformer,2,TRF2 69kV-138kV,222,TRUMBULL9,TRU,221,TRUMBULL8,TRU,TRF2,TRU_TRF2,60095183.0,TRU_TRF2,,,2,Transformer,TRUMBULL9,TRUMBULL8,TRU_TRF2,TRF2,duplicate_match,different
741116,a830c02a-3a5b-4582-971f-d33484759e44,Transformer,PowerTransformer,2,TRF2 69kV-138kV,222,TRUMBULL9,TRU,221,TRUMBULL8,TRU,TRF2,TRU_TRF2,60095184.0,TRU_TRF2_L,,,2,Transformer,TRUMBULL8,TRUMBULL9,TRU_TRF2_L,TRF2_L,duplicate_match,different
741869,3543de96-35d6-4d4c-bf46-f1a1b1d4dd7f,Branch,ACLineSegment,1,67T280_1 1 1 138kV,7146,L_VERDCR8_1Y,VERDCR,7436,L_RIOLAG8_1Y,RIOLAG,1,67T280_1,60002420.0,67T2801,,,1,Line,L_VERDCR8_1Y,L_RIOLAG8_1Y,67T280_1,1,duplicate_match,different
741869,3543de96-35d6-4d4c-bf46-f1a1b1d4dd7f,Branch,ACLineSegment,1,67T280_1 1 1 138kV,7146,L_VERDCR8_1Y,VERDCR,7436,L_RIOLAG8_1Y,RIOLAG,1,67T280_1,60096995.0,167T280,,,1,Line,L_VERDCR8_1Y,L_RIOLAG8_1Y,167T280_1,1,duplicate_match,different
741970,f1afd0f5-d69f-472c-8105-18089ba53e31,Branch,ACLineSegment,1,1668T668_1 1 1 138kV,7321,L_ELGISW8_1Y,ELGISW,7337,L_KIMBRO8_1Y,KIMBRO,1,668T668_1,60096997.0,1668T668,,,1,Line,L_ELGISW8_1Y,L_KIMBRO8_1Y,1668T668_1,1,duplicate_match,different
741970,f1afd0f5-d69f-472c-8105-18089ba53e31,Branch,ACLineSegment,1,1668T668_1 1 1 138kV,7321,L_ELGISW8_1Y,ELGISW,7337,L_KIMBRO8_1Y,KIMBRO,1,668T668_1,60011211.0,668T6681,,,1,Line,L_KIMBRO8_1Y,L_ELGISW8_1Y,668T668_1,1,duplicate_match,different
742409,4dd9fe37-5cb6-4369-bd8d-2fdc0fb60ad8,Branch,ACLineSegment,1,1203T260_1 1 1 138kV,7321,L_ELGISW8_1Y,ELGISW,7324,L_BUTLER8_1Y,BUTLER,1,203T260_1,60096996.0,1203T260,,,1,Line,L_ELGISW8_1Y,L_BUTLER8_1Y,1203T260_1,1,duplicate_match,different
742409,4dd9fe37-5cb6-4369-bd8d-2fdc0fb60ad8,Branch,ACLineSegment,1,1203T260_1 1 1 138kV,7321,L_ELGISW8_1Y,ELGISW,7324,L_BUTLER8_1Y,BUTLER,1,203T260_1,60000781.0,203T2601,,,1,Line,L_ELGISW8_1Y,L_BUTLER8_1Y,203T260_1,1,duplicate_match,different
747861,00199401-0161-45e7-94ef-f11a787d98c5,Branch,ACLineSegment,1,1267_A _A 1 138kV,32,ROBERTSON,RBS,3707,CANNON_8,CANSW,_A,1267__A,60113935.0,1267_A,,,1,Line,ROBERTSON,CANNON_8,1267__A,_A,duplicate_match,different
747861,00199401-0161-45e7-94ef-f11a787d98c5,Branch,ACLineSegment,1,1267_A _A 1 138kV,32,ROBERTSON,RBS,3707,CANNON_8,CANSW,_A,1267__A,60096324.0,1261_E,,,1,Line,CANNON_8,ROBERTSON,1261__E,_E,duplicate_match,different
754624,c04875cb-d5e3-40cf-a8ef-af8c7633b83e,Branch,ACLineSegment,2,1996T437_1 1 2 138kV,8452,LON_HILL4A,LON_HILL,78568,L_SAXET_8_2Y,SAXET,1,996T437_1,60097050.0,1996T4371,,,2,Line,LON_HILL4A,L_SAXET8_1Y,1996T437_1,1,duplicate_match,different
754624,c04875cb-d5e3-40cf-a8ef-af8c7633b83e,Branch,ACLineSegment,2,1996T437_1 1 2 138kV,8452,LON_HILL4A,LON_HILL,78568,L_SAXET_8_2Y,SAXET,1,996T437_1,60008722.0,996T4371,,,2,Line,LON_HILL4A,L_SAXET_8_2Y,996T437_1,1,duplicate_match,different
768792,7681ea82-2a52-4122-bf4f-040dab22a943,Transformer,PowerTransformer,2,PRY2 138kV-69kV,91,PERRY8,PRY,92,PERRY9,PRY,PRY2,PRY_PRY2,60102373.0,PRY_PRY2_L,,,2,Transformer,PERRY8,PERRY9,PRY_PRY2_L,PRY2_L,duplicate_match,different
768792,7681ea82-2a52-4122-bf4f-040dab22a943,Transformer,PowerTransformer,2,PRY2 138kV-69kV,91,PERRY8,PRY,92,PERRY9,PRY,PRY2,PRY_PRY2,60110598.0,PRY_PRY2,,,2,Transformer,PERRY9,PERRY8,PRY_PRY2,,duplicate_match,different
824576,731a2e54-1b36-4420-b55e-fe4c8996d851,Transformer,PowerTransformer,1,FMR1 69kV-138kV,3584,WACOATCO_1_9,WATTP,3592,WACOATCO1_8,WATTP,FMR1,WATTP_FMR1,60100634.0,WATTP_AXFMR1-69,,,1,Transformer,WACOATCO_1_9,WACOATCO2_8,WATTP_AXFMR1-69,AXFMR1-69,duplicate_match,different
824576,731a2e54-1b36-4420-b55e-fe4c8996d851,Transformer,PowerTransformer,1,FMR1 69kV-138kV,3584,WACOATCO_1_9,WATTP,3592,WACOATCO1_8,WATTP,FMR1,WATTP_FMR1,60100633.0,WATTP_AXFMR1-138,,,1,Transformer,WACOATCO2_8,WACOATCO_1_9,WATTP_AXFMR1-138,AXFMR1-138,duplicate_match,different
827121,b27ee8f2-9a57-4be7-a3b1-1ac2bc413078,Branch,ACLineSegment,1,510T510_1 1 1 345kV,7041,L_JOHNDU5_1Y,JOHNDU,7341,L_LIMMER5_1Y,LIMMER,1,510T510_1,60104560.0,510T5101,,,1,Line,L_JOHNDU5_1Y,L_LIMMER5_1Y,510T510_1,1,duplicate_match,different
827121,b27ee8f2-9a57-4be7-a3b1-1ac2bc413078,Branch,ACLineSegment,1,510T510_1 1 1 345kV,7041,L_JOHNDU5_1Y,JOHNDU,7341,L_LIMMER5_1Y,LIMMER,1,510T510_1,60100818.0,1510T5101,,,1,Line,L_LIMMER5_1Y,L_JOHNDU5_1Y,1510T510_1,1,duplicate_match,different
827239,e3a9fb93-c297-4641-bc2e-aff10e2e41c3,Branch,ACLineSegment,1,160T601_1 1 1 138kV,7195,L_CLEAFO8_1Y,CLEAFO,7216,L_LOCKHA8_1Y,LOCKHA,1,601T601_1,60103495.0,1601T601,,,1,Line,L_CLEAFO8_1Y,L_LOCKHA8_1Y,1601T601_1,1,duplicate_match,different
827239,e3a9fb93-c297-4641-bc2e-aff10e2e41c3,Branch,ACLineSegment,1,160T601_1 1 1 138kV,7195,L_CLEAFO8_1Y,CLEAFO,7216,L_LOCKHA8_1Y,LOCKHA,1,601T601_1,60114819.0,601T6011,,,1,Line,L_LOCKHA8_1Y,L_CLEAFO8_1Y,601T601_1,1,duplicate_match,different
828947,027d4851-c7f2-4e70-a933-7e6770735143,Transformer,PowerTransformer,1,TR2 138kV-69kV,8044,TIDEHAVN4A,TIDEHAVE,8666,TIDEHAVN2A,TIDEHAVE,TR2,TIDEHAVE_TR2,60111058.0,TIDEHAVE_TR2,,,1,Transformer,TIDEHAVN4A,TIDEHAVN2A,TIDEHAVE_TR2,,duplicate_match,different
828947,027d4851-c7f2-4e70-a933-7e6770735143,Transformer,PowerTransformer,1,TR2 138kV-69kV,8044,TIDEHAVN4A,TIDEHAVE,8666,TIDEHAVN2A,TIDEHAVE,TR2,TIDEHAVE_TR2,60101276.0,TIDEHAVE_TR2_L,,,1,Transformer,TIDEHAVN4A,TIDEHAVN2A,TIDEHAVE_TR2_L,TR2_L,duplicate_match,different
830009,4d816f22-31ca-4317-9c71-9f7a271f834b,Branch,SeriesCompensator,3,1,40912,KING__86T2_8,KG,48182,KING__86TP_8,KG,1,KG3TAP86_1,60103508.0,KG3TAP94,,,3,Line,KING__86T2_8,KING__94TPC8,KG3TAP94_1,1,duplicate_match,different
830009,4d816f22-31ca-4317-9c71-9f7a271f834b,Branch,SeriesCompensator,3,1,40912,KING__86T2_8,KG,48182,KING__86TP_8,KG,1,KG3TAP86_1,60113292.0,KG3TAP861,,,3,Line,KING__86TP_8,KING__86T2_8,KG3TAP86_1,1,duplicate_match,different
833399,235be81b-a0e3-4608-adb4-74a88739ba6f,Transformer,PowerTransformer,1,XF1H 138kV-1kV,6158,ASPM4A,ASPM,6157,ASP1DUM,ASPM,XF1H,ASPM_XF1H,60103584.0,ASPM_XF1H,,,1,Transformer,ASP1DUM,ASPM4A,ASPM_XF1H,XF1H,duplicate_match,different
833399,235be81b-a0e3-4608-adb4-74a88739ba6f,Transformer,PowerTransformer,1,XF1H 138kV-1kV,6158,ASPM4A,ASPM,6157,ASP1DUM,ASPM,XF1H,ASPM_XF1H,60102039.0,HRMS_SLR_SW52T1_345_OldTeid,,,1,disconnector,HRMS_SLR_5,,HRMS_SLR_SW52T1_345_OldTeid,SW52T1,duplicate_match,different
833817,dd6b5c10-82c4-4244-9ab1-5a9af157e7ed,Branch,ACLineSegment,2,6525_A _A 2 138kV,1027,ODESEHV_8,ODEHV,18545,REITER_8,RTRSW,_A,6525__A,60002226.0,6525_A,,,2,Line,ODESEHV_8,REITER_8,6525__A,_A,duplicate_match,same_element
833817,dd6b5c10-82c4-4244-9ab1-5a9af157e7ed,Branch,ACLineSegment,2,6525_A _A 2 138kV,1027,ODESEHV_8,ODEHV,18545,REITER_8,RTRSW,_A,6525__A,60110565.0,6525,,,2,Line,ODESEHV_8,REITER_8,6525__A,_A,duplicate_match,same_element
837662,c37a7e1e-8e65-46aa-8ff6-66cf953a88c0,Branch,ACLineSegment,66,BOHEAS66_A A 66 138kV,40690,EASTGA_POI_8,EAS,40970,BOHEMI_POI_8,BOH,A,BOHEAS66_A,60113899.0,BOHEAS66A,,,66,Line,BOHEMI_POI_8,EASTGA_POI_8,BOHEAS66_A,A,duplicate_match,different
837662,c37a7e1e-8e65-46aa-8ff6-66cf953a88c0,Branch,ACLineSegment,66,BOHEAS66_A A 66 138kV,40690,EASTGA_POI_8,EAS,40970,BOHEMI_POI_8,BOH,A,BOHEAS66_A,60104080.0,BOHEAS_66,,,66,Line,EASTGA_POI_8,BOHEMI_POI_8,BOHEAS_66_A,A,duplicate_match,different
846315,efe969b8-aab2-4c03-a7f5-80a09837044d,Transformer,PowerTransformer,1,XFRM 138kV-69kV,2344,FERRIS_8,FERIS,2342,FERRISSW_9,FERIS,XFRM,FERIS_XFRM,60110778.0,FERIS_XFRM,,,1,Transformer,FERRIS_8,FERRISSW_9,FERIS_XFRM,,duplicate_match,different
846315,efe969b8-aab2-4c03-a7f5-80a09837044d,Transformer,PowerTransformer,1,XFRM 138kV-69kV,2344,FERRIS_8,FERIS,2342,FERRISSW_9,FERIS,XFRM,FERIS_XFRM,60101921.0,FERIS_XFRM_L,,,1,Transformer,FERRISSW_9,FERRIS_8,FERIS_XFRM_L,XFRM_L,duplicate_match,different
846798,65a16f9f-2dc4-4e2b-9c55-ff16a4ef5160,Branch,ACLineSegment,1,1519T519_1 1 1 138kV,7194,L_ROBRJR8_1Y,ROBRJR,7195,L_CLEAFO8_1Y,CLEAFO,1,519T519_1,60114818.0,519T5191,,,1,Line,L_CLEAFO8_1Y,L_ROBRJR8_1Y,519T519_1,1,duplicate_match,different
846798,65a16f9f-2dc4-4e2b-9c55-ff16a4ef5160,Branch,ACLineSegment,1,1519T519_1 1 1 138kV,7194,L_ROBRJR8_1Y,ROBRJR,7195,L_CLEAFO8_1Y,CLEAFO,1,519T519_1,60105419.0,1519T519,,,1,Line,L_ROBRJR8_1Y,L_CLEAFO8_1Y,1519T519_1,1,duplicate_match,different
846816,5d32f7df-dc66-4197-be97-4ee967c04451,Branch,ACLineSegment,1,1109T220_1 1 1 138kV,7194,L_ROBRJR8_1Y,ROBRJR,7196,L_CAMPGA8_1Y,CAMPGA,1,109T220_1,60114813.0,109T2201,,,1,Line,L_ROBRJR8_1Y,L_CAMPGA8_1Y,109T220_1,1,duplicate_match,different
846816,5d32f7df-dc66-4197-be97-4ee967c04451,Branch,ACLineSegment,1,1109T220_1 1 1 138kV,7194,L_ROBRJR8_1Y,ROBRJR,7196,L_CAMPGA8_1Y,CAMPGA,1,109T220_1,60105420.0,1109T220,,,1,Line,L_ROBRJR8_1Y,L_CAMPGA8_1Y,1109T220_1,1,duplicate_match,different
847722,123ab04e-20ff-4da7-8302-83d19e500f02,Branch,ACLineSegment,1,J4_T4_1 1 1 138kV,5195,HARMONY,J4,5210,HILLCTY1_8,HILLCTRY,1,J4_T4_1,60005502.0,J4_T41,,,1,Line,HILLCTY1_8,HARMONY,J4_T4_1,1,duplicate_match,different
847722,123ab04e-20ff-4da7-8302-83d19e500f02,Branch,ACLineSegment,1,J4_T4_1 1 1 138kV,5195,HARMONY,J4,5210,HILLCTY1_8,HILLCTRY,1,J4_T4_1,60102614.0,T4_J41,,,2,Line,HARMONY,HILLCTY1_8,T4_J4_1,1,duplicate_match,different
857689,b940a996-ad18-46b1-83b5-efa61b427026,Branch,ACLineSegment,1,680T680_1 1 1 138kV,7566,L_CALDWE8_1Y,CALDWE,7567,L_LYLEWO8_1Y,LYLEWO,1,680T680_1,60114292.0,680T6801,,,1,Line,L_LYLEWO8_1Y,L_CALDWE8_1Y,680T680_1,1,duplicate_match,different
857689,b940a996-ad18-46b1-83b5-efa61b427026,Branch,ACLineSegment,1,680T680_1 1 1 138kV,7566,L_CALDWE8_1Y,CALDWE,7567,L_LYLEWO8_1Y,LYLEWO,1,680T680_1,60103578.0,1680T6801,,,1,Line,L_LYLEWO8_1Y,L_CALDWE8_1Y,1680T680_1,1,duplicate_match,different
857822,2c2361ec-9531-4fa3-9a7c-d62f58622151,Branch,ACLineSegment,1,1150T220_1 1 1 138kV,7192,L_SANMAR8_1Y,SANMAR,7196,L_CAMPGA8_1Y,CAMPGA,1,150T220_1,60114817.0,150T2201,,,1,Line,L_SANMAR8_1Y,L_CAMPGA8_1Y,150T220_1,1,duplicate_match,different
857822,2c2361ec-9531-4fa3-9a7c-d62f58622151,Branch,ACLineSegment,1,1150T220_1 1 1 138kV,7192,L_SANMAR8_1Y,SANMAR,7196,L_CAMPGA8_1Y,CAMPGA,1,150T220_1,60104507.0,1150T2201,,,1,Line,L_SANMAR8_1Y,L_CAMPGA8_1Y,1150T220_1,1,duplicate_match,different
858297,7fdfa346-22bd-40ce-9840-e41bfebf490f,Branch,ACLineSegment,02,SI_WTR02_A A 02 138kV,43470,WTRFWL__B138,WTR,48007,SEAWAY02TP_8,SI,A,SI_WTR02_A,60113932.0,SI_WTR02A,,,02,Line,WTRFWL__B138,SEAWAY02TP_8,SI_WTR02_A,A,duplicate_match,different
858297,7fdfa346-22bd-40ce-9840-e41bfebf490f,Branch,ACLineSegment,02,SI_WTR02_A A 02 138kV,43470,WTRFWL__B138,WTR,48007,SEAWAY02TP_8,SI,A,SI_WTR02_A,60103668.0,DOCWTR02A,,,02,Line,WTRFWL__B138,SEAWAY36TP_8,DOCWTR02_A,A,duplicate_match,different
860529,3793dc49-5356-416a-9a27-0ca632c39859,Branch,ACLineSegment,1,1375_C _C 1 138kV,3357,PLSNTSPG_8,PLSSP,3790,GLAZELAKE_8,GLZSW,_C,1375__C,60104563.0,1275_C,,,1,Line,GLAZELAKE_8,PLSNTSPG_8,1275__C,_C,duplicate_match,different
860529,3793dc49-5356-416a-9a27-0ca632c39859,Branch,ACLineSegment,1,1375_C _C 1 138kV,3357,PLSNTSPG_8,PLSSP,3790,GLAZELAKE_8,GLZSW,_C,1375__C,60114749.0,1375_C,,,1,Line,PLSNTSPG_8,GLAZELAKE_8,1375__C,_C,duplicate_match,different
870705,1a4fbe17-fab8-443c-bbb4-6044304734b1,Branch,ACLineSegment,1,86T235_1 1 1 138kV,7174,L_HENNE_8_1Y,HENNE,7179,L_HUECSP8_1Y,HUECSP,1,86T235_1,60112880.0,186T2351,,,1,Line,L_HUECSP8_1Y,L_HENNE_8_1Y,186T235_1,1,duplicate_match,different
870705,1a4fbe17-fab8-443c-bbb4-6044304734b1,Branch,ACLineSegment,1,86T235_1 1 1 138kV,7174,L_HENNE_8_1Y,HENNE,7179,L_HUECSP8_1Y,HUECSP,1,86T235_1,60115061.0,86T2351,,,1,Line,L_HENNE_8_1Y,L_HUECSP8_1Y,86T235_1,1,duplicate_match,different
875384,58c6dc83-1a9b-44b1-96df-957819020cf8,Transformer,PowerTransformer,23,TRF1 138kV-69kV,33726,GAINSVIL,GAINSVIL,726,GAINESVILL,GAINSVIL,TRF1,GAINSVIL_TRF1,60114497.0,GAINSVIL_AUTO1,,,23,Transformer,GAINESVILL,GAINSVIL,GAINSVIL_AUTO1,AUTO1,duplicate_match,different
875384,58c6dc83-1a9b-44b1-96df-957819020cf8,Transformer,PowerTransformer,23,TRF1 138kV-69kV,33726,GAINSVIL,GAINSVIL,726,GAINESVILL,GAINSVIL,TRF1,GAINSVIL_TRF1,60114498.0,GAINSVIL_AUTO1_L,,,23,Transformer,GAINESVILL,GAINSVIL,GAINSVIL_AUTO1_L,AUTO1_L,duplicate_match,different
875578,4e22d7ea-f3c8-4199-9267-0d7a8bd080c3,Transformer,PowerTransformer,25,TRF2 69kV-138kV,900824,GAINESVILL,GAINSVIL,33726,GAINSVIL,GAINSVIL,TRF2,GAINSVIL_TRF2,60114500.0,GAINSVIL_AUTO2_L,,,25,Transformer,GAINESVILL,GAINSVIL,GAINSVIL_AUTO2_L,AUTO2_L,duplicate_match,different
875578,4e22d7ea-f3c8-4199-9267-0d7a8bd080c3,Transformer,PowerTransformer,25,TRF2 69kV-138kV,900824,GAINESVILL,GAINSVIL,33726,GAINSVIL,GAINSVIL,TRF2,GAINSVIL_TRF2,60114499.0,GAINSVIL_AUTO2_H,,,25,Transformer,GAINESVILL,GAINSVIL,GAINSVIL_AUTO2_H,AUTO2_H,duplicate_match,different
878709,f9872f37-5959-48bf-aea1-0ad2156d954f,Transformer,PowerTransformer,X1,AT_M 138kV-69kV,77074,L_SASASW8_1Y,SASASW,7074,L_SASASW9_1Y,SASASW,AT_M,SASASW_AT_M,60114804.0,SASASW_AT_M_L,,,X1,Transformer,L_SASASW8_1Y,L_SASASW9_1Y,SASASW_AT_M_L,AT_M_L,duplicate_match,different
878709,f9872f37-5959-48bf-aea1-0ad2156d954f,Transformer,PowerTransformer,X1,AT_M 138kV-69kV,77074,L_SASASW8_1Y,SASASW,7074,L_SASASW9_1Y,SASASW,AT_M,SASASW_AT_M,60114803.0,SASASW_AT_M_H,,,X1,Transformer,L_SASASW8_1Y,L_SASASW9_1Y,SASASW_AT_M_H,AT_M_H,duplicate_match,different
