teid,in_service_date,n_energization_events,n_energization_actual_events,n_energization_chains,energization_device_name,retirement_date,n_retirement_events,n_retirement_actual_events,n_retirement_chains,retirement_device_name,default_status_majority,pct_closed,n_status_rows,status_review_flag,in_service_date_source,retirement_date_source,retirement_status_uncertain,had_dropped_evidence,review_flag
292,2021-03-28 17:00:00,1,0,1,ALDALED1,2099-12-31 00:00:00,0,0,0,,Closed,1.0,20,clear_majority,energization_outage,default,False,False,energization_planned_not_actualized
515,2028-03-15 15:00:00,1,0,1,CKT9471,2099-12-31 00:00:00,0,0,0,,Closed,0.95,20,clear_majority,energization_outage,default,False,False,energization_planned_not_actualized
516,2027-05-15 13:00:00,1,0,1,CKT9481,2099-12-31 00:00:00,0,0,0,,Closed,1.0,20,clear_majority,energization_outage,default,False,False,energization_planned_not_actualized
725,1990-01-01 00:00:00,0,0,0,,2025-12-31 18:01:00,1,1,1,2490A,Open,0.4,20,mixed,default,retirement_outage,False,False,retirement_found_no_energization
1019,1990-01-01 00:00:00,0,0,0,,2099-12-31 00:00:00,2,2,2,33T2181,Closed,1.0,20,clear_majority,default,default,False,False,multiple_confirmed_retirement_events
1233,1990-01-01 00:00:00,0,0,0,,2025-02-21 18:01:00,1,1,1,106B,Open,0.05,20,clear_majority,default,retirement_outage,False,False,retirement_found_no_energization
1295,1990-01-01 00:00:00,0,0,0,,2025-10-13 02:00:00,1,1,1,3770C,Closed,0.526,19,mixed,default,retirement_outage,True,False,retirement_status_uncertain
1301,1990-01-01 00:00:00,0,0,0,,2025-10-24 18:01:00,1,1,1,3790G,Closed,0.5,20,mixed,default,retirement_outage,True,False,retirement_status_uncertain
1659,2021-11-18 16:00:00,1,0,1,CKT9601,2099-12-31 00:00:00,0,0,0,,Closed,1.0,20,clear_majority,energization_outage,default,False,False,energization_planned_not_actualized
1661,2025-03-04 12:35:00,2,2,2,CKT9741,2099-12-31 00:00:00,0,0,0,,Closed,1.0,20,clear_majority,energization_outage,default,False,False,multiple_confirmed_energization_events
1743,2016-08-05 13:30:00,2,2,2,GS2Y,2015-07-08 15:07:00,1,1,1,ARPTMARYAT11,,,0,no_pto_data,energization_outage,retirement_outage,False,False,teid_reused_after_retirement
1909,1990-01-01 00:00:00,0,0,0,,2026-06-04 16:01:00,1,1,1,MASNPHMASONS11,Closed,0.632,19,mixed,default,retirement_outage,True,False,retirement_status_uncertain
1956,1990-01-01 00:00:00,0,0,0,,2026-03-23 15:32:00,3,3,2,1665A,Closed,0.5,20,mixed,default,retirement_outage,True,False,multiple_confirmed_retirement_events
2048,1990-01-01 00:00:00,0,0,0,,2026-06-08 16:52:00,1,1,1,700A,Closed,0.526,19,mixed,default,retirement_outage,True,False,retirement_status_uncertain
2122,1990-01-01 00:00:00,0,0,0,,2026-04-13 00:00:00,1,1,1,975D,Closed,0.611,18,mixed,default,retirement_outage,True,False,retirement_status_uncertain
2149,1990-01-01 00:00:00,0,0,0,,2025-10-06 14:01:00,2,2,2,6118B,Open,0.158,19,clear_majority,default,retirement_outage,False,False,multiple_confirmed_retirement_events
2157,1990-01-01 00:00:00,0,0,0,,2025-10-06 14:01:00,2,2,2,6123B,Open,0.263,19,mixed,default,retirement_outage,False,False,multiple_confirmed_retirement_events
2506,1990-01-01 00:00:00,0,0,0,,2099-12-31 00:00:00,2,2,2,GGKN06A,Closed,1.0,20,clear_majority,default,default,False,False,multiple_confirmed_retirement_events
2507,1990-01-01 00:00:00,0,0,0,,2099-12-31 00:00:00,2,2,2,KNPZ06A,Closed,1.0,20,clear_majority,default,default,False,False,multiple_confirmed_retirement_events
2513,2025-02-13 14:06:00,2,2,2,CGSP06A,2099-12-31 00:00:00,0,0,0,,Closed,1.0,20,clear_majority,energization_outage,default,False,False,multiple_confirmed_energization_events
2687,1990-01-01 00:00:00,0,0,0,,2099-12-31 00:00:00,2,2,2,PETE06A,Closed,1.0,20,clear_majority,default,default,False,False,multiple_confirmed_retirement_events
2931,1990-01-01 00:00:00,0,0,0,,2026-05-15 21:10:00,1,1,1,6557B,Closed,0.75,20,mixed,default,retirement_outage,True,False,retirement_status_uncertain
2954,1990-01-01 00:00:00,0,0,0,,2026-05-11 20:33:00,1,1,1,920E,Closed,0.8,20,mixed,default,retirement_outage,True,False,retirement_status_uncertain
3054,1990-01-01 00:00:00,0,0,0,,2025-10-13 02:00:00,1,1,1,1160B,Closed,0.526,19,mixed,default,retirement_outage,True,False,retirement_status_uncertain
3083,2022-04-12 19:00:00,1,0,1,WHILPEAST1,2099-12-31 00:00:00,0,0,0,,Closed,1.0,20,clear_majority,energization_outage,default,False,False,energization_planned_not_actualized
3201,1990-01-01 00:00:00,0,0,0,,2025-11-03 10:33:00,1,1,1,PLACEDPLAVA11,Closed,0.7,20,mixed,default,retirement_outage,True,False,retirement_status_uncertain
3266,2021-12-23 08:00:00,1,0,1,CSSWCSCSSC1,2099-12-31 00:00:00,0,0,0,,Closed,1.0,20,clear_majority,energization_outage,default,False,False,energization_planned_not_actualized
3271,2023-12-08 16:00:00,1,0,1,CKT9821,2099-12-31 00:00:00,0,0,0,,Closed,1.0,20,clear_majority,energization_outage,default,False,False,energization_planned_not_actualized
3316,1990-01-01 00:00:00,0,0,0,,2099-12-31 00:00:00,0,0,0,,Closed,1.0,20,clear_majority,default,default,False,True,evidence_dropped_wrong_device
3678,2025-02-13 14:06:00,2,2,2,CGPA06A,2099-12-31 00:00:00,0,0,0,,Closed,1.0,20,clear_majority,energization_outage,default,False,False,multiple_confirmed_energization_events
4090,2023-08-18 16:00:00,1,0,1,PEARSALLMOORE1,2099-12-31 00:00:00,0,0,0,,Closed,1.0,19,clear_majority,energization_outage,default,False,False,energization_planned_not_actualized
4176,1990-01-01 00:00:00,0,0,0,,2025-07-01 07:00:00,1,1,1,MCECTIE11,Closed,0.55,20,mixed,default,retirement_outage,True,False,retirement_status_uncertain
4189,2022-12-02 16:30:00,1,0,1,426T4261,2099-12-31 00:00:00,0,0,0,,Closed,1.0,20,clear_majority,energization_outage,default,False,False,energization_planned_not_actualized
4225,2025-02-13 14:06:00,2,2,2,CGJFS06A,2099-12-31 00:00:00,0,0,0,,Closed,1.0,20,clear_majority,energization_outage,default,False,False,multiple_confirmed_energization_events
4367,2020-12-02 18:00:00,1,0,1,240A,2099-12-31 00:00:00,0,0,0,,Closed,0.9,20,clear_majority,energization_outage,default,False,False,energization_planned_not_actualized
4466,2020-05-15 17:00:00,1,0,1,SKPRJWT1,2099-12-31 00:00:00,0,0,0,,Closed,1.0,20,clear_majority,energization_outage,default,False,False,energization_planned_not_actualized
4497,2026-03-25 23:00:00,1,0,1,KINGSWKNGWTAP1,2099-12-31 00:00:00,0,0,0,,Closed,1.0,20,clear_majority,energization_outage,default,False,False,energization_planned_not_actualized
4717,2021-11-09 17:00:00,1,0,1,BYRLZB94A,2099-12-31 00:00:00,0,0,0,,Closed,1.0,20,clear_majority,energization_outage,default,False,False,energization_planned_not_actualized
4968,1990-01-01 00:00:00,0,0,0,,2022-11-04 13:27:00,1,1,1,AZSL85A,Open,0.0,20,clear_majority,default,retirement_outage,False,False,retirement_found_no_energization
5064,2023-10-31 17:00:00,1,0,1,FTCHADOAKC11,2099-12-31 00:00:00,0,0,0,,Closed,1.0,20,clear_majority,energization_outage,default,False,False,energization_planned_not_actualized
5215,1990-01-01 00:00:00,0,0,0,,2017-10-16 08:23:00,1,1,1,POTPEAR1,Closed,0.75,20,mixed,default,retirement_outage,True,False,retirement_status_uncertain
11498,1990-01-01 00:00:00,0,0,0,,2099-12-31 00:00:00,0,0,0,,Closed,1.0,17,clear_majority,default,default,False,True,evidence_dropped_wrong_device
12579,2016-08-15 07:02:00,4,3,2,ENLSWLKCR1,2099-12-31 00:00:00,0,0,0,,Closed,1.0,20,clear_majority,energization_outage,default,False,False,multiple_confirmed_energization_events
15644,2017-04-07 16:00:00,1,0,1,DUKEHEC11,2099-12-31 00:00:00,0,0,0,,Closed,1.0,17,clear_majority,energization_outage,default,False,False,energization_planned_not_actualized
16105,2017-04-07 16:00:00,1,0,1,DUKEHEC21,2099-12-31 00:00:00,0,0,0,,Closed,1.0,20,clear_majority,energization_outage,default,False,False,energization_planned_not_actualized
17155,2017-04-07 16:00:00,1,0,1,DUKEHEC31,2099-12-31 00:00:00,0,0,0,,Closed,1.0,17,clear_majority,energization_outage,default,False,False,energization_planned_not_actualized
27933,1990-01-01 00:00:00,0,0,0,,2099-12-31 00:00:00,0,0,0,,Closed,1.0,17,clear_majority,default,default,False,True,evidence_dropped_wrong_device
31617,2022-04-12 19:00:00,1,0,1,1H,2099-12-31 00:00:00,0,0,0,,Closed,1.0,17,clear_majority,energization_outage,default,False,False,energization_planned_not_actualized
36769,2015-11-04 00:01:00,1,0,1,815G,2099-12-31 00:00:00,0,0,0,,Closed,0.95,20,clear_majority,energization_outage,default,False,False,energization_planned_not_actualized
48841,2025-09-20 07:00:00,1,0,1,LDSRSOUTH1,2099-12-31 00:00:00,0,0,0,,Closed,0.95,20,clear_majority,energization_outage,default,False,False,energization_planned_not_actualized
58390,1990-01-01 00:00:00,0,0,0,,2099-12-31 00:00:00,0,0,0,,Closed,1.0,17,clear_majority,default,default,False,True,evidence_dropped_wrong_device
66363,2017-08-18 14:30:00,4,4,2,GSU1,2099-12-31 00:00:00,0,0,0,,Closed,1.0,17,clear_majority,energization_outage,default,False,False,multiple_confirmed_energization_events
70365,2016-12-30 11:14:00,4,4,3,CEDRHIOAKC11,2099-12-31 00:00:00,0,0,0,,Closed,1.0,20,clear_majority,energization_outage,default,False,False,multiple_confirmed_energization_events
76864,2015-03-27 17:00:00,2,2,2,AIRPALLEYO11,2099-12-31 00:00:00,0,0,0,,Closed,1.0,20,clear_majority,energization_outage,default,False,False,multiple_confirmed_energization_events
76988,1990-01-01 00:00:00,0,0,0,,2099-12-31 00:00:00,0,0,0,,Closed,1.0,17,clear_majority,default,default,False,True,evidence_dropped_wrong_device
78172,2017-04-26 00:01:00,1,0,1,6273B,2099-12-31 00:00:00,0,0,0,,Closed,1.0,20,clear_majority,energization_outage,default,False,False,energization_planned_not_actualized
79056,2017-08-18 14:30:00,4,4,2,GSU2,2099-12-31 00:00:00,0,0,0,,Closed,1.0,17,clear_majority,energization_outage,default,False,False,multiple_confirmed_energization_events
79625,2015-05-08 10:09:00,3,3,2,DINNYDISCOV11,2099-12-31 00:00:00,0,0,0,,Closed,0.55,20,mixed,energization_outage,default,False,False,multiple_confirmed_energization_events
79665,2015-05-08 10:09:00,3,3,2,DINNYIRAAN11,2099-12-31 00:00:00,0,0,0,,Closed,1.0,20,clear_majority,energization_outage,default,False,False,multiple_confirmed_energization_events
80707,2017-06-23 16:00:00,1,0,1,XFM1,2099-12-31 00:00:00,0,0,0,,Closed,1.0,17,clear_majority,energization_outage,default,False,False,energization_planned_not_actualized
82291,2015-06-02 17:07:00,3,3,3,AISRB87A,2099-12-31 00:00:00,1,1,1,AISRB87A,Closed,1.0,20,clear_majority,energization_outage,default,False,False,multiple_confirmed_energization_events
89171,2015-08-28 18:00:00,1,0,1,ERIOHNDPAREDS1,2099-12-31 00:00:00,0,0,0,,Closed,1.0,20,clear_majority,energization_outage,default,False,False,energization_planned_not_actualized
89174,2015-08-28 18:00:00,1,0,1,PAREDSCNTRLAV1,2099-12-31 00:00:00,0,0,0,,Closed,1.0,20,clear_majority,energization_outage,default,False,False,energization_planned_not_actualized
89299,1990-01-01 00:00:00,0,0,0,,2099-12-31 00:00:00,0,0,0,,Closed,1.0,17,clear_majority,default,default,False,True,evidence_dropped_wrong_device
89306,1990-01-01 00:00:00,0,0,0,,2099-12-31 00:00:00,0,0,0,,Closed,1.0,17,clear_majority,default,default,False,True,evidence_dropped_wrong_device
89326,2015-07-28 10:44:00,2,2,2,SS3TLINE1,2099-12-31 00:00:00,0,0,0,,Closed,1.0,20,clear_majority,energization_outage,default,False,False,multiple_confirmed_energization_events
94445,2015-05-06 00:01:00,1,0,1,OXYCOGEN1,2099-12-31 00:00:00,0,0,0,,Closed,1.0,20,clear_majority,energization_outage,default,False,False,energization_planned_not_actualized
94590,2016-05-11 16:00:00,1,0,1,TUNACRSIRIUS1,2099-12-31 00:00:00,0,0,0,,Closed,1.0,20,clear_majority,energization_outage,default,False,True,energization_planned_not_actualized
96962,2016-02-10 14:00:00,1,0,1,CALPL41,2099-12-31 00:00:00,0,0,0,,Closed,1.0,20,clear_majority,energization_outage,default,False,False,energization_planned_not_actualized
97202,2016-01-13 00:00:00,2,2,2,CARRIZCRYSTA11,2099-12-31 00:00:00,0,0,0,,Closed,1.0,20,clear_majority,energization_outage,default,False,False,multiple_confirmed_energization_events
97221,2016-01-14 01:00:00,2,2,2,CRYSTATURTLC11,2099-12-31 00:00:00,0,0,0,,Closed,1.0,20,clear_majority,energization_outage,default,False,False,multiple_confirmed_energization_events
97782,1990-01-01 00:00:00,0,0,0,,2099-12-31 00:00:00,0,0,0,,Closed,1.0,20,clear_majority,default,default,False,True,evidence_dropped_wrong_device
111896,1990-01-01 00:00:00,0,0,0,,2016-04-25 18:00:00,1,1,1,5340,,,0,no_pto_data,default,retirement_outage,False,False,retirement_found_no_energization
113628,1990-01-01 00:00:00,0,0,0,,2099-12-31 00:00:00,0,0,0,,Closed,1.0,17,clear_majority,default,default,False,True,evidence_dropped_wrong_device
113629,1990-01-01 00:00:00,0,0,0,,2099-12-31 00:00:00,0,0,0,,Closed,1.0,17,clear_majority,default,default,False,True,evidence_dropped_wrong_device
123345,1990-01-01 00:00:00,0,0,0,,2099-12-31 00:00:00,0,0,0,,Closed,1.0,17,clear_majority,default,default,False,True,evidence_dropped_wrong_device
124041,1990-01-01 00:00:00,0,0,0,,2099-12-31 00:00:00,0,0,0,,Closed,1.0,17,clear_majority,default,default,False,True,evidence_dropped_wrong_device
133657,2016-09-16 16:00:00,2,2,2,SALTFORKTLINE1,2099-12-31 00:00:00,0,0,0,,Closed,1.0,20,clear_majority,energization_outage,default,False,False,multiple_confirmed_energization_events
155001,1990-01-01 00:00:00,0,0,0,,2020-12-19 18:01:00,1,1,1,MR1H,Open,0.0,20,clear_majority,default,retirement_outage,False,False,retirement_found_no_energization
159871,1990-01-01 00:00:00,0,0,0,,2020-12-19 18:01:00,1,1,1,MR1L,Open,0.0,20,clear_majority,default,retirement_outage,False,False,retirement_found_no_energization
183643,1990-01-01 00:00:00,0,0,0,,2099-12-31 00:00:00,0,0,0,,Closed,0.9,20,clear_majority,default,default,False,True,evidence_dropped_wrong_device
186600,1990-01-01 00:00:00,0,0,0,,2026-05-11 18:01:00,1,1,1,16030B,Closed,0.8,20,mixed,default,retirement_outage,True,False,retirement_status_uncertain
191599,2025-05-15 20:00:00,1,0,1,ROMNEY128,2099-12-31 00:00:00,0,0,0,,,,0,no_pto_data,energization_outage,default,False,False,energization_planned_not_actualized
196470,1990-01-01 00:00:00,0,0,0,,2099-12-31 00:00:00,0,0,0,,Closed,1.0,17,clear_majority,default,default,False,True,evidence_dropped_wrong_device
200491,2025-04-26 20:00:00,1,0,1,ROMNEY209,2099-12-31 00:00:00,0,0,0,,,,0,no_pto_data,energization_outage,default,False,False,energization_planned_not_actualized
216025,2017-04-21 17:00:00,1,0,1,DEMRN96A,2099-12-31 00:00:00,0,0,0,,Closed,1.0,20,clear_majority,energization_outage,default,False,False,energization_planned_not_actualized
216940,2017-04-21 17:00:00,1,0,1,CADE96A,2099-12-31 00:00:00,0,0,0,,Closed,1.0,20,clear_majority,energization_outage,default,False,False,energization_planned_not_actualized
218594,2025-05-15 20:00:00,1,0,1,KOPPERL123,2099-12-31 00:00:00,0,0,0,,,,0,no_pto_data,energization_outage,default,False,False,energization_planned_not_actualized
219180,2025-04-26 20:00:00,1,0,1,KOPPERL207,2099-12-31 00:00:00,0,0,0,,,,0,no_pto_data,energization_outage,default,False,False,energization_planned_not_actualized
221123,2025-04-26 20:00:00,1,0,1,SAMWSHACKA,2099-12-31 00:00:00,0,0,0,,Closed,0.9,20,clear_majority,energization_outage,default,False,False,energization_planned_not_actualized
234938,2016-02-03 00:01:00,1,0,1,494T4941,2099-12-31 00:00:00,0,0,0,,Closed,1.0,20,clear_majority,energization_outage,default,False,False,energization_planned_not_actualized
239781,2015-12-16 12:00:00,1,0,1,GSUA,2099-12-31 00:00:00,0,0,0,,Closed,1.0,17,clear_majority,energization_outage,default,False,False,energization_planned_not_actualized
239956,2015-12-16 12:00:00,1,0,1,GSUB,2099-12-31 00:00:00,0,0,0,,Closed,1.0,17,clear_majority,energization_outage,default,False,False,energization_planned_not_actualized
239957,2015-12-16 12:00:00,1,0,1,GSUC,2099-12-31 00:00:00,0,0,0,,Closed,1.0,17,clear_majority,energization_outage,default,False,False,energization_planned_not_actualized
245698,2023-09-20 12:00:00,1,0,1,FTLNILLN11,2099-12-31 00:00:00,0,0,0,,Closed,1.0,20,clear_majority,energization_outage,default,False,False,energization_planned_not_actualized
273822,2016-08-15 00:00:00,2,2,2,A902,2099-12-31 00:00:00,0,0,0,,Closed,1.0,17,clear_majority,energization_outage,default,False,True,multiple_confirmed_energization_events
273970,2016-08-15 00:00:00,2,2,2,A903,2099-12-31 00:00:00,0,0,0,,Closed,1.0,17,clear_majority,energization_outage,default,False,True,multiple_confirmed_energization_events
274394,1990-01-01 00:00:00,0,0,0,,2099-12-31 00:00:00,0,0,0,,Closed,1.0,17,clear_majority,default,default,False,True,evidence_dropped_wrong_device
279229,1990-01-01 00:00:00,0,0,0,,2025-12-31 18:01:00,1,1,1,FMR2,Open,0.421,19,mixed,default,retirement_outage,False,False,retirement_found_no_energization
279648,2023-04-15 17:00:00,1,0,1,21T,2099-12-31 00:00:00,0,0,0,,Closed,1.0,17,clear_majority,energization_outage,default,False,False,energization_planned_not_actualized
279908,2015-06-02 17:00:00,1,0,1,MR4H,2099-12-31 00:00:00,0,0,0,,Closed,1.0,20,clear_majority,energization_outage,default,False,False,energization_planned_not_actualized
280177,2023-04-15 17:00:00,1,0,1,22T,2099-12-31 00:00:00,0,0,0,,Closed,1.0,17,clear_majority,energization_outage,default,False,False,energization_planned_not_actualized
280379,2023-04-15 17:00:00,1,0,1,25T,2099-12-31 00:00:00,0,0,0,,Closed,1.0,17,clear_majority,energization_outage,default,False,False,energization_planned_not_actualized
280381,2015-06-02 17:00:00,1,0,1,MR4L,2099-12-31 00:00:00,0,0,0,,Closed,1.0,20,clear_majority,energization_outage,default,False,False,energization_planned_not_actualized
280540,2016-01-29 19:00:00,1,0,1,138DLTCRD1,2099-12-31 00:00:00,0,0,0,,Closed,1.0,20,clear_majority,energization_outage,default,False,False,energization_planned_not_actualized
284898,2022-12-13 16:00:00,1,0,1,586T5861,2099-12-31 00:00:00,0,0,0,,Closed,1.0,20,clear_majority,energization_outage,default,False,False,energization_planned_not_actualized
292332,2016-08-03 00:01:00,1,0,1,AT1H,2099-12-31 00:00:00,0,0,0,,Closed,1.0,20,clear_majority,energization_outage,default,False,False,energization_planned_not_actualized
302226,2025-05-15 20:00:00,1,0,1,NAVASPIRB,2099-12-31 00:00:00,0,0,0,,Closed,0.9,20,clear_majority,energization_outage,default,False,False,energization_planned_not_actualized
302244,2025-04-26 20:00:00,1,0,1,SAMWSHACKB,2099-12-31 00:00:00,0,0,0,,Closed,0.9,20,clear_majority,energization_outage,default,False,False,energization_planned_not_actualized
314840,1990-01-01 00:00:00,0,0,0,,2025-11-08 22:58:00,1,1,1,ELBOWBULLDOG1,Closed,0.6,20,mixed,default,retirement_outage,True,False,retirement_status_uncertain
316941,1990-01-01 00:00:00,0,0,0,,2099-12-31 00:00:00,0,0,0,,Closed,1.0,17,clear_majority,default,default,False,True,evidence_dropped_wrong_device
317406,1990-01-01 00:00:00,0,0,0,,2026-01-06 18:01:00,1,1,1,15060B,Closed,0.722,18,mixed,default,retirement_outage,True,False,retirement_status_uncertain
318929,1990-01-01 00:00:00,0,0,0,,2099-12-31 00:00:00,0,0,0,,Closed,1.0,17,clear_majority,default,default,False,True,evidence_dropped_wrong_device
319007,1990-01-01 00:00:00,0,0,0,,2099-12-31 00:00:00,0,0,0,,Closed,1.0,17,clear_majority,default,default,False,True,evidence_dropped_wrong_device
319008,1990-01-01 00:00:00,0,0,0,,2099-12-31 00:00:00,0,0,0,,Closed,1.0,17,clear_majority,default,default,False,True,evidence_dropped_wrong_device
320953,1990-01-01 00:00:00,0,0,0,,2099-12-31 00:00:00,0,0,0,,Closed,1.0,17,clear_majority,default,default,False,True,evidence_dropped_wrong_device
323259,1990-01-01 00:00:00,0,0,0,,2099-12-31 00:00:00,0,0,0,,Closed,1.0,17,clear_majority,default,default,False,True,evidence_dropped_wrong_device
324091,2017-04-07 17:56:00,2,2,2,LY2TAP031,2099-12-31 00:00:00,0,0,0,,Closed,1.0,20,clear_majority,energization_outage,default,False,False,multiple_confirmed_energization_events
324095,2017-04-07 17:56:00,2,2,2,BCVLY03A,2099-12-31 00:00:00,0,0,0,,Closed,1.0,20,clear_majority,energization_outage,default,False,False,multiple_confirmed_energization_events
324096,2017-04-07 17:56:00,2,2,2,CVLY03A,2099-12-31 00:00:00,0,0,0,,Closed,1.0,20,clear_majority,energization_outage,default,False,False,multiple_confirmed_energization_events
324528,2017-03-17 16:00:00,2,0,1,,2099-12-31 00:00:00,0,0,0,,Closed,1.0,17,clear_majority,energization_outage,default,False,False,energization_planned_not_actualized
325253,1990-01-01 00:00:00,0,0,0,,2099-12-31 00:00:00,0,0,0,,Open,0.118,17,clear_majority,default,default,False,True,evidence_dropped_wrong_device
327201,1990-01-01 00:00:00,0,0,0,,2099-12-31 00:00:00,1,1,1,DOCDOC361,Closed,0.944,18,clear_majority,default,default,False,True,evidence_dropped_wrong_device
327202,1990-01-01 00:00:00,0,0,0,,2099-12-31 00:00:00,0,0,0,,Closed,1.0,18,clear_majority,default,default,False,True,evidence_dropped_wrong_device
327203,1990-01-01 00:00:00,0,0,0,,2099-12-31 00:00:00,0,0,0,,Closed,0.95,20,clear_majority,default,default,False,True,evidence_dropped_wrong_device
327437,2018-10-01 11:06:00,7,7,2,OILMITSAWGRA11,2099-12-31 00:00:00,0,0,0,,Closed,1.0,20,clear_majority,energization_outage,default,False,False,multiple_confirmed_energization_events
327446,2018-10-01 11:06:00,7,7,2,SAWGRAWTEXGU11,2099-12-31 00:00:00,0,0,0,,Open,0.0,20,clear_majority,energization_outage,default,False,False,multiple_confirmed_energization_events
327924,2018-10-01 11:06:00,7,7,2,SAWGRASOUTHA11,2099-12-31 00:00:00,0,0,0,,Closed,1.0,20,clear_majority,energization_outage,default,False,False,multiple_confirmed_energization_events
327932,2017-12-01 17:00:00,1,0,1,T1,2099-12-31 00:00:00,0,0,0,,Closed,1.0,16,clear_majority,energization_outage,default,False,False,energization_planned_not_actualized
329182,2017-05-31 16:39:00,2,2,2,AX1H,2099-12-31 00:00:00,0,0,0,,Closed,1.0,17,clear_majority,energization_outage,default,False,True,multiple_confirmed_energization_events
330408,1990-01-01 00:00:00,0,0,0,,2099-12-31 00:00:00,0,0,0,,Closed,1.0,17,clear_majority,default,default,False,True,evidence_dropped_wrong_device
330714,2018-01-26 06:47:00,2,2,2,CTZMRE48A,2099-12-31 00:00:00,0,0,0,,Closed,1.0,20,clear_majority,energization_outage,default,False,False,multiple_confirmed_energization_events
330993,2017-10-09 12:00:00,1,0,1,SALVTIONTLINE1,2099-12-31 00:00:00,0,0,0,,Closed,1.0,20,clear_majority,energization_outage,default,False,False,energization_planned_not_actualized
331363,2018-01-29 13:57:00,4,4,3,LEVOYS15A,2099-12-31 00:00:00,0,0,0,,Closed,1.0,20,clear_majority,energization_outage,default,False,False,multiple_confirmed_energization_events
331507,2018-01-29 13:55:00,4,4,2,LEVOYS11A,2099-12-31 00:00:00,0,0,0,,Closed,1.0,20,clear_majority,energization_outage,default,False,False,multiple_confirmed_energization_events
332475,2018-04-23 17:00:00,3,3,2,BNMCHL70A,2099-12-31 00:00:00,0,0,0,,Closed,1.0,20,clear_majority,energization_outage,default,False,False,multiple_confirmed_energization_events
334189,1990-01-01 00:00:00,0,0,0,,2099-12-31 00:00:00,0,0,0,,Closed,1.0,17,clear_majority,default,default,False,True,evidence_dropped_wrong_device
335097,1990-01-01 00:00:00,0,0,0,,2099-12-31 00:00:00,0,0,0,,Closed,1.0,17,clear_majority,default,default,False,True,evidence_dropped_wrong_device
335098,1990-01-01 00:00:00,0,0,0,,2099-12-31 00:00:00,0,0,0,,Closed,1.0,17,clear_majority,default,default,False,True,evidence_dropped_wrong_device
337527,2017-11-01 00:01:00,1,1,1,6274C,2024-10-18 18:01:00,1,1,1,6274C,Closed,0.6,20,mixed,energization_outage,retirement_outage,True,False,retirement_status_uncertain
340699,2019-01-03 05:52:00,2,2,2,6502A,2099-12-31 00:00:00,0,0,0,,Closed,1.0,20,clear_majority,energization_outage,default,False,False,multiple_confirmed_energization_events
340987,2020-01-01 15:00:00,5,5,2,MCCAMPTPCO21,2099-12-31 00:00:00,0,0,0,,Closed,0.85,20,clear_majority,energization_outage,default,False,False,multiple_confirmed_energization_events
341904,2018-02-01 00:01:00,1,0,1,POTOMES1,2099-12-31 00:00:00,0,0,0,,Closed,1.0,20,clear_majority,energization_outage,default,False,False,energization_planned_not_actualized
341914,2018-02-01 00:01:00,1,0,1,345BUS1,2099-12-31 00:00:00,0,0,0,,Closed,1.0,20,clear_majority,energization_outage,default,False,False,energization_planned_not_actualized
344148,2018-07-16 00:00:00,3,3,3,COLETOEULER11,2099-12-31 00:00:00,0,0,0,,Closed,1.0,20,clear_majority,energization_outage,default,False,False,multiple_confirmed_energization_events
345421,2018-06-28 13:11:00,2,2,2,656T6561,2099-12-31 00:00:00,0,0,0,,Closed,1.0,20,clear_majority,energization_outage,default,False,False,multiple_confirmed_energization_events
345422,1990-01-01 00:00:00,0,0,0,,2099-12-31 00:00:00,0,0,0,,Closed,1.0,20,clear_majority,default,default,False,True,evidence_dropped_wrong_device
347772,2018-09-14 17:00:00,3,3,2,EAGLEGANSO11,2099-12-31 00:00:00,0,0,0,,Closed,1.0,20,clear_majority,energization_outage,default,False,False,multiple_confirmed_energization_events
347790,2018-09-14 17:00:00,3,3,2,GANSOMAVERI11,2099-12-31 00:00:00,0,0,0,,Closed,1.0,20,clear_majority,energization_outage,default,False,False,multiple_confirmed_energization_events
347844,1990-01-01 00:00:00,0,0,0,,2099-12-31 00:00:00,0,0,0,,Closed,1.0,16,clear_majority,default,default,False,True,evidence_dropped_wrong_device
349392,2018-05-14 12:21:00,4,4,2,6535E,2099-12-31 00:00:00,0,0,0,,Closed,1.0,20,clear_majority,energization_outage,default,False,False,multiple_confirmed_energization_events
352391,2018-04-25 13:19:00,3,2,2,6575D,2099-12-31 00:00:00,0,0,0,,Closed,1.0,20,clear_majority,energization_outage,default,False,False,multiple_confirmed_energization_events
353596,1990-01-01 00:00:00,0,0,0,,2099-12-31 00:00:00,0,0,0,,Closed,1.0,20,clear_majority,default,default,False,True,evidence_dropped_wrong_device
358589,1990-01-01 00:00:00,0,0,0,,2099-12-31 00:00:00,0,0,0,,Closed,1.0,3,clear_majority,default,default,False,True,evidence_dropped_wrong_device
359136,1990-01-01 00:00:00,0,0,0,,2099-12-31 00:00:00,0,0,0,,Closed,1.0,20,clear_majority,default,default,False,True,evidence_dropped_wrong_device
359161,2019-12-23 20:30:00,2,2,2,1230B,2099-12-31 00:00:00,0,0,0,,Closed,1.0,20,clear_majority,energization_outage,default,False,False,multiple_confirmed_energization_events
359162,2019-12-23 20:30:00,2,2,2,1230H,2099-12-31 00:00:00,0,0,0,,Closed,1.0,20,clear_majority,energization_outage,default,False,False,multiple_confirmed_energization_events
359868,2018-11-08 18:52:00,7,6,2,HUDAK0411,2099-12-31 00:00:00,0,0,0,,Closed,1.0,20,clear_majority,energization_outage,default,False,False,multiple_confirmed_energization_events
360927,1990-01-01 00:00:00,0,0,0,,2099-12-31 00:00:00,0,0,0,,,,0,no_pto_data,default,default,False,True,evidence_dropped_wrong_device
361523,2018-09-28 13:28:00,4,4,2,AUT1,2099-12-31 00:00:00,0,0,0,,Closed,1.0,17,clear_majority,energization_outage,default,False,False,multiple_confirmed_energization_events
361531,2018-09-28 13:28:00,4,4,2,AUT2,2099-12-31 00:00:00,0,0,0,,Closed,1.0,17,clear_majority,energization_outage,default,False,False,multiple_confirmed_energization_events
361553,2018-09-28 13:28:00,4,4,2,LAPALPALMAS11,2099-12-31 00:00:00,0,0,0,,Closed,1.0,20,clear_majority,energization_outage,default,False,False,multiple_confirmed_energization_events
361562,2018-09-28 13:28:00,4,4,2,LAPALPALMAS21,2099-12-31 00:00:00,0,0,0,,Closed,1.0,20,clear_majority,energization_outage,default,False,False,multiple_confirmed_energization_events
363194,2018-11-30 09:46:00,2,2,2,1575A,2099-12-31 00:00:00,0,0,0,,Closed,1.0,20,clear_majority,energization_outage,default,False,False,multiple_confirmed_energization_events
364057,2018-11-06 12:00:00,2,2,2,TAHOKAT1,2099-12-31 00:00:00,0,0,0,,Closed,1.0,17,clear_majority,energization_outage,default,False,False,multiple_confirmed_energization_events
364058,2018-11-06 12:00:00,2,2,2,TAHOKAT2,2099-12-31 00:00:00,0,0,0,,Closed,1.0,17,clear_majority,energization_outage,default,False,False,multiple_confirmed_energization_events
364637,2018-11-06 12:00:00,2,2,2,TAHOKATLINE1,2099-12-31 00:00:00,0,0,0,,Closed,1.0,20,clear_majority,energization_outage,default,False,False,multiple_confirmed_energization_events
364643,1990-01-01 00:00:00,0,0,0,,2099-12-31 00:00:00,0,0,0,,Closed,1.0,20,clear_majority,default,default,False,True,evidence_dropped_wrong_device
364660,1990-01-01 00:00:00,0,0,0,,2099-12-31 00:00:00,0,0,0,,Closed,1.0,20,clear_majority,default,default,False,True,evidence_dropped_wrong_device
366035,1990-01-01 00:00:00,0,0,0,,2099-12-31 00:00:00,0,0,0,,Closed,1.0,17,clear_majority,default,default,False,True,evidence_dropped_wrong_device
366379,2018-09-21 18:00:00,2,2,2,T2,2099-12-31 00:00:00,0,0,0,,Closed,1.0,17,clear_majority,energization_outage,default,False,False,multiple_confirmed_energization_events
367340,2019-05-27 16:00:00,5,4,2,VICTPORTTL1,2099-12-31 00:00:00,0,0,0,,Closed,1.0,20,clear_majority,energization_outage,default,False,False,multiple_confirmed_energization_events
367461,2019-06-14 10:54:00,8,7,2,GSU1,2099-12-31 00:00:00,0,0,0,,Closed,1.0,17,clear_majority,energization_outage,default,False,False,multiple_confirmed_energization_events
367462,2019-06-14 10:55:00,8,7,2,GSU2,2099-12-31 00:00:00,0,0,0,,Closed,1.0,17,clear_majority,energization_outage,default,False,False,multiple_confirmed_energization_events
369531,2018-12-07 20:00:00,2,2,2,815D,2099-12-31 00:00:00,0,0,0,,Closed,1.0,20,clear_majority,energization_outage,default,False,False,multiple_confirmed_energization_events
369532,2018-12-19 12:59:00,4,3,2,842I,2099-12-31 00:00:00,0,0,0,,Closed,1.0,20,clear_majority,energization_outage,default,False,False,multiple_confirmed_energization_events
373259,2018-12-05 10:00:00,2,2,2,1940C,2099-12-31 00:00:00,0,0,0,,Closed,1.0,20,clear_majority,energization_outage,default,False,False,multiple_confirmed_energization_events
373260,2018-12-05 10:00:00,2,2,2,2230G,2099-12-31 00:00:00,0,0,0,,Open,0.1,20,clear_majority,energization_outage,default,False,False,multiple_confirmed_energization_events
373506,1990-01-01 00:00:00,0,0,0,,2099-12-31 00:00:00,0,0,0,,Closed,1.0,20,clear_majority,default,default,False,True,evidence_dropped_wrong_device
374310,2018-10-12 12:00:00,2,2,2,WINGARZERO1,2099-12-31 00:00:00,0,0,0,,Closed,1.0,20,clear_majority,energization_outage,default,False,False,multiple_confirmed_energization_events
375138,2018-12-20 18:36:00,2,2,2,BLSUMMITTRF2,2099-12-31 00:00:00,0,0,0,,Closed,1.0,17,clear_majority,energization_outage,default,False,False,multiple_confirmed_energization_events
379937,1990-01-01 00:00:00,0,0,0,,2099-12-31 00:00:00,0,0,0,,Closed,1.0,17,clear_majority,default,default,False,True,evidence_dropped_wrong_device
380192,2019-05-03 11:18:00,2,2,2,PHOEBET2,2099-12-31 00:00:00,0,0,0,,Closed,1.0,17,clear_majority,energization_outage,default,False,False,multiple_confirmed_energization_events
380481,1990-01-01 00:00:00,0,0,0,,2099-12-31 00:00:00,0,0,0,,Closed,1.0,20,clear_majority,default,default,False,True,evidence_dropped_wrong_device
380954,2019-04-01 14:58:00,1,0,1,T1,2099-12-31 00:00:00,0,0,0,,Closed,1.0,17,clear_majority,energization_outage,default,False,False,energization_planned_not_actualized
380955,2019-04-01 14:58:00,1,0,1,T2,2099-12-31 00:00:00,0,0,0,,Closed,1.0,17,clear_majority,energization_outage,default,False,False,energization_planned_not_actualized
382388,2019-04-26 16:00:00,5,4,2,RANCHEROTL1,2099-12-31 00:00:00,0,0,0,,Closed,1.0,20,clear_majority,energization_outage,default,False,False,multiple_confirmed_energization_events
384305,2020-04-01 17:00:00,1,0,1,JCMSBCH1,2099-12-31 00:00:00,1,1,1,JCMSBCH1,Closed,1.0,20,clear_majority,energization_outage,default,False,False,energization_planned_not_actualized
386202,2019-05-03 10:37:00,2,2,2,ASHERTLIPTON11,2099-12-31 00:00:00,0,0,0,,Closed,1.0,18,clear_majority,energization_outage,default,False,False,multiple_confirmed_energization_events
386211,2019-05-03 10:37:00,2,2,2,LIPTONWBATE11,2099-12-31 00:00:00,0,0,0,,Closed,1.0,18,clear_majority,energization_outage,default,False,False,multiple_confirmed_energization_events
395474,2019-02-06 00:01:00,1,0,1,OAKCSERDEV11,2099-12-31 00:00:00,0,0,0,,Closed,1.0,20,clear_majority,energization_outage,default,False,False,energization_planned_not_actualized
395511,2019-02-06 00:01:00,1,0,1,FTPPSERDEV11,2099-12-31 00:00:00,0,0,0,,Closed,1.0,20,clear_majority,energization_outage,default,False,False,energization_planned_not_actualized
395521,2019-02-06 00:01:00,1,0,1,PAINTCSERDEV11,2099-12-31 00:00:00,0,0,0,,Closed,1.0,20,clear_majority,energization_outage,default,False,False,energization_planned_not_actualized
395624,2019-06-01 13:00:00,2,2,2,EDITHCFOARDC11,2099-12-31 00:00:00,0,0,0,,Closed,1.0,20,clear_majority,energization_outage,default,False,False,multiple_confirmed_energization_events
399343,1990-01-01 00:00:00,0,0,0,,2099-12-31 00:00:00,0,0,0,,Closed,1.0,17,clear_majority,default,default,False,True,evidence_dropped_wrong_device
399344,1990-01-01 00:00:00,0,0,0,,2099-12-31 00:00:00,0,0,0,,Open,0.0,17,clear_majority,default,default,False,True,evidence_dropped_wrong_device
399516,2020-01-03 09:48:00,2,2,2,GREGRAHAM1,2099-12-31 00:00:00,0,0,0,,Closed,1.0,20,clear_majority,energization_outage,default,False,False,multiple_confirmed_energization_events
400780,2020-01-06 10:38:00,3,3,2,CANTJKSNRC1,2099-12-31 00:00:00,0,0,0,,Closed,1.0,20,clear_majority,energization_outage,default,False,False,multiple_confirmed_energization_events
400781,2020-01-06 10:38:00,3,3,2,EXPLJKSNRC1,2099-12-31 00:00:00,0,0,0,,Closed,1.0,20,clear_majority,energization_outage,default,False,False,multiple_confirmed_energization_events
400835,2020-01-06 10:38:00,3,3,2,EXPLMBNKRC1,2099-12-31 00:00:00,0,0,0,,Closed,1.0,20,clear_majority,energization_outage,default,False,False,multiple_confirmed_energization_events
400976,2020-01-07 17:58:00,2,2,2,EUSTWLTNRC1,2099-12-31 00:00:00,0,0,0,,Closed,0.9,20,clear_majority,energization_outage,default,False,False,multiple_confirmed_energization_events
401132,2023-06-28 09:39:00,2,2,2,ATHNWALTNRC1,2099-12-31 00:00:00,0,0,0,,Closed,1.0,20,clear_majority,energization_outage,default,False,False,multiple_confirmed_energization_events
402361,2019-07-12 18:00:00,1,0,1,WMFMWMFMW1,2099-12-31 00:00:00,0,0,0,,Closed,1.0,20,clear_majority,energization_outage,default,False,False,energization_planned_not_actualized
404118,2019-10-28 23:59:00,2,2,2,AZTECACLOSNE11,2099-12-31 00:00:00,0,0,0,,Closed,1.0,20,clear_majority,energization_outage,default,False,False,multiple_confirmed_energization_events
404124,2019-10-28 23:59:00,2,2,2,CLOSNESEEDI11,2099-12-31 00:00:00,0,0,0,,Closed,1.0,20,clear_majority,energization_outage,default,False,False,multiple_confirmed_energization_events
404343,1990-01-01 00:00:00,0,0,0,,2099-12-31 00:00:00,0,0,0,,Closed,1.0,20,clear_majority,default,default,False,True,evidence_dropped_wrong_device
404829,2019-10-16 08:16:00,1,0,1,CAMPMORHD1A,2099-12-31 00:00:00,0,0,0,,Closed,1.0,20,clear_majority,energization_outage,default,False,False,energization_planned_not_actualized
405328,1990-01-01 00:00:00,0,0,0,,2099-12-31 00:00:00,1,1,1,6245A,Closed,1.0,18,clear_majority,default,default,False,True,evidence_dropped_wrong_device
406373,2019-07-26 16:00:00,1,0,1,13871,2099-12-31 00:00:00,0,0,0,,Closed,1.0,20,clear_majority,energization_outage,default,False,False,energization_planned_not_actualized
406539,2019-07-26 16:00:00,1,0,1,13881,2099-12-31 00:00:00,0,0,0,,Closed,1.0,20,clear_majority,energization_outage,default,False,False,energization_planned_not_actualized
408167,2020-03-29 20:56:00,2,2,2,820G,2099-12-31 00:00:00,0,0,0,,Closed,1.0,20,clear_majority,energization_outage,default,False,False,multiple_confirmed_energization_events
408413,1990-01-01 00:00:00,0,0,0,,2099-12-31 00:00:00,0,0,0,,Closed,1.0,14,clear_majority,default,default,False,True,evidence_dropped_wrong_device
408497,2019-12-05 17:35:00,2,2,2,1318T3131,2099-12-31 00:00:00,0,0,0,,Closed,1.0,20,clear_majority,energization_outage,default,False,False,multiple_confirmed_energization_events
412584,1990-01-01 00:00:00,0,0,0,,2099-12-31 00:00:00,0,0,0,,Closed,1.0,1,clear_majority,default,default,False,True,evidence_dropped_wrong_device
413808,1990-01-01 00:00:00,0,0,0,,2099-12-31 00:00:00,0,0,0,,Closed,1.0,17,clear_majority,default,default,False,True,evidence_dropped_wrong_device
414379,2019-11-16 16:00:00,2,0,1,LAPETUST1,2099-12-31 00:00:00,0,0,0,,Closed,1.0,17,clear_majority,energization_outage,default,False,False,energization_planned_not_actualized
415478,2020-05-15 10:01:00,3,3,2,389A,2099-12-31 00:00:00,0,0,0,,Closed,0.889,18,clear_majority,energization_outage,default,False,False,multiple_confirmed_energization_events
420037,2020-02-27 23:59:00,1,1,1,34410A,2027-05-09 18:01:00,1,0,1,34410A,Closed,1.0,3,clear_majority,energization_outage,retirement_outage,True,False,retirement_status_uncertain
420142,2021-02-28 16:00:00,3,3,1,SCARBISTILLM11,2026-05-04 18:57:00,1,1,1,SCARBISTILLM11,Closed,0.6,20,mixed,energization_outage,retirement_outage,True,False,retirement_status_uncertain
421094,2020-02-11 16:36:00,4,4,2,NBOHRHARALD1,2099-12-31 00:00:00,0,0,0,,Closed,0.95,20,clear_majority,energization_outage,default,False,False,multiple_confirmed_energization_events
421221,2020-02-11 18:11:00,4,4,2,HARALDT1GSU,2099-12-31 00:00:00,0,0,0,,Closed,0.941,17,clear_majority,energization_outage,default,False,False,multiple_confirmed_energization_events
421482,2019-10-09 00:01:00,1,0,1,FEGCGENTIE1,2099-12-31 00:00:00,0,0,0,,Closed,1.0,20,clear_majority,energization_outage,default,False,False,energization_planned_not_actualized
422886,2019-11-15 16:00:00,1,0,1,UXF6,2099-12-31 00:00:00,0,0,0,,Closed,1.0,17,clear_majority,energization_outage,default,False,False,energization_planned_not_actualized
422922,1990-01-01 00:00:00,0,0,0,,2099-12-31 00:00:00,1,1,1,6530B,Closed,1.0,20,clear_majority,default,default,False,True,evidence_dropped_wrong_device
423285,2019-11-06 00:01:00,1,0,1,XT1H,2099-12-31 00:00:00,0,0,0,,Closed,1.0,17,clear_majority,energization_outage,default,False,False,energization_planned_not_actualized
424103,1990-01-01 00:00:00,0,0,0,,2099-12-31 00:00:00,0,0,0,,Closed,1.0,20,clear_majority,default,default,False,True,evidence_dropped_wrong_device
424494,2020-02-12 16:00:00,1,0,1,RAMBLERGENTIE1,2099-12-31 00:00:00,0,0,0,,Closed,0.95,20,clear_majority,energization_outage,default,False,False,energization_planned_not_actualized
426680,1990-01-01 00:00:00,0,0,0,,2099-12-31 00:00:00,0,0,0,,Closed,1.0,20,clear_majority,default,default,False,True,evidence_dropped_wrong_device
432598,2021-12-30 10:30:00,5,5,2,1421T4411,2099-12-31 00:00:00,0,0,0,,Closed,1.0,20,clear_majority,energization_outage,default,False,False,multiple_confirmed_energization_events
432599,1990-01-01 00:00:00,0,0,0,,2099-12-31 00:00:00,0,0,0,,Closed,1.0,20,clear_majority,default,default,False,True,evidence_dropped_wrong_device
432758,1990-01-01 00:00:00,0,0,0,,2099-12-31 00:00:00,0,0,0,,Closed,1.0,20,clear_majority,default,default,False,True,evidence_dropped_wrong_device
437166,1990-01-01 00:00:00,0,0,0,,2099-12-31 00:00:00,0,0,0,,Closed,1.0,20,clear_majority,default,default,False,True,evidence_dropped_wrong_device
437759,2020-10-01 20:00:00,2,2,2,6200B,2099-12-31 00:00:00,0,0,0,,Closed,1.0,20,clear_majority,energization_outage,default,False,False,multiple_confirmed_energization_events
438080,2020-05-06 00:10:00,2,2,2,15050B,2099-12-31 00:00:00,0,0,0,,Closed,1.0,20,clear_majority,energization_outage,default,False,False,multiple_confirmed_energization_events
438428,2020-09-15 16:16:00,2,2,2,AMADEUFIGARO11,2099-12-31 00:00:00,0,0,0,,Closed,1.0,20,clear_majority,energization_outage,default,False,False,multiple_confirmed_energization_events
439239,2020-03-04 17:00:00,1,0,1,STLLMNLOMA1,2099-12-31 00:00:00,0,0,0,,Closed,1.0,20,clear_majority,energization_outage,default,False,False,energization_planned_not_actualized
440948,2020-06-15 17:00:00,2,2,2,MPT2,2099-12-31 00:00:00,0,0,0,,Closed,1.0,17,clear_majority,energization_outage,default,False,False,multiple_confirmed_energization_events
441293,2020-06-19 16:40:00,4,4,2,MPT1,2099-12-31 00:00:00,0,0,0,,Closed,1.0,17,clear_majority,energization_outage,default,False,False,multiple_confirmed_energization_events
441913,2020-06-30 17:00:00,20,0,2,T3101,2099-12-31 00:00:00,0,0,0,,Closed,1.0,20,clear_majority,energization_outage,default,False,False,multiple_confirmed_energization_events
441993,1990-01-01 00:00:00,0,0,0,,2099-12-31 00:00:00,0,0,0,,Closed,1.0,20,clear_majority,default,default,False,True,evidence_dropped_wrong_device
442064,2020-06-30 17:00:00,1,0,1,T1011,2099-12-31 00:00:00,0,0,0,,Closed,1.0,20,clear_majority,energization_outage,default,False,False,energization_planned_not_actualized
442273,1990-01-01 00:00:00,0,0,0,,2099-12-31 00:00:00,0,0,0,,Closed,1.0,17,clear_majority,default,default,False,True,evidence_dropped_wrong_device
445748,1990-01-01 00:00:00,0,0,0,,2099-12-31 00:00:00,0,0,0,,,,0,no_pto_data,default,default,False,True,evidence_dropped_wrong_device
445914,2020-11-19 16:01:00,2,2,2,PUTNSOLANU11,2099-12-31 00:00:00,0,0,0,,Closed,0.85,20,clear_majority,energization_outage,default,False,False,multiple_confirmed_energization_events
446444,2020-10-30 17:00:00,5,5,3,SOLNMTOMATO1,2099-12-31 00:00:00,0,0,0,,Closed,1.0,20,clear_majority,energization_outage,default,False,False,multiple_confirmed_energization_events
449081,2020-10-07 00:01:00,1,1,1,15050D,2025-11-15 18:01:00,1,1,1,15050D,Closed,0.65,20,mixed,energization_outage,retirement_outage,True,False,retirement_status_uncertain
451531,1990-01-01 00:00:00,0,0,0,,2026-03-23 14:30:00,1,1,1,CLAYTPHNTM21,Closed,0.75,20,mixed,default,retirement_outage,True,False,retirement_status_uncertain
453514,1990-01-01 00:00:00,0,0,0,,2099-12-31 00:00:00,0,0,0,,Closed,1.0,20,clear_majority,default,default,False,True,evidence_dropped_wrong_device
456189,2020-12-07 08:54:00,4,3,2,T1,2099-12-31 00:00:00,0,0,0,,Closed,1.0,17,clear_majority,energization_outage,default,False,False,multiple_confirmed_energization_events
458244,1990-01-01 00:00:00,0,0,0,,2099-12-31 00:00:00,0,0,0,,Closed,1.0,20,clear_majority,default,default,False,True,evidence_dropped_wrong_device
458245,1990-01-01 00:00:00,0,0,0,,2099-12-31 00:00:00,0,0,0,,Closed,1.0,20,clear_majority,default,default,False,True,evidence_dropped_wrong_device
460017,2021-12-02 15:31:00,6,6,2,PST1,2099-12-31 00:00:00,0,0,0,,Closed,1.0,20,clear_majority,energization_outage,default,False,False,multiple_confirmed_energization_events
461739,2020-12-08 12:34:00,2,2,2,T1,2099-12-31 00:00:00,0,0,0,,Closed,1.0,17,clear_majority,energization_outage,default,False,False,multiple_confirmed_energization_events
465131,1990-01-01 00:00:00,0,0,0,,2099-12-31 00:00:00,0,0,0,,,,0,no_pto_data,default,default,False,True,evidence_dropped_wrong_device
466567,2021-11-01 17:28:00,3,3,2,14065A,2099-12-31 00:00:00,0,0,0,,,,0,no_pto_data,energization_outage,default,False,False,multiple_confirmed_energization_events
467378,1990-01-01 00:00:00,0,0,0,,2099-12-31 00:00:00,0,0,0,,Closed,1.0,9,clear_majority,default,default,False,True,evidence_dropped_wrong_device
467788,1990-01-01 00:00:00,0,0,0,,2099-12-31 00:00:00,0,0,0,,Closed,1.0,20,clear_majority,default,default,False,True,evidence_dropped_wrong_device
468600,2020-12-02 13:45:00,1,1,1,700G,2026-06-08 16:52:00,1,1,1,700G,Closed,0.632,19,mixed,energization_outage,retirement_outage,True,False,retirement_status_uncertain
471385,2021-12-04 18:00:00,2,2,2,1062A,2099-12-31 00:00:00,0,0,0,,Closed,1.0,20,clear_majority,energization_outage,default,False,False,multiple_confirmed_energization_events
471386,2021-11-21 09:44:00,2,2,2,1063A,2099-12-31 00:00:00,0,0,0,,Closed,1.0,20,clear_majority,energization_outage,default,False,False,multiple_confirmed_energization_events
479363,2021-03-17 12:10:00,2,2,2,TR1,2099-12-31 00:00:00,0,0,0,,Closed,1.0,17,clear_majority,energization_outage,default,False,False,multiple_confirmed_energization_events
486971,2021-05-03 19:30:00,2,2,2,T1P,2099-12-31 00:00:00,0,0,0,,Closed,1.0,20,clear_majority,energization_outage,default,False,False,multiple_confirmed_energization_events
486972,2021-05-03 19:30:00,2,2,2,T1S,2099-12-31 00:00:00,0,0,0,,Closed,1.0,20,clear_majority,energization_outage,default,False,False,multiple_confirmed_energization_events
486974,2021-05-03 19:30:00,2,2,2,T2P,2099-12-31 00:00:00,0,0,0,,Open,0.176,17,clear_majority,energization_outage,default,False,False,multiple_confirmed_energization_events
486975,2021-05-03 19:30:00,2,2,2,T2S,2099-12-31 00:00:00,0,0,0,,Open,0.176,17,clear_majority,energization_outage,default,False,False,multiple_confirmed_energization_events
487499,2022-10-18 19:00:00,3,3,2,BOGPIR88A,2099-12-31 00:00:00,0,0,0,,Closed,1.0,20,clear_majority,energization_outage,default,False,False,multiple_confirmed_energization_events
487520,2021-10-08 16:47:00,2,2,2,BOGDER85A,2099-12-31 00:00:00,0,0,0,,Closed,1.0,20,clear_majority,energization_outage,default,False,False,multiple_confirmed_energization_events
487530,2021-10-08 16:47:00,2,2,2,BOGSL85A,2022-11-05 17:01:00,1,1,1,BOGSL85A,Open,0.3,20,mixed,energization_outage,retirement_outage,False,False,multiple_confirmed_energization_events
487543,2022-10-18 19:00:00,3,3,2,BOGEAB88A,2099-12-31 00:00:00,0,0,0,,Closed,1.0,20,clear_majority,energization_outage,default,False,False,multiple_confirmed_energization_events
489283,2021-05-03 19:44:00,2,2,2,LPLSELPLPY1,2099-12-31 00:00:00,0,0,0,,Closed,1.0,20,clear_majority,energization_outage,default,False,False,multiple_confirmed_energization_events
493688,2022-08-01 00:09:00,4,4,2,T2H,2099-12-31 00:00:00,0,0,0,,Closed,1.0,20,clear_majority,energization_outage,default,False,False,multiple_confirmed_energization_events
493691,2022-04-25 15:26:00,3,3,2,T5H,2099-12-31 00:00:00,0,0,0,,Closed,1.0,17,clear_majority,energization_outage,default,False,False,multiple_confirmed_energization_events
493697,2022-04-01 13:00:00,3,3,2,T6H,2099-12-31 00:00:00,0,0,0,,Closed,1.0,17,clear_majority,energization_outage,default,False,False,multiple_confirmed_energization_events
493700,2021-12-09 17:00:00,3,3,2,T1,2099-12-31 00:00:00,0,0,0,,Closed,1.0,34,clear_majority,energization_outage,default,False,False,multiple_confirmed_energization_events
493701,2022-03-04 17:00:00,3,3,2,T3,2099-12-31 00:00:00,0,0,0,,Closed,1.0,34,clear_majority,energization_outage,default,False,False,multiple_confirmed_energization_events
497123,2021-04-08 14:58:00,2,2,2,LILYTLINE1,2099-12-31 00:00:00,0,0,0,,Closed,1.0,20,clear_majority,energization_outage,default,False,False,multiple_confirmed_energization_events
497350,2021-04-08 14:58:00,2,2,2,T1,2099-12-31 00:00:00,0,0,0,,Closed,1.0,17,clear_majority,energization_outage,default,False,False,multiple_confirmed_energization_events
497670,2021-12-12 20:00:00,2,2,2,VINSWCPL1,2099-12-31 00:00:00,0,0,0,,Closed,1.0,20,clear_majority,energization_outage,default,False,False,multiple_confirmed_energization_events
498193,1990-01-01 00:00:00,0,0,0,,2099-12-31 00:00:00,0,0,0,,Closed,1.0,17,clear_majority,default,default,False,True,evidence_dropped_wrong_device
498194,1990-01-01 00:00:00,0,0,0,,2099-12-31 00:00:00,0,0,0,,Closed,1.0,17,clear_majority,default,default,False,True,evidence_dropped_wrong_device
498336,1990-01-01 00:00:00,0,0,0,,2099-12-31 00:00:00,0,0,0,,,,0,no_pto_data,default,default,False,True,evidence_dropped_wrong_device
499136,2021-05-13 16:37:00,1,1,1,36020B,2026-05-09 18:01:00,1,1,1,36020B,Closed,1.0,1,clear_majority,energization_outage,retirement_outage,True,False,retirement_status_uncertain
500354,2021-05-06 15:20:00,2,2,2,T1,2099-12-31 00:00:00,0,0,0,,Closed,0.941,17,clear_majority,energization_outage,default,False,False,multiple_confirmed_energization_events
502660,2021-04-30 16:20:00,2,2,2,BATCAVETLINE1,2099-12-31 00:00:00,0,0,0,,Closed,1.0,20,clear_majority,energization_outage,default,False,False,multiple_confirmed_energization_events
502803,2021-04-30 16:20:00,2,2,2,T1,2099-12-31 00:00:00,0,0,0,,Closed,1.0,17,clear_majority,energization_outage,default,False,False,multiple_confirmed_energization_events
504317,2024-12-05 13:26:00,4,4,2,790F,2099-12-31 00:00:00,0,0,0,,Closed,1.0,18,clear_majority,energization_outage,default,False,False,multiple_confirmed_energization_events
508684,1990-01-01 00:00:00,0,0,0,,2099-12-31 00:00:00,0,0,0,,Closed,1.0,17,clear_majority,default,default,False,True,evidence_dropped_wrong_device
509640,2021-05-18 12:00:00,2,2,2,15050E,2099-12-31 00:00:00,0,0,0,,Closed,1.0,20,clear_majority,energization_outage,default,False,False,multiple_confirmed_energization_events
510251,2021-06-04 18:00:00,2,0,1,AZURETLINE1,2099-12-31 00:00:00,0,0,0,,Closed,1.0,20,clear_majority,energization_outage,default,False,False,energization_planned_not_actualized
510439,2021-06-04 18:00:00,2,0,1,T1H,2099-12-31 00:00:00,0,0,0,,Closed,1.0,17,clear_majority,energization_outage,default,False,False,energization_planned_not_actualized
514075,1990-01-01 00:00:00,0,0,0,,2099-12-31 00:00:00,0,0,0,,Closed,1.0,6,clear_majority,default,default,False,True,evidence_dropped_wrong_device
514362,2021-09-29 09:00:00,3,2,2,T1,2099-12-31 00:00:00,0,0,0,,Closed,1.0,17,clear_majority,energization_outage,default,False,False,multiple_confirmed_energization_events
515202,2021-09-15 16:35:00,3,3,2,T2,2099-12-31 00:00:00,0,0,0,,Closed,1.0,17,clear_majority,energization_outage,default,False,False,multiple_confirmed_energization_events
515663,2021-11-18 17:00:00,1,0,1,BJCLINE1,2099-12-31 00:00:00,0,0,0,,Closed,1.0,20,clear_majority,energization_outage,default,False,False,energization_planned_not_actualized
517017,2021-11-30 23:59:00,1,0,1,00Y1,2099-12-31 00:00:00,0,0,0,,Closed,1.0,17,clear_majority,energization_outage,default,False,False,energization_planned_not_actualized
517018,2021-11-30 23:59:00,1,0,1,00Y2,2099-12-31 00:00:00,0,0,0,,Closed,1.0,17,clear_majority,energization_outage,default,False,False,energization_planned_not_actualized
520203,2022-03-11 16:25:00,2,2,2,EGLWC02A,2099-12-31 00:00:00,0,0,0,,Closed,1.0,20,clear_majority,energization_outage,default,False,False,multiple_confirmed_energization_events
521078,2021-12-07 16:00:00,3,3,2,SCOUTSTMBOA11,2099-12-31 00:00:00,0,0,0,,Closed,1.0,20,clear_majority,energization_outage,default,False,False,multiple_confirmed_energization_events
522217,2021-12-16 11:49:00,4,4,2,T1,2099-12-31 00:00:00,0,0,0,,Closed,1.0,17,clear_majority,energization_outage,default,False,False,multiple_confirmed_energization_events
522218,2021-10-03 09:21:00,4,4,2,T2,2099-12-31 00:00:00,0,0,0,,Closed,1.0,17,clear_majority,energization_outage,default,False,False,multiple_confirmed_energization_events
524048,2021-11-30 23:59:00,1,0,1,VICTPRT2TL1,2099-12-31 00:00:00,0,0,0,,Closed,1.0,20,clear_majority,energization_outage,default,False,False,energization_planned_not_actualized
531749,1990-01-01 00:00:00,0,0,0,,2099-12-31 00:00:00,0,0,0,,Closed,1.0,6,clear_majority,default,default,False,True,evidence_dropped_wrong_device
533032,2021-12-09 14:00:00,2,2,2,KT2,2099-12-31 00:00:00,0,0,0,,Closed,0.941,17,clear_majority,energization_outage,default,False,False,multiple_confirmed_energization_events
533373,1990-01-01 00:00:00,0,0,0,,2099-12-31 00:00:00,0,0,0,,Closed,1.0,17,clear_majority,default,default,False,True,evidence_dropped_wrong_device
537561,1990-01-01 00:00:00,0,0,0,,2099-12-31 00:00:00,0,0,0,,Closed,1.0,7,clear_majority,default,default,False,True,evidence_dropped_wrong_device
539264,2021-12-30 16:00:00,4,4,2,T2,2099-12-31 00:00:00,0,0,0,,Closed,1.0,17,clear_majority,energization_outage,default,False,False,multiple_confirmed_energization_events
547757,2021-12-10 01:13:00,2,2,2,APOGEETLINE1,2099-12-31 00:00:00,0,0,0,,Closed,1.0,20,clear_majority,energization_outage,default,False,False,multiple_confirmed_energization_events
552333,2022-12-06 08:00:00,2,2,2,CKT31371,2099-12-31 00:00:00,0,0,0,,Closed,1.0,20,clear_majority,energization_outage,default,False,True,multiple_confirmed_energization_events
555042,2022-04-14 18:00:00,1,1,1,230B,2026-11-19 18:01:00,1,0,1,230B,Closed,1.0,1,clear_majority,energization_outage,retirement_outage,True,False,retirement_status_uncertain
561049,2022-06-08 14:37:00,2,2,2,T1,2099-12-31 00:00:00,0,0,0,,Closed,0.941,17,clear_majority,energization_outage,default,False,False,multiple_confirmed_energization_events
561050,2022-06-08 15:24:00,2,2,2,T2,2099-12-31 00:00:00,0,0,0,,Closed,0.941,17,clear_majority,energization_outage,default,False,False,multiple_confirmed_energization_events
561051,2022-06-08 14:31:00,2,2,2,T3,2099-12-31 00:00:00,0,0,0,,Closed,0.941,17,clear_majority,energization_outage,default,False,False,multiple_confirmed_energization_events
564157,2022-09-02 00:00:00,1,0,1,KT01,2099-12-31 00:00:00,0,0,0,,Closed,1.0,17,clear_majority,energization_outage,default,False,False,energization_planned_not_actualized
566537,1990-01-01 00:00:00,0,0,0,,2099-12-31 00:00:00,0,0,0,,Closed,1.0,20,clear_majority,default,default,False,True,evidence_dropped_wrong_device
567214,2022-05-05 18:08:00,1,1,1,15055A,2026-01-30 20:34:00,1,1,1,15055A,Closed,0.737,19,mixed,energization_outage,retirement_outage,True,False,retirement_status_uncertain
568409,1990-01-01 00:00:00,0,0,0,,2099-12-31 00:00:00,0,0,0,,Closed,1.0,8,clear_majority,default,default,False,True,evidence_dropped_wrong_device
574184,2022-07-21 11:08:00,2,2,2,DABLON01A,2099-12-31 00:00:00,0,0,0,,Closed,1.0,20,clear_majority,energization_outage,default,False,False,multiple_confirmed_energization_events
575144,2022-09-30 13:00:00,3,3,3,KT1,2099-12-31 00:00:00,0,0,0,,Closed,1.0,17,clear_majority,energization_outage,default,False,False,multiple_confirmed_energization_events
577862,1990-01-01 00:00:00,0,0,0,,2099-12-31 00:00:00,0,0,0,,Closed,1.0,17,clear_majority,default,default,False,True,evidence_dropped_wrong_device
578169,2022-09-30 23:59:00,1,0,1,T1,2099-12-31 00:00:00,0,0,0,,Closed,1.0,17,clear_majority,energization_outage,default,False,False,energization_planned_not_actualized
580444,2022-07-06 00:05:00,2,2,2,ETPGALOW1,2099-12-31 00:00:00,0,0,0,,Closed,1.0,20,clear_majority,energization_outage,default,False,False,multiple_confirmed_energization_events
580445,2022-07-06 00:05:00,2,2,2,GALOWRICEBI1,2099-12-31 00:00:00,0,0,0,,Closed,1.0,20,clear_majority,energization_outage,default,False,False,multiple_confirmed_energization_events
581822,2023-12-15 11:01:00,4,4,2,SCHNDRBIGHIL22,2099-12-31 00:00:00,0,0,0,,Closed,1.0,20,clear_majority,energization_outage,default,False,False,multiple_confirmed_energization_events
583209,1990-01-01 00:00:00,0,0,0,,2099-12-31 00:00:00,0,0,0,,Closed,0.75,20,mixed,default,default,False,True,evidence_dropped_wrong_device
583210,1990-01-01 00:00:00,0,0,0,,2099-12-31 00:00:00,0,0,0,,Closed,0.643,14,mixed,default,default,False,True,evidence_dropped_wrong_device
585347,2024-05-15 17:52:00,2,2,2,6118D,2099-12-31 00:00:00,0,0,0,,Open,0.25,12,mixed,energization_outage,default,False,False,multiple_confirmed_energization_events
586751,2022-12-05 13:00:00,2,2,2,CROSSOPALOUS11,2099-12-31 00:00:00,0,0,0,,Closed,1.0,20,clear_majority,energization_outage,default,False,False,multiple_confirmed_energization_events
595306,2022-12-02 13:37:00,2,2,2,6520F,2099-12-31 00:00:00,0,0,0,,Closed,1.0,20,clear_majority,energization_outage,default,False,False,multiple_confirmed_energization_events
598590,1990-01-01 00:00:00,0,0,0,,2099-12-31 00:00:00,0,0,0,,Closed,0.95,20,clear_majority,default,default,False,True,evidence_dropped_wrong_device
598591,1990-01-01 00:00:00,0,0,0,,2099-12-31 00:00:00,0,0,0,,Closed,0.95,20,clear_majority,default,default,False,True,evidence_dropped_wrong_device
599040,2023-01-05 18:00:00,1,0,1,2260C,2099-12-31 00:00:00,0,0,0,,Closed,1.0,20,clear_majority,energization_outage,default,False,False,energization_planned_not_actualized
599380,1990-01-01 00:00:00,0,0,0,,2099-12-31 00:00:00,0,0,0,,Closed,1.0,20,clear_majority,default,default,False,True,evidence_dropped_wrong_device
601938,2022-12-16 14:50:00,3,3,2,KT1,2099-12-31 00:00:00,0,0,0,,Closed,1.0,17,clear_majority,energization_outage,default,False,False,multiple_confirmed_energization_events
601939,2022-12-16 14:50:00,3,3,2,KT2,2099-12-31 00:00:00,0,0,0,,Closed,1.0,17,clear_majority,energization_outage,default,False,False,multiple_confirmed_energization_events
604347,2023-11-21 12:31:00,3,3,2,T1,2099-12-31 00:00:00,0,0,0,,Closed,1.0,17,clear_majority,energization_outage,default,False,False,multiple_confirmed_energization_events
604348,2023-11-21 12:31:00,3,3,2,T2,2099-12-31 00:00:00,0,0,0,,Closed,1.0,17,clear_majority,energization_outage,default,False,False,multiple_confirmed_energization_events
605101,2023-03-09 10:05:00,3,3,2,T3161,2099-12-31 00:00:00,0,0,0,,Closed,1.0,20,clear_majority,energization_outage,default,False,False,multiple_confirmed_energization_events
605102,2023-03-09 10:05:00,3,3,2,T3211,2099-12-31 00:00:00,0,0,0,,Closed,1.0,20,clear_majority,energization_outage,default,False,False,multiple_confirmed_energization_events
607273,2023-12-05 16:25:00,5,3,2,T1,2099-12-31 00:00:00,0,0,0,,Closed,1.0,17,clear_majority,energization_outage,default,False,False,multiple_confirmed_energization_events
607274,2023-12-05 16:25:00,4,3,2,T2,2099-12-31 00:00:00,0,0,0,,Closed,1.0,17,clear_majority,energization_outage,default,False,False,multiple_confirmed_energization_events
609266,2023-01-27 00:00:00,2,2,2,T1031,2099-12-31 00:00:00,0,0,0,,Closed,1.0,20,clear_majority,energization_outage,default,False,False,multiple_confirmed_energization_events
610169,2023-06-28 10:44:00,2,2,2,413A,2099-12-31 00:00:00,0,0,0,,Closed,1.0,20,clear_majority,energization_outage,default,False,False,multiple_confirmed_energization_events
613864,1990-01-01 00:00:00,0,0,0,,2099-12-31 00:00:00,0,0,0,,Closed,0.95,20,clear_majority,default,default,False,True,evidence_dropped_wrong_device
614584,2023-02-04 00:01:00,1,1,1,880A,2025-12-02 18:01:00,1,1,1,880A,Closed,1.0,4,clear_majority,energization_outage,retirement_outage,True,False,retirement_status_uncertain
619802,1990-01-01 00:00:00,0,0,0,,2099-12-31 00:00:00,0,0,0,,Closed,1.0,20,clear_majority,default,default,False,True,evidence_dropped_wrong_device
620071,2023-03-31 16:39:00,1,1,1,6471C,2025-12-15 19:21:00,1,1,1,6471C,Closed,0.65,20,mixed,energization_outage,retirement_outage,True,False,retirement_status_uncertain
620175,2023-12-02 07:59:00,2,2,2,1765B,2099-12-31 00:00:00,0,0,0,,Closed,1.0,1,clear_majority,energization_outage,default,False,False,multiple_confirmed_energization_events
622110,2024-11-15 12:59:00,2,2,2,ANGSTRGRISSO11,2099-12-31 00:00:00,0,0,0,,Closed,0.933,15,clear_majority,energization_outage,default,False,False,multiple_confirmed_energization_events
623800,2023-04-26 12:00:00,1,0,1,T1,2099-12-31 00:00:00,0,0,0,,Closed,1.0,17,clear_majority,energization_outage,default,False,False,energization_planned_not_actualized
624497,2023-10-12 20:00:00,1,1,1,1885A,2025-11-25 18:01:00,2,2,1,1885A,Closed,0.8,20,mixed,energization_outage,retirement_outage,True,False,retirement_status_uncertain
626058,2023-11-03 18:00:00,1,0,1,6135H,2099-12-31 00:00:00,0,0,0,,Closed,0.526,19,mixed,energization_outage,default,False,False,energization_planned_not_actualized
626059,2023-11-03 18:00:00,1,0,1,6135I,2099-12-31 00:00:00,0,0,0,,Closed,0.526,19,mixed,energization_outage,default,False,False,energization_planned_not_actualized
626574,2023-10-16 23:23:00,2,2,2,1395A,2099-12-31 00:00:00,0,0,0,,Closed,0.571,7,mixed,energization_outage,default,False,False,multiple_confirmed_energization_events
626863,1990-01-01 00:00:00,0,0,0,,2099-12-31 00:00:00,0,0,0,,Closed,1.0,3,clear_majority,default,default,False,True,evidence_dropped_wrong_device
630747,2024-05-08 12:00:00,4,4,2,15030A,2099-12-31 00:00:00,0,0,0,,Closed,0.95,20,clear_majority,energization_outage,default,False,False,multiple_confirmed_energization_events
639836,2023-10-15 10:45:00,5,5,2,T1,2099-12-31 00:00:00,0,0,0,,Closed,1.0,17,clear_majority,energization_outage,default,False,False,multiple_confirmed_energization_events
640238,2023-08-08 10:13:00,3,3,2,T2,2099-12-31 00:00:00,0,0,0,,Closed,1.0,17,clear_majority,energization_outage,default,False,False,multiple_confirmed_energization_events
642224,2023-07-21 00:00:00,1,0,1,T1051,2099-12-31 00:00:00,0,0,0,,Closed,1.0,20,clear_majority,energization_outage,default,False,False,energization_planned_not_actualized
646176,2023-04-26 23:59:00,1,0,1,FRONTEC0011,2099-12-31 00:00:00,0,0,0,,Closed,1.0,20,clear_majority,energization_outage,default,False,False,energization_planned_not_actualized
646177,2023-04-26 23:59:00,1,0,1,FRONTEC1011,2099-12-31 00:00:00,0,0,0,,Closed,1.0,20,clear_majority,energization_outage,default,False,False,energization_planned_not_actualized
646178,2023-04-26 23:59:00,1,0,1,FRONTEC2011,2099-12-31 00:00:00,0,0,0,,Closed,1.0,20,clear_majority,energization_outage,default,False,False,energization_planned_not_actualized
646478,2023-04-26 23:59:00,1,0,1,E110,2099-12-31 00:00:00,0,0,0,,Closed,1.0,17,clear_majority,energization_outage,default,False,False,energization_planned_not_actualized
646479,2023-04-26 23:59:00,1,0,1,E120,2099-12-31 00:00:00,0,0,0,,Closed,1.0,17,clear_majority,energization_outage,default,False,False,energization_planned_not_actualized
646480,2023-04-26 23:59:00,1,0,1,E100,2099-12-31 00:00:00,0,0,0,,Closed,1.0,17,clear_majority,energization_outage,default,False,False,energization_planned_not_actualized
647462,1990-01-01 00:00:00,0,0,0,,2099-12-31 00:00:00,0,0,0,,Closed,0.941,17,clear_majority,default,default,False,True,evidence_dropped_wrong_device
647463,1990-01-01 00:00:00,0,0,0,,2099-12-31 00:00:00,0,0,0,,Closed,0.941,17,clear_majority,default,default,False,True,evidence_dropped_wrong_device
649088,2024-05-21 12:20:00,5,3,2,HYDRESSTLINE1,2099-12-31 00:00:00,0,0,0,,Closed,1.0,20,clear_majority,energization_outage,default,False,False,multiple_confirmed_energization_events
649571,2024-05-21 12:20:00,5,3,2,T1,2099-12-31 00:00:00,0,0,0,,Closed,1.0,17,clear_majority,energization_outage,default,False,False,multiple_confirmed_energization_events
654388,1990-01-01 00:00:00,0,0,0,,2099-12-31 00:00:00,0,0,0,,Closed,1.0,16,clear_majority,default,default,False,True,evidence_dropped_wrong_device
655149,2023-11-01 12:00:00,3,3,2,695A,2099-12-31 00:00:00,0,0,0,,Closed,1.0,20,clear_majority,energization_outage,default,False,False,multiple_confirmed_energization_events
656470,2024-03-01 18:00:00,1,0,1,6550A,2099-12-31 00:00:00,0,0,0,,Closed,1.0,20,clear_majority,energization_outage,default,False,False,energization_planned_not_actualized
657636,1990-01-01 00:00:00,0,0,0,,2099-12-31 00:00:00,0,0,0,,Closed,1.0,3,clear_majority,default,default,False,True,evidence_dropped_wrong_device
658761,2023-12-31 23:59:00,1,0,1,37012A,2099-12-31 00:00:00,0,0,0,,Closed,1.0,20,clear_majority,energization_outage,default,False,False,energization_planned_not_actualized
661546,2024-04-17 23:59:00,4,3,2,T1,2099-12-31 00:00:00,0,0,0,,Closed,1.0,17,clear_majority,energization_outage,default,False,False,multiple_confirmed_energization_events
661931,2024-04-17 23:59:00,4,3,2,TORTOBATLINE1,2099-12-31 00:00:00,0,0,0,,Closed,1.0,20,clear_majority,energization_outage,default,False,False,multiple_confirmed_energization_events
662092,2023-10-11 00:00:00,1,0,1,T1,2099-12-31 00:00:00,0,0,0,,Closed,1.0,17,clear_majority,energization_outage,default,False,False,energization_planned_not_actualized
662093,2023-10-11 00:00:00,1,0,1,T2,2099-12-31 00:00:00,0,0,0,,Closed,0.706,17,mixed,energization_outage,default,False,False,energization_planned_not_actualized
664623,1990-01-01 00:00:00,0,0,0,,2099-12-31 00:00:00,0,0,0,,Closed,1.0,16,clear_majority,default,default,False,True,evidence_dropped_wrong_device
664626,1990-01-01 00:00:00,0,0,0,,2099-12-31 00:00:00,0,0,0,,Closed,1.0,16,clear_majority,default,default,False,True,evidence_dropped_wrong_device
664629,1990-01-01 00:00:00,0,0,0,,2099-12-31 00:00:00,0,0,0,,Closed,1.0,16,clear_majority,default,default,False,True,evidence_dropped_wrong_device
665428,2024-05-08 17:19:00,2,2,2,HIDOUTWISE1,2099-12-31 00:00:00,0,0,0,,Closed,1.0,20,clear_majority,energization_outage,default,False,False,multiple_confirmed_energization_events
665429,2024-05-08 17:19:00,2,2,2,JCKCNHIDOUT1,2099-12-31 00:00:00,0,0,0,,Closed,1.0,20,clear_majority,energization_outage,default,False,False,multiple_confirmed_energization_events
665477,2024-01-30 23:59:00,1,0,1,PIONRDJHUTT1,2099-12-31 00:00:00,0,0,0,,Closed,1.0,20,clear_majority,energization_outage,default,False,False,energization_planned_not_actualized
665670,2026-05-14 17:00:00,1,0,1,760T7601,2099-12-31 00:00:00,0,0,0,,Closed,0.95,20,clear_majority,energization_outage,default,False,False,energization_planned_not_actualized
667100,2024-01-30 23:59:00,1,0,1,T1,2099-12-31 00:00:00,0,0,0,,Closed,1.0,17,clear_majority,energization_outage,default,False,False,energization_planned_not_actualized
669383,2024-03-01 23:59:00,1,0,1,0020,2099-12-31 00:00:00,0,0,0,,Closed,1.0,17,clear_majority,energization_outage,default,False,False,energization_planned_not_actualized
669897,2024-04-16 00:00:00,1,0,1,T1,2099-12-31 00:00:00,0,0,0,,Closed,1.0,17,clear_majority,energization_outage,default,False,False,energization_planned_not_actualized
672174,2025-02-14 06:59:00,3,3,2,CMLCHERESNIK21,2099-12-31 00:00:00,0,0,0,,Open,0.375,16,mixed,energization_outage,default,False,False,multiple_confirmed_energization_events
673144,2024-03-04 23:59:00,1,0,1,EBONYGENTIE1,2099-12-31 00:00:00,0,0,0,,Closed,1.0,20,clear_majority,energization_outage,default,False,False,energization_planned_not_actualized
673197,2024-03-04 23:59:00,1,0,1,T1,2099-12-31 00:00:00,0,0,0,,Closed,1.0,17,clear_majority,energization_outage,default,False,False,energization_planned_not_actualized
676418,1990-01-01 00:00:00,0,0,0,,2099-12-31 00:00:00,0,0,0,,Closed,1.0,18,clear_majority,default,default,False,True,evidence_dropped_wrong_device
676419,1990-01-01 00:00:00,0,0,0,,2099-12-31 00:00:00,0,0,0,,Closed,1.0,16,clear_majority,default,default,False,True,evidence_dropped_wrong_device
676420,1990-01-01 00:00:00,0,0,0,,2099-12-31 00:00:00,0,0,0,,Closed,1.0,2,clear_majority,default,default,False,True,evidence_dropped_wrong_device
676421,1990-01-01 00:00:00,0,0,0,,2099-12-31 00:00:00,0,0,0,,Closed,1.0,4,clear_majority,default,default,False,True,evidence_dropped_wrong_device
677536,2024-02-19 14:00:00,2,2,2,KT2,2099-12-31 00:00:00,0,0,0,,Closed,1.0,17,clear_majority,energization_outage,default,False,False,multiple_confirmed_energization_events
677585,2024-04-15 12:00:00,1,0,1,398A,2099-12-31 00:00:00,0,0,0,,Closed,1.0,20,clear_majority,energization_outage,default,False,False,energization_planned_not_actualized
679670,2024-05-01 17:22:00,3,3,3,KT1,2099-12-31 00:00:00,0,0,0,,Closed,1.0,16,clear_majority,energization_outage,default,False,False,multiple_confirmed_energization_events
679671,2024-05-01 17:22:00,2,2,2,KT2,2099-12-31 00:00:00,0,0,0,,Closed,1.0,16,clear_majority,energization_outage,default,False,False,multiple_confirmed_energization_events
681223,1990-01-01 00:00:00,0,0,0,,2099-12-31 00:00:00,0,0,0,,Closed,0.833,18,clear_majority,default,default,False,True,evidence_dropped_wrong_device
681398,2024-05-14 12:52:00,3,3,2,245A,2099-12-31 00:00:00,0,0,0,,Closed,1.0,20,clear_majority,energization_outage,default,False,False,multiple_confirmed_energization_events
697734,2024-09-30 23:59:00,1,0,1,TR1,2099-12-31 00:00:00,0,0,0,,Closed,1.0,17,clear_majority,energization_outage,default,False,False,energization_planned_not_actualized
697962,2024-10-31 17:00:00,1,0,1,BTBT031,2099-12-31 00:00:00,0,0,0,,Closed,1.0,20,clear_majority,energization_outage,default,False,False,energization_planned_not_actualized
698927,1990-01-01 00:00:00,0,0,0,,2099-12-31 00:00:00,0,0,0,,Closed,1.0,1,clear_majority,default,default,False,True,evidence_dropped_wrong_device
700396,2024-12-20 22:30:00,2,2,2,527A,2099-12-31 00:00:00,0,0,0,,Closed,1.0,18,clear_majority,energization_outage,default,False,False,multiple_confirmed_energization_events
700397,2024-12-20 22:30:00,2,2,2,529B,2099-12-31 00:00:00,0,0,0,,Closed,1.0,2,clear_majority,energization_outage,default,False,False,multiple_confirmed_energization_events
702593,1990-01-01 00:00:00,0,0,0,,2099-12-31 00:00:00,0,0,0,,Closed,1.0,3,clear_majority,default,default,False,True,evidence_dropped_wrong_device
702594,1990-01-01 00:00:00,0,0,0,,2099-12-31 00:00:00,0,0,0,,Closed,1.0,3,clear_majority,default,default,False,True,evidence_dropped_wrong_device
703632,2024-08-30 12:00:00,1,0,1,MRKMTLINE1,2099-12-31 00:00:00,0,0,0,,Closed,1.0,20,clear_majority,energization_outage,default,False,False,energization_planned_not_actualized
703757,2024-08-30 12:00:00,1,0,1,T1,2099-12-31 00:00:00,0,0,0,,Closed,1.0,17,clear_majority,energization_outage,default,False,False,energization_planned_not_actualized
706676,2024-11-20 13:57:00,1,0,1,MCKENZSAXET11,2099-12-31 00:00:00,0,0,0,,Closed,1.0,20,clear_majority,energization_outage,default,False,False,energization_planned_not_actualized
707045,2024-07-18 14:41:00,2,2,2,GKSBESSTLINE1,2099-12-31 00:00:00,0,0,0,,Closed,1.0,20,clear_majority,energization_outage,default,False,False,multiple_confirmed_energization_events
707168,2024-07-18 15:30:00,2,2,2,MPT1,2099-12-31 00:00:00,0,0,0,,Closed,1.0,17,clear_majority,energization_outage,default,False,False,multiple_confirmed_energization_events
707933,2024-08-13 08:00:00,1,0,1,T1,2099-12-31 00:00:00,0,0,0,,Closed,1.0,17,clear_majority,energization_outage,default,False,False,energization_planned_not_actualized
707934,2024-08-13 08:00:00,1,0,1,T2,2099-12-31 00:00:00,0,0,0,,Closed,1.0,17,clear_majority,energization_outage,default,False,False,energization_planned_not_actualized
708083,2024-12-31 23:59:00,1,0,1,JKLPSLRTL11,2099-12-31 00:00:00,0,0,0,,Closed,1.0,20,clear_majority,energization_outage,default,False,False,energization_planned_not_actualized
708322,2024-12-31 23:59:00,1,0,1,T1,2099-12-31 00:00:00,0,0,0,,Closed,1.0,17,clear_majority,energization_outage,default,False,False,energization_planned_not_actualized
708323,2024-12-31 23:59:00,1,0,1,T2,2099-12-31 00:00:00,0,0,0,,Closed,1.0,17,clear_majority,energization_outage,default,False,False,energization_planned_not_actualized
710668,2025-03-01 23:59:00,2,2,2,FPSD1,2099-12-31 00:00:00,0,0,0,,Open,0.0,20,clear_majority,energization_outage,default,False,False,multiple_confirmed_energization_events
710681,2025-03-01 23:59:00,2,2,2,SPSM1,2099-12-31 00:00:00,0,0,0,,Open,0.0,9,clear_majority,energization_outage,default,False,False,multiple_confirmed_energization_events
712033,2024-10-11 17:40:00,1,1,1,3080I,2026-05-18 20:01:00,1,1,1,3080I,Closed,1.0,2,clear_majority,energization_outage,retirement_outage,True,False,retirement_status_uncertain
714955,1990-01-01 00:00:00,0,0,0,,2099-12-31 00:00:00,0,0,0,,Closed,0.944,18,clear_majority,default,default,False,True,evidence_dropped_wrong_device
715538,2024-12-31 23:59:00,1,0,1,JKLPSLRL11,2099-12-31 00:00:00,0,0,0,,Closed,1.0,20,clear_majority,energization_outage,default,False,False,energization_planned_not_actualized
715539,2024-12-31 23:59:00,1,0,1,JKLPSLRL21,2099-12-31 00:00:00,0,0,0,,Closed,1.0,20,clear_majority,energization_outage,default,False,False,energization_planned_not_actualized
715540,2024-12-31 23:59:00,1,0,1,JKLPSLRL31,2099-12-31 00:00:00,0,0,0,,Closed,1.0,20,clear_majority,energization_outage,default,False,False,energization_planned_not_actualized
715541,2024-12-31 23:59:00,1,0,1,JKLPSLRL41,2099-12-31 00:00:00,0,0,0,,Closed,1.0,20,clear_majority,energization_outage,default,False,False,energization_planned_not_actualized
715939,2025-04-15 11:03:00,1,1,1,6251C,2025-04-18 11:06:00,1,1,1,6251C,Closed,0.8,15,mixed,energization_outage,retirement_outage,True,False,retirement_status_uncertain
716271,2024-11-14 20:10:00,1,1,1,306A,2026-12-23 18:01:00,1,0,1,306A,Closed,1.0,1,clear_majority,energization_outage,retirement_outage,True,False,retirement_status_uncertain
719757,1990-01-01 00:00:00,0,0,0,,2099-12-31 00:00:00,0,0,0,,Closed,1.0,19,clear_majority,default,default,False,True,evidence_dropped_wrong_device
719944,2024-11-15 18:00:00,3,3,2,14120A,2099-12-31 00:00:00,0,0,0,,Closed,1.0,1,clear_majority,energization_outage,default,False,False,multiple_confirmed_energization_events
719945,2024-11-15 18:00:00,3,3,2,6481G,2099-12-31 00:00:00,0,0,0,,Closed,1.0,12,clear_majority,energization_outage,default,False,False,multiple_confirmed_energization_events
719946,2024-11-15 18:00:00,3,3,2,6482E,2099-12-31 00:00:00,0,0,0,,Closed,1.0,19,clear_majority,energization_outage,default,False,False,multiple_confirmed_energization_events
722121,2025-03-27 10:12:00,2,2,2,T1,2099-12-31 00:00:00,0,0,0,,Closed,0.933,15,clear_majority,energization_outage,default,False,False,multiple_confirmed_energization_events
722136,2024-12-18 11:00:00,3,3,2,T1,2099-12-31 00:00:00,0,0,0,,Closed,1.0,15,clear_majority,energization_outage,default,False,False,multiple_confirmed_energization_events
723255,2024-12-31 17:00:00,1,0,1,JAROAS01A,2099-12-31 00:00:00,0,0,0,,Closed,1.0,20,clear_majority,energization_outage,default,False,False,energization_planned_not_actualized
724069,2025-01-02 09:42:00,3,3,2,T1,2099-12-31 00:00:00,0,0,0,,Closed,1.0,15,clear_majority,energization_outage,default,False,False,multiple_confirmed_energization_events
724071,2025-01-10 00:00:00,2,2,2,DSWLSC1,2099-12-31 00:00:00,0,0,0,,Closed,1.0,18,clear_majority,energization_outage,default,False,False,multiple_confirmed_energization_events
725267,2025-03-10 15:15:00,5,5,2,T1,2099-12-31 00:00:00,0,0,0,,Closed,0.938,16,clear_majority,energization_outage,default,False,False,multiple_confirmed_energization_events
726797,1990-01-01 00:00:00,0,0,0,,2099-12-31 00:00:00,0,0,0,,Closed,0.909,11,clear_majority,default,default,False,True,evidence_dropped_wrong_device
726798,2024-11-15 20:00:00,1,0,1,6315B,2099-12-31 00:00:00,0,0,0,,Closed,1.0,18,clear_majority,energization_outage,default,False,False,energization_planned_not_actualized
728562,2025-02-28 23:59:00,3,3,2,ANTLESSTLINE1,2099-12-31 00:00:00,0,0,0,,Closed,1.0,17,clear_majority,energization_outage,default,False,False,multiple_confirmed_energization_events
728842,2025-03-27 10:12:00,2,2,2,ANOLESSTLINE1,2099-12-31 00:00:00,0,0,0,,Closed,0.944,18,clear_majority,energization_outage,default,False,False,multiple_confirmed_energization_events
728935,2024-12-18 11:00:00,3,3,2,BKSLTLINE1,2099-12-31 00:00:00,0,0,0,,Closed,1.0,18,clear_majority,energization_outage,default,False,False,multiple_confirmed_energization_events
729701,2025-02-28 23:59:00,3,3,2,T1,2099-12-31 00:00:00,0,0,0,,Closed,0.929,14,clear_majority,energization_outage,default,False,False,multiple_confirmed_energization_events
731626,2025-01-31 23:59:00,3,2,2,CARNESSTL1,2099-12-31 00:00:00,0,0,0,,Closed,1.0,17,clear_majority,energization_outage,default,False,False,multiple_confirmed_energization_events
731819,2025-01-31 23:59:00,3,2,2,T1,2099-12-31 00:00:00,0,0,0,,Closed,1.0,14,clear_majority,energization_outage,default,False,False,multiple_confirmed_energization_events
731938,2025-04-05 15:30:00,3,3,2,SU2H,2099-12-31 00:00:00,0,0,0,,Closed,1.0,14,clear_majority,energization_outage,default,False,False,multiple_confirmed_energization_events
732011,2025-03-19 18:00:00,2,2,2,6148E,2099-12-31 00:00:00,0,0,0,,Closed,0.938,16,clear_majority,energization_outage,default,False,False,multiple_confirmed_energization_events
732012,2025-03-19 18:00:00,2,2,2,6148F,2099-12-31 00:00:00,0,0,0,,Closed,0.938,16,clear_majority,energization_outage,default,False,False,multiple_confirmed_energization_events
732013,2025-03-19 18:00:00,2,2,2,6148G,2099-12-31 00:00:00,0,0,0,,Closed,0.938,16,clear_majority,energization_outage,default,False,False,multiple_confirmed_energization_events
735404,2025-05-02 19:10:00,2,2,2,SIOUXLOWRESS1,2099-12-31 00:00:00,0,0,0,,Closed,1.0,16,clear_majority,energization_outage,default,False,False,multiple_confirmed_energization_events
738103,2026-01-07 00:00:00,1,0,1,T1,2099-12-31 00:00:00,0,0,0,,Closed,0.786,14,mixed,energization_outage,default,False,False,energization_planned_not_actualized
741006,2025-09-18 16:00:00,1,0,1,JUNCTETUSCOL11,2099-12-31 00:00:00,0,0,0,,Open,0.267,15,mixed,energization_outage,default,False,False,energization_planned_not_actualized
741007,2025-10-29 12:00:00,2,0,1,JUNCTEROBT11,2099-12-31 00:00:00,0,0,0,,Open,0.267,15,mixed,energization_outage,default,False,False,energization_planned_not_actualized
744779,2025-07-09 09:12:00,2,2,2,CLAYTNVLCMPSP1,2099-12-31 00:00:00,0,0,0,,Closed,1.0,6,clear_majority,energization_outage,default,False,False,multiple_confirmed_energization_events
745547,2025-01-13 12:13:00,2,2,2,PEYTONIILINE1,2099-12-31 00:00:00,0,0,0,,Closed,1.0,18,clear_majority,energization_outage,default,False,False,multiple_confirmed_energization_events
745660,2025-01-13 12:13:00,2,2,2,KT1,2099-12-31 00:00:00,0,0,0,,Closed,1.0,15,clear_majority,energization_outage,default,False,False,multiple_confirmed_energization_events
747861,1990-01-01 00:00:00,0,0,0,,2099-12-31 00:00:00,0,0,0,,Closed,1.0,1,clear_majority,default,default,False,True,evidence_dropped_wrong_device
749621,2025-06-12 12:00:00,2,2,2,3423A,2099-12-31 00:00:00,0,0,0,,Closed,0.857,14,clear_majority,energization_outage,default,False,False,multiple_confirmed_energization_events
750147,2025-06-27 17:00:00,3,2,2,KT1,2099-12-31 00:00:00,0,0,0,,Closed,1.0,11,clear_majority,energization_outage,default,False,False,multiple_confirmed_energization_events
750148,2025-06-27 17:00:00,3,2,2,KT2,2099-12-31 00:00:00,0,0,0,,Closed,1.0,11,clear_majority,energization_outage,default,False,False,multiple_confirmed_energization_events
752220,2025-03-30 23:59:00,2,2,2,T1,2099-12-31 00:00:00,0,0,0,,Closed,1.0,14,clear_majority,energization_outage,default,False,False,multiple_confirmed_energization_events
752785,2025-04-08 23:59:00,2,2,2,T1A,2099-12-31 00:00:00,0,0,0,,Closed,1.0,13,clear_majority,energization_outage,default,False,False,multiple_confirmed_energization_events
755247,2025-12-13 04:35:00,2,2,2,6471A,2099-12-31 00:00:00,0,0,0,,Closed,0.692,13,mixed,energization_outage,default,False,False,multiple_confirmed_energization_events
756058,2026-10-29 16:00:00,2,0,1,BALLINCORAZT1A,2099-12-31 00:00:00,0,0,0,,Open,0.0,10,clear_majority,energization_outage,default,False,False,energization_planned_not_actualized
756190,2026-10-29 16:00:00,2,0,1,CORAZTPAINTR1A,2099-12-31 00:00:00,0,0,0,,Open,0.0,10,clear_majority,energization_outage,default,False,False,energization_planned_not_actualized
756191,2026-10-29 16:00:00,2,0,1,CORAZTREDBO1A,2099-12-31 00:00:00,0,0,0,,Open,0.0,10,clear_majority,energization_outage,default,False,False,energization_planned_not_actualized
757237,2025-08-22 16:00:00,1,0,1,MPT1,2099-12-31 00:00:00,0,0,0,,Closed,1.0,10,clear_majority,energization_outage,default,False,False,energization_planned_not_actualized
757428,2026-07-17 16:00:00,1,0,1,ARGURICROWEL1A,2099-12-31 00:00:00,0,0,0,,Open,0.0,8,clear_majority,energization_outage,default,False,False,energization_planned_not_actualized
757429,2026-07-17 16:00:00,1,0,1,ARGURIPAUL1A,2099-12-31 00:00:00,0,0,0,,Open,0.0,8,clear_majority,energization_outage,default,False,False,energization_planned_not_actualized
757757,2025-08-22 16:00:00,1,0,1,MPT1,2099-12-31 00:00:00,0,0,0,,Closed,1.0,11,clear_majority,energization_outage,default,False,False,energization_planned_not_actualized
762299,2025-09-16 06:59:00,2,2,2,EARLYHOLDER1,2099-12-31 00:00:00,0,0,0,,Closed,0.917,12,clear_majority,energization_outage,default,False,False,multiple_confirmed_energization_events
762671,2025-09-16 06:59:00,2,2,2,BROWNWODEARLY1,2099-12-31 00:00:00,0,0,0,,Closed,0.917,12,clear_majority,energization_outage,default,False,False,multiple_confirmed_energization_events
762734,2025-05-01 16:00:00,2,2,2,BRISITASERDEV1,2099-12-31 00:00:00,0,0,0,,Closed,0.929,14,clear_majority,energization_outage,default,False,False,multiple_confirmed_energization_events
762936,2025-07-13 00:00:00,3,2,2,T1,2099-12-31 00:00:00,0,0,0,,Closed,1.0,11,clear_majority,energization_outage,default,False,False,multiple_confirmed_energization_events
762944,2025-07-13 00:00:00,3,2,2,MLBSLRTLINE1,2099-12-31 00:00:00,0,0,0,,Closed,0.929,14,clear_majority,energization_outage,default,False,False,multiple_confirmed_energization_events
764610,1990-01-01 00:00:00,0,0,0,,2099-12-31 00:00:00,0,0,0,,Open,0.0,11,clear_majority,default,default,False,True,evidence_dropped_wrong_device
764611,1990-01-01 00:00:00,0,0,0,,2099-12-31 00:00:00,0,0,0,,Open,0.0,11,clear_majority,default,default,False,True,evidence_dropped_wrong_device
766631,2025-08-25 08:56:00,6,6,2,T1,2099-12-31 00:00:00,0,0,0,,Closed,1.0,11,clear_majority,energization_outage,default,False,False,multiple_confirmed_energization_events
768489,2026-09-25 17:30:00,1,0,1,TWINBBUFD1,2099-12-31 00:00:00,0,0,0,,Open,0.333,6,mixed,energization_outage,default,False,False,energization_planned_not_actualized
768572,2026-07-17 16:00:00,1,0,1,ARGURILIBR1A,2099-12-31 00:00:00,0,0,0,,Open,0.0,8,clear_majority,energization_outage,default,False,False,energization_planned_not_actualized
770771,2026-10-01 16:00:00,2,0,1,EWALDROWE1A,2099-12-31 00:00:00,0,0,0,,Open,0.0,10,clear_majority,energization_outage,default,False,False,energization_planned_not_actualized
774258,2026-03-05 12:43:00,2,2,2,D5V4TP1,2099-12-31 00:00:00,0,0,0,,Open,0.125,8,clear_majority,energization_outage,default,False,False,multiple_confirmed_energization_events
774296,2027-05-15 18:00:00,2,0,1,MR1H,2099-12-31 00:00:00,0,0,0,,Open,0.0,9,clear_majority,energization_outage,default,False,False,energization_planned_not_actualized
774297,2027-05-15 18:00:00,2,0,1,MR1L,2099-12-31 00:00:00,0,0,0,,Open,0.0,9,clear_majority,energization_outage,default,False,False,energization_planned_not_actualized
774317,2027-05-15 18:00:00,2,0,1,MR2H,2099-12-31 00:00:00,0,0,0,,Open,0.0,9,clear_majority,energization_outage,default,False,False,energization_planned_not_actualized
774318,2027-05-15 18:00:00,2,0,1,MR2L,2099-12-31 00:00:00,0,0,0,,Open,0.0,9,clear_majority,energization_outage,default,False,False,energization_planned_not_actualized
774537,2026-08-28 18:00:00,1,0,1,EXPLRCAMD1,2099-12-31 00:00:00,0,0,0,,Closed,1.0,9,clear_majority,energization_outage,default,False,False,energization_planned_not_actualized
774920,2026-09-22 16:00:00,2,0,1,AJOREFORZ11,2099-12-31 00:00:00,0,0,0,,Open,0.0,9,clear_majority,energization_outage,default,False,False,energization_planned_not_actualized
774921,2026-09-22 16:00:00,2,0,1,AJOREFORZ21,2099-12-31 00:00:00,0,0,0,,Open,0.0,9,clear_majority,energization_outage,default,False,False,energization_planned_not_actualized
775225,2026-09-03 16:00:00,1,0,1,BIGFODEVINE11,2099-12-31 00:00:00,0,0,0,,Open,0.308,13,mixed,energization_outage,default,False,False,energization_planned_not_actualized
775324,2026-03-05 12:43:00,2,2,2,E4V4TP1,2099-12-31 00:00:00,0,0,0,,Open,0.125,8,clear_majority,energization_outage,default,False,False,multiple_confirmed_energization_events
775406,2026-03-05 12:43:00,2,2,2,V4V4TP1,2099-12-31 00:00:00,0,0,0,,Open,0.125,8,clear_majority,energization_outage,default,False,False,multiple_confirmed_energization_events
775882,2026-03-03 12:04:00,2,2,2,T1,2099-12-31 00:00:00,0,0,0,,Closed,1.0,9,clear_majority,energization_outage,default,False,False,multiple_confirmed_energization_events
776413,2025-11-30 23:05:00,2,2,2,T1,2099-12-31 00:00:00,0,0,0,,Closed,1.0,9,clear_majority,energization_outage,default,False,False,multiple_confirmed_energization_events
776463,2026-03-27 23:59:00,3,0,2,T1,2099-12-31 00:00:00,0,0,0,,Closed,0.889,9,clear_majority,energization_outage,default,False,False,multiple_confirmed_energization_events
827094,2026-08-14 12:00:00,1,0,1,T1,2099-12-31 00:00:00,0,0,0,,Closed,0.556,9,mixed,energization_outage,default,False,False,energization_planned_not_actualized
827615,2026-08-03 18:00:00,1,0,1,WCRSWSERDEV11,2099-12-31 00:00:00,0,0,0,,Open,0.429,7,mixed,energization_outage,default,False,False,energization_planned_not_actualized
828578,2026-09-30 18:00:00,1,0,1,1740A,2099-12-31 00:00:00,0,0,0,,Open,0.25,8,mixed,energization_outage,default,False,False,energization_planned_not_actualized
828601,2026-09-30 18:00:00,1,0,1,2145A,2099-12-31 00:00:00,0,0,0,,Open,0.25,8,mixed,energization_outage,default,False,False,energization_planned_not_actualized
828813,2026-08-03 18:00:00,1,0,1,MR1H,2099-12-31 00:00:00,0,0,0,,Closed,0.5,8,mixed,energization_outage,default,False,False,energization_planned_not_actualized
828814,2026-08-03 18:00:00,1,0,1,MR1L,2099-12-31 00:00:00,0,0,0,,Closed,0.5,8,mixed,energization_outage,default,False,False,energization_planned_not_actualized
828947,2026-08-31 16:00:00,1,0,1,TR2,2099-12-31 00:00:00,0,0,0,,Open,0.0,8,clear_majority,energization_outage,default,False,False,energization_planned_not_actualized
828953,2026-09-30 16:00:00,1,0,1,MILITAOCELOT11,2099-12-31 00:00:00,0,0,0,,Open,0.167,6,clear_majority,energization_outage,default,False,False,energization_planned_not_actualized
828954,2026-09-30 16:00:00,1,0,1,OCELOTOLMITO11,2099-12-31 00:00:00,0,0,0,,Closed,1.0,2,clear_majority,energization_outage,default,False,False,energization_planned_not_actualized
829242,2026-08-31 16:00:00,1,0,1,BLESSITIDEHA1A,2099-12-31 00:00:00,0,0,0,,Open,0.0,8,clear_majority,energization_outage,default,False,False,energization_planned_not_actualized
829243,2026-08-31 16:00:00,1,0,1,PALACITIDEHA1A,2099-12-31 00:00:00,0,0,0,,Open,0.0,8,clear_majority,energization_outage,default,False,False,energization_planned_not_actualized
832827,2026-11-03 14:00:00,1,0,1,COXDRASGSA1A,2099-12-31 00:00:00,0,0,0,,Open,0.0,7,clear_majority,energization_outage,default,False,False,energization_planned_not_actualized
832828,2026-11-03 14:00:00,1,0,1,COXDRAVERH1A,2099-12-31 00:00:00,0,0,0,,Open,0.0,7,clear_majority,energization_outage,default,False,False,energization_planned_not_actualized
833165,2026-11-03 14:00:00,1,0,1,CHERRYCOXDRA1A,2099-12-31 00:00:00,0,0,0,,Open,0.0,6,clear_majority,energization_outage,default,False,False,energization_planned_not_actualized
833433,1990-01-01 00:00:00,0,0,0,,2099-12-31 00:00:00,0,0,0,,,,0,no_pto_data,default,default,False,True,evidence_dropped_wrong_device
833434,1990-01-01 00:00:00,0,0,0,,2099-12-31 00:00:00,0,0,0,,,,0,no_pto_data,default,default,False,True,evidence_dropped_wrong_device
833820,2025-11-25 18:00:00,1,0,1,6735A,2099-12-31 00:00:00,0,0,0,,Closed,1.0,7,clear_majority,energization_outage,default,False,False,energization_planned_not_actualized
834910,2026-01-28 06:59:00,1,1,1,6555Z,2026-06-12 13:57:00,2,2,2,6555Z,Open,0.4,5,mixed,energization_outage,retirement_outage,False,False,multiple_confirmed_retirement_events
834963,2025-11-03 20:00:00,1,0,1,REATADORA1AA,2099-12-31 00:00:00,0,0,0,,Closed,1.0,9,clear_majority,energization_outage,default,False,False,energization_planned_not_actualized
834983,2025-12-05 18:00:00,1,0,1,6735B,2099-12-31 00:00:00,0,0,0,,Closed,1.0,7,clear_majority,energization_outage,default,False,False,energization_planned_not_actualized
836689,1990-01-01 00:00:00,0,0,0,,2099-12-31 00:00:00,0,0,0,,,,0,no_pto_data,default,default,False,True,evidence_dropped_wrong_device
836890,2026-10-27 16:01:00,1,0,1,CHOCBADACOST1A,2099-12-31 00:00:00,0,0,0,,Open,0.0,7,clear_majority,energization_outage,default,False,False,energization_planned_not_actualized
836891,2026-10-27 16:01:00,1,0,1,DACOSTGOHLKE1A,2099-12-31 00:00:00,0,0,0,,Open,0.0,7,clear_majority,energization_outage,default,False,False,energization_planned_not_actualized
837951,2025-10-20 18:29:00,2,2,2,ANSON1TLINE1,2099-12-31 00:00:00,0,0,0,,Closed,1.0,18,clear_majority,energization_outage,default,False,False,multiple_confirmed_energization_events
838187,2025-11-19 00:01:00,1,0,1,970G,2099-12-31 00:00:00,0,0,0,,Closed,1.0,6,clear_majority,energization_outage,default,False,False,energization_planned_not_actualized
838189,2026-09-11 17:00:00,1,0,1,324T3181,2099-12-31 00:00:00,0,0,0,,Closed,0.625,16,mixed,energization_outage,default,False,False,energization_planned_not_actualized
838993,2025-12-16 14:24:00,2,2,2,PITTSDK2LINE1,2099-12-31 00:00:00,0,0,0,,Closed,1.0,7,clear_majority,energization_outage,default,False,False,multiple_confirmed_energization_events
839127,2025-12-16 14:24:00,2,2,2,T1,2099-12-31 00:00:00,0,0,0,,Closed,1.0,7,clear_majority,energization_outage,default,False,False,multiple_confirmed_energization_events
839665,2026-10-20 16:00:00,1,0,1,ABPOWECLYDE1A,2099-12-31 00:00:00,0,0,0,,Open,0.0,6,clear_majority,energization_outage,default,False,False,energization_planned_not_actualized
840943,2026-10-22 16:00:00,1,0,1,ABEASTELMDAL1A,2099-12-31 00:00:00,0,0,0,,Open,0.0,6,clear_majority,energization_outage,default,False,False,energization_planned_not_actualized
842700,2025-12-12 14:00:00,4,4,2,SU3H,2099-12-31 00:00:00,0,0,0,,Closed,1.0,7,clear_majority,energization_outage,default,False,False,multiple_confirmed_energization_events
845619,2025-12-29 05:00:00,1,0,1,KT3,2099-12-31 00:00:00,0,0,0,,Closed,0.833,6,clear_majority,energization_outage,default,False,False,energization_planned_not_actualized
845620,2025-12-29 05:00:00,1,0,1,KT4,2099-12-31 00:00:00,0,0,0,,Closed,0.833,6,clear_majority,energization_outage,default,False,False,energization_planned_not_actualized
845963,2026-07-31 18:00:00,1,0,1,1640F,2099-12-31 00:00:00,0,0,0,,Open,0.333,6,mixed,energization_outage,default,False,False,energization_planned_not_actualized
846315,1990-01-01 00:00:00,0,0,0,,2099-12-31 00:00:00,0,0,0,,Open,0.0,6,clear_majority,default,default,False,True,evidence_dropped_wrong_device
847626,2026-01-25 20:00:00,1,0,1,CLAYTOPENS1AA,2099-12-31 00:00:00,0,0,0,,Closed,0.5,6,mixed,energization_outage,default,False,False,energization_planned_not_actualized
847627,2026-01-25 20:00:00,1,0,1,OPENSPHNTM1AA,2099-12-31 00:00:00,0,0,0,,Closed,0.5,6,mixed,energization_outage,default,False,False,energization_planned_not_actualized
847722,1990-01-01 00:00:00,0,0,0,,2099-12-31 00:00:00,0,0,0,,Closed,0.889,18,clear_majority,default,default,False,True,evidence_dropped_wrong_device
847993,2026-07-20 16:00:00,1,0,1,CONCHOHARI1A,2099-12-31 00:00:00,0,0,0,,Open,0.0,8,clear_majority,energization_outage,default,False,False,energization_planned_not_actualized
848765,1990-01-01 00:00:00,0,0,0,,2099-12-31 00:00:00,0,0,0,,Closed,1.0,3,clear_majority,default,default,False,True,evidence_dropped_wrong_device
848837,2026-07-17 16:00:00,1,0,1,BARRERPALAFO11,2099-12-31 00:00:00,0,0,0,,Open,0.0,2,clear_majority,energization_outage,default,False,False,energization_planned_not_actualized
849206,2026-07-31 17:00:00,1,0,1,TIKTAP931,2099-12-31 00:00:00,0,0,0,,Open,0.0,4,clear_majority,energization_outage,default,False,False,energization_planned_not_actualized
850529,2026-07-23 14:01:00,1,0,1,CASTROSBADER1,2099-12-31 00:00:00,0,0,0,,Open,0.25,4,mixed,energization_outage,default,False,False,energization_planned_not_actualized
850530,2026-07-23 14:01:00,1,0,1,BADERPEARSON1,2099-12-31 00:00:00,0,0,0,,Open,0.25,4,mixed,energization_outage,default,False,False,energization_planned_not_actualized
850590,2026-07-23 14:00:00,1,0,1,ARGENTAAMATH1,2099-12-31 00:00:00,0,0,0,,Open,0.0,4,clear_majority,energization_outage,default,False,False,energization_planned_not_actualized
850591,2026-07-23 14:00:00,1,0,1,SMATHARGENTA1,2099-12-31 00:00:00,0,0,0,,Closed,0.75,4,mixed,energization_outage,default,False,False,energization_planned_not_actualized
851622,2026-01-20 15:04:00,2,2,2,T1,2099-12-31 00:00:00,0,0,0,,Closed,0.833,6,clear_majority,energization_outage,default,False,False,multiple_confirmed_energization_events
852744,2026-12-31 18:00:00,1,0,1,6277E,2099-12-31 00:00:00,0,0,0,,Open,0.0,4,clear_majority,energization_outage,default,False,False,energization_planned_not_actualized
852745,2026-12-31 18:00:00,1,0,1,6276C,2099-12-31 00:00:00,0,0,0,,Open,0.0,4,clear_majority,energization_outage,default,False,False,energization_planned_not_actualized
852746,2026-12-31 18:00:00,1,0,1,12070A,2099-12-31 00:00:00,0,0,0,,Open,0.0,4,clear_majority,energization_outage,default,False,False,energization_planned_not_actualized
852747,2026-12-31 18:00:00,1,0,1,12063A,2099-12-31 00:00:00,0,0,0,,Open,0.0,4,clear_majority,energization_outage,default,False,False,energization_planned_not_actualized
852748,2026-12-31 18:00:00,1,0,1,12060A,2099-12-31 00:00:00,0,0,0,,Open,0.0,4,clear_majority,energization_outage,default,False,False,energization_planned_not_actualized
852804,2026-12-31 18:00:00,1,0,1,12073A,2099-12-31 00:00:00,0,0,0,,Open,0.0,4,clear_majority,energization_outage,default,False,False,energization_planned_not_actualized
853701,2026-08-08 18:00:00,1,0,1,1145B,2099-12-31 00:00:00,0,0,0,,Open,0.0,2,clear_majority,energization_outage,default,False,False,energization_planned_not_actualized
853807,2026-07-31 15:49:00,1,0,1,1145A,2099-12-31 00:00:00,0,0,0,,Open,0.0,2,clear_majority,energization_outage,default,False,False,energization_planned_not_actualized
854128,2026-12-31 23:59:00,1,0,1,T1061,2099-12-31 00:00:00,0,0,0,,Open,0.0,2,clear_majority,energization_outage,default,False,False,energization_planned_not_actualized
854159,2026-10-07 18:00:00,1,0,1,POMTAPRGLNG11,2099-12-31 00:00:00,0,0,0,,Closed,1.0,2,clear_majority,energization_outage,default,False,False,energization_planned_not_actualized
854160,2026-10-07 18:00:00,1,0,1,POMTAPRGLNG21,2099-12-31 00:00:00,0,0,0,,Closed,1.0,2,clear_majority,energization_outage,default,False,False,energization_planned_not_actualized
854186,2026-11-20 16:00:00,1,0,1,835T8351,2099-12-31 00:00:00,0,0,0,,Open,0.0,2,clear_majority,energization_outage,default,False,False,energization_planned_not_actualized
857052,2026-10-16 17:00:00,1,0,1,CLJPH13A,2099-12-31 00:00:00,0,0,0,,Closed,0.5,4,mixed,energization_outage,default,False,False,energization_planned_not_actualized
857053,2026-10-16 17:00:00,1,0,1,JPHUN13A,2099-12-31 00:00:00,0,0,0,,Closed,0.5,4,mixed,energization_outage,default,False,False,energization_planned_not_actualized
858271,2026-10-31 17:00:00,1,0,1,WTRXFK02A,2099-12-31 00:00:00,0,0,0,,Open,0.0,4,clear_majority,energization_outage,default,False,False,energization_planned_not_actualized
858296,2026-09-21 12:01:00,1,0,1,DOCSI02A,2099-12-31 00:00:00,0,0,0,,Open,0.25,4,mixed,energization_outage,default,False,False,energization_planned_not_actualized
858297,2026-09-21 12:01:00,1,0,1,SIWTR02A,2099-12-31 00:00:00,0,0,0,,Open,0.0,2,clear_majority,energization_outage,default,False,False,energization_planned_not_actualized
858466,2026-05-29 16:00:00,7,5,2,HNYCOMBTLINE1,2099-12-31 00:00:00,0,0,0,,Closed,1.0,3,clear_majority,energization_outage,default,False,False,multiple_confirmed_energization_events
858600,2026-05-14 23:59:00,7,4,2,T1,2099-12-31 00:00:00,0,0,0,,Closed,1.0,4,clear_majority,energization_outage,default,False,False,multiple_confirmed_energization_events
859408,2026-10-23 18:00:00,1,0,1,175B,2099-12-31 00:00:00,0,0,0,,Open,0.0,3,clear_majority,energization_outage,default,False,False,energization_planned_not_actualized
859474,2026-10-23 18:00:00,1,0,1,130A,2099-12-31 00:00:00,0,0,0,,Open,0.0,3,clear_majority,energization_outage,default,False,False,energization_planned_not_actualized
859553,2026-12-15 18:59:00,1,0,1,MR2H,2099-12-31 00:00:00,0,0,0,,Open,0.0,4,clear_majority,energization_outage,default,False,False,energization_planned_not_actualized
859554,2026-12-15 18:59:00,1,0,1,MR2L,2099-12-31 00:00:00,0,0,0,,Open,0.0,4,clear_majority,energization_outage,default,False,False,energization_planned_not_actualized
859980,2026-07-31 18:00:00,1,0,1,1273A,2099-12-31 00:00:00,0,0,0,,Closed,0.75,4,mixed,energization_outage,default,False,False,energization_planned_not_actualized
860778,2026-09-16 18:00:00,1,0,1,1510D,2099-12-31 00:00:00,0,0,0,,Open,0.0,2,clear_majority,energization_outage,default,False,False,energization_planned_not_actualized
861581,2026-10-15 18:00:00,1,0,1,7030D,2099-12-31 00:00:00,0,0,0,,Open,0.0,2,clear_majority,energization_outage,default,False,False,energization_planned_not_actualized
861651,2026-10-15 18:00:00,1,0,1,7040A,2099-12-31 00:00:00,0,0,0,,Open,0.0,2,clear_majority,energization_outage,default,False,False,energization_planned_not_actualized
862486,2026-10-15 23:59:00,1,0,1,TR1,2099-12-31 00:00:00,0,0,0,,Open,0.0,3,clear_majority,energization_outage,default,False,False,energization_planned_not_actualized
862487,2026-10-15 23:59:00,1,0,1,TR2,2099-12-31 00:00:00,0,0,0,,Open,0.0,3,clear_majority,energization_outage,default,False,False,energization_planned_not_actualized
862546,2026-08-31 11:16:00,1,0,1,T1,2099-12-31 00:00:00,0,0,0,,Open,0.0,3,clear_majority,energization_outage,default,False,False,energization_planned_not_actualized
863174,2026-09-18 17:00:00,1,0,1,CORESWJC11,2099-12-31 00:00:00,0,0,0,,Closed,1.0,2,clear_majority,energization_outage,default,False,False,energization_planned_not_actualized
863175,2026-09-18 17:00:00,1,0,1,CORESWJC21,2099-12-31 00:00:00,0,0,0,,Closed,1.0,2,clear_majority,energization_outage,default,False,False,energization_planned_not_actualized
863176,2026-09-18 17:00:00,1,0,1,CORESWCORENRT1,2099-12-31 00:00:00,0,0,0,,Closed,1.0,2,clear_majority,energization_outage,default,False,False,energization_planned_not_actualized
863177,2026-09-18 17:00:00,1,0,1,CORESWCORESTH1,2099-12-31 00:00:00,0,0,0,,Closed,1.0,2,clear_majority,energization_outage,default,False,False,energization_planned_not_actualized
863268,2026-09-18 17:00:00,1,0,1,CORESWCOREWST1,2099-12-31 00:00:00,0,0,0,,Closed,1.0,2,clear_majority,energization_outage,default,False,False,energization_planned_not_actualized
863575,2026-05-04 09:00:00,2,2,2,POMPATSERDEV1,2099-12-31 00:00:00,0,0,0,,Closed,1.0,2,clear_majority,energization_outage,default,False,False,multiple_confirmed_energization_events
863933,2026-09-20 16:00:00,1,0,1,DELSOLFRONTE11,2099-12-31 00:00:00,0,0,0,,Open,0.0,2,clear_majority,energization_outage,default,False,False,energization_planned_not_actualized
863934,2026-09-20 16:00:00,1,0,1,DELSOLFRONTE21,2099-12-31 00:00:00,0,0,0,,Open,0.0,2,clear_majority,energization_outage,default,False,False,energization_planned_not_actualized
863966,2026-10-07 16:00:00,1,0,1,XFH1,2099-12-31 00:00:00,0,0,0,,Open,0.0,2,clear_majority,energization_outage,default,False,False,energization_planned_not_actualized
863967,2026-10-07 16:00:00,1,0,1,XFL1,2099-12-31 00:00:00,0,0,0,,Open,0.0,2,clear_majority,energization_outage,default,False,False,energization_planned_not_actualized
863988,2026-10-07 16:00:00,1,0,1,XFH2,2099-12-31 00:00:00,0,0,0,,Open,0.0,2,clear_majority,energization_outage,default,False,False,energization_planned_not_actualized
863989,2026-10-07 16:00:00,1,0,1,XFL2,2099-12-31 00:00:00,0,0,0,,Open,0.0,2,clear_majority,energization_outage,default,False,False,energization_planned_not_actualized
864847,2027-02-02 18:00:00,1,0,1,6555C,2099-12-31 00:00:00,0,0,0,,Open,0.0,2,clear_majority,energization_outage,default,False,False,energization_planned_not_actualized
864850,2026-12-20 19:00:00,1,0,1,6640A,2099-12-31 00:00:00,0,0,0,,Open,0.0,1,clear_majority,energization_outage,default,False,False,energization_planned_not_actualized
864934,2026-07-31 18:00:00,1,0,1,6645A,2099-12-31 00:00:00,0,0,0,,Open,0.0,2,clear_majority,energization_outage,default,False,False,energization_planned_not_actualized
865449,2026-07-13 12:00:00,1,0,1,HKRYSLRTLINE1,2099-12-31 00:00:00,0,0,0,,Closed,1.0,2,clear_majority,energization_outage,default,False,False,energization_planned_not_actualized
865495,2026-07-31 16:00:00,1,0,1,CANGRENCARBI21,2099-12-31 00:00:00,0,0,0,,Open,0.0,2,clear_majority,energization_outage,default,False,False,energization_planned_not_actualized
866576,2026-08-31 23:59:00,1,0,1,T1,2099-12-31 00:00:00,0,0,0,,Open,0.0,2,clear_majority,energization_outage,default,False,False,energization_planned_not_actualized
866706,2026-08-12 18:00:00,1,0,1,34605A,2099-12-31 00:00:00,0,0,0,,Closed,0.5,2,mixed,energization_outage,default,False,False,energization_planned_not_actualized
866714,2026-08-12 18:00:00,1,0,1,34600B,2099-12-31 00:00:00,0,0,0,,Closed,0.5,2,mixed,energization_outage,default,False,False,energization_planned_not_actualized
866715,2026-08-12 18:00:00,1,0,1,34645A,2099-12-31 00:00:00,0,0,0,,Closed,0.5,2,mixed,energization_outage,default,False,False,energization_planned_not_actualized
866716,2026-08-12 18:00:00,1,0,1,34640B,2099-12-31 00:00:00,0,0,0,,Closed,0.5,2,mixed,energization_outage,default,False,False,energization_planned_not_actualized
867155,2027-04-01 18:00:00,1,0,1,35055B,2099-12-31 00:00:00,0,0,0,,Open,0.0,2,clear_majority,energization_outage,default,False,False,energization_planned_not_actualized
867156,2027-04-01 18:00:00,1,0,1,35075A,2099-12-31 00:00:00,0,0,0,,,,0,no_pto_data,energization_outage,default,False,False,energization_planned_not_actualized
867374,2026-10-16 18:00:00,1,0,1,230A,2099-12-31 00:00:00,0,0,0,,Closed,0.882,17,clear_majority,energization_outage,default,False,False,energization_planned_not_actualized
867384,2026-10-16 18:00:00,1,0,1,231B,2099-12-31 00:00:00,0,0,0,,Open,0.0,2,clear_majority,energization_outage,default,False,False,energization_planned_not_actualized
867397,2026-10-16 18:00:00,1,0,1,232A,2099-12-31 00:00:00,0,0,0,,Open,0.0,2,clear_majority,energization_outage,default,False,False,energization_planned_not_actualized
867407,2026-10-16 18:00:00,1,0,1,242A,2099-12-31 00:00:00,0,0,0,,Open,0.0,2,clear_majority,energization_outage,default,False,False,energization_planned_not_actualized
867420,2026-10-16 18:00:00,1,0,1,283A,2099-12-31 00:00:00,0,0,0,,Open,0.0,2,clear_majority,energization_outage,default,False,False,energization_planned_not_actualized
867545,2026-10-16 18:00:00,1,0,1,282B,2099-12-31 00:00:00,0,0,0,,Open,0.0,2,clear_majority,energization_outage,default,False,False,energization_planned_not_actualized
867558,2026-10-16 18:00:00,1,0,1,485A,2099-12-31 00:00:00,0,0,0,,Open,0.0,2,clear_majority,energization_outage,default,False,False,energization_planned_not_actualized
867571,2026-10-16 18:00:00,1,0,1,302A,2099-12-31 00:00:00,0,0,0,,Open,0.0,2,clear_majority,energization_outage,default,False,False,energization_planned_not_actualized
867584,2026-10-16 18:00:00,1,0,1,280B,2099-12-31 00:00:00,0,0,0,,Open,0.0,2,clear_majority,energization_outage,default,False,False,energization_planned_not_actualized
867597,2026-10-16 18:00:00,1,0,1,490B,2099-12-31 00:00:00,0,0,0,,Open,0.0,2,clear_majority,energization_outage,default,False,False,energization_planned_not_actualized
867725,2026-11-29 18:00:00,1,0,1,FORKSTIE1,2099-12-31 00:00:00,0,0,0,,Open,0.0,2,clear_majority,energization_outage,default,False,False,energization_planned_not_actualized
868204,2026-08-31 23:59:00,1,0,1,T1,2099-12-31 00:00:00,0,0,0,,Closed,1.0,2,clear_majority,energization_outage,default,False,False,energization_planned_not_actualized
868235,2026-11-18 16:00:00,1,0,1,BUDTAPKEYSW11,2099-12-31 00:00:00,0,0,0,,Open,0.0,2,clear_majority,energization_outage,default,False,False,energization_planned_not_actualized
868246,2026-11-18 16:00:00,1,0,1,BUDTAPNMCAL11,2099-12-31 00:00:00,0,0,0,,,,0,no_pto_data,energization_outage,default,False,False,energization_planned_not_actualized
868492,2026-09-25 20:00:00,1,0,1,1380C,2099-12-31 00:00:00,0,0,0,,Closed,0.5,2,mixed,energization_outage,default,False,False,energization_planned_not_actualized
868493,2026-09-25 20:00:00,1,0,1,1380D,2099-12-31 00:00:00,0,0,0,,Closed,0.5,2,mixed,energization_outage,default,False,False,energization_planned_not_actualized
869102,2026-07-15 18:00:00,1,0,1,1250O,2099-12-31 00:00:00,0,0,0,,Closed,0.5,2,mixed,energization_outage,default,False,False,energization_planned_not_actualized
869103,2026-07-15 18:00:00,1,0,1,1250P,2099-12-31 00:00:00,0,0,0,,Closed,0.5,2,mixed,energization_outage,default,False,False,energization_planned_not_actualized
869750,2026-07-16 16:00:00,1,0,1,16095A,2099-12-31 00:00:00,0,0,0,,Closed,1.0,2,clear_majority,energization_outage,default,False,False,energization_planned_not_actualized
869776,2026-07-16 16:00:00,1,0,1,15050K,2099-12-31 00:00:00,0,0,0,,Closed,0.5,2,mixed,energization_outage,default,False,False,energization_planned_not_actualized
870341,2026-06-12 17:00:00,1,0,1,T1,2099-12-31 00:00:00,0,0,0,,Closed,1.0,2,clear_majority,energization_outage,default,False,False,energization_planned_not_actualized
870527,2026-06-28 00:00:00,1,0,1,T1,2099-12-31 00:00:00,0,0,0,,Closed,1.0,2,clear_majority,energization_outage,default,False,False,energization_planned_not_actualized
870528,2026-06-28 00:00:00,1,0,1,T2,2099-12-31 00:00:00,0,0,0,,Closed,1.0,2,clear_majority,energization_outage,default,False,False,energization_planned_not_actualized
870766,2026-07-15 00:00:00,1,0,1,T3,2099-12-31 00:00:00,0,0,0,,Closed,1.0,2,clear_majority,energization_outage,default,False,False,energization_planned_not_actualized
870767,2027-06-30 00:00:00,1,0,1,T4,2099-12-31 00:00:00,0,0,0,,Closed,1.0,2,clear_majority,energization_outage,default,False,False,energization_planned_not_actualized
871655,2026-07-23 14:00:00,1,0,1,ARGENTABDBESS1,2099-12-31 00:00:00,0,0,0,,Open,0.0,3,clear_majority,energization_outage,default,False,False,energization_planned_not_actualized
871848,2026-07-20 00:00:00,1,0,1,T1,2099-12-31 00:00:00,0,0,0,,Closed,1.0,2,clear_majority,energization_outage,default,False,False,energization_planned_not_actualized
871849,2026-07-20 00:00:00,1,0,1,T2,2099-12-31 00:00:00,0,0,0,,Closed,1.0,2,clear_majority,energization_outage,default,False,False,energization_planned_not_actualized
872151,2026-08-10 18:00:00,1,0,1,173A,2099-12-31 00:00:00,0,0,0,,Closed,0.5,2,mixed,energization_outage,default,False,False,energization_planned_not_actualized
872153,2026-10-29 14:00:00,1,0,1,DUNLAYPEARSON1,2099-12-31 00:00:00,0,0,0,,Open,0.0,2,clear_majority,energization_outage,default,False,False,energization_planned_not_actualized
872154,2026-10-29 14:00:00,1,0,1,BADERDUNLAY1,2099-12-31 00:00:00,0,0,0,,Open,0.0,2,clear_majority,energization_outage,default,False,False,energization_planned_not_actualized
872364,2026-08-18 12:00:00,1,0,1,NFALLSLRTLINE1,2099-12-31 00:00:00,0,0,0,,Closed,0.5,2,mixed,energization_outage,default,False,False,energization_planned_not_actualized
872477,2026-08-18 12:00:00,1,0,1,T1,2099-12-31 00:00:00,0,0,0,,Closed,0.5,2,mixed,energization_outage,default,False,False,energization_planned_not_actualized
872736,2026-07-31 23:59:00,1,0,1,KT1,2099-12-31 00:00:00,0,0,0,,Closed,1.0,2,clear_majority,energization_outage,default,False,False,energization_planned_not_actualized
872737,2026-07-31 23:59:00,1,0,1,KT2,2099-12-31 00:00:00,0,0,0,,Closed,1.0,2,clear_majority,energization_outage,default,False,False,energization_planned_not_actualized
872873,2026-07-13 12:00:00,1,0,1,T1,2099-12-31 00:00:00,0,0,0,,Closed,1.0,2,clear_majority,energization_outage,default,False,False,energization_planned_not_actualized
872874,2026-07-13 12:00:00,1,0,1,T2,2099-12-31 00:00:00,0,0,0,,Closed,1.0,2,clear_majority,energization_outage,default,False,False,energization_planned_not_actualized
872992,2027-02-26 00:00:00,1,0,1,797T7971,2099-12-31 00:00:00,0,0,0,,Closed,0.5,2,mixed,energization_outage,default,False,False,energization_planned_not_actualized
873114,2026-07-31 18:00:00,1,0,1,35023A,2099-12-31 00:00:00,0,0,0,,Closed,1.0,2,clear_majority,energization_outage,default,False,False,energization_planned_not_actualized
873333,2026-04-08 20:00:00,1,0,1,CROWDOPENS2A1,2099-12-31 00:00:00,0,0,0,,Closed,1.0,2,clear_majority,energization_outage,default,False,False,energization_planned_not_actualized
873360,2026-08-17 18:00:00,1,0,1,6690Z,2099-12-31 00:00:00,0,0,0,,Open,0.0,2,clear_majority,energization_outage,default,False,False,energization_planned_not_actualized
873579,2026-07-30 00:00:00,1,0,1,T1,2099-12-31 00:00:00,0,0,0,,Closed,1.0,2,clear_majority,energization_outage,default,False,False,energization_planned_not_actualized
873580,2026-07-30 00:00:00,1,0,1,T2,2099-12-31 00:00:00,0,0,0,,Closed,1.0,2,clear_majority,energization_outage,default,False,False,energization_planned_not_actualized
873681,2026-07-31 23:59:00,1,0,1,KT3,2099-12-31 00:00:00,0,0,0,,Closed,1.0,2,clear_majority,energization_outage,default,False,False,energization_planned_not_actualized
873778,2026-08-03 12:00:00,1,0,1,KT1,2099-12-31 00:00:00,0,0,0,,Closed,1.0,2,clear_majority,energization_outage,default,False,False,energization_planned_not_actualized
873787,2026-07-24 12:00:00,1,0,1,ULYTLINE1,2099-12-31 00:00:00,0,0,0,,Closed,0.5,2,mixed,energization_outage,default,False,False,energization_planned_not_actualized
873906,2026-07-24 12:00:00,1,0,1,T1,2099-12-31 00:00:00,0,0,0,,Closed,0.5,2,mixed,energization_outage,default,False,False,energization_planned_not_actualized
874113,2026-07-15 18:00:00,1,0,1,1646E,2099-12-31 00:00:00,0,0,0,,Open,0.0,2,clear_majority,energization_outage,default,False,False,energization_planned_not_actualized
874114,2026-07-15 18:00:00,1,0,1,1646F,2099-12-31 00:00:00,0,0,0,,Open,0.0,2,clear_majority,energization_outage,default,False,False,energization_planned_not_actualized
874449,2026-07-17 18:00:00,1,0,1,1965A,2099-12-31 00:00:00,0,0,0,,Open,0.0,2,clear_majority,energization_outage,default,False,False,energization_planned_not_actualized
874450,2026-07-15 18:00:00,1,0,1,1965B,2099-12-31 00:00:00,0,0,0,,Open,0.0,2,clear_majority,energization_outage,default,False,False,energization_planned_not_actualized
874528,2026-09-18 17:00:00,1,0,1,CLTHOC01A,2099-12-31 00:00:00,0,0,0,,Closed,0.5,2,mixed,energization_outage,default,False,False,energization_planned_not_actualized
874553,2026-12-31 23:59:00,1,0,1,GUNRTLINE1,2099-12-31 00:00:00,0,0,0,,Closed,0.5,2,mixed,energization_outage,default,False,False,energization_planned_not_actualized
874695,2026-12-31 23:59:00,1,0,1,T1,2099-12-31 00:00:00,0,0,0,,Closed,0.5,2,mixed,energization_outage,default,False,False,energization_planned_not_actualized
874711,2026-09-30 16:00:00,1,0,1,T3421,2099-12-31 00:00:00,0,0,0,,Open,0.0,2,clear_majority,energization_outage,default,False,False,energization_planned_not_actualized
875097,2026-07-02 18:28:00,2,2,2,BULLOAQUIL3A,2099-12-31 00:00:00,0,0,0,,Closed,1.0,2,clear_majority,energization_outage,default,False,False,multiple_confirmed_energization_events
875384,2026-07-30 17:00:00,1,0,1,AUTO1,2099-12-31 00:00:00,0,0,0,,,,0,no_pto_data,energization_outage,default,False,False,energization_planned_not_actualized
875578,2026-07-30 17:00:00,1,0,1,AUTO2,2099-12-31 00:00:00,0,0,0,,Closed,1.0,2,clear_majority,energization_outage,default,False,False,energization_planned_not_actualized
875605,2026-07-30 17:00:00,1,0,1,WOODBINEGAIN1,2099-12-31 00:00:00,0,0,0,,Closed,1.0,2,clear_majority,energization_outage,default,False,False,energization_planned_not_actualized
877194,2026-07-31 17:00:00,1,0,1,ATHRVN01A,2099-12-31 00:00:00,0,0,0,,Closed,1.0,1,clear_majority,energization_outage,default,False,False,energization_planned_not_actualized
5760109,2023-02-28 00:00:00,1,0,1,T1,2099-12-31 00:00:00,0,0,0,,Closed,1.0,17,clear_majority,energization_outage,default,False,False,energization_planned_not_actualized
5760110,2023-02-28 00:00:00,1,0,1,T2,2099-12-31 00:00:00,0,0,0,,Closed,1.0,17,clear_majority,energization_outage,default,False,False,energization_planned_not_actualized
