teid,BranchId,EquipmentName,ReasonID,toOutageIdentifierId,outageIdentifier,toStateId,plannedStartDate,plannedEndDate,actualStartDate,actualEndDate,submitTime,insertDate,CancellationDate,CancellationReason,status,ReqStatus,GroupLabel,Notes
821,60007983.0,6429_D,5,15695213,ONC00358882,1036608,2019-02-13 08:30:00,2019-02-14 17:00:00,,,2019-01-22 12:35:00,2019-02-27 15:51:00.000,,,Apprv,PL,,
821,60007983.0,6429_D,5,15695213,ONC00358882,1055744,2019-02-13 08:30:00,2019-02-13 19:00:00,2019-02-13 07:55:00,2019-02-13 19:00:00,2019-01-22 12:35:00,2019-02-27 15:51:00.000,,,Apprv,PL,,
821,60007983.0,6429_D,5,15695213,ONC00358882,1204258,2019-02-13 08:30:00,2019-02-14 17:00:00,,,2019-01-22 12:35:00,2019-02-27 15:51:00.000,,,RatE,PL,,
821,60007983.0,6429_D,5,15695213,ONC00358882,1204258,2019-02-13 08:30:00,2019-02-14 17:00:00,,,2019-01-22 12:35:00,2019-02-27 15:51:00.000,,,RatE,PL,,
821,60007983.0,6429_D,5,15695213,ONC00358882,1232573,2019-02-13 08:30:00,2019-02-13 19:00:00,,,2019-01-22 12:35:00,2019-02-27 15:51:00.000,,,Apprv,PL,,
821,60007983.0,6429_D,5,15695213,ONC00358882,1386350,2019-02-13 08:30:00,2019-02-13 19:00:00,2019-02-13 07:55:00,,2019-01-22 12:35:00,2019-02-27 15:51:00.000,,,Apprv,PL,,
821,60007983.0,6429_D,9,15701196,ONC00213315,958699,2015-05-01 17:00:00,2015-06-09 23:59:00,2015-05-01 17:00:00,,2015-04-24 10:52:00,2019-02-27 15:51:00.000,,,Apprv,PL,27499_5,
821,60007983.0,6429_D,9,15701196,ONC00213315,958699,2015-05-01 17:00:00,2015-06-09 23:59:00,2015-05-01 17:00:00,,2015-04-24 10:52:00,2019-02-27 15:51:00.000,,,Apprv,PL,27499_5,
821,60007983.0,6429_D,9,15701196,ONC00213315,958699,2015-05-01 17:00:00,2015-06-09 23:59:00,2015-05-01 17:00:00,,2015-04-24 10:52:00,2019-02-27 15:51:00.000,,,Apprv,PL,27499_5,
821,60007983.0,6429_D,9,15701196,ONC00213315,958699,2015-05-01 17:00:00,2015-06-09 23:59:00,2015-05-01 17:00:00,,2015-04-24 10:52:00,2019-02-27 15:51:00.000,,,Apprv,PL,27499_5,
821,60007983.0,6429_D,9,15701196,ONC00213315,958699,2015-05-01 17:00:00,2015-06-09 23:59:00,2015-05-01 17:00:00,,2015-04-24 10:52:00,2019-02-27 15:51:00.000,,,Apprv,PL,27499_5,
821,60007983.0,6429_D,9,15701196,ONC00213315,958699,2015-05-01 17:00:00,2015-06-09 23:59:00,2015-05-01 17:00:00,,2015-04-24 10:52:00,2019-02-27 15:51:00.000,,,Apprv,PL,27499_5,
821,60007983.0,6429_D,9,15701196,ONC00213315,1127635,2015-05-01 17:00:00,2015-06-09 23:59:00,,,2015-04-24 10:52:00,2019-02-27 15:51:00.000,,,RatE,PL,27499_5,
821,60007983.0,6429_D,9,15701196,ONC00213315,1149800,2015-05-01 17:00:00,2015-05-27 00:00:00,2015-05-01 17:00:00,2015-05-27 00:00:00,2015-04-24 10:52:00,2019-02-27 15:51:00.000,,,Apprv,PL,,
821,60007983.0,6429_D,9,15701196,ONC00213315,1149800,2015-05-01 17:00:00,2015-05-27 00:00:00,2015-05-01 17:00:00,2015-05-27 00:00:00,2015-04-24 10:52:00,2019-02-27 15:51:00.000,,,Apprv,PL,,
821,60007983.0,6429_D,9,15701196,ONC00213315,1433509,2015-05-01 17:00:00,2015-06-09 23:59:00,,,2015-04-24 10:52:00,2019-02-27 15:51:00.000,,,Apprv,PL,27499_5,
821,60007983.0,6429_D,5,15769673,ONC00232692,933198,2015-11-20 07:00:00,2015-11-21 21:00:00,,,2015-11-10 14:40:00,2019-02-27 15:51:00.000,,,RatE,PL,15-11605,
821,60007983.0,6429_D,5,15769673,ONC00232692,1032023,2015-11-21 07:00:00,2015-11-21 21:00:00,2015-11-21 07:00:00,,2015-11-10 14:40:00,2019-02-27 15:51:00.000,,,Apprv,PL,15-11605,
821,60007983.0,6429_D,5,15769673,ONC00232692,1223767,2015-11-20 07:00:00,2015-11-21 21:00:00,,,2015-11-10 14:40:00,2019-02-27 15:51:00.000,,,Apprv,PL,15-11605,
821,60007983.0,6429_D,5,15769673,ONC00232692,1230140,2015-11-21 07:00:00,2015-11-21 21:00:00,,,2015-11-10 14:40:00,2019-02-27 15:51:00.000,,,Apprv,PL,15-11605,
821,60007983.0,6429_D,5,15769673,ONC00232692,1290526,2015-11-20 07:00:00,2015-11-21 21:00:00,,,2015-11-10 14:40:00,2019-02-27 15:51:00.000,,,Study,PL,15-11605,
821,60007983.0,6429_D,5,15769673,ONC00232692,1368516,2015-11-21 07:00:00,2015-11-21 21:00:00,2015-11-21 07:00:00,2015-11-21 21:00:00,2015-11-10 14:40:00,2019-02-27 15:51:00.000,,,Apprv,PL,15-11605,
821,60007983.0,6429_D,5,15769673,ONC00232692,1368516,2015-11-21 07:00:00,2015-11-21 21:00:00,2015-11-21 07:00:00,2015-11-21 21:00:00,2015-11-10 14:40:00,2019-02-27 15:51:00.000,,,Apprv,PL,15-11605,
821,60007983.0,6429_D,5,15769673,ONC00232692,1368516,2015-11-21 07:00:00,2015-11-21 21:00:00,2015-11-21 07:00:00,2015-11-21 21:00:00,2015-11-10 14:40:00,2019-02-27 15:51:00.000,,,Apprv,PL,15-11605,
821,60007983.0,6429_D,4,15788968,ONC00217147,1103198,2015-05-27 00:01:00,2015-05-27 00:02:00,2015-05-27 00:01:00,2015-05-27 00:02:00,2015-05-27 14:54:00,2019-02-27 15:51:00.000,,,Accpt,FR,,
821,60007983.0,6429_D,4,15788968,ONC00217147,1103198,2015-05-27 00:01:00,2015-05-27 00:02:00,2015-05-27 00:01:00,2015-05-27 00:02:00,2015-05-27 14:54:00,2019-02-27 15:51:00.000,,,Accpt,FR,,
821,60007983.0,6429_D,4,15788968,ONC00217147,1473512,2015-05-27 00:01:00,2015-05-27 00:02:00,2015-05-27 00:01:00,,2015-05-27 14:54:00,2019-02-27 15:51:00.000,,,Accpt,FR,,
821,60007983.0,6429_D,7,15850177,ONC00221220,1265937,2015-07-10 09:00:00,2015-07-10 21:00:00,,,2015-07-09 15:02:00,2019-02-27 15:51:00.000,,,Apprv,M1,15-09671,
821,60007983.0,6429_D,7,15850177,ONC00221220,1396583,2015-07-10 09:00:00,2015-07-10 21:00:00,2015-07-10 10:11:00,2015-07-10 11:47:00,2015-07-09 15:02:00,2019-02-27 15:51:00.000,,,Apprv,M1,15-09671,
821,60007983.0,6429_D,7,15850177,ONC00221220,1396583,2015-07-10 09:00:00,2015-07-10 21:00:00,2015-07-10 10:11:00,2015-07-10 11:47:00,2015-07-09 15:02:00,2019-02-27 15:51:00.000,,,Apprv,M1,15-09671,
821,60007983.0,6429_D,18,15852914,ONC00333817,1246722,2018-07-01 20:57:00,2018-07-01 21:59:00,2018-07-01 20:57:00,2018-07-01 21:59:00,2018-07-01 22:18:00,2019-02-27 15:51:00.000,,,Accpt,FR,070118-2,
821,60007983.0,6429_D,5,15895076,ONC00233213,1171406,2015-11-21 21:01:00,2015-11-23 16:00:00,2015-11-21 21:01:00,,2015-11-18 09:51:00,2019-02-27 15:51:00.000,,,Apprv,PL,15-15088,
821,60007983.0,6429_D,5,15895076,ONC00233213,1215199,2015-11-21 21:01:00,2015-11-23 16:00:00,,,2015-11-18 09:51:00,2019-02-27 15:51:00.000,,,Apprv,PL,15-15088,
821,60007983.0,6429_D,5,15895076,ONC00233213,1257214,2015-11-21 21:01:00,2015-11-23 16:00:00,,,2015-11-18 09:51:00,2019-02-27 15:51:00.000,,,RatE,PL,15-15088,
821,60007983.0,6429_D,5,15895076,ONC00233213,1324114,2015-11-21 21:01:00,2015-11-23 16:00:00,2015-11-21 21:01:00,2015-11-23 15:58:00,2015-11-18 09:51:00,2019-02-27 15:51:00.000,,,Apprv,PL,15-15088,
821,60007983.0,6429_D,15,17194170,ONC00473946,4655221,2021-06-08 05:00:00,2021-06-08 11:00:00,,,2021-06-02 08:35:00,2021-06-02 14:21:57.597,,,RatE,PL,21-11737,
821,60007983.0,6429_D,15,17194170,ONC00473946,4656277,2021-06-08 05:00:00,2021-06-08 11:00:00,,,2021-06-02 08:35:00,2021-06-02 14:21:57.597,,,Apprv,PL,21-11737,
821,60007983.0,6429_D,15,17194170,ONC00473946,4667623,2021-06-08 07:00:00,2021-06-08 11:00:00,,,2021-06-02 08:35:00,2021-06-02 14:21:57.597,,,Apprv,PL,21-11737,
821,60007983.0,6429_D,15,17194170,ONC00473946,4667642,2021-06-08 07:00:00,2021-06-08 11:00:00,2021-06-08 06:52:00,,2021-06-02 08:35:00,2021-06-02 14:21:57.597,,,Apprv,PL,21-11737,
821,60007983.0,6429_D,15,17194170,ONC00473946,4668356,2021-06-08 07:00:00,2021-06-08 11:00:00,2021-06-08 06:52:00,2021-06-08 10:12:00,2021-06-02 08:35:00,2021-06-02 14:21:57.597,,,Apprv,PL,21-11737,
821,60007983.0,6429_D,19,18029920,ONC00588776,6704211,2023-11-20 08:00:00,2023-11-20 18:00:00,,,2023-11-06 13:14:00,2023-11-06 20:22:04.190,,,RatE,PL,23-21469,"REQ: We have a HOT SPOT on switch 3474 at Brand Tap, and the customer has an outage planned for the Bulls Eye station on this date. They have agreed us to work this switch during their outage request.      Field to coordinate with customer/plant to obtain Holds on customer owned equipment  Open Golden Switch CB 8850 per SOP-146 for IRR islanding prevention"
821,60007983.0,6429_D,19,18029920,ONC00588776,6707288,2023-11-20 08:00:00,2023-11-20 18:00:00,,,2023-11-06 13:14:00,2023-11-06 20:22:04.190,,,Apprv,PL,23-21469,"REQ: We have a HOT SPOT on switch 3474 at Brand Tap, and the customer has an outage planned for the Bulls Eye station on this date. They have agreed us to work this switch during their outage request.      Field to coordinate with customer/plant to obtain Holds on customer owned equipment  Open Golden Switch CB 8850 per SOP-146 for IRR islanding prevention"
821,60007983.0,6429_D,19,18029920,ONC00588776,6735004,2023-11-20 08:00:00,2023-11-20 18:00:00,2023-11-20 09:31:00,,2023-11-06 13:14:00,2023-11-06 20:22:04.190,,,Apprv,PL,23-21469,"REQ: We have a HOT SPOT on switch 3474 at Brand Tap, and the customer has an outage planned for the Bulls Eye station on this date. They have agreed us to work this switch during their outage request.      Field to coordinate with customer/plant to obtain Holds on customer owned equipment  Open Golden Switch CB 8850 per SOP-146 for IRR islanding prevention"
821,60007983.0,6429_D,19,18029920,ONC00588776,6735716,2023-11-20 08:00:00,2023-11-20 18:00:00,2023-11-20 09:31:00,2023-11-20 15:24:00,2023-11-06 13:14:00,2023-11-06 20:22:04.190,,,Apprv,PL,23-21469,"REQ: We have a HOT SPOT on switch 3474 at Brand Tap, and the customer has an outage planned for the Bulls Eye station on this date. They have agreed us to work this switch during their outage request.      Field to coordinate with customer/plant to obtain Holds on customer owned equipment  Open Golden Switch CB 8850 per SOP-146 for IRR islanding prevention"
1019,60001232.0,33T2181,3,15607069,LCR00188574,1129799,2019-04-10 06:30:00,2019-05-15 18:00:00,,,2018-09-18 07:46:00,2019-02-27 15:51:00.000,,,Apprv,PL,T218,
1019,60001232.0,33T2181,3,15607069,LCR00188574,1197167,2019-04-10 06:30:00,2019-05-15 18:00:00,,,2018-09-18 07:46:00,2019-02-27 15:51:00.000,,,RatE,PL,T218,
1019,60001232.0,33T2181,3,15607069,LCR00188574,1245139,2019-04-01 06:30:00,2019-06-07 18:00:00,,,2018-09-18 07:46:00,2019-02-27 15:51:00.000,,,RatE,PL,T218,
1019,60001232.0,33T2181,3,15607069,LCR00188574,1569618,2019-04-18 07:00:00,2019-05-15 13:00:00,,,2018-09-18 07:46:00,2019-02-27 15:51:00.000,2019-04-04,Cancel - Will not reschedule,Cancl,PL,,
1019,60001232.0,33T2181,3,15607069,LCR00188574,1588575,2019-04-18 07:00:00,2019-05-15 18:00:00,,,2018-09-18 07:46:00,2019-02-27 15:51:00.000,,,Apprv,PL,T218,
1019,60001232.0,33T2181,3,15607069,LCR00188574,1603003,2019-04-18 07:00:00,2019-05-15 13:00:00,,,2018-09-18 07:46:00,2019-02-27 15:51:00.000,,,Apprv,PL,T218,
1019,60001232.0,33T2181,3,15607069,LCR00188574,1620686,2019-04-18 07:00:00,2019-05-15 13:00:00,,,2018-09-18 07:46:00,2019-02-27 15:51:00.000,2019-04-04,Cancel - Will not reschedule,Cancl,PL,,
1019,60001232.0,33T2181,6,15768603,LCR00188117,949760,2018-09-14 07:00:00,2018-09-14 13:00:00,,,2018-09-11 09:36:00,2019-02-27 15:51:00.000,,,Apprv,PL,T218,
1019,60001232.0,33T2181,6,15768603,LCR00188117,1240906,2018-09-14 07:00:00,2018-09-14 13:00:00,2018-09-14 07:41:00,2018-09-14 13:13:00,2018-09-11 09:36:00,2019-02-27 15:51:00.000,,,Apprv,PL,T218,
1019,60001232.0,33T2181,6,15768603,LCR00188117,1505300,2018-09-14 07:00:00,2018-09-14 13:00:00,2018-09-14 07:41:00,,2018-09-11 09:36:00,2019-02-27 15:51:00.000,,,Apprv,PL,T218,
1019,60001232.0,33T2181,8,15829247,LCR00188573,922988,2019-04-01 06:30:00,2019-06-07 18:00:00,,,2018-09-18 07:16:00,2019-02-27 15:51:00.000,2018-09-18,Cancel - Coordinating with ERCOT,Cancl,PL,T218,
1019,60001232.0,33T2181,3,15930544,LCR00194784,1189738,2019-09-16 07:00:00,2019-12-20 18:00:00,,,2019-01-30 07:41:00,2019-02-27 15:51:00.000,,,RatE,PL,T218,
1019,60001232.0,33T2181,3,15930544,LCR00194784,2219656,2019-09-16 07:00:00,2019-12-20 18:00:00,,,2019-01-30 07:41:00,2019-02-27 15:51:00.000,,,Apprv,PL,T218,
1019,60001232.0,33T2181,3,15930544,LCR00194784,2961946,2019-09-16 07:00:00,2019-12-20 18:00:00,2019-09-16 06:43:00,,2019-01-30 07:41:00,2019-02-27 15:51:00.000,,,Apprv,PL,T218,
1019,60001232.0,33T2181,3,15930544,LCR00194784,3132627,2019-09-16 07:00:00,2019-12-20 18:00:00,2019-09-16 06:43:00,2019-11-29 11:41:00,2019-01-30 07:41:00,2019-02-27 15:51:00.000,,,Apprv,PL,T218,
1019,60001232.0,33T2181,3,16300407,LCR00199508,1573284,2019-05-01 09:00:00,2019-05-15 13:00:00,2019-05-01 09:00:00,,2019-04-22 12:41:00,2019-05-08 18:22:04.117,,,Accpt,UE,T218,
1019,60001232.0,33T2181,3,16300407,LCR00199508,1583914,2019-05-01 09:00:00,2019-05-03 18:00:00,,,2019-04-22 12:41:00,2019-05-08 18:22:04.117,,,Apprv,PL,T218,
1019,60001232.0,33T2181,3,16300407,LCR00199508,1597630,2019-05-01 09:00:00,2019-05-03 18:00:00,2019-05-01 09:00:00,,2019-04-22 12:41:00,2019-05-08 18:22:04.117,,,Apprv,PL,T218,
1019,60001232.0,33T2181,3,16300407,LCR00199508,1635098,2019-05-01 09:00:00,2019-05-03 18:00:00,,,2019-04-22 12:41:00,2019-05-08 18:22:04.117,,,RatE,PL,T218,
1019,60001232.0,33T2181,3,16300407,LCR00199508,1645710,2019-05-01 09:00:00,2019-05-15 13:00:00,2019-05-01 09:00:00,2019-05-15 09:04:00,2019-04-22 12:41:00,2019-05-08 18:22:04.117,,,Accpt,UE,T218,
1019,60001232.0,33T2181,3,16304972,LCR00199673,1578602,2019-05-03 18:01:00,2019-05-15 13:00:00,,,2019-04-26 06:00:00,2019-05-08 18:22:04.117,2019-05-03,Cancel - Will not reschedule,Cancl,PL,T218,
1019,60001232.0,33T2181,3,16304972,LCR00199673,1596507,2019-05-03 18:01:00,2019-05-15 13:00:00,,,2019-04-26 06:00:00,2019-05-08 18:22:04.117,,,Apprv,PL,T218,
1019,60001232.0,33T2181,3,16304972,LCR00199673,1599237,2019-05-03 18:01:00,2019-05-15 13:00:00,,,2019-04-26 06:00:00,2019-05-08 18:22:04.117,,,RatE,PL,T218,
1019,60001232.0,33T2181,3,16680729,LCR00215602,3132621,2019-11-29 11:42:00,2019-12-20 18:00:00,2019-11-29 11:42:00,,2019-11-29 11:54:00,2019-11-29 19:20:19.203,,,Accpt,FR,T218,
1019,60001232.0,33T2181,3,16680729,LCR00215602,3190468,2019-11-29 11:42:00,2019-12-20 18:00:00,2019-11-29 11:42:00,2019-12-19 16:22:00,2019-11-29 11:54:00,2019-11-29 19:20:19.203,,,Accpt,FR,T218,
1019,60001232.0,33T2181,5,16786749,LCR00222171,3358926,2020-04-03 15:00:00,2020-04-03 18:00:00,,,2020-03-24 12:56:00,2020-03-24 18:20:28.853,,,RatE,PL,T218,
1019,60001232.0,33T2181,5,16786749,LCR00222171,3359382,2020-04-03 15:00:00,2020-04-03 18:00:00,,,2020-03-24 12:56:00,2020-03-24 18:20:28.853,2020-03-24,Cancel - ERROR,Cancl,PL,T218,
1019,60001232.0,33T2181,5,16786850,LCR00222181,3359355,2020-04-04 15:00:00,2020-04-04 18:00:00,,,2020-03-24 13:11:00,2020-03-24 20:20:24.147,2020-03-24,Cancel - ERROR,Cancl,PL,T218,
1019,60001232.0,33T2181,5,16786852,LCR00222191,3359357,2020-04-04 07:00:00,2020-04-04 18:00:00,,,2020-03-24 13:49:00,2020-03-24 20:20:24.147,,,RatE,PL,T218,
1019,60001232.0,33T2181,5,16786852,LCR00222191,3368116,2020-04-04 07:00:00,2020-04-04 18:00:00,,,2020-03-24 13:49:00,2020-03-24 20:20:24.147,,,Apprv,PL,T218,
1019,60001232.0,33T2181,5,16786852,LCR00222191,3383103,2020-04-04 07:00:00,2020-04-04 18:00:00,,,2020-03-24 13:49:00,2020-03-24 20:20:24.147,2020-04-04,Cancel - Weather Conditions,Cancl,PL,T218,
1019,60001232.0,33T2181,5,16793786,LCR00222780,3377317,2020-04-05 07:00:00,2020-04-05 18:00:00,,,2020-04-01 13:43:00,2020-04-01 20:20:37.800,,,RatE,PL,T218,
1019,60001232.0,33T2181,5,16793786,LCR00222780,3379269,2020-04-05 07:00:00,2020-04-05 18:00:00,,,2020-04-01 13:43:00,2020-04-01 20:20:37.800,,,Apprv,PL,T218,
1019,60001232.0,33T2181,5,16793786,LCR00222780,3383636,2020-04-05 07:00:00,2020-04-05 18:00:00,2020-04-05 06:53:00,,2020-04-01 13:43:00,2020-04-01 20:20:37.800,,,Apprv,PL,T218,
1019,60001232.0,33T2181,5,16793786,LCR00222780,3383878,2020-04-05 07:00:00,2020-04-05 19:00:00,2020-04-05 06:53:00,2020-04-05 18:54:00,2020-04-01 13:43:00,2020-04-01 20:20:37.800,,,Accpt,UE,T218,
1019,60001232.0,33T2181,5,16793786,LCR00222780,3383892,2020-04-05 07:00:00,2020-04-05 19:00:00,2020-04-05 06:53:00,,2020-04-01 13:43:00,2020-04-01 20:20:37.800,,,Accpt,UE,T218,
1019,60001232.0,33T2181,5,16796213,LCR00223054,3383917,2020-04-06 07:00:00,2020-04-06 13:00:00,,,2020-04-05 19:44:00,2020-04-06 02:20:25.783,,,RatE,M1,T218,
1019,60001232.0,33T2181,5,16796213,LCR00223054,3384111,2020-04-06 07:00:00,2020-04-06 13:00:00,,,2020-04-05 19:44:00,2020-04-06 02:20:25.783,,,Apprv,M1,T218,
1019,60001232.0,33T2181,5,16796213,LCR00223054,3384484,2020-04-06 07:00:00,2020-04-06 13:00:00,2020-04-06 07:17:00,,2020-04-05 19:44:00,2020-04-06 02:20:25.783,,,Apprv,M1,T218,
1019,60001232.0,33T2181,5,16796213,LCR00223054,3385705,2020-04-06 07:00:00,2020-04-06 13:00:00,2020-04-06 07:17:00,2020-04-06 14:28:00,2020-04-05 19:44:00,2020-04-06 02:20:25.783,,,Apprv,M1,T218,
1019,60001232.0,33T2181,5,16815911,LCR00225205,3442234,2020-05-13 10:00:00,2020-05-13 17:00:00,,,2020-05-05 08:42:00,2020-05-05 14:20:42.297,,,RatE,PL,T218,
1019,60001232.0,33T2181,5,16815911,LCR00225205,3446273,2020-05-13 10:00:00,2020-05-13 17:00:00,,,2020-05-05 08:42:00,2020-05-05 14:20:42.297,,,Apprv,PL,T218,
1019,60001232.0,33T2181,5,16815911,LCR00225205,3459962,2020-05-13 10:00:00,2020-05-13 17:00:00,2020-05-13 10:00:00,,2020-05-05 08:42:00,2020-05-05 14:20:42.297,,,Apprv,PL,T218,
1019,60001232.0,33T2181,5,16815911,LCR00225205,3460418,2020-05-13 10:00:00,2020-05-13 17:00:00,2020-05-13 10:00:00,2020-05-13 16:58:00,2020-05-05 08:42:00,2020-05-05 14:20:42.297,,,Apprv,PL,T218,
1019,60001232.0,33T2181,5,16815911,LCR00225205,3460418,2020-05-13 10:00:00,2020-05-13 17:00:00,2020-05-13 10:00:00,2020-05-13 16:58:00,2020-05-05 08:42:00,2020-05-05 14:20:42.297,,,Apprv,PL,T218,
1019,60001232.0,33T2181,5,16831513,LCR00225396,3452245,2020-05-13 17:01:00,2020-05-15 12:00:00,,,2020-05-08 15:53:00,2020-05-08 22:20:26.027,,,Apprv,PL,T218,
1019,60001232.0,33T2181,5,16831513,LCR00225396,3452263,2020-05-13 17:01:00,2020-05-15 12:00:00,,,2020-05-08 15:53:00,2020-05-08 22:20:26.027,,,RatE,PL,T218,
1019,60001232.0,33T2181,5,16831513,LCR00225396,3460493,2020-05-13 17:01:00,2020-05-15 12:00:00,2020-05-13 16:59:00,,2020-05-08 15:53:00,2020-05-08 22:20:26.027,,,Apprv,PL,T218,
1019,60001232.0,33T2181,5,16831513,LCR00225396,3464783,2020-05-13 17:01:00,2020-05-15 12:00:00,2020-05-13 16:59:00,2020-05-15 11:01:00,2020-05-08 15:53:00,2020-05-08 22:20:26.027,,,Apprv,PL,T218,
1019,60001232.0,33T2181,5,16834114,LCR00226523,3458804,2020-05-13 07:24:00,2020-05-13 09:59:00,2020-05-13 07:59:00,,2020-05-13 07:23:00,2020-05-13 14:20:40.430,,,Apprv,M1,T218,
1019,60001232.0,33T2181,5,16834114,LCR00226523,3458935,2020-05-13 07:24:00,2020-05-13 09:59:00,,,2020-05-13 07:23:00,2020-05-13 14:20:40.430,,,Apprv,M1,T218,
1019,60001232.0,33T2181,5,16834114,LCR00226523,3460040,2020-05-13 07:24:00,2020-05-13 09:59:00,2020-05-13 07:59:00,2020-05-13 09:59:00,2020-05-13 07:23:00,2020-05-13 14:20:40.430,,,Apprv,M1,T218,
1019,60001232.0,33T2181,5,16857655,LCR00228594,3733637,2021-09-16 07:00:00,2021-12-10 18:00:00,,,2020-06-25 07:53:00,2020-06-25 14:21:16.367,,,RatE,PL,T218,"REQ: CL on T218, Burnet to Wirtz, for work in close proximity while working on T187; Curtis Powell. [#18091#]
SUP:  ."
1019,60001232.0,33T2181,5,16857655,LCR00228594,4012012,2021-09-16 07:00:00,2021-12-10 18:00:00,,,2020-06-25 07:53:00,2020-06-25 14:21:16.367,2020-11-18,Cancel - Reschedule date unknown,Cancl,PL,T218,"REQ: CL on T218, Burnet to Wirtz, for work in close proximity while working on T187; Curtis Powell. [#18091#]
SUP:  ."
1019,60001232.0,33T2181,5,17217096,LCR00249192,4728125,2021-09-22 07:00:00,2021-09-22 19:00:00,,,2021-06-18 07:43:00,2021-06-18 13:21:25.340,,,RatE,PL,T218,"REQ: CL ON T218, WITZ TO BURNET, FOR WORK IN CLOSE PROXIMITY REMOVING OLD CB 4860 AND INSTALLING NEW BREAKER"
1019,60001232.0,33T2181,5,17217096,LCR00249192,4751124,2021-09-22 07:00:00,2021-09-22 19:00:00,,,2021-06-18 07:43:00,2021-06-18 13:21:25.340,,,Apprv,PL,T218,"REQ: CL ON T218, WITZ TO BURNET, FOR WORK IN CLOSE PROXIMITY REMOVING OLD CB 4860 AND INSTALLING NEW BREAKER"
1019,60001232.0,33T2181,5,17217096,LCR00249192,4883030,2021-09-22 07:00:00,2021-09-22 19:00:00,,,2021-06-18 07:43:00,2021-06-18 13:21:25.340,2021-09-08,Cancel - Will not reschedule,Cancl,PL,T218,"REQ: CL ON T218, WITZ TO BURNET, FOR WORK IN CLOSE PROXIMITY REMOVING OLD CB 4860 AND INSTALLING NEW BREAKER"
1019,60001232.0,33T2181,3,17280603,LCR00252937,4816862,2021-08-30 07:00:00,2021-09-02 15:00:00,,,2021-08-04 13:28:00,2021-08-04 19:21:03.927,,,RatE,PL,T218,"REQ: CL on T218, Burnet to Wirtz, so that temporary connections between bus and SW3021 can be removed, new verticals installed, and jumper attached to line; remove SWs 3014 and 3021"
1019,60001232.0,33T2181,3,17280603,LCR00252937,4839636,2021-08-30 07:00:00,2021-09-02 15:00:00,,,2021-08-04 13:28:00,2021-08-04 19:21:03.927,,,Apprv,PL,T218,"REQ: CL on T218, Burnet to Wirtz, so that temporary connections between bus and SW3021 can be removed, new verticals installed, and jumper attached to line; remove SWs 3014 and 3021"
1019,60001232.0,33T2181,3,17280603,LCR00252937,4863324,2021-08-30 07:00:00,2021-09-02 15:00:00,2021-08-30 06:36:00,,2021-08-04 13:28:00,2021-08-04 19:21:03.927,,,Apprv,PL,T218,"REQ: CL on T218, Burnet to Wirtz, so that temporary connections between bus and SW3021 can be removed, new verticals installed, and jumper attached to line; remove SWs 3014 and 3021"
1019,60001232.0,33T2181,3,17280603,LCR00252937,4863557,2021-09-01 07:00:00,2021-09-02 15:00:00,,,2021-08-04 13:28:00,2021-08-04 19:21:03.927,,,Apprv,PL,T218,"REV: Start Time was removed due to the outage being delayed.
REQ: CL on T218, Burnet to Wirtz, so that temporary connections between bus and SW3021 can be removed, new verticals installed, and jumper attached to line; remove SWs 3014 and 3021"
1019,60001232.0,33T2181,3,17280603,LCR00252937,4866659,2021-09-01 07:00:00,2021-09-02 15:00:00,,,2021-08-04 13:28:00,2021-08-04 19:21:03.927,2021-08-31,Cancel - Reschedule date unknown,Cancl,PL,T218,"REV: Start Time was removed due to the outage being delayed.
REQ: CL on T218, Burnet to Wirtz, so that temporary connections between bus and SW3021 can be removed, new verticals installed, and jumper attached to line; remove SWs 3014 and 3021"
1019,60001232.0,33T2181,3,17283515,LCR00253086,4821042,2021-08-12 08:00:00,2021-08-12 12:00:00,,,2021-08-06 12:15:00,2021-08-06 18:21:03.020,,,RatE,PL,T218,REQ: PEC TEMP TRANSFORMER (TEMP LOAD) AND TS1 BEING REMOVED FROM THE SYSTEM
1019,60001232.0,33T2181,3,17283515,LCR00253086,4821189,2021-08-12 08:00:00,2021-08-12 12:00:00,,,2021-08-06 12:15:00,2021-08-06 18:21:03.020,,,Apprv,PL,T218,REQ: PEC TEMP TRANSFORMER (TEMP LOAD) AND TS1 BEING REMOVED FROM THE SYSTEM
1019,60001232.0,33T2181,3,17283515,LCR00253086,4829868,2021-08-12 08:00:00,2021-08-12 12:00:00,2021-08-12 07:37:00,,2021-08-06 12:15:00,2021-08-06 18:21:03.020,,,Apprv,PL,T218,REQ: PEC TEMP TRANSFORMER (TEMP LOAD) AND TS1 BEING REMOVED FROM THE SYSTEM
1019,60001232.0,33T2181,3,17283515,LCR00253086,4830683,2021-08-12 08:00:00,2021-08-12 12:00:00,2021-08-12 07:37:00,2021-08-12 11:00:00,2021-08-06 12:15:00,2021-08-06 18:21:03.020,,,Apprv,PL,T218,REQ: PEC TEMP TRANSFORMER (TEMP LOAD) AND TS1 BEING REMOVED FROM THE SYSTEM
1019,60001232.0,33T2181,9,17287705,LCR00253252,4825010,2021-08-25 08:00:00,2021-08-25 13:00:00,,,2021-08-10 05:57:00,2021-08-10 11:21:00.303,,,RatE,PL,Burn218,REQ: LARGE CRANE WILL ENCROACH IN THE MAD DISTANCE WHILE REMOVING TEMPORARY XFMR.
1019,60001232.0,33T2181,9,17287705,LCR00253252,4830178,2021-08-25 08:00:00,2021-08-25 13:00:00,,,2021-08-10 05:57:00,2021-08-10 11:21:00.303,,,Apprv,PL,Burn218,REQ: LARGE CRANE WILL ENCROACH IN THE MAD DISTANCE WHILE REMOVING TEMPORARY XFMR.
1019,60001232.0,33T2181,9,17287705,LCR00253252,4848333,2021-08-25 08:00:00,2021-08-25 13:00:00,,,2021-08-10 05:57:00,2021-08-10 11:21:00.303,2021-08-23,Cancel - Will not reschedule,Cancl,PL,Burn218,REQ: LARGE CRANE WILL ENCROACH IN THE MAD DISTANCE WHILE REMOVING TEMPORARY XFMR.
1019,60001232.0,33T2181,9,17304389,LCR00253893,4848322,2021-08-26 08:00:00,2021-08-26 13:00:00,,,2021-08-23 09:51:00,2021-08-23 15:20:56.760,,,RatE,PL,Burn218,REQ: LARGE CRANE WILL ENCROACH IN THE MAD DISTANCE WHILE REMOVING TEMPORARY XFMR.
1019,60001232.0,33T2181,9,17304389,LCR00253893,4848730,2021-08-26 08:00:00,2021-08-26 13:00:00,,,2021-08-23 09:51:00,2021-08-23 15:20:56.760,,,Apprv,PL,Burn218,REQ: LARGE CRANE WILL ENCROACH IN THE MAD DISTANCE WHILE REMOVING TEMPORARY XFMR.
1019,60001232.0,33T2181,9,17304389,LCR00253893,4857117,2021-08-26 08:00:00,2021-08-26 13:00:00,2021-08-26 07:44:00,,2021-08-23 09:51:00,2021-08-23 15:20:56.760,,,Apprv,PL,Burn218,REQ: LARGE CRANE WILL ENCROACH IN THE MAD DISTANCE WHILE REMOVING TEMPORARY XFMR.
1019,60001232.0,33T2181,9,17304389,LCR00253893,4857765,2021-08-26 08:00:00,2021-08-26 13:00:00,2021-08-26 07:44:00,2021-08-26 11:00:00,2021-08-23 09:51:00,2021-08-23 15:20:56.760,,,Apprv,PL,Burn218,REQ: LARGE CRANE WILL ENCROACH IN THE MAD DISTANCE WHILE REMOVING TEMPORARY XFMR.
1019,60001232.0,33T2181,5,17327860,LCR00255359,4883020,2021-09-21 07:01:00,2021-09-21 19:00:00,,,2021-09-08 15:02:00,2021-09-08 21:20:56.563,,,RatE,PL,T218,"REQ: CL ON T218, WITZ TO BURNET, FOR WORK IN CLOSE PROXIMITY REMOVING OLD CB 4860 AND INSTALLING NEW BREAKER"
1019,60001232.0,33T2181,5,17327860,LCR00255359,4896099,2021-09-21 07:01:00,2021-09-21 19:00:00,,,2021-09-08 15:02:00,2021-09-08 21:20:56.563,,,Study,PL,T218,"REQ: CL ON T218, WITZ TO BURNET, FOR WORK IN CLOSE PROXIMITY REMOVING OLD CB 4860 AND INSTALLING NEW BREAKER"
1019,60001232.0,33T2181,5,17327860,LCR00255359,4896335,2021-09-21 07:01:00,2021-09-21 19:00:00,,,2021-09-08 15:02:00,2021-09-08 21:20:56.563,,,Apprv,PL,T218,"REQ: CL ON T218, WITZ TO BURNET, FOR WORK IN CLOSE PROXIMITY REMOVING OLD CB 4860 AND INSTALLING NEW BREAKER"
1019,60001232.0,33T2181,5,17327860,LCR00255359,4909621,2021-09-21 07:01:00,2021-09-21 19:00:00,2021-09-21 08:40:00,,2021-09-08 15:02:00,2021-09-08 21:20:56.563,,,Apprv,PL,T218,"REQ: CL ON T218, WITZ TO BURNET, FOR WORK IN CLOSE PROXIMITY REMOVING OLD CB 4860 AND INSTALLING NEW BREAKER"
1019,60001232.0,33T2181,5,17327860,LCR00255359,4911461,2021-09-21 07:01:00,2021-09-21 19:00:00,2021-09-21 08:40:00,2021-09-21 18:17:00,2021-09-08 15:02:00,2021-09-08 21:20:56.563,,,Apprv,PL,T218,"REQ: CL ON T218, WITZ TO BURNET, FOR WORK IN CLOSE PROXIMITY REMOVING OLD CB 4860 AND INSTALLING NEW BREAKER"
1019,60001232.0,33T2181,9,17337720,LCR00255883,4895518,2021-10-18 09:00:00,2021-10-22 15:00:00,,,2021-09-15 05:57:00,2021-09-15 11:21:24.193,,,RatE,PL,T218,"REQ: CL so that SW 3021/3023, pipe bus, and jumper can be removed from service, new verticals installed, A-frame lacing replaced, and new jumpers installed."
1019,60001232.0,33T2181,9,17337720,LCR00255883,4949398,2021-10-18 09:00:00,2021-10-22 15:00:00,,,2021-09-15 05:57:00,2021-09-15 11:21:24.193,,,Apprv,PL,T218,"REQ: CL so that SW 3021/3023, pipe bus, and jumper can be removed from service, new verticals installed, A-frame lacing replaced, and new jumpers installed."
1019,60001232.0,33T2181,9,17337720,LCR00255883,4992048,2021-10-18 09:00:00,2021-10-22 15:00:00,2021-10-18 08:20:00,,2021-09-15 05:57:00,2021-09-15 11:21:24.193,,,Apprv,PL,T218,"REQ: CL so that SW 3021/3023, pipe bus, and jumper can be removed from service, new verticals installed, A-frame lacing replaced, and new jumpers installed."
1019,60001232.0,33T2181,9,17337720,LCR00255883,5005237,2021-10-18 09:00:00,2021-10-22 15:00:00,2021-10-18 08:20:00,2021-10-22 09:22:00,2021-09-15 05:57:00,2021-09-15 11:21:24.193,,,Apprv,PL,T218,"REQ: CL so that SW 3021/3023, pipe bus, and jumper can be removed from service, new verticals installed, A-frame lacing replaced, and new jumpers installed."
1019,60001232.0,33T2181,14,17704816,LCR00276601,5626052,2022-08-01 07:00:00,2022-08-04 16:00:00,,,2022-07-23 17:07:00,2022-07-23 23:21:37.847,,,RatE,PL,22-04107,"REQ: REPLACE ROTTEN POLES @ STRS 3/1, 3/5, 13/1, 14/1, 14/3 and REPLACE CROSS ARM @ Str. 5/1
SUP: Open CBs 8250 and 8270 at CTEC Buchanan to mitigate post contingency overloads"
1019,60001232.0,33T2181,14,17704816,LCR00276601,5628838,2022-08-01 07:00:00,2022-08-01 13:00:00,,,2022-07-23 17:07:00,2022-07-23 23:21:37.847,,,Study,PL,22-04107,"SUP: CTECBU mitigation breakers no longer needed
SUP: Open CBs 8250 and 8270 at CTEC Buchanan to mitigate post contingency overloads
REQ: REPLACE ROTTEN POLES @ STRS 3/1, 3/5, 13/1, 14/1, 14/3 and REPLACE CROSS ARM @ Str. 5/1"
1019,60001232.0,33T2181,14,17704816,LCR00276601,5629951,2022-08-01 07:00:00,2022-08-01 13:00:00,,,2022-07-23 17:07:00,2022-07-23 23:21:37.847,,,Apprv,PL,22-04107,"SUP: CTECBU mitigation breakers no longer needed
SUP: Open CBs 8250 and 8270 at CTEC Buchanan to mitigate post contingency overloads
REQ: REPLACE ROTTEN POLES @ STRS 3/1, 3/5, 13/1, 14/1, 14/3 and REPLACE CROSS ARM @ Str. 5/1"
1019,60001232.0,33T2181,14,17704816,LCR00276601,5643315,2022-08-01 07:00:00,2022-08-01 13:00:00,2022-08-01 06:38:00,,2022-07-23 17:07:00,2022-07-23 23:21:37.847,,,Apprv,PL,22-04107,"SUP: CTECBU mitigation breakers no longer needed
SUP: Open CBs 8250 and 8270 at CTEC Buchanan to mitigate post contingency overloads
REQ: REPLACE ROTTEN POLES @ STRS 3/1, 3/5, 13/1, 14/1, 14/3 and REPLACE CROSS ARM @ Str. 5/1"
1019,60001232.0,33T2181,14,17704816,LCR00276601,5645004,2022-08-01 07:00:00,2022-08-01 13:00:00,2022-08-01 06:38:00,2022-08-01 13:05:00,2022-07-23 17:07:00,2022-07-23 23:21:37.847,,,Apprv,PL,22-04107,"SUP: CTECBU mitigation breakers no longer needed
SUP: Open CBs 8250 and 8270 at CTEC Buchanan to mitigate post contingency overloads
REQ: REPLACE ROTTEN POLES @ STRS 3/1, 3/5, 13/1, 14/1, 14/3 and REPLACE CROSS ARM @ Str. 5/1"
1019,60001232.0,33T2181,14,17705995,LCR00276786,5628843,2022-08-02 07:00:00,2022-08-02 13:00:00,,,2022-07-25 16:28:00,2022-07-25 22:21:45.580,,,RatE,PL,22-04318,"REQ: REPLACE ROTTEN POLES @ STRS 3/1, 3/5, 13/1, 14/1, 14/3 and REPLACE CROSS ARM @ Str. 5/1"
1019,60001232.0,33T2181,14,17705995,LCR00276786,5633223,2022-08-02 07:00:00,2022-08-02 13:00:00,,,2022-07-25 16:28:00,2022-07-25 22:21:45.580,,,Apprv,PL,22-04318,"REQ: REPLACE ROTTEN POLES @ STRS 3/1, 3/5, 13/1, 14/1, 14/3 and REPLACE CROSS ARM @ Str. 5/1"
1019,60001232.0,33T2181,14,17705995,LCR00276786,5646019,2022-08-02 07:00:00,2022-08-02 13:00:00,2022-08-02 06:43:00,,2022-07-25 16:28:00,2022-07-25 22:21:45.580,,,Apprv,PL,22-04318,"REQ: REPLACE ROTTEN POLES @ STRS 3/1, 3/5, 13/1, 14/1, 14/3 and REPLACE CROSS ARM @ Str. 5/1"
1019,60001232.0,33T2181,14,17705995,LCR00276786,5647608,2022-08-02 07:00:00,2022-08-02 13:00:00,2022-08-02 06:43:00,2022-08-02 12:42:00,2022-07-25 16:28:00,2022-07-25 22:21:45.580,,,Apprv,PL,22-04318,"REQ: REPLACE ROTTEN POLES @ STRS 3/1, 3/5, 13/1, 14/1, 14/3 and REPLACE CROSS ARM @ Str. 5/1"
1019,60001232.0,33T2181,14,17705999,LCR00276800,5628844,2022-08-03 07:00:00,2022-08-03 13:00:00,,,2022-07-25 16:32:00,2022-07-25 22:21:45.580,,,RatE,PL,22-04319,"REQ: REPLACE ROTTEN POLES @ STRS 3/1, 3/5, 13/1, 14/1, 14/3 and REPLACE CROSS ARM @ Str. 5/1"
1019,60001232.0,33T2181,14,17705999,LCR00276800,5632107,2022-08-03 07:00:00,2022-08-03 13:00:00,,,2022-07-25 16:32:00,2022-07-25 22:21:45.580,,,Apprv,PL,22-04319,"REQ: REPLACE ROTTEN POLES @ STRS 3/1, 3/5, 13/1, 14/1, 14/3 and REPLACE CROSS ARM @ Str. 5/1"
1019,60001232.0,33T2181,14,17705999,LCR00276800,5648839,2022-08-03 07:00:00,2022-08-03 13:00:00,,,2022-07-25 16:32:00,2022-07-25 22:21:45.580,2022-08-03,Cancel - Labor/Crew Unavailable,Cancl,PL,22-04319,"REQ: REPLACE ROTTEN POLES @ STRS 3/1, 3/5, 13/1, 14/1, 14/3 and REPLACE CROSS ARM @ Str. 5/1"
1019,60001232.0,33T2181,14,17706031,LCR00276814,5628817,2022-08-04 07:00:00,2022-08-04 13:00:00,,,2022-07-25 16:34:00,2022-07-25 22:21:45.580,,,RatE,PL,22-04320,"REQ: REPLACE ROTTEN POLES @ STRS 3/1, 3/5, 13/1, 14/1, 14/3 and REPLACE CROSS ARM @ Str. 5/1"
1019,60001232.0,33T2181,14,17706031,LCR00276814,5632790,2022-08-04 07:00:00,2022-08-04 13:00:00,,,2022-07-25 16:34:00,2022-07-25 22:21:45.580,,,Apprv,PL,22-04320,"REQ: REPLACE ROTTEN POLES @ STRS 3/1, 3/5, 13/1, 14/1, 14/3 and REPLACE CROSS ARM @ Str. 5/1"
1019,60001232.0,33T2181,14,17706031,LCR00276814,5651895,2022-08-04 07:00:00,2022-08-04 13:00:00,,,2022-07-25 16:34:00,2022-07-25 22:21:45.580,2022-08-04,Cancel - Labor/Crew Unavailable,Cancl,PL,,"REQ: REPLACE ROTTEN POLES @ STRS 3/1, 3/5, 13/1, 14/1, 14/3 and REPLACE CROSS ARM @ Str. 5/1"
1019,60001232.0,33T2181,14,17717146,LCR00278066,5662953,2022-08-22 07:00:00,2022-08-22 13:00:00,,,2022-08-10 14:00:00,2022-08-10 19:21:41.073,,,RatE,PL,22-04418,
1019,60001232.0,33T2181,14,17717146,LCR00278066,5662953,2022-08-22 07:00:00,2022-08-22 13:00:00,,,2022-08-10 14:00:00,2022-08-10 19:21:41.073,,,RatE,PL,22-04418,"REQ: REPLACE ROTTEN POLES @ STRS 3/1, 3/5, 13/1, 14/1, 14/3 and REPLACE CROSS ARM @ Str. 5/1"
1019,60001232.0,33T2181,14,17717146,LCR00278066,5663216,2022-08-22 07:00:00,2022-08-22 13:00:00,,,2022-08-10 14:00:00,2022-08-10 19:21:41.073,,,Apprv,PL,22-04418,"REQ: REPLACE ROTTEN POLES @ STRS 3/1, 3/5, 13/1, 14/1, 14/3 and REPLACE CROSS ARM @ Str. 5/1"
1019,60001232.0,33T2181,14,17717146,LCR00278066,5674707,2022-08-22 07:00:00,2022-08-22 13:00:00,,,2022-08-10 14:00:00,2022-08-10 19:21:41.073,2022-08-16,Cancel - Labor/Crew Unavailable,Cancl,PL,22-04418,"REQ: REPLACE ROTTEN POLES @ STRS 3/1, 3/5, 13/1, 14/1, 14/3 and REPLACE CROSS ARM @ Str. 5/1"
1019,60001232.0,33T2181,14,17717243,LCR00278111,5663092,2022-08-24 07:00:00,2022-08-24 13:00:00,,,2022-08-10 14:16:00,2022-08-10 20:21:37.830,,,RatE,PL,22-04793,"REQ: REPLACE ROTTEN POLES @ STRS 3/1, 3/5, 13/1, 14/1, 14/3 and REPLACE CROSS ARM @ Str. 5/1"
1019,60001232.0,33T2181,14,17717243,LCR00278111,5665527,2022-08-24 07:00:00,2022-08-24 13:00:00,,,2022-08-10 14:16:00,2022-08-10 20:21:37.830,,,Apprv,PL,22-04793,"REQ: REPLACE ROTTEN POLES @ STRS 3/1, 3/5, 13/1, 14/1, 14/3 and REPLACE CROSS ARM @ Str. 5/1"
1019,60001232.0,33T2181,14,17717243,LCR00278111,5674684,2022-08-24 07:00:00,2022-08-24 13:00:00,,,2022-08-10 14:16:00,2022-08-10 20:21:37.830,2022-08-16,Cancel - Labor/Crew Unavailable,Cancl,PL,22-04793,"REQ: REPLACE ROTTEN POLES @ STRS 3/1, 3/5, 13/1, 14/1, 14/3 and REPLACE CROSS ARM @ Str. 5/1"
1019,60001232.0,33T2181,14,17717259,LCR00278059,5663079,2022-08-23 07:00:00,2022-08-23 13:00:00,,,2022-08-10 14:06:00,2022-08-10 20:21:37.830,,,RatE,PL,22-04792,"REQ: REPLACE ROTTEN POLES @ STRS 3/1, 3/5, 13/1, 14/1, 14/3 and REPLACE CROSS ARM @ Str. 5/1"
1019,60001232.0,33T2181,14,17717259,LCR00278059,5665574,2022-08-23 07:00:00,2022-08-23 13:00:00,,,2022-08-10 14:06:00,2022-08-10 20:21:37.830,,,Apprv,PL,22-04792,"REQ: REPLACE ROTTEN POLES @ STRS 3/1, 3/5, 13/1, 14/1, 14/3 and REPLACE CROSS ARM @ Str. 5/1"
1019,60001232.0,33T2181,14,17717259,LCR00278059,5674729,2022-08-23 07:00:00,2022-08-23 13:00:00,,,2022-08-10 14:06:00,2022-08-10 20:21:37.830,2022-08-16,Cancel - Labor/Crew Unavailable,Cancl,PL,22-04792,"REQ: REPLACE ROTTEN POLES @ STRS 3/1, 3/5, 13/1, 14/1, 14/3 and REPLACE CROSS ARM @ Str. 5/1"
1019,60001232.0,33T2181,14,17717356,LCR00278128,5663078,2022-08-25 07:00:00,2022-08-25 13:00:00,,,2022-08-10 14:17:00,2022-08-10 20:21:37.830,,,RatE,PL,22-04794,"REQ: REPLACE ROTTEN POLES @ STRS 3/1, 3/5, 13/1, 14/1, 14/3 and REPLACE CROSS ARM @ Str. 5/1"
1019,60001232.0,33T2181,14,17717356,LCR00278128,5665744,2022-08-25 07:00:00,2022-08-25 13:00:00,,,2022-08-10 14:17:00,2022-08-10 20:21:37.830,,,Apprv,PL,22-04794,"REQ: REPLACE ROTTEN POLES @ STRS 3/1, 3/5, 13/1, 14/1, 14/3 and REPLACE CROSS ARM @ Str. 5/1"
1019,60001232.0,33T2181,14,17717356,LCR00278128,5674721,2022-08-25 07:00:00,2022-08-25 13:00:00,,,2022-08-10 14:17:00,2022-08-10 20:21:37.830,2022-08-16,Cancel - Labor/Crew Unavailable,Cancl,PL,22-04794,"REQ: REPLACE ROTTEN POLES @ STRS 3/1, 3/5, 13/1, 14/1, 14/3 and REPLACE CROSS ARM @ Str. 5/1"
1019,60001232.0,33T2181,14,17728124,LCR00278947,5694909,2022-09-08 07:00:00,2022-09-08 13:00:00,,,2022-08-25 10:45:00,2022-08-25 16:21:35.023,,,RatE,PL,22-05154,"REQ: REPLACE ROTTEN POLES @ STRS 3/5, 13/1, 14/1, 14/3 and REPLACE CROSS ARM @ Str. 5/1"
1019,60001232.0,33T2181,14,17728124,LCR00278947,5696051,2022-09-08 07:00:00,2022-09-08 13:00:00,,,2022-08-25 10:45:00,2022-08-25 16:21:35.023,,,Apprv,PL,22-05154,"REQ: REPLACE ROTTEN POLES @ STRS 3/5, 13/1, 14/1, 14/3 and REPLACE CROSS ARM @ Str. 5/1"
1019,60001232.0,33T2181,14,17728124,LCR00278947,5722455,2022-09-08 07:00:00,2022-09-08 13:00:00,2022-09-08 06:30:00,,2022-08-25 10:45:00,2022-08-25 16:21:35.023,,,Apprv,PL,22-05154,"REQ: REPLACE ROTTEN POLES @ STRS 3/5, 13/1, 14/1, 14/3 and REPLACE CROSS ARM @ Str. 5/1"
1019,60001232.0,33T2181,14,17728124,LCR00278947,5724220,2022-09-08 07:00:00,2022-09-08 13:00:00,2022-09-08 06:30:00,2022-09-08 13:12:00,2022-08-25 10:45:00,2022-08-25 16:21:35.023,,,Apprv,PL,22-05154,"SUP: .
REQ: REPLACE ROTTEN POLES @ STRS 3/5, 13/1, 14/1, 14/3 and REPLACE CROSS ARM @ Str. 5/1"
1019,60001232.0,33T2181,14,17728124,LCR00278947,5724435,2022-09-08 07:00:00,2022-09-08 13:00:00,2022-09-08 06:30:00,2022-09-08 13:00:00,2022-08-25 10:45:00,2022-08-25 16:21:35.023,,,Apprv,PL,22-05154,"SUP: .
REQ: REPLACE ROTTEN POLES @ STRS 3/5, 13/1, 14/1, 14/3 and REPLACE CROSS ARM @ Str. 5/1"
1019,60001232.0,33T2181,14,17728129,LCR00278922,5694889,2022-09-06 07:00:00,2022-09-06 13:00:00,,,2022-08-25 10:38:00,2022-08-25 16:21:35.023,,,RatE,PL,22-04945,"REQ: REPLACE ROTTEN POLES @ STRS 3/5, 13/1, 14/1, 14/3 and REPLACE CROSS ARM @ Str. 5/1"
1019,60001232.0,33T2181,14,17728129,LCR00278922,5698941,2022-09-06 07:00:00,2022-09-06 13:00:00,,,2022-08-25 10:38:00,2022-08-25 16:21:35.023,,,Study,PL,22-04945,"REQ: REPLACE ROTTEN POLES @ STRS 3/5, 13/1, 14/1, 14/3 and REPLACE CROSS ARM @ Str. 5/1"
1019,60001232.0,33T2181,14,17728129,LCR00278922,5701281,2022-09-06 07:00:00,2022-09-06 13:00:00,,,2022-08-25 10:38:00,2022-08-25 16:21:35.023,,,Apprv,PL,22-04945,"REQ: REPLACE ROTTEN POLES @ STRS 3/5, 13/1, 14/1, 14/3 and REPLACE CROSS ARM @ Str. 5/1"
1019,60001232.0,33T2181,14,17728129,LCR00278922,5717115,2022-09-06 07:00:00,2022-09-06 13:00:00,2022-09-06 06:44:00,,2022-08-25 10:38:00,2022-08-25 16:21:35.023,,,Apprv,PL,22-04945,"REQ: REPLACE ROTTEN POLES @ STRS 3/5, 13/1, 14/1, 14/3 and REPLACE CROSS ARM @ Str. 5/1"
1019,60001232.0,33T2181,14,17728129,LCR00278922,5718098,2022-09-06 07:00:00,2022-09-06 13:00:00,2022-09-06 06:44:00,2022-09-06 12:52:00,2022-08-25 10:38:00,2022-08-25 16:21:35.023,,,Apprv,PL,22-04945,"REQ: REPLACE ROTTEN POLES @ STRS 3/5, 13/1, 14/1, 14/3 and REPLACE CROSS ARM @ Str. 5/1"
1019,60001232.0,33T2181,14,17728213,LCR00278918,5694861,2022-09-07 07:00:00,2022-09-07 13:00:00,,,2022-08-25 10:42:00,2022-08-25 16:21:35.023,,,RatE,PL,22-05153,"REQ: REPLACE ROTTEN POLES @ STRS 3/5, 13/1, 14/1, 14/3 and REPLACE CROSS ARM @ Str. 5/1"
1019,60001232.0,33T2181,14,17728213,LCR00278918,5695863,2022-09-07 07:00:00,2022-09-07 13:00:00,,,2022-08-25 10:42:00,2022-08-25 16:21:35.023,,,Apprv,PL,22-05153,"REQ: REPLACE ROTTEN POLES @ STRS 3/5, 13/1, 14/1, 14/3 and REPLACE CROSS ARM @ Str. 5/1"
1019,60001232.0,33T2181,14,17728213,LCR00278918,5720150,2022-09-07 07:00:00,2022-09-07 13:00:00,2022-09-07 06:52:00,,2022-08-25 10:42:00,2022-08-25 16:21:35.023,,,Apprv,PL,22-05153,"REQ: REPLACE ROTTEN POLES @ STRS 3/5, 13/1, 14/1, 14/3 and REPLACE CROSS ARM @ Str. 5/1"
1019,60001232.0,33T2181,14,17728213,LCR00278918,5721323,2022-09-07 07:00:00,2022-09-07 13:00:00,2022-09-07 06:52:00,2022-09-07 13:04:00,2022-08-25 10:42:00,2022-08-25 16:21:35.023,,,Apprv,PL,22-05153,"REQ: REPLACE ROTTEN POLES @ STRS 3/5, 13/1, 14/1, 14/3 and REPLACE CROSS ARM @ Str. 5/1"
1019,60001232.0,33T2181,14,17739179,LCR00279702,5731178,2022-09-19 07:00:00,2022-09-20 13:00:00,,,2022-09-12 15:55:00,2022-09-12 21:21:33.383,,,RatE,PL,22-05390,REQ: FINISH REPLACING ROTTEN POLES ON ONE STRUCTURE and REPLACE CROSS ARM @ Str. 5/1
1019,60001232.0,33T2181,14,17739179,LCR00279702,5733531,2022-09-19 07:00:00,2022-09-20 13:00:00,,,2022-09-12 15:55:00,2022-09-12 21:21:33.383,,,Apprv,PL,22-05390,REQ: FINISH REPLACING ROTTEN POLES ON ONE STRUCTURE and REPLACE CROSS ARM @ Str. 5/1
1019,60001232.0,33T2181,14,17739179,LCR00279702,5745819,2022-09-19 07:00:00,2022-09-20 13:00:00,2022-09-19 08:54:00,,2022-09-12 15:55:00,2022-09-12 21:21:33.383,,,Apprv,PL,22-05390,REQ: FINISH REPLACING ROTTEN POLES ON ONE STRUCTURE and REPLACE CROSS ARM @ Str. 5/1
1019,60001232.0,33T2181,14,17739179,LCR00279702,5749959,2022-09-19 07:00:00,2022-09-20 13:00:00,2022-09-19 08:54:00,2022-09-20 13:02:00,2022-09-12 15:55:00,2022-09-12 21:21:33.383,,,Apprv,PL,22-05390,REQ: FINISH REPLACING ROTTEN POLES ON ONE STRUCTURE and REPLACE CROSS ARM @ Str. 5/1
1019,60001232.0,33T2181,3,17755024,LCR00280989,5785890,2023-07-10 13:01:00,2023-07-16 13:00:00,,,2022-10-04 11:15:00,2022-10-04 17:21:32.123,,,RatE,PL,23-00301,"REQ: CL on T218, Burnet to Wirtz for work in close proximity drilling/pouring foundations.
SUP: Opening CBs 8270 and 8250 at CTEC Buchanan and CB 9180 at Marshall Ford to mitigate thermal violations"
1019,60001232.0,33T2181,22,17755024,LCR00280989,6240537,2023-07-11 05:00:00,2023-07-11 13:00:00,,,2022-10-04 11:15:00,2022-10-04 17:21:32.123,,,RatE,PL,23-00301,"SUP: Opening CBs 8270 and 8250 at CTEC Buchanan to mitigate thermal violations
REQ: CL on T218, Burnet to Wirtz for work in close proximity drilling/pouring foundations.
SUP: Opening CBs 8270 and 8250 at CTEC Buchanan and CB 9180 at Marshall Ford to mitigate thermal violations"
1019,60001232.0,33T2181,22,17755024,LCR00280989,6256966,2023-07-11 05:00:00,2023-07-11 13:00:00,,,2022-10-04 11:15:00,2022-10-04 17:21:32.123,,,Apprv,PL,23-00301,"SUP: Opening CBs 8270 and 8250 at CTEC Buchanan to mitigate thermal violations
REQ: CL on T218, Burnet to Wirtz for work in close proximity drilling/pouring foundations.
SUP: Opening CBs 8270 and 8250 at CTEC Buchanan and CB 9180 at Marshall Ford to mitigate thermal violations"
1019,60001232.0,33T2181,22,17755024,LCR00280989,6435589,2023-07-11 05:00:00,2023-07-11 13:00:00,2023-07-11 05:45:00,,2022-10-04 11:15:00,2022-10-04 17:21:32.123,,,Apprv,PL,23-00301,"SUP: Opening CBs 8270 and 8250 at CTEC Buchanan to mitigate thermal violations
REQ: CL on T218, Burnet to Wirtz for work in close proximity drilling/pouring foundations.
SUP: Opening CBs 8270 and 8250 at CTEC Buchanan and CB 9180 at Marshall Ford to mitigate thermal violations"
1019,60001232.0,33T2181,22,17755024,LCR00280989,6436810,2023-07-11 05:00:00,2023-07-11 13:00:00,2023-07-11 05:45:00,2023-07-11 13:00:00,2022-10-04 11:15:00,2022-10-04 17:21:32.123,,,Apprv,PL,23-00301,"SUP: Opening CBs 8270 and 8250 at CTEC Buchanan to mitigate thermal violations
REQ: CL on T218, Burnet to Wirtz for work in close proximity drilling/pouring foundations.
SUP: Opening CBs 8270 and 8250 at CTEC Buchanan and CB 9180 at Marshall Ford to mitigate thermal violations"
1019,60001232.0,33T2181,3,17755066,LCR00281001,5785933,2023-07-22 13:01:00,2023-07-26 13:00:00,,,2022-10-04 11:18:00,2022-10-04 17:21:32.123,,,RatE,PL,23-00301,"REQ: CL on T218, Burnet to Wirtz for work in close proximity drilling/pouring foundations.
SUP: Opening CBs 8270 and 8250 at CTEC Buchanan and CB 9180 at Marshall Ford to mitigate thermal violations"
1019,60001232.0,33T2181,22,17755066,LCR00281001,6240470,2023-07-24 05:00:00,2023-07-24 13:00:00,,,2022-10-04 11:18:00,2022-10-04 17:21:32.123,,,RatE,PL,23-00301,"SUP: Opening CBs 8270 and 8250 at CTEC Buchanan to mitigate thermal violations
REQ: CL on T218, Burnet to Wirtz for work in close proximity drilling/pouring foundations.
SUP: Opening CBs 8270 and 8250 at CTEC Buchanan and CB 9180 at Marshall Ford to mitigate thermal violations"
1019,60001232.0,33T2181,22,17755066,LCR00281001,6268960,2023-07-24 05:00:00,2023-07-24 13:00:00,,,2022-10-04 11:18:00,2022-10-04 17:21:32.123,,,Apprv,PL,23-00301,"SUP: Opening CBs 8270 and 8250 at CTEC Buchanan to mitigate thermal violations
REQ: CL on T218, Burnet to Wirtz for work in close proximity drilling/pouring foundations.
SUP: Opening CBs 8270 and 8250 at CTEC Buchanan and CB 9180 at Marshall Ford to mitigate thermal violations"
1019,60001232.0,33T2181,22,17755066,LCR00281001,6456672,2023-07-24 05:00:00,2023-07-24 13:00:00,2023-07-24 05:21:00,,2022-10-04 11:18:00,2022-10-04 17:21:32.123,,,Apprv,PL,23-00301,"SUP: Opening CBs 8270 and 8250 at CTEC Buchanan to mitigate thermal violations
REQ: CL on T218, Burnet to Wirtz for work in close proximity drilling/pouring foundations.
SUP: Opening CBs 8270 and 8250 at CTEC Buchanan and CB 9180 at Marshall Ford to mitigate thermal violations"
1019,60001232.0,33T2181,22,17755066,LCR00281001,6458283,2023-07-24 05:00:00,2023-07-24 13:00:00,2023-07-24 05:21:00,2023-07-24 11:31:00,2022-10-04 11:18:00,2022-10-04 17:21:32.123,,,Apprv,PL,23-00301,"SUP: .
SUP: Opening CBs 8270 and 8250 at CTEC Buchanan to mitigate thermal violations
SUP: Opening CBs 8270 and 8250 at CTEC Buchanan and CB 9180 at Marshall Ford to mitigate thermal violations
REQ: CL on T218, Burnet to Wirtz for work in close proximity drilling/pouring foundations."
1019,60001232.0,33T2181,3,17755100,LCR00281024,5785941,2023-07-16 13:01:00,2023-07-22 13:00:00,,,2022-10-04 11:17:00,2022-10-04 17:21:32.123,,,RatE,PL,23-00301,"REQ: CL on T218, Burnet to Wirtz for work in close proximity drilling/pouring foundations.
SUP: Opening CBs 8270 and 8250 at CTEC Buchanan and CB 9180 at Marshall Ford to mitigate thermal violations"
1019,60001232.0,33T2181,22,17755100,LCR00281024,6240552,2023-07-17 05:00:00,2023-07-17 13:00:00,,,2022-10-04 11:17:00,2022-10-04 17:21:32.123,,,RatE,PL,23-00301,"SUP: Opening CBs 8270 and 8250 at CTEC Buchanan to mitigate thermal violations
REQ: CL on T218, Burnet to Wirtz for work in close proximity drilling/pouring foundations.
SUP: Opening CBs 8270 and 8250 at CTEC Buchanan and CB 9180 at Marshall Ford to mitigate thermal violations"
1019,60001232.0,33T2181,22,17755100,LCR00281024,6258333,2023-07-17 05:00:00,2023-07-17 13:00:00,,,2022-10-04 11:17:00,2022-10-04 17:21:32.123,,,Apprv,PL,23-00301,"SUP: Opening CBs 8270 and 8250 at CTEC Buchanan to mitigate thermal violations
REQ: CL on T218, Burnet to Wirtz for work in close proximity drilling/pouring foundations.
SUP: Opening CBs 8270 and 8250 at CTEC Buchanan and CB 9180 at Marshall Ford to mitigate thermal violations"
1019,60001232.0,33T2181,22,17755100,LCR00281024,6444944,2023-07-17 05:00:00,2023-07-17 13:00:00,2023-07-17 05:10:00,,2022-10-04 11:17:00,2022-10-04 17:21:32.123,,,Apprv,PL,23-00301,"SUP: Opening CBs 8270 and 8250 at CTEC Buchanan to mitigate thermal violations
REQ: CL on T218, Burnet to Wirtz for work in close proximity drilling/pouring foundations.
SUP: Opening CBs 8270 and 8250 at CTEC Buchanan and CB 9180 at Marshall Ford to mitigate thermal violations"
1019,60001232.0,33T2181,22,17755100,LCR00281024,6446313,2023-07-17 05:00:00,2023-07-17 13:00:00,2023-07-17 05:10:00,2023-07-17 11:22:00,2022-10-04 11:17:00,2022-10-04 17:21:32.123,,,Apprv,PL,23-00301,"SUP: Opening CBs 8270 and 8250 at CTEC Buchanan to mitigate thermal violations
REQ: CL on T218, Burnet to Wirtz for work in close proximity drilling/pouring foundations.
SUP: Opening CBs 8270 and 8250 at CTEC Buchanan and CB 9180 at Marshall Ford to mitigate thermal violations"
1019,60001232.0,33T2181,3,17755138,LCR00281002,5785934,2023-07-05 06:00:00,2023-07-10 13:00:00,,,2022-10-04 11:13:00,2022-10-04 17:21:32.123,,,RatE,PL,23-00301,"REQ: CL on T218, Burnet to Wirtz for work in close proximity drilling/pouring foundations.
SUP: Opening CBs 8270 and 8250 at CTEC Buchanan and CB 9180 at Marshall Ford to mitigate thermal violations"
1019,60001232.0,33T2181,22,17755138,LCR00281002,6240309,2023-07-05 05:00:00,2023-07-05 13:00:00,,,2022-10-04 11:13:00,2022-10-04 17:21:32.123,,,RatE,PL,23-00301,"SUP: Opening CBs 8270 and 8250 at CTEC Buchanan to mitigate thermal violations
REQ: CL on T218, Burnet to Wirtz for work in close proximity drilling/pouring foundations.
SUP: Opening CBs 8270 and 8250 at CTEC Buchanan and CB 9180 at Marshall Ford to mitigate thermal violations"
1019,60001232.0,33T2181,22,17755138,LCR00281002,6256568,2023-07-05 05:00:00,2023-07-05 13:00:00,,,2022-10-04 11:13:00,2022-10-04 17:21:32.123,,,Apprv,PL,23-00301,"SUP: Opening CBs 8270 and 8250 at CTEC Buchanan to mitigate thermal violations
REQ: CL on T218, Burnet to Wirtz for work in close proximity drilling/pouring foundations.
SUP: Opening CBs 8270 and 8250 at CTEC Buchanan and CB 9180 at Marshall Ford to mitigate thermal violations"
1019,60001232.0,33T2181,22,17755138,LCR00281002,6419161,2023-07-05 05:00:00,2023-07-05 13:00:00,,,2022-10-04 11:13:00,2022-10-04 17:21:32.123,2023-06-29,Cancel - Labor/Crew Unavailable,Cancl,PL,23-00301,"SUP: Opening CBs 8270 and 8250 at CTEC Buchanan to mitigate thermal violations
REQ: CL on T218, Burnet to Wirtz for work in close proximity drilling/pouring foundations.
SUP: Opening CBs 8270 and 8250 at CTEC Buchanan and CB 9180 at Marshall Ford to mitigate thermal violations"
1019,60001232.0,33T2181,3,17762646,LCR00281929,5812256,2023-10-02 07:00:00,2023-12-29 18:00:00,,,2022-10-15 14:01:00,2022-10-15 19:22:31.547,,,RatE,PL,23-00200,"REQ: CL on T218, Burnet to Wirtz to replace existing 795 DRAKE conductor with new conductor
SUP: CTECBU 8250 and 8270 opened for mitigation to avoid thermal violations in the CTECBU area.  Rutherford CB3480 opened the first two weeks of the outage to avoid thermal violations during higher system loads"
1019,60001232.0,33T2181,3,17762646,LCR00281929,5812256,2023-10-02 07:00:00,2023-12-29 18:00:00,,,2022-10-15 14:01:00,2022-10-15 19:22:31.547,,,RatE,PL,23-00200,
1019,60001232.0,33T2181,3,17762646,LCR00281929,5812256,2023-10-02 07:00:00,2023-12-29 18:00:00,,,2022-10-15 14:01:00,2022-10-15 19:22:31.547,,,RatE,PL,23-00200,"REQ: Updated ERT: 240 hours
SUP: CTECBU 8250 and 8270 opened for mitigation to avoid thermal violations in the CTECBU area.  Rutherford CB3480 opened the first two weeks of the outage to avoid thermal violations during higher system loads
REQ: CL on T218, Burnet to Wirtz to replace existing 795 DRAKE conductor with new conductor"
1019,60001232.0,33T2181,3,17762646,LCR00281929,6182981,2023-10-02 07:00:00,2023-12-29 18:00:00,,,2022-10-15 14:01:00,2022-10-15 19:22:31.547,,,RatE,PL,23-00200,"REQ: Updated ERT: 240 hours
SUP: CTECBU 8250 and 8270 opened for mitigation to avoid thermal violations in the CTECBU area.  Rutherford CB3480 opened the first two weeks of the outage to avoid thermal violations during higher system loads
REQ: CL on T218, Burnet to Wirtz to replace existing 795 DRAKE conductor with new conductor"
1019,60001232.0,33T2181,3,17762646,LCR00281929,6450777,2023-10-02 07:00:00,2023-12-29 18:00:00,,,2022-10-15 14:01:00,2022-10-15 19:22:31.547,,,Rejct,PL,23-00200,"REV: Rejected Outage   Conflicting outages causing UNSOLVED voltage contingency SGLAGA28, voltage contingencies SGLAAN28 and DGABAN89, contingencies DBARMAR8 and DBARHIC8
REQ: Updated ERT: 240 hours
SUP: CTECBU 8250 and 8270 opened for mitigation to avoid thermal violations in the CTECBU area.  Rutherford CB3480 opened the first two weeks of the outage to avoid thermal violations during higher system loads
REQ: CL on T218, Burnet to Wirtz to replace existing 795 DRAKE conductor with new conductor"
1019,60001232.0,33T2181,22,17890154,LCR00290701,6240543,2023-07-13 05:00:00,2023-07-13 13:00:00,,,2023-04-13 08:19:00,2023-04-13 14:21:45.463,,,RatE,PL,23-04143,"REQ: CL on T218, Burnet to Wirtz for work in close proximity drilling/pouring foundations.
SUP: Opening CBs 8270 and 8250 at CTEC Buchanan to mitigate thermal violations"
1019,60001232.0,33T2181,22,17890154,LCR00290701,6256977,2023-07-13 05:00:00,2023-07-13 13:00:00,,,2023-04-13 08:19:00,2023-04-13 14:21:45.463,,,Apprv,PL,23-04143,"REQ: CL on T218, Burnet to Wirtz for work in close proximity drilling/pouring foundations.
SUP: Opening CBs 8270 and 8250 at CTEC Buchanan to mitigate thermal violations"
1019,60001232.0,33T2181,22,17890154,LCR00290701,6440058,2023-07-13 05:00:00,2023-07-13 13:00:00,2023-07-13 05:20:00,,2023-04-13 08:19:00,2023-04-13 14:21:45.463,,,Apprv,PL,23-04143,"REQ: CL on T218, Burnet to Wirtz for work in close proximity drilling/pouring foundations.
SUP: Opening CBs 8270 and 8250 at CTEC Buchanan to mitigate thermal violations"
1019,60001232.0,33T2181,22,17890154,LCR00290701,6440922,2023-07-13 05:00:00,2023-07-13 13:00:00,2023-07-13 05:20:00,2023-07-13 11:26:00,2023-04-13 08:19:00,2023-04-13 14:21:45.463,,,Apprv,PL,23-04143,"REQ: CL on T218, Burnet to Wirtz for work in close proximity drilling/pouring foundations.
SUP: Opening CBs 8270 and 8250 at CTEC Buchanan to mitigate thermal violations"
1019,60001232.0,33T2181,22,17890157,LCR00290704,6240504,2023-07-06 05:00:00,2023-07-06 13:00:00,,,2023-04-13 08:05:00,2023-04-13 14:21:45.463,,,RatE,PL,23-04137,"REQ: CL on T218, Burnet to Wirtz for work in close proximity drilling/pouring foundations.
SUP: Opening CBs 8270 and 8250 at CTEC Buchanan to mitigate thermal violations"
1019,60001232.0,33T2181,22,17890157,LCR00290704,6355049,2023-07-06 05:00:00,2023-07-06 13:00:00,,,2023-04-13 08:05:00,2023-04-13 14:21:45.463,,,Apprv,PL,23-04137,"REQ: CL on T218, Burnet to Wirtz for work in close proximity drilling/pouring foundations.
SUP: Opening CBs 8270 and 8250 at CTEC Buchanan to mitigate thermal violations"
1019,60001232.0,33T2181,22,17890157,LCR00290704,6428358,2023-07-06 05:00:00,2023-07-06 13:00:00,2023-07-06 05:18:00,,2023-04-13 08:05:00,2023-04-13 14:21:45.463,,,Apprv,PL,23-04137,"REQ: CL on T218, Burnet to Wirtz for work in close proximity drilling/pouring foundations.
SUP: Opening CBs 8270 and 8250 at CTEC Buchanan to mitigate thermal violations"
1019,60001232.0,33T2181,22,17890157,LCR00290704,6429737,2023-07-06 05:00:00,2023-07-06 13:00:00,2023-07-06 05:18:00,2023-07-06 14:25:00,2023-04-13 08:05:00,2023-04-13 14:21:45.463,,,Apprv,PL,23-04137,"REQ: CL on T218, Burnet to Wirtz for work in close proximity drilling/pouring foundations.
SUP: Opening CBs 8270 and 8250 at CTEC Buchanan to mitigate thermal violations"
1019,60001232.0,33T2181,22,17890167,LCR00290714,6240503,2023-07-07 05:00:00,2023-07-07 13:00:00,,,2023-04-13 08:10:00,2023-04-13 14:21:45.463,,,RatE,PL,23-04138,"REQ: CL on T218, Burnet to Wirtz for work in close proximity drilling/pouring foundations.
SUP: Opening CBs 8270 and 8250 at CTEC Buchanan to mitigate thermal violations"
1019,60001232.0,33T2181,22,17890167,LCR00290714,6356341,2023-07-07 05:00:00,2023-07-07 13:00:00,,,2023-04-13 08:10:00,2023-04-13 14:21:45.463,,,Apprv,PL,23-04138,"REQ: CL on T218, Burnet to Wirtz for work in close proximity drilling/pouring foundations.
SUP: Opening CBs 8270 and 8250 at CTEC Buchanan to mitigate thermal violations"
1019,60001232.0,33T2181,22,17890167,LCR00290714,6430728,2023-07-07 05:00:00,2023-07-07 13:00:00,2023-07-07 05:24:00,,2023-04-13 08:10:00,2023-04-13 14:21:45.463,,,Apprv,PL,23-04138,"REQ: CL on T218, Burnet to Wirtz for work in close proximity drilling/pouring foundations.
SUP: Opening CBs 8270 and 8250 at CTEC Buchanan to mitigate thermal violations"
1019,60001232.0,33T2181,22,17890167,LCR00290714,6431761,2023-07-07 05:00:00,2023-07-07 13:00:00,2023-07-07 05:24:00,2023-07-07 13:44:00,2023-04-13 08:10:00,2023-04-13 14:21:45.463,,,Apprv,PL,23-04138,"REQ: CL on T218, Burnet to Wirtz for work in close proximity drilling/pouring foundations.
SUP: Opening CBs 8270 and 8250 at CTEC Buchanan to mitigate thermal violations"
1019,60001232.0,33T2181,22,17890181,LCR00290728,6240508,2023-07-08 05:00:00,2023-07-08 13:00:00,,,2023-04-13 08:12:00,2023-04-13 14:21:45.463,,,RatE,PL,23-04139,"REQ: CL on T218, Burnet to Wirtz for work in close proximity drilling/pouring foundations.
SUP: Opening CBs 8270 and 8250 at CTEC Buchanan to mitigate thermal violations"
1019,60001232.0,33T2181,22,17890181,LCR00290728,6357282,2023-07-08 05:00:00,2023-07-08 13:00:00,,,2023-04-13 08:12:00,2023-04-13 14:21:45.463,,,Apprv,PL,23-04139,"REQ: CL on T218, Burnet to Wirtz for work in close proximity drilling/pouring foundations.
SUP: Opening CBs 8270 and 8250 at CTEC Buchanan to mitigate thermal violations"
1019,60001232.0,33T2181,22,17890181,LCR00290728,6432467,2023-07-08 05:00:00,2023-07-08 13:00:00,2023-07-08 05:26:00,,2023-04-13 08:12:00,2023-04-13 14:21:45.463,,,Apprv,PL,23-04139,"REQ: CL on T218, Burnet to Wirtz for work in close proximity drilling/pouring foundations.
SUP: Opening CBs 8270 and 8250 at CTEC Buchanan to mitigate thermal violations"
1019,60001232.0,33T2181,22,17890181,LCR00290728,6432659,2023-07-08 05:00:00,2023-07-08 13:00:00,2023-07-08 05:26:00,2023-07-08 13:10:00,2023-04-13 08:12:00,2023-04-13 14:21:45.463,,,Apprv,PL,23-04139,"REQ: CL on T218, Burnet to Wirtz for work in close proximity drilling/pouring foundations.
SUP: Opening CBs 8270 and 8250 at CTEC Buchanan to mitigate thermal violations"
1019,60001232.0,33T2181,22,17890195,LCR00290742,6240499,2023-07-10 05:00:00,2023-07-10 13:00:00,,,2023-04-13 08:13:00,2023-04-13 14:21:45.463,,,RatE,PL,23-04140,"REQ: CL on T218, Burnet to Wirtz for work in close proximity drilling/pouring foundations.
SUP: Opening CBs 8270 and 8250 at CTEC Buchanan to mitigate thermal violations"
1019,60001232.0,33T2181,22,17890195,LCR00290742,6357741,2023-07-10 05:00:00,2023-07-10 13:00:00,,,2023-04-13 08:13:00,2023-04-13 14:21:45.463,,,Apprv,PL,23-04140,"REQ: CL on T218, Burnet to Wirtz for work in close proximity drilling/pouring foundations.
SUP: Opening CBs 8270 and 8250 at CTEC Buchanan to mitigate thermal violations"
1019,60001232.0,33T2181,22,17890195,LCR00290742,6433201,2023-07-10 05:00:00,2023-07-10 13:00:00,2023-07-10 05:25:00,,2023-04-13 08:13:00,2023-04-13 14:21:45.463,,,Apprv,PL,23-04140,"REQ: CL on T218, Burnet to Wirtz for work in close proximity drilling/pouring foundations.
SUP: Opening CBs 8270 and 8250 at CTEC Buchanan to mitigate thermal violations"
1019,60001232.0,33T2181,22,17890195,LCR00290742,6434472,2023-07-10 05:00:00,2023-07-10 13:00:00,2023-07-10 05:25:00,2023-07-10 13:08:00,2023-04-13 08:13:00,2023-04-13 14:21:45.463,,,Apprv,PL,23-04140,"REQ: CL on T218, Burnet to Wirtz for work in close proximity drilling/pouring foundations.
SUP: Opening CBs 8270 and 8250 at CTEC Buchanan to mitigate thermal violations"
1019,60001232.0,33T2181,22,17890209,LCR00290756,6240540,2023-07-12 05:00:00,2023-07-12 13:00:00,,,2023-04-13 08:17:00,2023-04-13 14:21:45.463,,,RatE,PL,23-04142,"REQ: CL on T218, Burnet to Wirtz for work in close proximity drilling/pouring foundations.
SUP: Opening CBs 8270 and 8250 at CTEC Buchanan to mitigate thermal violations"
1019,60001232.0,33T2181,22,17890209,LCR00290756,6362937,2023-07-12 05:00:00,2023-07-12 13:00:00,,,2023-04-13 08:17:00,2023-04-13 14:21:45.463,,,Apprv,PL,23-04142,"REQ: CL on T218, Burnet to Wirtz for work in close proximity drilling/pouring foundations.
SUP: Opening CBs 8270 and 8250 at CTEC Buchanan to mitigate thermal violations"
1019,60001232.0,33T2181,22,17890209,LCR00290756,6437819,2023-07-12 05:00:00,2023-07-12 13:00:00,2023-07-12 05:38:00,,2023-04-13 08:17:00,2023-04-13 14:21:45.463,,,Apprv,PL,23-04142,"REQ: CL on T218, Burnet to Wirtz for work in close proximity drilling/pouring foundations.
SUP: Opening CBs 8270 and 8250 at CTEC Buchanan to mitigate thermal violations"
1019,60001232.0,33T2181,22,17890209,LCR00290756,6438973,2023-07-12 05:00:00,2023-07-12 13:00:00,2023-07-12 05:38:00,2023-07-12 12:50:00,2023-04-13 08:17:00,2023-04-13 14:21:45.463,,,Apprv,PL,23-04142,"REQ: CL on T218, Burnet to Wirtz for work in close proximity drilling/pouring foundations.
SUP: Opening CBs 8270 and 8250 at CTEC Buchanan to mitigate thermal violations"
1019,60001232.0,33T2181,22,17890234,LCR00290781,6240546,2023-07-14 05:00:00,2023-07-14 13:00:00,,,2023-04-13 08:22:00,2023-04-13 14:21:45.463,,,RatE,PL,23-04144,"REQ: CL on T218, Burnet to Wirtz for work in close proximity drilling/pouring foundations.
SUP: Opening CBs 8270 and 8250 at CTEC Buchanan to mitigate thermal violations"
1019,60001232.0,33T2181,22,17890234,LCR00290781,6256989,2023-07-14 05:00:00,2023-07-14 13:00:00,,,2023-04-13 08:22:00,2023-04-13 14:21:45.463,,,Apprv,PL,23-04144,"REQ: CL on T218, Burnet to Wirtz for work in close proximity drilling/pouring foundations.
SUP: Opening CBs 8270 and 8250 at CTEC Buchanan to mitigate thermal violations"
1019,60001232.0,33T2181,22,17890234,LCR00290781,6442229,2023-07-14 05:00:00,2023-07-14 13:00:00,2023-07-14 05:17:00,,2023-04-13 08:22:00,2023-04-13 14:21:45.463,,,Apprv,PL,23-04144,"REQ: CL on T218, Burnet to Wirtz for work in close proximity drilling/pouring foundations.
SUP: Opening CBs 8270 and 8250 at CTEC Buchanan to mitigate thermal violations"
1019,60001232.0,33T2181,22,17890234,LCR00290781,6443468,2023-07-14 05:00:00,2023-07-14 13:00:00,2023-07-14 05:17:00,2023-07-14 11:47:00,2023-04-13 08:22:00,2023-04-13 14:21:45.463,,,Apprv,PL,23-04144,"REQ: CL on T218, Burnet to Wirtz for work in close proximity drilling/pouring foundations.
SUP: Opening CBs 8270 and 8250 at CTEC Buchanan to mitigate thermal violations"
1019,60001232.0,33T2181,22,17890262,LCR00290809,6240549,2023-07-15 05:00:00,2023-07-15 13:00:00,,,2023-04-13 08:24:00,2023-04-13 14:21:45.463,,,RatE,PL,23-04145,"REQ: CL on T218, Burnet to Wirtz for work in close proximity drilling/pouring foundations.
SUP: Opening CBs 8270 and 8250 at CTEC Buchanan to mitigate thermal violations"
1019,60001232.0,33T2181,22,17890262,LCR00290809,6257056,2023-07-15 05:00:00,2023-07-15 13:00:00,,,2023-04-13 08:24:00,2023-04-13 14:21:45.463,,,Apprv,PL,23-04145,"REQ: CL on T218, Burnet to Wirtz for work in close proximity drilling/pouring foundations.
SUP: Opening CBs 8270 and 8250 at CTEC Buchanan to mitigate thermal violations"
1019,60001232.0,33T2181,22,17890262,LCR00290809,6444083,2023-07-15 05:00:00,2023-07-15 13:00:00,2023-07-15 05:23:00,,2023-04-13 08:24:00,2023-04-13 14:21:45.463,,,Apprv,PL,23-04145,"REQ: CL on T218, Burnet to Wirtz for work in close proximity drilling/pouring foundations.
SUP: Opening CBs 8270 and 8250 at CTEC Buchanan to mitigate thermal violations"
1019,60001232.0,33T2181,22,17890262,LCR00290809,6444188,2023-07-15 05:00:00,2023-07-15 13:00:00,2023-07-15 05:23:00,2023-07-15 11:39:00,2023-04-13 08:24:00,2023-04-13 14:21:45.463,,,Apprv,PL,23-04145,"REQ: CL on T218, Burnet to Wirtz for work in close proximity drilling/pouring foundations.
SUP: Opening CBs 8270 and 8250 at CTEC Buchanan to mitigate thermal violations"
1019,60001232.0,33T2181,22,17890276,LCR00290823,6240558,2023-07-19 05:00:00,2023-07-19 13:00:00,,,2023-04-13 08:30:00,2023-04-13 14:21:45.463,,,RatE,PL,23-04148,"REQ: CL on T218, Burnet to Wirtz for work in close proximity drilling/pouring foundations.
SUP: Opening CBs 8270 and 8250 at CTEC Buchanan to mitigate thermal violations"
1019,60001232.0,33T2181,22,17890276,LCR00290823,6258737,2023-07-19 05:00:00,2023-07-19 13:00:00,,,2023-04-13 08:30:00,2023-04-13 14:21:45.463,,,Apprv,PL,23-04148,"REQ: CL on T218, Burnet to Wirtz for work in close proximity drilling/pouring foundations.
SUP: Opening CBs 8270 and 8250 at CTEC Buchanan to mitigate thermal violations"
1019,60001232.0,33T2181,22,17890276,LCR00290823,6449648,2023-07-19 05:00:00,2023-07-19 13:00:00,2023-07-19 05:27:00,,2023-04-13 08:30:00,2023-04-13 14:21:45.463,,,Apprv,PL,23-04148,"REQ: CL on T218, Burnet to Wirtz for work in close proximity drilling/pouring foundations.
SUP: Opening CBs 8270 and 8250 at CTEC Buchanan to mitigate thermal violations"
1019,60001232.0,33T2181,22,17890276,LCR00290823,6450488,2023-07-19 05:00:00,2023-07-19 13:00:00,2023-07-19 05:27:00,2023-07-19 11:36:00,2023-04-13 08:30:00,2023-04-13 14:21:45.463,,,Apprv,PL,23-04148,"REQ: CL on T218, Burnet to Wirtz for work in close proximity drilling/pouring foundations.
SUP: Opening CBs 8270 and 8250 at CTEC Buchanan to mitigate thermal violations"
1019,60001232.0,33T2181,22,17890279,LCR00290826,6240555,2023-07-18 05:00:00,2023-07-18 13:00:00,,,2023-04-13 08:28:00,2023-04-13 14:21:45.463,,,RatE,PL,23-04147,"REQ: CL on T218, Burnet to Wirtz for work in close proximity drilling/pouring foundations.
SUP: Opening CBs 8270 and 8250 at CTEC Buchanan to mitigate thermal violations"
1019,60001232.0,33T2181,22,17890279,LCR00290826,6258344,2023-07-18 05:00:00,2023-07-18 13:00:00,,,2023-04-13 08:28:00,2023-04-13 14:21:45.463,,,Apprv,PL,23-04147,"REQ: CL on T218, Burnet to Wirtz for work in close proximity drilling/pouring foundations.
SUP: Opening CBs 8270 and 8250 at CTEC Buchanan to mitigate thermal violations"
1019,60001232.0,33T2181,22,17890279,LCR00290826,6447260,2023-07-18 05:00:00,2023-07-18 13:00:00,2023-07-18 05:45:00,,2023-04-13 08:28:00,2023-04-13 14:21:45.463,,,Apprv,PL,23-04147,"REQ: CL on T218, Burnet to Wirtz for work in close proximity drilling/pouring foundations.
SUP: Opening CBs 8270 and 8250 at CTEC Buchanan to mitigate thermal violations"
1019,60001232.0,33T2181,22,17890279,LCR00290826,6448347,2023-07-18 05:00:00,2023-07-18 13:00:00,2023-07-18 05:45:00,2023-07-18 12:43:00,2023-04-13 08:28:00,2023-04-13 14:21:45.463,,,Apprv,PL,23-04147,"REQ: CL on T218, Burnet to Wirtz for work in close proximity drilling/pouring foundations.
SUP: Opening CBs 8270 and 8250 at CTEC Buchanan to mitigate thermal violations"
1019,60001232.0,33T2181,22,17890287,LCR00290834,6240561,2023-07-20 05:00:00,2023-07-20 13:00:00,,,2023-04-13 08:32:00,2023-04-13 14:21:45.463,,,RatE,PL,23-04149,"REQ: CL on T218, Burnet to Wirtz for work in close proximity drilling/pouring foundations.
SUP: Opening CBs 8270 and 8250 at CTEC Buchanan to mitigate thermal violations"
1019,60001232.0,33T2181,22,17890287,LCR00290834,6258749,2023-07-20 05:00:00,2023-07-20 13:00:00,,,2023-04-13 08:32:00,2023-04-13 14:21:45.463,,,Apprv,PL,23-04149,"REQ: CL on T218, Burnet to Wirtz for work in close proximity drilling/pouring foundations.
SUP: Opening CBs 8270 and 8250 at CTEC Buchanan to mitigate thermal violations"
1019,60001232.0,33T2181,22,17890287,LCR00290834,6451666,2023-07-20 05:00:00,2023-07-20 13:00:00,2023-07-20 05:27:00,,2023-04-13 08:32:00,2023-04-13 14:21:45.463,,,Apprv,PL,23-04149,"REQ: CL on T218, Burnet to Wirtz for work in close proximity drilling/pouring foundations.
SUP: Opening CBs 8270 and 8250 at CTEC Buchanan to mitigate thermal violations"
1019,60001232.0,33T2181,22,17890287,LCR00290834,6452543,2023-07-20 05:00:00,2023-07-20 13:00:00,2023-07-20 05:27:00,2023-07-20 11:47:00,2023-04-13 08:32:00,2023-04-13 14:21:45.463,,,Apprv,PL,23-04149,"REQ: CL on T218, Burnet to Wirtz for work in close proximity drilling/pouring foundations.
SUP: Opening CBs 8270 and 8250 at CTEC Buchanan to mitigate thermal violations"
1019,60001232.0,33T2181,22,17890330,LCR00290877,6240473,2023-07-25 05:00:00,2023-07-25 13:00:00,,,2023-04-13 08:39:00,2023-04-13 14:21:45.463,,,RatE,PL,23-04153,"REQ: CL on T218, Burnet to Wirtz for work in close proximity drilling/pouring foundations.
SUP: Opening CBs 8270 and 8250 at CTEC Buchanan to mitigate thermal violations"
1019,60001232.0,33T2181,22,17890330,LCR00290877,6269500,2023-07-25 05:00:00,2023-07-25 13:00:00,,,2023-04-13 08:39:00,2023-04-13 14:21:45.463,,,Apprv,PL,23-04153,"REQ: CL on T218, Burnet to Wirtz for work in close proximity drilling/pouring foundations.
SUP: Opening CBs 8270 and 8250 at CTEC Buchanan to mitigate thermal violations"
1019,60001232.0,33T2181,22,17890330,LCR00290877,6459244,2023-07-25 05:00:00,2023-07-25 13:00:00,2023-07-25 05:18:00,,2023-04-13 08:39:00,2023-04-13 14:21:45.463,,,Apprv,PL,23-04153,"REQ: CL on T218, Burnet to Wirtz for work in close proximity drilling/pouring foundations.
SUP: Opening CBs 8270 and 8250 at CTEC Buchanan to mitigate thermal violations"
1019,60001232.0,33T2181,22,17890330,LCR00290877,6462719,2023-07-25 05:00:00,2023-07-25 13:00:00,2023-07-25 05:18:00,2023-07-25 11:18:00,2023-04-13 08:39:00,2023-04-13 14:21:45.463,,,Apprv,PL,23-04153,"REQ: CL on T218, Burnet to Wirtz for work in close proximity drilling/pouring foundations.
SUP: Opening CBs 8270 and 8250 at CTEC Buchanan to mitigate thermal violations"
1019,60001232.0,33T2181,22,17890340,LCR00290887,6240564,2023-07-21 05:00:00,2023-07-21 13:00:00,,,2023-04-13 08:34:00,2023-04-13 14:21:45.463,,,RatE,PL,23-04150,"REQ: CL on T218, Burnet to Wirtz for work in close proximity drilling/pouring foundations.
SUP: Opening CBs 8270 and 8250 at CTEC Buchanan to mitigate thermal violations"
1019,60001232.0,33T2181,22,17890340,LCR00290887,6259471,2023-07-21 05:00:00,2023-07-21 13:00:00,,,2023-04-13 08:34:00,2023-04-13 14:21:45.463,,,Apprv,PL,23-04150,"REQ: CL on T218, Burnet to Wirtz for work in close proximity drilling/pouring foundations.
SUP: Opening CBs 8270 and 8250 at CTEC Buchanan to mitigate thermal violations"
1019,60001232.0,33T2181,22,17890340,LCR00290887,6453898,2023-07-21 05:00:00,2023-07-21 13:00:00,2023-07-21 05:13:00,,2023-04-13 08:34:00,2023-04-13 14:21:45.463,,,Apprv,PL,23-04150,"REQ: CL on T218, Burnet to Wirtz for work in close proximity drilling/pouring foundations.
SUP: Opening CBs 8270 and 8250 at CTEC Buchanan to mitigate thermal violations"
1019,60001232.0,33T2181,22,17890340,LCR00290887,6454705,2023-07-21 05:00:00,2023-07-21 13:00:00,2023-07-21 05:13:00,2023-07-21 11:22:00,2023-04-13 08:34:00,2023-04-13 14:21:45.463,,,Apprv,PL,23-04150,"REQ: CL on T218, Burnet to Wirtz for work in close proximity drilling/pouring foundations.
SUP: Opening CBs 8270 and 8250 at CTEC Buchanan to mitigate thermal violations"
1019,60001232.0,33T2181,22,17890341,LCR00290888,6240567,2023-07-22 05:00:00,2023-07-22 13:00:00,,,2023-04-13 08:36:00,2023-04-13 14:21:45.463,,,RatE,PL,23-04151,"REQ: CL on T218, Burnet to Wirtz for work in close proximity drilling/pouring foundations.
SUP: Opening CBs 8270 and 8250 at CTEC Buchanan to mitigate thermal violations"
1019,60001232.0,33T2181,22,17890341,LCR00290888,6259701,2023-07-22 05:00:00,2023-07-22 13:00:00,,,2023-04-13 08:36:00,2023-04-13 14:21:45.463,,,Apprv,PL,23-04151,"REQ: CL on T218, Burnet to Wirtz for work in close proximity drilling/pouring foundations.
SUP: Opening CBs 8270 and 8250 at CTEC Buchanan to mitigate thermal violations"
1019,60001232.0,33T2181,22,17890341,LCR00290888,6455674,2023-07-22 05:00:00,2023-07-22 13:00:00,2023-07-22 05:10:00,,2023-04-13 08:36:00,2023-04-13 14:21:45.463,,,Apprv,PL,23-04151,"REQ: CL on T218, Burnet to Wirtz for work in close proximity drilling/pouring foundations.
SUP: Opening CBs 8270 and 8250 at CTEC Buchanan to mitigate thermal violations"
1019,60001232.0,33T2181,22,17890341,LCR00290888,6455777,2023-07-22 05:00:00,2023-07-22 13:00:00,2023-07-22 05:10:00,2023-07-22 11:12:00,2023-04-13 08:36:00,2023-04-13 14:21:45.463,,,Apprv,PL,23-04151,"REQ: CL on T218, Burnet to Wirtz for work in close proximity drilling/pouring foundations.
SUP: Opening CBs 8270 and 8250 at CTEC Buchanan to mitigate thermal violations"
1019,60001232.0,33T2181,22,17890355,LCR00290904,6240476,2023-07-26 05:00:00,2023-07-26 13:00:00,,,2023-04-13 08:41:00,2023-04-13 14:21:45.463,,,RatE,PL,23-04154,"REQ: CL on T218, Burnet to Wirtz for work in close proximity drilling/pouring foundations.
SUP: Opening CBs 8270 and 8250 at CTEC Buchanan to mitigate thermal violations"
1019,60001232.0,33T2181,22,17890355,LCR00290904,6275102,2023-07-26 05:00:00,2023-07-26 13:00:00,,,2023-04-13 08:41:00,2023-04-13 14:21:45.463,,,Apprv,PL,23-04154,"REQ: CL on T218, Burnet to Wirtz for work in close proximity drilling/pouring foundations.
SUP: Opening CBs 8270 and 8250 at CTEC Buchanan to mitigate thermal violations"
1019,60001232.0,33T2181,22,17890355,LCR00290904,6465746,2023-07-26 05:00:00,2023-07-26 13:00:00,2023-07-26 05:21:00,,2023-04-13 08:41:00,2023-04-13 14:21:45.463,,,Apprv,PL,23-04154,"REQ: CL on T218, Burnet to Wirtz for work in close proximity drilling/pouring foundations.
SUP: Opening CBs 8270 and 8250 at CTEC Buchanan to mitigate thermal violations"
1019,60001232.0,33T2181,22,17890355,LCR00290904,6466749,2023-07-26 05:00:00,2023-07-26 13:00:00,2023-07-26 05:21:00,2023-07-26 11:38:00,2023-04-13 08:41:00,2023-04-13 14:21:45.463,,,Apprv,PL,23-04154,"REQ: CL on T218, Burnet to Wirtz for work in close proximity drilling/pouring foundations.
SUP: Opening CBs 8270 and 8250 at CTEC Buchanan to mitigate thermal violations"
1019,60001232.0,33T2181,3,17971460,LCR00297761,6501359,2024-02-19 07:00:00,2024-05-14 07:59:00,,,2023-08-15 12:34:00,2023-08-15 18:21:44.203,,,RatE,PL,23-13328,"REQ: CL on T218, Burnet to Wirtz to replace existing 795 DRAKE conductor with new conductor"
1019,60001232.0,33T2181,3,17971460,LCR00297761,6753506,2024-03-01 07:00:00,2024-05-14 07:59:00,,,2023-08-15 12:34:00,2023-08-15 18:21:44.203,,,RatE,PL,23-13328,"REQ: CL on T218, Burnet to Wirtz to replace existing 795 DRAKE conductor with new conductor"
1019,60001232.0,33T2181,3,17971460,LCR00297761,6776025,2024-03-01 07:00:00,2024-05-14 07:59:00,,,2023-08-15 12:34:00,2023-08-15 18:21:44.203,,,Apprv,PL,23-13328,"REQ: CL on T218, Burnet to Wirtz to replace existing 795 DRAKE conductor with new conductor"
1019,60001232.0,33T2181,3,17971460,LCR00297761,6960375,2024-03-01 07:00:00,2024-05-14 07:59:00,2024-03-01 07:00:00,,2023-08-15 12:34:00,2023-08-15 18:21:44.203,,,Apprv,PL,23-13328,"REQ: CL on T218, Burnet to Wirtz to replace existing 795 DRAKE conductor with new conductor"
1019,60001232.0,33T2181,3,17971460,LCR00297761,7127104,2024-03-01 07:00:00,2024-05-07 13:00:00,2024-03-01 07:00:00,,2023-08-15 12:34:00,2023-08-15 18:21:44.203,,,Apprv,PL,23-13328,"REQ: CL on T218, Burnet to Wirtz to replace existing 795 DRAKE conductor with new conductor"
1019,60001232.0,33T2181,3,17971460,LCR00297761,7130598,2024-03-01 07:00:00,2024-05-07 13:00:00,2024-03-01 07:00:00,2024-05-07 08:28:00,2023-08-15 12:34:00,2023-08-15 18:21:44.203,,,Apprv,PL,23-13328,"REQ: CL on T218, Burnet to Wirtz to replace existing 795 DRAKE conductor with new conductor"
1019,60001232.0,33T2181,3,18070395,LCR00307758,6828524,2024-02-19 07:00:00,2024-03-01 06:59:00,,,2024-01-08 09:15:00,2024-01-08 16:22:00.293,,,RatE,PL,23-13328,"REQ: CL on T218, Burnet to Wirtz to replace existing 795 DRAKE conductor with new conductor"
1019,60001232.0,33T2181,3,18070395,LCR00307758,6897531,2024-02-19 07:00:00,2024-03-01 06:59:00,,,2024-01-08 09:15:00,2024-01-08 16:22:00.293,,,RatE,PL,23-13328,"REQ: CL on T218, Burnet to Wirtz to replace existing 795 DRAKE conductor with new conductor"
1019,60001232.0,33T2181,3,18070395,LCR00307758,6902336,2024-02-19 07:00:00,2024-03-01 06:59:00,,,2024-01-08 09:15:00,2024-01-08 16:22:00.293,,,Apprv,PL,23-13328,"REQ: CL on T218, Burnet to Wirtz to replace existing 795 DRAKE conductor with new conductor"
1019,60001232.0,33T2181,3,18070395,LCR00307758,6927270,2024-02-19 07:00:00,2024-03-01 06:59:00,2024-02-19 07:48:00,,2024-01-08 09:15:00,2024-01-08 16:22:00.293,,,Apprv,PL,23-13328,"REQ: CL on T218, Burnet to Wirtz to replace existing 795 DRAKE conductor with new conductor"
1019,60001232.0,33T2181,3,18070395,LCR00307758,6960382,2024-02-19 07:00:00,2024-03-01 06:59:00,2024-02-19 07:48:00,2024-03-01 06:59:00,2024-01-08 09:15:00,2024-01-08 16:22:00.293,,,Apprv,PL,23-13328,"SUP: .
REQ: CL on T218, Burnet to Wirtz to replace existing 795 DRAKE conductor with new conductor"
1019,60001232.0,33T2181,14,18165084,LCR00313731,7127160,2024-05-13 07:00:00,2024-05-13 18:00:00,,,2024-05-06 08:25:00,2024-05-06 14:21:59.267,,,RatE,PL,24-05763,REQ: Line maintenance will be changing insulators on str 8/5 and 13/2
1019,60001232.0,33T2181,14,18165084,LCR00313731,7131385,2024-05-13 07:00:00,2024-05-13 18:00:00,,,2024-05-06 08:25:00,2024-05-06 14:21:59.267,,,Apprv,PL,24-05763,REQ: Line maintenance will be changing insulators on str 8/5 and 13/2
1019,60001232.0,33T2181,14,18165084,LCR00313731,7143972,2024-05-13 07:00:00,2024-05-13 18:00:00,2024-05-13 06:48:00,,2024-05-06 08:25:00,2024-05-06 14:21:59.267,,,Apprv,PL,24-05763,REQ: Line maintenance will be changing insulators on str 8/5 and 13/2
1019,60001232.0,33T2181,14,18165084,LCR00313731,7146445,2024-05-13 07:00:00,2024-05-13 18:00:00,2024-05-13 06:48:00,2024-05-13 15:57:00,2024-05-06 08:25:00,2024-05-06 14:21:59.267,,,Apprv,PL,24-05763,REQ: Line maintenance will be changing insulators on str 8/5 and 13/2
1019,60001232.0,33T2181,14,18471198,LCR00341424,8111071,2025-06-25 06:00:00,2025-06-25 14:00:00,,,2025-06-12 16:31:00,2025-06-12 22:20:46.813,,,RatE,PL,25-05576,REQ: Line maintenance will be changing flashes insulators on str 3/7
1019,60001232.0,33T2181,14,18471198,LCR00341424,8121159,2025-06-25 06:00:00,2025-06-25 14:00:00,,,2025-06-12 16:31:00,2025-06-12 22:20:46.813,,,Apprv,PL,25-05576,REQ: Line maintenance will be changing flashes insulators on str 3/7
1019,60001232.0,33T2181,14,18471198,LCR00341424,8137553,2025-06-25 06:00:00,2025-06-25 14:00:00,2025-06-25 05:41:00,,2025-06-12 16:31:00,2025-06-12 22:20:46.813,,,Apprv,PL,25-05576,REQ: Line maintenance will be changing flashes insulators on str 3/7
1019,60001232.0,33T2181,14,18471198,LCR00341424,8139585,2025-06-25 06:00:00,2025-06-25 14:00:00,2025-06-25 05:41:00,2025-06-25 14:24:00,2025-06-12 16:31:00,2025-06-12 22:20:46.813,,,Apprv,PL,25-05576,REQ: Line maintenance will be changing flashes insulators on str 3/7
1019,60001232.0,33T2181,14,18471198,LCR00341424,8139585,2025-06-25 06:00:00,2025-06-25 14:00:00,2025-06-25 05:41:00,2025-06-25 14:24:00,2025-06-12 16:31:00,2025-06-12 22:20:46.813,,,Apprv,PL,25-05576,REQ: Line maintenance will be changing flashes insulators on str 3/7
1019,60001232.0,33T2181,14,18692231,LCR00360077,8857672,2026-03-23 07:00:00,2026-03-27 16:00:00,,,2026-03-17 08:23:00,2026-03-17 14:21:10.630,,,RatE,PL,26-03006,REQ: Line maintenance will be addressing multiple line discrepancies
1019,60001232.0,33T2181,14,18692231,LCR00360077,8859518,2026-03-23 07:00:00,2026-03-27 16:00:00,,,2026-03-17 08:23:00,2026-03-17 14:21:10.630,,,Apprv,PL,26-03006,REQ: Line maintenance will be addressing multiple line discrepancies
1019,60001232.0,33T2181,14,18692231,LCR00360077,8874540,2026-03-23 07:00:00,2026-03-27 16:00:00,2026-03-23 06:51:00,,2026-03-17 08:23:00,2026-03-17 14:21:10.630,,,Apprv,PL,26-03006,REQ: Line maintenance will be addressing multiple line discrepancies
1019,60001232.0,33T2181,14,18692231,LCR00360077,8896062,2026-03-23 07:00:00,2026-03-27 16:00:00,2026-03-23 06:51:00,2026-03-27 13:00:00,2026-03-17 08:23:00,2026-03-17 14:21:10.630,,,Apprv,PL,26-03006,REQ: Line maintenance will be addressing multiple line discrepancies
1019,60001232.0,33T2181,14,18714035,LCR00361151,8936001,2026-04-22 07:00:00,2026-04-23 16:30:00,,,2026-04-10 13:52:00,2026-04-10 19:20:54.733,,,RatE,PL,26-04114,REQ: Line maintenance will be addressing multiple line discrepancies
1019,60001232.0,33T2181,14,18714035,LCR00361151,8955825,2026-04-22 07:00:00,2026-04-23 16:30:00,,,2026-04-10 13:52:00,2026-04-10 19:20:54.733,,,Apprv,PL,26-04114,REQ: Line maintenance will be addressing multiple line discrepancies
1019,60001232.0,33T2181,14,18714035,LCR00361151,8983272,2026-04-22 07:00:00,2026-04-23 16:30:00,,,2026-04-10 13:52:00,2026-04-10 19:20:54.733,2026-04-22,Cancel - Weather Conditions,Cancl,PL,26-04114,REQ: Line maintenance will be addressing multiple line discrepancies
1743,,GS2Y,4,15648122,STE00042770,925952,2015-12-09 00:00:00,2016-07-06 12:00:00,2015-12-09 00:00:00,,2015-10-23 12:01:00,2019-02-27 15:51:00.000,,,Accpt,UE,Red Gate,
1743,,GS2Y,4,15648122,STE00042770,1065850,2015-12-09 00:00:00,2016-08-12 12:00:00,2015-12-09 00:00:00,2016-08-05 13:30:00,2015-10-23 12:01:00,2019-02-27 15:51:00.000,,,Accpt,UE,Red Gate,
1743,60008340.0,GSU2_Y,4,15648122,STE00042770,1065850,2015-12-09 00:00:00,2016-08-12 12:00:00,2015-12-09 00:00:00,2016-08-05 13:30:00,2015-10-23 12:01:00,2019-02-27 15:51:00.000,,,Accpt,UE,Red Gate,
1743,,GS2Y,4,15648122,STE00042770,1065850,2015-12-09 00:00:00,2016-08-12 12:00:00,2015-12-09 00:00:00,2016-08-05 13:30:00,2015-10-23 12:01:00,2019-02-27 15:51:00.000,,,Accpt,UE,Red Gate,
1743,,GS2Y,4,15648122,STE00042770,1162208,2015-12-09 00:00:00,2016-05-27 15:00:00,2015-12-09 00:00:00,,2015-10-23 12:01:00,2019-02-27 15:51:00.000,,,Apprv,PL,Red Gate,
1743,,GS2Y,4,15648122,STE00042770,1461151,2015-12-09 00:00:00,2016-08-12 12:00:00,2015-12-09 00:00:00,,2015-10-23 12:01:00,2019-02-27 15:51:00.000,,,Accpt,UE,Red Gate,
1743,,GS2Y,4,15648122,STE00042770,1483767,2015-12-09 00:00:00,2016-05-27 15:00:00,,,2015-10-23 12:01:00,2019-02-27 15:51:00.000,,,Apprv,PL,Red Gate,
1743,,GS2Y,4,15648122,STE00042770,1532150,2015-12-09 00:00:00,2016-05-27 15:00:00,,,2015-10-23 12:01:00,2019-02-27 15:51:00.000,,,RatE,PL,Red Gate,
1743,60003091.0,ARPT_MARYAT11,5,15840082,AEP00137877,1115056,2015-05-13 08:00:00,2015-06-12 09:00:00,2015-05-13 10:42:00,2015-06-12 08:34:00,2015-05-07 09:41:00,2019-02-27 15:51:00.000,,,Accpt,UE,DINNY,
1743,60003091.0,ARPT_MARYAT11,5,15840082,AEP00137877,1185995,2015-05-13 08:00:00,2015-05-29 18:00:00,,,2015-05-07 09:41:00,2019-02-27 15:51:00.000,,,Apprv,PL,DINNY,
1743,60003091.0,ARPT_MARYAT11,5,15840082,AEP00137877,1315606,2015-05-13 08:00:00,2015-06-12 09:00:00,2015-05-13 10:42:00,,2015-05-07 09:41:00,2019-02-27 15:51:00.000,,,Accpt,UE,DINNY,
1743,60003091.0,ARPT_MARYAT11,5,15840082,AEP00137877,1332015,2015-05-13 08:00:00,2015-06-05 18:00:00,2015-05-13 10:42:00,,2015-05-07 09:41:00,2019-02-27 15:51:00.000,,,Accpt,UE,DINNY,
1743,60003091.0,ARPT_MARYAT11,5,15840082,AEP00137877,1473703,2015-05-13 08:00:00,2015-05-29 18:00:00,,,2015-05-07 09:41:00,2019-02-27 15:51:00.000,,,Study,PL,DINNY,
1743,60003091.0,ARPT_MARYAT11,5,15840082,AEP00137877,1512240,2015-05-13 08:00:00,2015-05-29 18:00:00,2015-05-13 10:42:00,,2015-05-07 09:41:00,2019-02-27 15:51:00.000,,,Apprv,PL,DINNY,
1743,60003091.0,ARPT_MARYAT11,4,15893670,AEP00139884,955860,2015-06-11 07:00:00,2015-06-26 16:00:00,2015-06-11 07:00:00,,2015-06-14 03:36:00,2019-02-27 15:51:00.000,,,Accpt,FE,Dinny,
1743,60003091.0,ARPT_MARYAT11,4,15893670,AEP00139884,1047449,2015-06-11 07:00:00,2015-07-08 16:00:00,2015-06-11 07:00:00,,2015-06-14 03:36:00,2019-02-27 15:51:00.000,,,Accpt,FE,Dinny,
1743,60003091.0,ARPT_MARYAT11,4,15893670,AEP00139884,1122007,2015-06-11 07:00:00,2015-06-15 12:00:00,2015-06-11 07:00:00,,2015-06-14 03:36:00,2019-02-27 15:51:00.000,,,Accpt,FR,Dinny,
1743,60003091.0,ARPT_MARYAT11,4,15893670,AEP00139884,1525410,2015-06-11 07:00:00,2015-07-08 16:00:00,2015-06-11 07:00:00,2015-07-08 15:15:00,2015-06-14 03:36:00,2019-02-27 15:51:00.000,,,Accpt,FE,Dinny,
1743,60003091.0,ARPT_MARYAT11,4,15893670,AEP00139884,1525410,2015-06-11 07:00:00,2015-07-08 16:00:00,2015-06-11 07:00:00,2015-07-08 15:15:00,2015-06-14 03:36:00,2019-02-27 15:51:00.000,,,Accpt,FE,Dinny,
1743,60003091.0,ARPT_MARYAT11,9,16062109,AEP00141383,984788,2015-07-08 15:07:00,2015-08-19 10:00:00,2015-07-08 15:07:00,2015-08-19 10:00:00,2015-07-08 15:17:00,2019-02-27 15:51:00.000,,,Accpt,FE,OldEquip,
1743,60003091.0,ARPT_MARYAT11,9,16062109,AEP00141383,1183583,2015-07-08 15:07:00,2015-08-19 10:00:00,2015-07-08 15:07:00,,2015-07-08 15:17:00,2019-02-27 15:51:00.000,,,Accpt,FE,OldEquip,
1743,60003091.0,ARPT_MARYAT11,9,16062109,AEP00141383,1304014,2015-07-08 15:07:00,2015-08-18 23:59:00,2015-07-08 15:07:00,,2015-07-08 15:17:00,2019-02-27 15:51:00.000,,,Accpt,FR,OldEquip,
1743,60003091.0,ARPT_MARYAT11,5,16097461,AEP00136064,1100299,2015-04-06 12:00:00,2015-04-06 16:00:00,,,2015-03-30 17:32:00,2019-02-27 15:51:00.000,,,Study,PL,DinnyWk,
1743,60003091.0,ARPT_MARYAT11,5,16097461,AEP00136064,1180264,2015-04-06 12:00:00,2015-04-10 16:00:00,,,2015-03-30 17:32:00,2019-02-27 15:51:00.000,,,RatE,PL,DinnyWk,
1743,60003091.0,ARPT_MARYAT11,5,16097461,AEP00136064,1235802,2015-04-06 12:00:00,2015-04-10 16:00:00,2015-04-06 12:31:00,,2015-03-30 17:32:00,2019-02-27 15:51:00.000,,,Apprv,PL,DinnyWk,
1743,60003091.0,ARPT_MARYAT11,5,16097461,AEP00136064,1310275,2015-04-06 12:00:00,2015-04-10 16:00:00,2015-04-06 12:31:00,2015-04-10 17:45:00,2015-03-30 17:32:00,2019-02-27 15:51:00.000,,,Apprv,PL,DinnyWk,
1743,60003091.0,ARPT_MARYAT11,5,16097461,AEP00136064,1360701,2015-04-06 12:00:00,2015-04-06 16:00:00,,,2015-03-30 17:32:00,2019-02-27 15:51:00.000,,,RatE,PL,DinnyWk,
1743,60003091.0,ARPT_MARYAT11,5,16097461,AEP00136064,1451805,2015-04-06 12:00:00,2015-04-10 16:00:00,,,2015-03-30 17:32:00,2019-02-27 15:51:00.000,,,Apprv,PL,DinnyWk,
1743,,GS2Y,17,17878094,STE00093216,6193688,2023-05-01 08:00:00,2023-05-03 17:00:00,,,2023-03-24 14:34:00,2023-03-24 20:21:38.980,,,RatE,PL,RGGSU2,REQ: GSU (Doble) Testing
1743,,GS2Y,17,17878094,STE00093216,6193688,2023-05-01 08:00:00,2023-05-03 17:00:00,,,2023-03-24 14:34:00,2023-03-24 20:21:38.980,,,RatE,PL,RGGSU2,REQ: GSU (Doble) Testing
1743,,GS2Y,17,17878094,STE00093216,6266540,2023-05-01 08:00:00,2023-05-03 17:00:00,,,2023-03-24 14:34:00,2023-03-24 20:21:38.980,,,Apprv,PL,RGGSU2,REQ: GSU (Doble) Testing
1743,,GS2Y,17,17878094,STE00093216,6288037,2023-05-01 08:00:00,2023-05-03 17:00:00,2023-05-01 08:00:00,,2023-03-24 14:34:00,2023-03-24 20:21:38.980,,,Apprv,PL,RGGSU2,REQ: GSU (Doble) Testing
1743,,GS2Y,17,17878094,STE00093216,6295982,2023-05-01 08:00:00,2023-05-03 17:00:00,2023-05-01 08:00:00,2023-05-03 17:30:00,2023-03-24 14:34:00,2023-03-24 20:21:38.980,,,Apprv,PL,RGGSU2,"SUP: ended
REQ: GSU (Doble) Testing"
1743,,GS2Y,5,17920569,STE00094165,6346719,2023-06-03 21:00:00,2023-06-04 06:00:00,,,2023-05-24 11:14:00,2023-05-24 17:21:59.090,,,RatE,PL,RG test,REQ: Related equipment outaged due to scheduled Blackstart Testing.
1743,,GS2Y,5,17920569,STE00094165,6347050,2023-06-03 21:00:00,2023-06-04 06:00:00,,,2023-05-24 11:14:00,2023-05-24 17:21:59.090,,,Apprv,PL,RG test,REQ: Related equipment outaged due to scheduled Blackstart Testing.
1743,,GS2Y,5,17920569,STE00094165,6366834,2023-06-03 21:00:00,2023-06-04 06:00:00,2023-06-03 21:00:00,,2023-05-24 11:14:00,2023-05-24 17:21:59.090,,,Apprv,PL,RG test,REQ: Related equipment outaged due to scheduled Blackstart Testing.
1743,,GS2Y,5,17920569,STE00094165,6366883,2023-06-03 21:00:00,2023-06-04 06:00:00,2023-06-03 21:00:00,2023-06-04 05:22:00,2023-05-24 11:14:00,2023-05-24 17:21:59.090,,,Apprv,PL,RG test,REQ: Related equipment outaged due to scheduled Blackstart Testing.
1743,,GS2Y,1,18170492,STE00100285,7145182,2024-05-22 07:00:00,2024-05-22 14:00:00,,,2024-05-13 10:36:00,2024-05-13 16:23:14.117,,,RatE,PL,BlackSta,"REQ: Transmission Equip for BlackStart testing.  See ID: STE00099506, STE00099507, STE00099508, & STE00099526"
1743,,GS2Y,1,18170492,STE00100285,7149343,2024-05-22 07:00:00,2024-05-22 14:00:00,,,2024-05-13 10:36:00,2024-05-13 16:23:14.117,,,Apprv,PL,BlackSta,"REQ: Transmission Equip for BlackStart testing.  See ID: STE00099506, STE00099507, STE00099508, & STE00099526"
1743,,GS2Y,1,18170492,STE00100285,7167827,2024-05-22 07:00:00,2024-05-22 14:00:00,2024-05-22 07:30:00,,2024-05-13 10:36:00,2024-05-13 16:23:14.117,,,Apprv,PL,BlackSta,"REQ: Transmission Equip for BlackStart testing.  See ID: STE00099506, STE00099507, STE00099508, & STE00099526"
1743,,GS2Y,1,18170492,STE00100285,7169435,2024-05-22 07:00:00,2024-05-22 18:00:00,2024-05-22 07:30:00,,2024-05-13 10:36:00,2024-05-13 16:23:14.117,,,Accpt,UE,BlackSta,"REQ: Blackstart testing completed. Waiting on transmission.
REQ: Transmission Equip for BlackStart testing.  See ID: STE00099506, STE00099507, STE00099508, & STE00099526"
1743,,GS2Y,1,18170492,STE00100285,7169650,2024-05-22 07:00:00,2024-05-22 18:00:00,2024-05-22 07:30:00,2024-05-22 16:23:00,2024-05-13 10:36:00,2024-05-13 16:23:14.117,,,Accpt,UE,BlackSta,"SUP: Work completed.
REQ: Blackstart testing completed. Waiting on transmission.
REQ: Transmission Equip for BlackStart testing.  See ID: STE00099506, STE00099507, STE00099508, & STE00099526"
1743,,GS2Y,10,18279057,STE00103719,7466716,2024-10-08 07:00:00,2024-10-10 16:00:00,,,2024-09-28 12:27:00,2024-09-28 18:22:07.490,,,RatE,PL,RG swtch,REQ: Resource related transmission outages in place to accompany TDSP outage.
1743,,GS2Y,10,18279057,STE00103719,7469384,2024-10-08 07:00:00,2024-10-10 16:00:00,,,2024-09-28 12:27:00,2024-09-28 18:22:07.490,,,Apprv,PL,RG swtch,REQ: Resource related transmission outages in place to accompany TDSP outage.
1743,,GS2Y,10,18279057,STE00103719,7475991,2024-10-08 07:00:00,2024-10-10 16:00:00,,,2024-09-28 12:27:00,2024-09-28 18:22:07.490,2024-10-02,Cancel - Reschedule date unknown,Cancl,PL,RG swtch,"REQ: Transmission outage was cancelled.
REQ: Resource related transmission outages in place to accompany TDSP outage."
1743,,GS2Y,1,18300312,STE00104396,7535068,2024-11-05 07:00:00,2024-11-07 16:00:00,,,2024-10-25 13:04:00,2024-10-25 19:22:41.137,,,RatE,M3,RG,REQ: Associated Equipment for the Kinder Morgan pipeline outage
1743,,GS2Y,1,18300312,STE00104396,7535388,2024-11-05 07:00:00,2024-11-07 16:00:00,,,2024-10-25 13:04:00,2024-10-25 19:22:41.137,2024-10-25,Cancel - Reschedule within next season,Cancl,M3,RG,REQ: Associated Equipment for the Kinder Morgan pipeline outage
1743,,GS2Y,1,18300461,STE00104416,7535371,2024-11-05 07:00:00,2024-11-07 16:00:00,,,2024-10-25 15:37:00,2024-10-25 21:22:43.330,,,Apprv,PL,RG,REQ: Associated Equipment for the Kinder Morgan pipeline outage
1743,,GS2Y,1,18300461,STE00104416,7560267,2024-11-05 07:00:00,2024-11-07 16:00:00,2024-11-05 07:00:00,,2024-10-25 15:37:00,2024-10-25 21:22:43.330,,,Apprv,PL,RG,REQ: Associated Equipment for the Kinder Morgan pipeline outage
1743,,GS2Y,1,18300461,STE00104416,7565413,2024-11-05 07:00:00,2024-11-07 16:00:00,2024-11-05 07:00:00,2024-11-06 15:38:00,2024-10-25 15:37:00,2024-10-25 21:22:43.330,,,Apprv,PL,RG,"SUP: Work completed.
REQ: Associated Equipment for the Kinder Morgan pipeline outage"
1743,,GS2Y,1,18678087,STE00114522,8807727,2026-03-31 09:00:00,2026-03-31 13:00:00,,,2026-02-27 12:06:00,2026-02-27 19:20:58.943,,,RatE,PL,BS Test,REQ: Internal Black Start testing at site.
1743,,GS2Y,1,18678087,STE00114522,8879038,2026-03-31 09:00:00,2026-03-31 13:00:00,,,2026-02-27 12:06:00,2026-02-27 19:20:58.943,,,Apprv,PL,BS Test,REQ: Internal Black Start testing at site.
1743,,GS2Y,1,18678087,STE00114522,8904546,2026-03-31 09:00:00,2026-03-31 13:00:00,2026-03-31 09:00:00,2026-03-31 12:50:00,2026-02-27 12:06:00,2026-02-27 19:20:58.943,,,Apprv,PL,BS Test,"SUP: testing complete
REQ: Internal Black Start testing at site."
1743,,GS2Y,1,18687860,STE00114848,8839069,2026-05-20 07:00:00,2026-05-20 16:00:00,,,2026-03-11 06:43:00,2026-03-11 12:20:54.830,,,RatE,PL,BS Test,REQ: Official Black Start test with line energization.
1743,,GS2Y,1,18687860,STE00114848,8902507,2026-05-20 07:00:00,2026-05-20 16:00:00,,,2026-03-11 06:43:00,2026-03-11 12:20:54.830,,,Apprv,PL,BS Test,REQ: Official Black Start test with line energization.
1743,,GS2Y,1,18687860,STE00114848,9083279,2026-05-20 07:00:00,2026-05-20 16:00:00,2026-05-20 07:00:00,,2026-03-11 06:43:00,2026-03-11 12:20:54.830,,,Apprv,PL,BS Test,REQ: Official Black Start test with line energization.
1743,,GS2Y,1,18687860,STE00114848,9083503,2026-05-20 07:00:00,2026-05-20 16:00:00,2026-05-20 07:00:00,2026-05-20 12:16:00,2026-03-11 06:43:00,2026-03-11 12:20:54.830,,,Apprv,PL,BS Test,"SUP: Black Start testing complete.
REQ: Official Black Start test with line energization."
1956,60000567.0,1665_A,3,15627259,ONC00333085,1148627,2018-12-10 08:00:00,2018-12-10 16:00:00,,,2018-06-26 06:57:00,2019-02-27 15:51:00.000,,,RatE,PL,18-13595,
1956,60000567.0,1665_A,3,15627259,ONC00333085,1300488,2018-12-10 08:00:00,2018-12-10 16:00:00,2018-12-10 11:19:00,,2018-06-26 06:57:00,2019-02-27 15:51:00.000,,,Apprv,PL,18-13595,
1956,60000567.0,1665_A,3,15627259,ONC00333085,1337311,2018-12-10 08:00:00,2018-12-10 16:00:00,2018-12-10 11:19:00,2018-12-10 14:32:00,2018-06-26 06:57:00,2019-02-27 15:51:00.000,,,Apprv,PL,18-13595,
1956,60000567.0,1665_A,3,15627259,ONC00333085,1511502,2018-12-10 08:00:00,2018-12-10 16:00:00,,,2018-06-26 06:57:00,2019-02-27 15:51:00.000,,,Apprv,PL,18-13595,
1956,60000567.0,1665_A,11,15785559,ONC00333055,971824,2018-12-04 08:00:00,2018-12-04 16:00:00,,,2018-06-26 06:42:00,2019-02-27 15:51:00.000,,,RatE,PL,18-13588,
1956,60000567.0,1665_A,11,15785559,ONC00333055,1046364,2018-12-04 08:00:00,2018-12-04 16:00:00,2018-12-04 08:00:00,,2018-06-26 06:42:00,2019-02-27 15:51:00.000,,,Apprv,PL,18-13588,
1956,60000567.0,1665_A,11,15785559,ONC00333055,1134642,2018-12-04 08:00:00,2018-12-04 16:00:00,,,2018-06-26 06:42:00,2019-02-27 15:51:00.000,,,Apprv,PL,18-13588,
1956,60000567.0,1665_A,11,15785559,ONC00333055,1487054,2018-12-04 08:00:00,2018-12-04 18:00:00,2018-12-04 08:00:00,,2018-06-26 06:42:00,2019-02-27 15:51:00.000,,,Accpt,UE,18-13588,
1956,60000567.0,1665_A,11,15785559,ONC00333055,1513988,2018-12-04 08:00:00,2018-12-04 18:00:00,2018-12-04 08:00:00,2018-12-04 18:42:00,2018-06-26 06:42:00,2019-02-27 15:51:00.000,,,Accpt,UE,18-13588,
1956,60000567.0,1665_A,3,15785917,ONC00321473,916744,2018-12-05 08:00:00,2018-12-09 16:00:00,,,2018-03-15 11:38:00,2019-02-27 15:51:00.000,2018-06-21,Cancel - Coordinating with ERCOT,Cancl,PL,18-06110,
1956,60000567.0,1665_A,3,15785917,ONC00321473,1378977,2018-12-05 08:00:00,2018-12-09 16:00:00,,,2018-03-15 11:38:00,2019-02-27 15:51:00.000,,,RatE,PL,18-06110,
1956,60000567.0,1665_A,3,16013475,ONC00321376,1088311,2018-10-01 08:00:00,2018-10-28 18:00:00,,,2018-03-14 14:40:00,2019-02-27 15:51:00.000,,,RatE,PL,18-06106,
1956,60000567.0,1665_A,3,16013475,ONC00321376,1093179,2018-10-01 08:00:00,2018-10-29 07:59:00,2018-10-01 08:25:00,,2018-03-14 14:40:00,2019-02-27 15:51:00.000,,,Accpt,UE,18-06106,
1956,60000567.0,1665_A,3,16013475,ONC00321376,1170247,2018-10-01 08:00:00,2018-10-28 18:00:00,,,2018-03-14 14:40:00,2019-02-27 15:51:00.000,,,Apprv,PL,18-06106,
1956,60000567.0,1665_A,3,16013475,ONC00321376,1418012,2018-10-01 08:00:00,2018-10-31 18:00:00,2018-10-01 08:25:00,2018-10-31 10:54:00,2018-03-14 14:40:00,2019-02-27 15:51:00.000,,,Accpt,UE,18-06106,
1956,60000567.0,1665_A,3,16013475,ONC00321376,1480456,2018-10-01 08:00:00,2018-10-28 18:00:00,2018-10-01 08:25:00,,2018-03-14 14:40:00,2019-02-27 15:51:00.000,,,Apprv,PL,18-06106,
1956,60000567.0,1665_A,3,16013475,ONC00321376,1509023,2018-10-01 08:00:00,2018-10-31 18:00:00,2018-10-01 08:25:00,,2018-03-14 14:40:00,2019-02-27 15:51:00.000,,,Accpt,UE,18-06106,
1956,60000567.0,1665_A,5,16741700,ONC00402653,3240948,2020-03-16 07:00:00,2020-03-27 18:00:00,,,2020-01-23 14:24:00,2020-01-23 21:20:16.213,,,RatE,PL,20-02835,
1956,60000567.0,1665_A,5,16741700,ONC00402653,3282861,2020-03-16 07:00:00,2020-03-27 18:00:00,,,2020-01-23 14:24:00,2020-01-23 21:20:16.213,,,Apprv,PL,20-02835,
1956,60000567.0,1665_A,5,16741700,ONC00402653,3343922,2020-03-16 07:00:00,2020-03-27 18:00:00,,,2020-01-23 14:24:00,2020-01-23 21:20:16.213,2020-03-16,Cancel - Reschedule date unknown,Cancl,PL,20-02835,
1956,60000567.0,1665_A,5,16768417,ONC00407859,3302198,2020-03-27 18:01:00,2020-04-24 18:00:00,,,2020-02-25 12:55:00,2020-02-25 19:20:23.457,,,RatE,PL,20-05566,
1956,60000567.0,1665_A,5,16768417,ONC00407859,3347060,2020-03-27 18:01:00,2020-04-24 18:00:00,,,2020-02-25 12:55:00,2020-02-25 19:20:23.457,2020-03-17,Cancel - Materials Unavailable,Cancl,PL,20-05566,
1956,60000567.0,1665_A,5,16854027,ONC00423222,3726867,2020-09-28 07:00:00,2020-10-31 18:00:00,,,2020-06-22 11:41:00,2020-06-22 18:20:35.863,,,RatE,PL,20-07038,
1956,60000567.0,1665_A,5,16854027,ONC00423222,3752814,2020-09-28 07:00:00,2020-10-31 18:00:00,,,2020-06-22 11:41:00,2020-06-22 18:20:35.863,,,Apprv,PL,20-07038,
1956,60000567.0,1665_A,5,16854027,ONC00423222,3857136,2020-09-28 07:00:00,2020-10-31 18:00:00,,,2020-06-22 11:41:00,2020-06-22 18:20:35.863,2020-09-09,Cancel - Reschedule date unknown,Cancl,PL,20-07038,
1956,60000567.0,1665_A,3,16970930,ONC00447374,4065543,2021-04-05 07:00:00,2021-05-07 22:00:00,,,2020-12-15 13:29:00,2020-12-15 20:20:30.393,,,RatE,PL,21-00560,
1956,60000567.0,1665_A,3,16970930,ONC00447374,4127876,2021-04-05 07:00:00,2021-05-07 22:00:00,,,2020-12-15 13:29:00,2020-12-15 20:20:30.393,2021-01-08,Cancel - Reschedule date unknown,Cancl,PL,21-00560,
1956,60000567.0,1665_A,5,17524076,ONC00504391,5157483,2022-02-25 07:00:00,2022-02-25 18:00:00,,,2022-01-04 11:08:00,2022-01-04 18:21:29.180,,,RatE,PL,22-01666,"REQ: Outage to re-configure line to an in and out configuration.  Distribution will pick up load in the field for CB 2203 and CB 2201.  Related req 21-26074, new equipment energization: ONC00497826.  Prior to switching, confirm load has been transferred in the field. Requires DOC approval."
1956,60000567.0,1665_A,5,17524076,ONC00504391,5189810,2022-02-25 07:00:00,2022-02-25 18:00:00,,,2022-01-04 11:08:00,2022-01-04 18:21:29.180,,,Apprv,PL,22-01666,"REQ: Outage to re-configure line to an in and out configuration.  Distribution will pick up load in the field for CB 2203 and CB 2201.  Related req 21-26074, new equipment energization: ONC00497826.  Prior to switching, confirm load has been transferred in the field. Requires DOC approval."
1956,60000567.0,1665_A,5,17524076,ONC00504391,5262938,2022-02-25 07:00:00,2022-02-25 18:00:00,,,2022-01-04 11:08:00,2022-01-04 18:21:29.180,2022-02-23,Cancel - Weather Conditions,Cancl,PL,22-01666,"REQ: Outage to re-configure line to an in and out configuration.  Distribution will pick up load in the field for CB 2203 and CB 2201.  Related req 21-26074, new equipment energization: ONC00497826.  Prior to switching, confirm load has been transferred in the field. Requires DOC approval."
1956,60000567.0,1665_A,5,17601102,ONC00510650,5268754,2022-03-04 08:00:00,2022-03-04 18:00:00,,,2022-02-24 11:49:00,2022-02-24 18:21:29.250,,,RatE,PL,22-04935,"REQ: Outage to re-configure line to an in and out configuration. Distribution will pick up load in the field for CB 2203 and CB 2201. Brazos stay normal at Salty.  Prior to switching, confirm load has been transferred in the field. Requires DOC approval."
1956,60000567.0,1665_A,5,17601102,ONC00510650,5277155,2022-03-04 08:00:00,2022-03-04 18:00:00,,,2022-02-24 11:49:00,2022-02-24 18:21:29.250,,,Apprv,PL,22-04935,"REQ: Clarification: Distribution will pick up load in the field for TLRWT distribution feeder bkrs 2203 and CB 2201.
REQ: Outage to re-configure line to an in and out configuration. Distribution will pick up load in the field for CB 2203 and CB 2201. Brazos stay normal at Salty.  Prior to switching, confirm load has been transferred in the field. Requires DOC approval."
1956,60000567.0,1665_A,5,17601102,ONC00510650,5289347,2022-03-04 08:00:00,2022-03-04 18:00:00,2022-03-04 09:00:00,,2022-02-24 11:49:00,2022-02-24 18:21:29.250,,,Apprv,PL,22-04935,"REQ: Clarification: Distribution will pick up load in the field for TLRWT distribution feeder bkrs 2203 and CB 2201.
REQ: Outage to re-configure line to an in and out configuration. Distribution will pick up load in the field for CB 2203 and CB 2201. Brazos stay normal at Salty.  Prior to switching, confirm load has been transferred in the field. Requires DOC approval."
1956,60000567.0,1665_A,5,17601102,ONC00510650,5290973,2022-03-04 08:00:00,2022-03-04 18:00:00,2022-03-04 09:00:00,2022-03-04 19:05:00,2022-02-24 11:49:00,2022-02-24 18:21:29.250,,,Apprv,PL,22-04935,"SUP: complete
REQ: Clarification: Distribution will pick up load in the field for TLRWT distribution feeder bkrs 2203 and CB 2201.
REQ: Outage to re-configure line to an in and out configuration. Distribution will pick up load in the field for CB 2203 and CB 2201. Brazos stay normal at Salty.  Prior to switching, confirm load has been transferred in the field. Requires DOC approval."
1956,60000567.0,1665_A,5,17722533,ONC00534459,5679432,2022-12-16 18:01:00,2022-12-19 18:00:00,,,2022-08-18 09:48:00,2022-08-18 15:21:36.630,,,RatE,PL,22-12624,REQ: Construction:  Clearance to create boundary to allow welding bus tie to add new T4 and welding bus tie for added equipment for future new line bay to Hutto/Taylor.  See attached sequence document slide #8.  Release for holds on new SWs will be requested in the future when closer to this date.
1956,60000567.0,1665_A,5,17722533,ONC00534459,5756519,2022-12-16 18:01:00,2022-12-19 18:00:00,,,2022-08-18 09:48:00,2022-08-18 15:21:36.630,,,Apprv,PL,22-12624,REQ: Construction:  Clearance to create boundary to allow welding bus tie to add new T4 and welding bus tie for added equipment for future new line bay to Hutto/Taylor.  See attached sequence document slide #8.  Release for holds on new SWs will be requested in the future when closer to this date.
1956,60000567.0,1665_A,5,17722533,ONC00534459,5978798,2022-12-16 18:01:00,2022-12-19 13:00:00,,,2022-08-18 09:48:00,2022-08-18 15:21:36.630,,,Apprv,PL,22-12624,REQ: Construction:  Clearance to create boundary to allow welding bus tie to add new T4 and welding bus tie for added equipment for future new line bay to Hutto/Taylor.  See attached sequence document slide #8.  Release for holds on new SWs will be requested in the future when closer to this date.
1956,60000567.0,1665_A,5,17722533,ONC00534459,5979372,2022-12-16 18:01:00,2022-12-19 13:00:00,,,2022-08-18 09:48:00,2022-08-18 15:21:36.630,2022-12-16,Cancel - Reschedule date unknown,Cancl,PL,,REQ: Construction:  Clearance to create boundary to allow welding bus tie to add new T4 and welding bus tie for added equipment for future new line bay to Hutto/Taylor.  See attached sequence document slide #8.  Release for holds on new SWs will be requested in the future when closer to this date.
1956,60000567.0,1665_A,6,17980924,ONC00580274,6526768,2023-09-18 13:00:00,2023-10-05 18:00:00,,,2023-08-28 10:22:00,2023-08-28 16:21:39.420,,,RatE,PL,23-15863,"REQ: Grounds will be installed. Station 1 load tied to station 2 through BT TW 1-2 to inspection bus 1 to replace station 1 feeder breakers, relay panels, switch 7473, and switch 7475.   Prior to switching, bus tie load.  Relay work will be on equipment out of service."
1956,60000567.0,1665_A,6,17980924,ONC00580274,6551727,2023-09-18 13:00:00,2023-10-05 18:00:00,,,2023-08-28 10:22:00,2023-08-28 16:21:39.420,2023-09-08,Cancel - Reschedule date unknown,Cancl,PL,23-15863,"REQ: Grounds will be installed. Station 1 load tied to station 2 through BT TW 1-2 to inspection bus 1 to replace station 1 feeder breakers, relay panels, switch 7473, and switch 7475.   Prior to switching, bus tie load.  Relay work will be on equipment out of service."
1956,60000567.0,1665_A,10,17993490,ONC00582303,6569853,2023-10-06 07:00:00,2023-10-13 18:00:00,,,2023-09-18 09:11:00,2023-09-18 15:21:24.493,,,RatE,PL,23-15874,"REQ: Grounds will be installed.  Station 4 load tied to station 3 through BT TW 3-4, take clearance on Hutto  Taylor West line from 138kv switch 20534 and switch 7473 to Hutto Sw 7494, take clearance on Taylor West  Pintail line from Taylor West 138kv switch 21759 to Pintail 138kv switch 21879 and switch 21886,  replace switch 7474, and reconfigure jumpers.  Bus Tie Load. Loading verified in SCLEPS."
1956,60000567.0,1665_A,10,17993490,ONC00582303,6582207,2023-10-06 07:00:00,2023-10-13 18:00:00,,,2023-09-18 09:11:00,2023-09-18 15:21:24.493,2023-09-22,Cancel - Materials Unavailable,Cancl,PL,23-15874,"REQ: Grounds will be installed.  Station 4 load tied to station 3 through BT TW 3-4, take clearance on Hutto  Taylor West line from 138kv switch 20534 and switch 7473 to Hutto Sw 7494, take clearance on Taylor West  Pintail line from Taylor West 138kv switch 21759 to Pintail 138kv switch 21879 and switch 21886,  replace switch 7474, and reconfigure jumpers.  Bus Tie Load. Loading verified in SCLEPS."
1956,60000567.0,1665_A,5,18029932,ONC00588788,6704209,2023-11-17 07:00:00,2023-12-11 18:00:00,,,2023-11-06 13:29:00,2023-11-06 20:22:04.190,,,RatE,PL,23-19292,REQ: Construction: Grounds will be installed. Outage is requested to cut-in line to Teal Sw.
1956,60000567.0,1665_A,5,18029932,ONC00588788,6715845,2023-11-17 07:00:00,2023-12-11 18:00:00,,,2023-11-06 13:29:00,2023-11-06 20:22:04.190,,,Apprv,PL,23-19292,REQ: Construction: Grounds will be installed. Outage is requested to cut-in line to Teal Sw.
1956,60000567.0,1665_A,5,18029932,ONC00588788,6730460,2023-11-17 07:00:00,2023-12-11 18:00:00,2023-11-17 06:52:00,,2023-11-06 13:29:00,2023-11-06 20:22:04.190,,,Apprv,PL,23-19292,REQ: Construction: Grounds will be installed. Outage is requested to cut-in line to Teal Sw.
1956,60000567.0,1665_A,5,18029932,ONC00588788,6737383,2023-11-17 07:00:00,2023-12-15 18:00:00,2023-11-17 06:52:00,,2023-11-06 13:29:00,2023-11-06 20:22:04.190,,,Accpt,UE,23-19292,REQ: Construction: Grounds will be installed. Outage is requested to cut-in line to Teal Sw.
1956,60000567.0,1665_A,5,18029932,ONC00588788,6791575,2023-11-17 07:00:00,2023-12-15 18:00:00,2023-11-17 06:52:00,2023-12-14 14:39:00,2023-11-06 13:29:00,2023-11-06 20:22:04.190,,,Accpt,UE,23-19292,"SUP: complete
REQ: Construction: Grounds will be installed. Outage is requested to cut-in line to Teal Sw."
1956,60000567.0,1665_A,5,18029932,ONC00588788,6791575,2023-11-17 07:00:00,2023-12-15 18:00:00,2023-11-17 06:52:00,2023-12-14 14:39:00,2023-11-06 13:29:00,2023-11-06 20:22:04.190,,,Accpt,UE,23-19292,REQ: Construction: Grounds will be installed. Outage is requested to cut-in line to Teal Sw.
1956,60000567.0,1665_A,9,18048284,ONC00592132,6766114,2023-12-15 18:01:00,2024-12-13 18:01:00,,,2023-12-04 13:03:00,2023-12-04 20:21:58.387,,,RatE,PL,50224,
1956,60000567.0,1665_A,9,18048284,ONC00592132,6769063,2023-12-15 18:01:00,2024-12-13 18:01:00,,,2023-12-04 13:03:00,2023-12-04 20:21:58.387,,,Apprv,PL,50224,
1956,60000567.0,1665_A,9,18048284,ONC00592132,6794706,2023-12-15 18:01:00,2024-12-13 18:01:00,2023-12-15 18:01:00,,2023-12-04 13:03:00,2023-12-04 20:21:58.387,,,Apprv,PL,50224,
1956,60000567.0,1665_A,9,18048284,ONC00592132,7648256,2023-12-15 18:01:00,2024-12-13 18:01:00,2023-12-15 18:01:00,2024-12-13 18:01:00,2023-12-04 13:03:00,2023-12-04 20:21:58.387,,,Apprv,PL,50224,REQ: Fri Dec 13 18:01:27 CST 2024: Actual End has been auto-populated by OS due to Nature Of Work = Retirement of Old Equipment
1956,60000567.0,1665_A,9,18331574,ONC00648538,7647665,2024-12-13 18:02:00,2025-12-12 18:01:00,,,2024-12-13 14:29:00,2024-12-13 21:22:16.313,,,Apprv,M3,50224,
1956,60000567.0,1665_A,9,18331574,ONC00648538,7648369,2024-12-14 18:02:00,2025-12-12 18:01:00,,,2024-12-13 14:29:00,2024-12-13 21:22:16.313,,,Apprv,M3,50224,
1956,60000567.0,1665_A,9,18331574,ONC00648538,7649357,2024-12-14 18:02:00,2025-12-12 18:01:00,2024-12-14 18:02:00,,2024-12-13 14:29:00,2024-12-13 21:22:16.313,,,Apprv,M3,50224,
1956,60000567.0,1665_A,9,18331574,ONC00648538,7649357,2024-12-14 18:02:00,2025-12-12 18:01:00,2024-12-14 18:02:00,,2024-12-13 14:29:00,2024-12-13 21:22:16.313,,,Apprv,M3,50224,
1956,60000567.0,1665_A,9,18331574,ONC00648538,8609038,2024-12-14 18:02:00,2025-12-12 18:01:00,2024-12-14 18:02:00,2025-12-12 17:30:00,2024-12-13 14:29:00,2024-12-13 21:22:16.313,,,Apprv,M3,50224,
1956,60000567.0,1665_A,9,18698218,ONC00732357,8877472,2026-03-23 15:32:00,2026-04-28 23:59:00,2026-03-23 15:32:00,,2026-03-23 15:35:00,2026-03-23 21:20:57.323,,,Accpt,FR,47136,
1956,60000567.0,1665_A,9,18698218,ONC00732357,9008226,2026-03-23 15:32:00,2026-04-29 23:59:00,2026-03-23 15:32:00,,2026-03-23 15:35:00,2026-03-23 21:20:57.323,,,Accpt,FE,47136,
1956,60000567.0,1665_A,9,18698218,ONC00732357,9011960,2026-03-23 15:32:00,2026-06-02 23:59:00,2026-03-23 15:32:00,,2026-03-23 15:35:00,2026-03-23 21:20:57.323,,,Accpt,FE,47136,
1956,60000567.0,1665_A,9,18698218,ONC00732357,9113894,2026-03-23 15:32:00,2026-06-30 23:59:00,2026-03-23 15:32:00,,2026-03-23 15:35:00,2026-03-23 21:20:57.323,,,Accpt,FE,47136,
1956,60000567.0,1665_A,9,18698218,ONC00732357,9185043,2026-03-23 15:32:00,2026-06-30 23:59:00,2026-03-23 15:32:00,2026-06-30 23:59:00,2026-03-23 15:35:00,2026-03-23 21:20:57.323,,,Accpt,FE,47136,"REQ: Tue Jun 30 23:59:45 CDT 2026: Actual End has been auto-populated by OS due to Nature Of Work = Retirement of Old Equipment
SUP: Tue Jun 30 23:59:45 CDT 2026: Actual End has been auto-populated by OS due to Nature Of Work = Retirement of Old Equipment"
2149,,6118_B,10,17054188,ONC00458206,4417196,2021-03-11 05:00:00,2021-03-11 18:00:00,,,2021-03-04 12:56:00,2021-03-04 19:21:08.063,,,RatE,PL,21-06443,
2149,,6118_B,10,17054188,ONC00458206,4444195,2021-03-11 05:00:00,2021-03-11 18:00:00,,,2021-03-04 12:56:00,2021-03-04 19:21:08.063,,,Apprv,PL,21-06443,
2149,,6118_B,10,17054188,ONC00458206,4457925,2021-03-11 05:00:00,2021-03-11 18:00:00,,,2021-03-04 12:56:00,2021-03-04 19:21:08.063,2021-03-11,Cancel - Reschedule date unknown,Cancl,PL,21-06443,
2149,,6118_B,16,17063638,ONC00459248,4458178,2021-03-18 05:00:00,2021-03-18 18:00:00,,,2021-03-11 07:14:00,2021-03-11 14:21:18.947,,,RatE,PL,21-06812,
2149,,6118_B,16,17063638,ONC00459248,4461496,2021-03-18 05:00:00,2021-03-18 18:00:00,,,2021-03-11 07:14:00,2021-03-11 14:21:18.947,,,Apprv,PL,21-06812,
2149,,6118_B,16,17063638,ONC00459248,4474761,2021-03-18 05:00:00,2021-03-18 18:00:00,2021-03-18 05:21:00,,2021-03-11 07:14:00,2021-03-11 14:21:18.947,,,Apprv,PL,21-06812,
2149,,6118_B,16,17063638,ONC00459248,4476962,2021-03-18 05:00:00,2021-03-18 18:00:00,2021-03-18 05:21:00,2021-03-18 17:47:00,2021-03-11 07:14:00,2021-03-11 14:21:18.947,,,Apprv,PL,21-06812,
2149,,6118_B,19,17160369,ONC00470068,4605483,2021-05-10 19:35:00,2021-05-11 06:30:00,2021-05-10 19:35:00,,2021-05-11 03:06:00,2021-05-11 09:22:34.353,,,Accpt,FR,21-11227,
2149,,6118_B,19,17160369,ONC00470068,4605977,2021-05-10 19:35:00,2021-05-11 06:30:00,2021-05-10 19:35:00,2021-05-11 08:21:00,2021-05-11 03:06:00,2021-05-11 09:22:34.353,,,Accpt,FR,21-11227,
2149,,6118_B,5,17655770,ONC00519854,5468356,2022-09-16 10:01:00,2022-09-23 14:00:00,,,2022-05-09 11:47:00,2022-05-09 17:21:31.593,,,RatE,PL,22-09702,"REQ: Will be installing structure 4/2W.(see slide 7) Prior to switching, close the 138kV N.O. SW 507 at PAFFORD STREET.  NOMCR for J515 still pending, no upload date to ERCOT OS yet"
2149,,6118_B,5,17655770,ONC00519854,5584720,2022-09-16 10:01:00,2022-09-23 14:00:00,,,2022-05-09 11:47:00,2022-05-09 17:21:31.593,,,Apprv,PL,22-09702,"REQ: Will be installing structure 4/2W.(see slide 7) Prior to switching, close the 138kV N.O. SW 507 at PAFFORD STREET.  NOMCR for J515 still pending, no upload date to ERCOT OS yet"
2149,,6118_B,5,17655770,ONC00519854,5735444,2022-09-16 10:01:00,2022-09-23 14:00:00,,,2022-05-09 11:47:00,2022-05-09 17:21:31.593,2022-09-14,Cancel - Materials Unavailable,Cancl,PL,22-09702,"REQ: Will be installing structure 4/2W.(see slide 7) Prior to switching, close the 138kV N.O. SW 507 at PAFFORD STREET.  NOMCR for J515 still pending, no upload date to ERCOT OS yet"
2149,,6118_B,5,17655819,ONC00519825,5468304,2022-09-16 07:00:00,2022-09-16 10:00:00,,,2022-05-09 11:25:00,2022-05-09 17:21:31.593,,,RatE,PL,22-09701,"REQ: Will establish temporary open gap J-515 at Wedgewood Tap. This will allow 2 sources for Wedgewood Sub during construction. (See slide 6) Prior to switching, close the 138kV N.O. SW 516 at Wedgwood and close 138kV N.O. SW 507 at Pafford Street"
2149,,6118_B,5,17655819,ONC00519825,5557529,2022-09-16 07:00:00,2022-09-16 10:00:00,,,2022-05-09 11:25:00,2022-05-09 17:21:31.593,,,Apprv,PL,22-09701,"REQ: Will establish temporary open gap J-515 at Wedgewood Tap. This will allow 2 sources for Wedgewood Sub during construction. (See slide 6) Prior to switching, close the 138kV N.O. SW 516 at Wedgwood and close 138kV N.O. SW 507 at Pafford Street"
2149,,6118_B,5,17655819,ONC00519825,5735445,2022-09-16 07:00:00,2022-09-16 10:00:00,,,2022-05-09 11:25:00,2022-05-09 17:21:31.593,2022-09-14,Cancel - Materials Unavailable,Cancl,PL,22-09701,"REQ: Will establish temporary open gap J-515 at Wedgewood Tap. This will allow 2 sources for Wedgewood Sub during construction. (See slide 6) Prior to switching, close the 138kV N.O. SW 516 at Wedgwood and close 138kV N.O. SW 507 at Pafford Street"
2149,,6118_B,5,17655865,ONC00519857,5468501,2022-09-23 14:01:00,2022-09-23 17:00:00,,,2022-05-09 12:17:00,2022-05-09 18:21:37.190,,,RatE,PL,22-09703,"REQ: Will be closing temporary gap J-515 (See slide 8) Prior to switching, close the 138kV N.O. SW 516 at Wedgwood and close 138kV N.O. SW 507 at Pafford Street  REQUEST UNDER REVIEW BY SYSTEM PROTECTION AND TGO SUPPORT FOR N.O. DEVICE  Study requested from Ops Engineers"
2149,,6118_B,5,17655865,ONC00519857,5571568,2022-09-23 14:01:00,2022-09-23 17:00:00,,,2022-05-09 12:17:00,2022-05-09 18:21:37.190,,,Apprv,PL,22-09703,"REQ: Will be closing temporary gap J-515 (See slide 8) Prior to switching, close the 138kV N.O. SW 516 at Wedgwood and close 138kV N.O. SW 507 at Pafford Street  REQUEST UNDER REVIEW BY SYSTEM PROTECTION AND TGO SUPPORT FOR N.O. DEVICE  Study requested from Ops Engineers"
2149,,6118_B,5,17655865,ONC00519857,5735450,2022-09-23 14:01:00,2022-09-23 17:00:00,,,2022-05-09 12:17:00,2022-05-09 18:21:37.190,2022-09-14,Cancel - Materials Unavailable,Cancl,PL,22-09703,"REQ: Will be closing temporary gap J-515 (See slide 8) Prior to switching, close the 138kV N.O. SW 516 at Wedgwood and close 138kV N.O. SW 507 at Pafford Street  REQUEST UNDER REVIEW BY SYSTEM PROTECTION AND TGO SUPPORT FOR N.O. DEVICE  Study requested from Ops Engineers"
2149,,6118_B,5,17740609,ONC00537759,5736153,2022-10-01 07:00:00,2022-10-01 10:00:00,,,2022-09-14 10:15:00,2022-09-14 16:21:30.067,,,RatE,PL,22-17719,"REQ: Original Request 22-09701 Will establish temporary open gap J-515 at Wedgewood Tap. This will allow 2 sources for Wedgewood Sub during construction. (See slide 6) Prior to switching, close the 138kV N.O. SW 516 at Wedgwood and close 138kV N.O. SW 507 at Pafford Street  Study requested from Ops Engineers  No NOMCRs needed per Matt A.  No Contingency changes needed per engineering.  REQUEST HAS BEEN REVIEWED AND APPROVED BY SYSTEM PROTECTION TO CLOSE N.O. DEVICES"
2149,,6118_B,5,17740609,ONC00537759,5764583,2022-10-01 07:00:00,2022-10-01 10:00:00,,,2022-09-14 10:15:00,2022-09-14 16:21:30.067,,,Apprv,PL,22-17719,"REQ: Original Request 22-09701 Will establish temporary open gap J-515 at Wedgewood Tap. This will allow 2 sources for Wedgewood Sub during construction. (See slide 6) Prior to switching, close the 138kV N.O. SW 516 at Wedgwood and close 138kV N.O. SW 507 at Pafford Street  Study requested from Ops Engineers  No NOMCRs needed per Matt A.  No Contingency changes needed per engineering.  REQUEST HAS BEEN REVIEWED AND APPROVED BY SYSTEM PROTECTION TO CLOSE N.O. DEVICES"
2149,,6118_B,5,17740609,ONC00537759,5776990,2022-10-01 07:00:00,2022-10-01 10:00:00,,,2022-09-14 10:15:00,2022-09-14 16:21:30.067,2022-09-30,Cancel - Materials Unavailable,Cancl,PL,22-17719,"REQ: Original Request 22-09701 Will establish temporary open gap J-515 at Wedgewood Tap. This will allow 2 sources for Wedgewood Sub during construction. (See slide 6) Prior to switching, close the 138kV N.O. SW 516 at Wedgwood and close 138kV N.O. SW 507 at Pafford Street  Study requested from Ops Engineers  No NOMCRs needed per Matt A.  No Contingency changes needed per engineering.  REQUEST HAS BEEN REVIEWED AND APPROVED BY SYSTEM PROTECTION TO CLOSE N.O. DEVICES"
2149,,6118_B,5,17740651,ONC00537772,5736198,2022-10-01 10:01:00,2022-10-10 14:00:00,,,2022-09-14 10:20:00,2022-09-14 16:21:30.067,,,RatE,PL,22-17720,"REQ: Original Request #22-09702 Will be installing structure 4/2W.(see slide 7) Grounds will be installed Prior to switching, close the 138kV N.O. SW 507 at PAFFORD STREET"
2149,,6118_B,5,17740651,ONC00537772,5758672,2022-10-01 10:01:00,2022-10-10 14:00:00,,,2022-09-14 10:20:00,2022-09-14 16:21:30.067,,,Apprv,PL,22-17720,"REQ: Original Request #22-09702 Will be installing structure 4/2W.(see slide 7) Grounds will be installed Prior to switching, close the 138kV N.O. SW 507 at PAFFORD STREET"
2149,,6118_B,5,17740651,ONC00537772,5777009,2022-10-01 10:01:00,2022-10-10 14:00:00,,,2022-09-14 10:20:00,2022-09-14 16:21:30.067,2022-09-30,Cancel - Materials Unavailable,Cancl,PL,22-17720,"REQ: Original Request #22-09702 Will be installing structure 4/2W.(see slide 7) Grounds will be installed Prior to switching, close the 138kV N.O. SW 507 at PAFFORD STREET"
2149,,6118_B,5,17740652,ONC00537775,5736171,2022-10-10 14:01:00,2022-10-10 17:00:00,,,2022-09-14 10:23:00,2022-09-14 16:21:30.067,,,RatE,PL,22-17721,"REQ: Original request 22-09703 Will be closing temporary gap J-515 (See slide 8) Prior to switching, close the 138kV N.O. SW 516 at Wedgwood and close 138kV N.O. SW 507 at Pafford Street  Study requested from Ops Engineers   NO NOMCRs needed per Matt A.  No Contingency changes needed per engineering.  REQUEST HAS BEEN REVIEWED AND APPROVED BY SYSTEM PROTECTION TO CLOSE N.O. DEVICES"
2149,,6118_B,5,17740652,ONC00537775,5776282,2022-10-10 14:01:00,2022-10-10 17:00:00,,,2022-09-14 10:23:00,2022-09-14 16:21:30.067,,,Apprv,PL,22-17721,"REQ: Original request 22-09703 Will be closing temporary gap J-515 (See slide 8) Prior to switching, close the 138kV N.O. SW 516 at Wedgwood and close 138kV N.O. SW 507 at Pafford Street  Study requested from Ops Engineers   NO NOMCRs needed per Matt A.  No Contingency changes needed per engineering.  REQUEST HAS BEEN REVIEWED AND APPROVED BY SYSTEM PROTECTION TO CLOSE N.O. DEVICES"
2149,,6118_B,5,17740652,ONC00537775,5776970,2022-10-10 14:01:00,2022-10-10 17:00:00,,,2022-09-14 10:23:00,2022-09-14 16:21:30.067,2022-09-30,Cancel - Materials Unavailable,Cancl,PL,22-17721,"REQ: Original request 22-09703 Will be closing temporary gap J-515 (See slide 8) Prior to switching, close the 138kV N.O. SW 516 at Wedgwood and close 138kV N.O. SW 507 at Pafford Street  Study requested from Ops Engineers   NO NOMCRs needed per Matt A.  No Contingency changes needed per engineering.  REQUEST HAS BEEN REVIEWED AND APPROVED BY SYSTEM PROTECTION TO CLOSE N.O. DEVICES"
2149,,6118_B,5,17740770,ONC00537858,5736490,2022-11-28 10:00:00,2022-11-28 13:00:00,,,2022-09-14 11:30:00,2022-09-14 17:21:29.577,,,RatE,PL,22-17730,"REQ: Will open temporary gap J-515 at Wedgewood Tap. This will allow 2 sources for Wedgewood Sub during construction. (See slide 14) Prior to switching, close the 138kV N.O. SW 516 at Wedgwood and 507 at PAFFORD St.  REQUEST HAS BEEN REVIEWED AND APPROVED BY SYSTEM PROTECTION TO CLOSE N.O. DEVICES  No contingency changes or NOMCRs needed."
2149,,6118_B,5,17740770,ONC00537858,5860897,2022-11-28 10:00:00,2022-11-28 13:00:00,,,2022-09-14 11:30:00,2022-09-14 17:21:29.577,,,Apprv,PL,22-17730,"REQ: Will open temporary gap J-515 at Wedgewood Tap. This will allow 2 sources for Wedgewood Sub during construction. (See slide 14) Prior to switching, close the 138kV N.O. SW 516 at Wedgwood and 507 at PAFFORD St.  REQUEST HAS BEEN REVIEWED AND APPROVED BY SYSTEM PROTECTION TO CLOSE N.O. DEVICES  No contingency changes or NOMCRs needed."
2149,,6118_B,5,17740770,ONC00537858,5866683,2022-11-28 10:00:00,2022-11-28 13:00:00,,,2022-09-14 11:30:00,2022-09-14 17:21:29.577,2022-10-27,Cancel - Materials Unavailable,Cancl,PL,22-17730,"REQ: Will open temporary gap J-515 at Wedgewood Tap. This will allow 2 sources for Wedgewood Sub during construction. (See slide 14) Prior to switching, close the 138kV N.O. SW 516 at Wedgwood and 507 at PAFFORD St.  REQUEST HAS BEEN REVIEWED AND APPROVED BY SYSTEM PROTECTION TO CLOSE N.O. DEVICES  No contingency changes or NOMCRs needed."
2149,,6118_B,5,17740860,ONC00537869,5736744,2022-11-28 13:01:00,2022-12-01 13:00:00,,,2022-09-14 12:07:00,2022-09-14 18:21:32.987,,,RatE,PL,22-17731,"SUP: Prior to switching close 138kV SW 21340 at Rosemont
REQ: Will be establishing the line from Rosemont Switch 21341 to structure 4/2W and tapped to the Wedgewood CB 7120 circuit. Rosemont. Will be decommissioning line from structure 4/2W to Pafford Switch 508. See slide 15 Grounds will be installed."
2149,,6118_B,5,17740860,ONC00537869,5736744,2022-11-28 13:01:00,2022-12-01 13:00:00,,,2022-09-14 12:07:00,2022-09-14 18:21:32.987,,,RatE,PL,22-17731,REQ: Will be establishing the line from Rosemont Switch 21341 to structure 4/2W and tapped to the Wedgewood CB 7120 circuit. Rosemont. Will be decommissioning line from structure 4/2W to Pafford Switch 508. See slide 15 Grounds will be installed.
2149,,6118_B,5,17740860,ONC00537869,5866697,2022-11-28 13:01:00,2022-12-01 13:00:00,,,2022-09-14 12:07:00,2022-09-14 18:21:32.987,2022-10-27,Cancel - Materials Unavailable,Cancl,PL,22-17731,"SUP: Prior to switching close 138kV SW 21340 at Rosemont
REQ: Will be establishing the line from Rosemont Switch 21341 to structure 4/2W and tapped to the Wedgewood CB 7120 circuit. Rosemont. Will be decommissioning line from structure 4/2W to Pafford Switch 508. See slide 15 Grounds will be installed."
2149,,6118_B,5,17752288,ONC00539825,5776953,2022-11-06 07:00:00,2022-11-06 10:00:00,,,2022-09-30 07:33:00,2022-09-30 13:21:29.770,,,RatE,PL,22-18656,"REQ: Original Request 22-09701 ; 22-17719 Requests delayed due to Railroad permitting.   Will establish temporary open gap J-515 at Wedgewood Tap. This will allow 2 sources for Wedgewood Sub during construction. (See slide 6) Prior to switching, close the 138kV N.O. SW 516 at Wedgwood and close 138kV N.O. SW 507 at Pafford Street  Study requested from Ops Engineers, no issues found  No NOMCRs needed per Matt A.  No Contingency changes needed per engineering."
2149,,6118_B,5,17752288,ONC00539825,5863080,2022-11-06 07:00:00,2022-11-06 10:00:00,,,2022-09-30 07:33:00,2022-09-30 13:21:29.770,,,Apprv,PL,22-18656,"REQ: Original Request 22-09701 ; 22-17719 Requests delayed due to Railroad permitting.   Will establish temporary open gap J-515 at Wedgewood Tap. This will allow 2 sources for Wedgewood Sub during construction. (See slide 6) Prior to switching, close the 138kV N.O. SW 516 at Wedgwood and close 138kV N.O. SW 507 at Pafford Street  Study requested from Ops Engineers, no issues found  No NOMCRs needed per Matt A.  No Contingency changes needed per engineering."
2149,,6118_B,5,17752288,ONC00539825,5866684,2022-11-06 07:00:00,2022-11-06 10:00:00,,,2022-09-30 07:33:00,2022-09-30 13:21:29.770,2022-10-27,Cancel - Materials Unavailable,Cancl,PL,22-18656,"REQ: Original Request 22-09701 ; 22-17719 Requests delayed due to Railroad permitting.   Will establish temporary open gap J-515 at Wedgewood Tap. This will allow 2 sources for Wedgewood Sub during construction. (See slide 6) Prior to switching, close the 138kV N.O. SW 516 at Wedgwood and close 138kV N.O. SW 507 at Pafford Street  Study requested from Ops Engineers, no issues found  No NOMCRs needed per Matt A.  No Contingency changes needed per engineering."
2149,,6118_B,5,17752292,ONC00539864,5776999,2022-11-16 08:01:00,2022-11-16 11:00:00,,,2022-09-30 07:43:00,2022-09-30 13:21:29.770,,,RatE,PL,22-18658,"REQ: Original request 22-09703 ; 22-17721 Requests delayed due to Railroad permitting  Will be closing temporary gap J-515 (See slide 8) Prior to switching, close the 138kV N.O. SW 516 at Wedgwood and close 138kV N.O. SW 507 at Pafford Street  Study requested from Ops Engineers   NO NOMCRs needed per Matt A.  No Contingency changes needed per engineering.  REQUEST HAS BEEN REVIEWED AND APPROVED BY SYSTEM PROTECTION TO CLOSE N.O. DEVICES"
2149,,6118_B,5,17752292,ONC00539864,5803840,2022-11-16 08:01:00,2022-11-16 11:00:00,,,2022-09-30 07:43:00,2022-09-30 13:21:29.770,,,Apprv,PL,22-18658,"REQ: Original request 22-09703 ; 22-17721 Requests delayed due to Railroad permitting  Will be closing temporary gap J-515 (See slide 8) Prior to switching, close the 138kV N.O. SW 516 at Wedgwood and close 138kV N.O. SW 507 at Pafford Street  Study requested from Ops Engineers   NO NOMCRs needed per Matt A.  No Contingency changes needed per engineering.  REQUEST HAS BEEN REVIEWED AND APPROVED BY SYSTEM PROTECTION TO CLOSE N.O. DEVICES"
2149,,6118_B,5,17752292,ONC00539864,5866733,2022-11-16 08:01:00,2022-11-16 11:00:00,,,2022-09-30 07:43:00,2022-09-30 13:21:29.770,2022-10-27,Cancel - Materials Unavailable,Cancl,PL,22-18658,"REQ: Original request 22-09703 ; 22-17721 Requests delayed due to Railroad permitting  Will be closing temporary gap J-515 (See slide 8) Prior to switching, close the 138kV N.O. SW 516 at Wedgwood and close 138kV N.O. SW 507 at Pafford Street  Study requested from Ops Engineers   NO NOMCRs needed per Matt A.  No Contingency changes needed per engineering.  REQUEST HAS BEEN REVIEWED AND APPROVED BY SYSTEM PROTECTION TO CLOSE N.O. DEVICES"
2149,,6118_B,5,17752317,ONC00539861,5776976,2022-11-06 10:01:00,2022-11-16 08:00:00,,,2022-09-30 07:36:00,2022-09-30 13:21:29.770,,,RatE,PL,22-18657,"REQ: Original Request #22-09702 ; 22-17720 Requests delayed due to Railroad permitting  Will be installing structure 4/2W.(see slide 7) Grounds will be installed Prior to switching, close the 138kV N.O. SW 507 at PAFFORD STREET"
2149,,6118_B,5,17752317,ONC00539861,5863039,2022-11-06 10:01:00,2022-11-16 08:00:00,,,2022-09-30 07:36:00,2022-09-30 13:21:29.770,,,Apprv,PL,22-18657,"REQ: Original Request #22-09702 ; 22-17720 Requests delayed due to Railroad permitting  Will be installing structure 4/2W.(see slide 7) Grounds will be installed Prior to switching, close the 138kV N.O. SW 507 at PAFFORD STREET"
2149,,6118_B,5,17752317,ONC00539861,5867649,2022-11-06 10:01:00,2022-11-16 08:00:00,,,2022-09-30 07:36:00,2022-09-30 13:21:29.770,2022-10-27,Cancel - Materials Unavailable,Cancl,PL,22-18657,"REQ: Original Request #22-09702 ; 22-17720 Requests delayed due to Railroad permitting  Will be installing structure 4/2W.(see slide 7) Grounds will be installed Prior to switching, close the 138kV N.O. SW 507 at PAFFORD STREET"
2149,,6118_B,9,17757297,ONC00540956,5792809,2022-12-01 18:01:00,2023-11-30 18:01:00,,,2022-10-06 13:05:00,2022-10-06 19:21:33.107,,,RatE,PL,45723,
2149,,6118_B,9,17757297,ONC00540956,5871092,2022-12-01 18:01:00,2023-11-30 18:01:00,,,2022-10-06 13:05:00,2022-10-06 19:21:33.107,,,Apprv,PL,45723,
2149,,6118_B,9,17757297,ONC00540956,5896090,2022-12-31 18:01:00,2023-11-30 18:01:00,,,2022-10-06 13:05:00,2022-10-06 19:21:33.107,,,Apprv,PL,45723,
2149,,6118_B,9,17757297,ONC00540956,5999819,2023-01-30 18:01:00,2023-11-30 18:01:00,,,2022-10-06 13:05:00,2022-10-06 19:21:33.107,,,Apprv,PL,45723,
2149,,6118_B,9,17757297,ONC00540956,6063295,2023-02-15 18:01:00,2023-11-30 18:01:00,,,2022-10-06 13:05:00,2022-10-06 19:21:33.107,,,Apprv,PL,45723,
2149,,6118_B,9,17757297,ONC00540956,6098966,2023-03-10 18:01:00,2023-11-30 18:01:00,,,2022-10-06 13:05:00,2022-10-06 19:21:33.107,,,Apprv,PL,45723,
2149,,6118_B,9,17757297,ONC00540956,6154371,2023-04-01 18:01:00,2023-11-30 18:01:00,,,2022-10-06 13:05:00,2022-10-06 19:21:33.107,,,Apprv,PL,45723,
2149,,6118_B,9,17757297,ONC00540956,6197590,2023-05-31 18:01:00,2023-11-30 18:01:00,,,2022-10-06 13:05:00,2022-10-06 19:21:33.107,,,Apprv,PL,45723,
2149,,6118_B,9,17757297,ONC00540956,6356450,2023-06-30 18:01:00,2023-11-30 18:01:00,,,2022-10-06 13:05:00,2022-10-06 19:21:33.107,,,Apprv,PL,45723,
2149,,6118_B,9,17757297,ONC00540956,6416143,2023-09-19 18:01:00,2023-11-30 18:01:00,,,2022-10-06 13:05:00,2022-10-06 19:21:33.107,,,Apprv,PL,45723,
2149,,6118_B,9,17757297,ONC00540956,6565478,2023-10-10 18:01:00,2023-11-30 18:01:00,,,2022-10-06 13:05:00,2022-10-06 19:21:33.107,,,Apprv,PL,45723,
2149,,6118_B,9,17757297,ONC00540956,6631754,2023-10-11 18:01:00,2023-11-30 18:01:00,,,2022-10-06 13:05:00,2022-10-06 19:21:33.107,,,Apprv,PL,45723,
2149,,6118_B,9,17757297,ONC00540956,6633306,2023-10-20 18:01:00,2023-11-30 18:01:00,,,2022-10-06 13:05:00,2022-10-06 19:21:33.107,,,Apprv,PL,45723,
2149,,6118_B,9,17757297,ONC00540956,6656483,2023-10-20 18:01:00,2023-11-30 18:01:00,,,2022-10-06 13:05:00,2022-10-06 19:21:33.107,2023-10-19,Cancel - Reschedule within next season,Cancl,PL,45723,
2149,,6118_B,3,17772479,ONC00543112,5867659,2022-11-07 05:30:00,2022-11-10 16:00:00,,,2022-10-27 12:56:00,2022-10-27 18:21:41.270,,,RatE,PL,22-20382,"REQ: This request updates equipment needed on 22-18657. (Original Requests #22-09702 ; 22-17720) Original Requests delayed due to Railroad permitting  Will be drilling and installing foundation for 4/2W.(see slide 6) Grounds will be installed but removed nightly for emergency line restoration. Structure to be installed at a later date.  Close normally open BT SW 516 @ Wedgewood and Close normally open BT 507 @ Pafford Prior to switching, Close normally open BT SW 516 @ Wedgewood and Close normally open BT 507 @ Pafford"
2149,,6118_B,3,17772479,ONC00543112,5868109,2022-11-07 05:30:00,2022-11-10 16:00:00,,,2022-10-27 12:56:00,2022-10-27 18:21:41.270,,,Apprv,PL,22-20382,"REQ: This request updates equipment needed on 22-18657. (Original Requests #22-09702 ; 22-17720) Original Requests delayed due to Railroad permitting  Will be drilling and installing foundation for 4/2W.(see slide 6) Grounds will be installed but removed nightly for emergency line restoration. Structure to be installed at a later date.  Close normally open BT SW 516 @ Wedgewood and Close normally open BT 507 @ Pafford Prior to switching, Close normally open BT SW 516 @ Wedgewood and Close normally open BT 507 @ Pafford"
2149,,6118_B,3,17772479,ONC00543112,5891282,2022-11-07 05:30:00,2022-11-10 16:00:00,2022-11-07 05:34:00,,2022-10-27 12:56:00,2022-10-27 18:21:41.270,,,Apprv,PL,22-20382,"REQ: This request updates equipment needed on 22-18657. (Original Requests #22-09702 ; 22-17720) Original Requests delayed due to Railroad permitting  Will be drilling and installing foundation for 4/2W.(see slide 6) Grounds will be installed but removed nightly for emergency line restoration. Structure to be installed at a later date.  Close normally open BT SW 516 @ Wedgewood and Close normally open BT 507 @ Pafford Prior to switching, Close normally open BT SW 516 @ Wedgewood and Close normally open BT 507 @ Pafford"
2149,,6118_B,3,17772479,ONC00543112,5902757,2022-11-07 05:30:00,2022-11-10 16:00:00,2022-11-07 05:34:00,2022-11-10 16:07:00,2022-10-27 12:56:00,2022-10-27 18:21:41.270,,,Apprv,PL,22-20382,"REQ: This request updates equipment needed on 22-18657. (Original Requests #22-09702 ; 22-17720) Original Requests delayed due to Railroad permitting  Will be drilling and installing foundation for 4/2W.(see slide 6) Grounds will be installed but removed nightly for emergency line restoration. Structure to be installed at a later date.  Close normally open BT SW 516 @ Wedgewood and Close normally open BT 507 @ Pafford Prior to switching, Close normally open BT SW 516 @ Wedgewood and Close normally open BT 507 @ Pafford"
2149,,6118_B,3,17791448,ONC00547067,5935766,2022-11-30 06:00:00,2022-12-02 18:00:00,,,2022-11-28 17:27:00,2022-11-29 00:21:37.710,,,RatE,M2,22-22162,REQ: Forced Outage due to structure  4/2 delivered and need outage to offload and set on foundation.  Will be setting structure 4/2W. No line configuration change. Close Switch 516 @ Wedgwood and Switch 507 @ Pafford. Original requests 22-17720 and 22-18657 ( updating sequence to reflect changes)
2149,,6118_B,3,17791448,ONC00547067,5935914,2022-11-30 06:00:00,2022-12-02 18:00:00,,,2022-11-28 17:27:00,2022-11-29 00:21:37.710,,,Apprv,M2,22-22162,REQ: Forced Outage due to structure  4/2 delivered and need outage to offload and set on foundation.  Will be setting structure 4/2W. No line configuration change. Close Switch 516 @ Wedgwood and Switch 507 @ Pafford. Original requests 22-17720 and 22-18657 ( updating sequence to reflect changes)
2149,,6118_B,3,17791448,ONC00547067,5939593,2022-11-30 06:00:00,2022-12-02 18:00:00,2022-11-30 05:58:00,,2022-11-28 17:27:00,2022-11-29 00:21:37.710,,,Apprv,M2,22-22162,REQ: Forced Outage due to structure  4/2 delivered and need outage to offload and set on foundation.  Will be setting structure 4/2W. No line configuration change. Close Switch 516 @ Wedgwood and Switch 507 @ Pafford. Original requests 22-17720 and 22-18657 ( updating sequence to reflect changes)
2149,,6118_B,3,17791448,ONC00547067,5947199,2022-11-30 06:00:00,2022-12-02 18:00:00,2022-11-30 05:58:00,2022-12-02 14:37:00,2022-11-28 17:27:00,2022-11-29 00:21:37.710,,,Apprv,M2,22-22162,"SUP: .
REQ: Forced Outage due to structure  4/2 delivered and need outage to offload and set on foundation.  Will be setting structure 4/2W. No line configuration change. Close Switch 516 @ Wedgwood and Switch 507 @ Pafford. Original requests 22-17720 and 22-18657 ( updating sequence to reflect changes)"
2149,,6118_B,3,17791619,ONC00547090,5936359,2022-12-03 06:00:00,2022-12-05 18:00:00,,,2022-11-29 07:20:00,2022-11-29 14:21:34.983,,,RatE,PL,22-22163,"REQ: Will be setting Structure 4/2E.  No line configuration change. Close Switch 516 @ Wedgwood and Switch 507 @ Pafford. Original requests 22-17723 & 22-18660 Prior to switching, close the 138kV N.O. SW 516 at Wedgwood and 138kV N.O. SW 507 at Pafford Street"
2149,,6118_B,3,17791619,ONC00547090,5937214,2022-12-03 06:00:00,2022-12-05 18:00:00,,,2022-11-29 07:20:00,2022-11-29 14:21:34.983,,,Apprv,PL,22-22163,"REQ: Will be setting Structure 4/2E.  No line configuration change. Close Switch 516 @ Wedgwood and Switch 507 @ Pafford. Original requests 22-17723 & 22-18660 Prior to switching, close the 138kV N.O. SW 516 at Wedgwood and 138kV N.O. SW 507 at Pafford Street"
2149,,6118_B,3,17791619,ONC00547090,5949586,2022-12-03 06:00:00,2022-12-05 18:00:00,,,2022-11-29 07:20:00,2022-11-29 14:21:34.983,2022-12-03,Cancel - Materials Unavailable,Cancl,PL,22-22163,"SUP: ..
REQ: Will be setting Structure 4/2E.  No line configuration change. Close Switch 516 @ Wedgwood and Switch 507 @ Pafford. Original requests 22-17723 & 22-18660 Prior to switching, close the 138kV N.O. SW 516 at Wedgwood and 138kV N.O. SW 507 at Pafford Street"
2149,,6118_B,3,17813846,ONC00551110,6004660,2023-01-17 05:00:00,2023-01-20 13:00:00,,,2023-01-03 10:28:00,2023-01-03 17:21:34.273,,,RatE,PL,23-02137,"REQ: Will be Installing Structure 4/2 W. Close BT 507 @ Pafford and 516 @ Wedgwood.  This request is a reschedule of 22-22163.  No line configuration change.  See Step 4 Prior to switching, close the 138kV N.O. SW 507 at Pafford Street and close 138kV N.O. SW 516 at Wedgwood.  REQUEST UNDER REVIEW BY SYSTEM PROTECTION AND TGO SUPPORT FOR N.O. DEVICE"
2149,,6118_B,3,17813846,ONC00551110,6018567,2023-01-17 05:00:00,2023-01-20 13:00:00,,,2023-01-03 10:28:00,2023-01-03 17:21:34.273,,,Apprv,PL,23-02137,"REQ: Will be Installing Structure 4/2 W. Close BT 507 @ Pafford and 516 @ Wedgwood.  This request is a reschedule of 22-22163.  No line configuration change.  See Step 4 Prior to switching, close the 138kV N.O. SW 507 at Pafford Street and close 138kV N.O. SW 516 at Wedgwood.  REQUEST UNDER REVIEW BY SYSTEM PROTECTION AND TGO SUPPORT FOR N.O. DEVICE"
2149,,6118_B,3,17813846,ONC00551110,6032459,2023-01-17 05:00:00,2023-01-20 13:00:00,2023-01-17 04:57:00,,2023-01-03 10:28:00,2023-01-03 17:21:34.273,,,Apprv,PL,23-02137,"REQ: Will be Installing Structure 4/2 W. Close BT 507 @ Pafford and 516 @ Wedgwood.  This request is a reschedule of 22-22163.  No line configuration change.  See Step 4 Prior to switching, close the 138kV N.O. SW 507 at Pafford Street and close 138kV N.O. SW 516 at Wedgwood.  REQUEST UNDER REVIEW BY SYSTEM PROTECTION AND TGO SUPPORT FOR N.O. DEVICE"
2149,,6118_B,3,17813846,ONC00551110,6042865,2023-01-17 05:00:00,2023-01-20 13:00:00,2023-01-17 04:57:00,2023-01-20 13:12:00,2023-01-03 10:28:00,2023-01-03 17:21:34.273,,,Apprv,PL,23-02137,"REQ: Will be Installing Structure 4/2 W. Close BT 507 @ Pafford and 516 @ Wedgwood.  This request is a reschedule of 22-22163.  No line configuration change.  See Step 4 Prior to switching, close the 138kV N.O. SW 507 at Pafford Street and close 138kV N.O. SW 516 at Wedgwood.  REQUEST UNDER REVIEW BY SYSTEM PROTECTION AND TGO SUPPORT FOR N.O. DEVICE"
2149,,6118_B,9,18016735,ONC00586471,6656507,2023-12-15 18:01:00,2024-11-30 18:01:00,,,2023-10-19 10:04:00,2023-10-19 16:21:40.580,,,RatE,PL,45723,
2149,,6118_B,9,18016735,ONC00586471,6716390,2023-12-22 18:01:00,2024-11-30 18:01:00,,,2023-10-19 10:04:00,2023-10-19 16:21:40.580,,,RatE,PL,45723,
2149,,6118_B,9,18016735,ONC00586471,6725822,2023-12-22 18:01:00,2024-11-30 18:01:00,,,2023-10-19 10:04:00,2023-10-19 16:21:40.580,,,Apprv,PL,45723,
2149,,6118_B,9,18016735,ONC00586471,6797267,2023-12-30 18:01:00,2024-11-30 18:01:00,,,2023-10-19 10:04:00,2023-10-19 16:21:40.580,,,Apprv,PL,45723,
2149,,6118_B,9,18016735,ONC00586471,6810875,2024-02-16 18:01:00,2024-11-30 18:01:00,,,2023-10-19 10:04:00,2023-10-19 16:21:40.580,,,Apprv,PL,45723,
2149,,6118_B,9,18016735,ONC00586471,6925704,2024-02-16 18:01:00,2024-11-30 18:01:00,2024-02-16 18:01:00,,2023-10-19 10:04:00,2023-10-19 16:21:40.580,,,Apprv,PL,45723,
2149,,6118_B,9,18016735,ONC00586471,7616710,2024-02-16 18:01:00,2024-11-30 18:01:00,2024-02-16 18:01:00,2024-11-30 18:01:00,2023-10-19 10:04:00,2023-10-19 16:21:40.580,,,Apprv,PL,45723,REQ: Sat Nov 30 18:01:27 CST 2024: Actual End has been auto-populated by OS due to Nature Of Work = Retirement of Old Equipment
2149,,6118_B,3,18062226,ONC00594864,6811582,2024-02-13 07:00:00,2024-02-16 14:00:00,,,2023-12-27 08:29:00,2023-12-27 15:21:44.117,,,RatE,PL,24-00945,"REQ: Will be removing/de-commissioning line sections from Structure 4/2W to Pafford SW 508 and Structure 4/2E to Pafford SW 506. We will install and Commission line section from 4/2W to Rosemont SW 21341. Pafford is de-energized and will not go back in service.  See slide 14 & 15. This outage had been delayed by distribution. Original req #22-17731   We will be installing grounds Prior to switching, close the 138kV N.O. SW 516 at Wedgewood. RTG Flagged. Approval pending"
2149,,6118_B,3,18062226,ONC00594864,6835946,2024-02-13 07:00:00,2024-02-16 14:00:00,,,2023-12-27 08:29:00,2023-12-27 15:21:44.117,,,Apprv,PL,24-00945,"REQ: Will be removing/de-commissioning line sections from Structure 4/2W to Pafford SW 508 and Structure 4/2E to Pafford SW 506. We will install and Commission line section from 4/2W to Rosemont SW 21341. Pafford is de-energized and will not go back in service.  See slide 14 & 15. This outage had been delayed by distribution. Original req #22-17731   We will be installing grounds Prior to switching, close the 138kV N.O. SW 516 at Wedgewood. RTG Flagged. Approval pending"
2149,,6118_B,3,18062226,ONC00594864,6911973,2024-02-13 07:00:00,2024-02-16 14:00:00,,,2023-12-27 08:29:00,2023-12-27 15:21:44.117,2024-02-11,Cancel - Materials Unavailable,Cancl,PL,24-00945,"REQ: Will be removing/de-commissioning line sections from Structure 4/2W to Pafford SW 508 and Structure 4/2E to Pafford SW 506. We will install and Commission line section from 4/2W to Rosemont SW 21341. Pafford is de-energized and will not go back in service.  See slide 14 & 15. This outage had been delayed by distribution. Original req #22-17731   We will be installing grounds Prior to switching, close the 138kV N.O. SW 516 at Wedgewood. RTG Flagged. Approval pending"
2149,,6118_B,5,18531590,ONC00692249,8303172,2025-10-03 12:01:00,2025-10-06 14:00:00,,,2025-09-04 13:59:00,2025-09-04 19:21:06.833,,,RatE,PL,25-20403,"REQ: Construction - Will be removing/decommissioning line section from structure 4/2 W to Pafford Sw508 and installing new conductor from 4/2 W to Rosemont Sw 21341.  Original Request 24-00945  This will give Rosemont the second source with new line configuration.  See slides 14 - 16 Prior to switching, close the 138kV N.O. SW 516 at Wedgewood. RTG Flagged. Matt A. approved, flag removed in iTOA.  No contingency changes required"
2149,,6118_B,5,18531590,ONC00692249,8364248,2025-10-03 12:01:00,2025-10-06 14:00:00,,,2025-09-04 13:59:00,2025-09-04 19:21:06.833,,,Apprv,PL,25-20403,"REQ: Construction - Will be removing/decommissioning line section from structure 4/2 W to Pafford Sw508 and installing new conductor from 4/2 W to Rosemont Sw 21341.  Original Request 24-00945  This will give Rosemont the second source with new line configuration.  See slides 14 - 16 Prior to switching, close the 138kV N.O. SW 516 at Wedgewood. RTG Flagged. Matt A. approved, flag removed in iTOA.  No contingency changes required"
2149,,6118_B,5,18531590,ONC00692249,8390544,2025-10-03 12:01:00,2025-10-06 14:00:00,2025-10-03 12:16:00,,2025-09-04 13:59:00,2025-09-04 19:21:06.833,,,Apprv,PL,25-20403,"REQ: Construction - Will be removing/decommissioning line section from structure 4/2 W to Pafford Sw508 and installing new conductor from 4/2 W to Rosemont Sw 21341.  Original Request 24-00945  This will give Rosemont the second source with new line configuration.  See slides 14 - 16 Prior to switching, close the 138kV N.O. SW 516 at Wedgewood. RTG Flagged. Matt A. approved, flag removed in iTOA.  No contingency changes required"
2149,,6118_B,5,18531590,ONC00692249,8395599,2025-10-03 12:01:00,2025-10-06 14:00:00,2025-10-03 12:16:00,2025-10-06 12:55:00,2025-09-04 13:59:00,2025-09-04 19:21:06.833,,,Apprv,PL,25-20403,"REQ: Construction - Will be removing/decommissioning line section from structure 4/2 W to Pafford Sw508 and installing new conductor from 4/2 W to Rosemont Sw 21341.  Original Request 24-00945  This will give Rosemont the second source with new line configuration.  See slides 14 - 16 Prior to switching, close the 138kV N.O. SW 516 at Wedgewood. RTG Flagged. Matt A. approved, flag removed in iTOA.  No contingency changes required"
2149,,6118_B,9,18543238,ONC00695441,8354683,2025-10-06 14:01:00,2026-10-02 18:00:00,,,2025-09-23 08:38:00,2025-09-23 14:20:41.753,,,RatE,PL,45364,
2149,,6118_B,9,18543238,ONC00695441,8371178,2025-10-06 14:01:00,2026-10-02 18:00:00,,,2025-09-23 08:38:00,2025-09-23 14:20:41.753,,,Apprv,PL,45364,
2149,,6118_B,9,18543238,ONC00695441,8395882,2025-10-06 14:01:00,2026-10-02 18:00:00,2025-10-06 14:01:00,,2025-09-23 08:38:00,2025-09-23 14:20:41.753,,,Apprv,PL,45364,
2157,60001904.0,6123_B,5,15625536,ONC00259232,1085538,2016-09-06 05:00:00,2016-09-07 14:00:00,2016-09-06 05:16:00,,2016-07-21 14:24:00,2019-02-27 15:51:00.000,,,Apprv,PL,16-09736,
2157,60001904.0,6123_B,5,15625536,ONC00259232,1329967,2016-09-06 05:00:00,2016-09-07 14:00:00,,,2016-07-21 14:24:00,2019-02-27 15:51:00.000,,,RatE,PL,16-09736,
2157,60001904.0,6123_B,5,15625536,ONC00259232,1352457,2016-09-06 05:00:00,2016-09-07 14:00:00,,,2016-07-21 14:24:00,2019-02-27 15:51:00.000,,,Apprv,PL,16-09736,
2157,60001904.0,6123_B,5,15625536,ONC00259232,1413972,2016-09-06 05:00:00,2016-09-07 14:00:00,2016-09-06 05:16:00,2016-09-07 12:12:00,2016-07-21 14:24:00,2019-02-27 15:51:00.000,,,Apprv,PL,16-09736,
2157,60001904.0,6123_B,16,17080719,ONC00461251,4485078,2021-04-01 05:00:00,2021-04-01 18:00:00,,,2021-03-23 09:04:00,2021-03-23 15:21:05.657,,,RatE,PL,21-07677,
2157,60001904.0,6123_B,16,17080719,ONC00461251,4496140,2021-04-01 05:00:00,2021-04-01 18:00:00,,,2021-03-23 09:04:00,2021-03-23 15:21:05.657,,,Apprv,PL,21-07677,
2157,60001904.0,6123_B,16,17080719,ONC00461251,4508175,2021-04-01 06:00:00,2021-04-01 18:00:00,,,2021-03-23 09:04:00,2021-03-23 15:21:05.657,,,Apprv,PL,21-07677,
2157,60001904.0,6123_B,16,17080719,ONC00461251,4508199,2021-04-01 07:00:00,2021-04-01 18:00:00,,,2021-03-23 09:04:00,2021-03-23 15:21:05.657,,,Apprv,PL,21-07677,
2157,60001904.0,6123_B,16,17080719,ONC00461251,4508555,2021-04-01 07:00:00,2021-04-01 18:00:00,,,2021-03-23 09:04:00,2021-03-23 15:21:05.657,2021-04-01,Cancel - Reschedule date unknown,Cancl,PL,21-07677,
2157,60001904.0,6123_B,10,17107965,ONC00464468,4527042,2021-04-15 05:00:00,2021-04-15 18:00:00,,,2021-04-09 07:51:00,2021-04-09 13:21:18.320,,,RatE,PL,21-09192,
2157,60001904.0,6123_B,10,17107965,ONC00464468,4528507,2021-04-15 05:00:00,2021-04-15 18:00:00,,,2021-04-09 07:51:00,2021-04-09 13:21:18.320,,,Apprv,PL,21-09192,
2157,60001904.0,6123_B,10,17107965,ONC00464468,4540109,2021-04-15 05:00:00,2021-04-15 18:00:00,2021-04-15 04:57:00,,2021-04-09 07:51:00,2021-04-09 13:21:18.320,,,Apprv,PL,21-09192,
2157,60001904.0,6123_B,10,17107965,ONC00464468,4543241,2021-04-15 05:00:00,2021-04-15 18:00:00,2021-04-15 04:57:00,2021-04-15 17:53:00,2021-04-09 07:51:00,2021-04-09 13:21:18.320,,,Apprv,PL,21-09192,
2157,60001904.0,6123_B,16,17117445,ONC00465436,4541931,2021-04-22 05:00:00,2021-04-22 20:00:00,,,2021-04-15 13:02:00,2021-04-15 19:21:10.667,,,RatE,PL,21-09580,
2157,60001904.0,6123_B,16,17117445,ONC00465436,4548054,2021-04-22 05:00:00,2021-04-22 20:00:00,,,2021-04-15 13:02:00,2021-04-15 19:21:10.667,,,Apprv,PL,21-09580,
2157,60001904.0,6123_B,16,17117445,ONC00465436,4557958,2021-04-22 05:00:00,2021-04-22 20:00:00,2021-04-22 05:22:00,,2021-04-15 13:02:00,2021-04-15 19:21:10.667,,,Apprv,PL,21-09580,
2157,60001904.0,6123_B,16,17117445,ONC00465436,4560008,2021-04-22 05:00:00,2021-04-22 20:00:00,2021-04-22 05:22:00,2021-04-22 15:54:00,2021-04-15 13:02:00,2021-04-15 19:21:10.667,,,Apprv,PL,21-09580,
2157,60001904.0,6123_B,14,17456157,ONC00499396,5064984,2021-11-30 07:00:00,2021-11-30 18:00:00,,,2021-11-16 08:47:00,2021-11-16 15:21:32.197,,,RatE,PL,21-24817,"REQ: Line Maint., replace/repair conductor District crew to install helical patch-rod to gunshot conductor on structure 1/8. Close NO Switch 516 at Wedgewood and NO Switch 507 at Pafford Street. Prior to switching, close the 138kV N.O. SW 516 at Wedgwood and close 138kV N.O. SW 507 at Pafford Street  REQUEST UNDER REVIEW BY SYSTEM PROTECTION TO CLOSE N.O. DEVICE"
2157,60001904.0,6123_B,14,17456157,ONC00499396,5067601,2021-11-30 07:00:00,2021-11-30 18:00:00,,,2021-11-16 08:47:00,2021-11-16 15:21:32.197,,,Apprv,PL,21-24817,"REQ: Line Maint., replace/repair conductor District crew to install helical patch-rod to gunshot conductor on structure 1/8. Close NO Switch 516 at Wedgewood and NO Switch 507 at Pafford Street. Prior to switching, close the 138kV N.O. SW 516 at Wedgwood and close 138kV N.O. SW 507 at Pafford Street  REQUEST UNDER REVIEW BY SYSTEM PROTECTION TO CLOSE N.O. DEVICE"
2157,60001904.0,6123_B,14,17456157,ONC00499396,5090559,2021-11-30 07:00:00,2021-11-30 18:00:00,2021-11-30 07:02:00,,2021-11-16 08:47:00,2021-11-16 15:21:32.197,,,Apprv,PL,21-24817,"REQ: Line Maint., replace/repair conductor District crew to install helical patch-rod to gunshot conductor on structure 1/8. Close NO Switch 516 at Wedgewood and NO Switch 507 at Pafford Street. Prior to switching, close the 138kV N.O. SW 516 at Wedgwood and close 138kV N.O. SW 507 at Pafford Street  REQUEST UNDER REVIEW BY SYSTEM PROTECTION TO CLOSE N.O. DEVICE"
2157,60001904.0,6123_B,14,17456157,ONC00499396,5092436,2021-11-30 07:00:00,2021-11-30 18:00:00,2021-11-30 07:02:00,2021-11-30 14:30:00,2021-11-16 08:47:00,2021-11-16 15:21:32.197,,,Apprv,PL,21-24817,"REQ: Line Maint., replace/repair conductor District crew to install helical patch-rod to gunshot conductor on structure 1/8. Close NO Switch 516 at Wedgewood and NO Switch 507 at Pafford Street. Prior to switching, close the 138kV N.O. SW 516 at Wedgwood and close 138kV N.O. SW 507 at Pafford Street  REQUEST UNDER REVIEW BY SYSTEM PROTECTION TO CLOSE N.O. DEVICE"
2157,60001904.0,6123_B,5,17655975,ONC00519871,5468820,2022-09-24 07:00:00,2022-09-24 10:00:00,,,2022-05-09 13:18:00,2022-05-09 19:21:34.033,,,RatE,PL,22-09704,"REQ: Will be creating open gap J-517.  Needed to maintain 2 sources at Wedgewood sub during construction. (See slide 9) Prior to switching, close the 138kV N.O. SW 507 at PAFFORD STREET and close 138kV N.O. SW 516 at Wedgwood.  REQUEST UNDER REVIEW BY SYSTEM PROTECTION AND TGO SUPPORT FOR N.O. DEVICE"
2157,60001904.0,6123_B,5,17655975,ONC00519871,5571849,2022-09-24 07:00:00,2022-09-24 10:00:00,,,2022-05-09 13:18:00,2022-05-09 19:21:34.033,,,Apprv,PL,22-09704,"REQ: Will be creating open gap J-517.  Needed to maintain 2 sources at Wedgewood sub during construction. (See slide 9) Prior to switching, close the 138kV N.O. SW 507 at PAFFORD STREET and close 138kV N.O. SW 516 at Wedgwood.  REQUEST UNDER REVIEW BY SYSTEM PROTECTION AND TGO SUPPORT FOR N.O. DEVICE"
2157,60001904.0,6123_B,5,17655975,ONC00519871,5735457,2022-09-24 07:00:00,2022-09-24 10:00:00,,,2022-05-09 13:18:00,2022-05-09 19:21:34.033,2022-09-14,Cancel - Materials Unavailable,Cancl,PL,22-09704,"REQ: Will be creating open gap J-517.  Needed to maintain 2 sources at Wedgewood sub during construction. (See slide 9) Prior to switching, close the 138kV N.O. SW 507 at PAFFORD STREET and close 138kV N.O. SW 516 at Wedgwood.  REQUEST UNDER REVIEW BY SYSTEM PROTECTION AND TGO SUPPORT FOR N.O. DEVICE"
2157,60001904.0,6123_B,5,17656036,ONC00519906,5468954,2022-09-24 10:01:00,2022-10-01 14:00:00,,,2022-05-09 14:03:00,2022-05-09 20:23:52.837,,,RatE,PL,22-09705,"REQ: Will be installing structure 4/2E and new line section to the new Rosemont Substation.  Will be decommissioning line section to Pafford Sw. 506 unless it is needed for reliability.  (see slide 10)  NOTE: PAFFORD WILL BE ON A RADIAL FEED UNTIL ALL DISTRIBUTION CIRCUITS MOVED TO ROSEMONT. Personnel Grounds will be installed  Note * 138kV N.O. SW 507 at PAFFORD STREET and 138kV N.O. SW 516 at Wedgwood should be closed under REQ 22-09704  J517 NOMCR pending, no upload date to ERCOT OS yet."
2157,60001904.0,6123_B,5,17656036,ONC00519906,5593750,2022-09-24 10:01:00,2022-10-01 14:00:00,,,2022-05-09 14:03:00,2022-05-09 20:23:52.837,,,Apprv,PL,22-09705,"REQ: Will be installing structure 4/2E and new line section to the new Rosemont Substation.  Will be decommissioning line section to Pafford Sw. 506 unless it is needed for reliability.  (see slide 10)  NOTE: PAFFORD WILL BE ON A RADIAL FEED UNTIL ALL DISTRIBUTION CIRCUITS MOVED TO ROSEMONT. Personnel Grounds will be installed  Note * 138kV N.O. SW 507 at PAFFORD STREET and 138kV N.O. SW 516 at Wedgwood should be closed under REQ 22-09704  J517 NOMCR pending, no upload date to ERCOT OS yet."
2157,60001904.0,6123_B,5,17656036,ONC00519906,5735446,2022-09-24 10:01:00,2022-10-01 14:00:00,,,2022-05-09 14:03:00,2022-05-09 20:23:52.837,2022-09-14,Cancel - Materials Unavailable,Cancl,PL,22-09705,"REQ: Will be installing structure 4/2E and new line section to the new Rosemont Substation.  Will be decommissioning line section to Pafford Sw. 506 unless it is needed for reliability.  (see slide 10)  NOTE: PAFFORD WILL BE ON A RADIAL FEED UNTIL ALL DISTRIBUTION CIRCUITS MOVED TO ROSEMONT. Personnel Grounds will be installed  Note * 138kV N.O. SW 507 at PAFFORD STREET and 138kV N.O. SW 516 at Wedgwood should be closed under REQ 22-09704  J517 NOMCR pending, no upload date to ERCOT OS yet."
2157,60001904.0,6123_B,5,17740632,ONC00537785,5736172,2022-10-11 07:00:00,2022-11-11 10:00:00,,,2022-09-14 10:26:00,2022-09-14 16:21:30.067,,,RatE,PL,22-17722,"REQ: Original request 22-09704 Will be creating open gap J-517. Needed to maintain 2 sources at Wedgewood sub during construction. (See slide 9) Prior to switching, close the 138kV N.O. SW 507 at PAFFORD STREET and close 138kV N.O. SW 516 at Wedgwood.  No contingency changes needed per engineering.  REQUEST HAS BEEN REVIEWED AND APPROVED BY SYSTEM PROTECTION TO CLOSE N.O. DEVICES"
2157,60001904.0,6123_B,5,17740632,ONC00537785,5736520,2022-10-11 07:00:00,2022-10-11 10:00:00,,,2022-09-14 10:26:00,2022-09-14 16:21:30.067,,,RatE,PL,22-17722,"REQ: Original request 22-09704 Will be creating open gap J-517. Needed to maintain 2 sources at Wedgewood sub during construction. (See slide 9) Prior to switching, close the 138kV N.O. SW 507 at PAFFORD STREET and close 138kV N.O. SW 516 at Wedgwood.  No contingency changes needed per engineering.  REQUEST HAS BEEN REVIEWED AND APPROVED BY SYSTEM PROTECTION TO CLOSE N.O. DEVICES"
2157,60001904.0,6123_B,5,17740632,ONC00537785,5776973,2022-10-11 07:00:00,2022-10-11 10:00:00,,,2022-09-14 10:26:00,2022-09-14 16:21:30.067,2022-09-30,Cancel - Materials Unavailable,Cancl,PL,22-17722,"REQ: Original request 22-09704 Will be creating open gap J-517. Needed to maintain 2 sources at Wedgewood sub during construction. (See slide 9) Prior to switching, close the 138kV N.O. SW 507 at PAFFORD STREET and close 138kV N.O. SW 516 at Wedgwood.  No contingency changes needed per engineering.  REQUEST HAS BEEN REVIEWED AND APPROVED BY SYSTEM PROTECTION TO CLOSE N.O. DEVICES"
2157,60001904.0,6123_B,5,17740797,ONC00537846,5736529,2022-10-11 10:01:00,2022-10-21 18:00:00,,,2022-09-14 11:09:00,2022-09-14 17:21:29.577,,,RatE,PL,22-17723,"REQ: Original Request 22-09705 Will be installing structure 4/2E and new line section to the new Rosemont Substation. Will be decommissioning line section to Pafford Sw. 506 unless it is needed for reliability. (see slide 10)  NOTE: PAFFORD WILL BE ON A RADIAL FEED UNTIL ALL DISTRIBUTION CIRCUITS MOVED TO ROSEMONT. Personnel Grounds will be installed Note * 138kV N.O. SW 507 at PAFFORD STREET and 138kV N.O. SW 516 at Wedgwood should be closed under REQ 22-17722  Pending NOMCR for J517 at WDGWD, no upload date in PETE"
2157,60001904.0,6123_B,5,17740797,ONC00537846,5776998,2022-10-11 10:01:00,2022-10-21 18:00:00,,,2022-09-14 11:09:00,2022-09-14 17:21:29.577,2022-09-30,Cancel - Materials Unavailable,Cancl,PL,22-17723,"REQ: Original Request 22-09705 Will be installing structure 4/2E and new line section to the new Rosemont Substation. Will be decommissioning line section to Pafford Sw. 506 unless it is needed for reliability. (see slide 10)  NOTE: PAFFORD WILL BE ON A RADIAL FEED UNTIL ALL DISTRIBUTION CIRCUITS MOVED TO ROSEMONT. Personnel Grounds will be installed Note * 138kV N.O. SW 507 at PAFFORD STREET and 138kV N.O. SW 516 at Wedgwood should be closed under REQ 22-17722  Pending NOMCR for J517 at WDGWD, no upload date in PETE"
2157,60001904.0,6123_B,9,17741659,ONC00538051,5739868,2022-10-21 18:01:00,2023-10-01 18:00:00,,,2022-09-15 12:49:00,2022-09-15 18:21:28.280,,,RatE,PL,73961_1,
2157,60001904.0,6123_B,9,17741659,ONC00538051,5776942,2022-11-26 17:01:00,2023-10-01 18:00:00,,,2022-09-15 12:49:00,2022-09-15 18:21:28.280,,,RatE,PL,,
2157,60001904.0,6123_B,9,17741659,ONC00538051,5819484,2022-11-26 17:01:00,2023-10-01 18:00:00,,,2022-09-15 12:49:00,2022-09-15 18:21:28.280,,,Apprv,PL,,
2157,60001904.0,6123_B,9,17741659,ONC00538051,5932335,2022-11-29 17:01:00,2023-10-01 18:00:00,,,2022-09-15 12:49:00,2022-09-15 18:21:28.280,,,Apprv,PL,,
2157,60001904.0,6123_B,9,17741659,ONC00538051,5935774,2022-12-02 18:01:00,2023-10-01 18:00:00,,,2022-09-15 12:49:00,2022-09-15 18:21:28.280,,,Apprv,PL,,REQ: Delayed start for construction in progress.
2157,60001904.0,6123_B,9,17741659,ONC00538051,5937202,2022-12-05 18:01:00,2023-10-01 18:00:00,,,2022-09-15 12:49:00,2022-09-15 18:21:28.280,,,Apprv,PL,,REQ: Delayed start for construction in progress.
2157,60001904.0,6123_B,9,17741659,ONC00538051,5953382,2022-12-05 18:01:00,2023-10-01 18:00:00,2022-12-05 18:01:00,,2022-09-15 12:49:00,2022-09-15 18:21:28.280,,,Apprv,PL,,REQ: Delayed start for construction in progress.
2157,60001904.0,6123_B,9,17741659,ONC00538051,6017297,2022-12-05 18:01:00,2023-01-09 12:45:00,2022-12-05 18:01:00,2023-01-09 12:45:00,2022-09-15 12:49:00,2022-09-15 18:21:28.280,,,Apprv,PL,,"REQ: Mon Jan 09 13:44:55 CST 2023: Actual End has been auto-populated by OS due to Nature Of Work = Retirement of Old Equipment
REQ: Delayed start for construction in progress."
2157,60001904.0,6123_B,5,17752293,ONC00539873,5776956,2022-11-16 11:01:00,2022-11-16 14:00:00,,,2022-09-30 07:53:00,2022-09-30 13:21:29.770,,,RatE,PL,22-18659,"REQ: Original request 22-09704 ; 22-17722 Requests delayed due to Railroad permitting  Will be creating open gap J-517. Needed to maintain 2 sources at Wedgewood sub during construction. (See slide 9) Prior to switching, close the 138kV N.O. SW 507 at PAFFORD STREET and close 138kV N.O. SW 516 at Wedgwood.  No contingency changes needed per engineering.  REQUEST HAS BEEN REVIEWED AND APPROVED BY SYSTEM PROTECTION TO CLOSE N.O. DEVICES"
2157,60001904.0,6123_B,5,17752293,ONC00539873,5804023,2022-11-16 11:01:00,2022-11-16 14:00:00,,,2022-09-30 07:53:00,2022-09-30 13:21:29.770,,,Apprv,PL,22-18659,"REQ: Original request 22-09704 ; 22-17722 Requests delayed due to Railroad permitting  Will be creating open gap J-517. Needed to maintain 2 sources at Wedgewood sub during construction. (See slide 9) Prior to switching, close the 138kV N.O. SW 507 at PAFFORD STREET and close 138kV N.O. SW 516 at Wedgwood.  No contingency changes needed per engineering.  REQUEST HAS BEEN REVIEWED AND APPROVED BY SYSTEM PROTECTION TO CLOSE N.O. DEVICES"
2157,60001904.0,6123_B,5,17752293,ONC00539873,5866709,2022-11-16 11:01:00,2022-11-16 14:00:00,,,2022-09-30 07:53:00,2022-09-30 13:21:29.770,2022-10-27,Cancel - Materials Unavailable,Cancl,PL,22-18659,"REQ: Original request 22-09704 ; 22-17722 Requests delayed due to Railroad permitting  Will be creating open gap J-517. Needed to maintain 2 sources at Wedgewood sub during construction. (See slide 9) Prior to switching, close the 138kV N.O. SW 507 at PAFFORD STREET and close 138kV N.O. SW 516 at Wedgwood.  No contingency changes needed per engineering.  REQUEST HAS BEEN REVIEWED AND APPROVED BY SYSTEM PROTECTION TO CLOSE N.O. DEVICES"
2157,60001904.0,6123_B,5,17752350,ONC00539875,5777174,2022-11-26 14:01:00,2022-11-26 17:00:00,,,2022-09-30 08:05:00,2022-09-30 14:21:28.780,,,RatE,PL,22-18661,REQ: Original Request 22-17724 Close and decommission Open Gap J-517. Grounds will be installed. (see slide 11) Prior to switching close 138kV N.O. SW 516 at Wedgwood and close 138kV N.O. SW 507 at Pafford  REQUEST HAS BEEN REVIEWED AND APPROVED BY SYSTEM PROTECTION TO CLOSE N.O. DEVICES
2157,60001904.0,6123_B,5,17752350,ONC00539875,5819066,2022-11-26 14:01:00,2022-11-26 17:00:00,,,2022-09-30 08:05:00,2022-09-30 14:21:28.780,,,Apprv,PL,22-18661,REQ: Original Request 22-17724 Close and decommission Open Gap J-517. Grounds will be installed. (see slide 11) Prior to switching close 138kV N.O. SW 516 at Wedgwood and close 138kV N.O. SW 507 at Pafford  REQUEST HAS BEEN REVIEWED AND APPROVED BY SYSTEM PROTECTION TO CLOSE N.O. DEVICES
2157,60001904.0,6123_B,5,17752350,ONC00539875,5866738,2022-11-26 14:01:00,2022-11-26 17:00:00,,,2022-09-30 08:05:00,2022-09-30 14:21:28.780,2022-10-27,Cancel - Materials Unavailable,Cancl,PL,22-18661,REQ: Original Request 22-17724 Close and decommission Open Gap J-517. Grounds will be installed. (see slide 11) Prior to switching close 138kV N.O. SW 516 at Wedgwood and close 138kV N.O. SW 507 at Pafford  REQUEST HAS BEEN REVIEWED AND APPROVED BY SYSTEM PROTECTION TO CLOSE N.O. DEVICES
2157,60001904.0,6123_B,5,17752363,ONC00539885,5777165,2022-11-16 14:01:00,2022-11-26 14:00:00,,,2022-09-30 08:03:00,2022-09-30 14:21:28.780,,,RatE,PL,22-18660,REQ: Original Request 22-09705 ; 22-17723 Requests delayed due to Railroad permitting   Will be installing structure 4/2E and new line section to the new Rosemont Substation. Will be decommissioning line section to Pafford Sw. 506 unless it is needed for reliability. (see slide 10)  NOTE: PAFFORD WILL BE ON A RADIAL FEED UNTIL ALL DISTRIBUTION CIRCUITS MOVED TO ROSEMONT. Personnel Grounds will be installed Note * 138kV N.O. SW 507 at PAFFORD STREET and 138kV N.O. SW 516 at Wedgwood should be closed under REQ 22-18659
2157,60001904.0,6123_B,5,17752363,ONC00539885,5808395,2022-11-16 14:01:00,2022-11-26 14:00:00,,,2022-09-30 08:03:00,2022-09-30 14:21:28.780,,,Apprv,PL,22-18660,REQ: Original Request 22-09705 ; 22-17723 Requests delayed due to Railroad permitting   Will be installing structure 4/2E and new line section to the new Rosemont Substation. Will be decommissioning line section to Pafford Sw. 506 unless it is needed for reliability. (see slide 10)  NOTE: PAFFORD WILL BE ON A RADIAL FEED UNTIL ALL DISTRIBUTION CIRCUITS MOVED TO ROSEMONT. Personnel Grounds will be installed Note * 138kV N.O. SW 507 at PAFFORD STREET and 138kV N.O. SW 516 at Wedgwood should be closed under REQ 22-18659
2157,60001904.0,6123_B,5,17752363,ONC00539885,5867691,2022-11-16 14:01:00,2022-11-26 14:00:00,,,2022-09-30 08:03:00,2022-09-30 14:21:28.780,2022-10-27,Cancel - Materials Unavailable,Cancl,PL,22-18660,REQ: Original Request 22-09705 ; 22-17723 Requests delayed due to Railroad permitting   Will be installing structure 4/2E and new line section to the new Rosemont Substation. Will be decommissioning line section to Pafford Sw. 506 unless it is needed for reliability. (see slide 10)  NOTE: PAFFORD WILL BE ON A RADIAL FEED UNTIL ALL DISTRIBUTION CIRCUITS MOVED TO ROSEMONT. Personnel Grounds will be installed Note * 138kV N.O. SW 507 at PAFFORD STREET and 138kV N.O. SW 516 at Wedgwood should be closed under REQ 22-18659
2157,60001904.0,6123_B,3,17772467,ONC00543130,5867676,2022-11-11 06:30:00,2022-11-15 16:00:00,,,2022-10-27 12:57:00,2022-10-27 18:21:41.270,,,RatE,PL,22-20381,"REQ: This requests updates equipment needed on 22-18660 (Original Request 22-09705 ; 22-17723)  Requests delayed due to Railroad permitting  Will be pouring and installing foundation for structure 4/2. (See slide7)  Grounds will be installed but removed nightly for emergency line restoration. Structure to be installed at a later date.  Close normally open BT SW 516 @ Wedgewood and Close normally open BT 507 @ Pafford Prior to switching, Close normally open BT SW 516 @ Wedgewood and Close normally open BT SW 507 @ Pafford"
2157,60001904.0,6123_B,3,17772467,ONC00543130,5872965,2022-11-11 06:30:00,2022-11-15 16:00:00,,,2022-10-27 12:57:00,2022-10-27 18:21:41.270,,,Apprv,PL,22-20381,"REQ: This requests updates equipment needed on 22-18660 (Original Request 22-09705 ; 22-17723)  Requests delayed due to Railroad permitting  Will be pouring and installing foundation for structure 4/2. (See slide7)  Grounds will be installed but removed nightly for emergency line restoration. Structure to be installed at a later date.  Close normally open BT SW 516 @ Wedgewood and Close normally open BT 507 @ Pafford Prior to switching, Close normally open BT SW 516 @ Wedgewood and Close normally open BT SW 507 @ Pafford"
2157,60001904.0,6123_B,3,17772467,ONC00543130,5903479,2022-11-11 06:30:00,2022-11-15 16:00:00,2022-11-11 07:21:00,,2022-10-27 12:57:00,2022-10-27 18:21:41.270,,,Apprv,PL,22-20381,"REQ: This requests updates equipment needed on 22-18660 (Original Request 22-09705 ; 22-17723)  Requests delayed due to Railroad permitting  Will be pouring and installing foundation for structure 4/2. (See slide7)  Grounds will be installed but removed nightly for emergency line restoration. Structure to be installed at a later date.  Close normally open BT SW 516 @ Wedgewood and Close normally open BT 507 @ Pafford Prior to switching, Close normally open BT SW 516 @ Wedgewood and Close normally open BT SW 507 @ Pafford"
2157,60001904.0,6123_B,3,17772467,ONC00543130,5911614,2022-11-11 06:30:00,2022-11-15 17:20:00,2022-11-11 07:21:00,2022-11-15 16:45:00,2022-10-27 12:57:00,2022-10-27 18:21:41.270,,,Accpt,UE,22-20381,"SUP: .
REQ: This requests updates equipment needed on 22-18660 (Original Request 22-09705 ; 22-17723)  Requests delayed due to Railroad permitting  Will be pouring and installing foundation for structure 4/2. (See slide7)  Grounds will be installed but removed nightly for emergency line restoration. Structure to be installed at a later date.  Close normally open BT SW 516 @ Wedgewood and Close normally open BT 507 @ Pafford Prior to switching, Close normally open BT SW 516 @ Wedgewood and Close normally open BT SW 507 @ Pafford"
2157,60001904.0,6123_B,3,17818460,ONC00552198,6017531,2023-01-20 13:01:00,2023-01-20 16:00:00,,,2023-01-09 14:03:00,2023-01-09 21:21:38.560,,,Apprv,PL,23-02159,"REQ: Will be creating Open Gap J-517 for reliability at Wedgewood during construction.  This request is rescheduled from Original request 22-18659..  See Step 5 Prior to switching, close the 138kV N.O. SW 507 at PAFFORD STREET and close 138kV N.O. SW 516 at Wedgwood.  No contingency changes needed per engineering.  REQUEST HAS BEEN REVIEWED AND APPROVED BY SYSTEM PROTECTION TO CLOSE N.O. DEVICES"
2157,60001904.0,6123_B,3,17818460,ONC00552198,6042873,2023-01-20 13:01:00,2023-01-20 16:00:00,2023-01-20 13:14:00,,2023-01-09 14:03:00,2023-01-09 21:21:38.560,,,Apprv,PL,23-02159,"REQ: Will be creating Open Gap J-517 for reliability at Wedgewood during construction.  This request is rescheduled from Original request 22-18659..  See Step 5 Prior to switching, close the 138kV N.O. SW 507 at PAFFORD STREET and close 138kV N.O. SW 516 at Wedgwood.  No contingency changes needed per engineering.  REQUEST HAS BEEN REVIEWED AND APPROVED BY SYSTEM PROTECTION TO CLOSE N.O. DEVICES"
2157,60001904.0,6123_B,3,17818460,ONC00552198,6043493,2023-01-20 13:01:00,2023-01-20 16:00:00,2023-01-20 13:14:00,2023-01-20 16:00:00,2023-01-09 14:03:00,2023-01-09 21:21:38.560,,,Apprv,PL,23-02159,"REQ: Will be creating Open Gap J-517 for reliability at Wedgewood during construction.  This request is rescheduled from Original request 22-18659..  See Step 5 Prior to switching, close the 138kV N.O. SW 507 at PAFFORD STREET and close 138kV N.O. SW 516 at Wedgwood.  No contingency changes needed per engineering.  REQUEST HAS BEEN REVIEWED AND APPROVED BY SYSTEM PROTECTION TO CLOSE N.O. DEVICES"
2157,60001904.0,6123_B,3,17818461,ONC00552199,6017534,2023-01-20 16:01:00,2023-01-27 13:00:00,,,2023-01-09 14:17:00,2023-01-09 21:21:38.560,,,Apprv,PL,,REQ: Will be installing Structure 4/2E and new line section to the new Rosemont Substation. Close Switch 507 @ Pafford. Open Gap J-517 created on request 23-02159 Original request 22-09705 See Step 6
2157,60001904.0,6123_B,3,17818461,ONC00552199,6043496,2023-01-20 16:01:00,2023-01-27 13:00:00,2023-01-20 16:01:00,,2023-01-09 14:17:00,2023-01-09 21:21:38.560,,,Apprv,PL,,REQ: Will be installing Structure 4/2E and new line section to the new Rosemont Substation. Close Switch 507 @ Pafford. Open Gap J-517 created on request 23-02159 Original request 22-09705 See Step 6
2157,60001904.0,6123_B,3,17818461,ONC00552199,6060596,2023-01-20 16:01:00,2023-01-30 10:00:00,2023-01-20 16:01:00,,2023-01-09 14:17:00,2023-01-09 21:21:38.560,,,Accpt,UE,,REQ: Will be installing Structure 4/2E and new line section to the new Rosemont Substation. Close Switch 507 @ Pafford. Open Gap J-517 created on request 23-02159 Original request 22-09705 See Step 6
2157,60001904.0,6123_B,3,17818461,ONC00552199,6065192,2023-01-20 16:01:00,2023-01-30 10:00:00,2023-01-20 16:01:00,2023-01-30 10:00:00,2023-01-09 14:17:00,2023-01-09 21:21:38.560,,,Accpt,UE,,"SUP: .
REQ: Will be installing Structure 4/2E and new line section to the new Rosemont Substation. Close Switch 507 @ Pafford. Open Gap J-517 created on request 23-02159 Original request 22-09705 See Step 6"
2157,60001904.0,6123_B,3,17834236,ONC00555033,6059845,2023-01-30 10:01:00,2023-01-30 13:00:00,,,2023-01-27 10:54:00,2023-01-27 17:21:54.323,,,RatE,M2,23-04364,REQ: Will be Closing and Decommissioning Open Gap J-517 Prior to switching close 138kV N.O. SW 516 at Wedgwood and close 138kV N.O. SW 507 at Pafford  REQUEST HAS BEEN REVIEWED AND APPROVED BY SYSTEM PROTECTION TO CLOSE N.O. DEVICES    Resubmission of WR 23-02161 due to work being delayed until 1/20/23  (Extending 23-02160)
2157,60001904.0,6123_B,3,17834236,ONC00555033,6060229,2023-01-30 10:01:00,2023-01-30 13:00:00,,,2023-01-27 10:54:00,2023-01-27 17:21:54.323,,,Apprv,M2,23-04364,REQ: Will be Closing and Decommissioning Open Gap J-517 Prior to switching close 138kV N.O. SW 516 at Wedgwood and close 138kV N.O. SW 507 at Pafford  REQUEST HAS BEEN REVIEWED AND APPROVED BY SYSTEM PROTECTION TO CLOSE N.O. DEVICES    Resubmission of WR 23-02161 due to work being delayed until 1/20/23  (Extending 23-02160)
2157,60001904.0,6123_B,3,17834236,ONC00555033,6063799,2023-01-30 10:01:00,2023-01-30 13:00:00,2023-01-30 10:05:00,,2023-01-27 10:54:00,2023-01-27 17:21:54.323,,,Apprv,M2,23-04364,REQ: Will be Closing and Decommissioning Open Gap J-517 Prior to switching close 138kV N.O. SW 516 at Wedgwood and close 138kV N.O. SW 507 at Pafford  REQUEST HAS BEEN REVIEWED AND APPROVED BY SYSTEM PROTECTION TO CLOSE N.O. DEVICES    Resubmission of WR 23-02161 due to work being delayed until 1/20/23  (Extending 23-02160)
2157,60001904.0,6123_B,3,17834236,ONC00555033,6064430,2023-01-30 10:01:00,2023-01-30 13:00:00,2023-01-30 10:05:00,2023-01-30 12:54:00,2023-01-27 10:54:00,2023-01-27 17:21:54.323,,,Apprv,M2,23-04364,REQ: Will be Closing and Decommissioning Open Gap J-517 Prior to switching close 138kV N.O. SW 516 at Wedgwood and close 138kV N.O. SW 507 at Pafford  REQUEST HAS BEEN REVIEWED AND APPROVED BY SYSTEM PROTECTION TO CLOSE N.O. DEVICES    Resubmission of WR 23-02161 due to work being delayed until 1/20/23  (Extending 23-02160)
2157,60001904.0,6123_B,3,17886430,ONC00563462,6226084,2023-04-13 07:00:00,2023-04-13 11:00:00,,,2023-04-06 12:10:00,2023-04-06 18:21:45.707,,,RatE,PL,23-09054,"REQ: Will be stalling the jumper to re-establish the line a for second feed to Pafford for reliability. Rosemont will be de-energized and has no distribution load to transfer. Pafford Switch 506 tagged out on req. 23-02159 and Switch 507 is closed. Close Normally Open Sw 516 @ Wedgwood.  Matt Argabright, Matt Orr, and Ricky Floyd are aware and approve.  Pafford 506, 507 submitted under 23-04428 showing declined with an end date of 3/3 but these switches were submitted to Ercot under the same group label and are out through 5/31."
2157,60001904.0,6123_B,3,17886430,ONC00563462,6227176,2023-04-13 07:00:00,2023-04-13 11:00:00,,,2023-04-06 12:10:00,2023-04-06 18:21:45.707,,,Apprv,PL,23-09054,"REQ: Will be stalling the jumper to re-establish the line a for second feed to Pafford for reliability. Rosemont will be de-energized and has no distribution load to transfer. Pafford Switch 506 tagged out on req. 23-02159 and Switch 507 is closed. Close Normally Open Sw 516 @ Wedgwood.  Matt Argabright, Matt Orr, and Ricky Floyd are aware and approve.  Pafford 506, 507 submitted under 23-04428 showing declined with an end date of 3/3 but these switches were submitted to Ercot under the same group label and are out through 5/31."
2157,60001904.0,6123_B,3,17886430,ONC00563462,6240334,2023-04-13 07:00:00,2023-04-13 11:00:00,2023-04-13 07:17:00,,2023-04-06 12:10:00,2023-04-06 18:21:45.707,,,Apprv,PL,23-09054,"REQ: Will be stalling the jumper to re-establish the line a for second feed to Pafford for reliability. Rosemont will be de-energized and has no distribution load to transfer. Pafford Switch 506 tagged out on req. 23-02159 and Switch 507 is closed. Close Normally Open Sw 516 @ Wedgwood.  Matt Argabright, Matt Orr, and Ricky Floyd are aware and approve.  Pafford 506, 507 submitted under 23-04428 showing declined with an end date of 3/3 but these switches were submitted to Ercot under the same group label and are out through 5/31."
2157,60001904.0,6123_B,3,17886430,ONC00563462,6241215,2023-04-13 07:00:00,2023-04-13 11:00:00,2023-04-13 07:17:00,2023-04-13 11:34:00,2023-04-06 12:10:00,2023-04-06 18:21:45.707,,,Apprv,PL,23-09054,"REQ: Will be stalling the jumper to re-establish the line a for second feed to Pafford for reliability. Rosemont will be de-energized and has no distribution load to transfer. Pafford Switch 506 tagged out on req. 23-02159 and Switch 507 is closed. Close Normally Open Sw 516 @ Wedgwood.  Matt Argabright, Matt Orr, and Ricky Floyd are aware and approve.  Pafford 506, 507 submitted under 23-04428 showing declined with an end date of 3/3 but these switches were submitted to Ercot under the same group label and are out through 5/31."
2157,60001904.0,6123_B,5,18531700,ONC00692256,8303372,2025-10-03 06:00:00,2025-10-03 12:00:00,,,2025-09-04 14:10:00,2025-09-04 20:20:55.370,,,RatE,PL,25-20401,"REQ: Will be isolating section of line from 4/2E to Sw506 at Pafford.   Wedgwood Transf. #1 transferred through Sw 516 to other circuit to minimize risk.  This circuit from 7120 to remain energized for source to Rosemont . Verify all load at Pafford has been transferred.  See slide 13    **HOT WORK* removing jumper.  Approved by Benito Hilario Prior to switching, close normally open switch 516 at Wedgwood Tap"
2157,60001904.0,6123_B,5,18531700,ONC00692256,8364198,2025-10-03 06:00:00,2025-10-03 12:00:00,,,2025-09-04 14:10:00,2025-09-04 20:20:55.370,,,Apprv,PL,25-20401,"REQ: Will be isolating section of line from 4/2E to Sw506 at Pafford.   Wedgwood Transf. #1 transferred through Sw 516 to other circuit to minimize risk.  This circuit from 7120 to remain energized for source to Rosemont . Verify all load at Pafford has been transferred.  See slide 13    **HOT WORK* removing jumper.  Approved by Benito Hilario Prior to switching, close normally open switch 516 at Wedgwood Tap"
2157,60001904.0,6123_B,5,18531700,ONC00692256,8373392,2025-10-03 06:00:00,2025-10-03 12:00:00,,,2025-09-04 14:10:00,2025-09-04 20:20:55.370,2025-09-29,Cancel - ERROR,Cancl,PL,25-20401,"REQ: Will be isolating section of line from 4/2E to Sw506 at Pafford.   Wedgwood Transf. #1 transferred through Sw 516 to other circuit to minimize risk.  This circuit from 7120 to remain energized for source to Rosemont . Verify all load at Pafford has been transferred.  See slide 13    **HOT WORK* removing jumper.  Approved by Benito Hilario Prior to switching, close normally open switch 516 at Wedgwood Tap"
2157,60001904.0,6123_B,9,18543239,ONC00695442,8354683,2025-10-06 14:01:00,2026-10-02 18:00:00,,,2025-09-23 08:38:00,2025-09-23 14:20:41.753,,,RatE,PL,45364,
2157,60001904.0,6123_B,9,18543239,ONC00695442,8371178,2025-10-06 14:01:00,2026-10-02 18:00:00,,,2025-09-23 08:38:00,2025-09-23 14:20:41.753,,,Apprv,PL,45364,
2157,60001904.0,6123_B,9,18543239,ONC00695442,8395882,2025-10-06 14:01:00,2026-10-02 18:00:00,2025-10-06 14:01:00,,2025-09-23 08:38:00,2025-09-23 14:20:41.753,,,Apprv,PL,45364,
2157,60001904.0,6123_B,5,18549069,ONC00696866,8374198,2025-10-03 06:00:00,2025-10-03 12:00:00,,,2025-09-29 11:17:00,2025-09-29 17:20:57.410,,,RatE,PL,25-22501,"SUP: Resubmission of Req 25-20401 Will be isolating section of line from 4/2E to Sw506 at Pafford. Wedgwood Transf. #1 transferred through Sw 516 to other circuit to minimize risk. This circuit from 7140 to remain energized for source to Rosemont . Verify all load at Pafford has been transferred. See slide 13 **HOT WORK* removing jumper. Approved by Benito Hilario
REQ: Resubmission of Req 25-20401 Will be isolating section of line from 4/2E to Sw506 at Pafford. Wedgwood Transf. #1 transferred through Sw 516 to other circuit to minimize risk. This circuit from 7120 to remain energized for source to Rosemont . Verify all load at Pafford has been transferred. See slide 13    **HOT WORK* removing jumper. Approved by Benito Hilario"
2157,60001904.0,6123_B,5,18549069,ONC00696866,8374916,2025-10-03 06:00:00,2025-10-03 12:00:00,,,2025-09-29 11:17:00,2025-09-29 17:20:57.410,2025-09-29,Cancel - Will not reschedule,Cancl,PL,,"SUP: Resubmission of Req 25-20401 Will be isolating section of line from 4/2E to Sw506 at Pafford. Wedgwood Transf. #1 transferred through Sw 516 to other circuit to minimize risk. This circuit from 7140 to remain energized for source to Rosemont . Verify all load at Pafford has been transferred. See slide 13 **HOT WORK* removing jumper. Approved by Benito Hilario
REQ: Resubmission of Req 25-20401 Will be isolating section of line from 4/2E to Sw506 at Pafford. Wedgwood Transf. #1 transferred through Sw 516 to other circuit to minimize risk. This circuit from 7120 to remain energized for source to Rosemont . Verify all load at Pafford has been transferred. See slide 13    **HOT WORK* removing jumper. Approved by Benito Hilario"
2506,60005024.0,GG_KN_06A,8,15613857,CNP00204796,1105546,2017-04-25 06:00:00,2017-05-03 05:59:00,2017-04-25 07:51:00,,2017-01-04 09:53:00,2019-02-27 15:51:00.000,,,Accpt,UE,PZ TE 06,
2506,60005024.0,GG_KN_06A,8,15613857,CNP00204796,1125327,2017-04-25 06:00:00,2017-05-03 02:10:00,2017-04-25 07:51:00,,2017-01-04 09:53:00,2019-02-27 15:51:00.000,,,Accpt,UE,PZ TE 06,
2506,60005024.0,GG_KN_06A,8,15613857,CNP00204796,1340300,2017-04-25 06:00:00,2017-05-02 17:00:00,,,2017-01-04 09:53:00,2019-02-27 15:51:00.000,,,RatE,PL,PZ TE 06,
2506,60005024.0,GG_KN_06A,8,15613857,CNP00204796,1352237,2017-04-25 06:00:00,2017-05-02 17:00:00,,,2017-01-04 09:53:00,2019-02-27 15:51:00.000,,,Apprv,PL,PZ TE 06,
2506,60005024.0,GG_KN_06A,8,15613857,CNP00204796,1389720,2017-04-25 06:00:00,2017-05-03 02:10:00,2017-04-25 07:51:00,2017-05-03 02:08:00,2017-01-04 09:53:00,2019-02-27 15:51:00.000,,,Accpt,UE,PZ TE 06,
2506,60005024.0,GG_KN_06A,8,15613857,CNP00204796,1419643,2017-04-25 06:00:00,2017-05-02 17:00:00,2017-04-25 07:51:00,,2017-01-04 09:53:00,2019-02-27 15:51:00.000,,,Apprv,PL,PZ TE 06,
2506,60005024.0,GG_KN_06A,8,15613857,CNP00204796,1435784,2017-04-25 06:00:00,2017-05-02 21:00:00,2017-04-25 07:51:00,,2017-01-04 09:53:00,2019-02-27 15:51:00.000,,,Accpt,UE,PZ TE 06,
2506,60005024.0,GG_KN_06A,14,15619761,CNP00204048,1061339,2017-03-20 07:00:00,2017-03-25 17:00:00,,,2016-12-19 15:56:00,2019-02-27 15:51:00.000,,,Apprv,PL,PZ TE 06,
2506,60005024.0,GG_KN_06A,14,15619761,CNP00204048,1321539,2017-03-20 07:00:00,2017-03-25 17:00:00,,,2016-12-19 15:56:00,2019-02-27 15:51:00.000,,,RatE,PL,PZ TE 06,
2506,60005024.0,GG_KN_06A,14,15619761,CNP00204048,1394412,2017-03-20 07:00:00,2017-03-25 17:00:00,,,2016-12-19 15:56:00,2019-02-27 15:51:00.000,2016-12-21,Cancel - Reschedule within next season,Cancl,PL,PZ TE 06,
2506,60005024.0,GG_KN_06A,8,15682780,CNP00202571,941394,2017-02-15 06:00:00,2017-02-22 17:00:00,,,2016-11-16 09:44:00,2019-02-27 15:51:00.000,2017-01-12,Cancel - Reschedule within next season,Cancl,PL,PZ TE 06,
2506,60005024.0,GG_KN_06A,8,15682780,CNP00202571,1297859,2017-02-15 06:00:00,2017-02-22 17:00:00,,,2016-11-16 09:44:00,2019-02-27 15:51:00.000,,,Apprv,PL,PZ TE 06,
2506,60005024.0,GG_KN_06A,3,15692891,CNP00194467,903019,2016-05-19 07:00:00,2016-05-20 22:00:00,2016-05-20 06:20:00,2016-05-20 20:51:00,2016-05-05 08:04:00,2019-02-27 15:51:00.000,,,Apprv,PL,PZ TE 06,
2506,60005024.0,GG_KN_06A,3,15692891,CNP00194467,1184845,2016-05-19 07:00:00,2016-05-21 17:00:00,,,2016-05-05 08:04:00,2019-02-27 15:51:00.000,,,RatE,PL,PZ TE 06,
2506,60005024.0,GG_KN_06A,3,15692891,CNP00194467,1441958,2016-05-19 07:00:00,2016-05-21 17:00:00,2016-05-20 06:20:00,,2016-05-05 08:04:00,2019-02-27 15:51:00.000,,,Apprv,PL,PZ TE 06,
2506,60005024.0,GG_KN_06A,3,15692891,CNP00194467,1500714,2016-05-19 07:00:00,2016-05-21 17:00:00,,,2016-05-05 08:04:00,2019-02-27 15:51:00.000,,,Apprv,PL,PZ TE 06,
2506,60005024.0,GG_KN_06A,14,15696544,CNP00167409,1475617,2015-01-14 07:00:00,2015-01-14 17:00:00,2015-01-14 07:54:00,2015-01-14 16:34:00,2014-12-09 11:22:00,2019-02-27 15:51:00.000,,,Apprv,PL,PZ TE 06,
2506,60005024.0,GG_KN_06A,8,15763252,CNP00205518,987725,2017-02-15 06:00:00,2017-02-22 17:00:00,,,2017-01-12 12:43:00,2019-02-27 15:51:00.000,,,RatE,PL,PZ TE 06,
2506,60005024.0,GG_KN_06A,8,15763252,CNP00205518,1297490,2017-02-15 06:00:00,2017-02-24 17:00:00,2017-02-15 06:00:00,,2017-01-12 12:43:00,2019-02-27 15:51:00.000,,,Apprv,PL,PZ TE 06,
2506,60005024.0,GG_KN_06A,8,15763252,CNP00205518,1387188,2017-02-15 06:00:00,2017-02-24 17:00:00,,,2017-01-12 12:43:00,2019-02-27 15:51:00.000,,,RatE,PL,PZ TE 06,
2506,60005024.0,GG_KN_06A,8,15763252,CNP00205518,1444786,2017-02-15 06:00:00,2017-02-24 17:00:00,,,2017-01-12 12:43:00,2019-02-27 15:51:00.000,,,Apprv,PL,PZ TE 06,
2506,60005024.0,GG_KN_06A,8,15763252,CNP00205518,1510919,2017-02-15 06:00:00,2017-02-24 17:00:00,2017-02-15 06:00:00,2017-02-24 12:49:00,2017-01-12 12:43:00,2019-02-27 15:51:00.000,,,Apprv,PL,PZ TE 06,
2506,60005024.0,GG_KN_06A,3,15869429,CNP00239903,1044303,2019-01-07 07:00:00,2019-01-16 17:00:00,2019-01-07 15:06:00,,2018-11-12 10:08:00,2019-02-27 15:51:00.000,,,Apprv,PL,PZ TE 06,
2506,60005024.0,GG_KN_06A,3,15869429,CNP00239903,1092820,2019-01-07 07:00:00,2019-01-17 17:00:00,2019-01-07 15:06:00,,2018-11-12 10:08:00,2019-02-27 15:51:00.000,,,Accpt,UE,PZ TE 06,
2506,60005024.0,GG_KN_06A,3,15869429,CNP00239903,1387029,2019-01-07 07:00:00,2019-01-16 17:00:00,,,2018-11-12 10:08:00,2019-02-27 15:51:00.000,,,RatE,PL,PZ TE 06,
2506,60005024.0,GG_KN_06A,3,15869429,CNP00239903,1522045,2019-01-07 07:00:00,2019-01-17 17:00:00,2019-01-07 15:06:00,2019-01-17 17:02:00,2018-11-12 10:08:00,2019-02-27 15:51:00.000,,,Accpt,UE,PZ TE 06,
2506,60005024.0,GG_KN_06A,3,15869429,CNP00239903,1526495,2019-01-07 07:00:00,2019-01-16 17:00:00,,,2018-11-12 10:08:00,2019-02-27 15:51:00.000,,,Apprv,PL,PZ TE 06,
2506,60005024.0,GG_KN_06A,3,15873162,CNP00227984,952322,2018-05-06 07:00:00,2018-05-06 13:00:00,2018-05-06 06:38:00,,2018-03-13 14:09:00,2019-02-27 15:51:00.000,,,Apprv,PL,PZ TE 06,
2506,60005024.0,GG_KN_06A,3,15873162,CNP00227984,1127501,2018-05-06 07:00:00,2018-05-06 13:00:00,2018-05-06 06:38:00,2018-05-06 13:33:00,2018-03-13 14:09:00,2019-02-27 15:51:00.000,,,Apprv,PL,PZ TE 06,
2506,60005024.0,GG_KN_06A,3,15873162,CNP00227984,1335002,2018-05-06 07:00:00,2018-05-06 13:00:00,,,2018-03-13 14:09:00,2019-02-27 15:51:00.000,,,Apprv,PL,PZ TE 06,
2506,60005024.0,GG_KN_06A,3,15873162,CNP00227984,1528791,2018-05-06 07:00:00,2018-05-06 13:00:00,,,2018-03-13 14:09:00,2019-02-27 15:51:00.000,,,RatE,PL,PZ TE 06,
2506,60005024.0,GG_KN_06A,3,15874530,CNP00235272,928376,2018-11-12 07:00:00,2018-11-21 17:00:00,,,2018-08-16 10:47:00,2019-02-27 15:51:00.000,,,RatE,PL,PZ TE 06,
2506,60005024.0,GG_KN_06A,3,15874530,CNP00235272,1096168,2018-11-12 07:00:00,2018-11-21 17:00:00,,,2018-08-16 10:47:00,2019-02-27 15:51:00.000,2018-11-04,Cancel - Reschedule within next season,Cancl,PL,PZ TE 06,
2506,60005024.0,GG_KN_06A,3,15874530,CNP00235272,1096247,2018-11-12 07:00:00,2018-11-21 17:00:00,,,2018-08-16 10:47:00,2019-02-27 15:51:00.000,,,Apprv,PL,PZ TE 06,
2506,60005024.0,GG_KN_06A,14,15879549,CNP00204283,943499,2017-02-11 07:00:00,2017-02-15 05:59:00,2017-02-11 08:00:00,,2016-12-21 08:28:00,2019-02-27 15:51:00.000,,,Apprv,PL,PZ TE 06,
2506,60005024.0,GG_KN_06A,14,15879549,CNP00204283,1204999,2017-02-08 07:00:00,2017-02-15 05:59:00,,,2016-12-21 08:28:00,2019-02-27 15:51:00.000,,,RatE,PL,PZ TE 06,
2506,60005024.0,GG_KN_06A,14,15879549,CNP00204283,1244466,2017-02-08 07:00:00,2017-02-15 05:59:00,,,2016-12-21 08:28:00,2019-02-27 15:51:00.000,,,Apprv,PL,PZ TE 06,
2506,60005024.0,GG_KN_06A,14,15879549,CNP00204283,1260709,2017-02-11 07:00:00,2017-02-15 05:59:00,,,2016-12-21 08:28:00,2019-02-27 15:51:00.000,,,Apprv,PL,PZ TE 06,
2506,60005024.0,GG_KN_06A,14,15879549,CNP00204283,1352561,2017-02-11 07:00:00,2017-02-15 05:59:00,2017-02-11 08:00:00,2017-02-15 05:59:00,2016-12-21 08:28:00,2019-02-27 15:51:00.000,,,Apprv,PL,PZ TE 06,
2506,60005024.0,GG_KN_06A,3,15884005,CNP00199549,1214567,2016-09-27 07:00:00,2016-09-27 17:00:00,,,2016-08-29 14:01:00,2019-02-27 15:51:00.000,,,RatE,PL,PZ TE 06,
2506,60005024.0,GG_KN_06A,3,15884005,CNP00199549,1243788,2016-09-27 07:00:00,2016-09-27 17:00:00,,,2016-08-29 14:01:00,2019-02-27 15:51:00.000,,,Apprv,PL,PZ TE 06,
2506,60005024.0,GG_KN_06A,3,15884005,CNP00199549,1460090,2016-09-27 07:00:00,2016-09-27 17:00:00,2016-09-27 09:17:00,2016-09-27 17:02:00,2016-08-29 14:01:00,2019-02-27 15:51:00.000,,,Apprv,PL,PZ TE 06,
2506,60005024.0,GG_KN_06A,3,15884005,CNP00199549,1463010,2016-09-27 07:00:00,2016-09-27 17:00:00,2016-09-27 09:17:00,,2016-08-29 14:01:00,2019-02-27 15:51:00.000,,,Apprv,PL,PZ TE 06,
2506,60005024.0,GG_KN_06A,14,15903565,CNP00204264,1175855,2017-03-20 07:00:00,2017-03-25 17:00:00,,,2016-12-21 08:27:00,2019-02-27 15:51:00.000,2017-01-05,Cancel - Reschedule within next season,Cancl,PL,PZ TE 06,
2506,60005024.0,GG_KN_06A,14,15903565,CNP00204264,1321539,2017-03-20 07:00:00,2017-03-25 17:00:00,,,2016-12-21 08:27:00,2019-02-27 15:51:00.000,,,RatE,PL,PZ TE 06,
2506,60005024.0,GG_KN_06A,10,15908591,CNP00221255,1017120,2017-11-30 07:00:00,2017-11-30 17:00:00,2017-11-30 08:17:00,,2017-11-28 13:32:00,2019-02-27 15:51:00.000,,,Apprv,M2,PZ TE 06,
2506,60005024.0,GG_KN_06A,10,15908591,CNP00221255,1293323,2017-11-30 07:00:00,2017-11-30 17:00:00,,,2017-11-28 13:32:00,2019-02-27 15:51:00.000,,,Apprv,M2,PZ TE 06,
2506,60005024.0,GG_KN_06A,10,15908591,CNP00221255,1405740,2017-11-30 07:00:00,2017-11-30 17:00:00,2017-11-30 08:17:00,2017-11-30 16:02:00,2017-11-28 13:32:00,2019-02-27 15:51:00.000,,,Apprv,M2,PZ TE 06,
2506,60005024.0,GG_KN_06A,3,15938030,CNP00187322,925705,2016-05-12 07:00:00,2016-05-12 17:00:00,,,2016-01-04 12:21:00,2019-02-27 15:51:00.000,2016-05-05,Cancel - Reschedule within next season,Cancl,PL,PZ TE 06,
2506,60005024.0,GG_KN_06A,3,15938030,CNP00187322,1009523,2016-05-10 07:00:00,2016-05-12 17:00:00,,,2016-01-04 12:21:00,2019-02-27 15:51:00.000,,,RatE,PL,PZ TE 06,
2506,60005024.0,GG_KN_06A,3,15938030,CNP00187322,1290780,2016-05-12 07:00:00,2016-05-12 17:00:00,,,2016-01-04 12:21:00,2019-02-27 15:51:00.000,,,Apprv,PL,PZ TE 06,
2506,60005024.0,GG_KN_06A,3,15938030,CNP00187322,1343217,2016-05-10 07:00:00,2016-05-12 17:00:00,,,2016-01-04 12:21:00,2019-02-27 15:51:00.000,,,Apprv,PL,PZ TE 06,
2506,60005024.0,GG_KN_06A,3,15958531,CNP00227965,1178179,2018-04-30 07:00:00,2018-04-30 13:00:00,,,2018-03-13 14:06:00,2019-02-27 15:51:00.000,,,RatE,PL,PZ TE 06,
2506,60005024.0,GG_KN_06A,3,15958531,CNP00227965,1252746,2018-04-30 07:00:00,2018-04-30 23:00:00,2018-04-30 09:51:00,2018-04-30 14:34:00,2018-03-13 14:06:00,2019-02-27 15:51:00.000,,,Accpt,UE,PZ TE 06,
2506,60005024.0,GG_KN_06A,3,15958531,CNP00227965,1255175,2018-04-30 07:00:00,2018-04-30 23:00:00,2018-04-30 09:51:00,,2018-03-13 14:06:00,2019-02-27 15:51:00.000,,,Accpt,UE,PZ TE 06,
2506,60005024.0,GG_KN_06A,3,15958531,CNP00227965,1284472,2018-04-30 07:00:00,2018-04-30 13:00:00,2018-04-30 09:51:00,,2018-03-13 14:06:00,2019-02-27 15:51:00.000,,,Apprv,PL,PZ TE 06,
2506,60005024.0,GG_KN_06A,3,15958531,CNP00227965,1299239,2018-04-30 07:00:00,2018-04-30 13:00:00,,,2018-03-13 14:06:00,2019-02-27 15:51:00.000,,,Apprv,PL,PZ TE 06,
2506,60005024.0,GG_KN_06A,3,15986824,CNP00187084,1399585,2016-03-29 07:00:00,2016-03-30 17:00:00,,,2015-12-28 11:10:00,2019-02-27 15:51:00.000,2016-01-04,Cancel - Reschedule within next season,Cancl,PL,PZ TE 06,
2506,60005024.0,GG_KN_06A,3,15986824,CNP00187084,1407983,2016-03-29 07:00:00,2016-03-30 17:00:00,,,2015-12-28 11:10:00,2019-02-27 15:51:00.000,,,RatE,PL,PZ TE 06,
2506,60005024.0,GG_KN_06A,3,16019237,CNP00194306,984465,2016-05-12 17:01:00,2016-05-14 17:00:00,,,2016-05-03 09:32:00,2019-02-27 15:51:00.000,,,RatE,PL,PZ TE 06,
2506,60005024.0,GG_KN_06A,3,16019237,CNP00194306,1143739,2016-05-12 17:01:00,2016-05-14 17:00:00,,,2016-05-03 09:32:00,2019-02-27 15:51:00.000,,,Apprv,PL,PZ TE 06,
2506,60005024.0,GG_KN_06A,3,16019237,CNP00194306,1222392,2016-05-12 17:01:00,2016-05-14 17:00:00,,,2016-05-03 09:32:00,2019-02-27 15:51:00.000,2016-05-05,Cancel - Reschedule within next season,Cancl,PL,PZ TE 06,
2506,60005024.0,GG_KN_06A,10,16020752,CNP00241753,1158411,2018-12-22 07:00:00,2018-12-22 18:00:00,,,2018-12-19 09:51:00,2019-02-27 15:51:00.000,,,Apprv,PL,PZ TE 06,
2506,60005024.0,GG_KN_06A,10,16020752,CNP00241753,1217823,2018-12-22 07:00:00,2018-12-22 18:00:00,2018-12-22 08:38:00,2018-12-22 15:51:00,2018-12-19 09:51:00,2019-02-27 15:51:00.000,,,Apprv,PL,PZ TE 06,
2506,60005024.0,GG_KN_06A,10,16020752,CNP00241753,1237252,2018-12-22 07:00:00,2018-12-22 18:00:00,2018-12-22 08:38:00,,2018-12-19 09:51:00,2019-02-27 15:51:00.000,,,Apprv,PL,PZ TE 06,
2506,60005024.0,GG_KN_06A,10,16020752,CNP00241753,1453378,2018-12-22 07:00:00,2018-12-22 18:00:00,,,2018-12-19 09:51:00,2019-02-27 15:51:00.000,,,RatE,PL,PZ TE 06,
2506,60005024.0,GG_KN_06A,3,16038026,CNP00175484,928457,2015-05-27 07:00:00,2015-05-27 17:00:00,,,2015-05-05 08:53:00,2019-02-27 15:51:00.000,,,Apprv,PL,PZ TE 06,
2506,60005024.0,GG_KN_06A,3,16038026,CNP00175484,1133325,2015-05-27 07:00:00,2015-05-27 17:00:00,,,2015-05-05 08:53:00,2019-02-27 15:51:00.000,,,RatE,PL,PZ TE 06,
2506,60005024.0,GG_KN_06A,3,16038026,CNP00175484,1178036,2015-05-27 07:00:00,2015-05-27 17:00:00,,,2015-05-05 08:53:00,2019-02-27 15:51:00.000,2015-05-21,Cancel - Reschedule within next season,Cancl,PL,PZ TE 06,
2506,60005024.0,GG_KN_06A,3,16055887,CNP00187303,974059,2016-03-29 07:00:00,2016-03-30 17:00:00,,,2016-01-04 12:20:00,2019-02-27 15:51:00.000,,,Apprv,PL,PZ TE 06,
2506,60005024.0,GG_KN_06A,3,16055887,CNP00187303,1116318,2016-03-29 07:00:00,2016-03-30 17:00:00,2016-03-29 07:08:00,2016-03-30 16:29:00,2016-01-04 12:20:00,2019-02-27 15:51:00.000,,,Apprv,PL,PZ TE 06,
2506,60005024.0,GG_KN_06A,3,16055887,CNP00187303,1272695,2016-03-29 07:00:00,2016-03-30 17:00:00,2016-03-29 07:08:00,,2016-01-04 12:20:00,2019-02-27 15:51:00.000,,,Apprv,PL,PZ TE 06,
2506,60005024.0,GG_KN_06A,3,16055887,CNP00187303,1407983,2016-03-29 07:00:00,2016-03-30 17:00:00,,,2016-01-04 12:20:00,2019-02-27 15:51:00.000,,,RatE,PL,PZ TE 06,
2506,60005024.0,GG_KN_06A,3,16086701,CNP00178149,1225212,2015-08-04 07:00:00,2015-08-04 17:00:00,,,2015-06-22 16:11:00,2019-02-27 15:51:00.000,2015-07-22,Cancel - Reschedule within next season,Cancl,PL,PZ TE 06,
2506,60005024.0,GG_KN_06A,3,16086701,CNP00178149,1491432,2015-08-04 07:00:00,2015-08-04 17:00:00,,,2015-06-22 16:11:00,2019-02-27 15:51:00.000,,,RatE,PL,PZ TE 06,
2506,60005024.0,GG_KN_06A,3,16086701,CNP00178149,1491432,2015-08-04 07:00:00,2015-08-04 17:00:00,,,2015-06-22 16:11:00,2019-02-27 15:51:00.000,,,RatE,PL,PZ TE 06,
2506,60005024.0,GG_KN_06A,3,16095021,CNP00180953,993547,2015-09-23 07:00:00,2015-09-23 17:00:00,,,2015-08-25 17:11:00,2019-02-27 15:51:00.000,,,RatE,PL,PZ TE 06,
2506,60005024.0,GG_KN_06A,3,16095021,CNP00180953,1146085,2015-09-23 07:00:00,2015-09-23 17:00:00,,,2015-08-25 17:11:00,2019-02-27 15:51:00.000,,,Apprv,PL,PZ TE 06,
2506,60005024.0,GG_KN_06A,3,16095021,CNP00180953,1237002,2015-09-23 07:00:00,2015-09-23 17:00:00,2015-09-23 08:39:00,2015-09-23 13:09:00,2015-08-25 17:11:00,2019-02-27 15:51:00.000,,,Apprv,PL,PZ TE 06,
2506,60005024.0,GG_KN_06A,3,16095021,CNP00180953,1521297,2015-09-23 07:00:00,2015-09-23 17:00:00,2015-09-23 08:39:00,,2015-08-25 17:11:00,2019-02-27 15:51:00.000,,,Apprv,PL,PZ TE 06,
2506,60005024.0,GG_KN_06A,1,16911003,CNP00271750,3868633,2021-01-11 07:00:00,2021-01-17 17:00:00,,,2020-09-14 07:52:00,2020-09-14 14:22:42.660,,,RatE,PL,PZ TE 06,
2506,60005024.0,GG_KN_06A,1,16911003,CNP00271750,3966216,2021-01-11 07:00:00,2021-01-17 17:00:00,,,2020-09-14 07:52:00,2020-09-14 14:22:42.660,,,Apprv,PL,PZ TE 06,
2506,60005024.0,GG_KN_06A,1,16911003,CNP00271750,4113407,2021-01-11 07:00:00,2021-01-17 17:00:00,,,2020-09-14 07:52:00,2020-09-14 14:22:42.660,2020-12-29,Cancel - Reschedule date unknown,Cancl,PL,PZ TE 06,
2506,60005024.0,GG_KN_06A,1,16911069,CNP00271774,3868639,2021-01-25 07:00:00,2021-01-30 17:00:00,,,2020-09-14 08:47:00,2020-09-14 14:22:42.660,,,RatE,PL,PZ TE 06,
2506,60005024.0,GG_KN_06A,1,16911069,CNP00271774,3966901,2021-01-25 07:00:00,2021-01-30 17:00:00,,,2020-09-14 08:47:00,2020-09-14 14:22:42.660,,,Apprv,PL,PZ TE 06,
2506,60005024.0,GG_KN_06A,1,16911069,CNP00271774,4076706,2021-01-25 07:00:00,2021-01-30 17:00:00,,,2020-09-14 08:47:00,2020-09-14 14:22:42.660,2020-12-22,Cancel - Reschedule date unknown,Cancl,PL,PZ TE 06,
2506,60005024.0,GG_KN_06A,1,16979795,CNP00277317,4116068,2021-01-11 07:00:00,2021-01-12 17:00:00,,,2020-12-31 07:30:00,2020-12-31 14:21:20.740,,,RatE,PL,PZ TE 06,
2506,60005024.0,GG_KN_06A,1,16979795,CNP00277317,4116157,2021-01-11 07:00:00,2021-01-12 17:00:00,,,2020-12-31 07:30:00,2020-12-31 14:21:20.740,,,Apprv,PL,PZ TE 06,
2506,60005024.0,GG_KN_06A,1,16979795,CNP00277317,4130673,2021-01-11 07:00:00,2021-01-12 17:00:00,2021-01-11 08:18:00,,2020-12-31 07:30:00,2020-12-31 14:21:20.740,,,Apprv,PL,PZ TE 06,
2506,60005024.0,GG_KN_06A,1,16979795,CNP00277317,4134368,2021-01-11 07:00:00,2021-01-12 17:00:00,2021-01-11 08:18:00,2021-01-12 17:06:00,2020-12-31 07:30:00,2020-12-31 14:21:20.740,,,Apprv,PL,PZ TE 06,
2506,60005024.0,GG_KN_06A,3,16995937,CNP00279201,4155914,2021-02-15 07:00:00,2021-02-20 17:00:00,,,2021-01-25 15:22:00,2021-01-25 22:21:06.653,,,RatE,PL,PZ TE 06,
2506,60005024.0,GG_KN_06A,3,16995937,CNP00279201,4217550,2021-02-15 07:00:00,2021-02-20 17:00:00,,,2021-01-25 15:22:00,2021-01-25 22:21:06.653,,,Apprv,PL,PZ TE 06,
2506,60005024.0,GG_KN_06A,3,16995937,CNP00279201,4231813,2021-02-15 07:00:00,2021-02-20 17:00:00,,,2021-01-25 15:22:00,2021-01-25 22:21:06.653,2021-02-16,Cancel - Weather Conditions,Cancl,PL,PZ TE 06,
2506,60005024.0,GG_KN_06A,1,17002484,CNP00279813,4171288,2021-05-05 07:00:00,2021-05-07 17:00:00,,,2021-02-01 07:13:00,2021-02-01 14:21:13.910,,,RatE,PL,PZ TE 06,
2506,60005024.0,GG_KN_06A,1,17002484,CNP00279813,4209553,2021-05-05 07:00:00,2021-05-07 17:00:00,,,2021-02-01 07:13:00,2021-02-01 14:21:13.910,,,Apprv,PL,PZ TE 06,
2506,60005024.0,GG_KN_06A,1,17002484,CNP00279813,4348037,2021-05-05 07:00:00,2021-05-07 17:00:00,,,2021-02-01 07:13:00,2021-02-01 14:21:13.910,2021-03-03,Cancel - Reschedule date unknown,Cancl,PL,PZ TE 06,
2506,60005024.0,GG_KN_06A,3,17025046,CNP00280832,4231929,2021-03-02 07:00:00,2021-03-06 17:00:00,,,2021-02-16 11:26:00,2021-02-16 18:21:05.270,,,RatE,PL,PZ TE 06,
2506,60005024.0,GG_KN_06A,3,17025046,CNP00280832,4248411,2021-03-02 07:00:00,2021-03-06 17:00:00,,,2021-02-16 11:26:00,2021-02-16 18:21:05.270,,,Apprv,PL,PZ TE 06,
2506,60005024.0,GG_KN_06A,3,17025046,CNP00280832,4262159,2021-03-03 07:00:00,2021-03-06 17:00:00,,,2021-02-16 11:26:00,2021-02-16 18:21:05.270,,,Apprv,PL,PZ TE 06,
2506,60005024.0,GG_KN_06A,3,17025046,CNP00280832,4263508,2021-03-03 07:00:00,2021-03-06 17:00:00,,,2021-02-16 11:26:00,2021-02-16 18:21:05.270,2021-03-01,Cancel - Reschedule within next season,Cancl,PL,PZ TE 06,
2506,60005024.0,GG_KN_06A,7,17047260,CNP00281631,4260948,2021-02-28 20:30:00,2021-03-01 08:00:00,,,2021-02-28 19:31:00,2021-03-01 02:21:00.597,,,RatE,M1,PZ TE 06,
2506,60005024.0,GG_KN_06A,7,17047260,CNP00281631,4262228,2021-02-28 20:30:00,2021-03-01 08:00:00,,,2021-02-28 19:31:00,2021-03-01 02:21:00.597,2021-03-01,Cancel - Will not reschedule,Cancl,M1,PZ TE 06,
2506,60005024.0,GG_KN_06A,7,17048047,CNP00281668,4262214,2021-03-01 00:07:00,2021-03-01 04:09:00,2021-03-01 00:07:00,2021-03-01 04:09:00,2021-03-01 09:19:00,2021-03-01 16:21:07.123,,,Accpt,FR,PZ TE 06,
2506,60005024.0,GG_KN_06A,3,17048327,CNP00281747,4263371,2021-03-08 07:00:00,2021-03-12 17:00:00,,,2021-03-01 13:55:00,2021-03-01 20:21:07.237,,,RatE,PL,PZ TE 06,
2506,60005024.0,GG_KN_06A,3,17048327,CNP00281747,4366697,2021-03-08 07:00:00,2021-03-12 17:00:00,,,2021-03-01 13:55:00,2021-03-01 20:21:07.237,,,Apprv,PL,PZ TE 06,
2506,60005024.0,GG_KN_06A,3,17048327,CNP00281747,4449929,2021-03-08 07:00:00,2021-03-12 17:00:00,2021-03-08 09:50:00,,2021-03-01 13:55:00,2021-03-01 20:21:07.237,,,Apprv,PL,PZ TE 06,
2506,60005024.0,GG_KN_06A,3,17048327,CNP00281747,4457940,2021-03-08 07:00:00,2021-03-12 17:00:00,2021-03-08 09:50:00,2021-03-10 16:13:00,2021-03-01 13:55:00,2021-03-01 20:21:07.237,,,Apprv,PL,PZ TE 06,
2506,60005024.0,GG_KN_06A,1,17052340,CNP00281937,4348072,2021-05-03 07:00:00,2021-05-05 17:00:00,,,2021-03-03 10:44:00,2021-03-03 17:21:17.893,,,RatE,PL,PZ TE 06,
2506,60005024.0,GG_KN_06A,1,17052340,CNP00281937,4513181,2021-05-03 07:00:00,2021-05-05 17:00:00,,,2021-03-03 10:44:00,2021-03-03 17:21:17.893,,,Apprv,PL,PZ TE 06,
2506,60005024.0,GG_KN_06A,1,17052340,CNP00281937,4586208,2021-05-03 07:00:00,2021-05-05 17:00:00,2021-05-03 08:22:00,,2021-03-03 10:44:00,2021-03-03 17:21:17.893,,,Apprv,PL,PZ TE 06,
2506,60005024.0,GG_KN_06A,1,17052340,CNP00281937,4591002,2021-05-03 07:00:00,2021-05-05 17:00:00,2021-05-03 08:22:00,2021-05-04 18:50:00,2021-03-03 10:44:00,2021-03-03 17:21:17.893,,,Apprv,PL,PZ TE 06,
2506,60005024.0,GG_KN_06A,1,17194523,CNP00291268,4656303,2021-06-14 06:00:00,2021-06-14 12:00:00,,,2021-06-02 12:55:00,2021-06-02 18:20:54.120,,,RatE,PL,PZ TE 06,
2506,60005024.0,GG_KN_06A,1,17194523,CNP00291268,4660486,2021-06-14 06:00:00,2021-06-14 12:00:00,,,2021-06-02 12:55:00,2021-06-02 18:20:54.120,,,Apprv,PL,PZ TE 06,
2506,60005024.0,GG_KN_06A,1,17194523,CNP00291268,4716032,2021-06-14 06:00:00,2021-06-14 12:00:00,2021-06-14 08:25:00,,2021-06-02 12:55:00,2021-06-02 18:20:54.120,,,Apprv,PL,PZ TE 06,
2506,60005024.0,GG_KN_06A,1,17194523,CNP00291268,4717769,2021-06-14 06:00:00,2021-06-14 12:00:00,2021-06-14 08:25:00,2021-06-14 12:03:00,2021-06-02 12:55:00,2021-06-02 18:20:54.120,,,Apprv,PL,PZ TE 06,
2506,60005024.0,GG_KN_06A,1,17211799,CNP00292128,4717787,2021-06-15 06:00:00,2021-06-15 12:00:00,,,2021-06-14 13:12:00,2021-06-14 19:21:04.120,,,RatE,M1,PZ TE 06,
2506,60005024.0,GG_KN_06A,1,17211799,CNP00292128,4718448,2021-06-15 06:00:00,2021-06-15 12:00:00,,,2021-06-14 13:12:00,2021-06-14 19:21:04.120,,,Apprv,M1,PZ TE 06,
2506,60005024.0,GG_KN_06A,1,17211799,CNP00292128,4718814,2021-06-15 06:00:00,2021-06-15 12:00:00,2021-06-15 05:55:00,,2021-06-14 13:12:00,2021-06-14 19:21:04.120,,,Apprv,M1,PZ TE 06,
2506,60005024.0,GG_KN_06A,1,17211799,CNP00292128,4719576,2021-06-15 06:00:00,2021-06-15 12:00:00,2021-06-15 05:55:00,2021-06-15 09:43:00,2021-06-14 13:12:00,2021-06-14 19:21:04.120,,,Apprv,M1,PZ TE 06,
2506,60005024.0,GG_KN_06A,1,17435598,CNP00300681,5032454,2022-04-04 07:00:00,2022-04-15 17:00:00,,,2021-11-02 13:56:00,2021-11-02 19:21:33.460,,,RatE,PL,PZ TE 06,REQ: Clearance outage to Cut In MYKAWA (MYK) Substation - Pull in Approach spans
2506,60005024.0,GG_KN_06A,1,17435598,CNP00300681,5168554,2022-04-04 07:00:00,2022-04-15 17:00:00,,,2021-11-02 13:56:00,2021-11-02 19:21:33.460,,,Apprv,PL,PZ TE 06,REQ: Clearance outage to Cut In MYKAWA (MYK) Substation - Pull in Approach spans
2506,60005024.0,GG_KN_06A,1,17435598,CNP00300681,5352500,2022-04-04 07:00:00,2022-04-06 17:00:00,,,2021-11-02 13:56:00,2021-11-02 19:21:33.460,,,Apprv,PL,PZ TE 06,"REQ: Remove Bypass & Reconnect 6068 at PZ & Doble PE TR1 4/7 Combo
REQ: Clearance outage to Cut In MYKAWA (MYK) Substation - Pull in Approach spans"
2506,60005024.0,GG_KN_06A,1,17435598,CNP00300681,5361655,2022-04-04 07:00:00,2022-04-06 17:00:00,2022-04-04 07:58:00,,2021-11-02 13:56:00,2021-11-02 19:21:33.460,,,Apprv,PL,PZ TE 06,"REQ: Remove Bypass & Reconnect 6068 at PZ
REQ: Remove Bypass & Reconnect 6068 at PZ & Doble PE TR1 4/7 Combo
REQ: Clearance outage to Cut In MYKAWA (MYK) Substation - Pull in Approach spans"
2506,60005024.0,GG_KN_06A,1,17435598,CNP00300681,5369934,2022-04-04 07:00:00,2022-04-06 21:00:00,2022-04-04 07:58:00,,2021-11-02 13:56:00,2021-11-02 19:21:33.460,,,Accpt,UE,PZ TE 06,"REQ: Remove Bypass & Reconnect 6068 at PZ
SUP: EXTENDED
REQ: Remove Bypass & Reconnect 6068 at PZ & Doble PE TR1 4/7 Combo
REQ: Clearance outage to Cut In MYKAWA (MYK) Substation - Pull in Approach spans"
2506,60005024.0,GG_KN_06A,1,17435598,CNP00300681,5370197,2022-04-04 07:00:00,2022-04-06 21:00:00,2022-04-04 07:58:00,2022-04-06 19:31:00,2021-11-02 13:56:00,2021-11-02 19:21:33.460,,,Accpt,UE,PZ TE 06,"REQ: Remove Bypass & Reconnect 6068 at PZ
SUP: EXTENDED.
SUP: EXTENDED
REQ: Remove Bypass & Reconnect 6068 at PZ & Doble PE TR1 4/7 Combo
REQ: Clearance outage to Cut In MYKAWA (MYK) Substation - Pull in Approach spans"
2506,60005024.0,GG_KN_06A,3,17501007,CNP00303435,5128155,2022-01-09 07:00:00,2022-01-09 17:00:00,,,2021-12-15 14:31:00,2021-12-15 21:21:34.113,,,RatE,PL,PZ TE 06,REQ: Open Jumpers Structure 11319 & 25159 - Will Roll load
2506,60005024.0,GG_KN_06A,3,17501007,CNP00303435,5143080,2022-01-09 07:00:00,2022-01-09 17:00:00,,,2021-12-15 14:31:00,2021-12-15 21:21:34.113,,,Apprv,PL,PZ TE 06,REQ: Open Jumpers Structure 11319 & 25159 - Will Roll load
2506,60005024.0,GG_KN_06A,3,17501007,CNP00303435,5166013,2022-01-09 07:00:00,2022-01-09 17:00:00,2022-01-09 06:41:00,,2021-12-15 14:31:00,2021-12-15 21:21:34.113,,,Apprv,PL,PZ TE 06,REQ: Open Jumpers Structure 11319 & 25159 - Will Roll load
2506,60005024.0,GG_KN_06A,3,17501007,CNP00303435,5166137,2022-01-09 07:00:00,2022-01-09 17:00:00,2022-01-09 06:41:00,2022-01-09 13:08:00,2021-12-15 14:31:00,2021-12-15 21:21:34.113,,,Apprv,PL,PZ TE 06,REQ: Open Jumpers Structure 11319 & 25159 - Will Roll load
2506,60005024.0,GG_KN_06A,1,17531995,CNP00304526,5167536,2022-02-07 07:00:00,2022-02-12 17:00:00,,,2022-01-10 11:33:00,2022-01-10 18:21:36.000,,,RatE,PL,PZ TE 06,REQ: Clearance Outage to install Foundations MYKAWA (MYK) Substation - Will roll load
2506,60005024.0,GG_KN_06A,1,17531995,CNP00304526,5196102,2022-02-07 07:00:00,2022-02-12 17:00:00,,,2022-01-10 11:33:00,2022-01-10 18:21:36.000,,,Apprv,PL,PZ TE 06,REQ: Clearance Outage to install Foundations MYKAWA (MYK) Substation - Will roll load
2506,60005024.0,GG_KN_06A,1,17531995,CNP00304526,5223659,2022-02-07 07:00:00,2022-02-12 17:00:00,,,2022-01-10 11:33:00,2022-01-10 18:21:36.000,2022-02-04,Cancel - Materials Unavailable,Cancl,PL,PZ TE 06,REQ: Clearance Outage to install Foundations MYKAWA (MYK) Substation - Will roll load
2506,60005024.0,GG_KN_06A,1,17569770,CNP00306616,5223687,2022-02-14 07:00:00,2022-02-17 17:00:00,,,2022-02-04 07:31:00,2022-02-04 14:21:34.537,,,RatE,PL,PZ TE 06,REQ: Clearance Outage to install Foundations MYKAWA (MYK) Substation - Will roll load
2506,60005024.0,GG_KN_06A,1,17569770,CNP00306616,5224889,2022-02-14 07:00:00,2022-02-17 17:00:00,,,2022-02-04 07:31:00,2022-02-04 14:21:34.537,,,Apprv,PL,PZ TE 06,REQ: Clearance Outage to install Foundations MYKAWA (MYK) Substation - Will roll load
2506,60005024.0,GG_KN_06A,1,17569770,CNP00306616,5230275,2022-02-14 07:00:00,2022-02-15 17:00:00,,,2022-02-04 07:31:00,2022-02-04 14:21:34.537,,,Apprv,PL,PZ TE 06,REQ: Clearance Outage to install Foundations MYKAWA (MYK) Substation - Will roll load
2506,60005024.0,GG_KN_06A,1,17569770,CNP00306616,5242302,2022-02-14 07:00:00,2022-02-15 17:00:00,2022-02-14 06:30:00,,2022-02-04 07:31:00,2022-02-04 14:21:34.537,,,Apprv,PL,PZ TE 06,REQ: Clearance Outage to install Foundations MYKAWA (MYK) Substation - Will roll load
2506,60005024.0,GG_KN_06A,1,17569770,CNP00306616,5246835,2022-02-14 07:00:00,2022-02-15 17:00:00,2022-02-14 06:30:00,2022-02-15 17:16:00,2022-02-04 07:31:00,2022-02-04 14:21:34.537,,,Apprv,PL,PZ TE 06,REQ: Clearance Outage to install Foundations MYKAWA (MYK) Substation - Will roll load
2506,60005024.0,GG_KN_06A,1,17576758,CNP00306940,5232469,2022-03-21 07:00:00,2022-03-25 17:00:00,,,2022-02-09 08:00:00,2022-02-09 14:21:36.643,,,RatE,PL,PZ TE 06,REQ: Install Isolators at PZ - Install Temp Bypass to T3HSX - Will Roll Load
2506,60005024.0,GG_KN_06A,1,17576758,CNP00306940,5303281,2022-03-21 07:00:00,2022-03-25 17:00:00,,,2022-02-09 08:00:00,2022-02-09 14:21:36.643,,,Apprv,PL,PZ TE 06,"REQ: TOP to remove wire from switch 6068 and connect to temp bypass to T3HSX - Will roll load
REQ: Install Isolators at PZ - Install Temp Bypass to T3HSX - Will Roll Load"
2506,60005024.0,GG_KN_06A,1,17576758,CNP00306940,5303281,2022-03-21 07:00:00,2022-03-25 17:00:00,,,2022-02-09 08:00:00,2022-02-09 14:21:36.643,,,Apprv,PL,PZ TE 06,REQ: Install Isolators at PZ - Install Temp Bypass to T3HSX - Will Roll Load
2506,60005024.0,GG_KN_06A,1,17576758,CNP00306940,5317567,2022-03-22 07:00:00,2022-03-25 17:00:00,,,2022-02-09 08:00:00,2022-02-09 14:21:36.643,,,Apprv,PL,PZ TE 06,"REQ: TOP to remove wire from switch 6068 and connect to temp bypass to T3HSX - Will roll load
REQ: Install Isolators at PZ - Install Temp Bypass to T3HSX - Will Roll Load"
2506,60005024.0,GG_KN_06A,1,17576758,CNP00306940,5329194,2022-03-22 07:00:00,2022-03-25 17:00:00,2022-03-22 14:46:00,,2022-02-09 08:00:00,2022-02-09 14:21:36.643,,,Apprv,PL,PZ TE 06,"REQ: TOP to remove wire from switch 6068 and connect to temp bypass to T3HSX - Will roll load
REQ: Install Isolators at PZ - Install Temp Bypass to T3HSX - Will Roll Load"
2506,60005024.0,GG_KN_06A,1,17576758,CNP00306940,5341368,2022-03-22 07:00:00,2022-03-25 17:00:00,2022-03-22 14:46:00,2022-03-25 16:30:00,2022-02-09 08:00:00,2022-02-09 14:21:36.643,,,Apprv,PL,PZ TE 06,"REQ: TOP to remove wire from switch 6068 and connect to temp bypass to T3HSX - Will roll load
REQ: Install Isolators at PZ - Install Temp Bypass to T3HSX - Will Roll Load"
2506,60005024.0,GG_KN_06A,3,17611323,CNP00308555,5299219,2022-04-30 07:00:00,2022-04-30 17:00:00,,,2022-03-09 11:02:00,2022-03-09 18:21:36.623,,,RatE,PL,PZ TE 06,REQ: Will open jumpers @ Str 11295 & Str 25159
2506,60005024.0,GG_KN_06A,3,17611323,CNP00308555,5299219,2022-04-30 07:00:00,2022-04-30 17:00:00,,,2022-03-09 11:02:00,2022-03-09 18:21:36.623,,,RatE,PL,PZ TE 06,"REQ: Will open jumpers @ Str 11295 & Str 25159 - Will Roll all loads
REQ: Will open jumpers @ Str 11295 & Str 25159"
2506,60005024.0,GG_KN_06A,3,17611323,CNP00308555,5347214,2022-04-30 07:00:00,2022-04-30 17:00:00,,,2022-03-09 11:02:00,2022-03-09 18:21:36.623,,,Apprv,PL,PZ TE 06,"REQ: Will open jumpers @ Str 11295 & Str 25159 - Will Roll all loads
REQ: Will open jumpers @ Str 11295 & Str 25159"
2506,60005024.0,GG_KN_06A,3,17611323,CNP00308555,5368955,2022-04-30 07:00:00,2022-04-30 17:00:00,,,2022-03-09 11:02:00,2022-03-09 18:21:36.623,2022-04-06,Cancel - Reschedule date unknown,Cancl,PL,PZ TE 06,"REQ: Will open jumpers @ Str 11295 & Str 25159 - Will Roll all loads
REQ: Will open jumpers @ Str 11295 & Str 25159"
2506,60005024.0,GG_KN_06A,3,17631780,CNP00309981,5365851,2022-04-13 07:00:00,2022-04-13 17:00:00,,,2022-04-05 13:00:00,2022-04-05 18:21:29.670,,,RatE,PL,PZ TE 06,REQ: Close Jumpers Return Line 06 Normal - Will roll load
2506,60005024.0,GG_KN_06A,3,17631780,CNP00309981,5387535,2022-04-13 07:00:00,2022-04-13 17:00:00,,,2022-04-05 13:00:00,2022-04-05 18:21:29.670,,,Apprv,PL,PZ TE 06,REQ: Close Jumpers Return Line 06 Normal - Will roll load
2506,60005024.0,GG_KN_06A,3,17631780,CNP00309981,5400282,2022-04-13 07:00:00,2022-04-13 17:00:00,2022-04-13 08:27:00,,2022-04-05 13:00:00,2022-04-05 18:21:29.670,,,Apprv,PL,PZ TE 06,REQ: Close Jumpers Return Line 06 Normal - Will roll load
2506,60005024.0,GG_KN_06A,3,17631780,CNP00309981,5401906,2022-04-13 07:00:00,2022-04-13 17:00:00,2022-04-13 08:27:00,2022-04-13 15:52:00,2022-04-05 13:00:00,2022-04-05 18:21:29.670,,,Apprv,PL,PZ TE 06,REQ: Close Jumpers Return Line 06 Normal - Will roll load
2506,60005024.0,GG_KN_06A,3,17632679,CNP00310022,5368954,2022-04-18 07:00:00,2022-04-26 17:00:00,,,2022-04-06 12:30:00,2022-04-06 18:21:27.503,2022-04-06,Cancel - Reschedule date unknown,Cancl,PL,PZ TE 06,REQ: & Section at PZ - Clearance Outage to Cut In MYK Sub - Upgrade Carrier Equip at PZ - Will Roll Load
2506,60005024.0,GG_KN_06A,3,17632736,CNP00310049,5368941,2022-04-18 07:00:00,2022-04-26 17:00:00,,,2022-04-06 12:35:00,2022-04-06 18:21:27.503,,,RatE,PL,PZ TE 06,REQ: & Section at PZ - Clearance Outage to Cut In MYK Sub - Upgrade Carrier Equip at PZ - Will Roll Load
2506,60005024.0,GG_KN_06A,3,17632736,CNP00310049,5396059,2022-04-18 07:00:00,2022-04-26 17:00:00,,,2022-04-06 12:35:00,2022-04-06 18:21:27.503,,,Apprv,PL,PZ TE 06,REQ: & Section at PZ - Clearance Outage to Cut In MYK Sub - Upgrade Carrier Equip at PZ - Will Roll Load
2506,60005024.0,GG_KN_06A,3,17632736,CNP00310049,5412301,2022-04-18 07:00:00,2022-04-26 17:00:00,2022-04-18 07:59:00,,2022-04-06 12:35:00,2022-04-06 18:21:27.503,,,Apprv,PL,PZ TE 06,REQ: & Section at PZ - Clearance Outage to Cut In MYK Sub - Upgrade Carrier Equip at PZ - Will Roll Load
2506,60005024.0,GG_KN_06A,3,17632736,CNP00310049,5437119,2022-04-18 07:00:00,2022-04-26 17:00:00,2022-04-18 07:59:00,2022-04-26 17:00:00,2022-04-06 12:35:00,2022-04-06 18:21:27.503,,,Apprv,PL,PZ TE 06,"REQ: & Section at PZ - Clearance Outage to Cut In MYK Sub - Upgrade Carrier Equip at PZ - Will Roll Load
SUP: EXTENDED"
2506,60005024.0,GG_KN_06A,3,17647080,CNP00311240,5436555,2022-04-26 17:01:00,2022-04-27 17:00:00,,,2022-04-26 15:51:00,2022-04-26 21:21:28.027,,,RatE,M1,PZ TE 06,REQ: & Section at PZ - Unavoidable extension due to Relay Settings at PZ Sub - Will Roll Load
2506,60005024.0,GG_KN_06A,3,17647080,CNP00311240,5436921,2022-04-26 17:01:00,2022-04-27 17:00:00,,,2022-04-26 15:51:00,2022-04-26 21:21:28.027,,,Apprv,M1,PZ TE 06,REQ: & Section at PZ - Unavoidable extension due to Relay Settings at PZ Sub - Will Roll Load
2506,60005024.0,GG_KN_06A,3,17647080,CNP00311240,5437037,2022-04-26 17:01:00,2022-04-27 17:00:00,2022-04-26 17:01:00,,2022-04-26 15:51:00,2022-04-26 21:21:28.027,,,Apprv,M1,PZ TE 06,REQ: & Section at PZ - Unavoidable extension due to Relay Settings at PZ Sub - Will Roll Load
2506,60005024.0,GG_KN_06A,3,17647080,CNP00311240,5441186,2022-04-26 17:01:00,2022-04-27 23:59:00,2022-04-26 17:01:00,,2022-04-26 15:51:00,2022-04-26 21:21:28.027,,,Accpt,UE,PZ TE 06,"REQ: & Section at PZ - Unavoidable extension due to Relay Settings at PZ Sub - Will Roll Load
SUP: extended"
2506,60005024.0,GG_KN_06A,3,17647080,CNP00311240,5441261,2022-04-26 17:01:00,2022-04-28 23:59:00,2022-04-26 17:01:00,,2022-04-26 15:51:00,2022-04-26 21:21:28.027,,,Accpt,UE,PZ TE 06,"REQ: & Section at PZ - Unavoidable extension due to Relay Settings at PZ Sub - Will Roll Load
SUP: extended"
2506,60005024.0,GG_KN_06A,3,17647080,CNP00311240,5444109,2022-04-26 17:01:00,2022-04-28 17:00:00,2022-04-26 17:01:00,2022-04-28 15:45:00,2022-04-26 15:51:00,2022-04-26 21:21:28.027,,,Accpt,UE,PZ TE 06,"REQ: & Section at PZ - Unavoidable extension due to Relay Settings at PZ Sub - Will Roll Load
SUP: extended"
2506,60005024.0,GG_KN_06A,9,17649078,CNP00311447,5444106,2022-04-28 17:01:00,2022-05-25 23:59:00,,,2022-04-28 15:51:00,2022-04-28 21:21:33.113,,,RatE,M1,PZ TE 06,"REQ: Retirement of Old Equipment
SUP: Retirement of Equipment"
2506,60005024.0,GG_KN_06A,9,17649078,CNP00311447,5444696,2022-04-28 17:01:00,2022-05-25 23:59:00,,,2022-04-28 15:51:00,2022-04-28 21:21:33.113,,,Apprv,M1,PZ TE 06,"REQ: Retirement of Old Equipment
SUP: Retirement of Equipment"
2506,60005024.0,GG_KN_06A,9,17649078,CNP00311447,5444736,2022-04-28 17:01:00,2022-05-25 23:59:00,2022-04-28 17:01:00,,2022-04-28 15:51:00,2022-04-28 21:21:33.113,,,Apprv,M1,PZ TE 06,"REQ: Retirement of Old Equipment
SUP: Retirement of Equipment"
2506,60005024.0,GG_KN_06A,9,17649078,CNP00311447,5445704,2022-04-28 17:01:00,2022-04-28 17:02:00,2022-04-28 17:01:00,2022-04-28 17:02:00,2022-04-28 15:51:00,2022-04-28 21:21:33.113,,,Apprv,M1,PZ TE 06,"REQ: Fri Apr 29 09:20:57 CDT 2022: Actual End has been auto-populated by OS due to Nature Of Work = Retirement of Old Equipment
REQ: Retirement of Old Equipment
SUP: Retirement of Equipment"
2506,60005024.0,GG_KN_06A,3,17653785,CNP00311833,5461066,2022-05-10 07:00:00,2022-05-10 16:00:00,,,2022-05-05 11:19:00,2022-05-05 17:21:30.390,,,RatE,PL,PZ MYK06,REQ: Will open jumpers @ Str 11295 & Str. 25159 - Will Roll load @ GG & KN
2506,60005024.0,GG_KN_06A,3,17653785,CNP00311833,5461529,2022-05-11 07:00:00,2022-05-11 16:00:00,,,2022-05-05 11:19:00,2022-05-05 17:21:30.390,,,RatE,PL,PZ MYK06,REQ: Will open jumpers @ Str 11295 & Str. 25159 - Will Roll load @ GG & KN
2506,60005024.0,GG_KN_06A,3,17653785,CNP00311833,5461934,2022-05-11 07:00:00,2022-05-11 16:00:00,,,2022-05-05 11:19:00,2022-05-05 17:21:30.390,,,Apprv,PL,PZ MYK06,REQ: Will open jumpers @ Str 11295 & Str. 25159 - Will Roll load @ GG & KN
2506,60005024.0,GG_KN_06A,3,17653785,CNP00311833,5474761,2022-05-11 07:00:00,2022-05-11 16:00:00,2022-05-11 08:38:00,,2022-05-05 11:19:00,2022-05-05 17:21:30.390,,,Apprv,PL,PZ MYK06,REQ: Will open jumpers @ Str 11295 & Str. 25159 - Will Roll load @ GG & KN
2506,60005024.0,GG_KN_06A,3,17653785,CNP00311833,5475644,2022-05-11 07:00:00,2022-05-11 16:00:00,2022-05-11 08:38:00,2022-05-11 15:08:00,2022-05-05 11:19:00,2022-05-05 17:21:30.390,,,Apprv,PL,PZ MYK06,REQ: Will open jumpers @ Str 11295 & Str. 25159 - Will Roll load @ GG & KN
2506,60005024.0,GG_KN_06A,9,17671462,CNP00312935,5523469,2022-05-26 00:00:00,2022-06-07 23:59:00,2022-05-26 00:00:00,2022-05-26 00:01:00,2022-05-31 08:33:00,2022-05-31 14:21:34.757,,,Accpt,FR,,"REQ: Retirement of Old Equipment
SUP: NOMCR Removal changed dates."
2506,60005024.0,GG_KN_06A,3,17680467,CNP00313599,5552015,2022-06-30 06:00:00,2022-06-30 12:00:00,,,2022-06-14 12:22:00,2022-06-14 18:21:36.010,,,RatE,PL,PZ MYK06,REQ: Will close jumpers @ Str. 11295 & Str. 25159 - Will Roll load @ GG & KN
2506,60005024.0,GG_KN_06A,3,17680467,CNP00313599,5557817,2022-06-30 06:00:00,2022-06-30 12:00:00,,,2022-06-14 12:22:00,2022-06-14 18:21:36.010,,,Apprv,PL,PZ MYK06,REQ: Will close jumpers @ Str. 11295 & Str. 25159 - Will Roll load @ GG & KN
2506,60005024.0,GG_KN_06A,3,17680467,CNP00313599,5583585,2022-06-30 06:00:00,2022-06-30 12:00:00,,,2022-06-14 12:22:00,2022-06-14 18:21:36.010,2022-06-29,Cancel - Will not reschedule,Cancl,PL,PZ MYK06,REQ: Will close jumpers @ Str. 11295 & Str. 25159 - Will Roll load @ GG & KN
2506,60005024.0,GG_KN_06A,3,17689958,CNP00314253,5580755,2022-06-29 06:00:00,2022-06-29 12:00:00,,,2022-06-28 13:49:00,2022-06-28 19:21:35.713,,,RatE,M1,MYKPZ 06,"REQ: Will close jumpers @ Str. 11295 & Str. 25159 - Will Roll load @ GG & KN
SUP: Return GG sub to normal configuration due to extreme weather forecast for 6/30/22"
2506,60005024.0,GG_KN_06A,3,17689958,CNP00314253,5581343,2022-06-29 06:00:00,2022-06-29 12:00:00,,,2022-06-28 13:49:00,2022-06-28 19:21:35.713,,,Apprv,M1,MYKPZ 06,"REQ: Will close jumpers @ Str. 11295 & Str. 25159 - Will Roll load @ GG & KN
SUP: Return GG sub to normal configuration due to extreme weather forecast for 6/30/22"
2506,60005024.0,GG_KN_06A,3,17689958,CNP00314253,5582090,2022-06-29 06:00:00,2022-06-29 12:00:00,2022-06-29 06:29:00,,2022-06-28 13:49:00,2022-06-28 19:21:35.713,,,Apprv,M1,MYKPZ 06,"REQ: Will close jumpers @ Str. 11295 & Str. 25159 - Will Roll load @ GG & KN
SUP: Return GG sub to normal configuration due to extreme weather forecast for 6/30/22"
2506,60005024.0,GG_KN_06A,3,17689958,CNP00314253,5583586,2022-06-29 06:00:00,2022-06-29 12:00:00,2022-06-29 06:29:00,2022-06-29 11:26:00,2022-06-28 13:49:00,2022-06-28 19:21:35.713,,,Apprv,M1,MYKPZ 06,"REQ: Will close jumpers @ Str. 11295 & Str. 25159 - Will Roll load @ GG & KN
SUP: Return GG sub to normal configuration due to extreme weather forecast for 6/30/22"
2506,60005024.0,GG_KN_06A,1,17781537,CNP00320165,5901993,2023-04-17 07:00:00,2023-04-20 17:00:00,,,2022-11-10 12:39:00,2022-11-10 19:21:48.533,,,RatE,PL,MYKPZ 06,REQ: & sect at MYK - Pulling wire span from new DE STR to 7068 Rack - Tie in new Lo Pro Dist Sub - Will Roll load
2506,60005024.0,GG_KN_06A,1,17781537,CNP00320165,6054135,2023-04-17 07:00:00,2023-04-20 17:00:00,,,2022-11-10 12:39:00,2022-11-10 19:21:48.533,,,Apprv,PL,MYKPZ 06,REQ: & sect at MYK - Pulling wire span from new DE STR to 7068 Rack - Tie in new Lo Pro Dist Sub - Will Roll load
2506,60005024.0,GG_KN_06A,1,17781537,CNP00320165,6060729,2023-04-17 07:00:00,2023-04-20 17:00:00,,,2022-11-10 12:39:00,2022-11-10 19:21:48.533,2023-01-27,Cancel - Materials Unavailable,Cancl,PL,MYKPZ 06,REQ: & sect at MYK - Pulling wire span from new DE STR to 7068 Rack - Tie in new Lo Pro Dist Sub - Will Roll load
2506,60005024.0,GG_KN_06A,1,17834553,CNP00324378,6060719,2023-05-05 07:00:00,2023-05-08 17:00:00,,,2023-01-27 14:21:00,2023-01-27 21:21:48.890,,,RatE,PL,MYKPZ 06,REQ: & sect at MYK - Pulling wire span from new DE STR to 7068 Rack - Tie in new Lo Pro Dist Sub - Will Roll load
2506,60005024.0,GG_KN_06A,1,17834553,CNP00324378,6102373,2023-05-05 07:00:00,2023-05-08 17:00:00,,,2023-01-27 14:21:00,2023-01-27 21:21:48.890,,,Apprv,PL,MYKPZ 06,REQ: & sect at MYK - Pulling wire span from new DE STR to 7068 Rack - Tie in new Lo Pro Dist Sub - Will Roll load
2506,60005024.0,GG_KN_06A,1,17834553,CNP00324378,6300699,2023-05-05 07:00:00,2023-05-08 17:00:00,2023-05-05 08:04:00,,2023-01-27 14:21:00,2023-01-27 21:21:48.890,,,Apprv,PL,MYKPZ 06,REQ: & sect at MYK - Pulling wire span from new DE STR to 7068 Rack - Tie in new Lo Pro Dist Sub - Will Roll load
2506,60005024.0,GG_KN_06A,1,17834553,CNP00324378,6306651,2023-05-05 07:00:00,2023-05-08 17:00:00,2023-05-05 08:04:00,2023-05-08 15:53:00,2023-01-27 14:21:00,2023-01-27 21:21:48.890,,,Apprv,PL,MYKPZ 06,REQ: & sect at MYK - Pulling wire span from new DE STR to 7068 Rack - Tie in new Lo Pro Dist Sub - Will Roll load
2506,60005024.0,GG_KN_06A,5,17900360,CNP00328998,6272510,2023-04-25 14:00:00,2023-04-25 20:00:00,2023-04-25 14:00:00,,2023-04-25 14:31:00,2023-04-25 20:21:47.237,,,Accpt,FR,MYKPZ 06,"REQ: FORCED OUT
SUP: FORCED OUT"
2506,60005024.0,GG_KN_06A,5,17900360,CNP00328998,6273061,2023-04-25 14:00:00,2023-04-25 20:00:00,2023-04-25 14:00:00,2023-04-25 16:24:00,2023-04-25 14:31:00,2023-04-25 20:21:47.237,,,Accpt,FR,MYKPZ 06,"REQ: FORCED OUT
SUP: FORCED OUT"
2506,60005024.0,GG_KN_06A,1,17958473,CNP00332884,6463278,2023-10-09 07:00:00,2023-10-14 17:00:00,,,2023-07-25 15:08:00,2023-07-25 21:21:46.200,,,RatE,PL,MYKPZ 06,REQ: & sect w/ 138C bus at MYK - TOP Rolling phases at MYK & NHP installing/reconfiguring CT's & PT's - See TE06 outage - Will Roll Load
2506,60005024.0,GG_KN_06A,1,17958473,CNP00332884,6547251,2023-10-09 07:00:00,2023-10-14 17:00:00,,,2023-07-25 15:08:00,2023-07-25 21:21:46.200,,,Apprv,PL,MYKPZ 06,REQ: & sect w/ 138C bus at MYK - TOP Rolling phases at MYK & NHP installing/reconfiguring CT's & PT's - See TE06 outage - Will Roll Load
2506,60005024.0,GG_KN_06A,1,17958473,CNP00332884,6604898,2023-10-09 07:00:00,2023-10-09 13:00:00,,,2023-07-25 15:08:00,2023-07-25 21:21:46.200,,,Apprv,PL,MYKPZ 06,REQ: & sect w/ 138C bus at MYK - TOP Rolling phases at MYK & NHP installing/reconfiguring CT's & PT's - See TE06 outage - Will Roll Load
2506,60005024.0,GG_KN_06A,1,17958473,CNP00332884,6625602,2023-10-09 07:00:00,2023-10-09 13:00:00,2023-10-09 06:31:00,,2023-07-25 15:08:00,2023-07-25 21:21:46.200,,,Apprv,PL,MYKPZ 06,REQ: & sect w/ 138C bus at MYK - TOP Rolling phases at MYK & NHP installing/reconfiguring CT's & PT's - See TE06 outage - Will Roll Load
2506,60005024.0,GG_KN_06A,1,17958473,CNP00332884,6627566,2023-10-09 07:00:00,2023-10-09 13:00:00,2023-10-09 06:31:00,2023-10-09 13:39:00,2023-07-25 15:08:00,2023-07-25 21:21:46.200,,,Apprv,PL,MYKPZ 06,REQ: & sect w/ 138C bus at MYK - TOP Rolling phases at MYK & NHP installing/reconfiguring CT's & PT's - See TE06 outage - Will Roll Load
2506,60005024.0,GG_KN_06A,1,18003862,CNP00336343,6604951,2023-10-14 07:00:00,2023-10-14 17:00:00,,,2023-09-29 13:55:00,2023-09-29 19:21:34.170,,,RatE,PL,MYKPZ 06,REQ: & sect w/ 138C bus at MYK - TOP (Vinson) to Close jumpers on STR#09992 - See TE06 outage - Will Roll Load  TOP Rolling phases at MYK & NHP installing/reconfiguring CT's & PT's
2506,60005024.0,GG_KN_06A,1,18003862,CNP00336343,6616063,2023-10-14 07:00:00,2023-10-14 17:00:00,,,2023-09-29 13:55:00,2023-09-29 19:21:34.170,,,Apprv,PL,MYKPZ 06,REQ: & sect w/ 138C bus at MYK - TOP (Vinson) to Close jumpers on STR#09992 - See TE06 outage - Will Roll Load  TOP Rolling phases at MYK & NHP installing/reconfiguring CT's & PT's
2506,60005024.0,GG_KN_06A,1,18003862,CNP00336343,6641569,2023-10-14 07:00:00,2023-10-14 17:00:00,2023-10-14 07:24:00,,2023-09-29 13:55:00,2023-09-29 19:21:34.170,,,Apprv,PL,MYKPZ 06,REQ: & sect w/ 138C bus at MYK - TOP (Vinson) to Close jumpers on STR#09992 - See TE06 outage - Will Roll Load  TOP Rolling phases at MYK & NHP installing/reconfiguring CT's & PT's
2506,60005024.0,GG_KN_06A,1,18003862,CNP00336343,6641879,2023-10-14 07:00:00,2023-10-14 17:00:00,2023-10-14 07:24:00,2023-10-14 15:58:00,2023-09-29 13:55:00,2023-09-29 19:21:34.170,,,Apprv,PL,MYKPZ 06,REQ: & sect w/ 138C bus at MYK - TOP (Vinson) to Close jumpers on STR#09992 - See TE06 outage - Will Roll Load  TOP Rolling phases at MYK & NHP installing/reconfiguring CT's & PT's
2506,60005024.0,GG_KN_06A,10,18114177,CNP00343683,6955951,2024-02-29 09:30:00,2024-02-29 19:00:00,,,2024-02-29 09:23:00,2024-02-29 16:22:42.183,,,Apprv,M1,PZ 6068,"REQ: REPAIR T2HS AT KNIGHT
SUP: REPAIR T2HS AT KNIGHT"
2506,60005024.0,GG_KN_06A,10,18114177,CNP00343683,6957098,2024-02-29 09:30:00,2024-02-29 19:00:00,2024-02-29 11:20:00,,2024-02-29 09:23:00,2024-02-29 16:22:42.183,,,Apprv,M1,PZ 6068,"REQ: REPAIR T2HS AT KNIGHT
SUP: REPAIR T2HS AT KNIGHT"
2506,60005024.0,GG_KN_06A,10,18114177,CNP00343683,6957797,2024-02-29 09:30:00,2024-02-29 19:00:00,2024-02-29 11:20:00,2024-02-29 14:54:00,2024-02-29 09:23:00,2024-02-29 16:22:42.183,,,Apprv,M1,PZ 6068,"REQ: REPAIR T2HS AT KNIGHT
SUP: REPAIR T2HS AT KNIGHT"
2506,60005024.0,GG_KN_06A,1,18200003,CNP00350003,7228663,2024-06-27 07:00:00,2024-06-27 17:00:00,,,2024-06-18 12:54:00,2024-06-18 18:22:29.947,,,RatE,PL,MYKPZ 06,REQ: Clearance outage -PCS work -Will roll load
2506,60005024.0,GG_KN_06A,1,18200003,CNP00350003,7231763,2024-06-27 07:00:00,2024-06-27 17:00:00,,,2024-06-18 12:54:00,2024-06-18 18:22:29.947,,,Apprv,PL,MYKPZ 06,REQ: Clearance outage -PCS work -Will roll load
2506,60005024.0,GG_KN_06A,1,18200003,CNP00350003,7234206,2024-06-27 07:00:00,2024-06-27 12:00:00,,,2024-06-18 12:54:00,2024-06-18 18:22:29.947,,,Apprv,PL,MYKPZ 06,REQ: Clearance outage -PCS work -Will roll load
2506,60005024.0,GG_KN_06A,1,18200003,CNP00350003,7248886,2024-06-27 07:00:00,2024-06-27 12:00:00,2024-06-27 07:00:00,,2024-06-18 12:54:00,2024-06-18 18:22:29.947,,,Apprv,PL,MYKPZ 06,REQ: Clearance outage -PCS work -Will roll load
2506,60005024.0,GG_KN_06A,1,18200003,CNP00350003,7249643,2024-06-27 07:00:00,2024-06-27 12:00:00,2024-06-27 07:00:00,2024-06-27 11:27:00,2024-06-18 12:54:00,2024-06-18 18:22:29.947,,,Apprv,PL,MYKPZ 06,REQ: Clearance outage -PCS work -Will roll load
2506,60005024.0,GG_KN_06A,1,18201186,CNP00350168,7234204,2024-06-27 05:00:00,2024-06-27 06:59:00,,,2024-06-20 09:41:00,2024-06-20 15:22:21.350,,,RatE,PL,MYKPZ 06,REQ: Clearance outage -PCS work -Will roll load
2506,60005024.0,GG_KN_06A,1,18201186,CNP00350168,7235965,2024-06-27 05:00:00,2024-06-27 06:59:00,,,2024-06-20 09:41:00,2024-06-20 15:22:21.350,,,Apprv,PL,MYKPZ 06,REQ: Clearance outage -PCS work -Will roll load
2506,60005024.0,GG_KN_06A,1,18201186,CNP00350168,7248645,2024-06-27 05:00:00,2024-06-27 06:59:00,2024-06-27 05:35:00,,2024-06-20 09:41:00,2024-06-20 15:22:21.350,,,Apprv,PL,MYKPZ 06,REQ: Clearance outage -PCS work -Will roll load
2506,60005024.0,GG_KN_06A,1,18201186,CNP00350168,7248898,2024-06-27 05:00:00,2024-06-27 06:59:00,2024-06-27 05:35:00,2024-06-27 06:59:00,2024-06-20 09:41:00,2024-06-20 15:22:21.350,,,Apprv,PL,MYKPZ 06,REQ: Clearance outage -PCS work -Will roll load
2506,60005024.0,GG_KN_06A,3,18540347,CNP00374778,8341891,2025-12-01 07:00:00,2025-12-06 17:00:00,,,2025-09-18 06:10:00,2025-09-18 12:20:40.540,,,RatE,PL,MYKPZ 06,REQ: Set new poles and transfer wire -Will roll load
2506,60005024.0,GG_KN_06A,3,18540347,CNP00374778,8474532,2025-12-01 07:00:00,2025-12-06 17:00:00,,,2025-09-18 06:10:00,2025-09-18 12:20:40.540,,,Apprv,PL,MYKPZ 06,REQ: Set new poles and transfer wire -Will roll load
2506,60005024.0,GG_KN_06A,3,18540347,CNP00374778,8558609,2025-12-01 09:00:00,2025-12-06 17:00:00,,,2025-09-18 06:10:00,2025-09-18 12:20:40.540,,,Apprv,PL,MYKPZ 06,REQ: Set new poles and transfer wire -Will roll load
2506,60005024.0,GG_KN_06A,3,18540347,CNP00374778,8571052,2025-12-01 09:00:00,2025-12-06 17:00:00,2025-12-01 11:44:00,,2025-09-18 06:10:00,2025-09-18 12:20:40.540,,,Apprv,PL,MYKPZ 06,REQ: Set new poles and transfer wire -Will roll load
2506,60005024.0,GG_KN_06A,3,18540347,CNP00374778,8589824,2025-12-01 09:00:00,2025-12-06 17:00:00,2025-12-01 11:44:00,2025-12-06 17:00:00,2025-09-18 06:10:00,2025-09-18 12:20:40.540,,,Apprv,PL,MYKPZ 06,REQ: Set new poles and transfer wire -Will roll load
2506,60005024.0,GG_KN_06A,3,18589400,CNP00377286,8525973,2025-12-06 17:01:00,2025-12-09 17:00:00,,,2025-11-13 09:48:00,2025-11-13 16:20:47.183,,,RatE,PL,MYKPZ 06,REQ: Set new poles and transfer wire -Will roll load
2506,60005024.0,GG_KN_06A,3,18589400,CNP00377286,8570717,2025-12-06 17:01:00,2025-12-09 17:00:00,,,2025-11-13 09:48:00,2025-11-13 16:20:47.183,,,Apprv,PL,MYKPZ 06,REQ: Set new poles and transfer wire -Will roll load
2506,60005024.0,GG_KN_06A,3,18589400,CNP00377286,8589820,2025-12-06 17:01:00,2025-12-09 17:00:00,2025-12-06 17:01:00,,2025-11-13 09:48:00,2025-11-13 16:20:47.183,,,Apprv,PL,MYKPZ 06,REQ: Set new poles and transfer wire -Will roll load
2506,60005024.0,GG_KN_06A,3,18589400,CNP00377286,8597745,2025-12-06 17:01:00,2025-12-09 17:00:00,2025-12-06 17:01:00,2025-12-09 19:00:00,2025-11-13 09:48:00,2025-11-13 16:20:47.183,,,Apprv,PL,MYKPZ 06,REQ: Set new poles and transfer wire -Will roll load
2506,60005024.0,GG_KN_06A,3,18678908,CNP00383582,8811857,2026-05-01 07:00:00,2026-05-15 17:00:00,,,2026-03-02 08:01:00,2026-03-02 15:21:29.143,,,RatE,PL,MYKPZ 06,REQ: Line Rebuild / Upgrade - Will roll load
2506,60005024.0,GG_KN_06A,3,18678908,CNP00383582,8902967,2026-05-01 07:00:00,2026-05-15 14:00:00,,,2026-03-02 08:01:00,2026-03-02 15:21:29.143,,,RatE,PL,MYKPZ 06,REQ: Line Rebuild / Upgrade - Will roll load
2506,60005024.0,GG_KN_06A,3,18678908,CNP00383582,8905430,2026-05-01 07:00:00,2026-05-15 14:00:00,,,2026-03-02 08:01:00,2026-03-02 15:21:29.143,,,Apprv,PL,MYKPZ 06,REQ: Line Rebuild / Upgrade - Will roll load
2506,60005024.0,GG_KN_06A,3,18678908,CNP00383582,9020960,2026-05-01 07:00:00,2026-05-15 14:00:00,2026-05-02 05:30:00,,2026-03-02 08:01:00,2026-03-02 15:21:29.143,,,Apprv,PL,MYKPZ 06,REQ: Line Rebuild / Upgrade - Will roll load
2506,60005024.0,GG_KN_06A,3,18678908,CNP00383582,9045665,2026-05-01 07:00:00,2026-05-15 14:00:00,2026-05-02 05:30:00,2026-05-11 15:56:00,2026-03-02 08:01:00,2026-03-02 15:21:29.143,,,Apprv,PL,MYKPZ 06,REQ: Line Rebuild / Upgrade - Will roll load
2506,60005024.0,GG_KN_06A,3,18775175,CNP00389807,9174909,2026-09-19 07:30:00,2026-09-19 13:00:00,,,2026-06-25 09:57:00,2026-06-25 15:21:21.067,,,RatE,PL,MYKPZ 06,REQ: Clearance to lift jumpers at structure 11319
2506,60005024.0,GG_KN_06A,3,18775178,CNP00389810,9174919,2026-10-03 07:30:00,2026-10-03 13:00:00,,,2026-06-25 09:59:00,2026-06-25 15:21:21.067,,,RatE,PL,MYKPZ 06,REQ: Clearance to restore jumpers at structure 11319
2507,60005666.0,KN_PZ_06A,3,15636794,CNP00239882,1044303,2019-01-07 07:00:00,2019-01-16 17:00:00,2019-01-07 15:06:00,,2018-11-12 10:08:00,2019-02-27 15:51:00.000,,,Apprv,PL,PZ TE 06,
2507,60005666.0,KN_PZ_06A,3,15636794,CNP00239882,1092820,2019-01-07 07:00:00,2019-01-17 17:00:00,2019-01-07 15:06:00,,2018-11-12 10:08:00,2019-02-27 15:51:00.000,,,Accpt,UE,PZ TE 06,
2507,60005666.0,KN_PZ_06A,3,15636794,CNP00239882,1387029,2019-01-07 07:00:00,2019-01-16 17:00:00,,,2018-11-12 10:08:00,2019-02-27 15:51:00.000,,,RatE,PL,PZ TE 06,
2507,60005666.0,KN_PZ_06A,3,15636794,CNP00239882,1522045,2019-01-07 07:00:00,2019-01-17 17:00:00,2019-01-07 15:06:00,2019-01-17 17:02:00,2018-11-12 10:08:00,2019-02-27 15:51:00.000,,,Accpt,UE,PZ TE 06,
2507,60005666.0,KN_PZ_06A,3,15636794,CNP00239882,1526495,2019-01-07 07:00:00,2019-01-16 17:00:00,,,2018-11-12 10:08:00,2019-02-27 15:51:00.000,,,Apprv,PL,PZ TE 06,
2507,60005666.0,KN_PZ_06A,8,15651613,CNP00205521,987725,2017-02-15 06:00:00,2017-02-22 17:00:00,,,2017-01-12 12:43:00,2019-02-27 15:51:00.000,,,RatE,PL,PZ TE 06,
2507,60005666.0,KN_PZ_06A,8,15651613,CNP00205521,1297490,2017-02-15 06:00:00,2017-02-24 17:00:00,2017-02-15 06:00:00,,2017-01-12 12:43:00,2019-02-27 15:51:00.000,,,Apprv,PL,PZ TE 06,
2507,60005666.0,KN_PZ_06A,8,15651613,CNP00205521,1387188,2017-02-15 06:00:00,2017-02-24 17:00:00,,,2017-01-12 12:43:00,2019-02-27 15:51:00.000,,,RatE,PL,PZ TE 06,
2507,60005666.0,KN_PZ_06A,8,15651613,CNP00205521,1444786,2017-02-15 06:00:00,2017-02-24 17:00:00,,,2017-01-12 12:43:00,2019-02-27 15:51:00.000,,,Apprv,PL,PZ TE 06,
2507,60005666.0,KN_PZ_06A,8,15651613,CNP00205521,1510919,2017-02-15 06:00:00,2017-02-24 17:00:00,2017-02-15 06:00:00,2017-02-24 12:49:00,2017-01-12 12:43:00,2019-02-27 15:51:00.000,,,Apprv,PL,PZ TE 06,
2507,60005666.0,KN_PZ_06A,14,15688458,CNP00204267,1175855,2017-03-20 07:00:00,2017-03-25 17:00:00,,,2016-12-21 08:27:00,2019-02-27 15:51:00.000,2017-01-05,Cancel - Reschedule within next season,Cancl,PL,PZ TE 06,
2507,60005666.0,KN_PZ_06A,14,15688458,CNP00204267,1321539,2017-03-20 07:00:00,2017-03-25 17:00:00,,,2016-12-21 08:27:00,2019-02-27 15:51:00.000,,,RatE,PL,PZ TE 06,
2507,60005666.0,KN_PZ_06A,14,15701455,CNP00167412,1475617,2015-01-14 07:00:00,2015-01-14 17:00:00,2015-01-14 07:54:00,2015-01-14 16:34:00,2014-12-09 11:22:00,2019-02-27 15:51:00.000,,,Apprv,PL,PZ TE 06,
2507,60005666.0,KN_PZ_06A,8,15713876,CNP00204810,1105546,2017-04-25 06:00:00,2017-05-03 05:59:00,2017-04-25 07:51:00,,2017-01-04 09:53:00,2019-02-27 15:51:00.000,,,Accpt,UE,PZ TE 06,
2507,60005666.0,KN_PZ_06A,8,15713876,CNP00204810,1125327,2017-04-25 06:00:00,2017-05-03 02:10:00,2017-04-25 07:51:00,,2017-01-04 09:53:00,2019-02-27 15:51:00.000,,,Accpt,UE,PZ TE 06,
2507,60005666.0,KN_PZ_06A,8,15713876,CNP00204810,1340300,2017-04-25 06:00:00,2017-05-02 17:00:00,,,2017-01-04 09:53:00,2019-02-27 15:51:00.000,,,RatE,PL,PZ TE 06,
2507,60005666.0,KN_PZ_06A,8,15713876,CNP00204810,1352237,2017-04-25 06:00:00,2017-05-02 17:00:00,,,2017-01-04 09:53:00,2019-02-27 15:51:00.000,,,Apprv,PL,PZ TE 06,
2507,60005666.0,KN_PZ_06A,8,15713876,CNP00204810,1389720,2017-04-25 06:00:00,2017-05-03 02:10:00,2017-04-25 07:51:00,2017-05-03 02:08:00,2017-01-04 09:53:00,2019-02-27 15:51:00.000,,,Accpt,UE,PZ TE 06,
2507,60005666.0,KN_PZ_06A,8,15713876,CNP00204810,1419643,2017-04-25 06:00:00,2017-05-02 17:00:00,2017-04-25 07:51:00,,2017-01-04 09:53:00,2019-02-27 15:51:00.000,,,Apprv,PL,PZ TE 06,
2507,60005666.0,KN_PZ_06A,8,15713876,CNP00204810,1435784,2017-04-25 06:00:00,2017-05-02 21:00:00,2017-04-25 07:51:00,,2017-01-04 09:53:00,2019-02-27 15:51:00.000,,,Accpt,UE,PZ TE 06,
2507,60005666.0,KN_PZ_06A,14,15748163,CNP00204007,1061339,2017-03-20 07:00:00,2017-03-25 17:00:00,,,2016-12-19 15:56:00,2019-02-27 15:51:00.000,,,Apprv,PL,PZ TE 06,
2507,60005666.0,KN_PZ_06A,14,15748163,CNP00204007,1321539,2017-03-20 07:00:00,2017-03-25 17:00:00,,,2016-12-19 15:56:00,2019-02-27 15:51:00.000,,,RatE,PL,PZ TE 06,
2507,60005666.0,KN_PZ_06A,14,15748163,CNP00204007,1394412,2017-03-20 07:00:00,2017-03-25 17:00:00,,,2016-12-19 15:56:00,2019-02-27 15:51:00.000,2016-12-21,Cancel - Reschedule within next season,Cancl,PL,PZ TE 06,
2507,60005666.0,KN_PZ_06A,10,15767962,CNP00221264,1017120,2017-11-30 07:00:00,2017-11-30 17:00:00,2017-11-30 08:17:00,,2017-11-28 13:32:00,2019-02-27 15:51:00.000,,,Apprv,M2,PZ TE 06,
2507,60005666.0,KN_PZ_06A,10,15767962,CNP00221264,1293323,2017-11-30 07:00:00,2017-11-30 17:00:00,,,2017-11-28 13:32:00,2019-02-27 15:51:00.000,,,Apprv,M2,PZ TE 06,
2507,60005666.0,KN_PZ_06A,10,15767962,CNP00221264,1405740,2017-11-30 07:00:00,2017-11-30 17:00:00,2017-11-30 08:17:00,2017-11-30 16:02:00,2017-11-28 13:32:00,2019-02-27 15:51:00.000,,,Apprv,M2,PZ TE 06,
2507,60005666.0,KN_PZ_06A,3,15778750,CNP00227974,952322,2018-05-06 07:00:00,2018-05-06 13:00:00,2018-05-06 06:38:00,,2018-03-13 14:09:00,2019-02-27 15:51:00.000,,,Apprv,PL,PZ TE 06,
2507,60005666.0,KN_PZ_06A,3,15778750,CNP00227974,1127501,2018-05-06 07:00:00,2018-05-06 13:00:00,2018-05-06 06:38:00,2018-05-06 13:33:00,2018-03-13 14:09:00,2019-02-27 15:51:00.000,,,Apprv,PL,PZ TE 06,
2507,60005666.0,KN_PZ_06A,3,15778750,CNP00227974,1335002,2018-05-06 07:00:00,2018-05-06 13:00:00,,,2018-03-13 14:09:00,2019-02-27 15:51:00.000,,,Apprv,PL,PZ TE 06,
2507,60005666.0,KN_PZ_06A,3,15778750,CNP00227974,1528791,2018-05-06 07:00:00,2018-05-06 13:00:00,,,2018-03-13 14:09:00,2019-02-27 15:51:00.000,,,RatE,PL,PZ TE 06,
2507,60005666.0,KN_PZ_06A,3,15786665,CNP00187325,925705,2016-05-12 07:00:00,2016-05-12 17:00:00,,,2016-01-04 12:21:00,2019-02-27 15:51:00.000,2016-05-05,Cancel - Reschedule within next season,Cancl,PL,PZ TE 06,
2507,60005666.0,KN_PZ_06A,3,15786665,CNP00187325,1009523,2016-05-10 07:00:00,2016-05-12 17:00:00,,,2016-01-04 12:21:00,2019-02-27 15:51:00.000,,,RatE,PL,PZ TE 06,
2507,60005666.0,KN_PZ_06A,3,15786665,CNP00187325,1290780,2016-05-12 07:00:00,2016-05-12 17:00:00,,,2016-01-04 12:21:00,2019-02-27 15:51:00.000,,,Apprv,PL,PZ TE 06,
2507,60005666.0,KN_PZ_06A,3,15786665,CNP00187325,1343217,2016-05-10 07:00:00,2016-05-12 17:00:00,,,2016-01-04 12:21:00,2019-02-27 15:51:00.000,,,Apprv,PL,PZ TE 06,
2507,60005666.0,KN_PZ_06A,8,15814495,CNP00202574,941394,2017-02-15 06:00:00,2017-02-22 17:00:00,,,2016-11-16 09:44:00,2019-02-27 15:51:00.000,2017-01-12,Cancel - Reschedule within next season,Cancl,PL,PZ TE 06,
2507,60005666.0,KN_PZ_06A,8,15814495,CNP00202574,1297859,2017-02-15 06:00:00,2017-02-22 17:00:00,,,2016-11-16 09:44:00,2019-02-27 15:51:00.000,,,Apprv,PL,PZ TE 06,
2507,60005666.0,KN_PZ_06A,3,15836850,CNP00227957,1178179,2018-04-30 07:00:00,2018-04-30 13:00:00,,,2018-03-13 14:06:00,2019-02-27 15:51:00.000,,,RatE,PL,PZ TE 06,
2507,60005666.0,KN_PZ_06A,3,15836850,CNP00227957,1252746,2018-04-30 07:00:00,2018-04-30 23:00:00,2018-04-30 09:51:00,2018-04-30 14:34:00,2018-03-13 14:06:00,2019-02-27 15:51:00.000,,,Accpt,UE,PZ TE 06,
2507,60005666.0,KN_PZ_06A,3,15836850,CNP00227957,1255175,2018-04-30 07:00:00,2018-04-30 23:00:00,2018-04-30 09:51:00,,2018-03-13 14:06:00,2019-02-27 15:51:00.000,,,Accpt,UE,PZ TE 06,
2507,60005666.0,KN_PZ_06A,3,15836850,CNP00227957,1284472,2018-04-30 07:00:00,2018-04-30 13:00:00,2018-04-30 09:51:00,,2018-03-13 14:06:00,2019-02-27 15:51:00.000,,,Apprv,PL,PZ TE 06,
2507,60005666.0,KN_PZ_06A,3,15836850,CNP00227957,1299239,2018-04-30 07:00:00,2018-04-30 13:00:00,,,2018-03-13 14:06:00,2019-02-27 15:51:00.000,,,Apprv,PL,PZ TE 06,
2507,60005666.0,KN_PZ_06A,3,15858378,CNP00194446,903019,2016-05-19 07:00:00,2016-05-20 22:00:00,2016-05-20 06:20:00,2016-05-20 20:51:00,2016-05-05 08:04:00,2019-02-27 15:51:00.000,,,Apprv,PL,PZ TE 06,
2507,60005666.0,KN_PZ_06A,3,15858378,CNP00194446,1184845,2016-05-19 07:00:00,2016-05-21 17:00:00,,,2016-05-05 08:04:00,2019-02-27 15:51:00.000,,,RatE,PL,PZ TE 06,
2507,60005666.0,KN_PZ_06A,3,15858378,CNP00194446,1441958,2016-05-19 07:00:00,2016-05-21 17:00:00,2016-05-20 06:20:00,,2016-05-05 08:04:00,2019-02-27 15:51:00.000,,,Apprv,PL,PZ TE 06,
2507,60005666.0,KN_PZ_06A,3,15858378,CNP00194446,1500714,2016-05-19 07:00:00,2016-05-21 17:00:00,,,2016-05-05 08:04:00,2019-02-27 15:51:00.000,,,Apprv,PL,PZ TE 06,
2507,60005666.0,KN_PZ_06A,3,15873693,CNP00199552,1214567,2016-09-27 07:00:00,2016-09-27 17:00:00,,,2016-08-29 14:01:00,2019-02-27 15:51:00.000,,,RatE,PL,PZ TE 06,
2507,60005666.0,KN_PZ_06A,3,15873693,CNP00199552,1243788,2016-09-27 07:00:00,2016-09-27 17:00:00,,,2016-08-29 14:01:00,2019-02-27 15:51:00.000,,,Apprv,PL,PZ TE 06,
2507,60005666.0,KN_PZ_06A,3,15873693,CNP00199552,1460090,2016-09-27 07:00:00,2016-09-27 17:00:00,2016-09-27 09:17:00,2016-09-27 17:02:00,2016-08-29 14:01:00,2019-02-27 15:51:00.000,,,Apprv,PL,PZ TE 06,
2507,60005666.0,KN_PZ_06A,3,15873693,CNP00199552,1463010,2016-09-27 07:00:00,2016-09-27 17:00:00,2016-09-27 09:17:00,,2016-08-29 14:01:00,2019-02-27 15:51:00.000,,,Apprv,PL,PZ TE 06,
2507,60005666.0,KN_PZ_06A,3,15899893,CNP00178152,1225212,2015-08-04 07:00:00,2015-08-04 17:00:00,,,2015-06-22 16:11:00,2019-02-27 15:51:00.000,2015-07-22,Cancel - Reschedule within next season,Cancl,PL,PZ TE 06,
2507,60005666.0,KN_PZ_06A,3,15899893,CNP00178152,1491432,2015-08-04 07:00:00,2015-08-04 17:00:00,,,2015-06-22 16:11:00,2019-02-27 15:51:00.000,,,RatE,PL,PZ TE 06,
2507,60005666.0,KN_PZ_06A,3,15899893,CNP00178152,1491432,2015-08-04 07:00:00,2015-08-04 17:00:00,,,2015-06-22 16:11:00,2019-02-27 15:51:00.000,,,RatE,PL,PZ TE 06,
2507,60005666.0,KN_PZ_06A,3,15910760,CNP00175500,928457,2015-05-27 07:00:00,2015-05-27 17:00:00,,,2015-05-05 08:53:00,2019-02-27 15:51:00.000,,,Apprv,PL,PZ TE 06,
2507,60005666.0,KN_PZ_06A,3,15910760,CNP00175500,1133325,2015-05-27 07:00:00,2015-05-27 17:00:00,,,2015-05-05 08:53:00,2019-02-27 15:51:00.000,,,RatE,PL,PZ TE 06,
2507,60005666.0,KN_PZ_06A,3,15910760,CNP00175500,1178036,2015-05-27 07:00:00,2015-05-27 17:00:00,,,2015-05-05 08:53:00,2019-02-27 15:51:00.000,2015-05-21,Cancel - Reschedule within next season,Cancl,PL,PZ TE 06,
2507,60005666.0,KN_PZ_06A,10,15914566,CNP00241758,1158411,2018-12-22 07:00:00,2018-12-22 18:00:00,,,2018-12-19 09:51:00,2019-02-27 15:51:00.000,,,Apprv,PL,PZ TE 06,
2507,60005666.0,KN_PZ_06A,10,15914566,CNP00241758,1217823,2018-12-22 07:00:00,2018-12-22 18:00:00,2018-12-22 08:38:00,2018-12-22 15:51:00,2018-12-19 09:51:00,2019-02-27 15:51:00.000,,,Apprv,PL,PZ TE 06,
2507,60005666.0,KN_PZ_06A,10,15914566,CNP00241758,1237252,2018-12-22 07:00:00,2018-12-22 18:00:00,2018-12-22 08:38:00,,2018-12-19 09:51:00,2019-02-27 15:51:00.000,,,Apprv,PL,PZ TE 06,
2507,60005666.0,KN_PZ_06A,10,15914566,CNP00241758,1453378,2018-12-22 07:00:00,2018-12-22 18:00:00,,,2018-12-19 09:51:00,2019-02-27 15:51:00.000,,,RatE,PL,PZ TE 06,
2507,60005666.0,KN_PZ_06A,3,15940157,CNP00194329,984465,2016-05-12 17:01:00,2016-05-14 17:00:00,,,2016-05-03 09:32:00,2019-02-27 15:51:00.000,,,RatE,PL,PZ TE 06,
2507,60005666.0,KN_PZ_06A,3,15940157,CNP00194329,1143739,2016-05-12 17:01:00,2016-05-14 17:00:00,,,2016-05-03 09:32:00,2019-02-27 15:51:00.000,,,Apprv,PL,PZ TE 06,
2507,60005666.0,KN_PZ_06A,3,15940157,CNP00194329,1222392,2016-05-12 17:01:00,2016-05-14 17:00:00,,,2016-05-03 09:32:00,2019-02-27 15:51:00.000,2016-05-05,Cancel - Reschedule within next season,Cancl,PL,PZ TE 06,
2507,60005666.0,KN_PZ_06A,14,15968179,CNP00204236,943499,2017-02-11 07:00:00,2017-02-15 05:59:00,2017-02-11 08:00:00,,2016-12-21 08:28:00,2019-02-27 15:51:00.000,,,Apprv,PL,PZ TE 06,
2507,60005666.0,KN_PZ_06A,14,15968179,CNP00204236,1204999,2017-02-08 07:00:00,2017-02-15 05:59:00,,,2016-12-21 08:28:00,2019-02-27 15:51:00.000,,,RatE,PL,PZ TE 06,
2507,60005666.0,KN_PZ_06A,14,15968179,CNP00204236,1244466,2017-02-08 07:00:00,2017-02-15 05:59:00,,,2016-12-21 08:28:00,2019-02-27 15:51:00.000,,,Apprv,PL,PZ TE 06,
2507,60005666.0,KN_PZ_06A,14,15968179,CNP00204236,1260709,2017-02-11 07:00:00,2017-02-15 05:59:00,,,2016-12-21 08:28:00,2019-02-27 15:51:00.000,,,Apprv,PL,PZ TE 06,
2507,60005666.0,KN_PZ_06A,14,15968179,CNP00204236,1352561,2017-02-11 07:00:00,2017-02-15 05:59:00,2017-02-11 08:00:00,2017-02-15 05:59:00,2016-12-21 08:28:00,2019-02-27 15:51:00.000,,,Apprv,PL,PZ TE 06,
2507,60005666.0,KN_PZ_06A,3,15971819,CNP00187306,974059,2016-03-29 07:00:00,2016-03-30 17:00:00,,,2016-01-04 12:20:00,2019-02-27 15:51:00.000,,,Apprv,PL,PZ TE 06,
2507,60005666.0,KN_PZ_06A,3,15971819,CNP00187306,1116318,2016-03-29 07:00:00,2016-03-30 17:00:00,2016-03-29 07:08:00,2016-03-30 16:29:00,2016-01-04 12:20:00,2019-02-27 15:51:00.000,,,Apprv,PL,PZ TE 06,
2507,60005666.0,KN_PZ_06A,3,15971819,CNP00187306,1272695,2016-03-29 07:00:00,2016-03-30 17:00:00,2016-03-29 07:08:00,,2016-01-04 12:20:00,2019-02-27 15:51:00.000,,,Apprv,PL,PZ TE 06,
2507,60005666.0,KN_PZ_06A,3,15971819,CNP00187306,1407983,2016-03-29 07:00:00,2016-03-30 17:00:00,,,2016-01-04 12:20:00,2019-02-27 15:51:00.000,,,RatE,PL,PZ TE 06,
2507,60005666.0,KN_PZ_06A,3,15987977,CNP00180916,993547,2015-09-23 07:00:00,2015-09-23 17:00:00,,,2015-08-25 17:11:00,2019-02-27 15:51:00.000,,,RatE,PL,PZ TE 06,
2507,60005666.0,KN_PZ_06A,3,15987977,CNP00180916,1146085,2015-09-23 07:00:00,2015-09-23 17:00:00,,,2015-08-25 17:11:00,2019-02-27 15:51:00.000,,,Apprv,PL,PZ TE 06,
2507,60005666.0,KN_PZ_06A,3,15987977,CNP00180916,1237002,2015-09-23 07:00:00,2015-09-23 17:00:00,2015-09-23 08:39:00,2015-09-23 13:09:00,2015-08-25 17:11:00,2019-02-27 15:51:00.000,,,Apprv,PL,PZ TE 06,
2507,60005666.0,KN_PZ_06A,3,15987977,CNP00180916,1237002,2015-09-23 07:00:00,2015-09-23 17:00:00,2015-09-23 08:39:00,2015-09-23 13:09:00,2015-08-25 17:11:00,2019-02-27 15:51:00.000,,,Apprv,PL,PZ TE 06,
2507,60005666.0,KN_PZ_06A,3,15987977,CNP00180916,1521297,2015-09-23 07:00:00,2015-09-23 17:00:00,2015-09-23 08:39:00,,2015-08-25 17:11:00,2019-02-27 15:51:00.000,,,Apprv,PL,PZ TE 06,
2507,60005666.0,KN_PZ_06A,3,16032865,CNP00235261,928376,2018-11-12 07:00:00,2018-11-21 17:00:00,,,2018-08-16 10:47:00,2019-02-27 15:51:00.000,,,RatE,PL,PZ TE 06,
2507,60005666.0,KN_PZ_06A,3,16032865,CNP00235261,1096168,2018-11-12 07:00:00,2018-11-21 17:00:00,,,2018-08-16 10:47:00,2019-02-27 15:51:00.000,2018-11-04,Cancel - Reschedule within next season,Cancl,PL,PZ TE 06,
2507,60005666.0,KN_PZ_06A,3,16032865,CNP00235261,1096247,2018-11-12 07:00:00,2018-11-21 17:00:00,,,2018-08-16 10:47:00,2019-02-27 15:51:00.000,,,Apprv,PL,PZ TE 06,
2507,60005666.0,KN_PZ_06A,3,16078816,CNP00187087,1399585,2016-03-29 07:00:00,2016-03-30 17:00:00,,,2015-12-28 11:10:00,2019-02-27 15:51:00.000,2016-01-04,Cancel - Reschedule within next season,Cancl,PL,PZ TE 06,
2507,60005666.0,KN_PZ_06A,3,16078816,CNP00187087,1407983,2016-03-29 07:00:00,2016-03-30 17:00:00,,,2015-12-28 11:10:00,2019-02-27 15:51:00.000,,,RatE,PL,PZ TE 06,
2507,60005666.0,KN_PZ_06A,1,16911019,CNP00271772,3868639,2021-01-25 07:00:00,2021-01-30 17:00:00,,,2020-09-14 08:47:00,2020-09-14 14:22:42.660,,,RatE,PL,PZ TE 06,
2507,60005666.0,KN_PZ_06A,1,16911019,CNP00271772,3966901,2021-01-25 07:00:00,2021-01-30 17:00:00,,,2020-09-14 08:47:00,2020-09-14 14:22:42.660,,,Apprv,PL,PZ TE 06,
2507,60005666.0,KN_PZ_06A,1,16911019,CNP00271772,4076706,2021-01-25 07:00:00,2021-01-30 17:00:00,,,2020-09-14 08:47:00,2020-09-14 14:22:42.660,2020-12-22,Cancel - Reschedule date unknown,Cancl,PL,PZ TE 06,
2507,60005666.0,KN_PZ_06A,1,16911034,CNP00271748,3868633,2021-01-11 07:00:00,2021-01-17 17:00:00,,,2020-09-14 07:52:00,2020-09-14 14:22:42.660,,,RatE,PL,PZ TE 06,
2507,60005666.0,KN_PZ_06A,1,16911034,CNP00271748,3966216,2021-01-11 07:00:00,2021-01-17 17:00:00,,,2020-09-14 07:52:00,2020-09-14 14:22:42.660,,,Apprv,PL,PZ TE 06,
2507,60005666.0,KN_PZ_06A,1,16911034,CNP00271748,4113407,2021-01-11 07:00:00,2021-01-17 17:00:00,,,2020-09-14 07:52:00,2020-09-14 14:22:42.660,2020-12-29,Cancel - Reschedule date unknown,Cancl,PL,PZ TE 06,
2507,60005666.0,KN_PZ_06A,1,16979810,CNP00277315,4116068,2021-01-11 07:00:00,2021-01-12 17:00:00,,,2020-12-31 07:30:00,2020-12-31 14:21:20.740,,,RatE,PL,PZ TE 06,
2507,60005666.0,KN_PZ_06A,1,16979810,CNP00277315,4116157,2021-01-11 07:00:00,2021-01-12 17:00:00,,,2020-12-31 07:30:00,2020-12-31 14:21:20.740,,,Apprv,PL,PZ TE 06,
2507,60005666.0,KN_PZ_06A,1,16979810,CNP00277315,4130673,2021-01-11 07:00:00,2021-01-12 17:00:00,2021-01-11 08:18:00,,2020-12-31 07:30:00,2020-12-31 14:21:20.740,,,Apprv,PL,PZ TE 06,
2507,60005666.0,KN_PZ_06A,1,16979810,CNP00277315,4134368,2021-01-11 07:00:00,2021-01-12 17:00:00,2021-01-11 08:18:00,2021-01-12 17:06:00,2020-12-31 07:30:00,2020-12-31 14:21:20.740,,,Apprv,PL,PZ TE 06,
2507,60005666.0,KN_PZ_06A,3,16995919,CNP00279200,4155914,2021-02-15 07:00:00,2021-02-20 17:00:00,,,2021-01-25 15:22:00,2021-01-25 22:21:06.653,,,RatE,PL,PZ TE 06,
2507,60005666.0,KN_PZ_06A,3,16995919,CNP00279200,4217550,2021-02-15 07:00:00,2021-02-20 17:00:00,,,2021-01-25 15:22:00,2021-01-25 22:21:06.653,,,Apprv,PL,PZ TE 06,
2507,60005666.0,KN_PZ_06A,3,16995919,CNP00279200,4231813,2021-02-15 07:00:00,2021-02-20 17:00:00,,,2021-01-25 15:22:00,2021-01-25 22:21:06.653,2021-02-16,Cancel - Weather Conditions,Cancl,PL,PZ TE 06,
2507,60005666.0,KN_PZ_06A,1,17002482,CNP00279812,4171288,2021-05-05 07:00:00,2021-05-07 17:00:00,,,2021-02-01 07:13:00,2021-02-01 14:21:13.910,,,RatE,PL,PZ TE 06,
2507,60005666.0,KN_PZ_06A,1,17002482,CNP00279812,4209553,2021-05-05 07:00:00,2021-05-07 17:00:00,,,2021-02-01 07:13:00,2021-02-01 14:21:13.910,,,Apprv,PL,PZ TE 06,
2507,60005666.0,KN_PZ_06A,1,17002482,CNP00279812,4348037,2021-05-05 07:00:00,2021-05-07 17:00:00,,,2021-02-01 07:13:00,2021-02-01 14:21:13.910,2021-03-03,Cancel - Reschedule date unknown,Cancl,PL,PZ TE 06,
2507,60005666.0,KN_PZ_06A,3,17025058,CNP00280831,4231929,2021-03-02 07:00:00,2021-03-06 17:00:00,,,2021-02-16 11:26:00,2021-02-16 18:21:05.270,,,RatE,PL,PZ TE 06,
2507,60005666.0,KN_PZ_06A,3,17025058,CNP00280831,4248411,2021-03-02 07:00:00,2021-03-06 17:00:00,,,2021-02-16 11:26:00,2021-02-16 18:21:05.270,,,Apprv,PL,PZ TE 06,
2507,60005666.0,KN_PZ_06A,3,17025058,CNP00280831,4262159,2021-03-03 07:00:00,2021-03-06 17:00:00,,,2021-02-16 11:26:00,2021-02-16 18:21:05.270,,,Apprv,PL,PZ TE 06,
2507,60005666.0,KN_PZ_06A,3,17025058,CNP00280831,4263508,2021-03-03 07:00:00,2021-03-06 17:00:00,,,2021-02-16 11:26:00,2021-02-16 18:21:05.270,2021-03-01,Cancel - Reschedule within next season,Cancl,PL,PZ TE 06,
2507,60005666.0,KN_PZ_06A,7,17047256,CNP00281629,4260948,2021-02-28 20:30:00,2021-03-01 08:00:00,,,2021-02-28 19:31:00,2021-03-01 02:21:00.597,,,RatE,M1,PZ TE 06,
2507,60005666.0,KN_PZ_06A,7,17047256,CNP00281629,4262228,2021-02-28 20:30:00,2021-03-01 08:00:00,,,2021-02-28 19:31:00,2021-03-01 02:21:00.597,2021-03-01,Cancel - Will not reschedule,Cancl,M1,PZ TE 06,
2507,60005666.0,KN_PZ_06A,7,17048037,CNP00281666,4262214,2021-03-01 00:07:00,2021-03-01 04:09:00,2021-03-01 00:07:00,2021-03-01 04:09:00,2021-03-01 09:19:00,2021-03-01 16:21:07.123,,,Accpt,FR,PZ TE 06,
2507,60005666.0,KN_PZ_06A,3,17048341,CNP00281745,4263371,2021-03-08 07:00:00,2021-03-12 17:00:00,,,2021-03-01 13:55:00,2021-03-01 20:21:07.237,,,RatE,PL,PZ TE 06,
2507,60005666.0,KN_PZ_06A,3,17048341,CNP00281745,4366697,2021-03-08 07:00:00,2021-03-12 17:00:00,,,2021-03-01 13:55:00,2021-03-01 20:21:07.237,,,Apprv,PL,PZ TE 06,
2507,60005666.0,KN_PZ_06A,3,17048341,CNP00281745,4449929,2021-03-08 07:00:00,2021-03-12 17:00:00,2021-03-08 09:50:00,,2021-03-01 13:55:00,2021-03-01 20:21:07.237,,,Apprv,PL,PZ TE 06,
2507,60005666.0,KN_PZ_06A,3,17048341,CNP00281745,4457940,2021-03-08 07:00:00,2021-03-12 17:00:00,2021-03-08 09:50:00,2021-03-10 16:13:00,2021-03-01 13:55:00,2021-03-01 20:21:07.237,,,Apprv,PL,PZ TE 06,
2507,60005666.0,KN_PZ_06A,1,17052281,CNP00281936,4348072,2021-05-03 07:00:00,2021-05-05 17:00:00,,,2021-03-03 10:44:00,2021-03-03 17:21:17.893,,,RatE,PL,PZ TE 06,
2507,60005666.0,KN_PZ_06A,1,17052281,CNP00281936,4513181,2021-05-03 07:00:00,2021-05-05 17:00:00,,,2021-03-03 10:44:00,2021-03-03 17:21:17.893,,,Apprv,PL,PZ TE 06,
2507,60005666.0,KN_PZ_06A,1,17052281,CNP00281936,4586208,2021-05-03 07:00:00,2021-05-05 17:00:00,2021-05-03 08:22:00,,2021-03-03 10:44:00,2021-03-03 17:21:17.893,,,Apprv,PL,PZ TE 06,
2507,60005666.0,KN_PZ_06A,1,17052281,CNP00281936,4591002,2021-05-03 07:00:00,2021-05-05 17:00:00,2021-05-03 08:22:00,2021-05-04 18:50:00,2021-03-03 10:44:00,2021-03-03 17:21:17.893,,,Apprv,PL,PZ TE 06,
2507,60005666.0,KN_PZ_06A,1,17194560,CNP00291266,4656303,2021-06-14 06:00:00,2021-06-14 12:00:00,,,2021-06-02 12:55:00,2021-06-02 18:20:54.120,,,RatE,PL,PZ TE 06,
2507,60005666.0,KN_PZ_06A,1,17194560,CNP00291266,4660486,2021-06-14 06:00:00,2021-06-14 12:00:00,,,2021-06-02 12:55:00,2021-06-02 18:20:54.120,,,Apprv,PL,PZ TE 06,
2507,60005666.0,KN_PZ_06A,1,17194560,CNP00291266,4716032,2021-06-14 06:00:00,2021-06-14 12:00:00,2021-06-14 08:25:00,,2021-06-02 12:55:00,2021-06-02 18:20:54.120,,,Apprv,PL,PZ TE 06,
2507,60005666.0,KN_PZ_06A,1,17194560,CNP00291266,4717769,2021-06-14 06:00:00,2021-06-14 12:00:00,2021-06-14 08:25:00,2021-06-14 12:03:00,2021-06-02 12:55:00,2021-06-02 18:20:54.120,,,Apprv,PL,PZ TE 06,
2507,60005666.0,KN_PZ_06A,1,17211795,CNP00292126,4717787,2021-06-15 06:00:00,2021-06-15 12:00:00,,,2021-06-14 13:12:00,2021-06-14 19:21:04.120,,,RatE,M1,PZ TE 06,
2507,60005666.0,KN_PZ_06A,1,17211795,CNP00292126,4718448,2021-06-15 06:00:00,2021-06-15 12:00:00,,,2021-06-14 13:12:00,2021-06-14 19:21:04.120,,,Apprv,M1,PZ TE 06,
2507,60005666.0,KN_PZ_06A,1,17211795,CNP00292126,4718814,2021-06-15 06:00:00,2021-06-15 12:00:00,2021-06-15 05:55:00,,2021-06-14 13:12:00,2021-06-14 19:21:04.120,,,Apprv,M1,PZ TE 06,
2507,60005666.0,KN_PZ_06A,1,17211795,CNP00292126,4719576,2021-06-15 06:00:00,2021-06-15 12:00:00,2021-06-15 05:55:00,2021-06-15 09:43:00,2021-06-14 13:12:00,2021-06-14 19:21:04.120,,,Apprv,M1,PZ TE 06,
2507,60005666.0,KN_PZ_06A,1,17435569,CNP00300679,5032454,2022-04-04 07:00:00,2022-04-15 17:00:00,,,2021-11-02 13:56:00,2021-11-02 19:21:33.460,,,RatE,PL,PZ TE 06,REQ: Clearance outage to Cut In MYKAWA (MYK) Substation - Pull in Approach spans
2507,60005666.0,KN_PZ_06A,1,17435569,CNP00300679,5168554,2022-04-04 07:00:00,2022-04-15 17:00:00,,,2021-11-02 13:56:00,2021-11-02 19:21:33.460,,,Apprv,PL,PZ TE 06,REQ: Clearance outage to Cut In MYKAWA (MYK) Substation - Pull in Approach spans
2507,60005666.0,KN_PZ_06A,1,17435569,CNP00300679,5352500,2022-04-04 07:00:00,2022-04-06 17:00:00,,,2021-11-02 13:56:00,2021-11-02 19:21:33.460,,,Apprv,PL,PZ TE 06,"REQ: Remove Bypass & Reconnect 6068 at PZ & Doble PE TR1 4/7 Combo
REQ: Clearance outage to Cut In MYKAWA (MYK) Substation - Pull in Approach spans"
2507,60005666.0,KN_PZ_06A,1,17435569,CNP00300679,5361655,2022-04-04 07:00:00,2022-04-06 17:00:00,2022-04-04 07:58:00,,2021-11-02 13:56:00,2021-11-02 19:21:33.460,,,Apprv,PL,PZ TE 06,"REQ: Remove Bypass & Reconnect 6068 at PZ
REQ: Remove Bypass & Reconnect 6068 at PZ & Doble PE TR1 4/7 Combo
REQ: Clearance outage to Cut In MYKAWA (MYK) Substation - Pull in Approach spans"
2507,60005666.0,KN_PZ_06A,1,17435569,CNP00300679,5369934,2022-04-04 07:00:00,2022-04-06 21:00:00,2022-04-04 07:58:00,,2021-11-02 13:56:00,2021-11-02 19:21:33.460,,,Accpt,UE,PZ TE 06,"REQ: Remove Bypass & Reconnect 6068 at PZ
SUP: EXTENDED
REQ: Remove Bypass & Reconnect 6068 at PZ & Doble PE TR1 4/7 Combo
REQ: Clearance outage to Cut In MYKAWA (MYK) Substation - Pull in Approach spans"
2507,60005666.0,KN_PZ_06A,1,17435569,CNP00300679,5370197,2022-04-04 07:00:00,2022-04-06 21:00:00,2022-04-04 07:58:00,2022-04-06 19:31:00,2021-11-02 13:56:00,2021-11-02 19:21:33.460,,,Accpt,UE,PZ TE 06,"REQ: Remove Bypass & Reconnect 6068 at PZ
SUP: EXTENDED.
SUP: EXTENDED
REQ: Remove Bypass & Reconnect 6068 at PZ & Doble PE TR1 4/7 Combo
REQ: Clearance outage to Cut In MYKAWA (MYK) Substation - Pull in Approach spans"
2507,60005666.0,KN_PZ_06A,3,17501021,CNP00303434,5128155,2022-01-09 07:00:00,2022-01-09 17:00:00,,,2021-12-15 14:31:00,2021-12-15 21:21:34.113,,,RatE,PL,PZ TE 06,REQ: Open Jumpers Structure 11319 & 25159 - Will Roll load
2507,60005666.0,KN_PZ_06A,3,17501021,CNP00303434,5143080,2022-01-09 07:00:00,2022-01-09 17:00:00,,,2021-12-15 14:31:00,2021-12-15 21:21:34.113,,,Apprv,PL,PZ TE 06,REQ: Open Jumpers Structure 11319 & 25159 - Will Roll load
2507,60005666.0,KN_PZ_06A,3,17501021,CNP00303434,5166013,2022-01-09 07:00:00,2022-01-09 17:00:00,2022-01-09 06:41:00,,2021-12-15 14:31:00,2021-12-15 21:21:34.113,,,Apprv,PL,PZ TE 06,REQ: Open Jumpers Structure 11319 & 25159 - Will Roll load
2507,60005666.0,KN_PZ_06A,3,17501021,CNP00303434,5166137,2022-01-09 07:00:00,2022-01-09 17:00:00,2022-01-09 06:41:00,2022-01-09 13:08:00,2021-12-15 14:31:00,2021-12-15 21:21:34.113,,,Apprv,PL,PZ TE 06,REQ: Open Jumpers Structure 11319 & 25159 - Will Roll load
2507,60005666.0,KN_PZ_06A,1,17532021,CNP00304524,5167536,2022-02-07 07:00:00,2022-02-12 17:00:00,,,2022-01-10 11:33:00,2022-01-10 18:21:36.000,,,RatE,PL,PZ TE 06,REQ: Clearance Outage to install Foundations MYKAWA (MYK) Substation - Will roll load
2507,60005666.0,KN_PZ_06A,1,17532021,CNP00304524,5196102,2022-02-07 07:00:00,2022-02-12 17:00:00,,,2022-01-10 11:33:00,2022-01-10 18:21:36.000,,,Apprv,PL,PZ TE 06,REQ: Clearance Outage to install Foundations MYKAWA (MYK) Substation - Will roll load
2507,60005666.0,KN_PZ_06A,1,17532021,CNP00304524,5223659,2022-02-07 07:00:00,2022-02-12 17:00:00,,,2022-01-10 11:33:00,2022-01-10 18:21:36.000,2022-02-04,Cancel - Materials Unavailable,Cancl,PL,PZ TE 06,REQ: Clearance Outage to install Foundations MYKAWA (MYK) Substation - Will roll load
2507,60005666.0,KN_PZ_06A,1,17569783,CNP00306614,5223687,2022-02-14 07:00:00,2022-02-17 17:00:00,,,2022-02-04 07:31:00,2022-02-04 14:21:34.537,,,RatE,PL,PZ TE 06,REQ: Clearance Outage to install Foundations MYKAWA (MYK) Substation - Will roll load
2507,60005666.0,KN_PZ_06A,1,17569783,CNP00306614,5224889,2022-02-14 07:00:00,2022-02-17 17:00:00,,,2022-02-04 07:31:00,2022-02-04 14:21:34.537,,,Apprv,PL,PZ TE 06,REQ: Clearance Outage to install Foundations MYKAWA (MYK) Substation - Will roll load
2507,60005666.0,KN_PZ_06A,1,17569783,CNP00306614,5230275,2022-02-14 07:00:00,2022-02-15 17:00:00,,,2022-02-04 07:31:00,2022-02-04 14:21:34.537,,,Apprv,PL,PZ TE 06,REQ: Clearance Outage to install Foundations MYKAWA (MYK) Substation - Will roll load
2507,60005666.0,KN_PZ_06A,1,17569783,CNP00306614,5242302,2022-02-14 07:00:00,2022-02-15 17:00:00,2022-02-14 06:30:00,,2022-02-04 07:31:00,2022-02-04 14:21:34.537,,,Apprv,PL,PZ TE 06,REQ: Clearance Outage to install Foundations MYKAWA (MYK) Substation - Will roll load
2507,60005666.0,KN_PZ_06A,1,17569783,CNP00306614,5246835,2022-02-14 07:00:00,2022-02-15 17:00:00,2022-02-14 06:30:00,2022-02-15 17:16:00,2022-02-04 07:31:00,2022-02-04 14:21:34.537,,,Apprv,PL,PZ TE 06,REQ: Clearance Outage to install Foundations MYKAWA (MYK) Substation - Will roll load
2507,60005666.0,KN_PZ_06A,1,17576770,CNP00306899,5232469,2022-03-21 07:00:00,2022-03-25 17:00:00,,,2022-02-09 08:00:00,2022-02-09 14:21:36.643,,,RatE,PL,PZ TE 06,REQ: Install Isolators at PZ - Install Temp Bypass to T3HSX - Will Roll Load
2507,60005666.0,KN_PZ_06A,1,17576770,CNP00306899,5303281,2022-03-21 07:00:00,2022-03-25 17:00:00,,,2022-02-09 08:00:00,2022-02-09 14:21:36.643,,,Apprv,PL,PZ TE 06,"REQ: TOP to remove wire from switch 6068 and connect to temp bypass to T3HSX - Will roll load
REQ: Install Isolators at PZ - Install Temp Bypass to T3HSX - Will Roll Load"
2507,60005666.0,KN_PZ_06A,1,17576770,CNP00306899,5303281,2022-03-21 07:00:00,2022-03-25 17:00:00,,,2022-02-09 08:00:00,2022-02-09 14:21:36.643,,,Apprv,PL,PZ TE 06,REQ: Install Isolators at PZ - Install Temp Bypass to T3HSX - Will Roll Load
2507,60005666.0,KN_PZ_06A,1,17576770,CNP00306899,5317567,2022-03-22 07:00:00,2022-03-25 17:00:00,,,2022-02-09 08:00:00,2022-02-09 14:21:36.643,,,Apprv,PL,PZ TE 06,"REQ: TOP to remove wire from switch 6068 and connect to temp bypass to T3HSX - Will roll load
REQ: Install Isolators at PZ - Install Temp Bypass to T3HSX - Will Roll Load"
2507,60005666.0,KN_PZ_06A,1,17576770,CNP00306899,5329194,2022-03-22 07:00:00,2022-03-25 17:00:00,2022-03-22 14:46:00,,2022-02-09 08:00:00,2022-02-09 14:21:36.643,,,Apprv,PL,PZ TE 06,"REQ: TOP to remove wire from switch 6068 and connect to temp bypass to T3HSX - Will roll load
REQ: Install Isolators at PZ - Install Temp Bypass to T3HSX - Will Roll Load"
2507,60005666.0,KN_PZ_06A,1,17576770,CNP00306899,5341368,2022-03-22 07:00:00,2022-03-25 17:00:00,2022-03-22 14:46:00,2022-03-25 16:30:00,2022-02-09 08:00:00,2022-02-09 14:21:36.643,,,Apprv,PL,PZ TE 06,"REQ: TOP to remove wire from switch 6068 and connect to temp bypass to T3HSX - Will roll load
REQ: Install Isolators at PZ - Install Temp Bypass to T3HSX - Will Roll Load"
2507,60005666.0,KN_PZ_06A,3,17611345,CNP00308554,5299219,2022-04-30 07:00:00,2022-04-30 17:00:00,,,2022-03-09 11:02:00,2022-03-09 18:21:36.623,,,RatE,PL,PZ TE 06,REQ: Will open jumpers @ Str 11295 & Str 25159
2507,60005666.0,KN_PZ_06A,3,17611345,CNP00308554,5299219,2022-04-30 07:00:00,2022-04-30 17:00:00,,,2022-03-09 11:02:00,2022-03-09 18:21:36.623,,,RatE,PL,PZ TE 06,"REQ: Will open jumpers @ Str 11295 & Str 25159 - Will Roll all loads
REQ: Will open jumpers @ Str 11295 & Str 25159"
2507,60005666.0,KN_PZ_06A,3,17611345,CNP00308554,5347214,2022-04-30 07:00:00,2022-04-30 17:00:00,,,2022-03-09 11:02:00,2022-03-09 18:21:36.623,,,Apprv,PL,PZ TE 06,"REQ: Will open jumpers @ Str 11295 & Str 25159 - Will Roll all loads
REQ: Will open jumpers @ Str 11295 & Str 25159"
2507,60005666.0,KN_PZ_06A,3,17611345,CNP00308554,5368955,2022-04-30 07:00:00,2022-04-30 17:00:00,,,2022-03-09 11:02:00,2022-03-09 18:21:36.623,2022-04-06,Cancel - Reschedule date unknown,Cancl,PL,PZ TE 06,"REQ: Will open jumpers @ Str 11295 & Str 25159 - Will Roll all loads
REQ: Will open jumpers @ Str 11295 & Str 25159"
2507,60005666.0,KN_PZ_06A,3,17631800,CNP00309959,5365851,2022-04-13 07:00:00,2022-04-13 17:00:00,,,2022-04-05 13:00:00,2022-04-05 18:21:29.670,,,RatE,PL,PZ TE 06,REQ: Close Jumpers Return Line 06 Normal - Will roll load
2507,60005666.0,KN_PZ_06A,3,17631800,CNP00309959,5387535,2022-04-13 07:00:00,2022-04-13 17:00:00,,,2022-04-05 13:00:00,2022-04-05 18:21:29.670,,,Apprv,PL,PZ TE 06,REQ: Close Jumpers Return Line 06 Normal - Will roll load
2507,60005666.0,KN_PZ_06A,3,17631800,CNP00309959,5400282,2022-04-13 07:00:00,2022-04-13 17:00:00,2022-04-13 08:27:00,,2022-04-05 13:00:00,2022-04-05 18:21:29.670,,,Apprv,PL,PZ TE 06,REQ: Close Jumpers Return Line 06 Normal - Will roll load
2507,60005666.0,KN_PZ_06A,3,17631800,CNP00309959,5401906,2022-04-13 07:00:00,2022-04-13 17:00:00,2022-04-13 08:27:00,2022-04-13 15:52:00,2022-04-05 13:00:00,2022-04-05 18:21:29.670,,,Apprv,PL,PZ TE 06,REQ: Close Jumpers Return Line 06 Normal - Will roll load
2507,60005666.0,KN_PZ_06A,3,17632710,CNP00310020,5368954,2022-04-18 07:00:00,2022-04-26 17:00:00,,,2022-04-06 12:30:00,2022-04-06 18:21:27.503,2022-04-06,Cancel - Reschedule date unknown,Cancl,PL,PZ TE 06,REQ: & Section at PZ - Clearance Outage to Cut In MYK Sub - Upgrade Carrier Equip at PZ - Will Roll Load
2507,60005666.0,KN_PZ_06A,3,17632725,CNP00310047,5368941,2022-04-18 07:00:00,2022-04-26 17:00:00,,,2022-04-06 12:35:00,2022-04-06 18:21:27.503,,,RatE,PL,PZ TE 06,REQ: & Section at PZ - Clearance Outage to Cut In MYK Sub - Upgrade Carrier Equip at PZ - Will Roll Load
2507,60005666.0,KN_PZ_06A,3,17632725,CNP00310047,5396059,2022-04-18 07:00:00,2022-04-26 17:00:00,,,2022-04-06 12:35:00,2022-04-06 18:21:27.503,,,Apprv,PL,PZ TE 06,REQ: & Section at PZ - Clearance Outage to Cut In MYK Sub - Upgrade Carrier Equip at PZ - Will Roll Load
2507,60005666.0,KN_PZ_06A,3,17632725,CNP00310047,5412301,2022-04-18 07:00:00,2022-04-26 17:00:00,2022-04-18 07:59:00,,2022-04-06 12:35:00,2022-04-06 18:21:27.503,,,Apprv,PL,PZ TE 06,REQ: & Section at PZ - Clearance Outage to Cut In MYK Sub - Upgrade Carrier Equip at PZ - Will Roll Load
2507,60005666.0,KN_PZ_06A,3,17632725,CNP00310047,5437119,2022-04-18 07:00:00,2022-04-26 17:00:00,2022-04-18 07:59:00,2022-04-26 17:00:00,2022-04-06 12:35:00,2022-04-06 18:21:27.503,,,Apprv,PL,PZ TE 06,"REQ: & Section at PZ - Clearance Outage to Cut In MYK Sub - Upgrade Carrier Equip at PZ - Will Roll Load
SUP: EXTENDED"
2507,60005666.0,KN_PZ_06A,3,17647087,CNP00311179,5436555,2022-04-26 17:01:00,2022-04-27 17:00:00,,,2022-04-26 15:51:00,2022-04-26 21:21:28.027,,,RatE,M1,PZ TE 06,REQ: & Section at PZ - Unavoidable extension due to Relay Settings at PZ Sub - Will Roll Load
2507,60005666.0,KN_PZ_06A,3,17647087,CNP00311179,5436921,2022-04-26 17:01:00,2022-04-27 17:00:00,,,2022-04-26 15:51:00,2022-04-26 21:21:28.027,,,Apprv,M1,PZ TE 06,REQ: & Section at PZ - Unavoidable extension due to Relay Settings at PZ Sub - Will Roll Load
2507,60005666.0,KN_PZ_06A,3,17647087,CNP00311179,5437037,2022-04-26 17:01:00,2022-04-27 17:00:00,2022-04-26 17:01:00,,2022-04-26 15:51:00,2022-04-26 21:21:28.027,,,Apprv,M1,PZ TE 06,REQ: & Section at PZ - Unavoidable extension due to Relay Settings at PZ Sub - Will Roll Load
2507,60005666.0,KN_PZ_06A,3,17647087,CNP00311179,5441186,2022-04-26 17:01:00,2022-04-27 23:59:00,2022-04-26 17:01:00,,2022-04-26 15:51:00,2022-04-26 21:21:28.027,,,Accpt,UE,PZ TE 06,"REQ: & Section at PZ - Unavoidable extension due to Relay Settings at PZ Sub - Will Roll Load
SUP: extended"
2507,60005666.0,KN_PZ_06A,3,17647087,CNP00311179,5441261,2022-04-26 17:01:00,2022-04-28 23:59:00,2022-04-26 17:01:00,,2022-04-26 15:51:00,2022-04-26 21:21:28.027,,,Accpt,UE,PZ TE 06,"REQ: & Section at PZ - Unavoidable extension due to Relay Settings at PZ Sub - Will Roll Load
SUP: extended"
2507,60005666.0,KN_PZ_06A,3,17647087,CNP00311179,5444109,2022-04-26 17:01:00,2022-04-28 17:00:00,2022-04-26 17:01:00,2022-04-28 15:45:00,2022-04-26 15:51:00,2022-04-26 21:21:28.027,,,Accpt,UE,PZ TE 06,"REQ: & Section at PZ - Unavoidable extension due to Relay Settings at PZ Sub - Will Roll Load
SUP: extended"
2507,60005666.0,KN_PZ_06A,9,17649084,CNP00311445,5444106,2022-04-28 17:01:00,2022-05-25 23:59:00,,,2022-04-28 15:51:00,2022-04-28 21:21:33.113,,,RatE,M1,PZ TE 06,"REQ: Retirement of Old Equipment
SUP: Retirement of Equipment"
2507,60005666.0,KN_PZ_06A,9,17649084,CNP00311445,5444696,2022-04-28 17:01:00,2022-05-25 23:59:00,,,2022-04-28 15:51:00,2022-04-28 21:21:33.113,,,Apprv,M1,PZ TE 06,"REQ: Retirement of Old Equipment
SUP: Retirement of Equipment"
2507,60005666.0,KN_PZ_06A,9,17649084,CNP00311445,5444736,2022-04-28 17:01:00,2022-05-25 23:59:00,2022-04-28 17:01:00,,2022-04-28 15:51:00,2022-04-28 21:21:33.113,,,Apprv,M1,PZ TE 06,"REQ: Retirement of Old Equipment
SUP: Retirement of Equipment"
2507,60005666.0,KN_PZ_06A,9,17649084,CNP00311445,5445704,2022-04-28 17:01:00,2022-04-28 17:02:00,2022-04-28 17:01:00,2022-04-28 17:02:00,2022-04-28 15:51:00,2022-04-28 21:21:33.113,,,Apprv,M1,PZ TE 06,"REQ: Fri Apr 29 09:20:57 CDT 2022: Actual End has been auto-populated by OS due to Nature Of Work = Retirement of Old Equipment
REQ: Retirement of Old Equipment
SUP: Retirement of Equipment"
2507,60005666.0,KN_PZ_06A,3,17653772,CNP00311834,5461066,2022-05-10 07:00:00,2022-05-10 16:00:00,,,2022-05-05 11:19:00,2022-05-05 17:21:30.390,,,RatE,PL,PZ MYK06,REQ: Will open jumpers @ Str 11295 & Str. 25159 - Will Roll load @ GG & KN
2507,60005666.0,KN_PZ_06A,3,17653772,CNP00311834,5461529,2022-05-11 07:00:00,2022-05-11 16:00:00,,,2022-05-05 11:19:00,2022-05-05 17:21:30.390,,,RatE,PL,PZ MYK06,REQ: Will open jumpers @ Str 11295 & Str. 25159 - Will Roll load @ GG & KN
2507,60005666.0,KN_PZ_06A,3,17653772,CNP00311834,5461934,2022-05-11 07:00:00,2022-05-11 16:00:00,,,2022-05-05 11:19:00,2022-05-05 17:21:30.390,,,Apprv,PL,PZ MYK06,REQ: Will open jumpers @ Str 11295 & Str. 25159 - Will Roll load @ GG & KN
2507,60005666.0,KN_PZ_06A,3,17653772,CNP00311834,5474761,2022-05-11 07:00:00,2022-05-11 16:00:00,2022-05-11 08:38:00,,2022-05-05 11:19:00,2022-05-05 17:21:30.390,,,Apprv,PL,PZ MYK06,REQ: Will open jumpers @ Str 11295 & Str. 25159 - Will Roll load @ GG & KN
2507,60005666.0,KN_PZ_06A,3,17653772,CNP00311834,5475644,2022-05-11 07:00:00,2022-05-11 16:00:00,2022-05-11 08:38:00,2022-05-11 15:08:00,2022-05-05 11:19:00,2022-05-05 17:21:30.390,,,Apprv,PL,PZ MYK06,REQ: Will open jumpers @ Str 11295 & Str. 25159 - Will Roll load @ GG & KN
2507,60005666.0,KN_PZ_06A,9,17671469,CNP00312933,5523445,2022-05-26 00:00:00,2022-06-07 23:59:00,2022-05-26 00:00:00,,2022-05-31 08:33:00,2022-05-31 14:21:34.757,,,Accpt,FR,PZ TE 06,"REQ: Retirement of Old Equipment
SUP: NOMCR Removal changed dates."
2507,60005666.0,KN_PZ_06A,9,17671469,CNP00312933,5523469,2022-05-26 00:00:00,2022-06-07 23:59:00,2022-05-26 00:00:00,2022-05-26 00:01:00,2022-05-31 08:33:00,2022-05-31 14:21:34.757,,,Accpt,FR,,"REQ: Retirement of Old Equipment
SUP: NOMCR Removal changed dates."
2507,60005666.0,KN_PZ_06A,3,17680442,CNP00313600,5552015,2022-06-30 06:00:00,2022-06-30 12:00:00,,,2022-06-14 12:22:00,2022-06-14 18:21:36.010,,,RatE,PL,PZ MYK06,REQ: Will close jumpers @ Str. 11295 & Str. 25159 - Will Roll load @ GG & KN
2507,60005666.0,KN_PZ_06A,3,17680442,CNP00313600,5557817,2022-06-30 06:00:00,2022-06-30 12:00:00,,,2022-06-14 12:22:00,2022-06-14 18:21:36.010,,,Apprv,PL,PZ MYK06,REQ: Will close jumpers @ Str. 11295 & Str. 25159 - Will Roll load @ GG & KN
2507,60005666.0,KN_PZ_06A,3,17680442,CNP00313600,5583585,2022-06-30 06:00:00,2022-06-30 12:00:00,,,2022-06-14 12:22:00,2022-06-14 18:21:36.010,2022-06-29,Cancel - Will not reschedule,Cancl,PL,PZ MYK06,REQ: Will close jumpers @ Str. 11295 & Str. 25159 - Will Roll load @ GG & KN
2507,60005666.0,KN_PZ_06A,3,17689903,CNP00314252,5580755,2022-06-29 06:00:00,2022-06-29 12:00:00,,,2022-06-28 13:49:00,2022-06-28 19:21:35.713,,,RatE,M1,MYKPZ 06,"REQ: Will close jumpers @ Str. 11295 & Str. 25159 - Will Roll load @ GG & KN
SUP: Return GG sub to normal configuration due to extreme weather forecast for 6/30/22"
2507,60005666.0,KN_PZ_06A,3,17689903,CNP00314252,5581343,2022-06-29 06:00:00,2022-06-29 12:00:00,,,2022-06-28 13:49:00,2022-06-28 19:21:35.713,,,Apprv,M1,MYKPZ 06,"REQ: Will close jumpers @ Str. 11295 & Str. 25159 - Will Roll load @ GG & KN
SUP: Return GG sub to normal configuration due to extreme weather forecast for 6/30/22"
2507,60005666.0,KN_PZ_06A,3,17689903,CNP00314252,5582090,2022-06-29 06:00:00,2022-06-29 12:00:00,2022-06-29 06:29:00,,2022-06-28 13:49:00,2022-06-28 19:21:35.713,,,Apprv,M1,MYKPZ 06,"REQ: Will close jumpers @ Str. 11295 & Str. 25159 - Will Roll load @ GG & KN
SUP: Return GG sub to normal configuration due to extreme weather forecast for 6/30/22"
2507,60005666.0,KN_PZ_06A,3,17689903,CNP00314252,5583586,2022-06-29 06:00:00,2022-06-29 12:00:00,2022-06-29 06:29:00,2022-06-29 11:26:00,2022-06-28 13:49:00,2022-06-28 19:21:35.713,,,Apprv,M1,MYKPZ 06,"REQ: Will close jumpers @ Str. 11295 & Str. 25159 - Will Roll load @ GG & KN
SUP: Return GG sub to normal configuration due to extreme weather forecast for 6/30/22"
2507,60005666.0,KN_PZ_06A,1,17781550,CNP00320164,5901993,2023-04-17 07:00:00,2023-04-20 17:00:00,,,2022-11-10 12:39:00,2022-11-10 19:21:48.533,,,RatE,PL,MYKPZ 06,REQ: & sect at MYK - Pulling wire span from new DE STR to 7068 Rack - Tie in new Lo Pro Dist Sub - Will Roll load
2507,60005666.0,KN_PZ_06A,1,17781550,CNP00320164,6054135,2023-04-17 07:00:00,2023-04-20 17:00:00,,,2022-11-10 12:39:00,2022-11-10 19:21:48.533,,,Apprv,PL,MYKPZ 06,REQ: & sect at MYK - Pulling wire span from new DE STR to 7068 Rack - Tie in new Lo Pro Dist Sub - Will Roll load
2507,60005666.0,KN_PZ_06A,1,17781550,CNP00320164,6060729,2023-04-17 07:00:00,2023-04-20 17:00:00,,,2022-11-10 12:39:00,2022-11-10 19:21:48.533,2023-01-27,Cancel - Materials Unavailable,Cancl,PL,MYKPZ 06,REQ: & sect at MYK - Pulling wire span from new DE STR to 7068 Rack - Tie in new Lo Pro Dist Sub - Will Roll load
2507,60005666.0,KN_PZ_06A,1,17834552,CNP00324377,6060719,2023-05-05 07:00:00,2023-05-08 17:00:00,,,2023-01-27 14:21:00,2023-01-27 21:21:48.890,,,RatE,PL,MYKPZ 06,REQ: & sect at MYK - Pulling wire span from new DE STR to 7068 Rack - Tie in new Lo Pro Dist Sub - Will Roll load
2507,60005666.0,KN_PZ_06A,1,17834552,CNP00324377,6102373,2023-05-05 07:00:00,2023-05-08 17:00:00,,,2023-01-27 14:21:00,2023-01-27 21:21:48.890,,,Apprv,PL,MYKPZ 06,REQ: & sect at MYK - Pulling wire span from new DE STR to 7068 Rack - Tie in new Lo Pro Dist Sub - Will Roll load
2507,60005666.0,KN_PZ_06A,1,17834552,CNP00324377,6300699,2023-05-05 07:00:00,2023-05-08 17:00:00,2023-05-05 08:04:00,,2023-01-27 14:21:00,2023-01-27 21:21:48.890,,,Apprv,PL,MYKPZ 06,REQ: & sect at MYK - Pulling wire span from new DE STR to 7068 Rack - Tie in new Lo Pro Dist Sub - Will Roll load
2507,60005666.0,KN_PZ_06A,1,17834552,CNP00324377,6306651,2023-05-05 07:00:00,2023-05-08 17:00:00,2023-05-05 08:04:00,2023-05-08 15:53:00,2023-01-27 14:21:00,2023-01-27 21:21:48.890,,,Apprv,PL,MYKPZ 06,REQ: & sect at MYK - Pulling wire span from new DE STR to 7068 Rack - Tie in new Lo Pro Dist Sub - Will Roll load
2507,60005666.0,KN_PZ_06A,5,17900374,CNP00329019,6272510,2023-04-25 14:00:00,2023-04-25 20:00:00,2023-04-25 14:00:00,,2023-04-25 14:31:00,2023-04-25 20:21:47.237,,,Accpt,FR,MYKPZ 06,"REQ: FORCED OUT
SUP: FORCED OUT"
2507,60005666.0,KN_PZ_06A,5,17900374,CNP00329019,6273061,2023-04-25 14:00:00,2023-04-25 20:00:00,2023-04-25 14:00:00,2023-04-25 16:24:00,2023-04-25 14:31:00,2023-04-25 20:21:47.237,,,Accpt,FR,MYKPZ 06,"REQ: FORCED OUT
SUP: FORCED OUT"
2507,60005666.0,KN_PZ_06A,1,17958487,CNP00332898,6463278,2023-10-09 07:00:00,2023-10-14 17:00:00,,,2023-07-25 15:07:00,2023-07-25 21:21:46.200,,,RatE,PL,MYKPZ 06,REQ: & sect w/ 138C bus at MYK - TOP Rolling phases at MYK & NHP installing/reconfiguring CT's & PT's - See TE06 outage - Will Roll Load
2507,60005666.0,KN_PZ_06A,1,17958487,CNP00332898,6547251,2023-10-09 07:00:00,2023-10-14 17:00:00,,,2023-07-25 15:07:00,2023-07-25 21:21:46.200,,,Apprv,PL,MYKPZ 06,REQ: & sect w/ 138C bus at MYK - TOP Rolling phases at MYK & NHP installing/reconfiguring CT's & PT's - See TE06 outage - Will Roll Load
2507,60005666.0,KN_PZ_06A,1,17958487,CNP00332898,6604898,2023-10-09 07:00:00,2023-10-09 13:00:00,,,2023-07-25 15:07:00,2023-07-25 21:21:46.200,,,Apprv,PL,MYKPZ 06,REQ: & sect w/ 138C bus at MYK - TOP Rolling phases at MYK & NHP installing/reconfiguring CT's & PT's - See TE06 outage - Will Roll Load
2507,60005666.0,KN_PZ_06A,1,17958487,CNP00332898,6625602,2023-10-09 07:00:00,2023-10-09 13:00:00,2023-10-09 06:31:00,,2023-07-25 15:07:00,2023-07-25 21:21:46.200,,,Apprv,PL,MYKPZ 06,REQ: & sect w/ 138C bus at MYK - TOP Rolling phases at MYK & NHP installing/reconfiguring CT's & PT's - See TE06 outage - Will Roll Load
2507,60005666.0,KN_PZ_06A,1,17958487,CNP00332898,6627566,2023-10-09 07:00:00,2023-10-09 13:00:00,2023-10-09 06:31:00,2023-10-09 13:39:00,2023-07-25 15:07:00,2023-07-25 21:21:46.200,,,Apprv,PL,MYKPZ 06,REQ: & sect w/ 138C bus at MYK - TOP Rolling phases at MYK & NHP installing/reconfiguring CT's & PT's - See TE06 outage - Will Roll Load
2507,60005666.0,KN_PZ_06A,1,18003886,CNP00336380,6604951,2023-10-14 07:00:00,2023-10-14 17:00:00,,,2023-09-29 13:55:00,2023-09-29 19:21:34.170,,,RatE,PL,MYKPZ 06,REQ: & sect w/ 138C bus at MYK - TOP (Vinson) to Close jumpers on STR#09992 - See TE06 outage - Will Roll Load  TOP Rolling phases at MYK & NHP installing/reconfiguring CT's & PT's
2507,60005666.0,KN_PZ_06A,1,18003886,CNP00336380,6616063,2023-10-14 07:00:00,2023-10-14 17:00:00,,,2023-09-29 13:55:00,2023-09-29 19:21:34.170,,,Apprv,PL,MYKPZ 06,REQ: & sect w/ 138C bus at MYK - TOP (Vinson) to Close jumpers on STR#09992 - See TE06 outage - Will Roll Load  TOP Rolling phases at MYK & NHP installing/reconfiguring CT's & PT's
2507,60005666.0,KN_PZ_06A,1,18003886,CNP00336380,6641569,2023-10-14 07:00:00,2023-10-14 17:00:00,2023-10-14 07:24:00,,2023-09-29 13:55:00,2023-09-29 19:21:34.170,,,Apprv,PL,MYKPZ 06,REQ: & sect w/ 138C bus at MYK - TOP (Vinson) to Close jumpers on STR#09992 - See TE06 outage - Will Roll Load  TOP Rolling phases at MYK & NHP installing/reconfiguring CT's & PT's
2507,60005666.0,KN_PZ_06A,1,18003886,CNP00336380,6641879,2023-10-14 07:00:00,2023-10-14 17:00:00,2023-10-14 07:24:00,2023-10-14 15:58:00,2023-09-29 13:55:00,2023-09-29 19:21:34.170,,,Apprv,PL,MYKPZ 06,REQ: & sect w/ 138C bus at MYK - TOP (Vinson) to Close jumpers on STR#09992 - See TE06 outage - Will Roll Load  TOP Rolling phases at MYK & NHP installing/reconfiguring CT's & PT's
2507,60005666.0,KN_PZ_06A,10,18114176,CNP00343682,6955951,2024-02-29 09:30:00,2024-02-29 19:00:00,,,2024-02-29 09:23:00,2024-02-29 16:22:42.183,,,Apprv,M1,PZ 6068,"REQ: REPAIR T2HS AT KNIGHT
SUP: REPAIR T2HS AT KNIGHT"
2507,60005666.0,KN_PZ_06A,10,18114176,CNP00343682,6957098,2024-02-29 09:30:00,2024-02-29 19:00:00,2024-02-29 11:20:00,,2024-02-29 09:23:00,2024-02-29 16:22:42.183,,,Apprv,M1,PZ 6068,"REQ: REPAIR T2HS AT KNIGHT
SUP: REPAIR T2HS AT KNIGHT"
2507,60005666.0,KN_PZ_06A,10,18114176,CNP00343682,6957797,2024-02-29 09:30:00,2024-02-29 19:00:00,2024-02-29 11:20:00,2024-02-29 14:54:00,2024-02-29 09:23:00,2024-02-29 16:22:42.183,,,Apprv,M1,PZ 6068,"REQ: REPAIR T2HS AT KNIGHT
SUP: REPAIR T2HS AT KNIGHT"
2507,60005666.0,KN_PZ_06A,1,18200002,CNP00350002,7228663,2024-06-27 07:00:00,2024-06-27 17:00:00,,,2024-06-18 12:54:00,2024-06-18 18:22:29.947,,,RatE,PL,MYKPZ 06,REQ: Clearance outage -PCS work -Will roll load
2507,60005666.0,KN_PZ_06A,1,18200002,CNP00350002,7231763,2024-06-27 07:00:00,2024-06-27 17:00:00,,,2024-06-18 12:54:00,2024-06-18 18:22:29.947,,,Apprv,PL,MYKPZ 06,REQ: Clearance outage -PCS work -Will roll load
2507,60005666.0,KN_PZ_06A,1,18200002,CNP00350002,7234206,2024-06-27 07:00:00,2024-06-27 12:00:00,,,2024-06-18 12:54:00,2024-06-18 18:22:29.947,,,Apprv,PL,MYKPZ 06,REQ: Clearance outage -PCS work -Will roll load
2507,60005666.0,KN_PZ_06A,1,18200002,CNP00350002,7248886,2024-06-27 07:00:00,2024-06-27 12:00:00,2024-06-27 07:00:00,,2024-06-18 12:54:00,2024-06-18 18:22:29.947,,,Apprv,PL,MYKPZ 06,REQ: Clearance outage -PCS work -Will roll load
2507,60005666.0,KN_PZ_06A,1,18200002,CNP00350002,7249643,2024-06-27 07:00:00,2024-06-27 12:00:00,2024-06-27 07:00:00,2024-06-27 11:27:00,2024-06-18 12:54:00,2024-06-18 18:22:29.947,,,Apprv,PL,MYKPZ 06,REQ: Clearance outage -PCS work -Will roll load
2507,60005666.0,KN_PZ_06A,1,18201185,CNP00350167,7234204,2024-06-27 05:00:00,2024-06-27 06:59:00,,,2024-06-20 09:41:00,2024-06-20 15:22:21.350,,,RatE,PL,MYKPZ 06,REQ: Clearance outage -PCS work -Will roll load
2507,60005666.0,KN_PZ_06A,1,18201185,CNP00350167,7235965,2024-06-27 05:00:00,2024-06-27 06:59:00,,,2024-06-20 09:41:00,2024-06-20 15:22:21.350,,,Apprv,PL,MYKPZ 06,REQ: Clearance outage -PCS work -Will roll load
2507,60005666.0,KN_PZ_06A,1,18201185,CNP00350167,7248645,2024-06-27 05:00:00,2024-06-27 06:59:00,2024-06-27 05:35:00,,2024-06-20 09:41:00,2024-06-20 15:22:21.350,,,Apprv,PL,MYKPZ 06,REQ: Clearance outage -PCS work -Will roll load
2507,60005666.0,KN_PZ_06A,1,18201185,CNP00350167,7248898,2024-06-27 05:00:00,2024-06-27 06:59:00,2024-06-27 05:35:00,2024-06-27 06:59:00,2024-06-20 09:41:00,2024-06-20 15:22:21.350,,,Apprv,PL,MYKPZ 06,REQ: Clearance outage -PCS work -Will roll load
2507,60005666.0,KN_PZ_06A,3,18540346,CNP00374777,8341891,2025-12-01 07:00:00,2025-12-06 17:00:00,,,2025-09-18 06:10:00,2025-09-18 12:20:40.540,,,RatE,PL,MYKPZ 06,REQ: Set new poles and transfer wire -Will roll load
2507,60005666.0,KN_PZ_06A,3,18540346,CNP00374777,8474532,2025-12-01 07:00:00,2025-12-06 17:00:00,,,2025-09-18 06:10:00,2025-09-18 12:20:40.540,,,Apprv,PL,MYKPZ 06,REQ: Set new poles and transfer wire -Will roll load
2507,60005666.0,KN_PZ_06A,3,18540346,CNP00374777,8558609,2025-12-01 09:00:00,2025-12-06 17:00:00,,,2025-09-18 06:10:00,2025-09-18 12:20:40.540,,,Apprv,PL,MYKPZ 06,REQ: Set new poles and transfer wire -Will roll load
2507,60005666.0,KN_PZ_06A,3,18540346,CNP00374777,8571052,2025-12-01 09:00:00,2025-12-06 17:00:00,2025-12-01 11:44:00,,2025-09-18 06:10:00,2025-09-18 12:20:40.540,,,Apprv,PL,MYKPZ 06,REQ: Set new poles and transfer wire -Will roll load
2507,60005666.0,KN_PZ_06A,3,18540346,CNP00374777,8589824,2025-12-01 09:00:00,2025-12-06 17:00:00,2025-12-01 11:44:00,2025-12-06 17:00:00,2025-09-18 06:10:00,2025-09-18 12:20:40.540,,,Apprv,PL,MYKPZ 06,REQ: Set new poles and transfer wire -Will roll load
2507,60005666.0,KN_PZ_06A,3,18589399,CNP00377285,8525973,2025-12-06 17:01:00,2025-12-09 17:00:00,,,2025-11-13 09:48:00,2025-11-13 16:20:47.183,,,RatE,PL,MYKPZ 06,REQ: Set new poles and transfer wire -Will roll load
2507,60005666.0,KN_PZ_06A,3,18589399,CNP00377285,8570717,2025-12-06 17:01:00,2025-12-09 17:00:00,,,2025-11-13 09:48:00,2025-11-13 16:20:47.183,,,Apprv,PL,MYKPZ 06,REQ: Set new poles and transfer wire -Will roll load
2507,60005666.0,KN_PZ_06A,3,18589399,CNP00377285,8589820,2025-12-06 17:01:00,2025-12-09 17:00:00,2025-12-06 17:01:00,,2025-11-13 09:48:00,2025-11-13 16:20:47.183,,,Apprv,PL,MYKPZ 06,REQ: Set new poles and transfer wire -Will roll load
2507,60005666.0,KN_PZ_06A,3,18589399,CNP00377285,8597745,2025-12-06 17:01:00,2025-12-09 17:00:00,2025-12-06 17:01:00,2025-12-09 19:00:00,2025-11-13 09:48:00,2025-11-13 16:20:47.183,,,Apprv,PL,MYKPZ 06,REQ: Set new poles and transfer wire -Will roll load
2507,60005666.0,KN_PZ_06A,3,18678907,CNP00383581,8811857,2026-05-01 07:00:00,2026-05-15 17:00:00,,,2026-03-02 08:01:00,2026-03-02 15:21:29.143,,,RatE,PL,MYKPZ 06,REQ: Line Rebuild / Upgrade - Will roll load
2507,60005666.0,KN_PZ_06A,3,18678907,CNP00383581,8902967,2026-05-01 07:00:00,2026-05-15 14:00:00,,,2026-03-02 08:01:00,2026-03-02 15:21:29.143,,,RatE,PL,MYKPZ 06,REQ: Line Rebuild / Upgrade - Will roll load
2507,60005666.0,KN_PZ_06A,3,18678907,CNP00383581,8905430,2026-05-01 07:00:00,2026-05-15 14:00:00,,,2026-03-02 08:01:00,2026-03-02 15:21:29.143,,,Apprv,PL,MYKPZ 06,REQ: Line Rebuild / Upgrade - Will roll load
2507,60005666.0,KN_PZ_06A,3,18678907,CNP00383581,9020960,2026-05-01 07:00:00,2026-05-15 14:00:00,2026-05-02 05:30:00,,2026-03-02 08:01:00,2026-03-02 15:21:29.143,,,Apprv,PL,MYKPZ 06,REQ: Line Rebuild / Upgrade - Will roll load
2507,60005666.0,KN_PZ_06A,3,18678907,CNP00383581,9045665,2026-05-01 07:00:00,2026-05-15 14:00:00,2026-05-02 05:30:00,2026-05-11 15:56:00,2026-03-02 08:01:00,2026-03-02 15:21:29.143,,,Apprv,PL,MYKPZ 06,REQ: Line Rebuild / Upgrade - Will roll load
2507,60005666.0,KN_PZ_06A,3,18775174,CNP00389806,9174909,2026-09-19 07:30:00,2026-09-19 13:00:00,,,2026-06-25 09:57:00,2026-06-25 15:21:21.067,,,RatE,PL,MYKPZ 06,REQ: Clearance to lift jumpers at structure 11319
2507,60005666.0,KN_PZ_06A,3,18775177,CNP00389809,9174919,2026-10-03 07:30:00,2026-10-03 13:00:00,,,2026-06-25 09:59:00,2026-06-25 15:21:21.067,,,RatE,PL,MYKPZ 06,REQ: Clearance to restore jumpers at structure 11319
2687,60006650.0,PE_TE_06A,10,15614046,CNP00241737,1158411,2018-12-22 07:00:00,2018-12-22 18:00:00,,,2018-12-19 09:51:00,2019-02-27 15:51:00.000,,,Apprv,PL,PZ TE 06,
2687,60006650.0,PE_TE_06A,10,15614046,CNP00241737,1217823,2018-12-22 07:00:00,2018-12-22 18:00:00,2018-12-22 08:38:00,2018-12-22 15:51:00,2018-12-19 09:51:00,2019-02-27 15:51:00.000,,,Apprv,PL,PZ TE 06,
2687,60006650.0,PE_TE_06A,10,15614046,CNP00241737,1237252,2018-12-22 07:00:00,2018-12-22 18:00:00,2018-12-22 08:38:00,,2018-12-19 09:51:00,2019-02-27 15:51:00.000,,,Apprv,PL,PZ TE 06,
2687,60006650.0,PE_TE_06A,10,15614046,CNP00241737,1453378,2018-12-22 07:00:00,2018-12-22 18:00:00,,,2018-12-19 09:51:00,2019-02-27 15:51:00.000,,,RatE,PL,PZ TE 06,
2687,60006650.0,PE_TE_06A,3,15646767,CNP00239881,1044303,2019-01-07 07:00:00,2019-01-16 17:00:00,2019-01-07 15:06:00,,2018-11-12 10:08:00,2019-02-27 15:51:00.000,,,Apprv,PL,PZ TE 06,
2687,60006650.0,PE_TE_06A,3,15646767,CNP00239881,1092820,2019-01-07 07:00:00,2019-01-17 17:00:00,2019-01-07 15:06:00,,2018-11-12 10:08:00,2019-02-27 15:51:00.000,,,Accpt,UE,PZ TE 06,
2687,60006650.0,PE_TE_06A,3,15646767,CNP00239881,1387029,2019-01-07 07:00:00,2019-01-16 17:00:00,,,2018-11-12 10:08:00,2019-02-27 15:51:00.000,,,RatE,PL,PZ TE 06,
2687,60006650.0,PE_TE_06A,3,15646767,CNP00239881,1522045,2019-01-07 07:00:00,2019-01-17 17:00:00,2019-01-07 15:06:00,2019-01-17 17:02:00,2018-11-12 10:08:00,2019-02-27 15:51:00.000,,,Accpt,UE,PZ TE 06,
2687,60006650.0,PE_TE_06A,3,15646767,CNP00239881,1526495,2019-01-07 07:00:00,2019-01-16 17:00:00,,,2018-11-12 10:08:00,2019-02-27 15:51:00.000,,,Apprv,PL,PZ TE 06,
2687,60006650.0,PE_TE_06A,14,15691873,CNP00167410,1475617,2015-01-14 07:00:00,2015-01-14 17:00:00,2015-01-14 07:54:00,2015-01-14 16:34:00,2014-12-09 11:22:00,2019-02-27 15:51:00.000,,,Apprv,PL,PZ TE 06,
2687,60006650.0,PE_TE_06A,8,15695431,CNP00202572,941394,2017-02-15 06:00:00,2017-02-22 17:00:00,,,2016-11-16 09:44:00,2019-02-27 15:51:00.000,2017-01-12,Cancel - Reschedule within next season,Cancl,PL,PZ TE 06,
2687,60006650.0,PE_TE_06A,8,15695431,CNP00202572,1297859,2017-02-15 06:00:00,2017-02-22 17:00:00,,,2016-11-16 09:44:00,2019-02-27 15:51:00.000,,,Apprv,PL,PZ TE 06,
2687,60006650.0,PE_TE_06A,3,15697756,CNP00194307,984465,2016-05-12 17:01:00,2016-05-14 17:00:00,,,2016-05-03 09:32:00,2019-02-27 15:51:00.000,,,RatE,PL,PZ TE 06,
2687,60006650.0,PE_TE_06A,3,15697756,CNP00194307,1143739,2016-05-12 17:01:00,2016-05-14 17:00:00,,,2016-05-03 09:32:00,2019-02-27 15:51:00.000,,,Apprv,PL,PZ TE 06,
2687,60006650.0,PE_TE_06A,3,15697756,CNP00194307,1222392,2016-05-12 17:01:00,2016-05-14 17:00:00,,,2016-05-03 09:32:00,2019-02-27 15:51:00.000,2016-05-05,Cancel - Reschedule within next season,Cancl,PL,PZ TE 06,
2687,60006650.0,PE_TE_06A,8,15727522,CNP00204789,1105546,2017-04-25 06:00:00,2017-05-03 05:59:00,2017-04-25 07:51:00,,2017-01-04 09:53:00,2019-02-27 15:51:00.000,,,Accpt,UE,PZ TE 06,
2687,60006650.0,PE_TE_06A,8,15727522,CNP00204789,1125327,2017-04-25 06:00:00,2017-05-03 02:10:00,2017-04-25 07:51:00,,2017-01-04 09:53:00,2019-02-27 15:51:00.000,,,Accpt,UE,PZ TE 06,
2687,60006650.0,PE_TE_06A,8,15727522,CNP00204789,1340300,2017-04-25 06:00:00,2017-05-02 17:00:00,,,2017-01-04 09:53:00,2019-02-27 15:51:00.000,,,RatE,PL,PZ TE 06,
2687,60006650.0,PE_TE_06A,8,15727522,CNP00204789,1352237,2017-04-25 06:00:00,2017-05-02 17:00:00,,,2017-01-04 09:53:00,2019-02-27 15:51:00.000,,,Apprv,PL,PZ TE 06,
2687,60006650.0,PE_TE_06A,8,15727522,CNP00204789,1389720,2017-04-25 06:00:00,2017-05-03 02:10:00,2017-04-25 07:51:00,2017-05-03 02:08:00,2017-01-04 09:53:00,2019-02-27 15:51:00.000,,,Accpt,UE,PZ TE 06,
2687,60006650.0,PE_TE_06A,8,15727522,CNP00204789,1419643,2017-04-25 06:00:00,2017-05-02 17:00:00,2017-04-25 07:51:00,,2017-01-04 09:53:00,2019-02-27 15:51:00.000,,,Apprv,PL,PZ TE 06,
2687,60006650.0,PE_TE_06A,8,15727522,CNP00204789,1435784,2017-04-25 06:00:00,2017-05-02 21:00:00,2017-04-25 07:51:00,,2017-01-04 09:53:00,2019-02-27 15:51:00.000,,,Accpt,UE,PZ TE 06,
2687,60006650.0,PE_TE_06A,3,15739762,CNP00194445,903019,2016-05-19 07:00:00,2016-05-20 22:00:00,2016-05-20 06:20:00,2016-05-20 20:51:00,2016-05-05 08:04:00,2019-02-27 15:51:00.000,,,Apprv,PL,PZ TE 06,
2687,60006650.0,PE_TE_06A,3,15739762,CNP00194445,1184845,2016-05-19 07:00:00,2016-05-21 17:00:00,,,2016-05-05 08:04:00,2019-02-27 15:51:00.000,,,RatE,PL,PZ TE 06,
2687,60006650.0,PE_TE_06A,3,15739762,CNP00194445,1441958,2016-05-19 07:00:00,2016-05-21 17:00:00,2016-05-20 06:20:00,,2016-05-05 08:04:00,2019-02-27 15:51:00.000,,,Apprv,PL,PZ TE 06,
2687,60006650.0,PE_TE_06A,3,15739762,CNP00194445,1500714,2016-05-19 07:00:00,2016-05-21 17:00:00,,,2016-05-05 08:04:00,2019-02-27 15:51:00.000,,,Apprv,PL,PZ TE 06,
2687,60006650.0,PE_TE_06A,3,15784075,CNP00235260,928376,2018-11-12 07:00:00,2018-11-21 17:00:00,,,2018-08-16 10:47:00,2019-02-27 15:51:00.000,,,RatE,PL,PZ TE 06,
2687,60006650.0,PE_TE_06A,3,15784075,CNP00235260,1096168,2018-11-12 07:00:00,2018-11-21 17:00:00,,,2018-08-16 10:47:00,2019-02-27 15:51:00.000,2018-11-04,Cancel - Reschedule within next season,Cancl,PL,PZ TE 06,
2687,60006650.0,PE_TE_06A,3,15784075,CNP00235260,1096247,2018-11-12 07:00:00,2018-11-21 17:00:00,,,2018-08-16 10:47:00,2019-02-27 15:51:00.000,,,Apprv,PL,PZ TE 06,
2687,60006650.0,PE_TE_06A,3,15794253,CNP00180915,993547,2015-09-23 07:00:00,2015-09-23 17:00:00,,,2015-08-25 17:11:00,2019-02-27 15:51:00.000,,,RatE,PL,PZ TE 06,
2687,60006650.0,PE_TE_06A,3,15794253,CNP00180915,1146085,2015-09-23 07:00:00,2015-09-23 17:00:00,,,2015-08-25 17:11:00,2019-02-27 15:51:00.000,,,Apprv,PL,PZ TE 06,
2687,60006650.0,PE_TE_06A,3,15794253,CNP00180915,1237002,2015-09-23 07:00:00,2015-09-23 17:00:00,2015-09-23 08:39:00,2015-09-23 13:09:00,2015-08-25 17:11:00,2019-02-27 15:51:00.000,,,Apprv,PL,PZ TE 06,
2687,60006650.0,PE_TE_06A,3,15794253,CNP00180915,1237002,2015-09-23 07:00:00,2015-09-23 17:00:00,2015-09-23 08:39:00,2015-09-23 13:09:00,2015-08-25 17:11:00,2019-02-27 15:51:00.000,,,Apprv,PL,PZ TE 06,
2687,60006650.0,PE_TE_06A,3,15794253,CNP00180915,1521297,2015-09-23 07:00:00,2015-09-23 17:00:00,2015-09-23 08:39:00,,2015-08-25 17:11:00,2019-02-27 15:51:00.000,,,Apprv,PL,PZ TE 06,
2687,60006650.0,PE_TE_06A,3,15811210,CNP00178150,1225212,2015-08-04 07:00:00,2015-08-04 17:00:00,,,2015-06-22 16:11:00,2019-02-27 15:51:00.000,2015-07-22,Cancel - Reschedule within next season,Cancl,PL,PZ TE 06,
2687,60006650.0,PE_TE_06A,3,15811210,CNP00178150,1491432,2015-08-04 07:00:00,2015-08-04 17:00:00,,,2015-06-22 16:11:00,2019-02-27 15:51:00.000,,,RatE,PL,PZ TE 06,
2687,60006650.0,PE_TE_06A,3,15811210,CNP00178150,1491432,2015-08-04 07:00:00,2015-08-04 17:00:00,,,2015-06-22 16:11:00,2019-02-27 15:51:00.000,,,RatE,PL,PZ TE 06,
2687,60006650.0,PE_TE_06A,10,15811844,CNP00221263,1017120,2017-11-30 07:00:00,2017-11-30 17:00:00,2017-11-30 08:17:00,,2017-11-28 13:32:00,2019-02-27 15:51:00.000,,,Apprv,M2,PZ TE 06,
2687,60006650.0,PE_TE_06A,10,15811844,CNP00221263,1293323,2017-11-30 07:00:00,2017-11-30 17:00:00,,,2017-11-28 13:32:00,2019-02-27 15:51:00.000,,,Apprv,M2,PZ TE 06,
2687,60006650.0,PE_TE_06A,10,15811844,CNP00221263,1405740,2017-11-30 07:00:00,2017-11-30 17:00:00,2017-11-30 08:17:00,2017-11-30 16:02:00,2017-11-28 13:32:00,2019-02-27 15:51:00.000,,,Apprv,M2,PZ TE 06,
2687,60006650.0,PE_TE_06A,3,15830323,CNP00199550,1214567,2016-09-27 07:00:00,2016-09-27 17:00:00,,,2016-08-29 14:01:00,2019-02-27 15:51:00.000,,,RatE,PL,PZ TE 06,
2687,60006650.0,PE_TE_06A,3,15830323,CNP00199550,1243788,2016-09-27 07:00:00,2016-09-27 17:00:00,,,2016-08-29 14:01:00,2019-02-27 15:51:00.000,,,Apprv,PL,PZ TE 06,
2687,60006650.0,PE_TE_06A,3,15830323,CNP00199550,1460090,2016-09-27 07:00:00,2016-09-27 17:00:00,2016-09-27 09:17:00,2016-09-27 17:02:00,2016-08-29 14:01:00,2019-02-27 15:51:00.000,,,Apprv,PL,PZ TE 06,
2687,60006650.0,PE_TE_06A,3,15830323,CNP00199550,1463010,2016-09-27 07:00:00,2016-09-27 17:00:00,2016-09-27 09:17:00,,2016-08-29 14:01:00,2019-02-27 15:51:00.000,,,Apprv,PL,PZ TE 06,
2687,60006650.0,PE_TE_06A,3,15836286,CNP00227956,1178179,2018-04-30 07:00:00,2018-04-30 13:00:00,,,2018-03-13 14:06:00,2019-02-27 15:51:00.000,,,RatE,PL,PZ TE 06,
2687,60006650.0,PE_TE_06A,3,15836286,CNP00227956,1252746,2018-04-30 07:00:00,2018-04-30 23:00:00,2018-04-30 09:51:00,2018-04-30 14:34:00,2018-03-13 14:06:00,2019-02-27 15:51:00.000,,,Accpt,UE,PZ TE 06,
2687,60006650.0,PE_TE_06A,3,15836286,CNP00227956,1255175,2018-04-30 07:00:00,2018-04-30 23:00:00,2018-04-30 09:51:00,,2018-03-13 14:06:00,2019-02-27 15:51:00.000,,,Accpt,UE,PZ TE 06,
2687,60006650.0,PE_TE_06A,3,15836286,CNP00227956,1284472,2018-04-30 07:00:00,2018-04-30 13:00:00,2018-04-30 09:51:00,,2018-03-13 14:06:00,2019-02-27 15:51:00.000,,,Apprv,PL,PZ TE 06,
2687,60006650.0,PE_TE_06A,3,15836286,CNP00227956,1299239,2018-04-30 07:00:00,2018-04-30 13:00:00,,,2018-03-13 14:06:00,2019-02-27 15:51:00.000,,,Apprv,PL,PZ TE 06,
2687,60006650.0,PE_TE_06A,3,15893364,CNP00187085,1399585,2016-03-29 07:00:00,2016-03-30 17:00:00,,,2015-12-28 11:10:00,2019-02-27 15:51:00.000,2016-01-04,Cancel - Reschedule within next season,Cancl,PL,PZ TE 06,
2687,60006650.0,PE_TE_06A,3,15893364,CNP00187085,1407983,2016-03-29 07:00:00,2016-03-30 17:00:00,,,2015-12-28 11:10:00,2019-02-27 15:51:00.000,,,RatE,PL,PZ TE 06,
2687,60006650.0,PE_TE_06A,14,15929790,CNP00204006,1061339,2017-03-20 07:00:00,2017-03-25 17:00:00,,,2016-12-19 15:56:00,2019-02-27 15:51:00.000,,,Apprv,PL,PZ TE 06,
2687,60006650.0,PE_TE_06A,14,15929790,CNP00204006,1321539,2017-03-20 07:00:00,2017-03-25 17:00:00,,,2016-12-19 15:56:00,2019-02-27 15:51:00.000,,,RatE,PL,PZ TE 06,
2687,60006650.0,PE_TE_06A,14,15929790,CNP00204006,1394412,2017-03-20 07:00:00,2017-03-25 17:00:00,,,2016-12-19 15:56:00,2019-02-27 15:51:00.000,2016-12-21,Cancel - Reschedule within next season,Cancl,PL,PZ TE 06,
2687,60006650.0,PE_TE_06A,3,15954059,CNP00187323,925705,2016-05-12 07:00:00,2016-05-12 17:00:00,,,2016-01-04 12:21:00,2019-02-27 15:51:00.000,2016-05-05,Cancel - Reschedule within next season,Cancl,PL,PZ TE 06,
2687,60006650.0,PE_TE_06A,3,15954059,CNP00187323,1009523,2016-05-10 07:00:00,2016-05-12 17:00:00,,,2016-01-04 12:21:00,2019-02-27 15:51:00.000,,,RatE,PL,PZ TE 06,
2687,60006650.0,PE_TE_06A,3,15954059,CNP00187323,1290780,2016-05-12 07:00:00,2016-05-12 17:00:00,,,2016-01-04 12:21:00,2019-02-27 15:51:00.000,,,Apprv,PL,PZ TE 06,
2687,60006650.0,PE_TE_06A,3,15954059,CNP00187323,1343217,2016-05-10 07:00:00,2016-05-12 17:00:00,,,2016-01-04 12:21:00,2019-02-27 15:51:00.000,,,Apprv,PL,PZ TE 06,
2687,60006650.0,PE_TE_06A,8,15956150,CNP00205519,987725,2017-02-15 06:00:00,2017-02-22 17:00:00,,,2017-01-12 12:43:00,2019-02-27 15:51:00.000,,,RatE,PL,PZ TE 06,
2687,60006650.0,PE_TE_06A,8,15956150,CNP00205519,1297490,2017-02-15 06:00:00,2017-02-24 17:00:00,2017-02-15 06:00:00,,2017-01-12 12:43:00,2019-02-27 15:51:00.000,,,Apprv,PL,PZ TE 06,
2687,60006650.0,PE_TE_06A,8,15956150,CNP00205519,1387188,2017-02-15 06:00:00,2017-02-24 17:00:00,,,2017-01-12 12:43:00,2019-02-27 15:51:00.000,,,RatE,PL,PZ TE 06,
2687,60006650.0,PE_TE_06A,8,15956150,CNP00205519,1444786,2017-02-15 06:00:00,2017-02-24 17:00:00,,,2017-01-12 12:43:00,2019-02-27 15:51:00.000,,,Apprv,PL,PZ TE 06,
2687,60006650.0,PE_TE_06A,8,15956150,CNP00205519,1510919,2017-02-15 06:00:00,2017-02-24 17:00:00,2017-02-15 06:00:00,2017-02-24 12:49:00,2017-01-12 12:43:00,2019-02-27 15:51:00.000,,,Apprv,PL,PZ TE 06,
2687,60006650.0,PE_TE_06A,3,15959703,CNP00187304,974059,2016-03-29 07:00:00,2016-03-30 17:00:00,,,2016-01-04 12:20:00,2019-02-27 15:51:00.000,,,Apprv,PL,PZ TE 06,
2687,60006650.0,PE_TE_06A,3,15959703,CNP00187304,1116318,2016-03-29 07:00:00,2016-03-30 17:00:00,2016-03-29 07:08:00,2016-03-30 16:29:00,2016-01-04 12:20:00,2019-02-27 15:51:00.000,,,Apprv,PL,PZ TE 06,
2687,60006650.0,PE_TE_06A,3,15959703,CNP00187304,1272695,2016-03-29 07:00:00,2016-03-30 17:00:00,2016-03-29 07:08:00,,2016-01-04 12:20:00,2019-02-27 15:51:00.000,,,Apprv,PL,PZ TE 06,
2687,60006650.0,PE_TE_06A,3,15959703,CNP00187304,1407983,2016-03-29 07:00:00,2016-03-30 17:00:00,,,2016-01-04 12:20:00,2019-02-27 15:51:00.000,,,RatE,PL,PZ TE 06,
2687,60006650.0,PE_TE_06A,3,16019904,CNP00227973,952322,2018-05-06 07:00:00,2018-05-06 13:00:00,2018-05-06 06:38:00,,2018-03-13 14:09:00,2019-02-27 15:51:00.000,,,Apprv,PL,PZ TE 06,
2687,60006650.0,PE_TE_06A,3,16019904,CNP00227973,1127501,2018-05-06 07:00:00,2018-05-06 13:00:00,2018-05-06 06:38:00,2018-05-06 13:33:00,2018-03-13 14:09:00,2019-02-27 15:51:00.000,,,Apprv,PL,PZ TE 06,
2687,60006650.0,PE_TE_06A,3,16019904,CNP00227973,1335002,2018-05-06 07:00:00,2018-05-06 13:00:00,,,2018-03-13 14:09:00,2019-02-27 15:51:00.000,,,Apprv,PL,PZ TE 06,
2687,60006650.0,PE_TE_06A,3,16019904,CNP00227973,1528791,2018-05-06 07:00:00,2018-05-06 13:00:00,,,2018-03-13 14:09:00,2019-02-27 15:51:00.000,,,RatE,PL,PZ TE 06,
2687,60006650.0,PE_TE_06A,14,16072723,CNP00204265,1175855,2017-03-20 07:00:00,2017-03-25 17:00:00,,,2016-12-21 08:27:00,2019-02-27 15:51:00.000,2017-01-05,Cancel - Reschedule within next season,Cancl,PL,PZ TE 06,
2687,60006650.0,PE_TE_06A,14,16072723,CNP00204265,1321539,2017-03-20 07:00:00,2017-03-25 17:00:00,,,2016-12-21 08:27:00,2019-02-27 15:51:00.000,,,RatE,PL,PZ TE 06,
2687,60006650.0,PE_TE_06A,14,16076611,CNP00204235,943499,2017-02-11 07:00:00,2017-02-15 05:59:00,2017-02-11 08:00:00,,2016-12-21 08:28:00,2019-02-27 15:51:00.000,,,Apprv,PL,PZ TE 06,
2687,60006650.0,PE_TE_06A,14,16076611,CNP00204235,1204999,2017-02-08 07:00:00,2017-02-15 05:59:00,,,2016-12-21 08:28:00,2019-02-27 15:51:00.000,,,RatE,PL,PZ TE 06,
2687,60006650.0,PE_TE_06A,14,16076611,CNP00204235,1244466,2017-02-08 07:00:00,2017-02-15 05:59:00,,,2016-12-21 08:28:00,2019-02-27 15:51:00.000,,,Apprv,PL,PZ TE 06,
2687,60006650.0,PE_TE_06A,14,16076611,CNP00204235,1260709,2017-02-11 07:00:00,2017-02-15 05:59:00,,,2016-12-21 08:28:00,2019-02-27 15:51:00.000,,,Apprv,PL,PZ TE 06,
2687,60006650.0,PE_TE_06A,14,16076611,CNP00204235,1352561,2017-02-11 07:00:00,2017-02-15 05:59:00,2017-02-11 08:00:00,2017-02-15 05:59:00,2016-12-21 08:28:00,2019-02-27 15:51:00.000,,,Apprv,PL,PZ TE 06,
2687,60006650.0,PE_TE_06A,3,16100110,CNP00175499,928457,2015-05-27 07:00:00,2015-05-27 17:00:00,,,2015-05-05 08:53:00,2019-02-27 15:51:00.000,,,Apprv,PL,PZ TE 06,
2687,60006650.0,PE_TE_06A,3,16100110,CNP00175499,1133325,2015-05-27 07:00:00,2015-05-27 17:00:00,,,2015-05-05 08:53:00,2019-02-27 15:51:00.000,,,RatE,PL,PZ TE 06,
2687,60006650.0,PE_TE_06A,3,16100110,CNP00175499,1178036,2015-05-27 07:00:00,2015-05-27 17:00:00,,,2015-05-05 08:53:00,2019-02-27 15:51:00.000,2015-05-21,Cancel - Reschedule within next season,Cancl,PL,PZ TE 06,
2687,60006650.0,PE_TE_06A,1,16911002,CNP00271773,3868639,2021-01-25 07:00:00,2021-01-30 17:00:00,,,2020-09-14 08:47:00,2020-09-14 14:22:42.660,,,RatE,PL,PZ TE 06,
2687,60006650.0,PE_TE_06A,1,16911002,CNP00271773,3966901,2021-01-25 07:00:00,2021-01-30 17:00:00,,,2020-09-14 08:47:00,2020-09-14 14:22:42.660,,,Apprv,PL,PZ TE 06,
2687,60006650.0,PE_TE_06A,1,16911002,CNP00271773,4076706,2021-01-25 07:00:00,2021-01-30 17:00:00,,,2020-09-14 08:47:00,2020-09-14 14:22:42.660,2020-12-22,Cancel - Reschedule date unknown,Cancl,PL,PZ TE 06,
2687,60006650.0,PE_TE_06A,1,16911031,CNP00271749,3868633,2021-01-11 07:00:00,2021-01-17 17:00:00,,,2020-09-14 07:52:00,2020-09-14 14:22:42.660,,,RatE,PL,PZ TE 06,
2687,60006650.0,PE_TE_06A,1,16911031,CNP00271749,3966216,2021-01-11 07:00:00,2021-01-17 17:00:00,,,2020-09-14 07:52:00,2020-09-14 14:22:42.660,,,Apprv,PL,PZ TE 06,
2687,60006650.0,PE_TE_06A,1,16911031,CNP00271749,4113407,2021-01-11 07:00:00,2021-01-17 17:00:00,,,2020-09-14 07:52:00,2020-09-14 14:22:42.660,2020-12-29,Cancel - Reschedule date unknown,Cancl,PL,PZ TE 06,
2687,60006650.0,PE_TE_06A,1,16979818,CNP00277316,4116068,2021-01-11 07:00:00,2021-01-12 17:00:00,,,2020-12-31 07:30:00,2020-12-31 14:21:20.740,,,RatE,PL,PZ TE 06,
2687,60006650.0,PE_TE_06A,1,16979818,CNP00277316,4116157,2021-01-11 07:00:00,2021-01-12 17:00:00,,,2020-12-31 07:30:00,2020-12-31 14:21:20.740,,,Apprv,PL,PZ TE 06,
2687,60006650.0,PE_TE_06A,1,16979818,CNP00277316,4130673,2021-01-11 07:00:00,2021-01-12 17:00:00,2021-01-11 08:18:00,,2020-12-31 07:30:00,2020-12-31 14:21:20.740,,,Apprv,PL,PZ TE 06,
2687,60006650.0,PE_TE_06A,1,16979818,CNP00277316,4134368,2021-01-11 07:00:00,2021-01-12 17:00:00,2021-01-11 08:18:00,2021-01-12 17:06:00,2020-12-31 07:30:00,2020-12-31 14:21:20.740,,,Apprv,PL,PZ TE 06,
2687,60006650.0,PE_TE_06A,3,16995940,CNP00279182,4155914,2021-02-15 07:00:00,2021-02-20 17:00:00,,,2021-01-25 15:22:00,2021-01-25 22:21:06.653,,,RatE,PL,PZ TE 06,
2687,60006650.0,PE_TE_06A,3,16995940,CNP00279182,4217550,2021-02-15 07:00:00,2021-02-20 17:00:00,,,2021-01-25 15:22:00,2021-01-25 22:21:06.653,,,Apprv,PL,PZ TE 06,
2687,60006650.0,PE_TE_06A,3,16995940,CNP00279182,4231813,2021-02-15 07:00:00,2021-02-20 17:00:00,,,2021-01-25 15:22:00,2021-01-25 22:21:06.653,2021-02-16,Cancel - Weather Conditions,Cancl,PL,PZ TE 06,
2687,60006650.0,PE_TE_06A,1,17002486,CNP00279836,4171288,2021-05-05 07:00:00,2021-05-07 17:00:00,,,2021-02-01 07:13:00,2021-02-01 14:21:13.910,,,RatE,PL,PZ TE 06,
2687,60006650.0,PE_TE_06A,1,17002486,CNP00279836,4209553,2021-05-05 07:00:00,2021-05-07 17:00:00,,,2021-02-01 07:13:00,2021-02-01 14:21:13.910,,,Apprv,PL,PZ TE 06,
2687,60006650.0,PE_TE_06A,1,17002486,CNP00279836,4348037,2021-05-05 07:00:00,2021-05-07 17:00:00,,,2021-02-01 07:13:00,2021-02-01 14:21:13.910,2021-03-03,Cancel - Reschedule date unknown,Cancl,PL,PZ TE 06,
2687,60006650.0,PE_TE_06A,3,17025085,CNP00280827,4231929,2021-03-02 07:00:00,2021-03-06 17:00:00,,,2021-02-16 11:26:00,2021-02-16 18:21:05.270,,,RatE,PL,PZ TE 06,
2687,60006650.0,PE_TE_06A,3,17025085,CNP00280827,4248411,2021-03-02 07:00:00,2021-03-06 17:00:00,,,2021-02-16 11:26:00,2021-02-16 18:21:05.270,,,Apprv,PL,PZ TE 06,
2687,60006650.0,PE_TE_06A,3,17025085,CNP00280827,4262159,2021-03-03 07:00:00,2021-03-06 17:00:00,,,2021-02-16 11:26:00,2021-02-16 18:21:05.270,,,Apprv,PL,PZ TE 06,
2687,60006650.0,PE_TE_06A,3,17025085,CNP00280827,4263508,2021-03-03 07:00:00,2021-03-06 17:00:00,,,2021-02-16 11:26:00,2021-02-16 18:21:05.270,2021-03-01,Cancel - Reschedule within next season,Cancl,PL,PZ TE 06,
2687,60006650.0,PE_TE_06A,7,17047263,CNP00281630,4260948,2021-02-28 20:30:00,2021-03-01 08:00:00,,,2021-02-28 19:31:00,2021-03-01 02:21:00.597,,,RatE,M1,PZ TE 06,
2687,60006650.0,PE_TE_06A,7,17047263,CNP00281630,4262228,2021-02-28 20:30:00,2021-03-01 08:00:00,,,2021-02-28 19:31:00,2021-03-01 02:21:00.597,2021-03-01,Cancel - Will not reschedule,Cancl,M1,PZ TE 06,
2687,60006650.0,PE_TE_06A,7,17048038,CNP00281667,4262214,2021-03-01 00:07:00,2021-03-01 04:09:00,2021-03-01 00:07:00,2021-03-01 04:09:00,2021-03-01 09:19:00,2021-03-01 16:21:07.123,,,Accpt,FR,PZ TE 06,
2687,60006650.0,PE_TE_06A,3,17048345,CNP00281746,4263371,2021-03-08 07:00:00,2021-03-12 17:00:00,,,2021-03-01 13:55:00,2021-03-01 20:21:07.237,,,RatE,PL,PZ TE 06,
2687,60006650.0,PE_TE_06A,3,17048345,CNP00281746,4366697,2021-03-08 07:00:00,2021-03-12 17:00:00,,,2021-03-01 13:55:00,2021-03-01 20:21:07.237,,,Apprv,PL,PZ TE 06,
2687,60006650.0,PE_TE_06A,3,17048345,CNP00281746,4449929,2021-03-08 07:00:00,2021-03-12 17:00:00,2021-03-08 09:50:00,,2021-03-01 13:55:00,2021-03-01 20:21:07.237,,,Apprv,PL,PZ TE 06,
2687,60006650.0,PE_TE_06A,3,17048345,CNP00281746,4457940,2021-03-08 07:00:00,2021-03-12 17:00:00,2021-03-08 09:50:00,2021-03-10 16:13:00,2021-03-01 13:55:00,2021-03-01 20:21:07.237,,,Apprv,PL,PZ TE 06,
2687,60006650.0,PE_TE_06A,1,17052333,CNP00281957,4348072,2021-05-03 07:00:00,2021-05-05 17:00:00,,,2021-03-03 10:44:00,2021-03-03 17:21:17.893,,,RatE,PL,PZ TE 06,
2687,60006650.0,PE_TE_06A,1,17052333,CNP00281957,4513181,2021-05-03 07:00:00,2021-05-05 17:00:00,,,2021-03-03 10:44:00,2021-03-03 17:21:17.893,,,Apprv,PL,PZ TE 06,
2687,60006650.0,PE_TE_06A,1,17052333,CNP00281957,4586208,2021-05-03 07:00:00,2021-05-05 17:00:00,2021-05-03 08:22:00,,2021-03-03 10:44:00,2021-03-03 17:21:17.893,,,Apprv,PL,PZ TE 06,
2687,60006650.0,PE_TE_06A,1,17052333,CNP00281957,4591002,2021-05-03 07:00:00,2021-05-05 17:00:00,2021-05-03 08:22:00,2021-05-04 18:50:00,2021-03-03 10:44:00,2021-03-03 17:21:17.893,,,Apprv,PL,PZ TE 06,
2687,60006650.0,PE_TE_06A,1,17194580,CNP00291267,4656303,2021-06-14 06:00:00,2021-06-14 12:00:00,,,2021-06-02 12:55:00,2021-06-02 18:20:54.120,,,RatE,PL,PZ TE 06,
2687,60006650.0,PE_TE_06A,1,17194580,CNP00291267,4660486,2021-06-14 06:00:00,2021-06-14 12:00:00,,,2021-06-02 12:55:00,2021-06-02 18:20:54.120,,,Apprv,PL,PZ TE 06,
2687,60006650.0,PE_TE_06A,1,17194580,CNP00291267,4716032,2021-06-14 06:00:00,2021-06-14 12:00:00,2021-06-14 08:25:00,,2021-06-02 12:55:00,2021-06-02 18:20:54.120,,,Apprv,PL,PZ TE 06,
2687,60006650.0,PE_TE_06A,1,17194580,CNP00291267,4717769,2021-06-14 06:00:00,2021-06-14 12:00:00,2021-06-14 08:25:00,2021-06-14 12:03:00,2021-06-02 12:55:00,2021-06-02 18:20:54.120,,,Apprv,PL,PZ TE 06,
2687,60006650.0,PE_TE_06A,1,17211801,CNP00292127,4717787,2021-06-15 06:00:00,2021-06-15 12:00:00,,,2021-06-14 13:12:00,2021-06-14 19:21:04.120,,,RatE,M1,PZ TE 06,
2687,60006650.0,PE_TE_06A,1,17211801,CNP00292127,4718448,2021-06-15 06:00:00,2021-06-15 12:00:00,,,2021-06-14 13:12:00,2021-06-14 19:21:04.120,,,Apprv,M1,PZ TE 06,
2687,60006650.0,PE_TE_06A,1,17211801,CNP00292127,4718814,2021-06-15 06:00:00,2021-06-15 12:00:00,2021-06-15 05:55:00,,2021-06-14 13:12:00,2021-06-14 19:21:04.120,,,Apprv,M1,PZ TE 06,
2687,60006650.0,PE_TE_06A,1,17211801,CNP00292127,4719576,2021-06-15 06:00:00,2021-06-15 12:00:00,2021-06-15 05:55:00,2021-06-15 09:43:00,2021-06-14 13:12:00,2021-06-14 19:21:04.120,,,Apprv,M1,PZ TE 06,
2687,60006650.0,PE_TE_06A,1,17435650,CNP00300680,5032454,2022-04-04 07:00:00,2022-04-15 17:00:00,,,2021-11-02 13:56:00,2021-11-02 19:21:33.460,,,RatE,PL,PZ TE 06,REQ: Clearance outage to Cut In MYKAWA (MYK) Substation - Pull in Approach spans
2687,60006650.0,PE_TE_06A,1,17435650,CNP00300680,5168554,2022-04-04 07:00:00,2022-04-15 17:00:00,,,2021-11-02 13:56:00,2021-11-02 19:21:33.460,,,Apprv,PL,PZ TE 06,REQ: Clearance outage to Cut In MYKAWA (MYK) Substation - Pull in Approach spans
2687,60006650.0,PE_TE_06A,1,17435650,CNP00300680,5352500,2022-04-04 07:00:00,2022-04-06 17:00:00,,,2021-11-02 13:56:00,2021-11-02 19:21:33.460,,,Apprv,PL,PZ TE 06,"REQ: Remove Bypass & Reconnect 6068 at PZ & Doble PE TR1 4/7 Combo
REQ: Clearance outage to Cut In MYKAWA (MYK) Substation - Pull in Approach spans"
2687,60006650.0,PE_TE_06A,1,17435650,CNP00300680,5361655,2022-04-04 07:00:00,2022-04-06 17:00:00,2022-04-04 07:58:00,,2021-11-02 13:56:00,2021-11-02 19:21:33.460,,,Apprv,PL,PZ TE 06,"REQ: Remove Bypass & Reconnect 6068 at PZ
REQ: Remove Bypass & Reconnect 6068 at PZ & Doble PE TR1 4/7 Combo
REQ: Clearance outage to Cut In MYKAWA (MYK) Substation - Pull in Approach spans"
2687,60006650.0,PE_TE_06A,1,17435650,CNP00300680,5369934,2022-04-04 07:00:00,2022-04-06 21:00:00,2022-04-04 07:58:00,,2021-11-02 13:56:00,2021-11-02 19:21:33.460,,,Accpt,UE,PZ TE 06,"REQ: Remove Bypass & Reconnect 6068 at PZ
SUP: EXTENDED
REQ: Remove Bypass & Reconnect 6068 at PZ & Doble PE TR1 4/7 Combo
REQ: Clearance outage to Cut In MYKAWA (MYK) Substation - Pull in Approach spans"
2687,60006650.0,PE_TE_06A,1,17435650,CNP00300680,5370197,2022-04-04 07:00:00,2022-04-06 21:00:00,2022-04-04 07:58:00,2022-04-06 19:31:00,2021-11-02 13:56:00,2021-11-02 19:21:33.460,,,Accpt,UE,PZ TE 06,"REQ: Remove Bypass & Reconnect 6068 at PZ
SUP: EXTENDED.
SUP: EXTENDED
REQ: Remove Bypass & Reconnect 6068 at PZ & Doble PE TR1 4/7 Combo
REQ: Clearance outage to Cut In MYKAWA (MYK) Substation - Pull in Approach spans"
2687,60006650.0,PE_TE_06A,3,17501051,CNP00303517,5128155,2022-01-09 07:00:00,2022-01-09 17:00:00,,,2021-12-15 14:31:00,2021-12-15 21:21:34.113,,,RatE,PL,PZ TE 06,REQ: Open Jumpers Structure 11319 & 25159 - Will Roll load
2687,60006650.0,PE_TE_06A,3,17501051,CNP00303517,5143080,2022-01-09 07:00:00,2022-01-09 17:00:00,,,2021-12-15 14:31:00,2021-12-15 21:21:34.113,,,Apprv,PL,PZ TE 06,REQ: Open Jumpers Structure 11319 & 25159 - Will Roll load
2687,60006650.0,PE_TE_06A,3,17501051,CNP00303517,5166013,2022-01-09 07:00:00,2022-01-09 17:00:00,2022-01-09 06:41:00,,2021-12-15 14:31:00,2021-12-15 21:21:34.113,,,Apprv,PL,PZ TE 06,REQ: Open Jumpers Structure 11319 & 25159 - Will Roll load
2687,60006650.0,PE_TE_06A,3,17501051,CNP00303517,5166137,2022-01-09 07:00:00,2022-01-09 17:00:00,2022-01-09 06:41:00,2022-01-09 13:08:00,2021-12-15 14:31:00,2021-12-15 21:21:34.113,,,Apprv,PL,PZ TE 06,REQ: Open Jumpers Structure 11319 & 25159 - Will Roll load
2687,60006650.0,PE_TE_06A,1,17532011,CNP00304525,5167536,2022-02-07 07:00:00,2022-02-12 17:00:00,,,2022-01-10 11:33:00,2022-01-10 18:21:36.000,,,RatE,PL,PZ TE 06,REQ: Clearance Outage to install Foundations MYKAWA (MYK) Substation - Will roll load
2687,60006650.0,PE_TE_06A,1,17532011,CNP00304525,5196102,2022-02-07 07:00:00,2022-02-12 17:00:00,,,2022-01-10 11:33:00,2022-01-10 18:21:36.000,,,Apprv,PL,PZ TE 06,REQ: Clearance Outage to install Foundations MYKAWA (MYK) Substation - Will roll load
2687,60006650.0,PE_TE_06A,1,17532011,CNP00304525,5223659,2022-02-07 07:00:00,2022-02-12 17:00:00,,,2022-01-10 11:33:00,2022-01-10 18:21:36.000,2022-02-04,Cancel - Materials Unavailable,Cancl,PL,PZ TE 06,REQ: Clearance Outage to install Foundations MYKAWA (MYK) Substation - Will roll load
2687,60006650.0,PE_TE_06A,1,17569793,CNP00306615,5223687,2022-02-14 07:00:00,2022-02-17 17:00:00,,,2022-02-04 07:31:00,2022-02-04 14:21:34.537,,,RatE,PL,PZ TE 06,REQ: Clearance Outage to install Foundations MYKAWA (MYK) Substation - Will roll load
2687,60006650.0,PE_TE_06A,1,17569793,CNP00306615,5224889,2022-02-14 07:00:00,2022-02-17 17:00:00,,,2022-02-04 07:31:00,2022-02-04 14:21:34.537,,,Apprv,PL,PZ TE 06,REQ: Clearance Outage to install Foundations MYKAWA (MYK) Substation - Will roll load
2687,60006650.0,PE_TE_06A,1,17569793,CNP00306615,5230275,2022-02-14 07:00:00,2022-02-15 17:00:00,,,2022-02-04 07:31:00,2022-02-04 14:21:34.537,,,Apprv,PL,PZ TE 06,REQ: Clearance Outage to install Foundations MYKAWA (MYK) Substation - Will roll load
2687,60006650.0,PE_TE_06A,1,17569793,CNP00306615,5242302,2022-02-14 07:00:00,2022-02-15 17:00:00,2022-02-14 06:30:00,,2022-02-04 07:31:00,2022-02-04 14:21:34.537,,,Apprv,PL,PZ TE 06,REQ: Clearance Outage to install Foundations MYKAWA (MYK) Substation - Will roll load
2687,60006650.0,PE_TE_06A,1,17569793,CNP00306615,5246835,2022-02-14 07:00:00,2022-02-15 17:00:00,2022-02-14 06:30:00,2022-02-15 17:16:00,2022-02-04 07:31:00,2022-02-04 14:21:34.537,,,Apprv,PL,PZ TE 06,REQ: Clearance Outage to install Foundations MYKAWA (MYK) Substation - Will roll load
2687,60006650.0,PE_TE_06A,1,17576744,CNP00306929,5232469,2022-03-21 07:00:00,2022-03-25 17:00:00,,,2022-02-09 08:00:00,2022-02-09 14:21:36.643,,,RatE,PL,PZ TE 06,REQ: Install Isolators at PZ - Install Temp Bypass to T3HSX - Will Roll Load
2687,60006650.0,PE_TE_06A,1,17576744,CNP00306929,5303281,2022-03-21 07:00:00,2022-03-25 17:00:00,,,2022-02-09 08:00:00,2022-02-09 14:21:36.643,,,Apprv,PL,PZ TE 06,"REQ: TOP to remove wire from switch 6068 and connect to temp bypass to T3HSX - Will roll load
REQ: Install Isolators at PZ - Install Temp Bypass to T3HSX - Will Roll Load"
2687,60006650.0,PE_TE_06A,1,17576744,CNP00306929,5303281,2022-03-21 07:00:00,2022-03-25 17:00:00,,,2022-02-09 08:00:00,2022-02-09 14:21:36.643,,,Apprv,PL,PZ TE 06,REQ: Install Isolators at PZ - Install Temp Bypass to T3HSX - Will Roll Load
2687,60006650.0,PE_TE_06A,1,17576744,CNP00306929,5317567,2022-03-22 07:00:00,2022-03-25 17:00:00,,,2022-02-09 08:00:00,2022-02-09 14:21:36.643,,,Apprv,PL,PZ TE 06,"REQ: TOP to remove wire from switch 6068 and connect to temp bypass to T3HSX - Will roll load
REQ: Install Isolators at PZ - Install Temp Bypass to T3HSX - Will Roll Load"
2687,60006650.0,PE_TE_06A,1,17576744,CNP00306929,5329194,2022-03-22 07:00:00,2022-03-25 17:00:00,2022-03-22 14:46:00,,2022-02-09 08:00:00,2022-02-09 14:21:36.643,,,Apprv,PL,PZ TE 06,"REQ: TOP to remove wire from switch 6068 and connect to temp bypass to T3HSX - Will roll load
REQ: Install Isolators at PZ - Install Temp Bypass to T3HSX - Will Roll Load"
2687,60006650.0,PE_TE_06A,1,17576744,CNP00306929,5341368,2022-03-22 07:00:00,2022-03-25 17:00:00,2022-03-22 14:46:00,2022-03-25 16:30:00,2022-02-09 08:00:00,2022-02-09 14:21:36.643,,,Apprv,PL,PZ TE 06,"REQ: TOP to remove wire from switch 6068 and connect to temp bypass to T3HSX - Will roll load
REQ: Install Isolators at PZ - Install Temp Bypass to T3HSX - Will Roll Load"
2687,60006650.0,PE_TE_06A,3,17611353,CNP00308566,5299219,2022-04-30 07:00:00,2022-04-30 17:00:00,,,2022-03-09 11:02:00,2022-03-09 18:21:36.623,,,RatE,PL,PZ TE 06,"REQ: Will open jumpers @ Str 11295 & Str 25159 - Will Roll all loads
REQ: Will open jumpers @ Str 11295 & Str 25159"
2687,60006650.0,PE_TE_06A,3,17611353,CNP00308566,5299219,2022-04-30 07:00:00,2022-04-30 17:00:00,,,2022-03-09 11:02:00,2022-03-09 18:21:36.623,,,RatE,PL,PZ TE 06,REQ: Will open jumpers @ Str 11295 & Str 25159
2687,60006650.0,PE_TE_06A,3,17611353,CNP00308566,5347214,2022-04-30 07:00:00,2022-04-30 17:00:00,,,2022-03-09 11:02:00,2022-03-09 18:21:36.623,,,Apprv,PL,PZ TE 06,"REQ: Will open jumpers @ Str 11295 & Str 25159 - Will Roll all loads
REQ: Will open jumpers @ Str 11295 & Str 25159"
2687,60006650.0,PE_TE_06A,3,17611353,CNP00308566,5368955,2022-04-30 07:00:00,2022-04-30 17:00:00,,,2022-03-09 11:02:00,2022-03-09 18:21:36.623,2022-04-06,Cancel - Reschedule date unknown,Cancl,PL,PZ TE 06,"REQ: Will open jumpers @ Str 11295 & Str 25159 - Will Roll all loads
REQ: Will open jumpers @ Str 11295 & Str 25159"
2687,60006650.0,PE_TE_06A,3,17631795,CNP00309980,5365851,2022-04-13 07:00:00,2022-04-13 17:00:00,,,2022-04-05 13:00:00,2022-04-05 18:21:29.670,,,RatE,PL,PZ TE 06,REQ: Close Jumpers Return Line 06 Normal - Will roll load
2687,60006650.0,PE_TE_06A,3,17631795,CNP00309980,5387535,2022-04-13 07:00:00,2022-04-13 17:00:00,,,2022-04-05 13:00:00,2022-04-05 18:21:29.670,,,Apprv,PL,PZ TE 06,REQ: Close Jumpers Return Line 06 Normal - Will roll load
2687,60006650.0,PE_TE_06A,3,17631795,CNP00309980,5400282,2022-04-13 07:00:00,2022-04-13 17:00:00,2022-04-13 08:27:00,,2022-04-05 13:00:00,2022-04-05 18:21:29.670,,,Apprv,PL,PZ TE 06,REQ: Close Jumpers Return Line 06 Normal - Will roll load
2687,60006650.0,PE_TE_06A,3,17631795,CNP00309980,5401906,2022-04-13 07:00:00,2022-04-13 17:00:00,2022-04-13 08:27:00,2022-04-13 15:52:00,2022-04-05 13:00:00,2022-04-05 18:21:29.670,,,Apprv,PL,PZ TE 06,REQ: Close Jumpers Return Line 06 Normal - Will roll load
2687,60006650.0,PE_TE_06A,3,17632671,CNP00310021,5368954,2022-04-18 07:00:00,2022-04-26 17:00:00,,,2022-04-06 12:30:00,2022-04-06 18:21:27.503,2022-04-06,Cancel - Reschedule date unknown,Cancl,PL,PZ TE 06,REQ: & Section at PZ - Clearance Outage to Cut In MYK Sub - Upgrade Carrier Equip at PZ - Will Roll Load
2687,60006650.0,PE_TE_06A,3,17632757,CNP00310048,5368941,2022-04-18 07:00:00,2022-04-26 17:00:00,,,2022-04-06 12:35:00,2022-04-06 18:21:27.503,,,RatE,PL,PZ TE 06,REQ: & Section at PZ - Clearance Outage to Cut In MYK Sub - Upgrade Carrier Equip at PZ - Will Roll Load
2687,60006650.0,PE_TE_06A,3,17632757,CNP00310048,5396059,2022-04-18 07:00:00,2022-04-26 17:00:00,,,2022-04-06 12:35:00,2022-04-06 18:21:27.503,,,Apprv,PL,PZ TE 06,REQ: & Section at PZ - Clearance Outage to Cut In MYK Sub - Upgrade Carrier Equip at PZ - Will Roll Load
2687,60006650.0,PE_TE_06A,3,17632757,CNP00310048,5412301,2022-04-18 07:00:00,2022-04-26 17:00:00,2022-04-18 07:59:00,,2022-04-06 12:35:00,2022-04-06 18:21:27.503,,,Apprv,PL,PZ TE 06,REQ: & Section at PZ - Clearance Outage to Cut In MYK Sub - Upgrade Carrier Equip at PZ - Will Roll Load
2687,60006650.0,PE_TE_06A,3,17632757,CNP00310048,5437119,2022-04-18 07:00:00,2022-04-26 17:00:00,2022-04-18 07:59:00,2022-04-26 17:00:00,2022-04-06 12:35:00,2022-04-06 18:21:27.503,,,Apprv,PL,PZ TE 06,"REQ: & Section at PZ - Clearance Outage to Cut In MYK Sub - Upgrade Carrier Equip at PZ - Will Roll Load
SUP: EXTENDED"
2687,60006650.0,PE_TE_06A,3,17647095,CNP00311227,5436555,2022-04-26 17:01:00,2022-04-27 17:00:00,,,2022-04-26 15:51:00,2022-04-26 21:21:28.027,,,RatE,M1,PZ TE 06,REQ: & Section at PZ - Unavoidable extension due to Relay Settings at PZ Sub - Will Roll Load
2687,60006650.0,PE_TE_06A,3,17647095,CNP00311227,5436921,2022-04-26 17:01:00,2022-04-27 17:00:00,,,2022-04-26 15:51:00,2022-04-26 21:21:28.027,,,Apprv,M1,PZ TE 06,REQ: & Section at PZ - Unavoidable extension due to Relay Settings at PZ Sub - Will Roll Load
2687,60006650.0,PE_TE_06A,3,17647095,CNP00311227,5437037,2022-04-26 17:01:00,2022-04-27 17:00:00,2022-04-26 17:01:00,,2022-04-26 15:51:00,2022-04-26 21:21:28.027,,,Apprv,M1,PZ TE 06,REQ: & Section at PZ - Unavoidable extension due to Relay Settings at PZ Sub - Will Roll Load
2687,60006650.0,PE_TE_06A,3,17647095,CNP00311227,5441186,2022-04-26 17:01:00,2022-04-27 23:59:00,2022-04-26 17:01:00,,2022-04-26 15:51:00,2022-04-26 21:21:28.027,,,Accpt,UE,PZ TE 06,"REQ: & Section at PZ - Unavoidable extension due to Relay Settings at PZ Sub - Will Roll Load
SUP: extended"
2687,60006650.0,PE_TE_06A,3,17647095,CNP00311227,5441261,2022-04-26 17:01:00,2022-04-28 23:59:00,2022-04-26 17:01:00,,2022-04-26 15:51:00,2022-04-26 21:21:28.027,,,Accpt,UE,PZ TE 06,"REQ: & Section at PZ - Unavoidable extension due to Relay Settings at PZ Sub - Will Roll Load
SUP: extended"
2687,60006650.0,PE_TE_06A,3,17647095,CNP00311227,5444109,2022-04-26 17:01:00,2022-04-28 17:00:00,2022-04-26 17:01:00,2022-04-28 15:45:00,2022-04-26 15:51:00,2022-04-26 21:21:28.027,,,Accpt,UE,PZ TE 06,"REQ: & Section at PZ - Unavoidable extension due to Relay Settings at PZ Sub - Will Roll Load
SUP: extended"
2687,60006650.0,PE_TE_06A,9,17649070,CNP00311446,5444106,2022-04-28 17:01:00,2022-05-25 23:59:00,,,2022-04-28 15:51:00,2022-04-28 21:21:33.113,,,RatE,M1,PZ TE 06,"REQ: Retirement of Old Equipment
SUP: Retirement of Equipment"
2687,60006650.0,PE_TE_06A,9,17649070,CNP00311446,5444696,2022-04-28 17:01:00,2022-05-25 23:59:00,,,2022-04-28 15:51:00,2022-04-28 21:21:33.113,,,Apprv,M1,PZ TE 06,"REQ: Retirement of Old Equipment
SUP: Retirement of Equipment"
2687,60006650.0,PE_TE_06A,9,17649070,CNP00311446,5444736,2022-04-28 17:01:00,2022-05-25 23:59:00,2022-04-28 17:01:00,,2022-04-28 15:51:00,2022-04-28 21:21:33.113,,,Apprv,M1,PZ TE 06,"REQ: Retirement of Old Equipment
SUP: Retirement of Equipment"
2687,60006650.0,PE_TE_06A,9,17649070,CNP00311446,5445704,2022-04-28 17:01:00,2022-04-28 17:02:00,2022-04-28 17:01:00,2022-04-28 17:02:00,2022-04-28 15:51:00,2022-04-28 21:21:33.113,,,Apprv,M1,PZ TE 06,"REQ: Fri Apr 29 09:20:57 CDT 2022: Actual End has been auto-populated by OS due to Nature Of Work = Retirement of Old Equipment
REQ: Retirement of Old Equipment
SUP: Retirement of Equipment"
2687,60006650.0,PE_TE_06A,9,17671482,CNP00312934,5523445,2022-05-26 00:00:00,2022-06-07 23:59:00,2022-05-26 00:00:00,,2022-05-31 08:33:00,2022-05-31 14:21:34.757,,,Accpt,FR,PZ TE 06,"REQ: Retirement of Old Equipment
SUP: NOMCR Removal changed dates."
2687,60006650.0,PE_TE_06A,9,17671482,CNP00312934,5523469,2022-05-26 00:00:00,2022-06-07 23:59:00,2022-05-26 00:00:00,2022-05-26 00:01:00,2022-05-31 08:33:00,2022-05-31 14:21:34.757,,,Accpt,FR,,"REQ: Retirement of Old Equipment
SUP: NOMCR Removal changed dates."
2687,60006650.0,PE_TE_06A,1,17781526,CNP00320148,5901988,2023-04-04 07:00:00,2023-04-07 17:00:00,,,2022-11-10 12:14:00,2022-11-10 19:21:48.533,,,RatE,PL,MYKTE 06,REQ: & sect at MYK - Pulling wire span from new DE STR to 8064 Rack - Tie in new Lo Pro Dist Sub - Will Roll load
2687,60006650.0,PE_TE_06A,1,17781526,CNP00320148,6025081,2023-04-04 07:00:00,2023-04-07 17:00:00,,,2022-11-10 12:14:00,2022-11-10 19:21:48.533,,,Apprv,PL,MYKTE 06,REQ: & sect at MYK - Pulling wire span from new DE STR to 8064 Rack - Tie in new Lo Pro Dist Sub - Will Roll load
2687,60006650.0,PE_TE_06A,1,17781526,CNP00320148,6060725,2023-04-04 07:00:00,2023-04-07 17:00:00,,,2022-11-10 12:14:00,2022-11-10 19:21:48.533,2023-01-27,Cancel - Materials Unavailable,Cancl,PL,MYKTE 06,REQ: & sect at MYK - Pulling wire span from new DE STR to 8064 Rack - Tie in new Lo Pro Dist Sub - Will Roll load
2687,60006650.0,PE_TE_06A,1,17834536,CNP00324361,6060740,2023-04-21 07:00:00,2023-04-25 17:00:00,,,2023-01-27 14:17:00,2023-01-27 21:21:48.890,,,RatE,PL,MYKTE 06,REQ: & sect at MYK - Pulling wire span from new DE STR to 8064 Rack - Tie in new Lo Pro Dist Sub - Will Roll load
2687,60006650.0,PE_TE_06A,1,17834536,CNP00324361,6172364,2023-04-21 07:00:00,2023-04-25 17:00:00,,,2023-01-27 14:17:00,2023-01-27 21:21:48.890,,,Apprv,PL,MYKTE 06,REQ: & sect at MYK - Pulling wire span from new DE STR to 8064 Rack - Tie in new Lo Pro Dist Sub - Will Roll load
2687,60006650.0,PE_TE_06A,1,17834536,CNP00324361,6261155,2023-04-21 07:00:00,2023-04-25 17:00:00,2023-04-21 06:36:00,,2023-01-27 14:17:00,2023-01-27 21:21:48.890,,,Apprv,PL,MYKTE 06,REQ: & sect at MYK - Pulling wire span from new DE STR to 8064 Rack - Tie in new Lo Pro Dist Sub - Will Roll load
2687,60006650.0,PE_TE_06A,1,17834536,CNP00324361,6273047,2023-04-21 07:00:00,2023-04-25 17:00:00,2023-04-21 06:36:00,2023-04-25 16:24:00,2023-01-27 14:17:00,2023-01-27 21:21:48.890,,,Apprv,PL,MYKTE 06,REQ: & sect at MYK - Pulling wire span from new DE STR to 8064 Rack - Tie in new Lo Pro Dist Sub - Will Roll load
2687,60006650.0,PE_TE_06A,1,17958497,CNP00332908,6463279,2023-10-09 07:00:00,2023-10-14 17:00:00,,,2023-07-25 15:09:00,2023-07-25 21:21:46.200,,,RatE,PL,MYKTE 06,REQ: & 138C bus at MYK - TOP Rolling phases at MYK & NHP installing/reconfiguring CT's & PT's - See PZ06 outage - Will Roll Load
2687,60006650.0,PE_TE_06A,1,17958497,CNP00332908,6547252,2023-10-09 07:00:00,2023-10-14 17:00:00,,,2023-07-25 15:09:00,2023-07-25 21:21:46.200,,,Apprv,PL,MYKTE 06,REQ: & 138C bus at MYK - TOP Rolling phases at MYK & NHP installing/reconfiguring CT's & PT's - See PZ06 outage - Will Roll Load
2687,60006650.0,PE_TE_06A,1,17958497,CNP00332908,6604899,2023-10-09 07:00:00,2023-10-09 13:00:00,,,2023-07-25 15:09:00,2023-07-25 21:21:46.200,,,Apprv,PL,MYKTE 06,REQ: & 138C bus at MYK - TOP Rolling phases at MYK & NHP installing/reconfiguring CT's & PT's - See PZ06 outage - Will Roll Load
2687,60006650.0,PE_TE_06A,1,17958497,CNP00332908,6625867,2023-10-09 07:00:00,2023-10-09 13:00:00,2023-10-09 07:00:00,,2023-07-25 15:09:00,2023-07-25 21:21:46.200,,,Apprv,PL,MYKTE 06,REQ: & 138C bus at MYK - TOP Rolling phases at MYK & NHP installing/reconfiguring CT's & PT's - See PZ06 outage - Will Roll Load
2687,60006650.0,PE_TE_06A,1,17958497,CNP00332908,6627548,2023-10-09 07:00:00,2023-10-09 13:00:00,2023-10-09 07:00:00,2023-10-09 13:07:00,2023-07-25 15:09:00,2023-07-25 21:21:46.200,,,Apprv,PL,MYKTE 06,REQ: & 138C bus at MYK - TOP Rolling phases at MYK & NHP installing/reconfiguring CT's & PT's - See PZ06 outage - Will Roll Load
2687,60006650.0,PE_TE_06A,1,18003868,CNP00336362,6604954,2023-10-14 07:00:00,2023-10-14 17:00:00,,,2023-09-29 13:46:00,2023-09-29 19:21:34.170,,,RatE,PL,MYKTE 06,REQ: & sect w/ 138C bus at MYK - TOP (Vinson) to Close jumpers on STR#10035 - See PZ06 outage - Will Roll Load  TOP Rolling phases at MYK & NHP installing/reconfiguring CT's & PT's
2687,60006650.0,PE_TE_06A,1,18003868,CNP00336362,6616066,2023-10-14 07:00:00,2023-10-14 17:00:00,,,2023-09-29 13:46:00,2023-09-29 19:21:34.170,,,Apprv,PL,MYKTE 06,REQ: & sect w/ 138C bus at MYK - TOP (Vinson) to Close jumpers on STR#10035 - See PZ06 outage - Will Roll Load  TOP Rolling phases at MYK & NHP installing/reconfiguring CT's & PT's
2687,60006650.0,PE_TE_06A,1,18003868,CNP00336362,6641563,2023-10-14 07:00:00,2023-10-14 17:00:00,2023-10-14 07:24:00,,2023-09-29 13:46:00,2023-09-29 19:21:34.170,,,Apprv,PL,MYKTE 06,REQ: & sect w/ 138C bus at MYK - TOP (Vinson) to Close jumpers on STR#10035 - See PZ06 outage - Will Roll Load  TOP Rolling phases at MYK & NHP installing/reconfiguring CT's & PT's
2687,60006650.0,PE_TE_06A,1,18003868,CNP00336362,6641856,2023-10-14 07:00:00,2023-10-14 17:00:00,2023-10-14 07:24:00,2023-10-14 16:22:00,2023-09-29 13:46:00,2023-09-29 19:21:34.170,,,Apprv,PL,MYKTE 06,REQ: & sect w/ 138C bus at MYK - TOP (Vinson) to Close jumpers on STR#10035 - See PZ06 outage - Will Roll Load  TOP Rolling phases at MYK & NHP installing/reconfiguring CT's & PT's
2687,60006650.0,PE_TE_06A,10,18313348,CNP00359135,7583828,2024-11-15 07:00:00,2024-11-16 17:00:00,,,2024-11-14 11:11:00,2024-11-14 18:22:06.933,,,RatE,M1,MYKTE 06,REQ: clearance to set switch structure at PE. See outage on Tr #1 at PE. Will roll load.
2687,60006650.0,PE_TE_06A,10,18313348,CNP00359135,7583999,2024-11-15 07:00:00,2024-11-16 17:00:00,,,2024-11-14 11:11:00,2024-11-14 18:22:06.933,,,Apprv,M1,MYKTE 06,REQ: clearance to set switch structure at PE. See outage on Tr #1 at PE. Will roll load.
2687,60006650.0,PE_TE_06A,10,18313348,CNP00359135,7586030,2024-11-15 07:00:00,2024-11-16 17:00:00,2024-11-15 07:30:00,,2024-11-14 11:11:00,2024-11-14 18:22:06.933,,,Apprv,M1,MYKTE 06,REQ: clearance to set switch structure at PE. See outage on Tr #1 at PE. Will roll load.
2687,60006650.0,PE_TE_06A,10,18313348,CNP00359135,7588021,2024-11-15 07:00:00,2024-11-16 17:00:00,2024-11-15 07:30:00,2024-11-15 16:38:00,2024-11-14 11:11:00,2024-11-14 18:22:06.933,,,Apprv,M1,MYKTE 06,REQ: clearance to set switch structure at PE. See outage on Tr #1 at PE. Will roll load.
113628,60009340.0,AT2H,11,15616653,CNP00233753,1043764,2019-02-06 08:00:00,2019-02-06 17:00:00,,,2018-07-25 08:52:00,2019-02-27 15:51:00.000,,,RatE,PL,MDO AT2H,
113628,60009340.0,AT2H,11,15616653,CNP00233753,1325719,2019-02-06 08:00:00,2019-02-06 17:00:00,,,2018-07-25 08:52:00,2019-02-27 15:51:00.000,,,Apprv,PL,MDO AT2H,
113628,60009340.0,AT2H,11,15616653,CNP00233753,1369026,2019-02-06 08:00:00,2019-02-06 17:00:00,2019-02-06 08:32:00,,2018-07-25 08:52:00,2019-02-27 15:51:00.000,,,Apprv,PL,MDO AT2H,
113628,60009340.0,AT2H,11,15616653,CNP00233753,1525932,2019-02-06 08:00:00,2019-02-06 17:00:00,2019-02-06 08:32:00,2019-02-06 16:07:00,2018-07-25 08:52:00,2019-02-27 15:51:00.000,,,Apprv,PL,MDO AT2H,
113628,60009340.0,AT2H,4,15648336,CNP00206311,1024586,2017-02-15 00:00:00,2017-04-08 17:00:00,2017-02-15 00:00:00,2017-04-08 17:00:00,2017-01-25 09:14:00,2019-02-27 15:51:00.000,,,Accpt,UE,mdo,
113628,60009340.0,AT2H,4,15648336,CNP00206311,1026835,2017-02-15 00:00:00,2017-04-01 17:00:00,2017-02-15 00:00:00,,2017-01-25 09:14:00,2019-02-27 15:51:00.000,,,Apprv,PL,mdo,
113628,60009340.0,AT2H,4,15648336,CNP00206311,1062949,2017-02-15 00:00:00,2017-04-01 17:00:00,,,2017-01-25 09:14:00,2019-02-27 15:51:00.000,,,RatE,PL,mdo,
113628,60009340.0,AT2H,4,15648336,CNP00206311,1162261,2017-02-15 00:00:00,2017-04-08 17:00:00,2017-02-15 00:00:00,,2017-01-25 09:14:00,2019-02-27 15:51:00.000,,,Accpt,UE,mdo,
113628,60009340.0,AT2H,4,15648336,CNP00206311,1195002,2017-02-15 00:00:00,2017-04-07 17:00:00,2017-02-15 00:00:00,,2017-01-25 09:14:00,2019-02-27 15:51:00.000,,,Accpt,UE,mdo,
113628,60009340.0,AT2H,4,15648336,CNP00206311,1308848,2017-02-15 00:00:00,2017-04-01 17:00:00,,,2017-01-25 09:14:00,2019-02-27 15:51:00.000,,,Apprv,PL,mdo,
113628,60009340.0,AT2H,4,15648336,CNP00206311,1491581,2017-02-15 00:00:00,2017-04-06 17:00:00,2017-02-15 00:00:00,,2017-01-25 09:14:00,2019-02-27 15:51:00.000,,,Accpt,UE,mdo,
113628,,CB_1814,3,15714601,ONC00244127,916759,2016-09-12 09:30:00,2016-09-18 18:00:00,,,2016-03-14 14:39:00,2019-02-27 15:51:00.000,,,RatE,PL,16-04198,
113628,,CB_1814,3,15714601,ONC00244127,1128921,2016-09-12 09:30:00,2016-09-18 18:00:00,2016-09-12 09:52:00,,2016-03-14 14:39:00,2019-02-27 15:51:00.000,,,Apprv,PL,16-04198,
113628,,CB_1814,3,15714601,ONC00244127,1144332,2016-09-12 07:00:00,2016-09-18 18:00:00,,,2016-03-14 14:39:00,2019-02-27 15:51:00.000,,,RatE,PL,16-04198,
113628,,CB_1814,3,15714601,ONC00244127,1183387,2016-09-12 09:30:00,2016-09-18 18:00:00,,,2016-03-14 14:39:00,2019-02-27 15:51:00.000,,,Apprv,PL,16-04198,
113628,,CB_1814,3,15714601,ONC00244127,1376672,2016-09-12 09:30:00,2016-09-23 19:59:00,2016-09-12 09:52:00,,2016-03-14 14:39:00,2019-02-27 15:51:00.000,,,Accpt,UE,16-04198,
113628,,CB_1814,3,15714601,ONC00244127,1406029,2016-09-12 09:30:00,2016-09-23 19:59:00,2016-09-12 09:52:00,2016-09-23 19:59:00,2016-03-14 14:39:00,2019-02-27 15:51:00.000,,,Accpt,UE,16-04198,
113628,,CB_1814,9,15725898,ONC00274744,1024803,2016-12-30 13:51:00,2017-01-10 23:59:00,2016-12-30 13:51:00,2017-01-10 23:59:00,2016-12-16 16:23:00,2019-02-27 15:51:00.000,,,Apprv,PL,,
113628,,CB_1814,9,15725898,ONC00274744,1113881,2016-12-30 13:51:00,2017-01-10 23:59:00,,,2016-12-16 16:23:00,2019-02-27 15:51:00.000,,,Apprv,PL,,
113628,,CB_1814,9,15725898,ONC00274744,1198755,2016-12-30 13:51:00,2017-01-10 23:59:00,,,2016-12-16 16:23:00,2019-02-27 15:51:00.000,,,RatE,PL,,
113628,,CB_1814,9,15725898,ONC00274744,1287975,2016-12-30 13:51:00,2017-01-10 23:59:00,2016-12-30 13:51:00,,2016-12-16 16:23:00,2019-02-27 15:51:00.000,,,Apprv,PL,,
113628,,CB_1814,2,15751537,ONC00213339,947426,2015-05-01 08:30:00,2015-05-01 16:00:00,2015-05-01 08:58:00,,2015-04-24 13:11:00,2019-02-27 15:51:00.000,,,Apprv,PL,15-05886,
113628,,CB_1814,2,15751537,ONC00213339,1121251,2015-05-01 08:30:00,2015-05-01 16:00:00,,,2015-04-24 13:11:00,2019-02-27 15:51:00.000,,,Apprv,PL,15-05886,
113628,,CB_1814,2,15751537,ONC00213339,1134123,2015-05-01 08:30:00,2015-05-01 16:00:00,2015-05-01 08:58:00,2015-05-01 12:38:00,2015-04-24 13:11:00,2019-02-27 15:51:00.000,,,Apprv,PL,15-05886,
113628,,CB_1814,2,15751537,ONC00213339,1134123,2015-05-01 08:30:00,2015-05-01 16:00:00,2015-05-01 08:58:00,2015-05-01 12:38:00,2015-04-24 13:11:00,2019-02-27 15:51:00.000,,,Apprv,PL,15-05886,
113628,,CB_1814,2,15751537,ONC00213339,1191582,2015-05-01 08:30:00,2015-05-01 16:00:00,,,2015-04-24 13:11:00,2019-02-27 15:51:00.000,,,RatE,PL,15-05886,
113628,60009340.0,AT2H,12,15786155,CNP00212670,986617,2017-05-24 07:00:00,2017-05-24 12:00:00,,,2017-05-18 13:19:00,2019-02-27 15:51:00.000,,,Apprv,PL,MDO AT2H,
113628,60009340.0,AT2H,12,15786155,CNP00212670,1418789,2017-05-24 07:00:00,2017-05-24 12:00:00,,,2017-05-18 13:19:00,2019-02-27 15:51:00.000,,,RatE,PL,MDO AT2H,
113628,60009340.0,AT2H,12,15786155,CNP00212670,1453990,2017-05-24 07:00:00,2017-05-24 12:00:00,2017-05-24 08:02:00,2017-05-24 12:25:00,2017-05-18 13:19:00,2019-02-27 15:51:00.000,,,Apprv,PL,MDO AT2H,
113628,60009340.0,AT2H,12,15786914,CNP00213351,1091951,2017-06-07 07:00:00,2017-06-07 12:00:00,,,2017-06-01 05:38:00,2019-02-27 15:51:00.000,,,RatE,PL,MDO AT2H,
113628,60009340.0,AT2H,12,15786914,CNP00213351,1112749,2017-06-07 07:00:00,2017-06-07 12:00:00,,,2017-06-01 05:38:00,2019-02-27 15:51:00.000,2017-06-07,Cancel - Reschedule date unknown,Cancl,PL,MDO AT2H,
113628,60009340.0,AT2H,12,15786914,CNP00213351,1165296,2017-06-07 07:00:00,2017-06-07 12:00:00,,,2017-06-01 05:38:00,2019-02-27 15:51:00.000,,,Apprv,PL,MDO AT2H,
113628,60009340.0,AT2H,12,15819591,CNP00216135,1129657,2017-08-09 08:00:00,2017-08-09 11:00:00,2017-08-09 07:51:00,2017-08-09 10:32:00,2017-08-08 13:24:00,2019-02-27 15:51:00.000,,,Apprv,M1,MDO AT2H,
113628,60009340.0,AT2H,12,15819591,CNP00216135,1143654,2017-08-09 08:00:00,2017-08-09 11:00:00,,,2017-08-08 13:24:00,2019-02-27 15:51:00.000,,,Apprv,M1,MDO AT2H,
113628,60009340.0,AT2H,12,15819591,CNP00216135,1149061,2017-08-09 08:00:00,2017-08-09 11:00:00,2017-08-09 07:51:00,,2017-08-08 13:24:00,2019-02-27 15:51:00.000,,,Apprv,M1,MDO AT2H,
113628,60009340.0,AT2H,12,15926022,CNP00213629,1013769,2017-06-13 10:01:00,2017-06-13 12:00:00,,,2017-06-08 10:45:00,2019-02-27 15:51:00.000,,,Apprv,PL,MDO AT2H,
113628,60009340.0,AT2H,12,15926022,CNP00213629,1426376,2017-06-13 10:01:00,2017-06-13 12:00:00,2017-06-13 09:47:00,2017-06-13 11:20:00,2017-06-08 10:45:00,2019-02-27 15:51:00.000,,,Apprv,PL,MDO AT2H,
113628,60009340.0,AT2H,12,15926022,CNP00213629,1465794,2017-06-13 10:01:00,2017-06-13 12:00:00,2017-06-13 09:47:00,,2017-06-08 10:45:00,2019-02-27 15:51:00.000,,,Apprv,PL,MDO AT2H,
113628,60009340.0,AT2H,4,15969425,CNP00210430,924931,2017-04-08 17:01:00,2017-04-08 23:59:00,2017-04-08 17:01:00,2017-04-08 23:09:00,2017-04-08 19:23:00,2019-02-27 15:51:00.000,,,Accpt,FR,mdo,
113628,60009340.0,AT2H,4,15969425,CNP00210430,1032803,2017-04-08 17:01:00,2017-04-08 23:59:00,2017-04-08 17:01:00,,2017-04-08 19:23:00,2019-02-27 15:51:00.000,,,Accpt,FR,mdo,
113628,,CB_1814,14,16068740,ONC00243879,954077,2016-05-23 09:30:00,2016-05-26 16:00:00,2016-05-23 09:49:00,,2016-03-10 15:02:00,2019-02-27 15:51:00.000,,,Apprv,PL,16-04191,
113628,,CB_1814,14,16068740,ONC00243879,1237807,2016-05-23 07:00:00,2016-05-26 16:00:00,,,2016-03-10 15:02:00,2019-02-27 15:51:00.000,,,RatE,PL,16-04191,
113628,,CB_1814,14,16068740,ONC00243879,1242664,2016-05-23 09:30:00,2016-05-26 16:00:00,,,2016-03-10 15:02:00,2019-02-27 15:51:00.000,,,Apprv,PL,16-04191,
113628,,CB_1814,14,16068740,ONC00243879,1333904,2016-05-23 07:00:00,2016-05-26 16:00:00,,,2016-03-10 15:02:00,2019-02-27 15:51:00.000,,,Apprv,PL,16-04191,
113628,,CB_1814,14,16068740,ONC00243879,1397378,2016-05-23 09:30:00,2016-05-26 16:00:00,2016-05-23 09:49:00,2016-05-26 11:29:00,2016-03-10 15:02:00,2019-02-27 15:51:00.000,,,Apprv,PL,16-04191,
113628,,CB_1814,9,16084035,ONC00271024,1001120,2016-11-10 13:50:00,2016-12-30 13:50:00,2016-11-10 13:50:00,,2016-11-10 13:48:00,2019-02-27 15:51:00.000,,,Apprv,M1,,
113628,,CB_1814,9,16084035,ONC00271024,1307382,2016-11-10 13:50:00,2016-12-30 13:50:00,2016-11-10 13:50:00,2016-12-16 12:57:00,2016-11-10 13:48:00,2019-02-27 15:51:00.000,,,Apprv,M1,,
113628,,CB_1814,2,16110277,ONC00212305,1089204,2015-04-24 08:30:00,2015-04-24 16:00:00,,,2015-04-15 14:58:00,2019-02-27 15:51:00.000,2015-04-24,Cancel - Reschedule date unknown,Cancl,PL,15-05433,
113628,,CB_1814,2,16110277,ONC00212305,1380698,2015-04-24 08:30:00,2015-04-24 16:00:00,,,2015-04-15 14:58:00,2019-02-27 15:51:00.000,,,RatE,PL,15-05433,
113628,,CB_1814,2,16110277,ONC00212305,1493705,2015-04-24 08:30:00,2015-04-24 16:00:00,,,2015-04-15 14:58:00,2019-02-27 15:51:00.000,,,Apprv,PL,15-05433,
113628,60009340.0,AT2H,12,16512695,CNP00251104,2227786,2019-06-28 15:21:00,2019-06-28 22:00:00,2019-06-28 15:21:00,2019-06-28 20:22:00,2019-06-28 20:23:00,2019-06-29 02:20:25.850,,,Accpt,FR,MDO AT2H,
113628,60009340.0,AT2H,11,16740102,CNP00260365,3237189,2020-02-13 08:00:00,2020-02-13 18:00:00,,,2020-01-22 05:41:00,2020-01-22 13:20:29.667,,,RatE,PL,MDO AT2H,
113628,60009340.0,AT2H,11,16740102,CNP00260365,3264202,2020-02-13 08:00:00,2020-02-13 18:00:00,,,2020-01-22 05:41:00,2020-01-22 13:20:29.667,,,Apprv,PL,MDO AT2H,
113628,60009340.0,AT2H,11,16740102,CNP00260365,3280647,2020-02-13 08:00:00,2020-02-13 18:00:00,2020-02-13 09:26:00,,2020-01-22 05:41:00,2020-01-22 13:20:29.667,,,Apprv,PL,MDO AT2H,
113628,60009340.0,AT2H,11,16740102,CNP00260365,3281703,2020-02-13 08:00:00,2020-02-13 18:00:00,2020-02-13 09:26:00,2020-02-13 14:52:00,2020-01-22 05:41:00,2020-01-22 13:20:29.667,,,Apprv,PL,MDO AT2H,
113628,60009340.0,AT2H,11,17071126,CNP00283226,4470481,2021-04-28 08:00:00,2021-04-28 16:00:00,,,2021-03-16 14:42:00,2021-03-16 20:21:04.800,,,RatE,PL,MDO AT2H,
113628,60009340.0,AT2H,11,17071126,CNP00283226,4473407,2021-04-28 08:00:00,2021-04-28 16:00:00,,,2021-03-16 14:42:00,2021-03-16 20:21:04.800,2021-03-17,Cancel - Reschedule date unknown,Cancl,PL,MDO AT2H,
113628,60009340.0,AT2H,15,17309460,CNP00296425,4856365,2021-09-08 07:00:00,2021-09-08 13:00:00,,,2021-08-25 17:12:00,2021-08-25 23:20:58.110,,,RatE,M3,MDO AT2H,REQ: REPAIR HOT SPOTS
113628,60009340.0,AT2H,15,17309460,CNP00296425,4858365,2021-09-08 07:00:00,2021-09-08 13:00:00,,,2021-08-25 17:12:00,2021-08-25 23:20:58.110,,,Apprv,M3,MDO AT2H,REQ: REPAIR HOT SPOTS
113628,60009340.0,AT2H,15,17309460,CNP00296425,4881837,2021-09-08 07:00:00,2021-09-08 13:00:00,2021-09-08 08:25:00,,2021-08-25 17:12:00,2021-08-25 23:20:58.110,,,Apprv,M3,MDO AT2H,REQ: REPAIR HOT SPOTS
113628,60009340.0,AT2H,15,17309460,CNP00296425,4882544,2021-09-08 07:00:00,2021-09-08 13:00:00,2021-09-08 08:25:00,2021-09-08 12:22:00,2021-08-25 17:12:00,2021-08-25 23:20:58.110,,,Apprv,M3,MDO AT2H,REQ: REPAIR HOT SPOTS
113628,60009340.0,AT2H,11,17607934,CNP00308214,5287398,2022-04-11 07:00:00,2022-04-11 17:00:00,,,2022-03-03 13:39:00,2022-03-03 20:22:14.780,,,RatE,PL,MDO AT2H,REQ: ALARMS & DOBLE COMBO - WILL ROLL LOAD
113628,60009340.0,AT2H,11,17607934,CNP00308214,5354520,2022-04-11 07:00:00,2022-04-11 17:00:00,,,2022-03-03 13:39:00,2022-03-03 20:22:14.780,2022-03-31,Cancel - Coordinating with ERCOT,Cancl,PL,MDO AT2H,REQ: ALARMS & DOBLE COMBO - WILL ROLL LOAD
113628,60009340.0,AT2H,11,17696469,CNP00314781,5601975,2022-09-26 08:00:00,2022-09-26 16:00:00,,,2022-07-11 08:52:00,2022-07-11 14:21:32.897,,,RatE,PL,MDO AT2H,REQ: DOBLE - WILL ROLL LOAD
113628,60009340.0,AT2H,11,17696469,CNP00314781,5685726,2022-09-26 08:00:00,2022-09-26 16:00:00,,,2022-07-11 08:52:00,2022-07-11 14:21:32.897,,,Apprv,PL,MDO AT2H,REQ: DOBLE - WILL ROLL LOAD
113628,60009340.0,AT2H,11,17696469,CNP00314781,5757318,2022-09-26 08:00:00,2022-09-26 16:00:00,,,2022-07-11 08:52:00,2022-07-11 14:21:32.897,2022-09-22,Cancel - Reschedule date unknown,Cancl,PL,MDO AT2H,REQ: DOBLE - WILL ROLL LOAD
113628,60009340.0,AT2H,11,17807217,CNP00321867,5989687,2023-03-13 07:00:00,2023-03-19 17:00:00,,,2022-12-21 18:35:00,2022-12-22 01:21:36.653,,,RatE,PL,MDO AT2H,REQ: TAP CHANGER MAINT - FACTORY REP ON SITE - WILL ROLL LOAD
113628,60009340.0,AT2H,11,17807217,CNP00321867,6090303,2023-03-13 07:00:00,2023-03-19 17:00:00,,,2022-12-21 18:35:00,2022-12-22 01:21:36.653,,,Apprv,PL,MDO AT2H,REQ: TAP CHANGER MAINT - FACTORY REP ON SITE - WILL ROLL LOAD
113628,60009340.0,AT2H,11,17807217,CNP00321867,6163350,2023-03-13 07:00:00,2023-03-19 17:00:00,2023-03-13 07:45:00,,2022-12-21 18:35:00,2022-12-22 01:21:36.653,,,Apprv,PL,MDO AT2H,REQ: TAP CHANGER MAINT - FACTORY REP ON SITE - WILL ROLL LOAD
113628,60009340.0,AT2H,11,17807217,CNP00321867,6177994,2023-03-13 07:00:00,2023-03-19 17:00:00,2023-03-13 07:45:00,2023-03-19 14:50:00,2022-12-21 18:35:00,2022-12-22 01:21:36.653,,,Apprv,PL,MDO AT2H,REQ: TAP CHANGER MAINT - FACTORY REP ON SITE - WILL ROLL LOAD
113628,60009340.0,AT2H,6,18126197,CNP00344373,6995214,2024-03-24 07:00:00,2024-03-24 17:00:00,,,2024-03-16 11:58:00,2024-03-16 17:22:23.197,,,RatE,PL,MDO AT2H,REQ: RELAY WORK WILL BE ON EQUIPMENT OUT OF SERVICE
113628,60009340.0,AT2H,6,18126197,CNP00344373,6995685,2024-03-24 07:00:00,2024-03-24 17:00:00,,,2024-03-16 11:58:00,2024-03-16 17:22:23.197,,,Apprv,PL,MDO AT2H,REQ: RELAY WORK WILL BE ON EQUIPMENT OUT OF SERVICE
113628,60009340.0,AT2H,6,18126197,CNP00344373,7014719,2024-03-24 07:00:00,2024-03-24 17:00:00,2024-03-24 07:25:00,,2024-03-16 11:58:00,2024-03-16 17:22:23.197,,,Apprv,PL,MDO AT2H,REQ: RELAY WORK WILL BE ON EQUIPMENT OUT OF SERVICE
113628,60009340.0,AT2H,6,18126197,CNP00344373,7014782,2024-03-24 07:00:00,2024-03-24 17:00:00,2024-03-24 07:25:00,2024-03-24 08:43:00,2024-03-16 11:58:00,2024-03-16 17:22:23.197,,,Apprv,PL,MDO AT2H,REQ: RELAY WORK WILL BE ON EQUIPMENT OUT OF SERVICE
113628,60009340.0,AT2H,11,18142297,CNP00345429,7051397,2024-10-09 07:00:00,2024-10-09 17:00:00,,,2024-04-05 14:57:00,2024-04-05 20:22:30.023,,,RatE,PL,MDO AT2H,REQ: DOBLE - WILL ROLL LOAD
113628,60009340.0,AT2H,11,18142297,CNP00345429,7053724,2024-10-09 07:00:00,2024-10-09 17:00:00,,,2024-04-05 14:57:00,2024-04-05 20:22:30.023,2024-04-08,Cancel - Reschedule within next season,Cancl,PL,MDO AT2H,REQ: DOBLE - WILL ROLL LOAD
113628,60009340.0,AT2H,11,18142763,CNP00345463,7051397,2024-10-09 07:00:00,2024-10-09 17:00:00,,,2024-04-08 07:00:00,2024-04-08 12:21:59.290,,,RatE,PL,MDO AT2H,REQ: DOBLE - WILL ROLL LOAD
113628,60009340.0,AT2H,11,18142763,CNP00345463,7051397,2024-10-09 07:00:00,2024-10-09 17:00:00,,,2024-04-08 07:00:00,2024-04-08 12:21:59.290,,,RatE,PL,MDO AT2H,
113628,60009340.0,AT2H,11,18142763,CNP00345463,7322167,2024-10-09 07:00:00,2024-10-09 17:00:00,,,2024-04-08 07:00:00,2024-04-08 12:21:59.290,,,Apprv,PL,MDO AT2H,REQ: DOBLE - WILL ROLL LOAD
113628,60009340.0,AT2H,11,18142763,CNP00345463,7492360,2024-10-09 07:00:00,2024-10-09 17:00:00,2024-10-09 08:02:00,,2024-04-08 07:00:00,2024-04-08 12:21:59.290,,,Apprv,PL,MDO AT2H,REQ: DOBLE - WILL ROLL LOAD
113628,60009340.0,AT2H,11,18142763,CNP00345463,7493185,2024-10-09 07:00:00,2024-10-09 17:00:00,2024-10-09 08:02:00,2024-10-09 12:20:00,2024-04-08 07:00:00,2024-04-08 12:21:59.290,,,Apprv,PL,MDO AT2H,REQ: DOBLE - WILL ROLL LOAD
113628,60009340.0,AT2H,11,18523651,CNP00373642,8280008,2026-02-10 07:00:00,2026-02-12 17:00:00,,,2025-08-26 09:53:00,2025-08-26 15:21:51.530,,,RatE,PL,MDO AT2H,REQ: & 30850 - Doble Pm & Install Quick Links- ONE ENDS YNA06 - Will roll load.
113628,60009340.0,AT2H,11,18523651,CNP00373642,8557798,2026-02-10 07:00:00,2026-02-12 17:00:00,,,2025-08-26 09:53:00,2025-08-26 15:21:51.530,,,Apprv,PL,MDO AT2H,REQ: & 30850 - Doble Pm & Install Quick Links- ONE ENDS YNA06 - Will roll load.
113628,60009340.0,AT2H,11,18523651,CNP00373642,8751572,2026-02-10 07:00:00,2026-02-12 17:00:00,2026-02-10 09:26:00,,2025-08-26 09:53:00,2025-08-26 15:21:51.530,,,Apprv,PL,MDO AT2H,REQ: & 30850 - Doble Pm & Install Quick Links- ONE ENDS YNA06 - Will roll load.
113628,60009340.0,AT2H,11,18523651,CNP00373642,8760512,2026-02-10 07:00:00,2026-02-12 17:00:00,2026-02-10 09:26:00,2026-02-12 13:00:00,2025-08-26 09:53:00,2025-08-26 15:21:51.530,,,Apprv,PL,MDO AT2H,REQ: & 30850 - Doble Pm & Install Quick Links- ONE ENDS YNA06 - Will roll load.
113628,60009340.0,AT2H,12,18774424,CNP00389769,9172155,2026-06-25 07:00:00,2026-06-25 12:00:00,,,2026-06-24 10:11:00,2026-06-24 16:21:19.270,,,RatE,M1,MDO AT2H,REQ: & 30850 - Trouble shoot Alarm - ONE ENDS YNA06 - Will roll load.
113628,60009340.0,AT2H,12,18774424,CNP00389769,9173076,2026-06-25 07:00:00,2026-06-25 12:00:00,,,2026-06-24 10:11:00,2026-06-24 16:21:19.270,,,Apprv,M1,MDO AT2H,REQ: & 30850 - Trouble shoot Alarm - ONE ENDS YNA06 - Will roll load.
113628,60009340.0,AT2H,12,18774424,CNP00389769,9175036,2026-06-25 07:00:00,2026-06-25 12:00:00,2026-06-25 08:45:00,2026-06-25 10:37:00,2026-06-24 10:11:00,2026-06-24 16:21:19.270,,,Apprv,M1,MDO AT2H,REQ: & 30850 - Trouble shoot Alarm - ONE ENDS YNA06 - Will roll load.
113629,,1804,14,15617565,ONC00218564,1164644,2015-06-16 05:00:00,2015-06-16 11:00:00,2015-06-16 06:20:00,,2015-06-11 06:27:00,2019-02-27 15:51:00.000,,,Apprv,PL,15-08226,
113629,,1804,14,15617565,ONC00218564,1292918,2015-06-16 05:00:00,2015-06-16 12:00:00,,,2015-06-11 06:27:00,2019-02-27 15:51:00.000,,,RatE,PL,15-08226,
113629,,1804,14,15617565,ONC00218564,1349447,2015-06-16 05:00:00,2015-06-16 11:00:00,,,2015-06-11 06:27:00,2019-02-27 15:51:00.000,,,Apprv,PL,15-08226,
113629,,1804,14,15617565,ONC00218564,1421116,2015-06-16 05:00:00,2015-06-16 11:00:00,2015-06-16 06:20:00,2015-06-16 10:26:00,2015-06-11 06:27:00,2019-02-27 15:51:00.000,,,Apprv,PL,15-08226,
113629,,1804,3,15619623,ONC00263535,1050200,2016-09-02 04:00:00,2016-09-02 09:00:00,,,2016-08-26 11:58:00,2019-02-27 15:51:00.000,,,Apprv,PL,16-14121,
113629,,1804,3,15619623,ONC00263535,1178234,2016-09-02 04:00:00,2016-09-02 18:00:00,2016-09-02 04:48:00,2016-09-02 10:41:00,2016-08-26 11:58:00,2019-02-27 15:51:00.000,,,Accpt,UE,16-14121,
113629,,1804,3,15619623,ONC00263535,1206428,2016-09-02 04:00:00,2016-09-02 09:00:00,2016-09-02 04:48:00,,2016-08-26 11:58:00,2019-02-27 15:51:00.000,,,Apprv,PL,16-14121,
113629,,1804,3,15619623,ONC00263535,1235514,2016-09-02 04:00:00,2016-09-02 09:00:00,,,2016-08-26 11:58:00,2019-02-27 15:51:00.000,,,RatE,PL,16-14121,
113629,,1804,3,15619623,ONC00263535,1361653,2016-09-02 04:00:00,2016-09-02 18:00:00,2016-09-02 04:48:00,,2016-08-26 11:58:00,2019-02-27 15:51:00.000,,,Accpt,UE,16-14121,
113629,,1804,14,15646532,ONC00218578,1151054,2015-06-18 05:00:00,2015-06-18 11:00:00,,,2015-06-11 06:28:00,2019-02-27 15:51:00.000,,,RatE,PL,15-08228,
113629,,1804,14,15646532,ONC00218578,1327394,2015-06-18 05:00:00,2015-06-18 11:00:00,,,2015-06-11 06:28:00,2019-02-27 15:51:00.000,,,Study,PL,15-08228,
113629,,1804,14,15646532,ONC00218578,1341438,2015-06-18 05:00:00,2015-06-18 11:00:00,,,2015-06-11 06:28:00,2019-02-27 15:51:00.000,2015-06-17,Cancel - Reschedule date unknown,Cancl,PL,15-08228,
113629,,1804,14,15646532,ONC00218578,1414033,2015-06-18 05:00:00,2015-06-18 11:00:00,,,2015-06-11 06:28:00,2019-02-27 15:51:00.000,,,Apprv,PL,15-08228,
113629,,1804,14,15646532,ONC00218578,1417123,2015-06-18 05:00:00,2015-06-18 12:00:00,,,2015-06-11 06:28:00,2019-02-27 15:51:00.000,,,RatE,PL,15-08228,
113629,,1804,14,15650143,ONC00219795,1092956,2015-07-07 04:00:00,2015-07-07 09:00:00,,,2015-06-24 08:51:00,2019-02-27 15:51:00.000,2015-07-01,Cancel - Reschedule date unknown,Cancl,PL,15-08898,
113629,,1804,14,15650143,ONC00219795,1425587,2015-07-07 04:00:00,2015-07-07 09:00:00,,,2015-06-24 08:51:00,2019-02-27 15:51:00.000,,,RatE,PL,15-08898,
113629,,1804,9,15665727,ONC00274757,1159645,2016-12-30 17:01:00,2017-01-10 23:59:00,,,2016-12-16 16:37:00,2019-02-27 15:51:00.000,,,Apprv,PL,,
113629,,1804,9,15665727,ONC00274757,1182582,2016-12-30 17:01:00,2017-01-10 23:59:00,2016-12-30 17:01:00,,2016-12-16 16:37:00,2019-02-27 15:51:00.000,,,Apprv,PL,,
113629,,1804,9,15665727,ONC00274757,1489706,2016-12-30 17:01:00,2017-01-10 23:59:00,,,2016-12-16 16:37:00,2019-02-27 15:51:00.000,,,RatE,PL,,
113629,,1804,9,15665727,ONC00274757,1516626,2016-12-30 17:01:00,2017-01-10 23:59:00,2016-12-30 17:01:00,2017-01-10 23:59:00,2016-12-16 16:37:00,2019-02-27 15:51:00.000,,,Apprv,PL,,
113629,,1804,14,15674460,ONC00218974,921148,2015-06-25 04:00:00,2015-06-25 09:00:00,,,2015-06-15 06:40:00,2019-02-27 15:51:00.000,2015-06-25,Cancel - Reschedule date unknown,Cancl,PL,15-08380,
113629,,1804,14,15674460,ONC00218974,1223530,2015-06-25 05:00:00,2015-06-25 11:00:00,,,2015-06-15 06:40:00,2019-02-27 15:51:00.000,,,RatE,PL,15-08380,
113629,,1804,14,15674460,ONC00218974,1240147,2015-06-25 04:00:00,2015-06-25 09:00:00,,,2015-06-15 06:40:00,2019-02-27 15:51:00.000,,,Apprv,PL,15-08380,
113629,,1804,14,15690271,ONC00218585,1141295,2015-06-19 05:00:00,2015-06-19 11:00:00,,,2015-06-11 06:28:00,2019-02-27 15:51:00.000,,,Apprv,PL,15-08229,
113629,,1804,14,15690271,ONC00218585,1202989,2015-06-19 05:00:00,2015-06-19 12:00:00,,,2015-06-11 06:28:00,2019-02-27 15:51:00.000,,,RatE,PL,15-08229,
113629,,1804,14,15690271,ONC00218585,1243155,2015-06-19 05:00:00,2015-06-19 11:00:00,,,2015-06-11 06:28:00,2019-02-27 15:51:00.000,,,RatE,PL,15-08229,
113629,,1804,14,15690271,ONC00218585,1437033,2015-06-19 05:00:00,2015-06-19 11:00:00,,,2015-06-11 06:28:00,2019-02-27 15:51:00.000,2015-06-17,Cancel - Reschedule date unknown,Cancl,PL,15-08229,
113629,60009340.0,AT2,4,15706354,CNP00210431,924931,2017-04-08 17:01:00,2017-04-08 23:59:00,2017-04-08 17:01:00,2017-04-08 23:09:00,2017-04-08 19:23:00,2019-02-27 15:51:00.000,,,Accpt,FR,mdo,
113629,60009340.0,AT2,4,15706354,CNP00210431,1032803,2017-04-08 17:01:00,2017-04-08 23:59:00,2017-04-08 17:01:00,,2017-04-08 19:23:00,2019-02-27 15:51:00.000,,,Accpt,FR,mdo,
113629,,1804,14,15715124,ONC00237069,1275054,2016-01-12 08:00:00,2016-01-15 16:00:00,2016-01-12 08:34:00,,2016-01-06 09:45:00,2019-02-27 15:51:00.000,,,Apprv,PL,16-00865,
113629,,1804,14,15715124,ONC00237069,1345992,2016-01-12 08:00:00,2016-01-15 16:00:00,,,2016-01-06 09:45:00,2019-02-27 15:51:00.000,,,Apprv,PL,16-00865,
113629,,1804,14,15715124,ONC00237069,1358409,2016-01-12 08:00:00,2016-01-15 16:00:00,2016-01-12 08:34:00,2016-01-14 14:53:00,2016-01-06 09:45:00,2019-02-27 15:51:00.000,,,Apprv,PL,16-00865,
113629,,1804,14,15715124,ONC00237069,1358409,2016-01-12 08:00:00,2016-01-15 16:00:00,2016-01-12 08:34:00,2016-01-14 14:53:00,2016-01-06 09:45:00,2019-02-27 15:51:00.000,,,Apprv,PL,16-00865,
113629,,1804,14,15731702,ONC00219811,910026,2015-07-10 04:00:00,2015-07-10 09:00:00,,,2015-06-24 08:52:00,2019-02-27 15:51:00.000,2015-07-08,Cancel - Will not reschedule,Cancl,PL,15-08929,
113629,,1804,14,15731702,ONC00219811,1168709,2015-07-10 04:00:00,2015-07-10 09:00:00,,,2015-06-24 08:52:00,2019-02-27 15:51:00.000,,,RatE,PL,15-08929,
113629,,1804,14,15731702,ONC00219811,1340961,2015-07-10 04:00:00,2015-07-10 09:00:00,,,2015-06-24 08:52:00,2019-02-27 15:51:00.000,,,Apprv,PL,15-08929,
113629,,1804,2,15750240,ONC00209919,936612,2015-03-26 08:30:00,2015-03-26 16:00:00,2015-03-26 09:49:00,2015-03-26 10:54:00,2015-03-20 12:56:00,2019-02-27 15:51:00.000,,,Apprv,PL,15-04190,
113629,,1804,2,15750240,ONC00209919,1045661,2015-03-26 08:30:00,2015-03-26 16:00:00,,,2015-03-20 12:56:00,2019-02-27 15:51:00.000,,,Apprv,PL,15-04190,
113629,,1804,2,15750240,ONC00209919,1257575,2015-03-26 08:30:00,2015-03-26 16:00:00,2015-03-26 09:49:00,,2015-03-20 12:56:00,2019-02-27 15:51:00.000,,,Apprv,PL,15-04190,
113629,,1804,14,15757567,ONC00218937,1116758,2015-06-22 05:00:00,2015-06-22 11:00:00,,,2015-06-15 06:38:00,2019-02-27 15:51:00.000,,,RatE,PL,15-08316,
113629,,1804,14,15757567,ONC00218937,1354788,2015-06-22 04:00:00,2015-06-22 09:00:00,,,2015-06-15 06:38:00,2019-02-27 15:51:00.000,2015-06-22,Cancel - Reschedule date unknown,Cancl,PL,15-08316,
113629,,1804,14,15757567,ONC00218937,1489481,2015-06-22 04:00:00,2015-06-22 09:00:00,,,2015-06-15 06:38:00,2019-02-27 15:51:00.000,,,Apprv,PL,15-08316,
113629,,1804,3,15786825,ONC00263373,1069513,2016-11-11 07:00:00,2016-11-11 18:00:00,,,2016-08-25 10:29:00,2019-02-27 15:51:00.000,,,Apprv,PL,16-12868,
113629,,1804,3,15786825,ONC00263373,1088958,2016-11-11 09:00:00,2016-11-11 18:00:00,2016-11-11 09:17:00,,2016-08-25 10:29:00,2019-02-27 15:51:00.000,,,Apprv,PL,16-12868,
113629,,1804,3,15786825,ONC00263373,1207062,2016-11-11 07:00:00,2016-11-11 18:00:00,,,2016-08-25 10:29:00,2019-02-27 15:51:00.000,,,RatE,PL,16-12868,
113629,,1804,3,15786825,ONC00263373,1409917,2016-11-11 09:00:00,2016-11-11 18:00:00,2016-11-11 09:17:00,2016-11-11 17:21:00,2016-08-25 10:29:00,2019-02-27 15:51:00.000,,,Apprv,PL,16-12868,
113629,,1804,3,15858553,ONC00244180,914456,2016-10-04 07:00:00,2016-10-11 18:00:00,,,2016-03-15 13:39:00,2019-02-27 15:51:00.000,,,RatE,PL,16-04260,
113629,,1804,3,15858553,ONC00244180,1484728,2016-10-04 07:00:00,2016-10-11 18:00:00,,,2016-03-15 13:39:00,2019-02-27 15:51:00.000,,,Rejct,PL,16-04260,
113629,,1804,9,15866821,ONC00271074,1027032,2016-11-11 18:01:00,2016-11-20 06:59:00,2016-11-11 18:01:00,,2016-11-11 08:27:00,2019-02-27 15:51:00.000,,,Apprv,M1,,
113629,,1804,9,15866821,ONC00271074,1344899,2016-11-11 18:01:00,2016-11-20 06:59:00,2016-11-11 18:01:00,2016-11-20 06:59:00,2016-11-11 08:27:00,2019-02-27 15:51:00.000,,,Apprv,M1,,
113629,,1804,9,15866821,ONC00271074,1347000,2016-11-11 18:01:00,2016-11-20 06:59:00,,,2016-11-11 08:27:00,2019-02-27 15:51:00.000,,,Apprv,M1,,
113629,60009340.0,AT2,4,15870083,CNP00206310,1024586,2017-02-15 00:00:00,2017-04-08 17:00:00,2017-02-15 00:00:00,2017-04-08 17:00:00,2017-01-25 09:14:00,2019-02-27 15:51:00.000,,,Accpt,UE,mdo,
113629,60009340.0,AT2,4,15870083,CNP00206310,1026835,2017-02-15 00:00:00,2017-04-01 17:00:00,2017-02-15 00:00:00,,2017-01-25 09:14:00,2019-02-27 15:51:00.000,,,Apprv,PL,mdo,
113629,60009340.0,AT2,4,15870083,CNP00206310,1062949,2017-02-15 00:00:00,2017-04-01 17:00:00,,,2017-01-25 09:14:00,2019-02-27 15:51:00.000,,,RatE,PL,mdo,
113629,60009340.0,AT2,4,15870083,CNP00206310,1162261,2017-02-15 00:00:00,2017-04-08 17:00:00,2017-02-15 00:00:00,,2017-01-25 09:14:00,2019-02-27 15:51:00.000,,,Accpt,UE,mdo,
113629,60009340.0,AT2,4,15870083,CNP00206310,1195002,2017-02-15 00:00:00,2017-04-07 17:00:00,2017-02-15 00:00:00,,2017-01-25 09:14:00,2019-02-27 15:51:00.000,,,Accpt,UE,mdo,
113629,60009340.0,AT2,4,15870083,CNP00206310,1308848,2017-02-15 00:00:00,2017-04-01 17:00:00,,,2017-01-25 09:14:00,2019-02-27 15:51:00.000,,,Apprv,PL,mdo,
113629,60009340.0,AT2,4,15870083,CNP00206310,1491581,2017-02-15 00:00:00,2017-04-06 17:00:00,2017-02-15 00:00:00,,2017-01-25 09:14:00,2019-02-27 15:51:00.000,,,Accpt,UE,mdo,
113629,,1804,14,15885392,ONC00218948,1065802,2015-06-24 04:00:00,2015-06-24 09:00:00,,,2015-06-15 06:39:00,2019-02-27 15:51:00.000,,,Apprv,PL,15-08379,
113629,,1804,14,15885392,ONC00218948,1095945,2015-06-24 04:00:00,2015-06-24 09:00:00,,,2015-06-15 06:39:00,2019-02-27 15:51:00.000,2015-06-24,Cancel - Reschedule date unknown,Cancl,PL,15-08379,
113629,,1804,14,15885392,ONC00218948,1154463,2015-06-24 05:00:00,2015-06-24 11:00:00,,,2015-06-15 06:39:00,2019-02-27 15:51:00.000,,,RatE,PL,15-08379,
113629,,1804,5,15890462,ONC00198908,1026806,2015-03-23 07:00:00,2015-03-25 18:00:00,2015-03-23 08:06:00,2015-03-25 19:03:00,2014-11-25 12:15:00,2019-02-27 15:51:00.000,,,Apprv,PL,15-00266,
113629,,1804,5,15890462,ONC00198908,1026806,2015-03-23 07:00:00,2015-03-25 18:00:00,2015-03-23 08:06:00,2015-03-25 19:03:00,2014-11-25 12:15:00,2019-02-27 15:51:00.000,,,Apprv,PL,15-00266,
113629,,1804,5,15890462,ONC00198908,1116900,2015-03-23 07:00:00,2015-03-25 18:00:00,,,2014-11-25 12:15:00,2019-02-27 15:51:00.000,,,Apprv,PL,15-00266,
113629,,1804,5,15890462,ONC00198908,1173765,2015-03-23 07:00:00,2015-03-25 18:00:00,2015-03-23 08:06:00,,2014-11-25 12:15:00,2019-02-27 15:51:00.000,,,Apprv,PL,15-00266,
113629,,1804,14,15893907,ONC00219814,1271058,2015-07-11 04:00:00,2015-07-11 09:00:00,,,2015-06-24 08:52:00,2019-02-27 15:51:00.000,,,RatE,PL,15-08930,
113629,,1804,14,15893907,ONC00219814,1447949,2015-07-11 04:00:00,2015-07-11 09:00:00,,,2015-06-24 08:52:00,2019-02-27 15:51:00.000,,,Apprv,PL,15-08930,
113629,,1804,14,15893907,ONC00219814,1506323,2015-07-11 04:00:00,2015-07-11 09:00:00,,,2015-06-24 08:52:00,2019-02-27 15:51:00.000,2015-07-08,Cancel - Will not reschedule,Cancl,PL,15-08930,
113629,,1804,3,15920033,ONC00263396,945980,2016-11-20 07:00:00,2016-11-20 16:00:00,,,2016-08-25 10:39:00,2019-02-27 15:51:00.000,,,RatE,PL,16-13048,
113629,,1804,3,15920033,ONC00263396,964166,2016-11-20 07:00:00,2016-11-20 16:00:00,2016-11-20 07:18:00,2016-11-20 08:57:00,2016-08-25 10:39:00,2019-02-27 15:51:00.000,,,Apprv,PL,16-13048,
113629,,1804,3,15920033,ONC00263396,1322061,2016-11-20 07:00:00,2016-11-20 16:00:00,2016-11-20 07:18:00,,2016-08-25 10:39:00,2019-02-27 15:51:00.000,,,Apprv,PL,16-13048,
113629,,1804,3,15920033,ONC00263396,1322620,2016-11-20 07:00:00,2016-11-20 16:00:00,,,2016-08-25 10:39:00,2019-02-27 15:51:00.000,,,Apprv,PL,16-13048,
113629,,1804,9,15922529,ONC00271019,1076871,2016-11-10 13:45:00,2016-11-11 06:59:00,2016-11-10 13:45:00,,2016-11-10 13:42:00,2019-02-27 15:51:00.000,,,Apprv,M1,,
113629,,1804,9,15922529,ONC00271019,1462692,2016-11-10 13:45:00,2016-11-11 06:59:00,2016-11-10 13:45:00,2016-11-11 06:59:00,2016-11-10 13:42:00,2019-02-27 15:51:00.000,,,Apprv,M1,,
113629,,1804,14,15931933,ONC00218592,1001502,2015-06-20 05:00:00,2015-06-20 11:00:00,,,2015-06-11 06:29:00,2019-02-27 15:51:00.000,,,RatE,PL,15-08230,
113629,,1804,14,15931933,ONC00218592,1085209,2015-06-20 05:00:00,2015-06-20 11:00:00,,,2015-06-11 06:29:00,2019-02-27 15:51:00.000,,,Apprv,PL,15-08230,
113629,,1804,14,15931933,ONC00218592,1218867,2015-06-20 05:00:00,2015-06-20 12:00:00,,,2015-06-11 06:29:00,2019-02-27 15:51:00.000,,,RatE,PL,15-08230,
113629,,1804,14,15931933,ONC00218592,1378453,2015-06-20 05:00:00,2015-06-20 11:00:00,,,2015-06-11 06:29:00,2019-02-27 15:51:00.000,2015-06-17,Cancel - Reschedule date unknown,Cancl,PL,15-08230,
113629,,1804,14,15935957,ONC00218943,1038993,2015-06-23 04:00:00,2015-06-23 09:00:00,,,2015-06-15 06:39:00,2019-02-27 15:51:00.000,,,Apprv,PL,15-08378,
113629,,1804,14,15935957,ONC00218943,1230386,2015-06-23 04:00:00,2015-06-23 09:00:00,,,2015-06-15 06:39:00,2019-02-27 15:51:00.000,2015-06-23,Cancel - Reschedule date unknown,Cancl,PL,15-08378,
113629,,1804,14,15935957,ONC00218943,1254543,2015-06-23 05:00:00,2015-06-23 11:00:00,,,2015-06-15 06:39:00,2019-02-27 15:51:00.000,,,RatE,PL,15-08378,
113629,,1804,14,15945448,ONC00218557,963150,2015-06-15 05:00:00,2015-06-15 11:00:00,,,2015-06-11 06:27:00,2019-02-27 15:51:00.000,2015-06-15,Cancel - Will not reschedule,Cancl,PL,15-08206,
113629,,1804,14,15945448,ONC00218557,1154165,2015-06-15 05:00:00,2015-06-15 12:00:00,,,2015-06-11 06:27:00,2019-02-27 15:51:00.000,,,RatE,PL,15-08206,
113629,,1804,14,15945448,ONC00218557,1323946,2015-06-15 05:00:00,2015-06-15 11:00:00,,,2015-06-11 06:27:00,2019-02-27 15:51:00.000,,,Apprv,PL,15-08206,
113629,,1804,3,15953264,ONC00262155,903984,2016-10-04 07:00:00,2016-11-11 06:59:00,2016-10-04 08:32:00,2016-10-17 13:46:00,2016-08-15 14:52:00,2019-02-27 15:51:00.000,,,Accpt,UE,,
113629,,1804,3,15953264,ONC00262155,941145,2016-10-04 07:00:00,2016-10-14 18:00:00,2016-10-04 08:32:00,,2016-08-15 14:52:00,2019-02-27 15:51:00.000,,,Accpt,UE,16-12113,
113629,,1804,3,15953264,ONC00262155,956296,2016-10-04 07:00:00,2016-10-11 18:00:00,,,2016-08-15 14:52:00,2019-02-27 15:51:00.000,,,Apprv,PL,16-12113,
113629,,1804,3,15953264,ONC00262155,967441,2016-10-04 07:00:00,2016-11-11 06:59:00,2016-10-04 08:32:00,,2016-08-15 14:52:00,2019-02-27 15:51:00.000,,,Accpt,UE,16-12113,
113629,,1804,3,15953264,ONC00262155,1002273,2016-10-04 07:00:00,2016-10-11 18:00:00,2016-10-04 08:32:00,,2016-08-15 14:52:00,2019-02-27 15:51:00.000,,,Apprv,PL,16-12113,
113629,,1804,3,15953264,ONC00262155,1527675,2016-10-04 07:00:00,2016-10-11 18:00:00,,,2016-08-15 14:52:00,2019-02-27 15:51:00.000,,,RatE,PL,16-12113,
113629,,1804,14,15996316,ONC00218571,917297,2015-06-17 07:00:00,2015-06-17 11:00:00,,,2015-06-11 06:27:00,2019-02-27 15:51:00.000,,,Apprv,PL,15-08227,
113629,,1804,14,15996316,ONC00218571,1083878,2015-06-17 05:00:00,2015-06-17 11:00:00,,,2015-06-11 06:27:00,2019-02-27 15:51:00.000,,,Study,PL,15-08227,
113629,,1804,14,15996316,ONC00218571,1100041,2015-06-17 09:00:00,2015-06-17 11:00:00,,,2015-06-11 06:27:00,2019-02-27 15:51:00.000,2015-06-17,Cancel - Reschedule date unknown,Cancl,PL,15-08227,
113629,,1804,14,15996316,ONC00218571,1132678,2015-06-17 05:00:00,2015-06-17 11:00:00,,,2015-06-11 06:27:00,2019-02-27 15:51:00.000,,,Apprv,PL,15-08227,
113629,,1804,14,15996316,ONC00218571,1136570,2015-06-17 05:00:00,2015-06-17 12:00:00,,,2015-06-11 06:27:00,2019-02-27 15:51:00.000,,,RatE,PL,15-08227,
113629,,1804,14,16019274,ONC00219808,953209,2015-07-08 04:00:00,2015-07-08 09:00:00,,,2015-06-24 08:52:00,2019-02-27 15:51:00.000,,,Study,PL,15-08927,
113629,,1804,14,16019274,ONC00219808,953685,2015-07-08 04:00:00,2015-07-08 09:00:00,2015-07-08 04:38:00,2015-07-08 09:34:00,2015-06-24 08:52:00,2019-02-27 15:51:00.000,,,Apprv,PL,15-08927,
113629,,1804,14,16019274,ONC00219808,1150178,2015-07-08 04:00:00,2015-07-08 09:00:00,,,2015-06-24 08:52:00,2019-02-27 15:51:00.000,,,Apprv,PL,15-08927,
113629,,1804,14,16019274,ONC00219808,1338943,2015-07-08 04:00:00,2015-07-08 09:00:00,2015-07-08 04:38:00,,2015-06-24 08:52:00,2019-02-27 15:51:00.000,,,Apprv,PL,15-08927,
113629,,1804,14,16019274,ONC00219808,1477759,2015-07-08 04:00:00,2015-07-08 09:00:00,,,2015-06-24 08:52:00,2019-02-27 15:51:00.000,,,RatE,PL,15-08927,
113629,,1804,14,16048923,ONC00210621,945208,2015-04-01 07:00:00,2015-04-01 12:00:00,2015-04-01 09:41:00,,2015-03-27 12:37:00,2019-02-27 15:51:00.000,,,Apprv,PL,15-04510,
113629,,1804,14,16048923,ONC00210621,1057895,2015-04-01 07:00:00,2015-04-01 12:00:00,,,2015-03-27 12:37:00,2019-02-27 15:51:00.000,,,Apprv,PL,15-04510,
113629,,1804,14,16048923,ONC00210621,1281298,2015-04-01 07:00:00,2015-04-01 12:00:00,,,2015-03-27 12:37:00,2019-02-27 15:51:00.000,,,RatE,PL,15-04510,
113629,,1804,14,16048923,ONC00210621,1527039,2015-04-01 07:00:00,2015-04-01 12:00:00,2015-04-01 09:41:00,2015-04-01 13:23:00,2015-03-27 12:37:00,2019-02-27 15:51:00.000,,,Apprv,PL,15-04510,
113629,,1804,14,16065209,ONC00219799,943468,2015-07-09 04:00:00,2015-07-09 09:00:00,,,2015-06-24 08:51:00,2019-02-27 15:51:00.000,,,Apprv,PL,15-08928,
113629,,1804,14,16065209,ONC00219799,1343962,2015-07-09 04:00:00,2015-07-09 09:00:00,,,2015-06-24 08:51:00,2019-02-27 15:51:00.000,2015-07-08,Cancel - Will not reschedule,Cancl,PL,15-08928,
113629,,1804,14,16065209,ONC00219799,1524954,2015-07-09 04:00:00,2015-07-09 09:00:00,,,2015-06-24 08:51:00,2019-02-27 15:51:00.000,,,RatE,PL,15-08928,
113629,,1804,9,16105791,ONC00271075,1163953,2016-11-20 16:01:00,2016-12-30 17:00:00,2016-11-20 16:01:00,2016-12-30 17:00:00,2016-11-11 08:29:00,2019-02-27 15:51:00.000,,,Apprv,PL,,
113629,,1804,9,16105791,ONC00271075,1193193,2016-11-20 16:01:00,2016-12-30 17:00:00,,,2016-11-11 08:29:00,2019-02-27 15:51:00.000,,,Apprv,PL,,
113629,,1804,9,16105791,ONC00271075,1438051,2016-11-20 16:01:00,2016-12-30 17:00:00,2016-11-20 16:01:00,,2016-11-11 08:29:00,2019-02-27 15:51:00.000,,,Apprv,PL,,
113629,,1804,9,16105791,ONC00271075,1518517,2016-11-20 16:01:00,2016-12-30 17:00:00,,,2016-11-11 08:29:00,2019-02-27 15:51:00.000,,,RatE,PL,,
121320,,J330X,12,15625152,CNP00168603,1333463,2015-01-19 07:00:00,2015-03-31 17:00:00,2015-01-19 08:18:00,2015-03-31 17:00:00,2015-01-05 08:34:00,2019-02-27 15:51:00.000,,,Apprv,PL,SRF J320,
121320,,J330X,12,15625152,CNP00168603,1333463,2015-01-19 07:00:00,2015-03-31 17:00:00,2015-01-19 08:18:00,2015-03-31 17:00:00,2015-01-05 08:34:00,2019-02-27 15:51:00.000,,,Apprv,PL,SRF J320,
121320,,J330X,12,15625152,CNP00168603,1333463,2015-01-19 07:00:00,2015-03-31 17:00:00,2015-01-19 08:18:00,2015-03-31 17:00:00,2015-01-05 08:34:00,2019-02-27 15:51:00.000,,,Apprv,PL,SRF J320,
121320,,J330X,12,15625152,CNP00168603,1364608,2015-01-19 07:00:00,2015-03-31 17:00:00,2015-01-19 08:18:00,,2015-01-05 08:34:00,2019-02-27 15:51:00.000,,,Apprv,PL,SRF J320,
121320,60008024.0,CAMWINDTL1,4,16005097,ERC00063675,937155,2015-08-05 00:00:00,2015-10-20 21:00:00,2015-08-05 00:00:00,2015-10-20 20:20:00,2015-06-26 08:27:00,2019-02-27 15:51:00.000,,,Accpt,UE,CAMWIND1,
121320,60008024.0,CAMWINDTL1,4,16005097,ERC00063675,937155,2015-08-05 00:00:00,2015-10-20 21:00:00,2015-08-05 00:00:00,2015-10-20 20:20:00,2015-06-26 08:27:00,2019-02-27 15:51:00.000,,,Accpt,UE,CAMWIND1,
121320,60008024.0,CAMWINDTL1,4,16005097,ERC00063675,958930,2015-08-05 00:00:00,2015-10-20 19:00:00,2015-08-05 00:00:00,,2015-06-26 08:27:00,2019-02-27 15:51:00.000,,,Accpt,UE,CAMWIND1,
121320,60008024.0,CAMWINDTL1,4,16005097,ERC00063675,978224,2015-08-05 00:00:00,2015-10-14 19:00:00,2015-08-05 00:00:00,,2015-06-26 08:27:00,2019-02-27 15:51:00.000,,,Accpt,UE,CAMWIND1,
121320,60008024.0,CAMWINDTL1,4,16005097,ERC00063675,1008443,2015-08-05 00:00:00,2015-10-09 19:00:00,2015-08-05 00:00:00,,2015-06-26 08:27:00,2019-02-27 15:51:00.000,,,Accpt,UE,CAMWIND1,
121320,60008024.0,CAMWINDTL1,4,16005097,ERC00063675,1163652,2015-08-05 00:00:00,2015-09-15 17:00:00,,,2015-06-26 08:27:00,2019-02-27 15:51:00.000,,,Apprv,PL,CAMWIND1,
121320,60008024.0,CAMWINDTL1,4,16005097,ERC00063675,1307548,2015-08-05 00:00:00,2015-09-15 17:00:00,,,2015-06-26 08:27:00,2019-02-27 15:51:00.000,,,Study,PL,CAMWIND1,
121320,60008024.0,CAMWINDTL1,4,16005097,ERC00063675,1317504,2015-08-05 00:00:00,2015-10-20 21:00:00,2015-08-05 00:00:00,,2015-06-26 08:27:00,2019-02-27 15:51:00.000,,,Accpt,UE,CAMWIND1,
121320,60008024.0,CAMWINDTL1,4,16005097,ERC00063675,1381997,2015-08-05 00:00:00,2015-09-15 17:00:00,2015-08-05 00:00:00,,2015-06-26 08:27:00,2019-02-27 15:51:00.000,,,Apprv,PL,CAMWIND1,
121320,60008024.0,CAMWINDTL1,4,16005097,ERC00063675,1467938,2015-08-05 00:00:00,2015-09-15 17:00:00,,,2015-06-26 08:27:00,2019-02-27 15:51:00.000,,,RatE,PL,CAMWIND1,
121320,,J330X,9,16095887,CNP00171734,1006248,2015-03-31 17:01:00,2015-06-30 17:00:00,,,2015-02-27 09:05:00,2019-02-27 15:51:00.000,,,Apprv,PL,,
121320,,J330X,9,16095887,CNP00171734,1118010,2015-03-31 17:01:00,2015-06-30 17:00:00,2015-03-31 17:01:00,,2015-02-27 09:05:00,2019-02-27 15:51:00.000,,,Apprv,PL,,
121320,,J330X,9,16095887,CNP00171734,1340389,2015-03-31 17:01:00,2015-06-30 17:00:00,,,2015-02-27 09:05:00,2019-02-27 15:51:00.000,,,RatE,PL,,
121320,,J330X,9,16095887,CNP00171734,1461977,2015-03-31 17:01:00,2015-05-18 17:00:00,2015-03-31 17:01:00,2015-05-18 11:59:00,2015-02-27 09:05:00,2019-02-27 15:51:00.000,,,Apprv,PL,,
121320,,J330X,9,16095887,CNP00171734,1461977,2015-03-31 17:01:00,2015-05-18 17:00:00,2015-03-31 17:01:00,2015-05-18 11:59:00,2015-02-27 09:05:00,2019-02-27 15:51:00.000,,,Apprv,PL,,
121320,,CAMWINDTL1,6,17327947,TEN00090360,4883220,2021-09-20 08:00:00,2021-09-24 17:00:00,,,2021-09-08 16:31:00,2021-09-08 22:20:56.143,,,RatE,PL,Cameron,"REQ: Only the equipment on outage will be affected during relay testing
SUP: 72 month maintenance and relay testing."
121320,,CAMWINDTL1,6,17327947,TEN00090360,4883383,2021-09-20 08:00:00,2021-09-24 17:00:00,,,2021-09-08 16:31:00,2021-09-08 22:20:56.143,,,Apprv,PL,Cameron,"REQ: Only the equipment on outage will be affected during relay testing
SUP: 72 month maintenance and relay testing."
121320,,CAMWINDTL1,6,17327947,TEN00090360,4906797,2021-09-20 08:00:00,2021-09-24 17:00:00,2021-09-20 08:00:00,,2021-09-08 16:31:00,2021-09-08 22:20:56.143,,,Apprv,PL,Cameron,"REQ: Only the equipment on outage will be affected during relay testing
SUP: 72 month maintenance and relay testing."
121320,,CAMWINDTL1,6,17327947,TEN00090360,4920999,2021-09-20 08:00:00,2021-09-24 17:00:00,2021-09-20 08:00:00,2021-09-24 11:55:00,2021-09-08 16:31:00,2021-09-08 22:20:56.143,,,Apprv,PL,Cameron,"SUP: Ended as requested
SUP: Ended as requested.
REQ: Only the equipment on outage will be affected during relay testing
SUP: 72 month maintenance and relay testing."
121320,,CAMWINDTL1,5,18560327,TEN00157832,8413443,2025-10-12 15:54:00,2025-10-17 17:00:00,2025-10-12 15:54:00,,2025-10-12 16:15:00,2025-10-12 22:20:50.010,,,Accpt,FR,CAMW,"REQ: [251012_1613_5948]
SUP: 52-71 Breaker Trip Site investigating"
121320,,CAMWINDTL1,5,18560327,TEN00157832,8415925,2025-10-12 15:54:00,2025-10-17 17:00:00,2025-10-12 15:54:00,2025-10-13 11:55:00,2025-10-12 16:15:00,2025-10-12 22:20:50.010,,,Accpt,FR,CAMW,"REQ: [251012_1613_5948]
SUP: 52-71 Breaker Trip Site investigating"
185126,,DELETE,9,15728846,RAY00001086,906793,2017-02-07 23:58:00,2017-02-07 23:59:00,,,2016-11-10 12:22:00,2019-02-27 15:51:00.000,,,Apprv,PL,FRNY_RET,
185126,,FRNYW_RC,9,15728846,RAY00001086,906793,2017-02-07 23:58:00,2017-02-07 23:59:00,,,2016-11-10 12:22:00,2019-02-27 15:51:00.000,,,Apprv,PL,FRNY_RET,
185126,,FRNYW_RC,9,15728846,RAY00001086,1070006,2017-02-07 23:58:00,2017-02-07 23:59:00,,,2016-11-10 12:22:00,2019-02-27 15:51:00.000,,,RatE,PL,FRNY_RET,
185126,,DELETE,9,15728846,RAY00001086,1500596,2017-02-07 23:58:00,2017-02-07 23:59:00,2017-02-07 23:58:00,2017-02-07 23:59:00,2016-11-10 12:22:00,2019-02-27 15:51:00.000,,,Apprv,PL,FRNY_RET,
185126,60009196.0,DERMOTT_TLINE1,4,15776500,TEN00044564,995717,2017-05-03 00:00:00,2017-05-26 18:00:00,,,2017-03-14 15:29:00,2019-02-27 15:51:00.000,,,Apprv,PL,DERM1,
185126,60009196.0,DERMOTT_TLINE1,4,15776500,TEN00044564,1036986,2017-05-03 00:00:00,2017-06-07 17:00:00,2017-05-03 00:00:00,,2017-03-14 15:29:00,2019-02-27 15:51:00.000,,,Accpt,UE,DERM1,
185126,60009196.0,DERMOTT_TLINE1,4,15776500,TEN00044564,1234222,2017-05-03 00:00:00,2017-06-03 12:00:00,2017-05-03 00:00:00,,2017-03-14 15:29:00,2019-02-27 15:51:00.000,,,Accpt,UE,DERM1,
185126,60009196.0,DERMOTT_TLINE1,4,15776500,TEN00044564,1290274,2017-05-03 00:00:00,2017-05-30 18:00:00,2017-05-03 00:00:00,,2017-03-14 15:29:00,2019-02-27 15:51:00.000,,,Accpt,UE,DERM1,
185126,60009196.0,DERMOTT_TLINE1,4,15776500,TEN00044564,1299107,2017-05-03 00:00:00,2017-06-14 17:00:00,2017-05-03 00:00:00,,2017-03-14 15:29:00,2019-02-27 15:51:00.000,,,Accpt,UE,DERM1,
185126,60009196.0,DERMOTT_TLINE1,4,15776500,TEN00044564,1335481,2017-05-03 00:00:00,2017-05-26 18:00:00,,,2017-03-14 15:29:00,2019-02-27 15:51:00.000,,,RatE,PL,DERM1,
185126,60009196.0,DERMOTT_TLINE1,4,15776500,TEN00044564,1355328,2017-05-03 00:00:00,2017-06-02 23:59:00,2017-05-03 00:00:00,,2017-03-14 15:29:00,2019-02-27 15:51:00.000,,,Accpt,UE,DERM1,
185126,60009196.0,DERMOTT_TLINE1,4,15776500,TEN00044564,1511009,2017-05-03 00:00:00,2017-05-26 18:00:00,2017-05-03 00:00:00,,2017-03-14 15:29:00,2019-02-27 15:51:00.000,,,Apprv,PL,DERM1,
185126,60009196.0,DERMOTT_TLINE1,4,15776500,TEN00044564,1512410,2017-05-03 00:00:00,2017-06-14 17:00:00,2017-05-03 00:00:00,2017-05-31 11:19:00,2017-03-14 15:29:00,2019-02-27 15:51:00.000,,,Accpt,UE,DERM1,
185126,60009196.0,DERMOTT_TLINE1,4,15844543,TEN00044551,1496376,2017-05-03 00:00:00,2017-05-26 18:00:00,,,2017-03-14 15:18:00,2019-02-27 15:51:00.000,2017-03-14,Cancel - Coordinating with ERCOT,Cancl,PL,DERMOTT1,
198761,60008682.0,ESMERA_WOLFBE11,4,15656116,AEP00164301,953901,2017-02-01 00:00:00,2017-04-28 17:00:00,,,2016-11-17 16:46:00,2019-02-27 15:51:00.000,,,RatE,PL,NewEquip,
198761,60008682.0,ESMERA_WOLFBE11,4,15656116,AEP00164301,977011,2017-02-01 00:00:00,2017-04-28 17:00:00,,,2016-11-17 16:46:00,2019-02-27 15:51:00.000,,,Apprv,PL,NewEquip,
198761,60008682.0,ESMERA_WOLFBE11,4,15656116,AEP00164301,1046948,2017-02-01 00:00:00,2017-06-28 17:00:00,2017-02-01 00:00:00,2017-06-28 17:00:00,2016-11-17 16:46:00,2019-02-27 15:51:00.000,,,Accpt,UE,NewEquip,
198761,60008682.0,ESMERA_WOLFBE11,4,15656116,AEP00164301,1063629,2017-02-01 00:00:00,2017-04-28 17:00:00,2017-02-01 00:00:00,,2016-11-17 16:46:00,2019-02-27 15:51:00.000,,,Apprv,PL,NewEquip,
198761,60008682.0,ESMERA_WOLFBE11,4,15656116,AEP00164301,1090908,2017-02-01 00:00:00,2017-06-23 17:00:00,2017-02-01 00:00:00,,2016-11-17 16:46:00,2019-02-27 15:51:00.000,,,Accpt,UE,NewEquip,
198761,60008682.0,ESMERA_WOLFBE11,4,15656116,AEP00164301,1130780,2017-02-01 00:00:00,2017-06-28 17:00:00,2017-02-01 00:00:00,,2016-11-17 16:46:00,2019-02-27 15:51:00.000,,,Accpt,UE,NewEquip,
198761,60008682.0,ESMERA_WOLFBE11,4,15656116,AEP00164301,1194160,2017-02-01 00:00:00,2017-04-10 17:00:00,2017-02-01 00:00:00,,2016-11-17 16:46:00,2019-02-27 15:51:00.000,,,Apprv,PL,NewEquip,
198761,60008682.0,ESMERA_WOLFBE11,4,15656116,AEP00164301,1468989,2017-02-01 00:00:00,2017-05-19 17:00:00,2017-02-01 00:00:00,,2016-11-17 16:46:00,2019-02-27 15:51:00.000,,,Accpt,UE,NewEquip,
198761,,4062,9,15790503,ONC00253891,932036,2016-06-14 13:19:00,2016-06-18 18:00:00,2016-06-14 13:19:00,2016-06-18 18:00:00,2016-06-14 13:22:00,2019-02-27 15:51:00.000,,,Accpt,FR,34001_1,
198761,,4062,9,15790503,ONC00253891,1258666,2016-06-14 13:19:00,2016-06-18 18:00:00,2016-06-14 13:19:00,,2016-06-14 13:22:00,2019-02-27 15:51:00.000,,,Accpt,FR,34001_1,
198761,,4062,9,15993893,ONC00253907,1132026,2016-06-18 18:01:00,2016-10-04 23:59:00,2016-06-18 18:04:00,2016-10-04 23:59:00,2016-06-14 13:26:00,2019-02-27 15:51:00.000,,,Apprv,PL,34001_1,
198761,,4062,9,15993893,ONC00253907,1333966,2016-06-18 18:01:00,2016-10-04 23:59:00,2016-06-18 18:04:00,,2016-06-14 13:26:00,2019-02-27 15:51:00.000,,,Apprv,PL,34001_1,
198761,,4062,9,15993893,ONC00253907,1379762,2016-06-18 18:01:00,2016-10-04 23:59:00,,,2016-06-14 13:26:00,2019-02-27 15:51:00.000,,,Apprv,PL,34001_1,
198761,60008682.0,ESMERA_WOLFBE11,5,16068299,AEP00187192,1033613,2017-08-22 08:00:00,2017-08-22 16:30:00,,,2017-08-10 16:01:00,2019-02-27 15:51:00.000,,,Apprv,PL,058610,
198761,60008682.0,ESMERA_WOLFBE11,5,16068299,AEP00187192,1132235,2017-08-22 08:00:00,2017-08-22 16:30:00,2017-08-22 07:37:00,,2017-08-10 16:01:00,2019-02-27 15:51:00.000,,,Apprv,PL,058610,
198761,60008682.0,ESMERA_WOLFBE11,5,16068299,AEP00187192,1439907,2017-08-22 08:00:00,2017-08-22 16:30:00,2017-08-22 07:37:00,2017-08-22 14:11:00,2017-08-10 16:01:00,2019-02-27 15:51:00.000,,,Apprv,PL,058610,
198761,60008682.0,ESMERA_WOLFBE11,5,16068299,AEP00187192,1492927,2017-08-22 08:00:00,2017-08-22 16:30:00,,,2017-08-10 16:01:00,2019-02-27 15:51:00.000,,,RatE,PL,058610,
198761,60008682.0,ESMERA_WOLFBE11,18,17030699,AEP00319724,4240165,2021-02-19 12:11:00,2021-02-19 19:00:00,2021-02-19 12:11:00,,2021-02-19 12:31:00,2021-02-19 19:21:06.247,,,Accpt,FR,Esmerald,
198761,60008682.0,ESMERA_WOLFBE11,18,17030699,AEP00319724,4240487,2021-02-19 12:11:00,2021-02-19 19:00:00,2021-02-19 12:11:00,2021-02-19 13:40:00,2021-02-19 12:31:00,2021-02-19 19:21:06.247,,,Accpt,FR,Esmerald,
198761,60008682.0,ESMERA_WOLFBE11,5,17812182,AEP00369821,5999688,2023-02-07 07:30:00,2023-02-08 18:00:00,,,2022-12-29 11:11:00,2022-12-29 18:21:35.510,,,RatE,PL,323258,"REQ: Customer outage at this same time
REQ: Station is requesting a clearance on MOLDLR's 6136 and 9163. They are having clearance issues causing phase to ground problems and need to be corrected/fixed."
198761,60008682.0,ESMERA_WOLFBE11,5,17812182,AEP00369821,5999688,2023-02-07 07:30:00,2023-02-08 18:00:00,,,2022-12-29 11:11:00,2022-12-29 18:21:35.510,,,RatE,PL,323258,REQ: Station is requesting a clearance on MOLDLR's 6136 and 9163. They are having clearance issues causing phase to ground problems and need to be corrected/fixed.
198761,60008682.0,ESMERA_WOLFBE11,5,17812182,AEP00369821,6060730,2023-02-07 07:30:00,2023-02-08 18:00:00,,,2022-12-29 11:11:00,2022-12-29 18:21:35.510,2023-01-27,Cancel - Reschedule date unknown,Cancl,PL,323258,"REQ: Customer outage at this same time
REQ: Station is requesting a clearance on MOLDLR's 6136 and 9163. They are having clearance issues causing phase to ground problems and need to be corrected/fixed."
198761,60008682.0,ESMERA_WOLFBE11,5,17835976,AEP00372153,6064855,2023-02-14 07:30:00,2023-02-15 18:00:00,,,2023-01-30 15:14:00,2023-01-30 22:21:53.267,,,RatE,PL,323258,REQ: Station is requesting a clearance on MOLDLR's 6136 and 9163. They are having clearance issues causing phase to ground problems and need to be corrected/fixed.
198761,60008682.0,ESMERA_WOLFBE11,5,17835976,AEP00372153,6064855,2023-02-14 07:30:00,2023-02-15 18:00:00,,,2023-01-30 15:14:00,2023-01-30 22:21:53.267,,,RatE,PL,323258,"REQ: Canes Big Lake will be performing maint during this outage.
REQ: Station is requesting a clearance on MOLDLR's 6136 and 9163. They are having clearance issues causing phase to ground problems and need to be corrected/fixed."
198761,60008682.0,ESMERA_WOLFBE11,5,17835976,AEP00372153,6076728,2023-02-14 07:30:00,2023-02-15 18:00:00,,,2023-01-30 15:14:00,2023-01-30 22:21:53.267,,,Apprv,PL,323258,"REQ: Canes Big Lake will be performing maint during this outage.
REQ: Station is requesting a clearance on MOLDLR's 6136 and 9163. They are having clearance issues causing phase to ground problems and need to be corrected/fixed."
198761,60008682.0,ESMERA_WOLFBE11,5,17835976,AEP00372153,6098666,2023-02-14 07:30:00,2023-02-15 18:00:00,2023-02-14 10:02:00,,2023-01-30 15:14:00,2023-01-30 22:21:53.267,,,Apprv,PL,323258,"REQ: Canes Big Lake will be performing maint during this outage.
REQ: Station is requesting a clearance on MOLDLR's 6136 and 9163. They are having clearance issues causing phase to ground problems and need to be corrected/fixed."
198761,60008682.0,ESMERA_WOLFBE11,5,17835976,AEP00372153,6102229,2023-02-14 07:30:00,2023-02-15 18:00:00,2023-02-14 10:02:00,2023-02-15 13:34:00,2023-01-30 15:14:00,2023-01-30 22:21:53.267,,,Apprv,PL,323258,"SUP: .
REQ: Canes Big Lake will be performing maint during this outage.
REQ: Station is requesting a clearance on MOLDLR's 6136 and 9163. They are having clearance issues causing phase to ground problems and need to be corrected/fixed."
206317,,3042,3,15609186,ONC00203434,1509297,2015-01-17 07:00:00,2015-01-18 18:00:00,2015-01-17 08:30:00,2015-01-17 12:06:00,2015-01-14 08:30:00,2019-02-27 15:51:00.000,,,Apprv,PL,15-01129,
206317,60008222.0,ABERNA_WHITRVR1,4,15628757,SLN00011167,1480322,2016-03-25 19:01:00,2016-03-31 19:00:00,2016-03-25 19:01:00,,2016-03-27 20:14:00,2019-02-27 15:51:00.000,,,Accpt,FR,ABEener,
206317,60008222.0,ABERNA_WHITRVR1,4,15628757,SLN00011167,1491761,2016-03-25 19:01:00,2016-03-31 19:00:00,2016-03-25 19:01:00,2016-03-31 12:00:00,2016-03-27 20:14:00,2019-02-27 15:51:00.000,,,Accpt,FR,ABEener,
206317,60008222.0,ABERNA_WHITRVR1,4,15665558,SLN00011087,1061095,2016-03-16 19:10:00,2016-03-25 19:00:00,2016-03-16 19:10:00,,2016-03-17 19:11:00,2019-02-27 15:51:00.000,,,Accpt,FR,ABEener,
206317,60008222.0,ABERNA_WHITRVR1,4,15665558,SLN00011087,1108999,2016-03-16 19:10:00,2016-03-25 19:00:00,2016-03-16 19:10:00,2016-03-25 19:00:00,2016-03-17 19:11:00,2019-02-27 15:51:00.000,,,Accpt,FR,ABEener,
206317,,3042,9,15699458,ONC00202866,1116023,2015-01-27 23:58:00,2015-01-27 23:59:00,2015-01-27 23:57:00,2015-01-27 23:59:00,2015-01-09 13:39:00,2019-02-27 15:51:00.000,,,Apprv,PL,24651_2,
206317,60008222.0,ABERNA_WHITRVR1,4,15727779,SLN00008534,967499,2016-02-17 00:00:00,2016-03-16 19:00:00,,,2015-08-24 14:40:00,2019-02-27 15:51:00.000,,,Apprv,PL,ABEener,
206317,60008222.0,ABERNA_WHITRVR1,4,15727779,SLN00008534,1078673,2016-02-17 00:00:00,2016-03-16 19:00:00,,,2015-08-24 14:40:00,2019-02-27 15:51:00.000,,,RatE,PL,ABEener,
206317,60008222.0,ABERNA_WHITRVR1,4,15727779,SLN00008534,1203043,2016-02-17 00:00:00,2016-03-16 19:00:00,2016-02-17 00:00:00,,2015-08-24 14:40:00,2019-02-27 15:51:00.000,,,Apprv,PL,ABEener,
206317,60008222.0,ABERNA_WHITRVR1,4,15727779,SLN00008534,1279512,2016-02-17 00:00:00,2016-03-16 19:00:00,2016-02-17 00:00:00,2016-03-16 19:09:00,2015-08-24 14:40:00,2019-02-27 15:51:00.000,,,Apprv,PL,ABEener,
206317,60008222.0,ABERNA_WHITRVR1,14,15954139,SLN00012912,972459,2016-09-19 07:00:00,2016-09-23 17:00:00,,,2016-09-13 17:15:00,2019-02-27 15:51:00.000,,,Apprv,PL,wrvabeIN,
206317,60008222.0,ABERNA_WHITRVR1,14,15954139,SLN00012912,1105573,2016-09-19 07:00:00,2016-09-23 17:00:00,2016-09-19 07:01:00,2016-09-19 07:02:00,2016-09-13 17:15:00,2019-02-27 15:51:00.000,,,Apprv,PL,,
206317,60008222.0,ABERNA_WHITRVR1,14,15954139,SLN00012912,1392420,2016-09-19 07:00:00,2016-09-23 17:00:00,,,2016-09-13 17:15:00,2019-02-27 15:51:00.000,,,RatE,PL,wrvabeIN,
206317,,ABERNA_WHITRVR1,6,16664979,ONC00391835,3085568,2019-11-07 07:00:00,2019-11-07 18:00:00,,,2019-11-01 16:48:00,2019-11-01 22:20:23.890,,,RatE,PL,19-19218,
206317,,ABERNA_WHITRVR1,6,16664979,ONC00391835,3086879,2019-11-07 07:00:00,2019-11-07 18:00:00,,,2019-11-01 16:48:00,2019-11-01 22:20:23.890,,,Apprv,PL,19-19218,
206317,,ABERNA_WHITRVR1,6,16664979,ONC00391835,3094921,2019-11-07 07:00:00,2019-11-07 18:00:00,2019-11-07 08:06:00,,2019-11-01 16:48:00,2019-11-01 22:20:23.890,,,Apprv,PL,19-19218,
206317,,ABERNA_WHITRVR1,6,16664979,ONC00391835,3096963,2019-11-07 07:00:00,2019-11-07 23:59:00,2019-11-07 08:06:00,,2019-11-01 16:48:00,2019-11-01 22:20:23.890,,,Accpt,UE,19-19218,
206317,,ABERNA_WHITRVR1,6,16664979,ONC00391835,3097337,2019-11-07 07:00:00,2019-11-08 00:59:00,2019-11-07 08:06:00,,2019-11-01 16:48:00,2019-11-01 22:20:23.890,,,Accpt,UE,19-19218,
206317,,ABERNA_WHITRVR1,6,16664979,ONC00391835,3097359,2019-11-07 07:00:00,2019-11-08 00:59:00,2019-11-07 08:06:00,2019-11-08 01:09:00,2019-11-01 16:48:00,2019-11-01 22:20:23.890,,,Accpt,UE,19-19218,
206317,,ABERNA_WHITRVR1,5,16795027,ONC00412676,3380916,2020-04-03 05:34:00,2020-04-03 10:00:00,2020-04-03 05:34:00,,2020-04-03 05:35:00,2020-04-03 12:20:35.233,,,Accpt,FR,0403a,
206317,,ABERNA_WHITRVR1,5,16795027,ONC00412676,3381538,2020-04-03 05:34:00,2020-04-03 14:00:00,2020-04-03 05:34:00,,2020-04-03 05:35:00,2020-04-03 12:20:35.233,,,Accpt,FE,0403a,
206317,,ABERNA_WHITRVR1,5,16795027,ONC00412676,3382508,2020-04-03 05:34:00,2020-04-03 14:00:00,2020-04-03 05:34:00,2020-04-03 15:49:00,2020-04-03 05:35:00,2020-04-03 12:20:35.233,,,Accpt,FE,0403a,
206317,,ABERNA_WHITRVR1,5,16852932,ONC00422839,3723823,2021-03-01 07:00:00,2021-03-15 18:00:00,,,2020-06-19 08:58:00,2020-06-19 14:20:44.030,,,RatE,PL,21-00071,
206317,,ABERNA_WHITRVR1,5,16852932,ONC00422839,4063635,2021-03-01 07:00:00,2021-03-15 18:00:00,,,2020-06-19 08:58:00,2020-06-19 14:20:44.030,,,Apprv,PL,21-00071,
206317,,ABERNA_WHITRVR1,5,16852932,ONC00422839,4261779,2021-03-01 07:00:00,2021-03-15 18:00:00,2021-03-01 08:07:00,,2020-06-19 08:58:00,2020-06-19 14:20:44.030,,,Apprv,PL,21-00071,
206317,,ABERNA_WHITRVR1,5,16852932,ONC00422839,4468647,2021-03-01 07:00:00,2021-03-15 18:00:00,2021-03-01 08:07:00,2021-03-15 18:00:00,2020-06-19 08:58:00,2020-06-19 14:20:44.030,,,Apprv,PL,21-00071,
206317,,ABERNA_WHITRVR1,9,16992167,ONC00451498,4146485,2021-03-15 18:01:00,2022-03-14 18:00:00,,,2021-01-20 09:00:00,2021-01-20 15:06:32.930,,,RatE,PL,39632,
206317,,ABERNA_WHITRVR1,9,16992167,ONC00451498,4218949,2021-03-15 18:01:00,2022-03-14 18:00:00,,,2021-01-20 09:00:00,2021-01-20 15:06:32.930,,,Apprv,PL,39632,
206317,,ABERNA_WHITRVR1,9,16992167,ONC00451498,4468657,2021-03-15 18:01:00,2022-03-14 18:00:00,2021-03-15 18:01:00,,2021-01-20 09:00:00,2021-01-20 15:06:32.930,,,Apprv,PL,39632,
206317,,ABERNA_WHITRVR1,9,16992167,ONC00451498,5309529,2021-03-15 18:01:00,2022-03-14 18:00:00,2021-03-15 18:01:00,2022-03-14 18:00:00,2021-01-20 09:00:00,2021-01-20 15:06:32.930,,,Apprv,PL,39632,REQ: Mon Mar 14 18:00:20 CDT 2022: Actual End has been auto-populated by OS due to Nature Of Work = Retirement of Old Equipment
207211,,OLD1303_SW,5,15641631,AEP00143193,992722,2015-08-27 00:00:00,2015-08-27 10:00:00,,,2015-08-13 10:02:00,2019-02-27 15:51:00.000,,,RatE,PL,Foundatn,
207211,,OLD1303_SW,5,15641631,AEP00143193,1012395,2015-08-26 22:00:00,2015-08-27 08:00:00,,,2015-08-13 10:02:00,2019-02-27 15:51:00.000,,,RatE,PL,Foundatn,
207211,,OLD1303_SW,5,15641631,AEP00143193,1139573,2015-09-03 00:00:00,2015-09-03 10:00:00,,,2015-08-13 10:02:00,2019-02-27 15:51:00.000,,,RatE,PL,Foundatn,
207211,,OLD1303_SW,5,15641631,AEP00143193,1444085,2015-09-03 00:00:00,2015-09-03 10:00:00,,,2015-08-13 10:02:00,2019-02-27 15:51:00.000,2015-08-25,Cancel - Coordinating with ERCOT,Cancl,PL,Foundatn,
207211,,OLD1303_SW,5,15650130,AEP00143217,990126,2015-09-04 00:00:00,2015-09-04 10:00:00,,,2015-08-13 10:02:00,2019-02-27 15:51:00.000,,,RatE,PL,Foundatn,
207211,,OLD1303_SW,5,15650130,AEP00143217,1055950,2015-08-27 22:00:00,2015-08-28 08:00:00,,,2015-08-13 10:02:00,2019-02-27 15:51:00.000,,,RatE,PL,Foundatn,
207211,,OLD1303_SW,5,15650130,AEP00143217,1084320,2015-09-04 00:00:00,2015-09-04 10:00:00,,,2015-08-13 10:02:00,2019-02-27 15:51:00.000,2015-08-25,Cancel - Coordinating with ERCOT,Cancl,PL,Foundatn,
207211,,OLD1303_SW,5,15650130,AEP00143217,1418430,2015-08-28 00:00:00,2015-08-28 10:00:00,,,2015-08-13 10:02:00,2019-02-27 15:51:00.000,,,RatE,PL,Foundatn,
207211,,OLD1303_SW,5,15726345,AEP00143792,990126,2015-09-04 00:00:00,2015-09-04 10:00:00,,,2015-08-25 11:25:00,2019-02-27 15:51:00.000,,,RatE,PL,Foundatn,
207211,,OLD1303_SW,5,15726345,AEP00143792,1383028,2015-09-04 00:00:00,2015-09-04 10:00:00,,,2015-08-25 11:25:00,2019-02-27 15:51:00.000,2015-09-02,Cancel - Will not reschedule,Cancl,PL,Foundatn,
207211,,OLD1303_SW,5,15726345,AEP00143792,1452451,2015-09-04 00:00:00,2015-09-04 10:00:00,,,2015-08-25 11:25:00,2019-02-27 15:51:00.000,,,Apprv,PL,Foundatn,
207211,,OLD1303_SW,5,15729643,AEP00144937,1027202,2015-09-28 08:00:00,2015-10-02 16:00:00,,,2015-09-21 16:16:00,2019-02-27 15:51:00.000,,,Apprv,PL,Holcomb,
207211,,OLD1303_SW,5,15729643,AEP00144937,1176987,2015-09-28 09:15:00,2015-10-02 16:00:00,2015-09-28 09:19:00,2015-10-01 19:42:00,2015-09-21 16:16:00,2019-02-27 15:51:00.000,,,Apprv,PL,Holcomb,
207211,,OLD1303_SW,5,15729643,AEP00144937,1266033,2015-09-28 08:00:00,2015-10-05 07:00:00,,,2015-09-21 16:16:00,2019-02-27 15:51:00.000,,,Apprv,PL,Holcomb,
207211,,OLD1303_SW,5,15729643,AEP00144937,1476264,2015-09-28 08:00:00,2015-10-05 07:00:00,,,2015-09-21 16:16:00,2019-02-27 15:51:00.000,,,RatE,PL,Holcomb,
207211,,OLD1303_SW,5,15729643,AEP00144937,1513057,2015-09-28 09:15:00,2015-10-02 16:00:00,2015-09-28 09:19:00,,2015-09-21 16:16:00,2019-02-27 15:51:00.000,,,Apprv,PL,Holcomb,
207211,,OLD1303_SW,5,15741618,AEP00143198,1016695,2015-08-25 22:00:00,2015-08-26 08:00:00,,,2015-08-13 10:02:00,2019-02-27 15:51:00.000,,,RatE,PL,Foundatn,
207211,,OLD1303_SW,5,15741618,AEP00143198,1052655,2015-09-02 00:00:00,2015-09-02 10:00:00,,,2015-08-13 10:02:00,2019-02-27 15:51:00.000,,,RatE,PL,Foundatn,
207211,,OLD1303_SW,5,15741618,AEP00143198,1259030,2015-09-02 00:00:00,2015-09-02 10:00:00,,,2015-08-13 10:02:00,2019-02-27 15:51:00.000,2015-08-25,Cancel - Coordinating with ERCOT,Cancl,PL,Foundatn,
207211,,OLD1303_SW,5,15741618,AEP00143198,1379432,2015-08-26 00:00:00,2015-08-26 10:00:00,,,2015-08-13 10:02:00,2019-02-27 15:51:00.000,,,RatE,PL,Foundatn,
207211,,OLD1303_SW,5,15763034,AEP00143182,953559,2015-08-26 22:00:00,2015-08-27 08:00:00,,,2015-08-13 09:58:00,2019-02-27 15:51:00.000,2015-08-13,Cancel - Coordinating with ERCOT,Cancl,PL,Foundatn,
207211,,OLD1303_SW,5,15768755,AEP00143184,1511261,2015-08-27 22:00:00,2015-08-28 08:00:00,,,2015-08-13 09:58:00,2019-02-27 15:51:00.000,2015-08-13,Cancel - Coordinating with ERCOT,Cancl,PL,Foundatn,
207211,,OLD1303_SW,5,15773196,AEP00143744,1052655,2015-09-02 00:00:00,2015-09-02 10:00:00,,,2015-08-25 11:24:00,2019-02-27 15:51:00.000,,,RatE,PL,Foundatn,
207211,,OLD1303_SW,5,15773196,AEP00143744,1116583,2015-09-02 00:00:00,2015-09-02 10:00:00,2015-09-01 23:40:00,2015-09-02 10:23:00,2015-08-25 11:24:00,2019-02-27 15:51:00.000,,,Apprv,PL,Foundatn,
207211,,OLD1303_SW,5,15773196,AEP00143744,1161961,2015-09-02 00:00:00,2015-09-02 10:00:00,2015-09-01 23:40:00,,2015-08-25 11:24:00,2019-02-27 15:51:00.000,,,Apprv,PL,Foundatn,
207211,,OLD1303_SW,5,15773196,AEP00143744,1327736,2015-09-02 00:00:00,2015-09-02 10:00:00,,,2015-08-25 11:24:00,2019-02-27 15:51:00.000,,,Apprv,PL,Foundatn,
207211,,OLD1303_SW,5,15835913,AEP00140521,1003727,2015-09-14 08:00:00,2015-09-16 16:00:00,,,2015-06-25 16:05:00,2019-02-27 15:51:00.000,,,Apprv,PL,Holcomb,
207211,,OLD1303_SW,5,15835913,AEP00140521,1173561,2015-09-14 08:00:00,2015-09-16 16:00:00,,,2015-06-25 16:05:00,2019-02-27 15:51:00.000,,,RatE,PL,Holcomb,
207211,,OLD1303_SW,5,15835913,AEP00140521,1415345,2015-09-14 08:00:00,2015-09-16 16:00:00,,,2015-06-25 16:05:00,2019-02-27 15:51:00.000,2015-08-31,Cancel - Coordinating with ERCOT,Cancl,PL,Holcomb,
207211,,OLD1303_SW,5,15842842,AEP00143180,1391161,2015-08-25 22:00:00,2015-08-26 08:00:00,,,2015-08-13 09:58:00,2019-02-27 15:51:00.000,2015-08-13,Cancel - Coordinating with ERCOT,Cancl,PL,Foundatn,
207211,,OLD1303_SW,5,15904785,AEP00143190,936431,2015-08-24 22:00:00,2015-08-25 08:00:00,,,2015-08-13 10:01:00,2019-02-27 15:51:00.000,,,Study,PL,Foundatn,
207211,,OLD1303_SW,5,15904785,AEP00143190,1084948,2015-09-01 00:00:00,2015-09-01 10:00:00,,,2015-08-13 10:01:00,2019-02-27 15:51:00.000,,,RatE,PL,Foundatn,
207211,,OLD1303_SW,5,15904785,AEP00143190,1114192,2015-08-25 00:00:00,2015-08-25 10:00:00,,,2015-08-13 10:01:00,2019-02-27 15:51:00.000,,,RatE,PL,Foundatn,
207211,,OLD1303_SW,5,15904785,AEP00143190,1434664,2015-09-01 00:00:00,2015-09-01 10:00:00,,,2015-08-13 10:01:00,2019-02-27 15:51:00.000,2015-08-25,Cancel - Coordinating with ERCOT,Cancl,PL,Foundatn,
207211,,OLD1303_SW,5,15912485,AEP00143742,906362,2015-09-01 00:00:00,2015-09-01 10:00:00,2015-09-01 00:16:00,,2015-08-25 11:23:00,2019-02-27 15:51:00.000,,,Apprv,PL,Foundatn,
207211,,OLD1303_SW,5,15912485,AEP00143742,1082280,2015-09-01 00:00:00,2015-09-01 10:00:00,2015-09-01 00:16:00,2015-09-01 11:03:00,2015-08-25 11:23:00,2019-02-27 15:51:00.000,,,Apprv,PL,Foundatn,
207211,,OLD1303_SW,5,15912485,AEP00143742,1084948,2015-09-01 00:00:00,2015-09-01 10:00:00,,,2015-08-25 11:23:00,2019-02-27 15:51:00.000,,,RatE,PL,Foundatn,
207211,,OLD1303_SW,5,15912485,AEP00143742,1230355,2015-09-01 00:00:00,2015-09-01 10:00:00,,,2015-08-25 11:23:00,2019-02-27 15:51:00.000,,,Apprv,PL,Foundatn,
207211,,OLD1303_SW,5,15957425,AEP00143788,1139573,2015-09-03 00:00:00,2015-09-03 10:00:00,,,2015-08-25 11:25:00,2019-02-27 15:51:00.000,,,RatE,PL,Foundatn,
207211,,OLD1303_SW,5,15957425,AEP00143788,1198282,2015-09-03 00:00:00,2015-09-03 10:00:00,,,2015-08-25 11:25:00,2019-02-27 15:51:00.000,,,Apprv,PL,Foundatn,
207211,,OLD1303_SW,5,15957425,AEP00143788,1201081,2015-09-03 00:00:00,2015-09-03 10:00:00,,,2015-08-25 11:25:00,2019-02-27 15:51:00.000,2015-09-02,Cancel - Will not reschedule,Cancl,PL,Foundatn,
207211,,OLD1303_SW,5,15978653,AEP00140565,1013704,2015-09-28 08:00:00,2015-09-30 16:00:00,,,2015-06-25 16:17:00,2019-02-27 15:51:00.000,2015-08-31,Cancel - Coordinating with ERCOT,Cancl,PL,Holcomb,
207211,,OLD1303_SW,5,15978653,AEP00140565,1231458,2015-09-28 08:00:00,2015-09-30 16:00:00,,,2015-06-25 16:17:00,2019-02-27 15:51:00.000,,,Apprv,PL,Holcomb,
207211,,OLD1303_SW,5,15978653,AEP00140565,1347670,2015-09-28 08:00:00,2015-09-30 16:00:00,,,2015-06-25 16:17:00,2019-02-27 15:51:00.000,,,RatE,PL,Holcomb,
207211,60008398.0,700_E,4,15990209,ONC00240567,1053055,2016-05-04 00:00:00,2016-05-04 00:01:00,2016-05-04 00:00:00,,2016-02-10 13:29:00,2019-02-27 15:51:00.000,,,Apprv,PL,31996_1,
207211,60008398.0,700_E,4,15990209,ONC00240567,1276669,2016-05-04 00:00:00,2016-05-04 00:01:00,,,2016-02-10 13:29:00,2019-02-27 15:51:00.000,,,RatE,PL,31996_1,
207211,60008398.0,700_E,4,15990209,ONC00240567,1418289,2016-05-04 00:00:00,2016-05-04 00:01:00,,,2016-02-10 13:29:00,2019-02-27 15:51:00.000,,,Apprv,PL,31996_1,
207211,60008398.0,700_E,4,15990209,ONC00240567,1443600,2016-05-04 00:00:00,2016-05-04 00:01:00,2016-05-04 00:00:00,2016-05-04 00:01:00,2016-02-10 13:29:00,2019-02-27 15:51:00.000,,,Apprv,PL,31996_1,
207211,,OLD1303_SW,9,16043820,AEP00145225,1029743,2015-10-02 16:01:00,2015-11-24 23:59:00,2015-10-02 15:23:00,,2015-09-25 13:55:00,2019-02-27 15:51:00.000,,,Apprv,PL,OldEquip,
207211,,OLD1303_SW,9,16043820,AEP00145225,1120223,2015-10-02 16:01:00,2015-11-24 23:59:00,,,2015-09-25 13:55:00,2019-02-27 15:51:00.000,,,RatE,PL,OldEquip,
207211,,OLD1303_SW,9,16043820,AEP00145225,1170238,2015-10-02 16:01:00,2015-11-24 23:59:00,,,2015-09-25 13:55:00,2019-02-27 15:51:00.000,,,Apprv,PL,OldEquip,
207211,,OLD1303_SW,9,16043820,AEP00145225,1188337,2015-10-02 16:01:00,2015-11-24 23:59:00,2015-10-02 15:23:00,2015-11-24 23:59:00,2015-09-25 13:55:00,2019-02-27 15:51:00.000,,,Apprv,PL,OldEquip,
207211,,OLD1303_SW,5,16087311,AEP00143178,1250638,2015-08-24 22:00:00,2015-08-25 08:00:00,,,2015-08-13 09:58:00,2019-02-27 15:51:00.000,2015-08-13,Cancel - Coordinating with ERCOT,Cancl,PL,Foundatn,
207211,,OLD1303_SW,5,16098093,AEP00143186,1250638,2015-08-24 22:00:00,2015-08-25 08:00:00,,,2015-08-13 10:01:00,2019-02-27 15:51:00.000,2015-08-13,Cancel - Coordinating with ERCOT,Cancl,PL,Foundatn,
207211,60008398.0,700_E,14,16635140,ONC00385750,2955313,2019-09-16 07:00:00,2019-10-11 19:00:00,,,2019-09-11 09:55:00,2019-09-11 16:20:20.500,,,RatE,PL,19-16785,
207211,60008398.0,700_E,14,16635140,ONC00385750,2955530,2019-09-16 07:00:00,2019-09-24 23:59:00,,,2019-09-11 09:55:00,2019-09-11 16:20:20.500,,,RatE,PL,19-16785,
207211,60008398.0,700_E,14,16635140,ONC00385750,2958463,2019-09-16 07:00:00,2019-09-24 23:59:00,,,2019-09-11 09:55:00,2019-09-11 16:20:20.500,,,Apprv,PL,19-16785,
207211,60008398.0,700_E,14,16635140,ONC00385750,2962343,2019-09-16 07:00:00,2019-09-24 23:59:00,2019-09-16 07:07:00,,2019-09-11 09:55:00,2019-09-11 16:20:20.500,,,Apprv,PL,19-16785,
207211,60008398.0,700_E,14,16635140,ONC00385750,2977659,2019-09-16 07:00:00,2019-09-24 23:59:00,2019-09-16 07:07:00,2019-09-24 23:59:00,2019-09-11 09:55:00,2019-09-11 16:20:20.500,,,Apprv,PL,19-16785,
207211,60008398.0,700_E,14,16635256,ONC00385884,2955457,2019-09-25 00:00:00,2019-10-11 19:00:00,,,2019-09-11 12:46:00,2019-09-11 18:20:21.113,,,RatE,PL,19-16785,
207211,60008398.0,700_E,14,16635256,ONC00385884,2968741,2019-09-25 00:00:00,2019-10-11 19:00:00,,,2019-09-11 12:46:00,2019-09-11 18:20:21.113,,,Apprv,PL,19-16785,
207211,60008398.0,700_E,14,16635256,ONC00385884,2977666,2019-09-25 00:00:00,2019-10-11 19:00:00,2019-09-25 00:00:00,,2019-09-11 12:46:00,2019-09-11 18:20:21.113,,,Apprv,PL,19-16785,
207211,60008398.0,700_E,14,16635256,ONC00385884,3044555,2019-09-25 00:00:00,2019-10-14 16:00:00,2019-09-25 00:00:00,,2019-09-11 12:46:00,2019-09-11 18:20:21.113,,,Accpt,UE,19-16785,
207211,60008398.0,700_E,14,16635256,ONC00385884,3047347,2019-09-25 00:00:00,2019-10-14 16:00:00,2019-09-25 00:00:00,2019-10-14 16:00:00,2019-09-11 12:46:00,2019-09-11 18:20:21.113,,,Accpt,UE,19-16785,
207211,60008398.0,700_E,14,16652520,ONC00389328,3047338,2019-10-14 16:01:00,2019-10-18 16:00:00,2019-10-14 16:01:00,,2019-10-14 21:57:00,2019-10-15 04:20:22.187,,,Accpt,FR,19-16785,
207211,60008398.0,700_E,14,16652520,ONC00389328,3056955,2019-10-14 16:01:00,2019-10-18 18:58:00,2019-10-14 16:01:00,,2019-10-14 21:57:00,2019-10-15 04:20:22.187,,,Accpt,FE,19-16785,
207211,60008398.0,700_E,14,16652520,ONC00389328,3057079,2019-10-14 16:01:00,2019-10-18 18:58:00,2019-10-14 16:01:00,2019-10-18 17:24:00,2019-10-14 21:57:00,2019-10-15 04:20:22.187,,,Accpt,FE,,
207211,60008398.0,700_E,5,16759064,ONC00406112,3282312,2020-02-17 07:00:00,2020-02-21 18:00:00,,,2020-02-14 08:19:00,2020-02-14 15:20:36.690,,,RatE,PL,20-04788,
207211,60008398.0,700_E,5,16759064,ONC00406112,3282714,2020-02-17 07:00:00,2020-02-21 18:00:00,,,2020-02-14 08:19:00,2020-02-14 15:20:36.690,,,Apprv,PL,20-04788,
207211,60008398.0,700_E,5,16759064,ONC00406112,3285139,2020-02-17 07:00:00,2020-02-21 18:00:00,2020-02-17 08:08:00,,2020-02-14 08:19:00,2020-02-14 15:20:36.690,,,Apprv,PL,20-04788,
207211,,700_E,5,16759064,ONC00406112,3289677,2020-02-17 07:00:00,2020-02-21 18:00:00,2020-02-17 08:08:00,2020-02-19 08:13:00,2020-02-14 08:19:00,2020-02-14 15:20:36.690,,,Apprv,PL,20-04788,
207211,60008398.0,700_E,5,16759064,ONC00406112,3289677,2020-02-17 07:00:00,2020-02-21 18:00:00,2020-02-17 08:08:00,2020-02-19 08:13:00,2020-02-14 08:19:00,2020-02-14 15:20:36.690,,,Apprv,PL,20-04788,
207211,60008398.0,700_E,5,16759064,ONC00406112,3289677,2020-02-17 07:00:00,2020-02-21 18:00:00,2020-02-17 08:08:00,2020-02-19 08:13:00,2020-02-14 08:19:00,2020-02-14 15:20:36.690,,,Apprv,PL,20-04788,
207211,,700_E,5,16759064,ONC00406112,3289677,2020-02-17 07:00:00,2020-02-21 18:00:00,2020-02-17 08:08:00,2020-02-19 08:13:00,2020-02-14 08:19:00,2020-02-14 15:20:36.690,,,Apprv,PL,20-04788,
207211,60008398.0,700_E,5,16759064,ONC00406112,3289677,2020-02-17 07:00:00,2020-02-21 18:00:00,2020-02-17 08:08:00,2020-02-19 08:13:00,2020-02-14 08:19:00,2020-02-14 15:20:36.690,,,Apprv,PL,20-04788,
207211,,700_E,5,16759064,ONC00406112,3289677,2020-02-17 07:00:00,2020-02-21 18:00:00,2020-02-17 08:08:00,2020-02-19 08:13:00,2020-02-14 08:19:00,2020-02-14 15:20:36.690,,,Apprv,PL,20-04788,
207211,60008398.0,700_E,5,16759064,ONC00406112,3289677,2020-02-17 07:00:00,2020-02-21 18:00:00,2020-02-17 08:08:00,2020-02-19 08:13:00,2020-02-14 08:19:00,2020-02-14 15:20:36.690,,,Apprv,PL,20-04788,
207211,,700_E,3,16885427,ONC00430154,3796574,2020-10-26 07:00:00,2020-11-13 18:00:00,,,2020-08-04 09:07:00,2020-08-04 16:20:24.867,,,RatE,PL,20-17994,
207211,,700_E,3,16885427,ONC00430154,3891730,2020-10-26 07:00:00,2020-11-13 18:00:00,,,2020-08-04 09:07:00,2020-08-04 16:20:24.867,,,Apprv,PL,20-17994,
207211,,700_E,3,16885427,ONC00430154,3944127,2020-10-26 08:30:00,2020-11-13 18:00:00,,,2020-08-04 09:07:00,2020-08-04 16:20:24.867,,,Apprv,PL,20-17994,
207211,,700_E,3,16885427,ONC00430154,3959509,2020-10-26 08:30:00,2020-11-13 18:00:00,2020-10-26 10:13:00,,2020-08-04 09:07:00,2020-08-04 16:20:24.867,,,Apprv,PL,20-17994,
207211,,700_E,3,16885427,ONC00430154,4003859,2020-10-26 08:30:00,2020-11-13 18:00:00,2020-10-26 10:13:00,2020-11-13 18:00:00,2020-08-04 09:07:00,2020-08-04 16:20:24.867,,,Apprv,PL,20-17994,
207211,,700_E,5,16896797,ONC00432919,3827693,2020-08-27 07:00:00,2020-08-29 18:00:00,,,2020-08-24 09:53:00,2020-08-24 16:20:35.787,,,Apprv,PL,20-19531,
207211,,700_E,5,16896797,ONC00432919,3827758,2020-08-27 07:00:00,2020-08-29 18:00:00,,,2020-08-24 09:53:00,2020-08-24 16:20:35.787,,,RatE,PL,20-19531,
207211,,700_E,5,16896797,ONC00432919,3835600,2020-08-27 07:00:00,2020-08-29 18:00:00,2020-08-27 07:00:00,,2020-08-24 09:53:00,2020-08-24 16:20:35.787,,,Apprv,PL,20-19531,
207211,,700_E,5,16896797,ONC00432919,3840186,2020-08-27 07:00:00,2020-08-29 18:00:00,2020-08-27 07:00:00,2020-08-29 18:00:00,2020-08-24 09:53:00,2020-08-24 16:20:35.787,,,Apprv,PL,20-19531,
207211,,700_E,3,16949223,ONC00443243,3994920,2020-11-13 18:01:00,2020-12-02 11:59:00,,,2020-11-10 10:25:00,2020-11-10 17:20:25.730,,,RatE,PL,20-25049,
207211,,700_E,3,16949223,ONC00443243,3997159,2020-11-13 18:01:00,2020-12-02 11:59:00,,,2020-11-10 10:25:00,2020-11-10 17:20:25.730,,,Study,PL,20-25049,
207211,,700_E,3,16949223,ONC00443243,3997607,2020-11-13 18:01:00,2020-12-02 11:59:00,,,2020-11-10 10:25:00,2020-11-10 17:20:25.730,,,Apprv,PL,20-25049,
207211,,700_E,3,16949223,ONC00443243,4003883,2020-11-13 18:01:00,2020-12-02 11:59:00,2020-11-13 18:01:00,,2020-11-10 10:25:00,2020-11-10 17:20:25.730,,,Apprv,PL,20-25049,
207211,,700_E,3,16949223,ONC00443243,4020666,2020-11-13 18:01:00,2020-12-02 08:59:00,2020-11-13 18:01:00,,2020-11-10 10:25:00,2020-11-10 17:20:25.730,,,Apprv,PL,20-25049,
207211,,700_E,3,16949223,ONC00443243,4039976,2020-11-13 18:01:00,2020-12-02 08:59:00,2020-11-13 18:01:00,2020-12-02 09:00:00,2020-11-10 10:25:00,2020-11-10 17:20:25.730,,,Apprv,PL,20-25049,
317479,60008909.0,6520_G,4,15729044,ONC00286935,911597,2017-05-03 00:00:00,2017-05-03 00:01:00,2017-05-03 00:00:00,2017-05-03 00:01:00,2017-05-02 09:32:00,2019-02-27 15:51:00.000,,,Apprv,M2,37926_1,
317479,60008909.0,6520_G,4,15729044,ONC00286935,1226131,2017-05-03 00:00:00,2017-05-03 00:01:00,,,2017-05-02 09:32:00,2019-02-27 15:51:00.000,,,RatE,M2,37926_1,
317479,60008909.0,6520_G,4,15729044,ONC00286935,1265800,2017-05-03 00:00:00,2017-05-03 00:01:00,2017-05-03 00:00:00,,2017-05-02 09:32:00,2019-02-27 15:51:00.000,,,Apprv,M2,37926_1,
317479,,PS0,9,15859897,AEP00167692,1017650,2017-02-02 08:00:00,2017-02-24 17:00:00,2017-02-02 07:30:00,2017-02-24 17:00:00,2017-01-30 11:23:00,2019-02-27 15:51:00.000,,,Apprv,PL,OldEquip,
317479,,PS0,9,15859897,AEP00167692,1196148,2017-02-02 08:00:00,2017-02-24 17:00:00,,,2017-01-30 11:23:00,2019-02-27 15:51:00.000,,,Apprv,PL,OldEquip,
317479,,PS0,9,15859897,AEP00167692,1238121,2017-02-02 08:00:00,2017-02-24 17:00:00,2017-02-02 07:30:00,,2017-01-30 11:23:00,2019-02-27 15:51:00.000,,,Apprv,PL,OldEquip,
317479,,PS0,9,15859897,AEP00167692,1511174,2017-02-02 08:00:00,2017-02-24 17:00:00,,,2017-01-30 11:23:00,2019-02-27 15:51:00.000,,,RatE,PL,OldEquip,
317479,,PS0,9,15961247,AEP00169152,1008265,2017-02-28 08:18:00,2017-03-28 23:59:00,2017-02-28 08:18:00,,2017-02-28 08:18:00,2019-02-27 15:51:00.000,,,Accpt,FR,OldEquip,
317479,,PS0,9,15961247,AEP00169152,1440696,2017-02-28 08:18:00,2017-04-28 17:00:00,2017-02-28 08:18:00,,2017-02-28 08:18:00,2019-02-27 15:51:00.000,,,Accpt,FR,OldEquip,
317479,,PS0,9,15961247,AEP00169152,1527333,2017-02-28 08:18:00,2017-03-28 23:59:00,2017-02-28 08:18:00,2017-03-28 23:59:00,2017-02-28 08:18:00,2019-02-27 15:51:00.000,,,Accpt,FR,OldEquip,
317479,,PS0,4,15984622,AEP00158992,949347,2016-10-05 00:00:00,2017-01-31 17:00:00,2016-10-05 00:00:00,,2016-07-22 14:20:00,2019-02-27 15:51:00.000,,,Accpt,UE,,
317479,,PS0,4,15984622,AEP00158992,971810,2016-10-05 00:00:00,2017-03-24 17:00:00,2016-10-05 00:00:00,,2016-07-22 14:20:00,2019-02-27 15:51:00.000,,,Accpt,UE,NewEquip,
317479,,PS0,4,15984622,AEP00158992,1142611,2016-10-05 00:00:00,2017-01-30 17:00:00,,,2016-07-22 14:20:00,2019-02-27 15:51:00.000,,,RatE,PL,NewEquip,
317479,,PS0,4,15984622,AEP00158992,1266235,2016-10-05 00:00:00,2017-02-01 17:00:00,2016-10-05 00:00:00,,2016-07-22 14:20:00,2019-02-27 15:51:00.000,,,Accpt,UE,,
317479,,PS0,4,15984622,AEP00158992,1303380,2016-10-05 00:00:00,2017-02-02 07:59:00,2016-10-05 00:00:00,,2016-07-22 14:20:00,2019-02-27 15:51:00.000,,,Accpt,UE,,
317479,,PS0,4,15984622,AEP00158992,1370285,2016-10-05 00:00:00,2017-02-02 07:59:00,2016-10-05 00:00:00,2017-02-02 07:31:00,2016-07-22 14:20:00,2019-02-27 15:51:00.000,,,Accpt,UE,,
317479,,PS0,4,15984622,AEP00158992,1377223,2016-10-05 00:00:00,2017-01-30 17:00:00,,,2016-07-22 14:20:00,2019-02-27 15:51:00.000,,,Apprv,PL,NewEquip,
317479,,PS0,4,15984622,AEP00158992,1430880,2016-10-05 00:00:00,2017-01-30 17:00:00,2016-10-05 00:00:00,,2016-07-22 14:20:00,2019-02-27 15:51:00.000,,,Apprv,PL,NewEquip,
317479,,PS0,4,15984622,AEP00158992,1491230,2016-10-05 00:00:00,2017-03-11 17:00:00,2016-10-05 00:00:00,,2016-07-22 14:20:00,2019-02-27 15:51:00.000,,,Accpt,UE,NewEquip,
317479,60008909.0,6520_G,5,16384125,ONC00365799,1597768,2019-03-30 07:00:00,2019-04-04 19:00:00,2019-03-30 07:08:00,2019-04-02 18:10:00,2019-03-19 14:58:00,2019-02-27 15:51:00.000,,,Apprv,PL,19-05173,
317479,60008909.0,6520_G,5,16384125,ONC00365799,1598020,2019-03-30 07:00:00,2019-04-04 19:00:00,2019-03-30 07:08:00,,2019-03-19 14:58:00,2019-02-27 15:51:00.000,,,Apprv,PL,19-05173,
317479,60008909.0,6520_G,5,16384125,ONC00365799,1598416,2019-03-30 07:00:00,2019-04-05 19:00:00,2019-03-30 07:08:00,,2019-03-19 14:58:00,2019-02-27 15:51:00.000,,,Apprv,PL,19-05173,
317479,60008909.0,6520_G,5,16384125,ONC00365799,1606712,2019-03-30 07:00:00,2019-04-05 19:00:00,,,2019-03-19 14:58:00,2019-02-27 15:51:00.000,,,Apprv,PL,19-05173,
317479,60008909.0,6520_G,5,16384125,ONC00365799,1620022,2019-03-30 07:00:00,2019-04-05 19:00:00,,,2019-03-19 14:58:00,2019-02-27 15:51:00.000,,,RatE,PL,19-05173,
317479,60008909.0,6520_G,14,16644647,ONC00387487,3021339,2019-10-03 08:00:00,2019-10-08 18:00:00,,,2019-09-30 10:15:00,2019-09-30 16:20:40.750,,,RatE,PL,19-17684,
317479,60008909.0,6520_G,14,16644647,ONC00387487,3021633,2019-10-03 08:00:00,2019-10-08 18:00:00,,,2019-09-30 10:15:00,2019-09-30 16:20:40.750,2019-09-30,Cancel - Coordinating with ERCOT,Cancl,PL,19-17684,
317479,60008909.0,6520_G,14,16647548,ONC00388167,3029577,2019-10-08 07:00:00,2019-10-08 20:00:00,,,2019-10-03 14:02:00,2019-10-03 20:20:26.257,,,Study,PL,19-17974,
317479,60008909.0,6520_G,14,16647548,ONC00388167,3029957,2019-10-08 07:00:00,2019-10-08 20:00:00,,,2019-10-03 14:02:00,2019-10-03 20:20:26.257,,,Apprv,PL,19-17974,
317479,60008909.0,6520_G,14,16647548,ONC00388167,3031727,2019-10-08 07:00:00,2019-10-08 20:00:00,,,2019-10-03 14:02:00,2019-10-03 20:20:26.257,,,Withd,PL,19-17974,
317479,60008909.0,6520_G,14,16647571,ONC00388175,3029606,2019-10-09 07:00:00,2019-10-09 18:00:00,,,2019-10-03 14:03:00,2019-10-03 20:20:26.257,,,RatE,PL,19-17975,
317479,60008909.0,6520_G,14,16647571,ONC00388175,3030918,2019-10-09 07:00:00,2019-10-09 18:00:00,,,2019-10-03 14:03:00,2019-10-03 20:20:26.257,,,Rejct,PL,19-17975,
317479,60008909.0,6520_G,14,16655665,ONC00389918,3056624,2019-10-24 09:00:00,2019-10-24 17:00:00,,,2019-10-18 14:38:00,2019-10-18 20:20:22.713,,,RatE,PL,19-19422,
317479,60008909.0,6520_G,14,16655665,ONC00389918,3056939,2019-10-24 09:00:00,2019-10-24 17:00:00,,,2019-10-18 14:38:00,2019-10-18 20:20:22.713,,,Apprv,PL,19-19422,
317479,60008909.0,6520_G,14,16655665,ONC00389918,3066778,2019-10-24 12:00:00,2019-10-24 17:00:00,,,2019-10-18 14:38:00,2019-10-18 20:20:22.713,,,Apprv,PL,19-19422,
317479,60008909.0,6520_G,14,16655665,ONC00389918,3067836,2019-10-24 12:00:00,2019-10-24 17:00:00,,,2019-10-18 14:38:00,2019-10-18 20:20:22.713,2019-10-24,Cancel - Reschedule date unknown,Cancl,PL,19-19422,
317479,60008909.0,6520_G,14,16675684,ONC00395012,3117803,2019-11-24 07:00:00,2019-11-24 18:00:00,,,2019-11-19 13:33:00,2019-11-19 21:20:29.343,,,RatE,PL,19-21664,
317479,60008909.0,6520_G,14,16675684,ONC00395012,3118084,2019-11-24 07:00:00,2019-11-24 18:00:00,,,2019-11-19 13:33:00,2019-11-19 21:20:29.343,,,Apprv,PL,19-21664,
317479,60008909.0,6520_G,14,16675684,ONC00395012,3121250,2019-11-24 08:30:00,2019-11-24 16:30:00,,,2019-11-19 13:33:00,2019-11-19 21:20:29.343,,,Apprv,PL,19-21664,
317479,60008909.0,6520_G,14,16675684,ONC00395012,3125765,2019-11-24 08:30:00,2019-11-24 16:30:00,2019-11-24 08:25:00,,2019-11-19 13:33:00,2019-11-19 21:20:29.343,,,Apprv,PL,19-21664,
317479,60008909.0,6520_G,14,16675684,ONC00395012,3125817,2019-11-24 08:30:00,2019-11-24 16:30:00,2019-11-24 08:25:00,2019-11-24 12:30:00,2019-11-19 13:33:00,2019-11-19 21:20:29.343,,,Apprv,PL,19-21664,
317479,60008909.0,6520_G,14,16675733,ONC00395008,3117804,2019-11-23 07:00:00,2019-11-23 18:00:00,,,2019-11-19 13:31:00,2019-11-19 21:20:29.343,,,Apprv,PL,19-21663,
317479,60008909.0,6520_G,14,16675733,ONC00395008,3121317,2019-11-23 08:30:00,2019-11-23 16:30:00,,,2019-11-19 13:31:00,2019-11-19 21:20:29.343,,,Apprv,PL,19-21663,
317479,60008909.0,6520_G,14,16675733,ONC00395008,3125367,2019-11-23 08:30:00,2019-11-23 16:30:00,2019-11-23 08:34:00,,2019-11-19 13:31:00,2019-11-19 21:20:29.343,,,Apprv,PL,19-21663,
317479,60008909.0,6520_G,14,16675733,ONC00395008,3125519,2019-11-23 08:30:00,2019-11-23 16:30:00,2019-11-23 08:34:00,2019-11-23 14:06:00,2019-11-19 13:31:00,2019-11-19 21:20:29.343,,,Apprv,PL,19-21663,
317479,60008909.0,6520_G,14,18204717,ONC00622217,7242727,2024-08-06 07:00:00,2024-08-06 13:00:00,,,2024-06-24 13:56:00,2024-06-24 19:22:35.920,,,RatE,PL,24-14847,REQ: request to have line section out from Monahan's Tap 2 to Wolf switching station for line Maintenance.
317479,60008909.0,6520_G,14,18204717,ONC00622217,7330123,2024-08-06 07:00:00,2024-08-06 13:00:00,,,2024-06-24 13:56:00,2024-06-24 19:22:35.920,,,Apprv,PL,24-14847,REQ: request to have line section out from Monahan's Tap 2 to Wolf switching station for line Maintenance.
317479,60008909.0,6520_G,14,18204717,ONC00622217,7346271,2024-08-06 07:00:00,2024-08-06 13:00:00,2024-08-06 06:57:00,,2024-06-24 13:56:00,2024-06-24 19:22:35.920,,,Apprv,PL,24-14847,REQ: request to have line section out from Monahan's Tap 2 to Wolf switching station for line Maintenance.
317479,60008909.0,6520_G,14,18204717,ONC00622217,7347292,2024-08-06 07:00:00,2024-08-06 13:00:00,2024-08-06 06:57:00,2024-08-06 10:17:00,2024-06-24 13:56:00,2024-06-24 19:22:35.920,,,Apprv,PL,24-14847,"SUP: d
REQ: request to have line section out from Monahan's Tap 2 to Wolf switching station for line Maintenance."
317479,60008909.0,6520_G,14,18398678,ONC00664285,7838139,2025-03-19 07:30:00,2025-03-21 16:00:00,,,2025-03-10 13:59:00,2025-03-10 19:22:58.760,,,RatE,PL,25-07138,"REQ: Line Maint., replace poles  Line Maint., replace insulators  Line Maint., replace arms  Contractors will be replacing one pole and crossarm and insulators on Str. 3/1 and 3/3 on the line section."
317479,60008909.0,6520_G,14,18398678,ONC00664285,7842474,2025-03-19 07:30:00,2025-03-21 16:00:00,,,2025-03-10 13:59:00,2025-03-10 19:22:58.760,,,Apprv,PL,25-07138,"REQ: Line Maint., replace poles  Line Maint., replace insulators  Line Maint., replace arms  Contractors will be replacing one pole and crossarm and insulators on Str. 3/1 and 3/3 on the line section."
317479,60008909.0,6520_G,14,18398678,ONC00664285,7872027,2025-03-19 07:30:00,2025-03-21 16:00:00,,,2025-03-10 13:59:00,2025-03-10 19:22:58.760,2025-03-19,Cancel - Reschedule date unknown,Cancl,PL,25-07138,"REQ: Line Maint., replace poles  Line Maint., replace insulators  Line Maint., replace arms  Contractors will be replacing one pole and crossarm and insulators on Str. 3/1 and 3/3 on the line section."
317479,60008909.0,6520_G,14,18398678,ONC00664285,7872027,2025-03-19 07:30:00,2025-03-21 16:00:00,,,2025-03-10 13:59:00,2025-03-10 19:22:58.760,2025-03-19,Cancel - Reschedule date unknown,Cancl,PL,25-07138,"REQ: Line Maint., replace poles  Line Maint., replace insulators  Line Maint., replace arms  Contractors will be replacing one pole and crossarm and insulators on Str. 3/1 and 3/3 on the line section."
317479,60008909.0,6520_G,7,18442706,ONC00673538,8012158,2025-05-07 08:00:00,2025-05-10 23:55:00,,,2025-05-06 08:37:00,2025-05-06 14:20:45.607,,,RatE,M1,25-12156,REQ: Forced Outage due to replacement of temporary fix at Monahans Tap 2 with a permanent one. Jumpers were previously repaired due to an outage. Load at Monahans will need to be transferred from transformer 2 to transformer 1. Load will be transferred through the distribution bus tie.
317479,60008909.0,6520_G,7,18442706,ONC00673538,8014927,2025-05-07 08:00:00,2025-05-10 23:55:00,,,2025-05-06 08:37:00,2025-05-06 14:20:45.607,,,Apprv,M1,25-12156,REQ: Forced Outage due to replacement of temporary fix at Monahans Tap 2 with a permanent one. Jumpers were previously repaired due to an outage. Load at Monahans will need to be transferred from transformer 2 to transformer 1. Load will be transferred through the distribution bus tie.
317479,60008909.0,6520_G,7,18442706,ONC00673538,8015574,2025-05-07 08:00:00,2025-05-10 23:55:00,2025-05-07 07:36:00,,2025-05-06 08:37:00,2025-05-06 14:20:45.607,,,Apprv,M1,25-12156,REQ: Forced Outage due to replacement of temporary fix at Monahans Tap 2 with a permanent one. Jumpers were previously repaired due to an outage. Load at Monahans will need to be transferred from transformer 2 to transformer 1. Load will be transferred through the distribution bus tie.
317479,60008909.0,6520_G,7,18442706,ONC00673538,8018239,2025-05-07 08:00:00,2025-05-10 23:55:00,2025-05-07 07:36:00,2025-05-07 17:11:00,2025-05-06 08:37:00,2025-05-06 14:20:45.607,,,Apprv,M1,25-12156,"SUP: .
REQ: Forced Outage due to replacement of temporary fix at Monahans Tap 2 with a permanent one. Jumpers were previously repaired due to an outage. Load at Monahans will need to be transferred from transformer 2 to transformer 1. Load will be transferred through the distribution bus tie."
317479,60008909.0,6520_G,14,18498564,ONC00684959,8197254,2025-08-04 07:00:00,2025-08-04 18:00:00,,,2025-07-23 10:39:00,2025-07-23 16:21:06.967,,,RatE,PL,25-17425,"REQ: Line Maint., replace insulators  Line Maint., replace arms  Line Maint., replace poles  Contractors will be replacing one pole, one crossarm and insulators on Str. 3/1 and 3/3 on the line section."
317479,60008909.0,6520_G,14,18498564,ONC00684959,8202324,2025-08-04 07:00:00,2025-08-04 18:00:00,,,2025-07-23 10:39:00,2025-07-23 16:21:06.967,,,Apprv,PL,25-17425,"REQ: Line Maint., replace insulators  Line Maint., replace arms  Line Maint., replace poles  Contractors will be replacing one pole, one crossarm and insulators on Str. 3/1 and 3/3 on the line section."
317479,60008909.0,6520_G,14,18498564,ONC00684959,8223143,2025-08-04 07:00:00,2025-08-04 18:00:00,2025-08-04 06:47:00,,2025-07-23 10:39:00,2025-07-23 16:21:06.967,,,Apprv,PL,25-17425,"REQ: Line Maint., replace insulators  Line Maint., replace arms  Line Maint., replace poles  Contractors will be replacing one pole, one crossarm and insulators on Str. 3/1 and 3/3 on the line section."
317479,60008909.0,6520_G,14,18498564,ONC00684959,8225527,2025-08-04 07:00:00,2025-08-04 20:40:00,2025-08-04 06:47:00,,2025-07-23 10:39:00,2025-07-23 16:21:06.967,,,Accpt,UE,25-17425,"REQ: Line Maint., replace insulators  Line Maint., replace arms  Line Maint., replace poles  Contractors will be replacing one pole, one crossarm and insulators on Str. 3/1 and 3/3 on the line section."
317479,60008909.0,6520_G,14,18498564,ONC00684959,8225703,2025-08-04 07:00:00,2025-08-04 21:40:00,2025-08-04 06:47:00,,2025-07-23 10:39:00,2025-07-23 16:21:06.967,,,Accpt,UE,25-17425,"REQ: Line Maint., replace insulators  Line Maint., replace arms  Line Maint., replace poles  Contractors will be replacing one pole, one crossarm and insulators on Str. 3/1 and 3/3 on the line section."
317479,60008909.0,6520_G,14,18498564,ONC00684959,8225734,2025-08-04 07:00:00,2025-08-04 21:40:00,2025-08-04 06:47:00,2025-08-04 21:12:00,2025-07-23 10:39:00,2025-07-23 16:21:06.967,,,Accpt,UE,25-17425,"SUP: .
REQ: Line Maint., replace insulators  Line Maint., replace arms  Line Maint., replace poles  Contractors will be replacing one pole, one crossarm and insulators on Str. 3/1 and 3/3 on the line section."
317479,60008909.0,6520_G,3,18567088,ONC00701986,8442652,2025-10-29 07:00:00,2025-11-01 06:59:00,,,2025-10-21 07:14:00,2025-10-21 13:20:52.807,,,RatE,PL,25-24375,REQ: Need outage in order to Cut in the Odessa to Wolf line into the new Reiter Switch.  WLFSW BKR 14240 and disconnects associated with Group 25-22717
317479,60008909.0,6520_G,3,18567088,ONC00701986,8454135,2025-10-29 07:00:00,2025-11-01 06:59:00,,,2025-10-21 07:14:00,2025-10-21 13:20:52.807,2025-10-23,Cancel - Reschedule date unknown,Cancl,PL,25-24375,REQ: Need outage in order to Cut in the Odessa to Wolf line into the new Reiter Switch.  WLFSW BKR 14240 and disconnects associated with Group 25-22717
317479,60008909.0,6520_G,6,18571138,ONC00702815,8455141,2025-11-05 18:01:00,2025-11-08 18:00:00,,,2025-10-23 13:31:00,2025-10-23 19:21:12.063,,,RatE,PL,25-24864,REQ: P and C request Outage in order to adjust settings for Cut in the Odessa to Wolf line into the new Reiter Switch. BKR 14240 and disconnects associated with group 25-18614. Relay work on equipment out of service.
317479,60008909.0,6520_G,6,18571138,ONC00702815,8477158,2025-11-05 18:01:00,2025-11-08 18:00:00,,,2025-10-23 13:31:00,2025-10-23 19:21:12.063,,,Apprv,PL,25-24864,REQ: P and C request Outage in order to adjust settings for Cut in the Odessa to Wolf line into the new Reiter Switch. BKR 14240 and disconnects associated with group 25-18614. Relay work on equipment out of service.
317479,60008909.0,6520_G,6,18571138,ONC00702815,8503903,2025-11-05 21:59:00,2025-11-08 18:00:00,,,2025-10-23 13:31:00,2025-10-23 19:21:12.063,,,Apprv,PL,25-24864,REQ: P and C request Outage in order to adjust settings for Cut in the Odessa to Wolf line into the new Reiter Switch. BKR 14240 and disconnects associated with group 25-18614. Relay work on equipment out of service.
317479,60008909.0,6520_G,6,18571138,ONC00702815,8504103,2025-11-05 21:59:00,2025-11-08 18:00:00,2025-11-05 22:50:00,,2025-10-23 13:31:00,2025-10-23 19:21:12.063,,,Apprv,PL,25-24864,REQ: P and C request Outage in order to adjust settings for Cut in the Odessa to Wolf line into the new Reiter Switch. BKR 14240 and disconnects associated with group 25-18614. Relay work on equipment out of service.
317479,60008909.0,6520_G,6,18571138,ONC00702815,8512136,2025-11-05 21:59:00,2025-11-08 18:00:00,2025-11-05 22:50:00,2025-11-08 15:06:00,2025-10-23 13:31:00,2025-10-23 19:21:12.063,,,Apprv,PL,25-24864,REQ: P and C request Outage in order to adjust settings for Cut in the Odessa to Wolf line into the new Reiter Switch. BKR 14240 and disconnects associated with group 25-18614. Relay work on equipment out of service.
654439,,1760_A,9,17931107,ONC00571041,6382977,2023-10-04 00:00:00,2023-10-11 18:00:00,,,2023-06-12 11:08:00,2023-06-12 17:21:50.773,,,RatE,PL,47717,
654439,,1760_A,9,17931107,ONC00571041,6431884,2023-10-04 00:00:00,2023-10-11 18:00:00,,,2023-06-12 11:08:00,2023-06-12 17:21:50.773,,,Apprv,PL,47717,
654439,,1760_A,9,17931107,ONC00571041,6615140,2023-10-04 00:00:00,2023-10-11 18:00:00,2023-10-04 00:00:00,,2023-06-12 11:08:00,2023-06-12 17:21:50.773,,,Apprv,PL,47717,
654439,,1760_A,9,17931107,ONC00571041,6623079,2023-10-04 00:00:00,2023-10-11 18:00:00,2023-10-04 00:00:00,2023-10-06 13:00:00,2023-06-12 11:08:00,2023-06-12 17:21:50.773,,,Apprv,PL,47717,
654439,,1760_A,4,18008915,ONC00585083,6623041,2023-10-06 13:03:00,2023-10-08 18:00:00,2023-10-06 13:03:00,2023-10-06 13:47:00,2023-10-06 13:04:00,2023-10-06 19:21:42.387,,,Accpt,FR,47717,SUP: .
654439,,1760_A,21,18008916,ONC00585084,6623042,2023-10-11 18:01:00,2023-10-15 18:00:00,,,2023-10-06 13:19:00,2023-10-06 19:21:42.387,,,RatE,PL,23-20137,REQ: Outage requested for replacement of damaged structure on this line segment. Grounds will be installed at POW.
654439,,1760_A,21,18008916,ONC00585084,6624630,2023-10-11 18:01:00,2023-10-15 18:00:00,,,2023-10-06 13:19:00,2023-10-06 19:21:42.387,,,Apprv,PL,23-20137,REQ: Outage requested for replacement of damaged structure on this line segment. Grounds will be installed at POW.
654439,,1760_A,21,18008916,ONC00585084,6635038,2023-10-11 18:01:00,2023-10-15 18:00:00,2023-10-11 18:01:00,,2023-10-06 13:19:00,2023-10-06 19:21:42.387,,,Apprv,PL,23-20137,REQ: Outage requested for replacement of damaged structure on this line segment. Grounds will be installed at POW.
654439,,1760_A,21,18008916,ONC00585084,6641746,2023-10-11 18:01:00,2023-10-17 18:00:00,2023-10-11 18:01:00,,2023-10-06 13:19:00,2023-10-06 19:21:42.387,,,Accpt,UE,23-20137,REQ: Outage requested for replacement of damaged structure on this line segment. Grounds will be installed at POW.
654439,,1760_A,21,18008916,ONC00585084,6648390,2023-10-11 18:01:00,2023-10-17 18:00:00,2023-10-11 18:01:00,2023-10-17 13:00:00,2023-10-06 13:19:00,2023-10-06 19:21:42.387,,,Accpt,UE,23-20137,"SUP: .
REQ: Outage requested for replacement of damaged structure on this line segment. Grounds will be installed at POW."
654439,,1760_A,21,18008916,ONC00585084,6648390,2023-10-11 18:01:00,2023-10-17 18:00:00,2023-10-11 18:01:00,2023-10-17 13:00:00,2023-10-06 13:19:00,2023-10-06 19:21:42.387,,,Accpt,UE,23-20137,REQ: Outage requested for replacement of damaged structure on this line segment. Grounds will be installed at POW.
654439,,1760_A,9,18008932,ONC00585102,6623062,2023-10-06 13:01:00,2023-10-11 18:00:00,2023-10-06 13:01:00,2023-10-06 13:02:00,2023-10-06 13:02:00,2023-10-06 19:21:42.387,,,Accpt,FR,47717,SUP: will resubmit
654439,,1760_A,5,18225536,ONC00625579,7305095,2024-10-28 10:00:00,2024-11-14 18:00:00,,,2024-07-18 08:22:00,2024-07-18 14:22:14.973,,,RatE,PL,24-15226,REQ: Construction: Grounds will be installed at the place of work.  Outage requested so we can remove the old Brushy Creek Sw - Elgin Sw Line conductor and structures adjacent to this line.
654439,,1760_A,5,18225536,ONC00625579,7358947,2024-10-28 10:00:00,2024-11-14 18:00:00,,,2024-07-18 08:22:00,2024-07-18 14:22:14.973,,,Apprv,PL,24-15226,REQ: Construction: Grounds will be installed at the place of work.  Outage requested so we can remove the old Brushy Creek Sw - Elgin Sw Line conductor and structures adjacent to this line.
654439,,1760_A,5,18225536,ONC00625579,7541132,2024-10-28 13:00:00,2024-11-14 18:00:00,2024-10-28 12:52:00,,2024-07-18 08:22:00,2024-07-18 14:22:14.973,,,Apprv,PL,24-15226,REQ: Construction: Grounds will be installed at the place of work.  Outage requested so we can remove the old Brushy Creek Sw - Elgin Sw Line conductor and structures adjacent to this line.
654439,,1760_A,5,18225536,ONC00625579,7551709,2024-10-28 13:00:00,2024-11-14 18:00:00,2024-10-28 12:52:00,2024-10-31 17:45:00,2024-07-18 08:22:00,2024-07-18 14:22:14.973,,,Apprv,PL,24-15226,REQ: Construction: Grounds will be installed at the place of work.  Outage requested so we can remove the old Brushy Creek Sw - Elgin Sw Line conductor and structures adjacent to this line.
654439,,1760_A,14,18345002,ONC00651584,7686510,2025-01-22 07:00:00,2025-01-26 18:00:00,,,2025-01-07 15:46:00,2025-01-07 22:22:54.383,,,RatE,PL,25-01639,REQ: Construction-install Wind Dampers on line
654439,,1760_A,14,18345002,ONC00651584,7699761,2025-01-22 07:00:00,2025-01-26 18:00:00,,,2025-01-07 15:46:00,2025-01-07 22:22:54.383,,,Apprv,PL,25-01639,REQ: Construction-install Wind Dampers on line
654439,,1760_A,14,18345002,ONC00651584,7716108,2025-01-23 07:00:00,2025-01-26 18:00:00,,,2025-01-07 15:46:00,2025-01-07 22:22:54.383,,,Apprv,PL,25-01639,REQ: Construction-install Wind Dampers on line
654439,,1760_A,14,18345002,ONC00651584,7718074,2025-01-23 07:00:00,2025-01-26 18:00:00,2025-01-23 07:07:00,,2025-01-07 15:46:00,2025-01-07 22:22:54.383,,,Apprv,PL,25-01639,REQ: Construction-install Wind Dampers on line
654439,,1760_A,14,18345002,ONC00651584,7728096,2025-01-23 07:00:00,2025-01-29 18:00:00,2025-01-23 07:07:00,,2025-01-07 15:46:00,2025-01-07 22:22:54.383,,,Accpt,UE,25-01639,REQ: Construction-install Wind Dampers on line
654439,,1760_A,14,18345002,ONC00651584,7737192,2025-01-23 07:00:00,2025-01-29 18:00:00,2025-01-23 07:07:00,2025-01-29 13:42:00,2025-01-07 15:46:00,2025-01-07 22:22:54.383,,,Accpt,UE,25-01639,"SUP: .
REQ: Construction-install Wind Dampers on line"
654439,,1760_A,14,18351517,ONC00653231,7703553,2025-01-26 18:01:00,2025-01-29 18:00:00,,,2025-01-15 14:32:00,2025-01-15 21:23:48.257,,,RatE,PL,25-02450,REQ: Construction-install Wind Dampers on line
654439,,1760_A,14,18351517,ONC00653231,7707949,2025-01-26 18:01:00,2025-01-29 18:00:00,,,2025-01-15 14:32:00,2025-01-15 21:23:48.257,,,Apprv,PL,25-02450,REQ: Construction-install Wind Dampers on line
654439,,1760_A,14,18351517,ONC00653231,7728094,2025-01-26 18:01:00,2025-01-29 18:00:00,,,2025-01-15 14:32:00,2025-01-15 21:23:48.257,2025-01-26,Cancel - Coordinating with ERCOT,Cancl,PL,25-02450,REQ: Construction-install Wind Dampers on line
654439,,1760_A,7,18549437,ONC00696988,8375249,2025-09-30 06:00:00,2025-09-30 15:30:00,,,2025-09-29 15:14:00,2025-09-29 21:20:52.827,,,RatE,M1,25-22551,REQ: Forced Outage due to finding of OPGW clamps failed and needing to repair. Contract crews contacted and material being gathered. Grounds to be located at the place of work.
654439,,1760_A,7,18549437,ONC00696988,8375685,2025-09-30 06:00:00,2025-09-30 15:30:00,,,2025-09-29 15:14:00,2025-09-29 21:20:52.827,,,Apprv,M1,25-22551,REQ: Forced Outage due to finding of OPGW clamps failed and needing to repair. Contract crews contacted and material being gathered. Grounds to be located at the place of work.
654439,,1760_A,7,18549437,ONC00696988,8376373,2025-09-30 06:00:00,2025-09-30 15:30:00,2025-09-30 05:46:00,,2025-09-29 15:14:00,2025-09-29 21:20:52.827,,,Apprv,M1,25-22551,REQ: Forced Outage due to finding of OPGW clamps failed and needing to repair. Contract crews contacted and material being gathered. Grounds to be located at the place of work.
654439,,1760_A,7,18549437,ONC00696988,8379954,2025-09-30 06:00:00,2025-09-30 15:30:00,2025-09-30 05:46:00,2025-09-30 15:06:00,2025-09-29 15:14:00,2025-09-29 21:20:52.827,,,Apprv,M1,25-22551,"SUP: .
REQ: Forced Outage due to finding of OPGW clamps failed and needing to repair. Contract crews contacted and material being gathered. Grounds to be located at the place of work."
834910,,6555_Z,4,18550331,ONC00697254,8377911,2025-12-03 00:00:00,2026-01-21 18:00:00,,,2025-09-30 10:22:00,2025-09-30 16:20:56.540,,,RatE,PL,53665,
834910,,6555_Z,4,18550331,ONC00697254,8475493,2025-12-03 00:00:00,2026-01-21 18:00:00,,,2025-09-30 10:22:00,2025-09-30 16:20:56.540,,,Apprv,PL,53665,
834910,,6555_Z,4,18550331,ONC00697254,8577056,2025-12-03 00:00:00,2026-01-21 18:00:00,2025-12-03 00:00:00,,2025-09-30 10:22:00,2025-09-30 16:20:56.540,,,Apprv,PL,53665,REV: Wed Dec 03 00:00:38 CST 2025: Actual Start has been auto-populated by OS due to Nature Of Work = New Equipment Energization
834910,,6555_Z,4,18550331,ONC00697254,8664650,2025-12-03 00:00:00,2026-01-26 19:00:00,2025-12-03 00:00:00,,2025-09-30 10:22:00,2025-09-30 16:20:56.540,,,Accpt,UE,53665,REV: Wed Dec 03 00:00:38 CST 2025: Actual Start has been auto-populated by OS due to Nature Of Work = New Equipment Energization
834910,,6555_Z,4,18550331,ONC00697254,8710478,2025-12-03 00:00:00,2026-01-28 06:59:00,2025-12-03 00:00:00,,2025-09-30 10:22:00,2025-09-30 16:20:56.540,,,Accpt,UE,53665,REV: Wed Dec 03 00:00:38 CST 2025: Actual Start has been auto-populated by OS due to Nature Of Work = New Equipment Energization
834910,,6555_Z,4,18550331,ONC00697254,8714691,2025-12-03 00:00:00,2026-01-28 06:59:00,2025-12-03 00:00:00,2026-01-28 06:59:00,2025-09-30 10:22:00,2025-09-30 16:20:56.540,,,Accpt,UE,53665,"SUP: .
REV: Wed Dec 03 00:00:38 CST 2025: Actual Start has been auto-populated by OS due to Nature Of Work = New Equipment Energization"
834910,,6555_Z,9,18743777,ONC00741925,9073371,2026-05-12 18:01:00,2027-05-12 18:00:00,2026-05-12 18:01:00,2026-05-12 18:02:00,2026-05-15 16:51:00,2026-05-15 22:21:25.510,,,Accpt,FR,,SUP: Need to withdraw outage due enter an error
834910,,6555_Z,9,18764781,ONC00745946,9143544,2026-06-12 13:57:00,2027-06-11 13:55:00,2026-06-12 13:57:00,,2026-06-12 13:58:00,2026-06-12 19:21:28.253,,,Accpt,FR,49069,
