abatement,cod_plausible,construction,cost_usd,deep_scan,focus,ia,inr,news,pins,project,status,turns,violations
False,False,False,0.8577548999999998,False,If deep scan still warranted: TCEQ NSR air permit search (no permit = confirmed paper project) — search by La Paloma Energy Center or Aegle Power in Harlingen/Cameron County | PUCT TEF docket App-162 documents — denial letter may contain due-diligence findings that further illuminate developer credibility,False,27INR0084,True,0,Aegle Power,ok,38,
False,False,False,0.8986006499999999,True,PUCT INTERCHANGE: pull IA filed under 26INR0261 or 'Bastrop Peaking' to get the milestone schedule exhibit and map attachment (will yield site coordinates) | TCEQ AIR PERMIT (NSR/BACT): mandatory for 1104 MW gas turbine — search TCEQ Air Permits Online by facility name 'Bastrop Peaking'; absence = strong paper-project flag,True,26INR0261,False,0,Bastrop Peaking Generators (TEF-Due Diligence),ok,40,
False,False,False,0.9193838999999997,False,TCEQ air permit (NSR) search — mandatory for any gas turbine; absence = strong paper-project signal; run tceq.texas.gov air-permit database | PUCT Interchange via authenticated session — 402 blocked during triage; search FilingParty='Trailblazer Natural Gas Generation Plant',False,27INR0575,False,0,Trailblazer Natural Gas Generation Plant,ok,36,
False,True,False,1.1132921999999996,True,"IA signed 2024-06-27 but PUCT Interchange portal was blocked (402) — retry IA PDF fetch for parties/POI page and milestone schedule exhibit | Developer S&S Renewables, LLC has minimal public presence — check TX SOS entity search and ERCOT queue filings for contact/parent company",False,26INR0155,False,0,Ross Solar,ok,48,
False,False,False,0.889491,False,"Fix CDSE credentials and run imagery around RAMHORN substation (~33.02N, -97.47W, buffer 1 km) to check for site prep | PUCT Interchange search for 'Prairie Point' once portal access restored — IA likely not filed yet given milestone state, but worth confirming",False,27INR0619,False,0,Prairie Point Energy Storage II,ok,43,
False,False,False,0.78128805,False,"Geolocate RAMHORNH substation via ERCOT transmission GIS or Oncor utility filings to unlock imagery | Identify developer/parent behind 'Prairie Point LLC' — sister project 27INR0619 shares same LLC, parallel filing may surface sponsor",False,27INR0618,False,0,Prairie Point Energy Storage I,ok,37,
False,True,False,1.0438335,True,"Mitsubishi Power MHI501JAC turbine order status — confirm purchase/delivery contract (multi-year lead time; if ordered pre-2025 COD is plausible, if not ordered yet 2027 is at risk) | PUCT TEF docket 56896 — retrieve due-diligence documents, especially financial close conditions and milestone schedule exhibit (PUCT Interchange blocked during triage)",True,23INR0029,True,0,Cedar Bayou 5 (TEF - Due Diligence),ok,44,
False,False,False,0.8906188500000001,False,TCEQ air permit search — mandatory for any gas combustion project; absence would confirm paper status | Texas SOS entity search for 'TEXPO LLC' or 'Oklaunion Power Station LLC' — check formation date and registered agent,False,22INR0497,False,0,TEXPO,ok,39,
False,False,False,1.3905920999999999,False,"PUCT Interchange: search manually or via authenticated session for IA or filing under 'Jack County III' or 'JCKCNTY2' | Identify Jack County 2 Plant coordinates via EIA-860 or ERCOT Gen Resource Data, then run cdse tight chip + baseline",False,26INR0351,False,0,Jack County III – 345 kV,ok,52,
False,True,False,1.2716301,True,"IA exists (queue-confirmed iaSigned=2024-10-02) but PUCT Interchange portal blocked — retrieve IA PDF to confirm parties, POI, and milestone schedule | Construction start milestone still unreported as of Jun 2026 — Dec 2027 COD requires imminent mobilization; verify via fresher imagery once CDSE creds restored",True,24INR0201,False,0,Short Creek Solar,ok,53,
False,True,False,1.1729605499999998,True,"PUCT Interchange: IA filing for 26INR0269 or 'Moccasin Solar' — blocked during triage (402); try authenticated session or PUCT docket search to get IA parties, POI coordinates, and milestone schedule exhibit | POI substation geo-lookup: Kirchhoff Bus#60707 and Clear Crossing Bus#60515 — find coordinates to anchor imagery; try ERCOT MIS, OpenInfraMap, or AEP transmission maps",False,26INR0269,False,0,Moccasin Solar,ok,51,
False,True,False,1.13676915,True,"PUCT interchange inaccessible this run (402) — retry IA search by FilingParty='Hobby BESS I' and Description contains '26INR0546'; IA signed date is the key gate | Exact substation parcel: locate CenterPoint 'Garden Villas 138kV' (#42680) on OpenStreetMap or HCAD parcel map, then run tight 0.5-km chip to check for graded pad",False,26INR0546,False,0,Hobby BESS I,ok,44,
False,False,False,0.9488353500000001,False,Locate Parker Switch substation (bus #1436) coordinates via ERCOT transmission network model data to enable imagery run | PUCT Interchange search requires browser session — check for IA filing under 'Rocking X Solar' or developer name once identified,False,23INR0368,False,0,Rocking X Solar,ok,35,
False,True,False,0.97065885,True,"PUCT Interchange IA PDF: IA signed 2025-02-21 — portal returned 402 during triage; deep scan should retrieve IA to extract milestone schedule, parties, and POI terms | CDSE imagery: credentials must be refreshed; Riley Substation site candidate is viable — run 3x3 grid + baseline comparison to check for turbine pad strings or access roads",True,27INR0005,False,0,Dundee East A Wind,ok,44,
False,False,False,0.8559793499999998,False,"TCEQ NSR air permit search for Rock House Draw Gas LLC — if permit exists, upgrade to deep scan | Texas SOS entity search for 'Rock House Draw' to identify developer/parent and any PE backing",False,27INR0653,False,0,Rock House Draw Gas,ok,36,
False,True,False,0.9695543999999996,False,"PUCT Interchange IA search once portal is accessible — project is pre-IA, IA execution is the key trigger event to watch | Identify developer behind 'Airport Storage I LLC' (from tracker listing) via TX SOS business entity search",False,26INR0545,False,0,Knight Airport BESS I,ok,43,
True,True,False,1.44100815,True,PUCT Interchange IA filing (iaSigned 2021-01-04 confirmed in queue) — retrieve parties/POI page and milestone-schedule exhibit; portal returned 402 during triage | Ch.313 App 1422 application PDF — extract site parcel/coordinates to sharpen imagery centroid beyond county-seat proxy,True,20INR0255,False,0,Renegade Project,ok,48,
False,True,False,0.8508749999999999,True,IA PDF not retrieved — PUCT Interchange blocked from this env; pull milestone schedule and POI exact coordinates from IA | S&S Renewables LLC profile is thin — verify developer track record and capitalization via TX SOS or Pitchbook,True,26INR0156,False,0,Ross Storage,ok,43,
False,True,False,0.8920786500000002,True,"PUCT Interchange IA PDF — portal blocked during triage; IA signed 2025-12-30 per queue data, document should exist; extract parties/POI page and milestone schedule | Twelvemile 345kV substation geolocation — ERCOT bus 76008; pin the substation then run Sentinel-2 contact sheet over 3x3 grid to check for ground disturbance",False,24INR0404,False,0,Tres Rios Ranch Solar,ok,41,
False,False,False,0.9682919999999999,False,Locate Bluff Creek (Bus 60040) or Mulberry Creek (Bus 6235) substation coordinates via ERCOT NOM or OpenInfraMap to enable imagery | Identify developer/parent company behind Dog Star Solar LLC — no web footprint found; TX SOS search needed,False,27INR0503,False,0,Dog Star Solar I,ok,41,
False,False,False,0.7092072,False,"Identify developer/parent company — 'Dog Star Solar LLC' name only, no parent surfaced; TX SOS lookup would resolve | Twin project 27INR0503 (Dog Star Solar I, same POI) — 1 GW combined may share developer and site; check both together",False,27INR0504,False,0,Dog Star Solar II,ok,34,
False,True,False,0.9229364999999999,True,IA exists (signed 2023-04-12) but PUCT Interchange blocked (402) — retrieve IA PDF via authenticated session to get POI coordinates and milestone schedule exhibit | No FIS approved in queue — clarify whether FIS was waived or is outstanding; FIS gap is a red flag for 2027 COD,True,23INR0057,False,0,Duffy Solar,ok,43,
False,False,False,0.9566973,True,"PUCT Interchange was 402-blocked — retrieve IA PDF (signed 2025-07-01) for POI, parties, and milestone schedule exhibit | Buck Canyon 345kV substation: locate on ERCOT transmission maps or OpenInfraMap to establish site candidate for imagery",False,26INR0621,False,0,Juno 3 Solar,ok,40,
,,,0.8647477500000003,,,,27INR0500,,,Antila Solar,no_findings,38,triage_findings.json missing
False,False,False,0.8251103999999997,False,"Identify developer/owner: no LLC, no news, no PUCT filings found — SEC EDGAR or TX SOS search needed | PUCT Interchange IA check: portal blocked (402) during triage — retry with authenticated session",False,27INR0499,False,0,Draco Solar,ok,36,
False,True,False,0.7730436000000002,True,Retrieve PUCT Case 59183 (WETT CCN) filings — milestone schedule exhibit and parties page; check for CEII redaction of construction dates | Identify developer parent company behind 'Juno Solar 4' — no LLC registration or corporate parent surfaced in T3,True,27INR0434,True,0,Lyra Solar,ok,36,
True,False,False,0.7959085499999997,True,"Scurry County Commissioners Court minutes Apr 16 2024 (PDF, page/0122) — OCR required to get Exhibit A property description for site coordinates and imagery targeting | Texas Comptroller Ch.312 annual report for Scurry County 2024 — may list Cedar Draw Solar LLC as abatement recipient",False,27INR0192,True,0,Cedar Draw Solar,ok,37,
False,False,False,0.7429004999999999,False,TCEQ air permit search (NSR/PSD) — mandatory for a 448 MW gas CC; zero web footprint and no permit = strong paper-project signal; confirm or refute before any deeper investment | PUCT Interchange direct portal access — both FilingParty and Description searches returned 402; check for any IA filing once portal access is restored,False,27INR0606,False,0,Big Watt Mustang Power,ok,36,
False,False,False,0.6907113000000001,False,FIS approval status — queue shows FIS requested (2019-08-23) but never approved; check if ERCOT study results were issued or if project is stalled in study queue | PUCT Interchange — portal was 402-blocked during triage; retry for IA or preliminary interconnection filings under Hecate Comanche Solar LLC,False,22INR0237,False,0,Dragan Solar,ok,31,
False,False,False,1.35590235,False,Confirm developer identity — 'BRP' prefix unexplained; no web presence found; Texas SOS LLC registry search for 'BRP Mekong BESS' or 'Mekong BESS' | PUCT Interchange IA search (blocked via WebFetch during triage) — attempt via authenticated session or manual check for any IA or FIS study filings,False,24INR0135,False,0,BRP Mekong BESS,ok,57,
False,True,False,0.78711945,True,"IA retrieved from PUCT control #35077 (Oncor filing 2023-10-26) — PUCT portal blocked during triage; pull IA PDF for milestone schedule and POI coordinates | Locate AJSwope / Windmill 345kV substations to establish site candidate, then run Sentinel-2 imagery",True,23INR0056,False,0,Caliche Mound Solar ,ok,35,
False,False,False,1.0701328499999996,False,"Confirm developer identity: infrasure.ai lists 'BRP Blue Topaz 3, LLC' — verify via Texas SOS entity search and cross-ref to any BRP Energy / Blue Topaz portfolio track record | PUCT Interchange IA search: portal returned 402 this run — retry when accessible; IA filing would confirm or deny developer commitment",False,24INR0500,False,0,Claire BESS,ok,48,
False,False,False,0.8824574999999999,False,Identify developer/LLC via TX SOS search — no developer surfaced in web sweep | PUCT Interchange requires browser session; check FilingParty='Digital Ranch Gas' and Description='28INR0100' manually,False,28INR0100,False,0,Digital Ranch Gas ,ok,42,
False,True,False,1.3141514999999995,True,Locate 'Energy Forge One LLC' PUCT Interchange IA filing — entity confirmed but portal 402-blocked during triage; IA likely exists given 2027 COD target | TCEQ air permit (NSR) search for 'Energy Forge One' or 'Kilby' in Reeves County — mandatory for gas turbine; no permit found = paper-project risk,False,27INR0572,True,0,Kilby1 Part 1 Small Block Simple Cycle,ok,47,
False,True,False,0.67494975,True,IA filing exists (signed 2025-11-07) but PUCT Interchange blocked (402) — retrieve IA PDF to get milestone schedule and developer/offtake parties | No public web presence at all — deep scan should try TX SOS business entity search for 'Twinwood Solar 1 LLC' to identify developer,True,26INR0425,False,0,Twinwood Solar 1,ok,32,
False,True,False,0.89044425,True,IA content: PUCT Interchange blocked during triage — retrieve milestone-schedule exhibit from IA filing (signed 2025-05-02) to check contractual COD vs. reported 2027-12-29 | Developer ID: zero public web footprint; need SEC EDGAR / TX SOS lookup for Rowdy Creek Solar LLC parent/developer,True,24INR0186,False,0,Rowdy Creek Solar,ok,43,
False,True,False,1.0871316,True,Re-image center/south grid rows (lat 32.784 and 32.754) with fresh CDSE auth — auth expired mid-grid; possible panel rows visible at edge suggest active construction | PUCT Interchange IA filing (iaSigned=2024-10-23 confirmed in queue) — retrieve milestone-schedule exhibit and COD commitment; portal returned 402 during triage,True,29INR0015,False,0,Funston Solar,ok,50,
True,False,False,1.5177871500000002,True,"Ch.313 application PDF (App 1925) for site coordinates, acreage, and legal description — file too large for triage WebFetch, use a local PDF reader | BNB Renewables developer profile — no web presence found; check LinkedIn/FERC eLibrary for other BNB projects to validate developer seriousness",False,26INR0019,False,0,HyFuels Green Lake Solar,ok,47,
False,False,False,0.9370054499999998,True,"Developer identity: confirm 'Trailblazer Infrastructure LLC' vs 'Trailblazer Solar LLC' — Texas SOS registration, parent company, track record | Data center connection: Sweetwater City Council resolution and Nolan County TIRZ — retrieve municipal documents to understand offtake/co-location structure",False,27INR0578,True,0,Trailblazer Solar,ok,45,
False,False,False,0.97351185,False,Confirm whether ERCOT queue entry is still active post-TEF withdrawal or if cancellation is pending | PUCT docket 56896 (APP-00000159) withdrawal letter — retrieve when portal access is restored to confirm exact date and stated reason,False,27INR0095,True,0,Bulldog Power (TEF - Due Diligence) ,ok,44,
False,True,False,1.10822055,True,PUCT Interchange blocked (402) — retry IA document search for milestone schedule and exact POI coordinates | Precise site location unknown — Sand Bluff 345kV substation coordinates needed to target imagery; check ERCOT nodal map or other queued Sand Bluff projects for GPS,True,27INR0355,False,0,Gardner Draw Solar,ok,48,
False,True,False,0.8814601499999997,True,"IA exists (signed 2023-10-18) but PUCT portal was 402-blocked — retrieve IA PDF to get POI coordinates, milestone schedule, and parties | Developer is Padre Solar LLC (not SanPat Solar I LLC) — identify parent company / sponsor for credibility assessment",True,25INR0081,False,0,SanPat Solar I,ok,44,
True,True,False,0.9629450999999998,True,"IA PDF (PUCT docket 35077, doc 35077_1999_1446261) — retrieve milestone schedule exhibit; PUCT Interchange requires session cookies, try direct curl or browser fetch | Edith Clarke 345kV substation exact coordinates — resolve via ERCOT transmission map or ETT facilities list to anchor imagery search",True,23INR0140,False,0,Seine BESS,ok,47,
False,True,False,0.9628413000000001,True,"IA confirmed in queue (Oct 2024) but PUCT Interchange portal 402-blocked — fetch IA PDF directly to extract milestone schedule and any CEII-redacted exhibits | Developer identity: infrasure.ai names Nova Clean Energy + CPS Energy PPA + Wanzek EPC — unverified commercial intel, needs primary source confirmation (ERCOT GIMS, TX SOS LLC filing, press releases)",True,27INR0056,False,0,Laurel Wind Energy Center,ok,41,
False,True,False,1.01184225,False,Fix CDSE credentials (401) then run imagery at Wharton city 29.31°N 96.10°W — battery sites are compact and may already be prepped | Identify true POI substation: 'Waterh' may be Wharton or Waterford — ERCOT nodal map or AEP Texas transmission atlas needed to pin exact coords before imagery,False,26INR0725,False,0,PHOTON BESS REPOWERING,ok,40,
False,True,False,1.1620179,True,"Retrieve PUCT docket 35077 NavBoot BESS filing PDF (Oncor IA) — extract POI coordinates, parties, and milestone schedule exhibit; CEII status unknown | Identify developer behind NavBoot BESS LLC — zero web presence found; TX Comptroller taxable entity search and TX SOS for registered agent / parent chain",True,25INR0375,False,0,NavBoot BESS,ok,55,
False,True,False,1.0343025,True,Resolve JIMTREEC7A substation coordinates via ERCOT network map or AEP GIS to enable imagery — this unlocks the entire site-verification chain | PUCT Interchange IA search (portal was 402-blocked during triage) — query FilingParty and Description for 'Wander Waters',False,27INR0207,False,0,Wander Waters BESS,ok,45,
False,False,False,0.7702240500000003,False,Nova Clean Energy portfolio page / press coverage — may have site map or acreage boundary for this specific parcel | PUCT Interchange via authenticated session — check for any IA or FIS filing under 'HyFuels' or 'Nova Clean Energy' or 'BNB Renewable',False,26INR0028,False,0,HyFuels Calhoun Solar,ok,33,
False,True,False,0.8707648499999997,False,"PUCT Interchange: try authenticated/session access to search FilingParty='RIVERBEND SOLAR SLF' — portal returned 402 during triage, IA status unknown | TX SOS entity search for 'RIVERBEND SOLAR SLF LLC' to identify developer/parent company",False,25INR0297,False,0,RIVERBEND SOLAR SLF,ok,35,
False,False,False,0.7997553000000001,False,"CDSE imagery at J.T. Deely substation (29.307, -98.322) — fix credentials and run 3x3 grid; BESS pads are compact and could be present near the substation without any paper trail | PUCT Interchange search for 'Quela' or 'BRP Quela BESS' when portal is accessible — confirm whether any IA draft or generator interconnection filing exists",False,22INR0423,False,0,Quela BESS,ok,36,
False,False,False,0.9951773999999999,False,PUCT Interchange blocked by 402 — retry with authenticated session to check if any IA filing exists under alternate name (Rubicon Power LLC vs Rubicon Power BESS LLC) | Identify the actual TNMP FM524 138kV substation parcel via ERCOT GIS or TNMP public maps to get precise lat/lon for a cloud-free imagery re-run,False,27INR0096,False,0,Rubicon Power BESS,ok,42,
False,True,False,0.7921229999999999,True,"PUCT Interchange IA document — portal blocked (402) during triage; IA signed 2024-08-23 is confirmed in queue data but actual schedule exhibit not retrieved | CDSE imagery — configure credentials and run 3x3 grid at ~31.474N, -96.425W around Limestone substation; construction window opens 2026-10; check recent dates (2026-06/07) for site prep activity",False,25INR0230,False,0,Great Rock BESS,ok,42,
True,True,False,0.9751228500000002,True,PUCT IA document retrieval (docket 53385 or solar-specific docket) — PUCT Interchange blocked (402) during triage; extract milestone schedule exhibit | Pin/precise site coords — gmaps.py returned 429 during triage; re-run to confirm Tradinghouse site anchor and detect any grading/panel activity,True,24INR0038,True,0,Jaguar Solar,ok,45,
False,False,False,0.7453291500000001,True,"IA content inaccessible (PUCT 402) — retrieve PUCT filing 35077/2435 (Mar 2026) via authenticated session to get parties, POI, and milestone schedule | Queue data lag: iaSigned still blank in Jun 2026 snapshot but PUCT IA filed Mar 2026 — confirm IA is signed vs. only filed",True,27INR0438,False,0,Wisdom Solar SLF,ok,33,
False,True,False,0.8317852499999998,True,PUCT control 35077 IA PDF blocked (402) — retrieve milestone schedule exhibit via direct browser or alternate fetch to confirm contractual COD and LGIA parties | FAA OE/AAA turbine filings for San Patricio County 2024–2026 — decisive for exact turbine pad coordinates enabling tight imagery,True,27INR0132,False,0,Palo Verde Wind,ok,36,
False,True,False,1.0837923000000005,True,CDSE imagery: retry with valid credentials — demolition/new-pad activity at ~31.54N/-96.83W should be visible; compare 2025 baseline vs 2026 | FAA OE/AAA: search 'Prairie Hill' + McLennan/Limestone TX for new turbine obstruction filings — gives exact pad coordinates and turbine model,False,27INR0607,True,0,Prairie Phoenix Wind,ok,51,
False,True,False,0.894861,True,PUCT Interchange IA for repower — search authenticated session for docket with Prairie Hill Wind 2024-2026 filing | Exact turbine layout for new 63-turbine array — FAA OE/AAA filings likely filed 2024-2025,False,19INR0100,True,0,Prairie Hill Wind,ok,39,
False,True,False,1.3043266500000004,True,"Locate Twelvemile 345kV substation (ERCOT node 76008) coordinates — this is the only credible site-pin path; try ERCOT nodal map or transmission planning shapefile | Pull IA from PUCT Interchange with authenticated session — IA signed 2025-12-30, parties/POI/schedule exhibit needed; also check amendment filings for schedule updates",True,25INR0451,False,0,Tres Rios Ranch BESS,ok,53,
False,True,False,0.7996445999999999,True,Locate IA document via PUCT Interchange (portal was 402-blocked during triage) — extract POI/parties/milestone schedule | Identify Stryker substation (node 3109) coordinates to establish site search box for imagery,False,27INR0313,False,0,Spindletop Solar,ok,35,
True,True,False,1.1599827,True,"IA documents at PUCT 35077 (items 1138, 2355, 1877) are confirmed but portal-blocked — retrieve milestone schedule exhibit and parties page for COD commitment date | EDF Renewables developer confirmed — check EDF press releases or FERC EWG filing for financing/offtake announcements",True,21INR0263,False,0,Monarch Creek Wind,ok,45,
False,False,False,1.0223397,False,PUCT Interchange manual search for UNICORN BESS IA filing (automated access blocked during triage) | TX SOS entity search for UNICORN BESS LLC to identify developer/sponsor,False,27INR0142,False,0,UNICORN BESS,ok,43,
False,True,False,0.9113574000000001,True,"PUCT Interchange IA filing: session-authenticated search for FilingParty='OCI SunRoper' or docket containing SunRoper — IA was signed 2025-07-10 so a filed IA or amendment should exist; extract milestone schedule exhibit | Imagery: CDSE was unreachable; re-run 3x3 chip grid at 29.16N, 96.06W (Lane City area) when API is up; also check 29.13-29.19N corridor along US-59",True,24INR0167,False,0,OCI SunRoper,ok,40,
False,True,False,0.9428333999999999,True,"Retrieve IA PDF from PUCT Interchange (PUCT 402 during triage — try authenticated session or direct docket number lookup); extract parties, developer name, POI map, and milestone schedule exhibit | Locate Willow Creek Switch 345kV substation coordinates to establish a site candidate; try ERCOT transmission maps or Oncor GIS",True,24INR0118,False,0,Possum Kingdom Solar,ok,38,
False,True,False,1.2876277499999995,False,PUCT Interchange IA search for 'Trailblazer Infrastructure LLC' — portal was 402-blocked during triage; IA existence/schedule is the key unknown | TX SOS entity search for 'Trailblazer Infrastructure LLC' to establish parent/developer chain,False,27INR0576,False,0,Trailblazer BESS,ok,54,
,,,1.37153475,,,,27INR0011,,,Dundee East B Wind,no_findings,61,triage_findings.json missing
False,True,False,0.90594945,True,"PUCT Interchange IA PDF (portal 402 during triage) — retrieve milestone schedule exhibit; IA signed date 2025-05-15 is confirmed in ERCOT queue so filing exists | Imagery with valid CDSE credentials — tight chip around West Columbia Main 138kV substation; BESS site is compact, visible as gravel pad + container rows if construction started",True,26INR0226,False,0,First Capitol BESS,ok,44,
False,True,False,0.9499366500000002,True,PUCT Interchange: IA PDF (iaSigned=2024-01-17) — retrieve parties/POI page and milestone-schedule exhibit; portal was 402-blocked during triage | Imagery: CDSE creds needed — run 3x3 grid at 29.500/-95.028 (±0.03° step) to check for BESS pad/container rows beside substation,True,25INR0262,True,0,Shepard Energy Storage,ok,41,
False,False,False,0.8725443,False,"PUCT Interchange was 402-blocked — retry in a browser session for IA and any Rex BESS LLC filings | Developer identity: Rex BESS, LLC — find parent/sponsor (no public profile found); Texas SOS corporate lookup",False,26INR0503,False,0,Rex Storage,ok,46,
False,True,False,0.9228674999999998,True,"IA document: PUCT Interchange portal was 402-blocked — retrieve IA PDF for parties, POI details, and milestone schedule (key: is schedule exhibit CEII-redacted?) | Developer identity: 'Brazos Roots BESS, LLC' surfaced from one aggregator (ercotqueue.com snippet) — verify via TX SOS business search and trace parent company",True,26INR0551,False,0,Hastings Park BESS,ok,43,
False,True,False,1.0572082499999997,True,IA confirmed in queue data (iaSigned=2023-10-18) but PUCT Interchange blocked (402) — retrieve IA PDF for milestone schedule and developer identity | Developer/sponsor identity unknown — no web presence found; check TX SOS entity search for 'SanPat Solar II LLC' to identify parent company,False,25INR0052,False,0,SanPat Solar II,ok,44,
False,False,False,0.8243240999999999,False,Locate 'Brown Switch' substation coordinates via ERCOT network model or PUCT transmission maps to enable imagery | PUCT Interchange IA search once portal accessible — filing party 'Nouveau BESS' or 'Nouveau BESS LLC',False,27INR0291,False,0,Nouveau BESS,ok,35,
False,False,False,1.2360568499999998,False,Geolocate ERCOT nodes 3377 (Little Pond Switch) and 3704 (Hog Creek Switch) via ERCOT NOM/GIS data or PUCT transmission maps to establish a site candidate | PUCT Interchange search when portal accessible: filing party 'Champs Elysees BESS LLC' for any IA or interconnection study filing,False,27INR0216,False,0,Champs Elysees BESS,ok,47,
False,True,False,1.00477335,True,IA exists (signed 2023-01-20) but PUCT Interchange was 402-blocked — retrieve IA PDF to extract milestone schedule and confirm POI substation address | Developer 'BRP Zeya BESS LLC' — parent 'BRP' unknown; identify developer/sponsor via TX SOS business search and PUCT filings,True,23INR0290,False,0,Zeya BESS,ok,49,
False,False,False,0.9662017500000001,False,"PUCT Interchange: search manually (portal returned 402 here) for IA or GIS filing under 'Sierra Madre Solar LLC' — absence of IA is the single biggest red flag and should be confirmed not assumed | Identify parent developer behind Sierra Madre Solar LLC (Texas SOS lookup, SEC filings) — no parent surfaced in web sweep, suggesting paper/placeholder entity",False,23INR0006,False,0,Sierra Madre Solar,ok,44,
False,False,False,0.8770993499999998,False,Verify PUCT Interchange for IA filing under 'SMT Elm Mott BESS' or alternate SPV name — portal was auth-blocked during triage | TX Secretary of State lookup for SMT Elm Mott BESS LLC to identify corporate parent/developer,False,26INR0422,False,0,PowerVault BESS,ok,40,
False,False,False,0.8986329000000001,False,Retry PUCT Interchange when portal is accessible — search FilingParty and Description for 'Grand Mesa BESS' and 'Mesa View Switch' to locate IA or interconnection filings | Retry gmaps.py when rate limit clears — POI substation 76582 MESA VIEW SWITCH 138kV should anchor site candidate for imagery,False,26INR0550,False,0,Grand Mesa BESS,ok,39,
False,True,False,1.5217653,True,"Site confirmed at Olinger/Little Ridge area (33.0692,-96.4509) — run CDSE imagery once creds configured to check for grading/pad activity | PUCT Interchange blocked during triage — search for IA and GIS study filings once direct access available",False,25INR0238,False,0,Little Ridge Storage,ok,63,
False,True,False,1.1075104500000001,True,IA document from PUCT Interchange — queue shows signed 2024-09-09 but document not retrieved; pull parties/POI page + milestone schedule exhibit | Confirm KINGMTSW substation precise coordinates (ERCOT transmission map or EIA facility DB) then re-run imagery with working CDSE credentials,True,25INR0417,False,0,Mesa View Storage,ok,45,
False,False,False,0.9795393000000003,True,PUCT Interchange: search for IA filing under 'Bluegill BESS' or 'Eolian' — portal blocked during triage (requires session auth) | Verify site candidate: FM-2100 / Atascocita Rd Huffman TX plat — pull Harris County permit/plat records to confirm 25-acre parcel and ownership,False,25INR0434,True,0,Bluegill BESS,ok,44,
False,False,False,0.86589975,False,"Resolve developer identity: 301 N Lake Ave Ste 950 Pasadena CA 91101 — look up CA SoS or other LLCs at same address to find sponsor/developer | Configure CDSE credentials and run imagery scan around Bellville North substation (~30.02N, -96.26W) to check for any site prep",False,27INR0252,False,0,Parula Energy Center ,ok,41,
True,True,False,0.6957820500000003,True,"PUCT case 35077 — fetch IA PDF and First Amendment (2026-04-10) to extract milestone schedule and POI details; portal 402'd during triage | CDSE imagery — re-run 3x3 grid once creds are configured; web claims construction started 2026, need visual confirmation",True,21INR0210,True,0,Adamstown Solar,ok,33,
False,False,False,0.8317692000000002,False,Verify RWE as developer via primary source (RWE portfolio page or PUCT filing when accessible) | PUCT Interchange re-check when portal accessible — search FilingParty=RWE + Description=Lutum to find any IA or study filings,False,20INR0029,False,0,Lutum Wind,ok,37,
False,False,False,0.91228425,False,Locate Big Hill (#76003) and Schneeman Draw (#76005) 345kV substations to establish site polygon — ERCOT transmission planning maps or OpenInfraMap | FAA OE/AAA obstruction filings search for Schleicher County wind turbines — decisive for exact turbine coordinates once FIS/IA materializes,False,27INR0246,False,0,Easy Wind Energy Center,ok,37,
False,False,False,0.6448252499999998,False,Confirm developer identity: RWE Solar Development LLC (aggregator-sourced only — verify via ERCOT queue data or TX SOS) | PUCT Interchange IA search blocked during triage — manual check for 'Razorbill Solar' or 'RWE Solar' filings could confirm/deny IA existence,False,22INR0244,False,0,Razorbill Solar,ok,30,
False,True,False,1.0767576,True,IA PDF exists (signed 2024-06-27) but PUCT Interchange portal was DNS-blocked this run — retrieve IA to confirm milestone schedule and POI substation exact coords | Exact substation location: Saragosa 138kV coords needed to tighten imagery grid to <1 km buffer; no BESS pad visible at 2 km buffer from town centroid,True,26INR0034,True,0,Bracero Pecan Storage,ok,48,
False,False,False,1.0869135000000003,True,"Locate true Larrea site within Pecos County — check Ashtrom investor docs, Texas PLATs, or county appraisal for Greasewood IV LLC land parcel | PUCT Interchange IA filings for Greasewood IV LLC or Ashtrom — portal blocked via WebFetch (402), needs authenticated session or direct browser access",False,27INR0146,True,0,Larrea Solar,ok,46,
False,True,False,1.1152900499999998,True,IA status critical: PUCT Interchange blocked during triage — run deep PUCT search for SMT Houston IV filings; IA absence in a project with confirmed groundbreaking is a major anomaly to resolve | MW discrepancy: queue shows 227.9 MW but press/financing describe 160 MW / 320 MWh — clarify whether queue MW was never updated or project was rescoped,False,25INR0420,True,0,Houston BESS,ok,52,
False,False,False,0.7136154,False,"Confirm developer identity: 'Mule Deer Solar LLC' / Chermac Energy appears in trackers — verify against ERCOT GIS applicant field or PUCT filings (session-auth required for Interchange) | Check if Chermac Energy's Deaf Smith County abatements ($500M, Mule Deer Solar + Tiera Blanco Solar) cover White Tail Solar or indicate co-located development cluster",False,24INR0200,True,0,White Tail Solar,ok,35,
False,False,False,1.0405264499999998,False,PUCT Interchange search for IA filing (portal blocked during triage — try manual search or alt credentials) | Locate Yellow House Canyon 115kV substation true coordinates via ERCOT nodal map or transmission line GIS to establish a real site candidate before imagery,False,23INR0310,False,0,Dunkel BESS,ok,48,
False,False,False,1.11473145,False,"Locate Nebula7A substation coordinates (ETT filings, ERCOT GIS, PUCT docket for Andromeda gen-tie) to enable precise imagery | Check PUCT Interchange for Cedar Draw Solar LLC IA filing once portal access is restored (currently 402)",False,27INR0193,False,0,Cedar Draw BESS,ok,41,
False,True,False,1.0466035500000002,True,TEF docket — Phase 1 (27INR0297) is explicitly labeled '(TEF Due Diligence)'; confirm whether Phase 2 is also a TEF applicant and check PUCT TEF docket for due-diligence status and loan approval | TCEQ air permit (NSR) — mandatory for gas recip; no permit number found; absence is a paper-project red flag; search TCEQ STEERS by applicant 'Pecos Power Plant' and county Reeves,True,28INR0413,False,0,Tolivar Power Plant Phase 2,ok,44,
False,True,False,0.8447614499999997,True,"PUCT control 35077 — IA filed by Throckmorton Wind LLC vs ETT; retrieve IA PDF for milestone schedule exhibit (blocked via WebFetch 402) | FAA OE/AAA turbine filings for Haskell County — decisive for exact turbine coordinates; portal was down (shutdown), retry in deep scan",True,24INR0291,True,0,Rubicon Alpha Wind,ok,41,
True,False,False,0.78335745,True,Ch.313 application #1694 (Kerens ISD) — retrieve PDF for exact site parcel/coordinates and milestone schedule | PUCT Interchange IA status — search with developer name 'GoodAlta Power Center LLC' via authenticated session,False,23INR0171,True,0,Goodalta Solar,ok,36,
False,False,False,0.8808579,False,Fix CDSE credentials (~/.config/gis-research.env) then re-run imagery around Palmito substation to establish greenfield vs. early-site-prep baseline | Check Texas SOS for 'Puerto Del Sol 2 LLC' registration and any parent/developer entity,False,27INR0002,False,0,Puerto Del Sol 2,ok,38,
False,False,False,0.9700620000000002,True,PUCT Interchange filings: portal blocked during triage — try with authenticated session for any IA or pre-application filings under 'Mesquite Creek Wind' or 'Duke Energy Renewables' | FAA OE/AAA obstruction filings for Dawson County wind turbines — repower may have filed new tower height notices; cross-check with existing turbine database for repowered specs,False,27INR0501,False,0,Mesquite Creek Windpower Repower,ok,43,
False,False,False,0.8399443499999999,False,Locate Tango substation (bus 8689) coordinates to bound the PawneeSW–Tango line segment for imagery | Identify developer/sponsor behind BumbleBee Solar Farm LLC via TX SOS SOSDirect lookup,False,26INR0412,False,0,BumbleBee Solar,ok,39,
False,True,False,0.8603464499999999,True,PUCT Interchange blocked (402) — retry via direct docket search or alternative access to find IA and milestone schedule | Blue Substation #44060 location not resolved — query ERCOT transmission GIS or AEP/CenterPoint facility maps to get coordinates for imagery targeting,False,26INR0474,False,0,Sorghum BESS,ok,36,
False,True,False,0.8618652000000002,True,"IA schedule exhibit: PUCT Control 35077 item 1409 + item 1543 — portal 402-blocked during triage; try authenticated PUCT session or request PDF directly to extract milestone dates and CEII status | Parent developer: 'Belltown Power Texas' named in IA filing — research company, portfolio, financing history",True,22INR0552,False,0,Sowers Storage,ok,39,
False,True,False,0.7466429999999998,True,"PUCT Interchange IA search — portal returned 402 this pass; retry from authenticated session or browser; IA signed date would confirm project commitment | LLC identity — aggregators cite 'Rusk BESS, LLC' not 'Zeus Rusk BESS, LLC'; TX SOS lookup to confirm legal name and parent/developer",False,25INR0591,False,0,Zeus Rusk BESS,ok,35,
False,True,False,1.0663063499999998,True,"CDSE imagery at Leon Creek Switchyard (29.3503, -98.5752) — BESS pad likely within 1 km; needs credentials | PUCT Interchange filings for 'Ambar Power Holdco LLC' or 'Coval Infrastructure DevCo LLC' — IA filing likely pre-dates FIS approval but watch for study agreement docs",False,27INR0393,False,0,Ferdinand Grid BESS II,ok,47,
False,False,False,1.0854183,False,If pursuing: locate Burwick 345kV substation coords via ERCOT NOM/transmission planning docs to enable imagery | Check TX SOS business registry for 'Liberty Senate Energy Storage 1 LLC' to surface parent developer,False,23INR0334,False,0,Liberty Senate Energy Storage 1,ok,41,
False,False,False,0.9455218499999997,True,"OCI parent entity — confirm 'OCI San Antonio Bravo BESS LLC' parent; search OCI Solar Power or OCI Global for TX pipeline and financial capacity | Imagery at CENIZO substation once CDSE credentials are configured — 27.3276N 99.4116W, 2km buffer; check for grading/pad work",False,27INR0398,False,0,Bravo BESS,ok,43,
False,True,False,0.9207058499999999,True,"Resolve exact North Alvin TNMP substation coords via EIA/ERCOT transmission maps, then re-run tight BESS imagery search | Pull PUCT Interchange IA PDF (filing party: Aldrin 138 BESS or Aldrin Energy Storage) — extract milestone schedule to assess construction-start deadline",True,25INR0421,False,0,Aldrin 138 BESS,ok,42,
False,False,False,0.9331120500000001,False,PUCT Interchange was blocked (402) during triage — retry IA search for 'Volans' or developer entity when portal accessible; IA existence would change the signal materially | Developer identity unknown — 'BRP' prefix unexplained; LLC registration search (TX SOS) may surface parent company and sister projects,False,23INR0071,False,0,BRP Volans BESS,ok,43,
False,False,False,1.1823477000000002,False,Locate Dokmai 138kV substation (bus #80090) coordinates via ERCOT NTP/CRR nodal data or AEP Texas transmission maps — enables imagery pass | Search TX SOS for 'Wolfram Storage LLC' registration to identify developer/parent company,False,27INR0466,False,0,Wolfram Storage,ok,43,
True,True,False,0.75496395,True,PUCT control 35077 IA schedule exhibit — portal was 402-blocked during triage; retrieve via direct PDF guess or authenticated session | King County abatement PDF (Jan 2026 Second Amendment) — SSL cert mismatch blocked retrieval; abatement terms and project MW confirmation,True,27INR0128,False,0,Bigway Solar II,ok,33,
False,False,False,0.9185959500000002,False,"PUCT Interchange IA search — portal requires authenticated session; try with browser/credentials for Rock N' Roll Solar LLC filings | Imagery at Rosharon substation (29.352, -95.430) once CDSE creds configured — compact BESS pad should be visible if site preparation started",False,24INR0235,False,0,Rock N' Roll Storage Two,ok,43,
False,False,False,0.8647642499999998,False,Fix CDSE auth credentials before any imagery attempt — all T6 calls returned 401/403 | PUCT Interchange: try direct filing search for 'NextEra' + 'Supra' once portal access is restored (returned 402 during triage),False,27INR0063,False,0,Supra Wind  ,ok,35,
False,False,False,0.9615682499999997,True,"Identify developer behind 'BT Hacienda Storage, LLC' — BT prefix unknown, likely a parent company or fund; Texas SOS entity search | Army Corps Galveston file SWG-2022-00547 — jurisdictional determination issued; fetch AJD document for site map with coordinates",False,23INR0485,False,0,Hacienda Storage,ok,43,
False,False,False,1.05330345,False,PUCT Interchange IA search: portal returned 402 during triage — retry from a credentialed browser or use PUCT docket search for 'Soda Lake BESS 2' to confirm whether IA has been filed | Developer ID: no web presence found — Texas SOS entity search for 'Soda Lake BESS 2 SLF LLC' may surface parent developer and unlock additional threads,False,24INR0383,False,0,Soda Lake BESS 2 SLF,ok,43,
False,True,False,1.0731183,False,Locate Soda Lake #76026 substation precise coordinates via ERCOT CRR/nodal map or EIA-860 — imagery was shot at wrong/approximate location | PUCT Interchange was fully blocked (402); try authenticated session to search for IA filing under 'Tri-X BESS' or 'Soda Lake',False,28INR0389,False,0,Tri-X BESS 1 SLF,ok,44,
False,True,False,1.2248878499999998,True,IA exists (queue-confirmed 2024-12-09) but no PDF retrieved — attempt PUCT Interchange authenticated search for 'Star Dairy Storage' IA and any amendment filings | Developer identity unknown — no LLC registration surfaced; try Texas SOS entity search for 'Star Dairy Storage' to find principal names and linked developer,True,25INR0334,False,0,Star Dairy Storage,ok,48,
False,False,False,0.9718975500000001,False,PUCT Interchange: search FilingParty='Guitar BESS' in authenticated session — IA may exist but portal was blocked during triage | Texas SOS entity search for 'Guitar BESS LLC' — developer identity unknown; surfacing sponsor could unlock news/PR trail,False,25INR0446,False,0,Guitar BESS,ok,42,
False,True,False,1.4127293999999992,True,"PUCT Interchange IA document (iaSigned=2024-10-18 confirmed in queue; document blocked during triage — try direct PUCT docket search for 'Dan Kearney') | Center-chip imagery at 29.0644,-95.7349 on a clear date (CDSE auth failed; try winter/dry-season date e.g. 2026-02-01 or 2025-02-01 for less cloud cover)",False,25INR0554,False,0,Dan Kearney BESS,ok,57,
False,True,False,0.9839359500000003,True,"IA signed 2024-08-14 per queue data but PDF not retrieved (PUCT Interchange blocked 402) — obtain IA to confirm POI, schedule milestones, and CEII redaction status | Yellow Jacket Sub 138kV (ERCOT bus 6364) coordinates unknown — locate substation on ERCOT transmission maps or AEP Texas GIS to pin the site for imagery",True,24INR0386,False,0,Black & Gold Energy Storage,ok,38,
False,True,False,0.8696345999999999,True,"IA document retrieval via PUCT Interchange (portal requires session auth — try direct docket lookup or authenticated browser session); extract parties, POI details, and milestone schedule exhibit | Site location: resolve tap point on 345kV Venus–Sam Southwest line through Hill County using ERCOT transmission line GIS or county appraisal district permit records",True,25INR0229,False,0,OCI Cobb Creek Solar,ok,36,
True,True,False,1.0488520500000003,True,"Retrieve IA PDF from PUCT Interchange (portal returned 402 during triage) — milestone schedule exhibit critical given recent 2026-03-05 re-execution date vs infrasure's 2023-06-07 claim | Re-run CDSE imagery at center (34.54,-102.11) and north row when token refreshes — construction reportedly underway but not confirmed by satellite",True,16INR0049,True,0,Nazareth Solar,ok,42,
False,True,False,0.9333309000000002,True,"IA filed PUCT Interchange Dec 2025 — retrieve PDF, extract POI/site map and milestone schedule (CEII may redact) | Open Sky substation (ERCOT node 68014) coords — unlock imagery; cdse.py sheet once pin established",False,25INR0473,False,0,Crowded Star I BESS,ok,37,
False,True,False,0.9994330499999999,True,"Retrieve IA PDF from PUCT Interchange (filing party = JSB1 LLC, ~Sep 2025) — milestone schedule exhibit needed | Configure CDSE credentials and run tight imagery chips around Godley substation to check for gravel pad / container rows",True,27INR0173,False,0,Trenno BESS,ok,45,
False,True,False,1.0681568999999997,True,PUCT Interchange IA PDF (signed 2025-06-16) — retrieve milestone schedule exhibit; portal was 402-blocked during triage | FAA OE/AAA obstruction filings for Brazoria County wind turbines — decisive for exact turbine coordinates and developer identity,True,25INR0494,False,0,Willow Beach Wind,ok,39,
False,True,False,0.88207215,False,"PUCT Interchange IA search — portal blocked (402) during triage; check manually for filing by Samsung Renewable Energy or Pianissimo BESS II, LLC | Pin exact Greenwood substation location via OpenInfraMap or ERCOT transmission GIS, then re-run imagery with real CDSE credentials",False,26INR0329,False,0,Pianissimo BESS II,ok,42,
False,False,False,0.9216304499999998,False,Fix CDSE auth (HTTP 401) and run imagery at Wolfridge #730 / Muenster TX — battery pad could be present even pre-IA | Texas SOS lookup for Tennuto BESS LLC — identify parent company/developer; no ownership found in triage,False,26INR0598,False,0,Tennuto BESS,ok,41,
False,True,False,0.9331274999999993,True,PUCT Interchange IA filing (signed 2024-07-16) — retrieve parties/POI page and milestone-schedule exhibit; PUCT access required | Site identification — no pin found; use IA exhibit or county deed/permit records to pin exact parcel in McMullen County near Fowlerton corridor,True,24INR0161,False,0,Miranda Solar Project,ok,42,
False,True,False,0.8992665,True,"CDSE auth fix then imagery sweep — site candidate at substation coords (31.193, -102.314) needs ground-truth; companion BESS project 24INR0383 may share footprint | Developer ID: ercotqueue.com names 'Crane II Solar Electric LLC' (not 'Soda Lake Solar 2 SLF LLC') — verify in TX SOS and look for parent company / financing",True,23INR0080,False,0,Soda Lake Solar 2 SLF,ok,42,
False,False,False,0.8983645499999999,True,PUCT Interchange IA filing (Feb 2022) — retrieve PDF to verify milestone schedule and check for amendments/terminations | FIS approval status — queue shows FIS requested 2017 but never approved despite IA signed; investigate if waived or pending,True,20INR0143,False,0,Tri-X Solar 1 SLF,ok,43,
False,False,False,0.7106607,False,PUCT Interchange manual search for IA or GIA filings (portal returned 402 during triage — try direct docket search or ERCOT GIM project page) | ERCOT GIM project details page for 24INR0459 to confirm FIS study status and any queue withdrawal risk,False,24INR0459,False,0,Exodus BESS,ok,34,
False,False,False,0.5907515999999998,False,PUCT Interchange was blocked (402) — retry with authenticated session to confirm IA absent vs. unreachable | Locate tap coordinates on LaQuinta–Bruni 138kV corridor to enable site imagery (ERCOT transmission maps or SUDs filing),False,25INR0321,False,0,El Molino Solar SLF,ok,29,
False,False,False,0.96307215,False,"Locate Sunnyside 69kV substation (ERCOT ID 57664) coordinates — CenterPoint territory, Waller County west of Houston; enables imagery pass | Identify parent company behind Caladium Storage LLC — TX SOS lookup, SEC EDGAR full-text search; aggregators show no parent",False,26INR0243,False,0,Caladium BESS,ok,41,
False,False,False,1.0519167,False,"Fix CDSE credentials and run Greens Bayou substation imagery (29.8219, -95.2211) — site candidate is solid, just unimaged | PUCT Interchange manual search for Black Mountain Energy Storage II — portal blocked via WebFetch, worth a browser check for any IA filings",False,23INR0382,False,0,Outer Loop BESS,ok,49,
False,True,False,0.86100315,True,"PUCT docket 35077 IA PDF (requires authenticated PUCT session) — extract milestone schedule and POI details | CDSE imagery (need creds configured) — 3x3 chip grid at 29.044N, 96.503W to check for pad clearing near Ganado substation",True,25INR0441,False,0,Dios BESS,ok,41,
False,False,False,1.0362760500000003,False,Identify whether IA has been filed/executed post 2026-06 via PUCT Interchange (portal was 402-blocked in triage) | Confirm Hexagon Energy as parent developer via TX SOS registered agent lookup (file 0805204410),False,24INR0570,False,0,Marcus Energy Storage,ok,50,
False,False,False,1.0896822000000004,True,"Developer Hexagon Energy was selling its ~2 GW ERCOT BESS portfolio — confirm whether Copano Bay was sold/transferred, which changes execution risk | PUCT Interchange was inaccessible (402) — retry to find IA or FIS study filings",False,25INR0566,True,0,Copano Bay Energy Storage,ok,49,
False,False,False,0.8791488,False,"If FIS approval appears in a future queue snapshot, reassess immediately | Verify BRP Zelus BESS LLC parent — Compass Energy Storage at 333 Clay St, Houston; check TX SOS for corporate tree",False,24INR0131,False,0,Zelus BESS,ok,40,
False,True,False,0.9629709,False,"Fix CDSE credentials and run imagery on Pawnee Substation coords — battery pad is compact, imagery is the fastest signal | PUCT Interchange direct search for IA filing (portal was 402-blocked during triage — try authenticated session or alternate URL pattern)",False,25INR0491,False,0,Tarim BESS,ok,46,
False,False,False,1.0388128499999998,True,"PUCT Interchange IA search for 'BRP De Los Santos BESS LLC' — developer identified, IA status unknown (PUCT blocked during triage) | BRP entity research — parent developer unknown; clarify if BRP Energy / BRP Renewables and assess portfolio track record",False,24INR0142,False,0,De Los Santos,ok,48,
False,True,False,0.8169589500000001,True,"IA exists (iaSigned 2024-11-14) — retrieve the IA from PUCT Interchange (portal was 402 during triage) for parties, POI details, and milestone schedule | CDSE credentials not active — re-run T6 imagery grid around West Colombia substation (29.14N, 95.64W) once auth is restored; BESS site will be compact (10-40 ac) so tight chips required",True,25INR0480,False,0,Bell Creek BESS ,ok,37,
False,True,False,1.0009660500000004,True,PUCT Interchange docket for PK Solar LLC / Oncor IA — retrieve milestone schedule exhibit (PUCT was 402-blocked in triage) | Confirm exact POI tap location for Thomas Price substation and true site pin — Willow Creek is in Wise County not Jack; site is somewhere along the 345kV line further north,True,24INR0375,False,0,Possum Kingdom BESS,ok,43,
False,True,False,0.8338161000000001,True,"CDSE imagery at Bonney TX (29.317N, 95.448W) — construction claimed but unverified; fix CDSE creds first | PUCT docket 35077 milestone schedule — portal blocked during triage, schedule may confirm or contradict 2027 COD",True,23INR0150,True,0,Cradle Solar,ok,37,
False,False,False,0.8014006500000002,False,"PUCT Interchange IA search when portal accessible — queue shows no IA but project is pre-construction stage | Imagery at 29.875, -96.49 once CDSE creds configured — site precisely identified, check for ground disturbance",False,26INR0259,True,0,Cottontail Energy Center,ok,38,
False,False,False,1.1702504999999996,False,PUCT Interchange was blocked (402) — retry to find any IA or amendment filings under 'BRP Blue Topaz 5' or 'Augie BESS' | BRP developer portfolio has 5+ ERCOT BESS projects — check if any sibling projects have IA; serial LLC pattern may indicate shared developer activity level,False,24INR0461,False,0, Augie BESS,ok,52,
False,False,False,1.08177285,False,"Kinney County Reinvestment Zone No. 4 document (kinneyco.civicweb.net/document/84190) — confirms county engagement, retrieve abatement terms and parcel/acreage description which would pin the site | FIS status — if FIS is ever approved, project advances meaningfully; watch queue for fisApproved date",False,25INR0501,False,0,Longday Solar SLF,ok,48,
False,False,False,0.9503825999999999,False,If IA ever appears: download schedule exhibit and confirm milestone dates | Identify parent company behind Bobcat BESS LLC (no corporate trail surfaced — TX SOS lookup),False,25INR0385,False,0,Bobcat Cameron BESS,ok,44,
False,True,False,0.9198833999999998,True,"IA PDF on PUCT Interchange (portal was 402-blocked) — retrieve parties page and milestone schedule exhibit to confirm POI coordinates and contractual COD | Developer FPUSA / Cerberus Capital — check for financing close, EPC contract, or NTP announcement for Blanquilla specifically vs. Redbird (only confirmed Eos Z3 PO project)",True,24INR0528,True,0,Blanquilla BESS,ok,39,
False,True,False,0.9269815499999999,True,Locate Stillman Substation 138 kV coordinates via ERCOT transmission maps or AEP Texas interconnection data — required to unlock imagery | Retrieve IA PDF via PUCT Interchange (current 402 may be transient; IA signed 2025-05-22 so document exists) — extract milestone schedule exhibit,False,27INR0399,False,0,Resaca Oasis Storage,ok,44,
False,False,False,1.1028046500000002,False,PUCT Interchange was blocked (402) — retry with session cookie to check for any IA or filing by Goby Energy Center LLC | gmaps.py rate-limited — retry T2 to locate any delivery pin near Karsten or Thompsons substation,False,27INR0209,False,0,Goby Energy Center,ok,50,
False,True,True,0.9372324000000001,True,"Retrieve PUCT Control 35077 / Item 1940 IA document — schedule exhibit may show CEII-redacted milestones; try amendment filings for any schedule updates | Locate exact site coordinates for both Bastrop County parcels (two sites ~10 miles apart) — check Bastrop CAD parcel records, FAA obstruction filings, or LCRA GIS",True,25INR0422,True,0,Waterloo Solar 1,ok,41,
False,False,False,1.1906745000000003,False,"PUCT Interchange IA search once portal accessible — IA filing is the critical next gate to watch | Clear-sky imagery retry at 29.9198,-96.3990 (center substation chip) — June 2026 was cloud-blocked; check 2025-Q4 or 2026-Q1 baseline to confirm bare vs. cleared land",False,26INR0427,False,0,BremRaek BESS,ok,53,
False,False,False,0.8020278000000003,False,Confirm developer identity: 'Brazos Energy Storage LLC' surfaced only from trackers — verify via TX SOS or PUCT filing party when portal accessible | Resolve 'Jack County Energy Storage LLC' Ch.312 abatement (April 2026) — different SPV or unrelated project? Could link to exact site parcel,False,26INR0185,False,0,Beitel Energy Storage,ok,36,
False,False,False,1.3587524999999996,True,"Confirm developer identity: infrasure.ai says 'Vaughn Battery Storage LLC', cleanview says 'Valor Infrastructure Partners', OCI Hillsboro Solar listed as related — resolve true parent/sponsor | Locate Keith 138kV substation precisely (ERCOT transmission map or county parcel search) and re-run imagery on confirmed pad",False,26INR0200,True,0,Vaughn Energy Storage,ok,53,
False,False,False,0.9215085000000001,False,"Verify developer identity: unconfirmed leads are Matagorda ESS LLC, RIC Development LLC, Barrio Energy — check TX SOS and EIA-860 Form 860 for plant ID | Substation pin: locate 138kV Blackcat Substation #80124 via ERCOT transmission map or AEP Texas asset data to enable imagery",False,26INR0376,False,0,Blackcat Storage,ok,40,
False,False,False,0.9185647499999997,False,Locate River Oaks (7173) substation coordinates via ERCOT nodal data or GIS parcel search to enable imagery | Search Texas SOS for 'Englehardt BESS LLC' or parent developer entity to identify sponsor,False,28INR0436,False,0,Englehardt BESS,ok,43,
False,True,False,0.8475731999999998,True,IA document content: PUCT Control 35077 Item 2149 — fetch parties/POI page and milestone schedule exhibit (session-authenticated browser required) | Confirm exact site location: substation search for 'Long Lake Sub' (Bus 3280) in Oncor transmission maps to pin a precise site candidate for imagery,True,24INR0269,True,0,Bar Candela Solar SLF,ok,37,
False,False,False,0.8046126000000001,False,"Retry CDSE imagery with valid credentials — Sand Bluff substation lat=32.0035, lon=-101.2732, 2km buffer; check for graded pad beside substation | PUCT Interchange was 402-blocked — retry in a session that can access it; search FilingParty='RWE Clean Energy' or 'Feather Dalea' for IA or GIA filings",False,27INR0371,False,0,Feather Dalea BESS,ok,41,
False,True,False,0.8572378500000003,True,"IA PDF retrieval — PUCT Interchange was 402-blocked during triage; IA signed 2025-05-23 per ERCOT records, extract milestone schedule and POI confirmation | Rapido Substation location — new ETT 345 kV substation with no public coordinates yet; ERCOT transmission planning filings or ETT PUCT docket may have maps",True,23INR0561,False,0,Cascabel Wind 2,ok,40,
False,True,False,0.8465574000000001,True,"PUCT IA filing (docket 35077) — PDF blocked during triage; parties/schedule exhibit needed to confirm milestone dates and CEII status | FAA OE/AAA turbine filings for Zapata County — decisive site coordinates; none found via DDG, search oeaaa.faa.gov directly",True,24INR0424,False,0,Cascabel Wind 1,ok,39,
False,True,False,0.7226004000000001,True,Retrieve IA from PUCT Interchange (portal blocked during triage) — parties page + milestone schedule exhibit are primary COD evidence | Locate Herndon Switch Substation #3804 coordinates via ERCOT transmission map or PUC GIS layer to enable imagery,True,22INR0605,False,0,Camino Santiago Solar,ok,37,
False,True,False,0.7096839000000001,True,Retrieve PUCT Interchange IA filing for Corralitos Wind 1 (filer: Bordas Renewable Energy LLC) — extract milestone schedule and POI coordinates from the IA document | FAA OE/AAA obstruction filings for Zapata County wind turbines — decisive for exact site coordinates,True,24INR0505,False,0,Corralitos Wind 1,ok,32,
False,True,False,1.37752005,True,"Resolve developer identity discrepancy: T3 surfaces Vaquero Wind Energy LLC, T4 surfaces Las Crestas Wind Energy LLC as IA counterparty — clarify relationship (SPV vs. parent) before further research | PUCT case 35077: IA was found but portal blocked (402) — retrieve PDF to get milestone schedule exhibit and project map; IA covers both Wind 1 and Wind 2 jointly",True,24INR0506,False,0,Corralitos Wind 2,ok,62,
False,True,False,0.9907129499999997,True,PUCT IA #35077 milestone schedule — try PUCT OpenData API or amendment filings to get the schedule exhibit (portal was 402 during triage) | Locate Edith Clarke / Cottonwood 345kV substation coordinates to get a real site candidate — then re-run imagery at correct center,True,27INR0127,True,0,Bigway Solar I,ok,44,
True,False,False,1.00353675,True,Ch.312 reinvestment zone hearing was 2026-07-13 — retrieve Colorado County Commissioners Court minutes or application PDF for exact parcel/acreage map to nail site coords | Harrison Street Development LLC — verify developer identity and portfolio; confirm if this is Harrison Street Real Assets (Chicago-based PE) or another entity,False,27INR0147,True,0,Paloma Energy Center,ok,43,
False,True,False,1.2175155000000004,True,FAA OE/AAA turbine filings for Pecos County — decisive for exact turbine coordinates and site boundary | PUCT Interchange IA PDF (iaSigned 2026-03-18) — extract milestone schedule exhibit and POI tap coordinates,True,27INR0510,False,0,Pecos Wind,ok,46,
False,False,False,0.9336675000000003,False,LLC confirmed as GRS BESS TEXAS SEVEN LLC (not Steelhead Energy Storage LLC) — check PUCT Interchange with correct filer name when portal accessible | GRS (grs.energy) runs numbered BESS series — check sibling projects (Seven/Eight/Ten) for IA template or construction precedent indicating pipeline seriousness,False,27INR0145,False,0,Steelhead Energy Storage,ok,41,
False,False,False,0.9032648999999998,False,"Verify CDSE credentials and run imagery at AEP Lytle substation (29.2167, -98.8447) ±1km — construction signal is the fastest development indicator given no IA | PUCT Interchange search for Cattlemen BESS LLC (actual developer, not Chacon Creek LLC) — use interactive session or alternative access method",False,27INR0206,False,0,Chacon Creek,ok,38,
False,False,False,1.0704612000000002,False,"Locate GANSO 138kV substation coordinates (site 8267, Maverick County) to enable imagery — try ERCOT network model XML/CIM download or PUCT transmission map | Confirm developer identity: Maverick ESS LLC vs RIC Development LLC — check TX SOS for both, look for parent/parent-of-parent with active portfolio",False,24INR0617,False,0,Serrano Storage,ok,49,
False,False,False,0.8377543499999999,True,PUCT docket 59315 (doc 4260_1618285) — Basketflower Solar filing references IA and 765 kV transmission conflict; retrieve when portal accessible | Land parcel identification — article cites CEB Ranch and Harrison PV options near Rising Star but no recorded Basketflower docs; county deed/CAD search for precise site polygon,False,26INR0468,True,0,Basketflower Solar,ok,36,
False,True,False,1.0379281499999997,True,"Locate Fernleaf 138kV substation coordinates to tighten site estimate from county-level to sub-km | Retry imagery once CDSE creds refreshed — developer page claims construction 2025-2027, so activity may be visible",True,24INR0298,True,0,Leighton Solar SLF,ok,47,
False,True,False,0.6838375500000002,False,Locate ODLASW 138kV substation coordinates to anchor site candidate for imagery | PUCT Interchange search for Greenray Solar Corp (control #58077) — IA or FIS study filings,False,25INR0622,False,0,Turkey Creek Solar SLF,ok,35,
False,False,False,0.9387868500000003,False,Identify parent developer behind Frizzle BESS LLC SPV (1501 S Mopac Ste 220 Austin) — track sibling INRs at same address to find sponsor | Locate TNSLVRLEAF substation coordinates via ERCOT MIS or TNMP maps to enable imagery,False,27INR0562,False,0,Frizzle BESS,ok,42,
False,True,False,0.9535192499999998,True,"PUCT Interchange Control #58080 and IA filing — portal blocked at triage, download IA PDF to get milestone schedule exhibit and confirm POI exact coords | Imagery re-run with clearer date window (winter/spring) and tighter buffer (~1 km) around Angleton TNP substation to rule out construction start",True,26INR0314,False,0,Brazos River BESS,ok,44,
False,True,False,0.87994845,True,IA document: signed 2025-03-17 per queue — retrieve PDF from PUCT Interchange (needs authenticated session) to extract POI/milestone schedule and parties | FAA OE/AAA filings: search for turbine obstruction filings in Tom Green County near Water Valley to get precise turbine coordinates and confirm layout,True,20INR0247,False,0,Water Valley Wind Energy,ok,41,
True,False,False,1.1570408999999997,True,Pin the exact parcel: Fisher County Appraisal District search for Innovative Solar 245 / IS245 landowner filings — abatement agreement should list legal description | PUCT Interchange IA search via authenticated session: FilingParty = 'Innovative Solar 245' or 'GGS Energy' (infrasure named GGS as developer),False,25INR0547,True,0,Indigo solar 2,ok,42,
False,True,False,1.18581615,True,"Locate exact Emory North substation coordinates (ERCOT GIS, Oncor maps, or OpenStreetMap) and re-run imagery at that precise location with tighter buffer | Download PUCT 35077 IA PDF (direct access needed — 402 during triage) to extract POI page, milestone schedule exhibit, and any site coordinates",True,25INR0370,True,0,Willis Storage,ok,53,
False,True,False,0.8848321499999999,True,"IA schedule exhibit: docket 35077 doc 2141 — blocked at PUCT portal (402), milestone schedule and COD contractual date unread | Site location: no pin found (gmaps 429), no coordinates from POI infrastructure — need Big Onion substation lat/lon to anchor imagery",True,26INR0241,False,0,Sol Marina Energy Center,ok,40,
False,True,False,1.1657197499999998,True,"FAA OE/AAA obstruction filings — search by county (Navarro) and applicant (Leeward/Bluebonnet Prairie Wind) to get exact turbine coordinates; decisive for imagery re-centering | PUCT Interchange IA docket — IA signed 2025-07-03, docket not retrieved (portal blocked); pull milestone-schedule exhibit to assess COD realism",True,25INR0247,True,0,Bluebonnet Prairie Wind,ok,42,
True,True,False,1.11451785,True,"Locate actual site parcel (Somervell CAD or Lydian Energy press release map) and re-run imagery over correct coordinates — POI-anchored grid likely missed the field | Retrieve PUCT Interchange IA via alternate party names: Lydian Energy, Yellow Viking Development One LLC, European Energy",True,21INR0520,True,0,Yellow Viking Solar,ok,47,
False,True,False,1.0569670500000001,True,"IA exists (PUCT Control No. 35077, filed 2023-11-30) but milestone schedule exhibit not retrieved — PUCT Interchange returned HTTP 402; fetch the IA PDF directly and extract CEII-redacted or public schedule | Developer mismatch to resolve: ERCOT queue shows 'Gransolar Texas Eight LLC' but infrasure.ai attributes project to 'Adapture Renewables'; verify current owner / any transfer of interconnection rights",True,23INR0349,False,0,Tokio Solar,ok,45,
False,True,False,0.9964720500000003,True,"Resolve site coordinates: Franklin County permit records or ERCOT GIS node map for Woodard Switch 345 kV (node 11699) — needed to unlock imagery | Run Sentinel-2 imagery once site located: groundbreaking confirmed Mar 2026, construction likely visible",True,24INR0150,True,0,Lupinus Solar 1,ok,42,
False,False,False,0.7807590000000001,True,IA signed 2023-05 but FIS never approved — pull PUCT Interchange IA filing for Sunnyside Energy / Dori Wolfe to check schedule exhibit and any amendments | Companion solar project 23INR0040 Dori BQ Solar may share site and IA — cross-check its queue history and any PUCT filings,True,24INR0196,False,0,Dori BQ BESS,ok,37,
False,True,False,0.9690288,True,Locate Twinwood Solar 1 (26INR0425) site precisely via its IA or county parcel — BESS1 almost certainly co-located; then re-run imagery on true site center | Retrieve IA PDF from PUCT Interchange (portal blocked during triage) — extract milestone schedule and POI confirmation,True,26INR0426,False,0,Maderagemela BESS1,ok,42,
False,True,False,0.9897543000000003,True,IA exists (35077_2099_1484476) but PDF is 402-blocked — retrieve full IA to extract milestone schedule exhibit and POI one-line diagram | Precise Canton Tap substation coordinates needed — use POI geometry to re-run imagery at tight 1-km buffer,True,25INR0253,False,0,Whiskey BESS,ok,46,
False,True,False,0.7855989000000001,True,"PUCT Interchange blocked during triage — retry IA filing for Rayburn Country Electric Cooperative docket to get milestone schedule and COD commitments | Developer UR-Silo DevCo LLC / 'Project Fox' — search for financing announcements, EPC contracts, or procurement filings",True,25INR0384,True,0,Zorro BESS ,ok,39,
True,True,False,0.9746961000000001,True,Geolocate Phantom Hill 345 kV substation precisely (HIFLD/OpenInfraMap/PUCT Tx line filings) then re-run 1 km buffer chip to find battery pad | Pull PUCT case 35077 IA PDF (direct download or PUCT search session) to extract milestone schedule exhibit and check for CEII redactions,True,22INR0457,True,0,Anson BAT,ok,45,
False,False,False,0.9181031999999999,False,"PUCT Interchange control 35077 (CenterPoint IA filing for 'Rock N' Roll Storage SLF') — confirm if this is the IA for this project or a sister project; PUCT portal blocked during triage, needs direct browser access | Verify developer identity: 'Rock N' Roll Solar, LLC' (queue/T3 sources) vs 'Rock N' Roll Solar SLF, LLC' (identity packet) — possible SPV distinction",False,24INR0041,False,0,Rock N' Roll Solar SLF,ok,41,
False,False,False,0.8379957000000001,True,Locate IA filing via PUCT Interchange when portal is accessible (was 402-blocked during triage) | Identify and geolocate RWMILLER and JAYBIRD 138kV substations to establish site candidate for imagery,False,26INR0364,False,0,Pollo Pinto Solar,ok,37,
False,True,False,0.840162,True,"IA confirmed to exist (Oncor/PUCT case ~35077, Nov 2025) but PDF not retrieved — download IA to extract milestone schedule and CEII-flagged construction dates | Construction signal from Facebook text not confirmed by imagery — re-attempt imagery with corrected parcel coords (try USGS USPVDB viewer or county appraisal district for Evan Ranch parcel centroid)",True,27INR0049,True,0,Darkwood Solar,ok,39,
False,True,False,1.1985067500000002,True,Imagery: CDSE creds need refresh — re-run T6 grid at confirmed site coords once pin or IA map available; construction reportedly active so satellite should show panel installation or grading | Site coordinates: gmaps.py was rate-limited; retry to get precise pin; also try Hopkins CAD owner search for Cedar Range Solar LLC or Zelestra,True,25INR0204,True,0,Cedar Range Solar,ok,50,
False,False,False,1.0065794999999997,False,PUCT Interchange unblocked — search FilingParty='RWE Clean Energy' or 'Palo Verde BESS' for any IA or amendment filings | Grissom substation precise location via AEP Docket 51912 maps — needed before imagery can be useful,False,27INR0227,False,0,PALO VERDE BESS,ok,43,
False,False,False,0.9296643,False,Confirm no IA via PUCT Interchange (portal blocked during triage — try authenticated session) | Fix CDSE credentials and run imagery at Pleasant Springs substation vicinity to check for site prep,False,25INR0342,False,0,Nickel Spruce Solar,ok,44,
False,False,False,0.9845889000000002,True,PUCT Interchange IA search — portal returned 402 during triage; try authenticated access or alternate URL for FilingParty=Peregrine BESS 2 / Peregrine Energy Solutions | RAPTOR7A substation coordinates — ERCOT nodal model or AEP TX GIS; needed to unlock imagery; RWE Peregrine Solar (Goliad) may share the same substation corridor,False,25INR0078,False,0,Peregrine BESS 2,ok,44,
False,False,False,0.8522373000000003,False,PUCT Interchange IA search (portal was blocked 402 during triage — retry with authenticated access) | Developer/LLC identity — CATHODE BESS LLC not found in any registry; TX SOS lookup needed,False,24INR0394,False,0,CATHODE BESS,ok,42,
False,False,False,0.9426816,False,Verify CDSE credentials and run imagery grid around Downie substation — only missing signal that could change the verdict | PUCT Interchange search for CED Development Inc. filings — may reveal IA or amendment filings for any PHOTO BESS sibling that would indicate developer seriousness,False,24INR0122,False,0,PHOTO BESS 2,ok,44,
False,False,False,0.7462434000000002,False,Locate Hendrick 138kV substation coords (ERCOT network map or OpenInfraMap) then run imagery to establish site candidate | PUCT Interchange: access via authenticated session to search FilingParty='Solara BESS 1' for IA or study filings,False,24INR0378,False,0,Solara BESS 1,ok,35,
False,False,False,0.7570954500000001,False,"If reactivating: locate Castillo 138kV substation coordinates via ERCOT transmission planning maps or PUCT substation data file, then run imagery to confirm bare vs active pad | PUCT Interchange search for IA or FIS filings when portal is accessible (not behind 402)",False,24INR0393,False,0,ELECTRODE BESS ,ok,37,
False,False,False,0.92109105,True,"IA signed 2020-09-15 but PUCT Interchange portal blocked — retrieve IA PDF to confirm POI, party names (Innovative Solar 245 LLC vs other SPV), and milestone schedule | Precise site location unknown — gmaps rate-limited; deep scan should search for parcel records, abatement application maps, or ISS portfolio disclosures naming the Fisher County tract",True,21INR0031,True,0,Indigo Solar,ok,44,
False,False,False,1.03694805,False,Locate Hendrick 138kV substation coordinates (HIFLD/EIA Form 860 direct download) to enable imagery check | PUCT Interchange direct portal search for CED Development IA filings (requires browser session — not accessible via WebFetch),False,24INR0379,False,0,Solara BESS 2,ok,50,
False,False,False,0.8481097499999999,False,FIS status: check ERCOT GIS study queue for whether FIS is nearing completion — queue stuck at FIS-requested since 2022 | Developer CED Development Inc.: search SEC/state filings for parent company or financing; verify they are still active on this project vs. placeholder,False,23INR0206,False,0,PEREGRINE BESS,ok,39,
False,True,False,0.9273067500000002,True,PUCT case 35077: fetch IA (Item 2238) + First Amendment (Item 2246) — extract milestone schedule; amendment filed 26 days after IA may indicate schedule revision | Exact site location: no pin or abatement map; Ding Dong substation is a low-confidence proxy — search Bell County parcel records or KWTX/local news for land lease/purchase,True,25INR0281,True,0,Cosper Solar,ok,42,
False,True,False,1.2281269499999998,True,"Retrieve IA document from PUCT Interchange (site was 402-blocked during triage) — extract parties, milestone schedule, CEII status, and identify developer behind 'Felix 2, LLC' | Resolve Riley Substation (#6101) coordinates via ERCOT transmission map or AEP Texas filing — this unlocks FAA OE/AAA turbine coordinate lookup and imagery",False,27INR0004,True,0,Dundee West Wind,ok,47,
False,True,False,1.3661216999999997,True,PUCT Interchange: IA docket number unknown — portal JS-gated; try direct PUCT docket search for 'BRP Brizo BESS' to retrieve IA PDF and milestone schedule exhibit | Developer identity: 'BRP' parent behind BRP Brizo BESS LLC unresolved — TX SOS registered agents / DE corp records may surface a PE sponsor or EPC partner,True,23INR0342,False,0,Brizo BESS,ok,61,
False,True,False,0.9349692000000002,True,PUCT docket 35077: download original IA and Amendment No. 3 (2025-10-13) to extract milestone schedule — Amendment likely reflects COD slip from 2026-09-16 to 2027 range | Fix CDSE credentials and run imagery at confirmed site (groundbreaking March 2026 — construction should be visible in 2026 Sentinel-2),True,23INR0289,True,0,Skull Creek Solar,ok,41,
False,True,False,0.9904892999999999,True,Locate Pecan Street 3352 138kV substation in Hill County via ERCOT nodal model or ONCOR transmission maps to establish a site candidate for imagery | Pull IA from PUCT Interchange via authenticated session — iaSigned=2025-08-04 is confirmed in queue but PDF not retrieved; need milestone schedule exhibit,True,25INR0122,False,0,Vial BESS,ok,38,
False,False,False,0.9623790000000002,False,TX SOS entity search for 'Anagram Solar LLC' to find registered agent and parent developer — gmaps was rate-limited in triage | Live Oak County CAD parcel search by owner 'Anagram Solar' to establish site geometry,False,25INR0621,False,0,Anagram Solar,ok,41,
False,True,False,1.1256406499999998,True,"IA document: milestone schedule exhibit — retrieve from PUCT Interchange (docket search by OCI Energy or CPS Energy, CEII-redacted version may exist); queue data shows IA signed 2025-05-22 | Site pin: groundbreaking was May 2026 at former JT Deely site — acquire post-June 2026 imagery at tighter buffer (~0.5 km) to detect container rows",True,26INR0330,True,0,Alamo City BESS,ok,41,
False,True,False,0.8325828000000001,True,IA PDF from PUCT Interchange — retrieve milestone-schedule exhibit (PUCT was 402-blocked during triage; try direct PUCT search or ERCOT Nodal Protocol filing search) | Developer/parent company identification — LLC is DE-domiciled with TX registration 2023-07-14 (file# 0805142190); no parent surfaced; Texas SOS business search may resolve,True,25INR0319,False,0,Northington Solar,ok,38,
False,False,False,0.9499631999999998,False,"County economic development grant (revised Sep 2024, $80M) — obtain full Lufkin Daily News article and grant agreement to confirm site address and any project schedule commitments | LLC registration (San Jose TX principal) — check TX SOS for parent entity or principals; no developer identity established",False,24INR0174,True,0,Solar Star North Herty Storage,ok,38,
False,True,False,0.9446040000000001,True,"IA confirmed (PUCT docket 35077, item 2325, Orca Falls Solar LLC + Oncor) but portal blocked 402 — deep pass should extract parties page, POI description, and milestone schedule exhibit | Paired storage project 26INR0131 shares same IA; confirm capacity and COD alignment",True,26INR0130,False,0,Elm Flats Solar SLF,ok,42,
False,False,False,0.9406944,False,PUCT Interchange was blocked (HTTP 402) — attempt IA search for 'Becerra Creek' or 'Bordas Renewable' when portal access is restored | Developer 'Bordas Renewable Energy' has no web presence beyond data-aggregators — verify company registration in TX SOS or SEC EDGAR,False,27INR0003,False,0,Becerra Creek Storage 2,ok,45,
False,False,False,0.9013159500000001,False,Load real CDSE credentials and run imagery at Cenizo substation — battery sites are compact and could appear quickly if ground disturbed | PUCT Interchange (402-blocked here) — check for IA filings under 'Bordas Renewable Energy' or 'Becerra Creek' once portal accessible,False,26INR0024,False,0,Becerra Creek Storage 1,ok,43,
False,True,False,0.9035761500000002,False,Fix CDSE credentials and run imagery grid around Asherton 8283 substation — only concrete remaining signal path | PUCT Interchange direct portal check (402 may be session/auth issue) — search FilingParty=Saluga Ranch Storage for IA,False,26INR0356,False,0,Saluga Ranch Storage,ok,39,
False,True,False,1.2311216999999994,False,PUCT Interchange IA search (portal was 402-blocked during triage) — run when accessible; FIS approval + IA signing are the key pending gates | CDSE imagery once credentials available — tight 1-km buffer around Royse City 345kV substation for BESS pad/container signal,False,26INR0418,False,0,TE Smith Storage 2,ok,48,
False,False,False,0.85222395,False,"Identify developer parent behind 'Journey Solar, LLC' — TX SOS business search may reveal a known solar developer or shelf LLC | If PUCT Interchange portal access improves, search FilingParty=Journey Solar for any IA or GIS study filings",False,27INR0217,False,0,Journey Solar,ok,39,
False,False,False,0.9154336499999999,False,"Locate Miracle Lake Substation #5700 exact coords (ERCOT TPD or ATC maps) — current site candidate is speculative | Confirm SPV name: tracker sites say 'Atascosa BESS, LLC' not 'Great Hambino BESS, LLC' — check TX SOS registration",False,26INR0654,False,0,Great Hambino BESS,ok,43,
False,False,False,0.9511285500000001,False,PUCT Interchange manual search for 'BRP Ampato' (portal was HTTP 402-blocked during triage — could hold IA or amendment filings) | Resolve CDSE credential failure and re-run full 3x3 chip grid centered on NS Crane Switch substation once coordinates are confirmed,False,23INR0074,False,0,BRP Ampato BESS,ok,43,
False,True,True,1.03526415,True,Re-center imagery on cleared area and pull baseline chip (2024-2025) to confirm this is new disturbance | Retrieve IA PDF from PUCT Interchange (docket search under Sabanci or OCI Energy) — schedule exhibit will have NTP/substantial completion milestones,True,26INR0380,True,0,Pepper Solar Farm,ok,45,
False,True,False,0.9939009000000003,True,"PUCT IA doc 35077_2254_1537453 — extract milestone-schedule exhibit (NTP, construction, energization dates); portal was 402-blocked during triage | Refresh CDSE credentials then run tight chips around Fairfield TX substation to check for site prep",True,26INR0033,True,0,Fairway Storage,ok,45,
False,False,False,0.8701912500000002,False,Fix CDSE auth and run imagery at Brock substation area — BESS site may already be visible as gravel pad near substation | PUCT Interchange: search for IA or GIA filing under 'Buckaroo BESS' or 'Weatherford BESS' once portal accessible,False,26INR0498,False,0,Buckaroo BESS,ok,42,
False,False,False,0.8763129,False,"Verify whether companion Razorbill Solar (22INR0244) has an IA — RWE may be bundling; if solar IA exists, storage may follow | Check PUCT Interchange with authenticated session: FilingParty='RWE Solar Development' for any Razorbill IA or amendment filings",False,22INR0382,False,0,Razorbill Storage,ok,39,
False,False,False,0.9677991000000001,False,Resolve PUCT Interchange when portal is accessible — search FilingParty='Riverwalk BESS' and Description='Riverwalk' to confirm whether IA exists or project is purely speculative | Identify Martinez Substation 138kV location (ERCOT bus 5294) via ERCOT nodal map or CPS Energy GIS — needed before any imagery can run,False,24INR0392,False,0,Riverwalk BESS,ok,41,
False,False,False,0.8741285999999999,False,"Locate VICTORIA4A substation coordinates to enable tight imagery search around the actual POI | Companion project 27INR0169 (Marcos Solar SLF, 216 MW) shares developer — check if that project has an IA that bundles BESS",False,27INR0170,False,0,Marcos BESS,ok,41,
,,,0.9586390500000003,,,,25INR0164,,,Star Dairy Solar,no_findings,44,triage_findings.json missing
False,False,False,0.6529764,False,Confirm Grenergy USA as developer via Texas SOS entity search for 'Coyote Ridge BESS LLC' | Locate 'Holder 138 kV' substation coordinates via ERCOT transmission map or OpenInfraMap to enable imagery,False,27INR0432,False,0,Coyote Ridge BESS,ok,32,
False,False,False,0.8955780000000001,False,"Configure CDSE credentials and pull imagery at 26.1811,-97.7233 to check for BESS pad construction adjacent to West Harlingen substation | PUCT Interchange manual search for SMT Harlingen III LLC — requires browser session (402 blocked); check for IA filing or FERC QF notice",False,24INR0572,False,0,Megacharge BESS,ok,41,
False,False,False,0.884046,True,Nofar USA acquisition: confirm Solheim Solar is in transferred portfolio and identify new project contacts/timeline | PUCT Interchange IA filing: FIS approved Mar 2026 — IA negotiation may have commenced; check interchange.puc.texas.gov for recent Pine Gate / Nofar / Solheim filings,False,25INR0474,True,0,Solheim Solar,ok,39,
False,False,False,0.8079353999999999,False,"Resolve developer identity: PPM THR Solar entity — Texas SOS search, parent company | Locate Rwmiller and Jaybird 138kV substation coordinates to establish a site candidate before attempting imagery",False,25INR0482,False,0,Vault Solar,ok,35,
False,False,False,1.0634385,False,"TCEQ air permit (NSR) search for 'Comanche Creek' in Pecos County — mandatory for any gas plant, absence confirms paper project | TX SOS entity search for 'Comanche Creek generating station LLC' — developer identity unknown",False,26INR0537,False,0,Comanche Creek generating station,ok,44,
False,True,False,1.0042042499999997,True,IA content: queue confirms iaSigned=2024-09-04 but PUCT Interchange was 402-blocked — retrieve IA PDF for milestone schedule and POI details (Austrop sub exact location) | Austrop substation exact coords: OSM/USGS lookup or ERCOT CIM data to pin the POI and re-run imagery on the correct footprint,False,25INR0447,False,0,Waterloo BESS 1,ok,46,
,,,0.8708173500000004,,,,25INR0214,,,Burgos Solar,no_findings,42,triage_findings.json missing
False,False,False,0.6806732999999998,False,"Verify Greenalia (developer) corporate activity: any US project completions, financing news, or SEC/FERC filings to gauge developer credibility | PUCT Interchange direct search when portal is accessible — check for any IA or FIS approval filing under 'Greenalia Solar Power Reis' or 'Reis Solar'",False,25INR0082,False,0,Reis Solar ,ok,32,
False,False,False,1.0547190000000002,False,Verify developer entity: T3 surfaced 'CSE Storage LLC' not 'Carolina Storage Friendswood LLC' — check TX SOS for actual registrant and any parent/sponsor | Locate precise Friendswood 138kV substation coordinates (ERCOT bus 38980) to get a meaningful imagery site candidate,False,25INR0550,False,0,Carolina Storage Friendswood,ok,45,
False,True,False,0.9541416000000001,True,"PUCT Interchange IA filing — portal returned 402 during triage (session-cookie required); try with authenticated session for FilingParty='Flying Kite Bess LLC' | Actual La Pryor substation coordinates — use AEP Texas transmission map or OpenInfraMap to pin the 138kV substation pad precisely, then run 1km-buffer imagery",False,27INR0274,False,0,Flying Kite Bess,ok,44,
False,True,False,0.8192286000000001,False,"PUCT Interchange: search for IA filing when portal becomes accessible — project has no confirmed IA yet | CDSE imagery once credentials configured: substation at 31.683N,-96.486W, buffer-km 1, check for battery pad grading",False,26INR0619,False,0,Bonham Storage SLF,ok,39,
False,False,False,0.9490713,False,Verify developer Ignis TX Solar Three LLC — parent company unknown; may surface active/inactive development signal | PUCT Interchange: session-authenticated search for 'Slate Solar' or 'Ignis' as filing party — no IA found via queue but worth confirming no shadow IA,False,24INR0184,False,0,Slate Solar Project,ok,47,
False,True,False,1.03223625,True,IA signed 2024-12-16 — PUCT Interchange IA PDF blocked (402) during triage; retrieve parties page + milestone/schedule exhibit to confirm developer identity and COD commitment | Hog Creek Switch exact coordinates: locate 345kV switch on ERCOT transmission map to get precise site lat/lon for imagery,True,25INR0442,False,0,Happy Dog Storage,ok,47,
False,True,False,0.9697688999999999,False,Locate DOBVI 138kV substation coordinates (ERCOT transmission map or Oncor/PEC GIS) to enable imagery | Try PUCT Interchange search for IA when portal access is restored — FilingParty and Description search on 'Mineral Springs',False,26INR0499,False,0,Mineral Springs BESS,ok,40,
False,True,False,1.02621465,False,"IA status: FIS approved Jul 2025 — check if IA has been executed since (would be the key catalyst); PUCT Interchange was blocked at triage, worth a manual portal check | Developer identity: zero web presence found; TX SOS lookup for 'Aggie Solar Project SLF LLC' to confirm developer and any parent company",False,26INR0388,False,0,Aggie Solar Project SLF,ok,41,
False,False,False,0.87451125,False,FIS approval: check ERCOT GIS report updates for fisApproved milestone — this is the next gate that would signal project is advancing | Developer identity: 'Anawa La' name is opaque; try TX SOS entity search for 'Anawa La BESS LLC' to find parent company and track their other projects,False,27INR0233,False,0,Anawa La BESS,ok,39,
False,False,False,1.1606205000000003,False,PUCT Interchange was blocked (402) — manually query filings for 'Pequin Energy Storage' to confirm no IA exists | TX SOS entity search for 'Pequin Energy Storage LLC' to identify developer/parent company before committing to deep scan,False,23INR0194,False,0,Pequin Energy Storage,ok,42,
False,False,False,1.4056424999999997,False,Locate Holiday Sub / Soaptree TNP coordinates (ERCOT GIS or FERC Form 715) — prerequisite for imagery | PUCT Interchange search for IA filing once portal access available (session-gated during triage),False,27INR0440,False,0,Wisdom BESS SLF,ok,43,
False,True,False,0.8487743999999999,False,LLC registration: TX Comptroller taxable entity search for 'Pioneer Path Energy Storage 3 LLC' — developer identity completely unknown | PUCT Interchange FilingParty search once IA filed — none on file as of 2026-07-19,False,27INR0424,False,0,Pioneer Path Energy Storage 3,ok,43,
False,True,False,1.0415174999999999,False,PUCT Interchange IA search — portal requires authenticated session; check FilingParty='Pioneer Path Energy Storage' and Description contains '27INR0423' | Developer identity unknown — Texas SOS entity search for 'Pioneer Path Energy Storage' LLC may surface developer name and PE backing,False,27INR0423,False,0,Pioneer Path Energy Storage 2,ok,43,
False,True,False,0.9108183000000002,False,PUCT Interchange: search for IA filing (portal was 402-blocked during triage — access via authenticated session or PUCT direct search UI) | Developer/LLC identity: 'Prairie Horizon Energy Storage 3' returned zero web hits — check TX SOS direct lookup for LLC registration and registered agent to identify developer,False,27INR0428,False,0,Prairie Horizon Energy Storage 3,ok,44,
False,False,False,1.1608349999999998,False,FIS approval watch: project is FIS-requested but not approved; check next GIS monthly snapshot for FIS approval date — that resets COD plausibility | POI substation location: 'TNP ONE PLANT - 3400 TWIN OAK' exact coordinates not found; a TAMU or ERCOT transmission map lookup would unlock imagery targeting,False,27INR0427,False,0,Prairie Horizon Energy Storage 2,ok,50,
False,True,False,1.1752322999999998,False,Confirm POI substation coordinates via ERCOT transmission map or CAD parcel data — low-confidence site candidate needs grounding before imagery is useful | Re-run imagery on a clear-sky date (winter/spring) once site is pinned — June cloud cover obscured everything,False,27INR0425,False,0,Pioneer Path Energy Storage 4,ok,48,
False,True,False,1.2145939499999998,False,Confirm Twin Oak substation coordinates (ERCOT nodal map or PUCT transmission filings) — current site estimate may be wrong county | PUCT Interchange IA search when portal access available (currently 402-blocked) — project may have an IA filed post-2026-06,False,27INR0426,False,0,Prairie Horizon Energy Storage 1,ok,53,
False,True,False,1.0248826500000003,False,"Configure CDSE credentials and run imagery at Twin Oaks area (~31.15N, -96.72W) — battery site would be a compact gravel pad beside the substation | Retry PUCT Interchange when portal is accessible — search FilingParty='Pioneer Path Energy Storage' for IA filing",False,27INR0418,False,0,Pioneer Path Energy Storage 1,ok,43,
False,False,False,0.9562058999999999,False,Locate TNP ONE PLANT / Twin Oak 345kV substation coordinates (ERCOT transmission map or EIA-860) to enable imagery scan | Check sibling projects Prairie Horizon 1-3 (25INR and 26INR series) for any shared IA or developer announcements that could confirm Tempus Power commitment,False,27INR0429,False,0,Prairie Horizon Energy Storage 4,ok,42,
False,True,False,0.8702398499999999,True,Phase 1 (27INR0485 or similar INR) IA status — Phase 2 COD is contingent on Phase 1; find Phase 1's milestone state | Austin Energy tolling agreement (City Council 2025-07-24) — confirm whether it covers Phase 2 or only Phase 1; contract text is the key credibility anchor,False,27INR0486,True,0,Blackland Prairie 2 Energy Storage,ok,42,
False,True,False,1.1114747999999999,True,"PUCT Interchange IA PDF — retrieve milestone schedule exhibit (CEII-redacted?); try filing search via PUCT e-filing portal directly | Pin the Austrop 138kV substation precisely (OpenInfraMap, LCRA GIS, or ERCOT transmission map) then run tight imagery grid",True,27INR0485,False,0,Blackland Prairie 1 Energy Storage,ok,52,
False,True,False,0.9796408500000001,False,Verify whether Jupiter Power filed an IA with ERCOT — search PUCT Interchange with authenticated browser session for 'Balcones Ridge Resiliency III' or '27INR0487' | Check Austin City Council records for Balcones Ridge Resiliency battery tolling agreement details (base entity vs III) to confirm site address and MW,False,27INR0487,False,0,Blackland Prairie 3 Energy Storage,ok,48,
True,True,False,1.6332091499999999,True,"PUCT Interchange GIA retrieval — confirmed filed with Brazos Electric under §25.195(e), blocked in triage; get parties/POI page and milestone schedule | Imagery at POI corridor (Hamilton–Gustine line, ~31.77N -98.26W) — CDSE auth needed; no construction signal obtained",False,22INR0220,False,0,Lamkin Solar,ok,43,
False,True,False,0.8602833000000001,True,"IA signed 2025-08-13 confirmed in queue data — retrieve IA PDF from PUCT Interchange (requires browser session or authenticated tool) to extract parties, POI details, and milestone schedule exhibit | Identify developer/sponsor — no LLC registration or web presence found; try TX SOS business search for 'Lucky 7 Solar LLC'",False,26INR0409,False,0,Lucky 7 Solar,ok,41,
False,True,False,0.9684631499999999,False,PUCT Interchange: search FilingParty='Hynes Bay' when portal accessible — IA may exist post-2026-06 snapshot | Developer identification: no LLC registration or developer found; try TX SOS entity search for 'Hynes Bay Energy Storage LLC',False,25INR0542,False,0,Hynes Bay Energy Storage,ok,44,
True,True,False,1.2429734999999995,True,"PUCT Interchange IA search — portal blocked during triage (402); manual search for docket filed by 'Lyford Energy Storage LLC' likely to find IA or FIS study | Willacy County tax abatement records — Dec 2024 hearing confirmed; obtain the actual abatement agreement (project MW, site address, parcel ID) to pin site precisely",False,24INR0534,True,0,Lyford Energy,ok,53,
False,True,False,0.7665335999999998,True,"Friends Ranch 138kV substation: locate precise coords (ERCOT transmission maps, AEP Texas GIS) — needed to unblock imagery | PUCT Interchange IA filing: retrieve 2022-02-01 IA document for developer identity, milestone schedule, and CEII-redacted capacity terms",False,22INR0455,False,0,Blue Sky Sol,ok,34,
False,True,False,0.8019041999999998,True,"IA signed 2022-06 confirmed in queue data — retrieve IA PDF from PUCT Interchange (portal was 402 during triage); extract milestone schedule exhibit to test COD plausibility | Developer is Leeward Renewable Energy (Salt Lake City); check Leeward portfolio announcements, press releases, or NTP news for this project",True,22INR0342,False,0,Matagorda Solar,ok,37,
False,False,False,0.95027985,False,developer TREX US Luthor LLC is a 2017 TX LLC (Austin) — identify parent company/sponsor for development track record | FIS requested 2023-04-28 but not approved 3+ years later — check if FIS is active or stalled in ERCOT queue comments,False,25INR0106,False,0,Luthor Solar,ok,44,
False,True,False,0.9515050499999999,True,Pin exact Venus Substation coordinates (Oncor infrastructure map or OpenStreetMap) and re-run imagery at 1-km buffer to catch the compact BESS pad | Retrieve IA PDF (PUCT interchange doc 35077_2374) via authenticated access — extract milestone schedule exhibit and COD commitment,True,23INR0216,True,0,Venus Mill Storage,ok,45,
True,True,False,1.1928598499999998,True,"PUCT IA document — IA signed 2023-08-28 per queue data but portal was 402-blocked; retrieve the actual IA PDF for milestone schedule (ERCOT study number, POI, guaranteed COD, liquidated damages) | Ch.313 app #1898 (Damon ISD) — main application PDF 403-blocked; supplement PDF binary; extract developer parent company name, site legal description, and any parcel map",True,21INR0444,False,0,Long Point Storage,ok,42,
False,True,False,1.01975865,True,IA confirmed in queue data (signed 2025-05-20) but PUCT Interchange blocked (402) — retry with authenticated session to extract POI/milestone schedule from IA filing | Site parcel unknown — LaRue centroid is a rough guess; IA filing map exhibit or ERCOT bus coord lookup for bus 6855 (Coffee) and 6849 (New York) would pin the tap and narrow the parcel search,True,27INR0198,False,0,Musgravite Solar,ok,45,
False,False,False,0.9396066000000003,True,"Confirm or refute construction signal: high-res imagery (Planet/Google Earth) of the pad ~0.5 km SSE of Riley Substation (34.075, -99.144 approx); if BESS containers confirmed, this project is ahead of queue milestones | PUCT Interchange IA search: portal was blocked (402) this session — retry for 'Felix Storage' and 'Felix 1 LLC' filings; IA may exist even though queue shows none",False,27INR0009,False,0,Felix Storage,ok,43,
False,False,False,0.8752360499999999,False,Confirm CDSE credentials and run imagery chip at 31.2282/-101.6565 (Santa Rita substation) to check for any site prep — 2-km buffer is sufficient for BESS | PUCT Interchange: attempt direct portal search (interchange.puc.texas.gov) once credentials available — portal blocked in this run,False,22INR0383,False,0,BRP Musca BESS,ok,41,
False,True,False,1.0396174500000004,True,"IA status — no IA signed as of latest queue snapshot; PUCT Interchange was 402-blocked during triage; search authenticated session for Available Power / AP Greenport IA and amendment filings | Site coords — Austrop substation precise location unconfirmed; locate via LCRA transmission map or PUCT TCOS filings, then re-run imagery with tight 1 km buffer",False,23INR0474,True,0,AP Greenport,ok,46,
False,False,False,0.958938,False,PUCT Interchange SGIA lead: T3 snippet mentioned a SGIA between CenterPoint Energy Houston Electric and Cobra Clean Energy Center LLC — retry with a working browser session or PUCT direct search to confirm/download and extract POI/milestone schedule | Substation location: pin down Mustang Bayou #42960 exact coordinates via CenterPoint service territory maps or ERCOT transmission map to get a real site candidate for imagery,False,26INR0374,False,0,Cobra Clean Energy Center,ok,45,
False,False,False,0.9082298999999999,False,Locate Downie Substation 138kV coordinates via ERCOT nodal map or AEP Texas service territory map — needed before any imagery run | PUCT Interchange search for IA filings (portal was 402-blocked during triage; try via authenticated session or PUCT API),False,24INR0380,False,0,Photo BESS 3,ok,41,
False,True,False,0.8134896,False,PUCT case 57477 (Galvani 345 substation filing) — may name developer/owner and confirm exact substation coords for imagery | PUCT Interchange: search FilingParty=Helion BESS once portal access available — IA likely not yet filed but worth confirming,False,27INR0624,False,0,Helion BESS,ok,39,
False,False,False,0.8365774499999997,False,Geolocate GALVANI 345kV substation to establish a site candidate for imagery — check ERCOT nodal network model or PUCT transmission maps | Identify developer/sponsor behind Helion Solar LLC via TX SOS direct entity search (SOSDirect) — no web presence found during triage,False,27INR0623,False,0,Helion Solar,ok,35,
False,False,False,1.3849938000000004,False,"PUCT Interchange manual search for 'GALVANIC BESS' IA filing — blocked during triage (402 on API) | Eclipse Substation (ConEd, 138kV, OSM) adjacent to POI — identify who owns/operates, whether an IA was transferred or originated there",False,23INR0204,False,0,GALVANIC BESS,ok,61,
False,False,False,1.0617718500000004,False,Resolve Downie 138kV substation coordinates via AEP Texas transmission maps or ERCOT bus node lookup — prerequisite for any imagery | Check PUCT Interchange with alternate spellings or developer name if IA ever surfaces (portal was 402-blocked during triage),False,23INR0205,False,0,SUNSETTER BESS,ok,43,
False,False,False,0.8434035000000002,False,"FIS approval: monitor for FIS approved milestone — if approved, rerun triage | Developer identity: 'Adam Bryant BESS LLC' has no traceable parent/sponsor; TX SOS entity search could surface a developer or investor",False,25INR0610,False,0,Adam Bryant BESS,ok,40,
False,False,False,1.1444863499999998,True,"IA claim discrepancy: Fractal sale listing claims 'secured IAs' but queue shows iaSigned=null — verify via PUCT Interchange with authenticated session (FilingParty='EIA Properties' or 'Anawa La Solar') | Teaser PDF (binary): render Anawa-La-PVS-Teaser-2025.pdf to extract site map, parcel number, or coordinates — this is the fastest path to a site candidate for imagery",False,27INR0232,True,0,Anawa La Solar,ok,44,
False,True,False,0.8431782,False,IA not yet signed — PUCT Interchange search when portal accessible (was 402 during triage); IA execution is the key binary for COD plausibility | Developer identity unknown — no web presence found; TX SOS entity search for 'Basketflower Storage LLC' to confirm sponsor and financial backing,False,26INR0467,False,0,Basketflower Storage,ok,38,
False,True,False,0.8288020500000002,True,"PUCT Interchange: IA PDF exists (iaSigned 2024-12-16) but portal blocked during triage — retrieve parties, POI page, and milestone schedule exhibit | Hog Creek Switch (ERCOT node 3704) geolocation: identify substation coordinates to anchor site candidate for imagery",True,25INR0382,False,0,HappyDogSolar,ok,38,
True,True,False,0.95650185,True,"PUCT Interchange controlNumber=35077 item=1761 — fetch IA PDF directly; extract parties, POI, and milestone schedule exhibit | CDSE imagery at lat=31.82 lon=-96.77 (SE of Hubbard TX) — check for panel installation or grading activity; credentials need refresh",True,24INR0106,True,0,Payne Battlecreek,ok,42,
False,True,False,1.1281923,True,"PUCT 35077 IA milestone schedule exhibit — PUCT portal blocked during triage; retrieve PDF to confirm contractual COD and construction milestones | Precise site GPS — gmaps blocked (429), CDSE auth failed; obtain pin and run tight imagery to confirm construction footprint and progress",True,24INR0153,True,0,Lupinus Storage 1,ok,49,
True,True,False,0.8569172999999999,True,IA PDF not retrieved (PUCT interchange 402-blocked) — deep scan should pull Control 35077 Item 1817 for milestone schedule and POI coordinates | Developer is Cobra Industrial Activities (Spanish group) via Sligsol LLC — verify corporate structure and other TX projects for track record,True,24INR0326,True,0,Blarney Solar,ok,42,
False,True,False,0.8321141999999998,True,"PUCT case 35077 IA document: portal blocked (402) during triage — retrieve with authenticated session to get parties, POI, and milestone schedule exhibit | FIS status: not approved as of latest snapshot; confirm whether FIS study is underway or stalled — key gating factor for 2027 COD",True,25INR0304,False,0,Flying Kite Solar,ok,40,
False,True,False,1.1739834,False,PUCT Interchange IA search: portal blocked (402) during triage — if IA was filed post-2026-03 it is not confirmed; check interchange.puc.texas.gov directly for 'Bodkin BESS' filings | Developer identity: LLC incorporated 2025-12-09 with no web presence; parent company unknown — check TX SOS entity filing for registered agent and organizer,False,27INR0611,False,0,Bodkin BESS,ok,57,
False,True,False,1.23837135,False,Locate Reveille 138kV substation coordinates (ERCOT bus 8612) via ERCOT transmission maps or AEP Texas planning docs — this is the only site-candidate lead | PUCT Interchange search for IA filing once portal is accessible — no IA yet means project may not survive to COD,False,25INR0395,False,0,Hinkell BESS,ok,53,
False,False,False,1.0703823000000001,False,Confirm developer identity: verify 'Gransolar Texas Fifteen LLC' via TX SOS — check if entity is active and has any permits or land lease filings in Limestone County | PUCT Interchange search was 402-blocked in this run — retry with authenticated session or Interchange MCP tool for any IA or Docket filings under 'Gransolar' or 'Naduah Solar',False,24INR0127,False,0,Naduah Solar,ok,49,
False,False,False,0.79191315,False,PUCT Interchange blocked (402) — try authenticated session or direct docket search for 'PHOTO BESS 1' or '5885 Downie' to check if IA was filed recently | Developer identity unknown — TX SOS SOSDirect search for 'PHOTO BESS 1 LLC' may surface parent company and development stage,False,24INR0121,False,0,PHOTO BESS 1,ok,40,
False,False,False,0.7183974,False,"FIS approval date when it lands — triggers IA negotiation clock | Pigg Grounds LLC parent chain — Phoenix-based LLC filed Dec 2023, no visible track record; identify whether a recognized developer is behind it",False,27INR0554,False,0,Texas Sun Solar,ok,35,
False,False,False,0.7497415499999999,False,Locate TNOLSEN/TNSYCAMORE substation coordinates via ERCOT GIS shapefiles or OpenInfraMap to establish a site candidate for imagery | Check Bosque CAD parcel records for recent large acreage leases or option filings under Belltown Power or BT Symank Solar,False,27INR0298,False,0,Symank Solar,ok,33,
False,False,False,0.9234112499999999,False,PUCT Interchange IA search — portal blocked from container; try from authenticated session for La Frontera Holdings filings | TCEQ NSR air permit search for Lamar County gas generation — no permit = strong paper-project signal,False,23INR0486,False,0,Lamar Unit 1 Repower,ok,46,
False,True,False,0.9793900500000001,False,PUCT Interchange manual search for IA or FIS study filings — portal blocked during triage (402) | Confirm site: Cistern 345kV substation exact coordinates + verify Bastrop vs Fayette County boundary for site,False,26INR0511,False,0,Little Star Solar,ok,38,
True,True,False,0.9528671999999999,True,PUCT #35077 IA parties/POI page and milestone-schedule exhibit — blocked during triage (auth); pull via authenticated session or PUCT Interchange direct login | Imagery retry: center+north chips at 32.6151/-100.5259 when CDSE auth restored — BESS site may already be visible if FID/NTP taken after IA signing,True,24INR0496,False,0,Indigo Storage,ok,42,
False,False,False,1.1027814000000002,False,PUCT Interchange portal was 402-blocked — try again or use authenticated session to check for IA filing under 'Indigo Storage 4' or 'Innovative Solar 245' | ISS developer portfolio: search ERCOT queue for other 'Innovative Solar' or 'Indigo Storage' INRs to understand if this is a serial-developer pattern or one-off,False,25INR0530,False,0,Indigo Storage 4,ok,49,
False,False,False,1.0717852500000005,False,"FIS approval: check ERCOT GIS queue updates after Jun 2026 for FIS approval date — if approved, IA timeline becomes trackable | PUCT Interchange IA filing: retry with authenticated session or direct docket search for Innovative Solar 245 LLC or Indigo Storage 2 LLC",False,25INR0528,False,0,Indigo Storage 2,ok,54,
False,False,False,0.7702212000000004,False,"PUCT case 35077 (Standard GIA, Lone Star Transmission + Innovative Solar 245): retrieve IA PDF and milestone schedule — CEII may apply | Developer Innovative Solar 245, LLC: check if related Indigo Storage (24INR0496) or Indigo Solar & Storage share site land or IA; co-location could accelerate or indicate paper project",False,25INR0529,False,0,Indigo Storage 3,ok,37,
False,False,False,0.8373555,False,TCEQ air permit search for any NSR/permit for 'Alpha Digital Campus' in Reeves County — absence would confirm paper project | Texas SOS entity search for 'Alpha Digital Campus' LLC to surface developer/sponsor identity,False,28INR0499,False,0,Alpha Digital Campus Combined-cycle and Co-located Load,ok,35,
False,False,False,1.00016385,False,"Confirm $45.4M Colorado County abatement / Reinvestment Zone 26-101 — check Colorado County Commissioners Court minutes or JETI registry directly; if abatement approved it upgrades commitment signal | PUCT Interchange was blocked (402) — retry in a browser session; search docket by 'Adapture' or 'Paloma Energy Center BESS, LLC' as filing party",False,27INR0148,True,0,Paloma Energy Center BESS,ok,47,
False,False,False,0.9350605499999998,False,Resolve site location: geolocate Holmes 138kV (ERCOT node 47210) and Garden Villas 138kV (42680) substations via CenterPoint/HCAD to unlock imagery | Identify developer: TX SOS business search for 'Dori BQ Solar LLC' to surface parent company and any project activity,False,23INR0040,False,0,Dori BQ Solar,ok,37,
False,False,False,0.6832201499999999,False,Attempt PUCT Interchange search for Abei Energy Green VII LLC as filing party — IA existence is the key unknown | Resolve tap location on Lockhart–Luling City 138kV line to enable imagery (ERCOT line-siting data or county parcel search for Abei Energy),False,22INR0473,False,0,TAIN SOLAR,ok,31,
False,False,False,0.8616168000000004,True,"Verify IA status: FIS was requested 2024-12-16 but not approved by 2026-06 — check PUCT Interchange directly for any IA filing under 'Rusk Solar LLC' or 'Zeus Renewable Energy Development' | Developer identity: 'Zeus Renewable Energy Development, LLC' surfaces on CorporationWiki — resolve principals, parent company, and track record",False,25INR0590,False,0,Zeus Rusk Solar,ok,41,
False,True,False,0.8846464499999998,True,PUCT Interchange IA search — portal returned 402 during triage (session required); try direct docket search for 'NET Power' as filing party to confirm no IA filed yet | TCEQ air permit (NSR) — mandatory for gas turbine; no permit = strong paper-project signal; search TCEQ STEERS for NET Power or related LLC in Harris County,False,26INR0345,True,0,NET Power Demonstration plant,ok,44,
False,False,False,1.08067815,False,"Identify who owns the Archer County asset post-sale — is the repower the buyer's plan or an orphaned filing? | PUCT Interchange search when portal accessible — no IA found but portal was blocked (402), not confirmed absent",False,25INR0583,True,0,Shannon Wind Repower,ok,48,
False,False,False,1.1038981499999998,False,"TCEQ air permit (NSR) — mandatory for gas repower; no permit found in triage, could confirm paper-project status if absent after targeted search | imagery at confirmed site (29.7806, -97.9894) — CDSE auth blocked; visual check would distinguish active repower construction from idle existing plant",False,25INR0695,False,0,Hays Energy Unit 4 Repower,ok,53,
False,False,False,0.9550296,False,TCEQ air permit (NSR) search for 'Hays Energy' in Hays County — mandatory for any gas turbine; absence confirms paper project | PUCT Interchange IA search via authenticated session — portal blocked during triage (402),False,22INR0586,False,0,Hays Energy Unit 2 Repower,ok,39,
False,True,False,1.18932405,True,Locate existing Hays Energy plant: EIA-860 download or ERCOT plant registry to get lat/lon; this is a repower so the site EXISTS — missing from all web searches only due to portal rendering failures | TCEQ air permit (NSR mandatory for gas repower): TCEQ Central Registry blocked during triage — check directly for RN/air permit for Hays Energy in Hays County; absence of permit = paper-project flag,False,25INR0694,False,0,Hays Energy Unit 1 Repower,ok,46,
False,False,False,0.83948415,False,TCEQ air permit (NSR) search for Hays County gas turbine — mandatory thermal check; absence would confirm paper-project verdict | PUCT Interchange direct browser access for 'Hays Energy' filing party — 402 blocked this triage,False,21INR0527,False,0,Hays Energy Unit 3 Repower,ok,37,
False,True,False,1.0063915500000002,False,"Resolve site coordinates: USGS USWTDB Borden County filter (eerscmap.usgs.gov/uswtdb) or FAA OE/AAA county search when portal is back online — existing turbine pads are the only reliable anchor for a repower | PUCT Interchange: search FilingParty and Description for 'Stephens Ranch Wind' when session-auth is available — no IA visible yet, but FIS was requested May 2023 so study may be complete",False,25INR0439,False,0,Stephens Ranch Wind Repower ,ok,44,
False,True,False,0.9606115499999999,False,"IA signed but PUCT docket not retrieved — search interchange.puc.texas.gov for 'Cernan BESS' to confirm parties, POI details, and milestone schedule | Developer identity unknown — search TX SOS for 'Cernan BESS LLC' registered agent to identify sponsor/parent company",True,27INR0392,False,0,Cernan BESS,ok,44,
False,True,False,0.8894683500000001,True,"IA exists (signed 2023-10-06) but PDF not retrieved — fetch from PUCT Interchange when portal accessible; extract parties, POI page, and milestone-schedule exhibit | Developer identity unknown — zero press releases or LLC registration hits; deep scan should try TX SOS entity search for 'Damon BESS 2 LLC'",True,23INR0603,False,0,Damon BESS 2,ok,41,
False,False,False,1.0335020999999998,False,"CDSE creds — fix 401/403 before any imagery work on this or other projects | Sibling project 25INR0501 (Longday Solar SLF, 200.8 MW solar) may share site and have more traction — worth parallel triage",False,25INR0502,True,0,Longday BESS SLF,ok,37,
False,False,False,0.9264726000000001,False,"Confirm LLC entity name: 'El Molino Solar, LLC' vs 'El Molino Storage SLF, LLC' — TX SOS search to find registered developer | PUCT Interchange IA search once portal access available — project stuck at FIS-not-approved, IA absent may mean deeper development risk",False,25INR0322,False,0,El Molino Storage SLF,ok,45,
False,True,False,0.8973406499999997,False,IA filing: Riverbend Renewables LLC still pre-IA as of 2026-06 — check PUCT Interchange with authenticated session for any GIA filing under 'Riverbend' or 'Riverbend Renewables' | Developer identity: Riverbend Renewables LLC has no web footprint — Texas SOS SOSDirect lookup may resolve principals and parent company,False,25INR0311,False,0,RIVERBEND STORAGE SLF,ok,36,
False,True,False,0.8135148000000002,True,IA exists (signed 2025-05-06) — retrieve via authenticated PUCT Interchange session; extract milestone schedule and counterparties to confirm developer and COD | Developer identity unknown — no LLC parent surfaced; Texas SOS search on 'Bar Candela Storage SLF LLC' needed,True,24INR0271,False,0,Bar Candela Storage SLF,ok,35,
False,True,False,0.7644531000000001,True,"PUCT docket 35077: retrieve Amendment Three IA PDF (parties page + milestone schedule exhibit) — portal requires session auth, try direct PDF enumeration or alternate access | GulfStar Photon Solar 3/4 facility coords in Wharton County — existing commissioned projects are the most likely repowering site; locate via FAA OE/AAA, county appraisal district, or FERC eLibrary",True,26INR0718,False,0,PHOTON SOLAR REPOWERING,ok,36,
False,True,False,1.1753157,True,"Resolve POI 7425 ODLASW 138 kV to precise coordinates (ERCOT network model, AEP Texas CIM data, or HIFLD) — without a real site fix, imagery is worthless | PUCT Interchange IA search for Turkey Creek Battery / Greenray Solar — PUCT portal was 402-blocked during triage; try authenticated session or scripted access",False,25INR0623,False,0,Turkey Creek Battery Energy Storage System SLF,ok,51,
False,True,False,1.02829335,True,"PUCT Interchange: IA signed 2025-11-21 — retrieve PDF to confirm milestone schedule, capacity MW, and counterparty (JS-rendered portal blocked triage access) | Substation GPS: confirm BRIAR_CRK_8 138kV substation coordinates in Navarro County; re-run imagery at true substation location with full 9-chip grid",True,26INR0131,False,0,Elm Flats Storage SLF,ok,47,
False,True,False,0.9190228499999998,False,"PUCT Interchange IA search once portal accessible — project is pre-IA, IA signing is the key next milestone | CDSE imagery once credentials refreshed — POI site candidate is solid (substation coords), battery pad would be visible on current imagery",False,26INR0389,False,0,AGGIE STORAGE PROJECT SLF,ok,40,
